date,refit_date,monthly_core_scale,monthly_approved_extra,daily_implied_extra,daily_actual_extra,daily_cap_binding,daily_reduction_vs_monthly,daily_total_scale,daily_btc_trend,daily_p_bad,daily_downside_semivol30,daily_downside_scaler
2022-12-09,2022-12-09,1.3453862990342458e-07,0.0,0.0,0.0,False,0.0,1.3453862990342458e-07,-0.562116095058999,0.843049038475409,0.23757468176598726,1.0
2022-12-10,2022-12-09,1.3453862990342458e-07,0.0,0.0,0.0,False,0.0,1.3453862990342458e-07,-0.5226048792364438,0.8430489903020327,0.23757478169563256,1.0
2022-12-11,2022-12-09,1.3453862990342458e-07,0.0,0.0,0.0,False,0.0,1.3453862990342458e-07,-0.49556287414875777,0.8430489776977075,0.2123834916629158,1.0
2022-12-12,2022-12-09,1.3453862990342458e-07,0.0,0.0,0.0,False,0.0,1.3453862990342458e-07,-0.5078789397195858,0.843048888127307,0.20562058778130338,1.0
2022-12-13,2022-12-09,1.3453862990342458e-07,0.0,0.0,0.0,False,0.0,1.3453862990342458e-07,-0.44263654014509424,0.8430308437475689,0.1788152093986221,1.0
2022-12-14,2022-12-09,1.3453862990342458e-07,0.0,0.0,0.0,False,0.0,1.3453862990342458e-07,-0.43183694099059383,0.8430367795215874,0.1788152093986221,1.0
2022-12-15,2022-12-09,1.3453862990342458e-07,0.0,0.0,0.0,False,0.0,1.3453862990342458e-07,-0.49648760308465145,0.8430425477983434,0.19958751678731787,1.0
2022-12-16,2022-12-09,1.3453862990342458e-07,0.0,0.0,0.0,False,0.0,1.3453862990342458e-07,-0.6249413917946023,0.8430487637440479,0.24391467002480116,1.0
2022-12-17,2022-12-09,1.3453862990342458e-07,0.0,0.0,0.0,False,0.0,1.3453862990342458e-07,-0.5406553611985276,0.8430489427430862,0.24391467002480116,1.0
2022-12-18,2022-12-09,1.3453862990342458e-07,0.0,0.0,0.0,False,0.0,1.3453862990342458e-07,-0.5254292965257741,0.8430489384575515,0.2440449869775011,1.0
2022-12-19,2022-12-09,1.3453862990342458e-07,0.0,0.0,0.0,False,0.0,1.3453862990342458e-07,-0.6090137457727973,0.843049220604558,0.25203101556321433,1.0
2022-12-20,2022-12-09,1.3453862990342458e-07,0.0,0.0,0.0,False,0.0,1.3453862990342458e-07,-0.6011686227116901,0.8430490872556424,0.23581673064288045,1.0
2022-12-21,2022-12-09,1.3453862990342458e-07,0.0,0.0,0.0,False,0.0,1.3453862990342458e-07,-0.6020482659439169,0.8430516838635372,0.20984968882644697,1.0
2022-12-22,2022-12-09,1.3453862990342458e-07,0.0,0.0,0.0,False,0.0,1.3453862990342458e-07,-0.6204550214436407,0.8430492377636474,0.20985076408454884,1.0
2022-12-23,2022-12-09,1.3453862990342458e-07,0.0,0.0,0.0,False,0.0,1.3453862990342458e-07,-0.6050668535721873,0.8430504399859857,0.2100399726581715,1.0
2022-12-24,2022-12-09,1.3453862990342458e-07,0.0,0.0,0.0,False,0.0,1.3453862990342458e-07,-0.6111392601201087,0.8430595117279021,0.21003815397043543,1.0
2022-12-25,2022-12-09,1.3453862990342458e-07,0.0,0.0,0.0,False,0.0,1.3453862990342458e-07,-0.6078813220831789,0.8430690845924047,0.2094158134170302,1.0
2022-12-26,2022-12-09,1.3453862990342458e-07,0.0,0.0,0.0,False,0.0,1.3453862990342458e-07,-0.5717337215676769,0.8430563346639661,0.2089836719356486,1.0
2022-12-27,2022-12-09,1.3453862990342458e-07,0.0,0.0,0.0,False,0.0,1.3453862990342458e-07,-0.6225949436923621,0.843049998845494,0.21351252181047486,1.0
2022-12-28,2022-12-09,1.3453862990342458e-07,0.0,0.0,0.0,False,0.0,1.3453862990342458e-07,-0.68473547476494,0.8430489754974098,0.21112172967533296,1.0
2022-12-29,2022-12-09,1.3453862990342458e-07,0.0,0.0,0.0,False,0.0,1.3453862990342458e-07,-0.6621328642274154,0.8430488749458748,0.21112172967533296,1.0
2022-12-30,2022-12-09,1.3453862990342458e-07,0.0,0.0,0.0,False,0.0,1.3453862990342458e-07,-0.6708190436106745,0.8430487193832281,0.21119217660998293,1.0
2022-12-31,2022-12-09,1.3453862990342458e-07,0.0,0.0,0.0,False,0.0,1.3453862990342458e-07,-0.6656315121288808,0.8430484999734864,0.20818506869781647,1.0
2023-01-01,2022-12-09,1.3453862990342458e-07,0.0,0.0,0.0,False,0.0,1.3453862990342458e-07,-0.6499761702066539,0.8430484909287943,0.20818506869781647,1.0
2023-01-02,2022-12-09,1.3453862990342458e-07,0.0,0.0,0.0,False,0.0,1.3453862990342458e-07,-0.698604229842408,0.8430471457053366,0.20377755036648348,1.0
2023-01-03,2022-12-09,1.3453862990342458e-07,0.0,0.0,0.0,False,0.0,1.3453862990342458e-07,-0.7135626940755221,0.843040021284062,0.20377755036648348,1.0
2023-01-04,2022-12-09,1.3453862990342458e-07,0.0,0.0,0.0,False,0.0,1.3453862990342458e-07,-0.5975869038344529,0.8430404448680069,0.20177025256725722,1.0
2023-01-05,2022-12-09,1.3453862990342458e-07,0.0,0.0,0.0,False,0.0,1.3453862990342458e-07,-0.5081589814165647,0.8430409062967641,0.20180667064699606,1.0
2023-01-06,2022-12-09,1.3453862990342458e-07,0.0,0.0,0.0,False,0.0,1.3453862990342458e-07,-0.4834674182352304,0.8430395599932691,0.1950225708555616,1.0
2023-01-07,2022-12-09,1.3453862990342458e-07,0.0,0.0,0.0,False,0.0,1.3453862990342458e-07,-0.4850060310926606,0.843039298351718,0.19502801495321195,1.0
2023-01-08,2023-01-08,0.999999999893296,0.0,0.0,0.0,False,0.0,0.999999999893296,-0.20460440391120718,0.7021660875044752,0.19406055030492275,1.0
2023-01-09,2023-01-08,0.999999999893296,0.0,0.0,0.0,False,0.0,0.999999999893296,-0.4059675887462275,0.7021660875057184,0.19406042796802267,1.0
2023-01-10,2023-01-08,0.999999999893296,0.0,0.0,0.0,False,0.0,0.999999999893296,-0.2816455249035107,0.702166087497354,0.1938673817728725,1.0
2023-01-11,2023-01-08,0.999999999893296,0.0,0.0,0.0,False,0.0,0.999999999893296,-0.08719093618224269,0.7021660887105723,0.1938673817728725,1.0
2023-01-12,2023-01-08,0.999999999893296,0.0,0.0,0.0,False,0.0,0.999999999893296,0.05169633612225369,0.7021661433712252,0.1938673817728725,1.0
2023-01-13,2023-01-08,0.999999999893296,0.0,0.0,0.0,False,0.0,0.999999999893296,0.18885321895887902,0.7072240211988934,0.1938673817728725,1.0
2023-01-14,2023-01-08,0.999999999893296,0.0,0.0,0.0,False,0.0,0.999999999893296,0.2427614141646908,0.7845832719429688,0.17240726194222178,1.0
2023-01-15,2023-01-08,0.999999999893296,0.0,0.0,0.0,False,0.0,0.999999999893296,0.2386405089881449,0.6660554663499105,0.0884045389455253,1.0
2023-01-16,2023-01-08,0.999999999893296,0.0,0.0,0.0,False,0.0,0.999999999893296,0.29528839780653304,0.01598604490126974,0.0884045389455253,1.0
2023-01-17,2023-01-08,0.999999999893296,0.0,0.0,0.0,False,0.0,0.999999999893296,0.2745845526467706,0.014204572831013744,0.08844210689692227,1.0
2023-01-18,2023-01-08,0.999999999893296,0.0,0.0,0.0,False,0.0,0.999999999893296,0.2845782634168234,0.026927540296002753,0.09840323547745855,1.0
2023-01-19,2023-01-08,0.999999999893296,0.0,0.0,0.0,False,0.0,0.999999999893296,0.3343328188646101,0.015123638651646164,0.09840323547745855,1.0
2023-01-20,2023-01-08,0.999999999893296,0.0,0.0,0.0,False,0.0,0.999999999893296,0.39471214247451875,0.012983484367793542,0.09730419302941729,1.0
2023-01-21,2023-01-08,0.999999999893296,0.0,0.0,0.0,False,0.0,0.999999999893296,0.40952092164209086,0.0130170569289518,0.09730187405591813,1.0
2023-01-22,2023-01-08,0.999999999893296,0.0,0.0,0.0,False,0.0,0.999999999893296,0.42690422624994073,0.013332503605378012,0.0975851536445721,1.0
2023-01-23,2023-01-08,0.999999999893296,0.0,0.0,0.0,False,0.0,0.999999999893296,0.4361277404072966,0.02474361709989452,0.0975851536445721,1.0
2023-01-24,2023-01-08,0.999999999893296,0.0,0.0,0.0,False,0.0,0.999999999893296,0.3971549271602599,0.7838036991888733,0.10680959054019121,1.0
2023-01-25,2023-01-08,0.999999999893296,0.0,0.0,0.0,False,0.0,0.999999999893296,0.39336085016939737,0.7845904934102427,0.10680959054019121,1.0
2023-01-26,2023-01-08,0.999999999893296,0.0,0.0,0.0,False,0.0,0.999999999893296,0.3774827382080697,0.7845905104346076,0.09754616213070376,1.0
2023-01-27,2023-01-08,0.999999999893296,0.0,0.0,0.0,False,0.0,0.999999999893296,0.40268088051627693,0.7845791075200826,0.09166197331594354,1.0
2023-01-28,2023-01-08,0.999999999893296,0.0,0.0,0.0,False,0.0,0.999999999893296,0.39505308187178595,0.7845904895008208,0.09199349589487121,1.0
2023-01-29,2023-01-08,0.999999999893296,0.0,0.0,0.0,False,0.0,0.999999999893296,0.4463035997170891,0.7845898592454559,0.09183165340339805,1.0
2023-01-30,2023-01-08,0.999999999893296,0.0,0.0,0.0,False,0.0,0.999999999893296,0.3990002740376163,0.7845905775240036,0.1645783085298297,1.0
2023-01-31,2023-01-08,0.999999999893296,0.0,0.0,0.0,False,0.0,0.999999999893296,0.3923658047244454,0.7845905783623743,0.16457830852982966,1.0
2023-02-01,2023-01-08,0.999999999893296,0.0,0.0,0.0,False,0.0,0.999999999893296,0.3778493887867451,0.7845905776815718,0.16457830852982966,1.0
2023-02-02,2023-01-08,0.999999999893296,0.0,0.0,0.0,False,0.0,0.999999999893296,0.36467063204667655,0.784590577635987,0.16847083819470712,1.0
2023-02-03,2023-01-08,0.999999999893296,0.0,0.0,0.0,False,0.0,0.999999999893296,0.3681522620203229,0.7845905681584435,0.16868415737528836,1.0
2023-02-04,2023-01-08,0.999999999893296,0.0,0.0,0.0,False,0.0,0.999999999893296,0.3791326106886647,0.7845905668746463,0.16936745406774395,1.0
2023-02-05,2023-01-08,0.999999999893296,0.0,0.0,0.0,False,0.0,0.999999999893296,0.3552449553394344,0.7845899073306295,0.17948425696914985,1.0
2023-02-06,2023-01-08,0.999999999893296,0.0,0.0,0.0,False,0.0,0.999999999893296,0.347430694232409,0.7845901722976476,0.18135365219843005,1.0
2023-02-07,2023-02-07,0.999999924474696,0.0,0.0,0.0,False,0.0,0.999999924474696,0.4549193997523553,0.46440326831776924,0.18135365219843005,1.0
2023-02-08,2023-02-07,0.999999924474696,0.0,0.0,0.0,False,0.0,0.999999924474696,0.5215014429933212,0.4645581723067706,0.1861295640081679,1.0
2023-02-09,2023-02-07,0.999999924474696,0.0,0.0,0.0,False,0.0,0.999999924474696,0.273695724813564,0.471629571862596,0.2602353237711986,1.0
2023-02-10,2023-02-07,0.999999924474696,0.0,0.0,0.0,False,0.0,0.999999924474696,0.217173325711526,0.48055743937570067,0.2616841846322697,1.0
2023-02-11,2023-02-07,0.999999924474696,0.0,0.0,0.0,False,0.0,0.999999924474696,0.32125264186688507,0.5250267925566549,0.2616841846322697,1.0
2023-02-12,2023-02-07,0.999999924474696,0.0,0.0,0.0,False,0.0,0.999999924474696,0.29879421027073816,0.7256063899822899,0.26198872570791504,1.0
2023-02-13,2023-02-07,0.999999924474696,0.0,0.0,0.0,False,0.0,0.999999924474696,0.3655404743918251,0.8110682531569805,0.26199320916571484,1.0
2023-02-14,2023-02-07,0.999999924474696,0.0,0.0,0.0,False,0.0,0.999999924474696,0.3487306605547673,0.8199315989691424,0.2616235016858423,1.0
2023-02-15,2023-02-07,0.999999924474696,0.0,0.0,0.0,False,0.0,0.999999924474696,0.5976340391968122,0.8174837233646054,0.2616235016858423,1.0
2023-02-16,2023-02-07,0.999999924474696,0.0,0.0,0.0,False,0.0,0.999999924474696,0.5140271739682608,0.8148799488039215,0.2867115790653923,1.0
2023-02-17,2023-02-07,0.999999924474696,0.0,0.0,0.0,False,0.0,0.999999924474696,0.6364000592368139,0.7946945000442688,0.27637051570876486,1.0
2023-02-18,2023-02-07,0.999999924474696,0.0,0.0,0.0,False,0.0,0.999999924474696,0.5778812241118771,0.7999583590869033,0.27637051570876486,1.0
2023-02-19,2023-02-07,0.999999924474696,0.0,0.0,0.0,False,0.0,0.999999924474696,0.5805071625290128,0.48472883811023015,0.2811063894445222,1.0
2023-02-20,2023-02-07,0.999999924474696,0.0,0.0,0.0,False,0.0,0.999999924474696,0.600234376312258,0.4646965374419039,0.2811063894445222,1.0
2023-02-21,2023-02-07,0.999999924474696,0.0,0.0,0.0,False,0.0,0.999999924474696,0.5598859211209796,0.4653277452284958,0.2862396818961558,1.0
2023-02-22,2023-02-07,0.999999924474696,0.0,0.0,0.0,False,0.0,0.999999924474696,0.5292167444704501,0.48435934645966244,0.2888469597529268,1.0
2023-02-23,2023-02-07,0.999999924474696,0.0,0.0,0.0,False,0.0,0.999999924474696,0.49546444266379563,0.5466335848380176,0.2877104715995606,1.0
2023-02-24,2023-02-07,0.999999924474696,0.0,0.0,0.0,False,0.0,0.999999924474696,0.4362994929802738,0.7167079096267425,0.30865506655589553,1.0
2023-02-25,2023-02-07,0.999999924474696,0.0,0.0,0.0,False,0.0,0.999999924474696,0.44790025012117846,0.8103265925087773,0.3085865811461257,1.0
2023-02-26,2023-02-07,0.999999924474696,0.0,0.0,0.0,False,0.0,0.999999924474696,0.5127476678436784,0.8184699152402697,0.3085865811461257,1.0
2023-02-27,2023-02-07,0.999999924474696,0.0,0.0,0.0,False,0.0,0.999999924474696,0.49112411321218047,0.8224889446515654,0.308628248196119,1.0
2023-02-28,2023-02-07,0.999999924474696,0.0,0.0,0.0,False,0.0,0.999999924474696,0.4682558506615643,0.822795370316358,0.31305115797034244,1.0
2023-03-01,2023-02-07,0.999999924474696,0.0,0.0,0.0,False,0.0,0.999999924474696,0.5503299940308753,0.7926763908234775,0.2813547408812817,1.0
2023-03-02,2023-02-07,0.999999924474696,0.0,0.0,0.0,False,0.0,0.999999924474696,0.5544884587922887,0.7597516927253283,0.28239716053091235,1.0
2023-03-03,2023-02-07,0.999999924474696,0.0,0.0,0.0,False,0.0,0.999999924474696,0.3955895391634504,0.7974169775108125,0.329197292756372,1.0
2023-03-04,2023-02-07,0.999999924474696,0.0,0.0,0.0,False,0.0,0.999999924474696,0.32585791522898694,0.8185608214687073,0.327224577764268,1.0
2023-03-05,2023-02-07,0.999999924474696,0.0,0.0,0.0,False,0.0,0.999999924474696,0.3290237503161634,0.8224951780366254,0.3271146628716291,1.0
2023-03-06,2023-02-07,0.999999924474696,0.0,0.0,0.0,False,0.0,0.999999924474696,0.3229359347288419,0.822950774976232,0.32675408363372505,1.0
2023-03-07,2023-02-07,0.999999924474696,0.0,0.0,0.0,False,0.0,0.999999924474696,0.2168583540164576,0.8228848406032554,0.32301486547754726,1.0
2023-03-08,2023-02-07,0.999999924474696,0.0,0.0,0.0,False,0.0,0.999999924474696,0.30423324837451676,0.816836033711335,0.33134139476114927,1.0
2023-03-09,2023-03-09,0.9999999999998558,0.09392675904297297,0.09392675904297297,0.09392675904297297,False,0.0,1.0939267590428288,0.27655414900949415,0.3207351299600394,0.3992965315400979,1.0
2023-03-10,2023-03-09,0.9999999999998558,0.09392675904297297,0.054035774506624584,0.054035774506624584,True,0.03989098453634839,1.0540357745064803,0.1591007481468905,0.32073512996009546,0.39875985938018815,1.0
2023-03-11,2023-03-09,0.9999999999998558,0.09392675904297297,0.06813171702111145,0.06813171702111145,True,0.025795042021861517,1.0681317170209672,0.20060427095934827,0.32073512996223197,0.3548678857159063,1.0
2023-03-12,2023-03-09,0.9999999999998558,0.09392675904297297,0.11495389727526477,0.09392675904297297,False,0.0,1.0939267590428288,0.33846560405358117,0.320735129959812,0.35380083036098464,1.0
2023-03-13,2023-03-09,0.9999999999998558,0.09392675904297297,0.1810197411210174,0.09392675904297297,False,0.0,1.0939267590428288,0.5329872016208075,0.3207351299598241,0.35380083036098464,1.0
2023-03-14,2023-03-09,0.9999999999998558,0.09392675904297297,0.19627882220884071,0.09392675904297297,False,0.0,1.0939267590428288,0.5779154225868881,0.32073512995984904,0.35357537761094304,1.0
2023-03-15,2023-03-09,0.9999999999998558,0.09392675904297297,0.15990085014747044,0.09392675904297297,False,0.0,1.0939267590428288,0.47080559351762197,0.3207351299598125,0.3577977511564016,1.0
2023-03-16,2023-03-09,0.9999999999998558,0.09392675904297297,0.18582163936608023,0.09392675904297297,False,0.0,1.0939267590428288,0.5471257165267989,0.32073512995992226,0.3577977511564016,1.0
2023-03-17,2023-03-09,0.9999999999998558,0.09392675904297297,0.23481074040608138,0.09392675904297297,False,0.0,1.0939267590428288,0.6913672435089642,0.3207351299598074,0.3577977511564016,1.0
2023-03-18,2023-03-09,0.9999999999998558,0.09392675904297297,0.22314539175701922,0.09392675904297297,False,0.0,1.0939267590428288,0.6570202629316446,0.3207351299598048,0.34368164757073916,1.0
2023-03-19,2023-03-09,0.9999999999998558,0.09392675904297297,0.2490302728878807,0.09392675904297297,False,0.0,1.0939267590428288,0.7332346596200228,0.32073512995980485,0.34368164757073916,1.0
2023-03-20,2023-03-09,0.9999999999998558,0.09392675904297297,0.24757143849694996,0.09392675904297297,False,0.0,1.0939267590428288,0.7289393266644305,0.3207351299598074,0.34517293853141506,1.0
2023-03-21,2023-03-09,0.9999999999998558,0.09392675904297297,0.24240385732996295,0.09392675904297297,False,0.0,1.0939267590428288,0.7137241097589083,0.320735129959823,0.34132714111392504,1.0
2023-03-22,2023-03-09,0.9999999999998558,0.09392675904297297,0.2344512186524029,0.09392675904297297,False,0.0,1.0939267590428288,0.6903086822038345,0.3207351299598052,0.3579138993964057,1.0
2023-03-23,2023-03-09,0.9999999999998558,0.09392675904297297,0.2588632405241157,0.09392675904297297,False,0.0,1.0939267590428288,0.7621864516820912,0.3207351299598071,0.35363166095705567,1.0
2023-03-24,2023-03-09,0.9999999999998558,0.09392675904297297,0.2287570785079178,0.09392675904297297,False,0.0,1.0939267590428288,0.6735430863497534,0.3207351299598071,0.3669207493962901,1.0
2023-03-25,2023-03-09,0.9999999999998558,0.09392675904297297,0.22386954927221547,0.09392675904297297,False,0.0,1.0939267590428288,0.6591524430196908,0.32073512995982983,0.3652396066171653,1.0
2023-03-26,2023-03-09,0.9999999999998558,0.09392675904297297,0.23057106110761147,0.09392675904297297,False,0.0,1.0939267590428288,0.6788841033218064,0.3207351299598318,0.3477201972840791,1.0
2023-03-27,2023-03-09,0.9999999999998558,0.09392675904297297,0.21548711120722233,0.09392675904297297,False,0.0,1.0939267590428288,0.634471531541027,0.3207351299629171,0.36371875805564313,1.0
2023-03-28,2023-03-09,0.9999999999998558,0.09392675904297297,0.22358717366562422,0.09392675904297297,False,0.0,1.0939267590428288,0.6583210277158132,0.32073512996718906,0.36371875805564313,1.0
2023-03-29,2023-03-09,0.9999999999998558,0.09392675904297297,0.24593377859069793,0.09392675904297297,False,0.0,1.0939267590428288,0.7241174670972711,0.32073512996017395,0.36359968578864543,1.0
2023-03-30,2023-03-09,0.9999999999998558,0.09392675904297297,0.2357625247613994,0.09392675904297297,False,0.0,1.0939267590428288,0.6941696388557025,0.32073512996033665,0.36197202320448074,1.0
2023-03-31,2023-03-09,0.9999999999998558,0.09392675904297297,0.25232349407681126,0.09392675904297297,False,0.0,1.0939267590428288,0.7429310868447025,0.32073512996083503,0.36197202320448074,1.0
2023-04-01,2023-03-09,0.9999999999998558,0.09392675904297297,0.24935350323249433,0.09392675904297297,False,0.0,1.0939267590428288,0.7341863659797451,0.3207351299700557,0.3611626722182731,1.0
2023-04-02,2023-03-09,0.9999999999998558,0.09392675904297297,0.22958027628982383,0.09392675904297297,False,0.0,1.0939267590428288,0.6759668765944457,0.3207351299624013,0.3209565218861121,1.0
2023-04-03,2023-03-09,0.9999999999998558,0.09392675904297297,0.22248584186399706,0.09392675904297297,False,0.0,1.0939267590428288,0.6550783109426254,0.32073512999124976,0.32428364047462555,1.0
2023-04-04,2023-03-09,0.9999999999998558,0.09392675904297297,0.23228401369482432,0.09392675904297297,False,0.0,1.0939267590428288,0.6839276516426152,0.3207351299894399,0.32428364047462555,1.0
2023-04-05,2023-03-09,0.9999999999998558,0.09392675904297297,0.22352688545392913,0.09392675904297297,False,0.0,1.0939267590428288,0.6581435175843874,0.32073513000827075,0.324268351723124,1.0
2023-04-06,2023-03-09,0.9999999999998558,0.09392675904297297,0.20632487699560376,0.09392675904297297,False,0.0,1.0939267590428288,0.6074946198370492,0.3207351299639588,0.3230109619117354,1.0
2023-04-07,2023-03-09,0.9999999999998558,0.09392675904297297,0.20498078190990393,0.09392675904297297,False,0.0,1.0939267590428288,0.6035371206529679,0.32073512996802966,0.3137892128906075,1.0
2023-04-08,2023-04-08,1.0,0.19941999369369875,0.19941999369369875,0.19941999369369875,False,0.0,1.1994199936936987,0.5379077638494829,0.2585346146834931,0.22093680071191935,1.0
2023-04-09,2023-04-08,1.0,0.19941999369369875,0.21848118335070082,0.19941999369369875,False,0.0,1.1994199936936987,0.5893226782461327,0.25853461468370176,0.21791350835526885,1.0
2023-04-10,2023-04-08,1.0,0.19941999369369875,0.25809749624318,0.19941999369369875,False,0.0,1.1994199936936987,0.6961821855856718,0.2585346146826428,0.21791350835526885,1.0
2023-04-11,2023-04-08,1.0,0.19941999369369875,0.2830575531998797,0.19941999369369875,False,0.0,1.1994199936936987,0.763508476066559,0.2585346146826428,0.21791350835526885,1.0
2023-04-12,2023-04-08,1.0,0.19941999369369875,0.26555247429048434,0.19941999369369875,False,0.0,1.1994199936936987,0.7162909545055686,0.25853461468381594,0.22091025293511085,1.0
2023-04-13,2023-04-08,1.0,0.19941999369369875,0.2891148984191924,0.19941999369369875,False,0.0,1.1994199936936987,0.7798473243541241,0.2585346146859201,0.22091025293511085,1.0
2023-04-14,2023-04-08,1.0,0.19941999369369875,0.2955696841005384,0.19941999369369875,False,0.0,1.1994199936936987,0.7972582131525144,0.25853461469704225,0.21399838205253904,1.0
2023-04-15,2023-04-08,1.0,0.19941999369369875,0.2892068618591956,0.19941999369369875,False,0.0,1.1994199936936987,0.7800953830742396,0.25853461478140166,0.21490590507429835,1.0
2023-04-16,2023-04-08,1.0,0.19941999369369875,0.30579314783922323,0.19941999369369875,False,0.0,1.1994199936936987,0.8248533486231266,0.25855147863638156,0.21490590507429835,1.0
2023-04-17,2023-04-08,1.0,0.19941999369369875,0.2902544632656645,0.19941999369369875,False,0.0,1.1994199936936987,0.7829459929237599,0.25855814861056875,0.22954013521771277,1.0
2023-04-18,2023-04-08,1.0,0.19941999369369875,0.29021802141150044,0.19941999369369875,False,0.0,1.1994199936936987,0.7828230593460441,0.2585348171681524,0.22954013521771277,1.0
2023-04-19,2023-04-08,1.0,0.19941999369369875,0.2413337309809654,0.19941999369369875,False,0.0,1.1994199936936987,0.6509643070500191,0.2585346742754002,0.29410649921163384,1.0
2023-04-20,2023-04-08,1.0,0.19941999369369875,0.21486368241022566,0.19941999369369875,False,0.0,1.1994199936936987,0.5795652740339529,0.25853500188267586,0.3017955077001347,1.0
2023-04-21,2023-04-08,1.0,0.19941999369369875,0.17182422020729757,0.17182422020729757,True,0.027595773486401187,1.1718242202072975,0.46347233999720877,0.25853516864314985,0.30770279454026994,1.0
2023-04-22,2023-04-08,1.0,0.19941999369369875,0.20188225248742,0.19941999369369875,False,0.0,1.1994199936936987,0.5445498959555439,0.2585353372139794,0.30770279454026994,1.0
2023-04-23,2023-04-08,1.0,0.19941999369369875,0.2148099936217061,0.19941999369369875,False,0.0,1.1994199936936987,0.5794210226143393,0.2585357270867166,0.29054705880712706,1.0
2023-04-24,2023-04-08,1.0,0.19941999369369875,0.20942374492738458,0.19941999369369875,False,0.0,1.1994199936936987,0.5648922489457776,0.25853560455743985,0.2907220907247634,1.0
2023-04-25,2023-04-08,1.0,0.19941999369369875,0.24813036007320688,0.19941999369369875,False,0.0,1.1994199936936987,0.669297277588216,0.2585346799337539,0.2907220907247634,1.0
2023-04-26,2023-04-08,1.0,0.19941999369369875,0.2501270479951682,0.19941999369369875,False,0.0,1.1994199936936987,0.6746831102460917,0.25853472779558995,0.2704057845548176,1.0
2023-04-27,2023-04-08,1.0,0.19941999369369875,0.28114397234127925,0.19941999369369875,False,0.0,1.1994199936936987,0.7583468673760374,0.2585346246261477,0.2704057845548176,1.0
2023-04-28,2023-04-08,1.0,0.19941999369369875,0.2753499675620547,0.19941999369369875,False,0.0,1.1994199936936987,0.7427185068500511,0.25853478801856317,0.27108054618753863,1.0
2023-04-29,2023-04-08,1.0,0.19941999369369875,0.2694840476146569,0.19941999369369875,False,0.0,1.1994199936936987,0.7268960724231059,0.2585348639556337,0.26834634357118614,1.0
2023-04-30,2023-04-08,1.0,0.19941999369369875,0.2444553972001433,0.19941999369369875,False,0.0,1.1994199936936987,0.659384682239046,0.2585348013543294,0.26834634357118614,1.0
2023-05-01,2023-04-08,1.0,0.19941999369369875,0.2041933680653876,0.19941999369369875,False,0.0,1.1994199936936987,0.5507836119294398,0.2585350629802451,0.3035253834392464,1.0
2023-05-02,2023-04-08,1.0,0.19941999369369875,0.2335961006509897,0.19941999369369875,False,0.0,1.1994199936936987,0.6300930798403526,0.25853462567728486,0.30154658673636536,1.0
2023-05-03,2023-04-08,1.0,0.19941999369369875,0.2370857992421164,0.19941999369369875,False,0.0,1.1994199936936987,0.6395060507356258,0.25853461755554663,0.2979632242672578,1.0
2023-05-04,2023-04-08,1.0,0.19941999369369875,0.23677555988648027,0.19941999369369875,False,0.0,1.1994199936936987,0.6386692220722603,0.2585346163441989,0.29882403783449674,1.0
2023-05-05,2023-04-08,1.0,0.19941999369369875,0.25336740729479756,0.19941999369369875,False,0.0,1.1994199936936987,0.6834234278879794,0.2585346157131526,0.29882403783449674,1.0
2023-05-06,2023-04-08,1.0,0.19941999369369875,0.23763923792522784,0.19941999369369875,False,0.0,1.1994199936936987,0.6409988726349162,0.2585346150504813,0.3085245636919954,1.0
2023-05-07,2023-04-08,1.0,0.19941999369369875,0.22857454259815296,0.19941999369369875,False,0.0,1.1994199936936987,0.6165481152317123,0.258534615705541,0.3122943739645662,1.0
2023-05-08,2023-05-08,0.9999999999998659,0.26166952129001264,0.26166952129001264,0.26166952129001264,False,0.0,1.2616695212898785,0.5452178766331364,0.040128607279384644,0.32633070146964266,1.0
2023-05-09,2023-05-08,0.9999999999998659,0.26166952129001264,0.28080811954556156,0.26166952129001264,False,0.0,1.2616695212898785,0.5850952985474841,0.04012860727927304,0.3263707375891047,1.0
2023-05-10,2023-05-08,0.9999999999998659,0.26166952129001264,0.28288977956734,0.26166952129001264,False,0.0,1.2616695212898785,0.5894326713194143,0.04012860727890777,0.3263920388734487,1.0
2023-05-11,2023-05-08,0.9999999999998659,0.26166952129001264,0.29272267856919126,0.26166952129001264,False,0.0,1.2616695212898785,0.6099206222605322,0.04012860727915332,0.33618753499670123,1.0
2023-05-12,2023-05-08,0.9999999999998659,0.26166952129001264,0.23375874010864092,0.23375874010864092,True,0.02791078118137172,1.2337587401085068,0.48706262501893804,0.040128607283090624,0.33498430102336724,1.0
2023-05-13,2023-05-08,0.9999999999998659,0.26166952129001264,0.2240251505232378,0.2240251505232378,True,0.03764437076677485,1.2240251505231037,0.46678159641614236,0.04012860728332479,0.334994154216123,1.0
2023-05-14,2023-05-08,0.9999999999998659,0.26166952129001264,0.2316734624234603,0.2316734624234603,True,0.02999605886655235,1.231673462423326,0.4827177144394649,0.04012860728560115,0.334994154216123,1.0
2023-05-15,2023-05-08,0.9999999999998659,0.26166952129001264,0.20823685438536796,0.20823685438536796,True,0.05343266690464468,1.2082368543852338,0.4338849057625631,0.040128607288669245,0.33441268343810876,1.0
2023-05-16,2023-05-08,0.9999999999998659,0.26166952129001264,0.14416110608023805,0.14416110608023805,True,0.11750841520977459,1.144161106080104,0.30037587809390554,0.0401286082288577,0.33482022799606437,1.0
2023-05-17,2023-05-08,0.9999999999998659,0.26166952129001264,0.15722435351127398,0.15722435351127398,True,0.10444516777873866,1.15722435351114,0.32759462313158155,0.04012860767789035,0.318866287295269,1.0
2023-05-18,2023-05-08,0.9999999999998659,0.26166952129001264,0.11054483830856339,0.11054483830856339,True,0.15112468298144927,1.1105448383084293,0.23033260501847763,0.04012861488111673,0.3276080875539531,1.0
2023-05-19,2023-05-08,0.9999999999998659,0.26166952129001264,0.12057230180288041,0.12057230180288041,True,0.14109721948713222,1.1205723018027463,0.25122595145058657,0.04012860847621725,0.2692393307273799,1.0
2023-05-20,2023-05-08,0.9999999999998659,0.26166952129001264,0.094887181452254,0.094887181452254,True,0.16678233983775864,1.09488718145212,0.19770811417414375,0.040128607279353315,0.260591484168359,1.0
2023-05-21,2023-05-08,0.9999999999998659,0.26166952129001264,0.10943648669207555,0.10943648669207555,True,0.15223303459793708,1.1094364866919415,0.22802322795259797,0.040128607294117616,0.23413715232814702,1.0
2023-05-22,2023-05-08,0.9999999999998659,0.26166952129001264,0.07892263182873548,0.07892263182873548,True,0.18274688946127715,1.0789226318286014,0.164444179577402,0.04012860739060103,0.23413715232814702,1.0
2023-05-23,2023-05-08,0.9999999999998659,0.26166952129001264,0.11789825817696602,0.11789825817696602,True,0.1437712631130466,1.117898258176832,0.24565428050330299,0.040128607281640305,0.2323977777732991,1.0
2023-05-24,2023-05-08,0.9999999999998659,0.26166952129001264,0.06734148463215643,0.06734148463215643,True,0.1943280366578562,1.0673414846320224,0.14031355691430727,0.04012860748326087,0.2595595985220449,1.0
2023-05-25,2023-05-08,0.9999999999998659,0.26166952129001264,0.050623177618400884,0.050623177618400884,True,0.21104634367161176,1.0506231776182668,0.10547908398341874,0.04012860736714728,0.2595595985220449,1.0
2023-05-26,2023-05-08,0.9999999999998659,0.26166952129001264,0.08898213209880587,0.08898213209880587,True,0.17268738919120677,1.0889821320986717,0.18540427977942564,0.04012860755245364,0.2595595985220449,1.0
2023-05-27,2023-05-08,0.9999999999998659,0.26166952129001264,0.09825743507656488,0.09825743507656488,True,0.16341208621344777,1.0982574350764307,0.20473041677908443,0.04012860792844331,0.2595595985220449,1.0
2023-05-28,2023-05-08,0.9999999999998659,0.26166952129001264,0.19388061868025475,0.19388061868025475,True,0.0677889026097579,1.1938806186801205,0.4039720740843576,0.04012860730680833,0.2588548067629754,1.0
2023-05-29,2023-05-08,0.9999999999998659,0.26166952129001264,0.16771920795462936,0.16771920795462936,True,0.09395031333538328,1.1677192079544954,0.3494618325556811,0.04012860730416943,0.2619155086353151,1.0
2023-05-30,2023-05-08,0.9999999999998659,0.26166952129001264,0.16988388360082027,0.16988388360082027,True,0.09178563768919237,1.1698838836006862,0.35397218608387104,0.04012862999033741,0.26196884121981606,1.0
2023-05-31,2023-05-08,0.9999999999998659,0.26166952129001264,0.14323552940427117,0.14323552940427117,True,0.11843399188574147,1.143235529404137,0.2984474772483102,0.040129065757870154,0.22867048531339468,1.0
2023-06-01,2023-05-08,0.9999999999998659,0.26166952129001264,0.105481876746039,0.105481876746039,True,0.15618764454397366,1.105481876745905,0.21988802828898296,0.04058554195218143,0.2342171420015991,1.0
2023-06-02,2023-05-08,0.9999999999998659,0.26166952129001264,0.15878904677468636,0.15878904677468636,True,0.10288047451532628,1.1587890467745523,0.33108408229256153,0.04079322886702328,0.2342171420015991,1.0
2023-06-03,2023-05-08,0.9999999999998659,0.26166952129001264,0.13206648483953623,0.13206648483953623,True,0.1296030364504764,1.1320664848394022,0.2753863479403417,0.040863965644757215,0.23417909128286657,1.0
2023-06-04,2023-05-08,0.9999999999998659,0.26166952129001264,0.13345170705494713,0.13345170705494713,True,0.1282178142350655,1.133451707054813,0.278333624738087,0.04106658201627119,0.23417909128286657,1.0
2023-06-05,2023-05-08,0.9999999999998659,0.26166952129001264,0.04109790275879732,0.04109790275879732,True,0.22057161853121532,1.041097902758663,0.0929383655900253,0.11558800291172337,0.28671590955932325,1.0
2023-06-06,2023-05-08,0.9999999999998659,0.26166952129001264,0.15258450882426514,0.15258450882426514,True,0.1090850124657475,1.152584508824131,0.3179516731985671,0.040203139745875194,0.28215751960966506,1.0
2023-06-07,2023-06-07,0.9999330163645169,0.0,0.0,0.0,False,0.0,0.9999330163645169,0.20586003683840381,0.585761645799171,0.2900118775093503,1.0
2023-06-08,2023-06-07,0.9999330163645169,0.0,0.0,0.0,False,0.0,0.9999330163645169,0.2200740197800045,0.5857911268450073,0.28996682131532087,1.0
2023-06-09,2023-06-07,0.9999330163645169,0.0,0.0,0.0,False,0.0,0.9999330163645169,0.19022043487047846,0.5858079726235196,0.2899557812069418,1.0
2023-06-10,2023-06-07,0.9999330163645169,0.0,0.0,0.0,False,0.0,0.9999330163645169,0.11304824666145627,0.5855856794530648,0.2911871640083222,1.0
2023-06-11,2023-06-07,0.9999330163645169,0.0,0.0,0.0,False,0.0,0.9999330163645169,0.12300384819085833,0.5854676843092045,0.29031448208813315,1.0
2023-06-12,2023-06-07,0.9999330163645169,0.0,0.0,0.0,False,0.0,0.9999330163645169,0.0969159877685907,0.537774826798102,0.2903160460715664,1.0
2023-06-13,2023-06-07,0.9999330163645169,0.0,0.0,0.0,False,0.0,0.9999330163645169,0.13431662660983873,0.40328103125620224,0.2903160460715664,1.0
2023-06-14,2023-06-07,0.9999330163645169,0.0,0.0,0.0,False,0.0,0.9999330163645169,0.012174247302122493,0.3337687098622224,0.31048375764884156,1.0
2023-06-15,2023-06-07,0.9999330163645169,0.0,0.0,0.0,False,0.0,0.9999330163645169,-0.015566561454962324,0.3288317400013643,0.3100442251239084,1.0
2023-06-16,2023-06-07,0.9999330163645169,0.0,0.0,0.0,False,0.0,0.9999330163645169,0.1397477064589688,0.32854539774021946,0.3100442251239084,1.0
2023-06-17,2023-06-07,0.9999330163645169,0.0,0.0,0.0,False,0.0,0.9999330163645169,0.03566577439863694,0.3285571630554381,0.3007924062794724,1.0
2023-06-18,2023-06-07,0.9999330163645169,0.0,0.0,0.0,False,0.0,0.9999330163645169,0.06687868663525255,0.3286323936717276,0.30169839905491447,1.0
2023-06-19,2023-06-07,0.9999330163645169,0.0,0.0,0.0,False,0.0,0.9999330163645169,0.18311226745457782,0.32853016262879386,0.30169839905491447,1.0
2023-06-20,2023-06-07,0.9999330163645169,0.0,0.0,0.0,False,0.0,0.9999330163645169,0.4455702191161632,0.32839868900976993,0.29817950314028613,1.0
2023-06-21,2023-06-07,0.9999330163645169,0.0,0.0,0.0,False,0.0,0.9999330163645169,0.6236743025468738,0.32839020439405364,0.29817950314028613,1.0
2023-06-22,2023-06-07,0.9999330163645169,0.0,0.0,0.0,False,0.0,0.9999330163645169,0.6092296162332024,0.32838971737887257,0.29844964735511936,1.0
2023-06-23,2023-06-07,0.9999330163645169,0.0,0.0,0.0,False,0.0,0.9999330163645169,0.6784978160549466,0.3283885852733193,0.27496907695508654,1.0
2023-06-24,2023-06-07,0.9999330163645169,0.0,0.0,0.0,False,0.0,0.9999330163645169,0.659051577298136,0.3283883406806374,0.27558105683898804,1.0
2023-06-25,2023-06-07,0.9999330163645169,0.0,0.0,0.0,False,0.0,0.9999330163645169,0.6724756522886266,0.32838894485509174,0.27568062107614205,1.0
2023-06-26,2023-06-07,0.9999330163645169,0.0,0.0,0.0,False,0.0,0.9999330163645169,0.5779552725955308,0.3283896151669133,0.27658607825863385,1.0
2023-06-27,2023-06-07,0.9999330163645169,0.0,0.0,0.0,False,0.0,0.9999330163645169,0.6446651403576158,0.32838869005399435,0.27658607825863385,1.0
2023-06-28,2023-06-07,0.9999330163645169,0.0,0.0,0.0,False,0.0,0.9999330163645169,0.6017322988087989,0.328388208880098,0.2824842197046256,1.0
2023-06-29,2023-06-07,0.9999330163645169,0.0,0.0,0.0,False,0.0,0.9999330163645169,0.6237522242278439,0.3283880673705586,0.2824347610967422,1.0
2023-06-30,2023-06-07,0.9999330163645169,0.0,0.0,0.0,False,0.0,0.9999330163645169,0.6986702603787361,0.3283876928888744,0.27565663900548404,1.0
2023-07-01,2023-06-07,0.9999330163645169,0.0,0.0,0.0,False,0.0,0.9999330163645169,0.7025111996665818,0.3283873382849561,0.2709595982316662,1.0
2023-07-02,2023-06-07,0.9999330163645169,0.0,0.0,0.0,False,0.0,0.9999330163645169,0.6742207288486812,0.328387677149093,0.2709595982316662,1.0
2023-07-03,2023-06-07,0.9999330163645169,0.0,0.0,0.0,False,0.0,0.9999330163645169,0.7161147623526437,0.32838778989328765,0.27004296716489673,1.0
2023-07-04,2023-06-07,0.9999330163645169,0.0,0.0,0.0,False,0.0,0.9999330163645169,0.6701058730527736,0.32838832811654395,0.27358846416760374,1.0
2023-07-05,2023-06-07,0.9999330163645169,0.0,0.0,0.0,False,0.0,0.9999330163645169,0.6900779882872907,0.32838774063070986,0.20541411162569995,1.0
2023-07-06,2023-06-07,0.9999330163645169,0.0,0.0,0.0,False,0.0,0.9999330163645169,0.6981598486135503,0.32838818970885814,0.2171382150300312,1.0
2023-07-07,2023-07-07,0.9999999999999518,0.3143600619540751,0.3143600619540751,0.3143600619540751,False,0.0,1.314360061954027,0.8146948036376912,0.22827527424889169,0.18355116586516007,1.0
2023-07-08,2023-07-07,0.9999999999999518,0.3143600619540751,0.31159067372776467,0.31159067372776467,True,0.002769388226310454,1.3115906737277165,0.8075159824930846,0.22827366768450782,0.18368125487129802,1.0
2023-07-09,2023-07-07,0.9999999999999518,0.3143600619540751,0.3070367737805779,0.3070367737805779,True,0.0073232881734972,1.3070367737805297,0.7957141618785659,0.22827369804325584,0.1842168467778249,1.0
2023-07-10,2023-07-07,0.9999999999999518,0.3143600619540751,0.30847620078579857,0.30847620078579857,True,0.00588386116827655,1.3084762007857504,0.7994422220219304,0.22827143153483223,0.1634929404032224,1.0
2023-07-11,2023-07-07,0.9999999999999518,0.3143600619540751,0.28282872907771234,0.28282872907771234,True,0.03153133287636278,1.282828729077664,0.73297584501879,0.22827271594342394,0.1634929404032224,1.0
2023-07-12,2023-07-07,0.9999999999999518,0.3143600619540751,0.2683041812945903,0.2683041812945903,True,0.046055880659484794,1.2683041812945421,0.6953340049929347,0.2282725154587641,0.1657979927933568,1.0
2023-07-13,2023-07-07,0.9999999999999518,0.3143600619540751,0.29321061871436066,0.29321061871436066,True,0.02114944323971446,1.2932106187143124,0.7602648178149781,0.22866187716786368,0.1657979927933568,1.0
2023-07-14,2023-07-07,0.9999999999999518,0.3143600619540751,0.23243884452277305,0.23243884452277305,True,0.08192121743130207,1.2324388445227248,0.6027378408926432,0.22872324001248837,0.178938270033957,1.0
2023-07-15,2023-07-07,0.9999999999999518,0.3143600619540751,0.20695341128084646,0.20695341128084646,True,0.10740665067322866,1.2069534112807982,0.5369573109978614,0.22916251611789404,0.17895699786220715,1.0
2023-07-16,2023-07-07,0.9999999999999518,0.3143600619540751,0.21090880821477723,0.21090880821477723,True,0.1034512537392979,1.210908808214729,0.5476751843748643,0.22980330593026238,0.179079819083958,1.0
2023-07-17,2023-07-07,0.9999999999999518,0.3143600619540751,0.18715278777242533,0.18715278777242533,True,0.1272072741816498,1.187152787772377,0.4860686277875049,0.22993265940939062,0.17940888122804433,1.0
2023-07-18,2023-07-07,0.9999999999999518,0.3143600619540751,0.19194479824878313,0.19194479824878313,True,0.12241526370529199,1.191944798248735,0.4986854597709796,0.23019693280436354,0.1808124018656717,1.0
2023-07-19,2023-07-07,0.9999999999999518,0.3143600619540751,0.17575536610160997,0.17575536610160997,True,0.13860469585246515,1.1757553661015618,0.4571497765990602,0.23108191188834423,0.1808124018656717,1.0
2023-07-20,2023-07-07,0.9999999999999518,0.3143600619540751,0.18691581349648131,0.18691581349648131,True,0.1274442484575938,1.186915813496433,0.48832898804563196,0.234467672113641,0.1812620541940588,1.0
2023-07-21,2023-07-07,0.9999999999999518,0.3143600619540751,0.15091126426522555,0.15091126426522555,True,0.16344879768884957,1.1509112642651773,0.44501108270566936,0.3217640183355237,0.1812620541940588,1.0
2023-07-22,2023-07-07,0.9999999999999518,0.3143600619540751,0.11528003575179964,0.11528003575179964,True,0.1990800262022755,1.1152800357517514,0.45045551523037136,0.48816239626750596,0.1812545816802353,1.0
2023-07-23,2023-07-07,0.9999999999999518,0.3143600619540751,0.0990352953347404,0.0990352953347404,True,0.21532476661933472,1.0990352953346922,0.49191121842347596,0.5973448393710631,0.1812545816802353,1.0
2023-07-24,2023-07-07,0.9999999999999518,0.3143600619540751,0.07053016683126402,0.07053016683126402,True,0.2438298951228111,1.070530166831216,0.36862493183415923,0.6173337138086208,0.20958230618009158,1.0
2023-07-25,2023-07-07,0.9999999999999518,0.3143600619540751,0.07941199233734195,0.07941199233734195,True,0.23494806961673317,1.0794119923372938,0.4174150026731377,0.6195058067928308,0.20945132397607752,1.0
2023-07-26,2023-07-07,0.9999999999999518,0.3143600619540751,0.08727951043734658,0.08727951043734658,True,0.22708055151672854,1.0872795104372983,0.459450456164405,0.6200699802717559,0.20825417946770736,1.0
2023-07-27,2023-07-07,0.9999999999999518,0.3143600619540751,0.05721817460136742,0.05721817460136742,True,0.2571418873527077,1.0572181746013192,0.30159996545665085,0.6205690904855795,0.20882170806213388,1.0
2023-07-28,2023-07-07,0.9999999999999518,0.3143600619540751,0.06596440393098384,0.06596440393098384,True,0.24839565802309127,1.0659644039309357,0.3471093742291475,0.619921507003514,0.19652318895526596,1.0
2023-07-29,2023-07-07,0.9999999999999518,0.3143600619540751,0.06546074772946342,0.06546074772946342,True,0.2488993142246117,1.0654607477294151,0.3443060096273626,0.6197525114341708,0.19652318895526596,1.0
2023-07-30,2023-07-07,0.9999999999999518,0.3143600619540751,0.06474753534495947,0.06474753534495947,True,0.24961252660911565,1.0647475353449112,0.34096434934593967,0.6202093534461156,0.19670882150413269,1.0
2023-07-31,2023-07-07,0.9999999999999518,0.3143600619540751,0.06766228123938121,0.06766228123938121,True,0.2466977807146939,1.067662281239333,0.356374726253115,0.6202745242302952,0.1967949852155933,1.0
2023-08-01,2023-07-07,0.9999999999999518,0.3143600619540751,0.08373975610794518,0.08373975610794518,True,0.23062030584612994,1.083739756107897,0.44032767107392173,0.6196479957586538,0.1967949852155933,1.0
2023-08-02,2023-07-07,0.9999999999999518,0.3143600619540751,0.057517352394459445,0.057517352394459445,True,0.2568427095596157,1.0575173523944112,0.30197375902875845,0.6190572811395723,0.20620964879178547,1.0
2023-08-03,2023-07-07,0.9999999999999518,0.3143600619540751,0.06329596634160102,0.06329596634160102,True,0.2510640956124741,1.0632959663415529,0.32456834085220937,0.6099683279311426,0.20148194868142602,1.0
2023-08-04,2023-07-07,0.9999999999999518,0.3143600619540751,0.07750537794904074,0.07750537794904074,True,0.2368546840050344,1.0775053779489925,0.38803576869487555,0.6005245691152478,0.1994942595397914,1.0
2023-08-05,2023-07-07,0.9999999999999518,0.3143600619540751,0.08697501970599118,0.08697501970599118,True,0.22738504224808392,1.086975019705943,0.32959762976770424,0.47223516281175953,0.18673269741936085,1.0
2023-08-06,2023-08-06,0.9999999997314954,0.0,0.0,0.0,False,0.0,0.9999999997314954,0.3844502392034207,0.7785593548889562,0.18673269741936085,1.0
2023-08-07,2023-08-06,0.9999999997314954,0.0,0.0,0.0,False,0.0,0.9999999997314954,0.40091473257296106,0.7785573794563134,0.18660473569787916,1.0
2023-08-08,2023-08-06,0.9999999997314954,0.0,0.0,0.0,False,0.0,0.9999999997314954,0.44377251103819126,0.7785686404755976,0.18605585683358142,1.0
2023-08-09,2023-08-06,0.9999999997314954,0.0,0.0,0.0,False,0.0,0.9999999997314954,0.41487223531233003,0.7785753206900352,0.1873694297223065,1.0
2023-08-10,2023-08-06,0.9999999997314954,0.0,0.0,0.0,False,0.0,0.9999999997314954,0.38864628329966555,0.7785745687990073,0.1879622897637366,1.0
2023-08-11,2023-08-06,0.9999999997314954,0.0,0.0,0.0,False,0.0,0.9999999997314954,0.37123828936110415,0.778574905768998,0.18594536414782112,1.0
2023-08-12,2023-08-06,0.9999999997314954,0.0,0.0,0.0,False,0.0,0.9999999997314954,0.3427487271416593,0.7779067249119623,0.18594536414782112,1.0
2023-08-13,2023-08-06,0.9999999997314954,0.0,0.0,0.0,False,0.0,0.9999999997314954,0.4593566437292404,0.7761137814679663,0.13473729425193984,1.0
2023-08-14,2023-08-06,0.9999999997314954,0.0,0.0,0.0,False,0.0,0.9999999997314954,0.46694095211629316,0.778004081126455,0.13471241910538584,1.0
2023-08-15,2023-08-06,0.9999999997314954,0.0,0.0,0.0,False,0.0,0.9999999997314954,0.4146529496081993,0.7785715400856171,0.1373260896031539,1.0
2023-08-16,2023-08-06,0.9999999997314954,0.0,0.0,0.0,False,0.0,0.9999999997314954,0.2774216970886092,0.7785748598017626,0.1481117555134579,1.0
2023-08-17,2023-08-06,0.9999999997314954,0.0,0.0,0.0,False,0.0,0.9999999997314954,0.045004351551406335,0.7785337245598635,0.30244453214669087,1.0
2023-08-18,2023-08-06,0.9999999997314954,0.0,0.0,0.0,False,0.0,0.9999999997314954,-0.04177026933653455,0.7784213875507446,0.3117041541315815,1.0
2023-08-19,2023-08-06,0.9999999997314954,0.0,0.0,0.0,False,0.0,0.9999999997314954,-0.07672984132856514,0.77853904690981,0.31144288734961967,1.0
2023-08-20,2023-08-06,0.9999999997314954,0.0,0.0,0.0,False,0.0,0.9999999997314954,-0.16309495435159643,0.7784093313938563,0.31144288734961967,1.0
2023-08-21,2023-08-06,0.9999999997314954,0.0,0.0,0.0,False,0.0,0.9999999997314954,-0.1646363813520253,0.7785163223221481,0.31130199714368734,1.0
2023-08-22,2023-08-06,0.9999999997314954,0.0,0.0,0.0,False,0.0,0.9999999997314954,-0.17989105351507073,0.7784692858374507,0.31144634164933027,1.0
2023-08-23,2023-08-06,0.9999999997314954,0.0,0.0,0.0,False,0.0,0.9999999997314954,-0.1771288137265531,0.7785105128374269,0.2925583333902857,1.0
2023-08-24,2023-08-06,0.9999999997314954,0.0,0.0,0.0,False,0.0,0.9999999997314954,-0.20145830334729553,0.778385878855956,0.29447040407099195,1.0
2023-08-25,2023-08-06,0.9999999997314954,0.0,0.0,0.0,False,0.0,0.9999999997314954,-0.24989271532929214,0.778342613288063,0.2949064023028442,1.0
2023-08-26,2023-08-06,0.9999999997314954,0.0,0.0,0.0,False,0.0,0.9999999997314954,-0.2572792496509825,0.7780777281847657,0.29456019747264,1.0
2023-08-27,2023-08-06,0.9999999997314954,0.0,0.0,0.0,False,0.0,0.9999999997314954,-0.23845872981943644,0.7779515649633241,0.29456019747264,1.0
2023-08-28,2023-08-06,0.9999999997314954,0.0,0.0,0.0,False,0.0,0.9999999997314954,-0.2522171810606783,0.7770164534265825,0.29456019747264,1.0
2023-08-29,2023-08-06,0.9999999997314954,0.0,0.0,0.0,False,0.0,0.9999999997314954,0.007879788900920337,0.7676084408064957,0.29443626351847885,1.0
2023-08-30,2023-08-06,0.9999999997314954,0.0,0.0,0.0,False,0.0,0.9999999997314954,-0.0763118553526006,0.7280075376971296,0.29907540368303775,1.0
2023-08-31,2023-08-06,0.9999999997314954,0.0,0.0,0.0,False,0.0,0.9999999997314954,-0.2230351921730318,0.3704083181905028,0.34810721931835575,1.0
2023-09-01,2023-08-06,0.9999999997314954,0.0,0.0,0.0,False,0.0,0.9999999997314954,-0.24022030295384755,0.0660015139202556,0.3431024933853964,1.0
2023-09-02,2023-08-06,0.9999999997314954,0.0,0.0,0.0,False,0.0,0.9999999997314954,-0.25105769618970875,0.022280843697289214,0.3431024933853964,1.0
2023-09-03,2023-08-06,0.9999999997314954,0.0,0.0,0.0,False,0.0,0.9999999997314954,-0.21811212375339636,0.018189798541182998,0.34297012543745786,1.0
2023-09-04,2023-08-06,0.9999999997314954,0.0,0.0,0.0,False,0.0,0.9999999997314954,-0.19995471291574093,0.017965234225803532,0.34349046309306264,1.0
2023-09-05,2023-09-05,0.9999999397446507,0.0,0.0,0.0,False,0.0,0.9999999397446507,-0.1755837386546508,0.3557146478978803,0.3435210527798742,1.0
2023-09-06,2023-09-05,0.9999999397446507,0.0,0.0,0.0,False,0.0,0.9999999397446507,-0.11994423731415724,0.35571319894065684,0.34354860147423355,1.0
2023-09-07,2023-09-05,0.9999999397446507,0.0,0.0,0.0,False,0.0,0.9999999397446507,-0.008162343805023037,0.35571468418252833,0.34354860147423355,1.0
2023-09-08,2023-09-05,0.9999999397446507,0.0,0.0,0.0,False,0.0,0.9999999397446507,-0.04787968423344255,0.35571460209529554,0.34591568406268414,1.0
2023-09-09,2023-09-05,0.9999999397446507,0.0,0.0,0.0,False,0.0,0.9999999397446507,-0.06784546880088485,0.355715011369402,0.34559596939042114,1.0
2023-09-10,2023-09-05,0.9999999397446507,0.0,0.0,0.0,False,0.0,0.9999999397446507,-0.0924385266544849,0.3557155411126082,0.3456726966973552,1.0
2023-09-11,2023-09-05,0.9999999397446507,0.0,0.0,0.0,False,0.0,0.9999999397446507,-0.24034688222275463,0.3559418744089634,0.3579356737644446,1.0
2023-09-12,2023-09-05,0.9999999397446507,0.0,0.0,0.0,False,0.0,0.9999999397446507,-0.1547000113736484,0.35589522158077946,0.3576210275045118,1.0
2023-09-13,2023-09-05,0.9999999397446507,0.0,0.0,0.0,False,0.0,0.9999999397446507,-0.08003208799634567,0.3558201607050655,0.3576210275045118,1.0
2023-09-14,2023-09-05,0.9999999397446507,0.0,0.0,0.0,False,0.0,0.9999999397446507,-0.03989540167217501,0.355806006112057,0.3565638873604916,1.0
2023-09-15,2023-09-05,0.9999999397446507,0.0,0.0,0.0,False,0.0,0.9999999397446507,0.019978304729260293,0.35577561496557913,0.3520528418770187,1.0
2023-09-16,2023-09-05,0.9999999397446507,0.0,0.0,0.0,False,0.0,0.9999999397446507,0.003489288146860531,0.3557144147256827,0.23104584161622246,1.0
2023-09-17,2023-09-05,0.9999999397446507,0.0,0.0,0.0,False,0.0,0.9999999397446507,-0.0598577717962272,0.35571441885474325,0.21843364295573806,1.0
2023-09-18,2023-09-05,0.9999999397446507,0.0,0.0,0.0,False,0.0,0.9999999397446507,-0.1035729826791692,0.35571460939937094,0.21843364295573806,1.0
2023-09-19,2023-09-05,0.9999999397446507,0.0,0.0,0.0,False,0.0,0.9999999397446507,0.0027003565229443416,0.3557148511844566,0.21843364295573806,1.0
2023-09-20,2023-09-05,0.9999999397446507,0.0,0.0,0.0,False,0.0,0.9999999397446507,0.08097581860715479,0.35571545801130217,0.21854600510501968,1.0
2023-09-21,2023-09-05,0.9999999397446507,0.0,0.0,0.0,False,0.0,0.9999999397446507,0.02959445122423901,0.35571660610207395,0.23001872103822255,1.0
2023-09-22,2023-09-05,0.9999999397446507,0.0,0.0,0.0,False,0.0,0.9999999397446507,0.034830434393056886,0.35571885994383523,0.23001872103822255,1.0
2023-09-23,2023-09-05,0.9999999397446507,0.0,0.0,0.0,False,0.0,0.9999999397446507,0.012472723525371265,0.3557169069026774,0.22756641344685072,1.0
2023-09-24,2023-09-05,0.9999999397446507,0.0,0.0,0.0,False,0.0,0.9999999397446507,-0.05857453535364199,0.35571713159392976,0.23108675713948598,1.0
2023-09-25,2023-09-05,0.9999999397446507,0.0,0.0,0.0,False,0.0,0.9999999397446507,-0.09956041299464381,0.3557185483538033,0.2310161531519194,1.0
2023-09-26,2023-09-05,0.9999999397446507,0.0,0.0,0.0,False,0.0,0.9999999397446507,-0.12471531528734242,0.3557179549915996,0.2312798929028261,1.0
2023-09-27,2023-09-05,0.9999999397446507,0.0,0.0,0.0,False,0.0,0.9999999397446507,-0.10747057547851321,0.3557169777369596,0.2312798929028261,1.0
2023-09-28,2023-09-05,0.9999999397446507,0.0,0.0,0.0,False,0.0,0.9999999397446507,0.07411085345081488,0.3557144235749519,0.2312798929028261,1.0
2023-09-29,2023-09-05,0.9999999397446507,0.0,0.0,0.0,False,0.0,0.9999999397446507,0.05719557284826872,0.35571471919323944,0.2256595167300725,1.0
2023-09-30,2023-09-05,0.9999999397446507,0.0,0.0,0.0,False,0.0,0.9999999397446507,0.035898596629810306,0.3557157996911438,0.1385268148679672,1.0
2023-10-01,2023-09-05,0.9999999397446507,0.0,0.0,0.0,False,0.0,0.9999999397446507,0.2560677536121957,0.3557142411983549,0.13731292933631548,1.0
2023-10-02,2023-09-05,0.9999999397446507,0.0,0.0,0.0,False,0.0,0.9999999397446507,0.16522172190859213,0.35571356602101645,0.15091779457089533,1.0
2023-10-03,2023-09-05,0.9999999397446507,0.0,0.0,0.0,False,0.0,0.9999999397446507,0.2273484982731351,0.3557582739018267,0.1511651296579275,1.0
2023-10-04,2023-09-05,0.9999999397446507,0.0,0.0,0.0,False,0.0,0.9999999397446507,0.20328749311019662,0.35575778893854704,0.1498950208097772,1.0
2023-10-05,2023-10-05,0.9999718626245347,0.0,0.0,0.0,False,0.0,0.9999718626245347,0.16079092526023542,0.5830130369898167,0.15688693947376461,1.0
2023-10-06,2023-10-05,0.9999718626245347,0.0,0.0,0.0,False,0.0,0.9999718626245347,0.2536195059486094,0.5830057565180446,0.1568266045846051,1.0
2023-10-07,2023-10-05,0.9999718626245347,0.0,0.0,0.0,False,0.0,0.9999718626245347,0.263196623179215,0.5830160799878888,0.1568266045846051,1.0
2023-10-08,2023-10-05,0.9999718626245347,0.0,0.0,0.0,False,0.0,0.9999718626245347,0.29226413028174664,0.5830153154707417,0.14998838061007136,1.0
2023-10-09,2023-10-05,0.9999718626245347,0.0,0.0,0.0,False,0.0,0.9999718626245347,0.19358157649580005,0.5829745772950616,0.1555101115277759,1.0
2023-10-10,2023-10-05,0.9999718626245347,0.0,0.0,0.0,False,0.0,0.9999718626245347,0.16383813379316226,0.5829066887590997,0.1573593075020168,1.0
2023-10-11,2023-10-05,0.9999718626245347,0.0,0.0,0.0,False,0.0,0.9999718626245347,0.10324044505585842,0.5829936251979739,0.1432142591924383,1.0
2023-10-12,2023-10-05,0.9999718626245347,0.0,0.0,0.0,False,0.0,0.9999718626245347,0.11817141241717866,0.5830024011583348,0.1440053235776831,1.0
2023-10-13,2023-10-05,0.9999718626245347,0.0,0.0,0.0,False,0.0,0.9999718626245347,0.044846905835782755,0.5830066121164534,0.1440053235776831,1.0
2023-10-14,2023-10-05,0.9999718626245347,0.0,0.0,0.0,False,0.0,0.9999718626245347,0.06428125073169934,0.583024082584521,0.1440106312757408,1.0
2023-10-15,2023-10-05,0.9999718626245347,0.0,0.0,0.0,False,0.0,0.9999718626245347,0.10145019643210307,0.583022157139793,0.1440106312757408,1.0
2023-10-16,2023-10-05,0.9999718626245347,0.0,0.0,0.0,False,0.0,0.9999718626245347,0.4771240334903652,0.5830121897161212,0.14391334628860408,1.0
2023-10-17,2023-10-05,0.9999718626245347,0.0,0.0,0.0,False,0.0,0.9999718626245347,0.4730695070281836,0.5830032311442884,0.14442480643508757,1.0
2023-10-18,2023-10-05,0.9999718626245347,0.0,0.0,0.0,False,0.0,0.9999718626245347,0.33596215351154246,0.5829456614344919,0.14472631205851227,1.0
2023-10-19,2023-10-05,0.9999718626245347,0.0,0.0,0.0,False,0.0,0.9999718626245347,0.3184865460817098,0.5830290641048277,0.14472631205851227,1.0
2023-10-20,2023-10-05,0.9999718626245347,0.0,0.0,0.0,False,0.0,0.9999718626245347,0.46066534431322936,0.5830407493344799,0.14431173577292558,1.0
2023-10-21,2023-10-05,0.9999718626245347,0.0,0.0,0.0,False,0.0,0.9999718626245347,0.43251570951514484,0.5830735120479069,0.12485884470070696,1.0
2023-10-22,2023-10-05,0.9999718626245347,0.0,0.0,0.0,False,0.0,0.9999718626245347,0.4765452745044412,0.5830414190590364,0.12485884470070696,1.0
2023-10-23,2023-10-05,0.9999718626245347,0.0,0.0,0.0,False,0.0,0.9999718626245347,0.7085120085518501,0.5829464623857603,0.12485763957948344,1.0
2023-10-24,2023-10-05,0.9999718626245347,0.0,0.0,0.0,False,0.0,0.9999718626245347,0.7574252075492395,0.5825151127811699,0.11712320914193612,1.0
2023-10-25,2023-10-05,0.9999718626245347,0.0,0.0,0.0,False,0.0,0.9999718626245347,0.7744263173484743,0.5829772695297563,0.11712320914193612,1.0
2023-10-26,2023-10-05,0.9999718626245347,0.0,0.0,0.0,False,0.0,0.9999718626245347,0.780527983993955,0.5829979207690281,0.12174064317949876,1.0
2023-10-27,2023-10-05,0.9999718626245347,0.0,0.0,0.0,False,0.0,0.9999718626245347,0.7464766002541747,0.5828895343989614,0.12461696484098164,1.0
2023-10-28,2023-10-05,0.9999718626245347,0.0,0.0,0.0,False,0.0,0.9999718626245347,0.7451183583857165,0.5829191653549951,0.12461696484098164,1.0
2023-10-29,2023-10-05,0.9999718626245347,0.0,0.0,0.0,False,0.0,0.9999718626245347,0.7867592340940012,0.5830333876940468,0.12373467474625528,1.0
2023-10-30,2023-10-05,0.9999718626245347,0.0,0.0,0.0,False,0.0,0.9999718626245347,0.7978242217216364,0.5829396479924694,0.12384273744927382,1.0
2023-10-31,2023-10-05,0.9999718626245347,0.0,0.0,0.0,False,0.0,0.9999718626245347,0.7880703819514774,0.5818083478026826,0.12384273744927382,1.0
2023-11-01,2023-10-05,0.9999718626245347,0.0,0.0,0.0,False,0.0,0.9999718626245347,0.8320572567846373,0.5811423785011387,0.10684420182539987,1.0
2023-11-02,2023-10-05,0.9999718626245347,0.0,0.0,0.0,False,0.0,0.9999718626245347,0.8230460756165265,0.5811507537492857,0.11663748840308907,1.0
2023-11-03,2023-10-05,0.9999718626245347,0.0,0.0,0.0,False,0.0,0.9999718626245347,0.8395516049814459,0.5806715176611886,0.11879057266508325,1.0
2023-11-04,2023-11-04,1.0,0.3905076608137434,0.3905076608137434,0.3905076608137434,False,0.0,1.3905076608137434,0.8499888390159486,0.08114638007284192,0.10929405369511545,1.0
2023-11-05,2023-11-04,1.0,0.3905076608137434,0.38986008451803794,0.38986008451803794,True,0.0006475762957054432,1.389860084518038,0.8485749398190525,0.08114165002051445,0.10940820993750677,1.0
2023-11-06,2023-11-04,1.0,0.3905076608137434,0.39061453190582246,0.3905076608137434,False,0.0,1.3905076608137434,0.8502169758807171,0.08114153683841643,0.10940820993750677,1.0
2023-11-07,2023-11-04,1.0,0.3905076608137434,0.3894139797053779,0.3894139797053779,True,0.0010936811083654963,1.389413979705378,0.8476038403813567,0.08114154006151866,0.10929632084931722,1.0
2023-11-08,2023-11-04,1.0,0.3905076608137434,0.3820074198071264,0.3820074198071264,True,0.008500241006617004,1.3820074198071264,0.8314826210623145,0.08114154131311124,0.10127868741612142,1.0
2023-11-09,2023-11-04,1.0,0.3905076608137434,0.39664932454943147,0.3905076608137434,False,0.0,1.3905076608137434,0.8633517912133475,0.08114090087892498,0.09804783536948085,1.0
2023-11-10,2023-11-04,1.0,0.3905076608137434,0.3959285880295641,0.3905076608137434,False,0.0,1.3905076608137434,0.8617830222029561,0.08114089549487535,0.07236485563400939,1.0
2023-11-11,2023-11-04,1.0,0.3905076608137434,0.4029438506031574,0.3905076608137434,False,0.0,1.3905076608137434,0.8770523024864983,0.0811406584059211,0.07258255660680861,1.0
2023-11-12,2023-11-04,1.0,0.3905076608137434,0.39048199088801255,0.39048199088801255,True,2.5669925730831267e-05,1.3904819908880126,0.8499273384059212,0.08114029695672585,0.07284632175344423,1.0
2023-11-13,2023-11-04,1.0,0.3905076608137434,0.37828332824082306,0.37828332824082306,True,0.012224332572920327,1.3782833282408231,0.8233670941311191,0.08113080802672347,0.09251424325785766,1.0
2023-11-14,2023-11-04,1.0,0.3905076608137434,0.3266835805738382,0.3266835805738382,True,0.06382408023990521,1.3266835805738382,0.7109682426266879,0.08101779801894259,0.1279081850053944,1.0
2023-11-15,2023-11-04,1.0,0.3905076608137434,0.3875025522708937,0.3875025522708937,True,0.003005108542849688,1.3875025522708937,0.843430074970001,0.0811270222141976,0.1279081850053944,1.0
2023-11-16,2023-11-04,1.0,0.3905076608137434,0.33906257696035325,0.33906257696035325,True,0.05144508385339014,1.3390625769603532,0.7379671528247971,0.08109032858038047,0.20423788931759504,1.0
2023-11-17,2023-11-04,1.0,0.3905076608137434,0.3568921566869368,0.3568921566869368,True,0.033615504126806584,1.3568921566869367,0.7767897990590924,0.08111008378526076,0.20402434841131298,1.0
2023-11-18,2023-11-04,1.0,0.3905076608137434,0.339719406441415,0.339719406441415,True,0.05078825437232837,1.339719406441415,0.7394077543983149,0.08110402029024423,0.20407109730635667,1.0
2023-11-19,2023-11-04,1.0,0.3905076608137434,0.3686766533956425,0.3686766533956425,True,0.0218310074181009,1.3686766533956425,0.8024576048194343,0.08113113719297206,0.20407109730635667,1.0
2023-11-20,2023-11-04,1.0,0.3905076608137434,0.36760773362725285,0.36760773362725285,True,0.022899927186490532,1.3676077336272527,0.8001288990855961,0.08112871801690309,0.20407109730635667,1.0
2023-11-21,2023-11-04,1.0,0.3905076608137434,0.3044488185624404,0.3044488185624404,True,0.086058842251303,1.3044488185624403,0.6626242316521275,0.0810815420880243,0.2610188733906717,1.0
2023-11-22,2023-11-04,1.0,0.3905076608137434,0.363331799786776,0.363331799786776,True,0.027175861026967396,1.363331799786776,0.7908342919349446,0.08114303213178238,0.2610188733906717,1.0
2023-11-23,2023-11-04,1.0,0.3905076608137434,0.3622374646022522,0.3622374646022522,True,0.028270196211491183,1.3622374646022521,0.7884548416364286,0.0811459440075664,0.26123611586731266,1.0
2023-11-24,2023-11-04,1.0,0.3905076608137434,0.3614345582573642,0.3614345582573642,True,0.029073102556379182,1.3614345582573641,0.7867069268477737,0.08114560601218365,0.26123611586731266,1.0
2023-11-25,2023-11-04,1.0,0.3905076608137434,0.36541634485103963,0.36541634485103963,True,0.025091315962703753,1.3654163448510397,0.7953733980881227,0.08114516847204468,0.2588811393426645,1.0
2023-11-26,2023-11-04,1.0,0.3905076608137434,0.35314611649276006,0.35314611649276006,True,0.03736154432098332,1.35314611649276,0.7686673060122475,0.08114703531534566,0.2593565386547655,1.0
2023-11-27,2023-11-04,1.0,0.3905076608137434,0.3425477843990564,0.3425477843990564,True,0.047959876414686964,1.3425477843990565,0.7456013667351773,0.08115033131176494,0.26006050860235513,1.0
2023-11-28,2023-11-04,1.0,0.3905076608137434,0.3567763986837963,0.3567763986837963,True,0.03373126212994709,1.3567763986837962,0.7765685392962678,0.08114640078747015,0.26006050860235513,1.0
2023-11-29,2023-11-04,1.0,0.3905076608137434,0.3423929878410343,0.3423929878410343,True,0.048114672972709105,1.3423929878410343,0.7452632438499863,0.08114886741964585,0.2600090657076161,1.0
2023-11-30,2023-11-04,1.0,0.3905076608137434,0.3288060562850271,0.3288060562850271,True,0.06170160452871626,1.328806056285027,0.715693975188321,0.08115460606327393,0.2602887068488502,1.0
2023-12-01,2023-11-04,1.0,0.3905076608137434,0.35706749648156066,0.35706749648156066,True,0.03344016433218272,1.3570674964815606,0.7772019224942606,0.08114613166259241,0.2602887068488502,1.0
2023-12-02,2023-11-04,1.0,0.3905076608137434,0.3756458925969963,0.3756458925969963,True,0.014861768216747062,1.3756458925969963,0.8176412884666607,0.08114744718566577,0.25590403468764933,1.0
2023-12-03,2023-11-04,1.0,0.3905076608137434,0.3922244167962745,0.3905076608137434,False,0.0,1.3905076608137434,0.8537264442413454,0.08114731728892284,0.25491170729548684,1.0
2023-12-04,2023-12-04,0.9999999999971174,0.4070437832472633,0.4070437832472633,0.4070437832472633,False,0.0,1.4070437832443807,0.9127542956366426,0.1080977976370917,0.25491170729548684,1.0
2023-12-05,2023-12-04,0.9999999999971174,0.4070437832472633,0.4124460145290279,0.4070437832472633,False,0.0,1.4070437832443807,0.9248682496373781,0.10809779730088148,0.254862732245578,1.0
2023-12-06,2023-12-04,0.9999999999971174,0.4070437832472633,0.4109843899223464,0.4070437832472633,False,0.0,1.4070437832443807,0.9215907053858291,0.108097797600323,0.25605404735631165,1.0
2023-12-07,2023-12-04,0.9999999999971174,0.4070437832472633,0.4043972888229294,0.4043972888229294,True,0.0026464944243339006,1.4043972888200469,0.9068198009369274,0.10809779758865953,0.25904320956763094,1.0
2023-12-08,2023-12-04,0.9999999999971174,0.4070437832472633,0.4124172801255091,0.4070437832472633,False,0.0,1.4070437832443807,0.9248038160016794,0.10809779763114598,0.25904320956763094,1.0
2023-12-09,2023-12-04,0.9999999999971174,0.4070437832472633,0.4053450224723688,0.4053450224723688,True,0.0016987607748945033,1.4053450224694863,0.9089449973372444,0.10809779764490134,0.26157523324897636,1.0
2023-12-10,2023-12-04,0.9999999999971174,0.4070437832472633,0.4055199572617776,0.4055199572617776,True,0.0015238259854857272,1.405519957258895,0.9093372708315699,0.10809779766106355,0.26157523324897636,1.0
2023-12-11,2023-12-04,0.9999999999971174,0.4070437832472633,0.3847075998579409,0.3847075998579409,True,0.022336183389322417,1.3847075998550582,0.86266767553273,0.10809779763599157,0.3338696515407143,1.0
2023-12-12,2023-12-04,0.9999999999971174,0.4070437832472633,0.3793971952588548,0.3793971952588548,True,0.027646587988408522,1.3793971952559723,0.8507596331175173,0.10809779756805225,0.3338122004218723,1.0
2023-12-13,2023-12-04,0.9999999999971174,0.4070437832472633,0.40034929968024,0.40034929968024,True,0.0066944835670232905,1.4003492996773574,0.8977425969162043,0.10809779761935749,0.32890235304144655,1.0
2023-12-14,2023-12-04,0.9999999999971174,0.4070437832472633,0.3968154820006463,0.3968154820006463,True,0.010228301246617,1.3968154819977636,0.8898183701119586,0.10809779764219014,0.3168203580112873,1.0
2023-12-15,2023-12-04,0.9999999999971174,0.4070437832472633,0.3962508166044439,0.3962508166044439,True,0.010792966642819424,1.3962508166015613,0.8885521653803968,0.1080977976463419,0.329041344257412,1.0
2023-12-16,2023-12-04,0.9999999999971174,0.4070437832472633,0.4058369832769045,0.4058369832769045,True,0.0012067999703588295,1.4058369832740218,0.9100481694121859,0.10809779763846832,0.2876634509129438,1.0
2023-12-17,2023-12-04,0.9999999999971174,0.4070437832472633,0.40092997918719575,0.40092997918719575,True,0.0061138040600675625,1.4009299791843133,0.8990447116871416,0.10809779763942305,0.2973656267373297,1.0
2023-12-18,2023-12-04,0.9999999999971174,0.4070437832472633,0.40659246318365877,0.40659246318365877,True,0.00045132006360454335,1.4065924631807762,0.9117422562855266,0.10809779763826623,0.2973335466336169,1.0
2023-12-19,2023-12-04,0.9999999999971174,0.4070437832472633,0.4017788476216137,0.4017788476216137,True,0.005264935625649614,1.4017788476187312,0.9009482128226534,0.10809779762402023,0.29898282631184186,1.0
2023-12-20,2023-12-04,0.9999999999971174,0.4070437832472633,0.4137869696431891,0.4070437832472633,False,0.0,1.4070437832443807,0.9278752054816581,0.10809779763779095,0.29898282631184186,1.0
2023-12-21,2023-12-04,0.9999999999971174,0.4070437832472633,0.40804906708406413,0.4070437832472633,False,0.0,1.4070437832443807,0.9150085424232418,0.10809779763713064,0.2508084745759241,1.0
2023-12-22,2023-12-04,0.9999999999971174,0.4070437832472633,0.4009620722865869,0.4009620722865869,True,0.00608171096067639,1.4009620722837044,0.8991166771804888,0.10809779762076917,0.2508084745759241,1.0
2023-12-23,2023-12-04,0.9999999999971174,0.4070437832472633,0.3876826220825889,0.3876826220825889,True,0.0193611611646744,1.3876826220797063,0.8693388603405929,0.10809779760517985,0.25148043646263524,1.0
2023-12-24,2023-12-04,0.9999999999971174,0.4070437832472633,0.35213617772145256,0.35213617772145256,True,0.054907605525810754,1.3521361777185699,0.7896295731884828,0.10809779755450369,0.2579007643906208,1.0
2023-12-25,2023-12-04,0.9999999999971174,0.4070437832472633,0.3360864400023067,0.3360864400023067,True,0.07095734324495662,1.3360864399994241,0.7536396679350823,0.10809779712588906,0.2579007643906208,1.0
2023-12-26,2023-12-04,0.9999999999971174,0.4070437832472633,0.3178607756535149,0.3178607756535149,True,0.08918300759374842,1.3178607756506322,0.7127704516556164,0.10809777561572328,0.2702554581280773,1.0
2023-12-27,2023-12-04,0.9999999999971174,0.4070437832472633,0.34738463129809477,0.34738463129809477,True,0.05965915194916854,1.3473846312952122,0.7789744315140706,0.10809747471969515,0.26957811234683376,1.0
2023-12-28,2023-12-04,0.9999999999971174,0.4070437832472633,0.3113472962426539,0.3113472962426539,True,0.09569648700460942,1.3113472962397714,0.6981638837981278,0.10809681374844908,0.2785641439852973,1.0
2023-12-29,2023-12-04,0.9999999999971174,0.4070437832472633,0.30737005618831315,0.30737005618831315,True,0.09967372705895017,1.3073700561854307,0.6892459928359204,0.10809766213182853,0.28155836080404245,1.0
2023-12-30,2023-12-04,0.9999999999971174,0.4070437832472633,0.3080318396984781,0.3080318396984781,True,0.09901194354878523,1.3080318396955954,0.6907300013601227,0.10809769637360549,0.2812998646920402,1.0
2023-12-31,2023-12-04,0.9999999999971174,0.4070437832472633,0.3446088135380505,0.3446088135380505,True,0.062434969709212806,1.344608813535168,0.7727501864882171,0.1080977538054465,0.2812998646920402,1.0
2024-01-01,2023-12-04,0.9999999999971174,0.4070437832472633,0.3840088962620433,0.3840088962620433,True,0.023034886985219993,1.3840088962591608,0.8611008259963504,0.10809771708738126,0.2812998646920402,1.0
2024-01-02,2023-12-04,0.9999999999971174,0.4070437832472633,0.38388235016915007,0.38388235016915007,True,0.023161433078113247,1.3838823501662674,0.8608171118706017,0.10809777158134518,0.2812998646920402,1.0
2024-01-03,2024-01-03,1.0,0.3656212808559936,0.3656212808559936,0.3656212808559936,False,0.0,1.3656212808559935,0.7479500659757647,0.022337726840068024,0.3271553076666726,1.0
2024-01-04,2024-01-03,1.0,0.3656212808559936,0.4124561137042178,0.3656212808559936,False,0.0,1.3656212808559935,0.8437599018324458,0.02233772235807536,0.3271553076666726,1.0
2024-01-05,2024-01-03,1.0,0.3656212808559936,0.4071064877649865,0.3656212808559936,False,0.0,1.3656212808559935,0.8328161928865262,0.022337722915875147,0.32622408928591007,1.0
2024-01-06,2024-01-03,1.0,0.3656212808559936,0.4169283838740984,0.3656212808559936,False,0.0,1.3656212808559935,0.8529088275303291,0.022337744864593723,0.3241579252238554,1.0
2024-01-07,2024-01-03,1.0,0.3656212808559936,0.39772697142117674,0.3656212808559936,False,0.0,1.3656212808559935,0.8136285771990541,0.022337753203393457,0.32417293135035047,1.0
2024-01-08,2024-01-03,1.0,0.3656212808559936,0.4389337021322047,0.3656212808559936,False,0.0,1.3656212808559935,0.8979249895845842,0.02233770699427162,0.32213331276681434,1.0
2024-01-09,2024-01-03,1.0,0.3656212808559936,0.4103155926999372,0.3656212808559936,False,0.0,1.3656212808559935,0.839381098440803,0.02233778324977487,0.3282453565979005,1.0
2024-01-10,2024-01-03,1.0,0.3656212808559936,0.4173999833774248,0.3656212808559936,False,0.0,1.3656212808559935,0.8538740674942967,0.0223383066257303,0.25384819909169604,1.0
2024-01-11,2024-01-03,1.0,0.3656212808559936,0.4109865547672936,0.3656212808559936,False,0.0,1.3656212808559935,0.8407560222951946,0.02234050338329016,0.2549445367150308,1.0
2024-01-12,2024-01-03,1.0,0.3656212808559936,0.33343590385721245,0.33343590385721245,True,0.03218537699878116,1.3334359038572123,0.6824748847409287,0.02286249263579382,0.3775940206067694,1.0
2024-01-13,2024-01-03,1.0,0.3656212808559936,0.3128396890150294,0.3128396890150294,True,0.052781591840964204,1.3128396890150293,0.7245111277244578,0.13641163801694725,0.3775940206067694,1.0
2024-01-14,2024-01-03,1.0,0.3656212808559936,0.25610331418198407,0.25610331418198407,True,0.10951796667400954,1.256103314181984,0.6078267097409433,0.15731470803204514,0.378354834492692,1.0
2024-01-15,2024-01-03,1.0,0.3656212808559936,0.30062637642060985,0.30062637642060985,True,0.06499490443538375,1.3006263764206099,0.7134936435107568,0.15731168972613968,0.378354834492692,1.0
2024-01-16,2024-01-03,1.0,0.3656212808559936,0.3007985805417566,0.3007985805417566,True,0.06482270031423698,1.3007985805417566,0.7138950439948621,0.15730307116707923,0.370778000709658,1.0
2024-01-17,2024-01-03,1.0,0.3656212808559936,0.30174755658777636,0.30174755658777636,True,0.06387372426821725,1.3017475565877763,0.7159366656143209,0.15705516680345735,0.37194036255252955,1.0
2024-01-18,2024-01-03,1.0,0.3656212808559936,0.2640858821536655,0.2640858821536655,True,0.10153539870232808,1.2640858821536656,0.6267661440488541,0.1573064861235357,0.3896110146368122,1.0
2024-01-19,2024-01-03,1.0,0.3656212808559936,0.27526162254697134,0.27526162254697134,True,0.09035965830902226,1.2752616225469713,0.6532734343155229,0.15728511802908107,0.3896110146368122,1.0
2024-01-20,2024-01-03,1.0,0.3656212808559936,0.2919564941984117,0.2919564941984117,True,0.07366478665758192,1.2919564941984116,0.6929123258800275,0.15730610268011966,0.3896110146368122,1.0
2024-01-21,2024-01-03,1.0,0.3656212808559936,0.2541179158990563,0.2541179158990563,True,0.1115033649569373,1.2541179158990563,0.6031117066170348,0.15731061721732875,0.38973157428309746,1.0
2024-01-22,2024-01-03,1.0,0.3656212808559936,0.2034174080301361,0.2034174080301361,True,0.1622038728258575,1.203417408030136,0.4827819744665131,0.15731150379043146,0.42588603751144966,1.0
2024-01-23,2024-01-03,1.0,0.3656212808559936,0.21301915734882967,0.21301915734882967,True,0.15260212350716393,1.2130191573488296,0.5049875093762681,0.15633890583971544,0.42202905420998554,1.0
2024-01-24,2024-01-03,1.0,0.3656212808559936,0.20997104964298152,0.20997104964298152,True,0.15565023121301208,1.2099710496429816,0.4935434354030641,0.14912838635366052,0.42202905420998554,1.0
2024-01-25,2024-01-03,1.0,0.3656212808559936,0.22262138403892007,0.22262138403892007,True,0.14299989681707354,1.22262138403892,0.4960448552991382,0.10241430120399503,0.41321269707382946,1.0
2024-01-26,2024-01-03,1.0,0.3656212808559936,0.29739729643360635,0.29739729643360635,True,0.06822398442238725,1.2973972964336062,0.6110468105074052,0.026597336506341968,0.41321269707382946,1.0
2024-01-27,2024-01-03,1.0,0.3656212808559936,0.30218919980658776,0.30218919980658776,True,0.06343208104940584,1.3021891998065878,0.6182140635523772,0.02238005369806576,0.4072089259400498,1.0
2024-01-28,2024-01-03,1.0,0.3656212808559936,0.26650968832026456,0.26650968832026456,True,0.09911159253572904,1.2665096883202644,0.5452040440408615,0.022348820654417692,0.405212433978102,1.0
2024-01-29,2024-01-03,1.0,0.3656212808559936,0.3026069072754924,0.3026069072754924,True,0.06301437358050122,1.3026069072754924,0.6190477838940819,0.022347175295702428,0.405212433978102,1.0
2024-01-30,2024-01-03,1.0,0.3656212808559936,0.2794865275492414,0.2794865275492414,True,0.08613475330675219,1.2794865275492415,0.5717452516677284,0.022338963956395244,0.4062667247291391,1.0
2024-01-31,2024-01-03,1.0,0.3656212808559936,0.2690736977989738,0.2690736977989738,True,0.09654758305701983,1.2690736977989738,0.550443401215013,0.022338365016138017,0.40733315952057864,1.0
2024-02-01,2024-01-03,1.0,0.3656212808559936,0.31411077408362975,0.31411077408362975,True,0.05151050677236385,1.3141107740836298,0.6425755504637958,0.02233823289133229,0.40733315952057864,1.0
2024-02-02,2024-02-02,1.0,0.29998866731365975,0.29998866731365975,0.29998866731365975,False,0.0,1.2999886673136598,0.601473720074037,0.002487865050086081,0.37150951722170195,1.0
2024-02-03,2024-02-02,1.0,0.29998866731365975,0.2814480353402275,0.2814480353402275,True,0.018540631973432253,1.2814480353402276,0.5642999927335726,0.0024879001793296327,0.371823881339376,1.0
2024-02-04,2024-02-02,1.0,0.29998866731365975,0.2550463962690079,0.2550463962690079,True,0.04494227104465187,1.255046396269008,0.511365058674201,0.002487980190675965,0.37345793279420725,1.0
2024-02-05,2024-02-02,1.0,0.29998866731365975,0.25708608869194705,0.25708608869194705,True,0.042902578621712706,1.257086088691947,0.5154546449945523,0.002488031921162926,0.37319554426112606,1.0
2024-02-06,2024-02-02,1.0,0.29998866731365975,0.26663293965716095,0.26663293965716095,True,0.0333557276564988,1.266632939657161,0.5345962926613705,0.0024886318242602627,0.3731825093992398,1.0
2024-02-07,2024-02-02,1.0,0.29998866731365975,0.34106003714085253,0.29998866731365975,False,0.0,1.2999886673136598,0.6838216259310659,0.002488297510398258,0.3731825093992398,1.0
2024-02-08,2024-02-02,1.0,0.29998866731365975,0.3612512502824208,0.29998866731365975,False,0.0,1.2999886673136598,0.7243045820065546,0.002488016072907687,0.3678179473429119,1.0
2024-02-09,2024-02-02,1.0,0.29998866731365975,0.4295764130206361,0.29998866731365975,False,0.0,1.2999886673136598,0.8612957825694165,0.0024880610952852733,0.3678179473429119,1.0
2024-02-10,2024-02-02,1.0,0.29998866731365975,0.4353164081171142,0.29998866731365975,False,0.0,1.2999886673136598,0.8728042700680727,0.002487904686436672,0.36705889686644133,1.0
2024-02-11,2024-02-02,1.0,0.29998866731365975,0.4332702743769932,0.29998866731365975,False,0.0,1.2999886673136598,0.8687040026557935,0.002490438509771933,0.2390642302220579,1.0
2024-02-12,2024-02-02,1.0,0.29998866731365975,0.4463187371279848,0.29998866731365975,False,0.0,1.2999886673136598,0.8948675098879523,0.0024920288281131183,0.2390642302220579,1.0
2024-02-13,2024-02-02,1.0,0.29998866731365975,0.4528865842278438,0.29998866731365975,False,0.0,1.2999886673136598,0.9080668491018216,0.002525894044477742,0.22116935999415288,1.0
2024-02-14,2024-02-02,1.0,0.29998866731365975,0.4633091546043649,0.29998866731365975,False,0.0,1.2999886673136598,0.9289492446447175,0.002509217214422968,0.22116935999415288,1.0
2024-02-15,2024-02-02,1.0,0.29998866731365975,0.4671549059862452,0.29998866731365975,False,0.0,1.2999886673136598,0.9367465611629092,0.002601289709987078,0.22116935999415288,1.0
2024-02-16,2024-02-02,1.0,0.29998866731365975,0.4568535870258042,0.29998866731365975,False,0.0,1.2999886673136598,0.9211560528540561,0.008086446134038337,0.21920898319815094,1.0
2024-02-17,2024-02-02,1.0,0.29998866731365975,0.4036037264215236,0.29998866731365975,False,0.0,1.2999886673136598,0.9176069599596065,0.12031241254035299,0.18617124298207738,1.0
2024-02-18,2024-02-02,1.0,0.29998866731365975,0.37826307349732285,0.29998866731365975,False,0.0,1.2999886673136598,0.903934235968269,0.16307390859659593,0.18617124298207738,1.0
2024-02-19,2024-02-02,1.0,0.29998866731365975,0.3745609337947831,0.29998866731365975,False,0.0,1.2999886673136598,0.8957353210373785,0.16367943744589056,0.18775898332318364,1.0
2024-02-20,2024-02-02,1.0,0.29998866731365975,0.37512850417393734,0.29998866731365975,False,0.0,1.2999886673136598,0.8970940961095439,0.16368080940278432,0.18750860927354862,1.0
2024-02-21,2024-02-02,1.0,0.29998866731365975,0.3723305375884534,0.29998866731365975,False,0.0,1.2999886673136598,0.8905439830229882,0.16381325417625736,0.07728513918458464,1.0
2024-02-22,2024-02-02,1.0,0.29998866731365975,0.36998533794681976,0.29998866731365975,False,0.0,1.2999886673136598,0.8850956244581385,0.1639652762415874,0.08609721988115553,1.0
2024-02-23,2024-02-02,1.0,0.29998866731365975,0.3634509852699569,0.29998866731365975,False,0.0,1.2999886673136598,0.8693271062084478,0.1638337682690216,0.09379522265030547,1.0
2024-02-24,2024-02-02,1.0,0.29998866731365975,0.3773525643280685,0.29998866731365975,False,0.0,1.2999886673136598,0.9025059811200937,0.16376717224690543,0.09317269681388081,1.0
2024-02-25,2024-02-02,1.0,0.29998866731365975,0.37321543372619015,0.29998866731365975,False,0.0,1.2999886673136598,0.8925930823853052,0.16375010944777993,0.09317269681388081,1.0
2024-02-26,2024-02-02,1.0,0.29998866731365975,0.3899444975425335,0.29998866731365975,False,0.0,1.2999886673136598,0.9326218129645791,0.1637671516539072,0.09317269681388081,1.0
2024-02-27,2024-02-02,1.0,0.29998866731365975,0.3989547666591709,0.29998866731365975,False,0.0,1.2999886673136598,0.9540746429794185,0.16368227665437024,0.09287634748397867,1.0
2024-02-28,2024-02-02,1.0,0.29998866731365975,0.40548296721199395,0.29998866731365975,False,0.0,1.2999886673136598,0.9696864117756614,0.16368227441800412,0.09287634748397867,1.0
2024-02-29,2024-02-02,1.0,0.29998866731365975,0.40147088857982305,0.29998866731365975,False,0.0,1.2999886673136598,0.9600815857095204,0.16367339077099866,0.11474794134440344,1.0
2024-03-01,2024-02-02,1.0,0.29998866731365975,0.4024345509147541,0.29998866731365975,False,0.0,1.2999886673136598,0.9617638013386832,0.1631322568917573,0.11090283503997347,1.0
2024-03-02,2024-02-02,1.0,0.29998866731365975,0.4005712494502812,0.29998866731365975,False,0.0,1.2999886673136598,0.956778306672418,0.16266653067536802,0.11315639734631551,1.0
2024-03-03,2024-03-03,1.0,0.35000709094420884,0.35000709094420884,0.35000709094420884,False,0.0,1.3500070909442088,0.9675498726038125,0.2765084243103859,0.11315639734631551,1.0
2024-03-04,2024-03-03,1.0,0.35000709094420884,0.3539475339269182,0.35000709094420884,False,0.0,1.3500070909442088,0.9781693562612913,0.2763062313058788,0.11211910146099503,1.0
2024-03-05,2024-03-03,1.0,0.35000709094420884,0.3412523529876225,0.3412523529876225,True,0.008754737956586323,1.3412523529876226,0.9426673994171987,0.2759856696039329,0.2617829741012568,1.0
2024-03-06,2024-03-03,1.0,0.35000709094420884,0.37050896301733793,0.35000709094420884,False,0.0,1.3500070909442088,0.9566497822682344,0.22540313104163515,0.2617829741012568,1.0
2024-03-07,2024-03-03,1.0,0.35000709094420884,0.4793334511013843,0.35000709094420884,False,0.0,1.3500070909442088,0.9595312024333873,0.0009007526054669831,0.2617829741012568,1.0
2024-03-08,2024-03-03,1.0,0.35000709094420884,0.47972648675275664,0.35000709094420884,False,0.0,1.3500070909442088,0.960036564293202,0.0006078839175447056,0.2617829741012568,1.0
2024-03-09,2024-03-03,1.0,0.35000709094420884,0.4798510442370236,0.35000709094420884,False,0.0,1.3500070909442088,0.9602869074681855,0.0006090044439740562,0.2617829741012568,1.0
2024-03-10,2024-03-03,1.0,0.35000709094420884,0.4820903971779685,0.35000709094420884,False,0.0,1.3500070909442088,0.9647635717519247,0.0006040623973079304,0.2617829741012568,1.0
2024-03-11,2024-03-03,1.0,0.35000709094420884,0.4860849902663296,0.35000709094420884,False,0.0,1.3500070909442088,0.9747591808779383,0.002656246174513674,0.2617829741012568,1.0
2024-03-12,2024-03-03,1.0,0.35000709094420884,0.48999824627105437,0.35000709094420884,False,0.0,1.3500070909442088,0.980601867531038,0.0006173504344362525,0.26354573526386593,1.0
2024-03-13,2024-03-03,1.0,0.35000709094420884,0.4924952035373447,0.35000709094420884,False,0.0,1.3500070909442088,0.9855807035584989,0.000598932671549042,0.26354573526386593,1.0
2024-03-14,2024-03-03,1.0,0.35000709094420884,0.4904201401710546,0.35000709094420884,False,0.0,1.3500070909442088,0.9814280624389045,0.0005989049216042999,0.2753790475295046,1.0
2024-03-15,2024-03-03,1.0,0.35000709094420884,0.4878224216445556,0.35000709094420884,False,0.0,1.3500070909442088,0.9762295071078249,0.0005988999661011163,0.2908336027116818,1.0
2024-03-16,2024-03-03,1.0,0.35000709094420884,0.47369900329871545,0.35000709094420884,False,0.0,1.3500070909442088,0.9479657718234334,0.0005989300910205239,0.3630995507286401,1.0
2024-03-17,2024-03-03,1.0,0.35000709094420884,0.4772631211201585,0.35000709094420884,False,0.0,1.3500070909442088,0.9550982626288176,0.0005989126049983968,0.3630995507286401,1.0
2024-03-18,2024-03-03,1.0,0.35000709094420884,0.46862664349812894,0.35000709094420884,False,0.0,1.3500070909442088,0.9378149526074195,0.0005989087821644124,0.36388000893215533,1.0
2024-03-19,2024-03-03,1.0,0.35000709094420884,0.3742152390283863,0.35000709094420884,False,0.0,1.3500070909442088,0.7908794597260136,0.0006235677075107025,0.47522627979949505,0.9469173299714435
2024-03-20,2024-03-03,1.0,0.35000709094420884,0.42297220161222576,0.35000709094420884,False,0.0,1.3500070909442088,0.8927433104020707,0.000617941517312654,0.4746012146075947,0.9481644508054299
2024-03-21,2024-03-03,1.0,0.35000709094420884,0.3874015448581222,0.35000709094420884,False,0.0,1.3500070909442088,0.8445291156690736,0.0007473676043922841,0.49012978771709914,0.9181241607370701
2024-03-22,2024-03-03,1.0,0.35000709094420884,0.37395909922812104,0.35000709094420884,False,0.0,1.3500070909442088,0.8286130563441583,0.0012469750984697276,0.49792999982105934,0.9037414900924148
2024-03-23,2024-03-03,1.0,0.35000709094420884,0.3696907601801536,0.35000709094420884,False,0.0,1.3500070909442088,0.8168714937017143,0.0013668128080116893,0.4964821710689284,0.9063769581718271
2024-03-24,2024-03-03,1.0,0.35000709094420884,0.3654475288256729,0.35000709094420884,False,0.0,1.3500070909442088,0.8048301740786147,0.0008779580700874007,0.4950855821659124,0.9089337605658583
2024-03-25,2024-03-03,1.0,0.35000709094420884,0.4053007095432609,0.35000709094420884,False,0.0,1.3500070909442088,0.8923762155561414,0.000628089670157476,0.4950855821659124,0.9089337605658583
2024-03-26,2024-03-03,1.0,0.35000709094420884,0.3941607921430307,0.35000709094420884,False,0.0,1.3500070909442088,0.8678630023364864,0.0006444963997060501,0.4950855821659124,0.9089337605658583
2024-03-27,2024-03-03,1.0,0.35000709094420884,0.3857748889018593,0.35000709094420884,False,0.0,1.3500070909442088,0.8505535115271243,0.0006350213465337673,0.4957632512574322,0.9076913201183019
2024-03-28,2024-03-03,1.0,0.35000709094420884,0.38686277717924744,0.35000709094420884,False,0.0,1.3500070909442088,0.8529599515400615,0.0006442448710641094,0.4957632512574322,0.9076913201183019
2024-03-29,2024-03-03,1.0,0.35000709094420884,0.3776942679629938,0.35000709094420884,False,0.0,1.3500070909442088,0.8364212935154453,0.0007372849185270524,0.4979054590212126,0.9037860337675638
2024-03-30,2024-03-03,1.0,0.35000709094420884,0.3758500721465754,0.35000709094420884,False,0.0,1.3500070909442088,0.8236161310862589,0.0008369609089740291,0.49263933401192095,0.9134471588683799
2024-03-31,2024-03-03,1.0,0.35000709094420884,0.3699860118038257,0.35000709094420884,False,0.0,1.3500070909442088,0.8106965370709635,0.0007513889377074658,0.49263933401192095,0.9134471588683799
2024-04-01,2024-03-03,1.0,0.35000709094420884,0.35666993716751694,0.35000709094420884,False,0.0,1.3500070909442088,0.791364115780882,0.0010436239132982478,0.4986994502460771,0.9023470945836276
2024-04-02,2024-04-02,1.0,0.2907748252343305,0.2907748252343305,0.2907748252343305,False,0.0,1.2907748252343305,0.7026862628378514,0.00035276228848840814,0.5435430516997475,0.8279013016407383
2024-04-03,2024-04-02,1.0,0.2907748252343305,0.29581971207411517,0.2907748252343305,False,0.0,1.2907748252343305,0.7148777332549765,0.00035276228849305535,0.5435430516997475,0.8279013016407383
2024-04-04,2024-04-02,1.0,0.2907748252343305,0.3588961288423103,0.2907748252343305,False,0.0,1.2907748252343305,0.7788723687147538,0.00035276228853336355,0.4881202348046416,0.9219040062539134
2024-04-05,2024-04-02,1.0,0.2907748252343305,0.37690995562540236,0.2907748252343305,False,0.0,1.2907748252343305,0.8199646576340311,0.00035276228894147346,0.48931306636490113,0.9196566184979338
2024-04-06,2024-04-02,1.0,0.2907748252343305,0.36585091900002414,0.2907748252343305,False,0.0,1.2907748252343305,0.7959058100369065,0.00035276228914112457,0.48931306636490113,0.9196566184979338
2024-04-07,2024-04-02,1.0,0.2907748252343305,0.3737072035695802,0.2907748252343305,False,0.0,1.2907748252343305,0.8129970956113064,0.0003527622893868256,0.48931306636490113,0.9196566184979338
2024-04-08,2024-04-02,1.0,0.2907748252343305,0.4185989276494833,0.2907748252343305,False,0.0,1.2907748252343305,0.9106586901124061,0.0003527625337968065,0.48931306636490113,0.9196566184979338
2024-04-09,2024-04-02,1.0,0.2907748252343305,0.362439295903743,0.2907748252343305,False,0.0,1.2907748252343305,0.8128648219868133,0.00035276440660378394,0.5044432772981087,0.8920725485931403
2024-04-10,2024-04-02,1.0,0.2907748252343305,0.39079161870226625,0.2907748252343305,False,0.0,1.2907748252343305,0.8764523121725749,0.0003527623506679967,0.5044432772981087,0.8920725485931403
2024-04-11,2024-04-02,1.0,0.2907748252343305,0.3932968791051362,0.2907748252343305,False,0.0,1.2907748252343305,0.8821311027990284,0.00035276237383682874,0.5044776416286393,0.892011781824928
2024-04-12,2024-04-02,1.0,0.2907748252343305,0.34508331563500083,0.2907748252343305,False,0.0,1.2907748252343305,0.8061977018245216,0.000352762307621541,0.5254687362686977,0.8563782560983668
2024-04-13,2024-04-02,1.0,0.2907748252343305,0.2774639451998045,0.2774639451998045,True,0.013310880034526018,1.2774639451998044,0.673866046499809,0.000352762644534904,0.5462561073669296,0.8237894165963572
2024-04-14,2024-04-02,1.0,0.2907748252343305,0.2759824116227704,0.2759824116227704,True,0.01479241361156014,1.2759824116227705,0.6603668484614522,0.0003527630246889915,0.5381869286666775,0.8361407087958179
2024-04-15,2024-04-02,1.0,0.2907748252343305,0.2699038065134248,0.2699038065134248,True,0.020871018720905687,1.2699038065134247,0.6084234657119212,0.00035276620657625455,0.507021332986749,0.8875366197101626
2024-04-16,2024-04-02,1.0,0.2907748252343305,0.2719874333622469,0.2719874333622469,True,0.018787391872083614,1.271987433362247,0.6131204584862507,0.0003528191257741743,0.507021332986749,0.8875366197101626
2024-04-17,2024-04-02,1.0,0.2907748252343305,0.23528604188696622,0.23528604188696622,True,0.05548878334736429,1.2352860418869662,0.5487265357324245,0.0003528043495387713,0.5245526300691993,0.8578738799586912
2024-04-18,2024-04-02,1.0,0.2907748252343305,0.2975148174422907,0.2907748252343305,False,0.0,1.2907748252343305,0.5952396210188949,0.000352775801372375,0.4262911042948372,1.0
2024-04-19,2024-04-02,1.0,0.2907748252343305,0.3044310540034713,0.2907748252343305,False,0.0,1.2907748252343305,0.6090769709803832,0.000352768178206853,0.4262911042948372,1.0
2024-04-20,2024-04-02,1.0,0.2907748252343305,0.30644904883476054,0.2907748252343305,False,0.0,1.2907748252343305,0.6131143901307232,0.00035277668357447915,0.40834202539085696,1.0
2024-04-21,2024-04-02,1.0,0.2907748252343305,0.3182079447191776,0.2907748252343305,False,0.0,1.2907748252343305,0.6366404816509954,0.0003527771467778605,0.3978484983927588,1.0
2024-04-22,2024-04-02,1.0,0.2907748252343305,0.3807583002244872,0.2907748252343305,False,0.0,1.2907748252343305,0.7617853323885906,0.0003527659672489637,0.3978484983927588,1.0
2024-04-23,2024-04-02,1.0,0.2907748252343305,0.3711449182501692,0.2907748252343305,False,0.0,1.2907748252343305,0.7425517895941824,0.0003527741734851121,0.3984141490615085,1.0
2024-04-24,2024-04-02,1.0,0.2907748252343305,0.31826963130471025,0.2907748252343305,False,0.0,1.2907748252343305,0.6367639421653547,0.00035284591519140916,0.4142377451059504,1.0
2024-04-25,2024-04-02,1.0,0.2907748252343305,0.3214433160985322,0.2907748252343305,False,0.0,1.2907748252343305,0.6431135264383665,0.0003528058919217463,0.4142377451059504,1.0
2024-04-26,2024-04-02,1.0,0.2907748252343305,0.2920553360906256,0.2907748252343305,False,0.0,1.2907748252343305,0.5843168981410158,0.00035293512890127406,0.41531984017742934,1.0
2024-04-27,2024-04-02,1.0,0.2907748252343305,0.271555783741292,0.271555783741292,True,0.01921904149303849,1.271555783741292,0.5433036079236544,0.00035346800254885713,0.4156631091714053,1.0
2024-04-28,2024-04-02,1.0,0.2907748252343305,0.21672859217174534,0.21672859217174534,True,0.07404623306258518,1.2167285921717452,0.4336141738482713,0.0003620488310778989,0.41352783579153685,1.0
2024-04-29,2024-04-02,1.0,0.2907748252343305,0.24775118374631475,0.24775118374631475,True,0.04302364148801577,1.2477511837463147,0.49567757955139086,0.0003534798949751802,0.4133098046131368,1.0
2024-04-30,2024-04-02,1.0,0.2907748252343305,0.1779782086780416,0.1779782086780416,True,0.11279661655628892,1.1779782086780415,0.3563913604865207,0.00035783226681701985,0.45038863370393994,0.9991371147607704
2024-05-01,2024-04-02,1.0,0.2907748252343305,0.14187639337483943,0.14187639337483943,True,0.1488984318594911,1.1418763933748395,0.2922404771409538,0.0004046345735738067,0.4632729900165324,0.9713495275948233
2024-05-02,2024-05-02,0.9999999987316892,0.0,0.0,0.0,False,0.0,0.9999999987316892,0.3325935587587632,0.0009486584134349964,0.4097364468820454,1.0
2024-05-03,2024-05-02,0.9999999987316892,0.0,0.0,0.0,False,0.0,0.9999999987316892,0.43113751006214374,0.0007566248917439824,0.4097364468820454,1.0
2024-05-04,2024-05-02,0.9999999987316892,0.0,0.0,0.0,False,0.0,0.9999999987316892,0.5013339609307428,0.0007487300893779279,0.4097364468820454,1.0
2024-05-05,2024-05-02,0.9999999987316892,0.0,0.0,0.0,False,0.0,0.9999999987316892,0.5134918009783638,0.0007447664603756967,0.4083112080433741,1.0
2024-05-06,2024-05-02,0.9999999987316892,0.0,0.0,0.0,False,0.0,0.9999999987316892,0.46154679209253596,0.000744955214394453,0.41094498026778215,1.0
2024-05-07,2024-05-02,0.9999999987316892,0.0,0.0,0.0,False,0.0,0.9999999987316892,0.43490005630326833,0.000745681702156298,0.4136731541481185,1.0
2024-05-08,2024-05-02,0.9999999987316892,0.0,0.0,0.0,False,0.0,0.9999999987316892,0.3482431231654278,0.0007636469012371448,0.4184747321307366,1.0
2024-05-09,2024-05-02,0.9999999987316892,0.0,0.0,0.0,False,0.0,0.9999999987316892,0.40725152747856597,0.0007447413345156732,0.40010668369330865,1.0
2024-05-10,2024-05-02,0.9999999987316892,0.0,0.0,0.0,False,0.0,0.9999999987316892,0.2670559006316656,0.0007437241141668248,0.42010670997901933,1.0
2024-05-11,2024-05-02,0.9999999987316892,0.0,0.0,0.0,False,0.0,0.9999999987316892,0.3104084160861777,0.000743708940831137,0.4189617498423767,1.0
2024-05-12,2024-05-02,0.9999999987316892,0.0,0.0,0.0,False,0.0,0.9999999987316892,0.2881509546384675,0.0007445878178723449,0.3923126889846387,1.0
2024-05-13,2024-05-02,0.9999999987316892,0.0,0.0,0.0,False,0.0,0.9999999987316892,0.36641236207619376,0.0007451252177829832,0.35358344935974356,1.0
2024-05-14,2024-05-02,0.9999999987316892,0.0,0.0,0.0,False,0.0,0.9999999987316892,0.3679298871362161,0.0008204199062550327,0.3617312101362675,1.0
2024-05-15,2024-05-02,0.9999999987316892,0.0,0.0,0.0,False,0.0,0.9999999987316892,0.5904707678916619,0.0007573470677348465,0.3408326674448565,1.0
2024-05-16,2024-05-02,0.9999999987316892,0.0,0.0,0.0,False,0.0,0.9999999987316892,0.5237163284842246,0.0007499873695660247,0.3447092126609198,1.0
2024-05-17,2024-05-02,0.9999999987316892,0.0,0.0,0.0,False,0.0,0.9999999987316892,0.6073476457595375,0.0007454598761825513,0.3148404027730497,1.0
2024-05-18,2024-05-02,0.9999999987316892,0.0,0.0,0.0,False,0.0,0.9999999987316892,0.6977281271798157,0.0007440046885184965,0.314891396711709,1.0
2024-05-19,2024-05-02,0.9999999987316892,0.0,0.0,0.0,False,0.0,0.9999999987316892,0.5688328155296549,0.0007443984772850236,0.31667728020659575,1.0
2024-05-20,2024-05-02,0.9999999987316892,0.0,0.0,0.0,False,0.0,0.9999999987316892,0.7819069829433969,0.0007459357963793163,0.31667728020659575,1.0
2024-05-21,2024-05-02,0.9999999987316892,0.0,0.0,0.0,False,0.0,0.9999999987316892,0.8027545080961511,0.0007439793137822639,0.3230729587795426,1.0
2024-05-22,2024-05-02,0.9999999987316892,0.0,0.0,0.0,False,0.0,0.9999999987316892,0.7738362684811264,0.0007433870034452497,0.3267917584864336,1.0
2024-05-23,2024-05-02,0.9999999987316892,0.0,0.0,0.0,False,0.0,0.9999999987316892,0.6590192137935978,0.0007480615857577738,0.33173821048823765,1.0
2024-05-24,2024-05-02,0.9999999987316892,0.0,0.0,0.0,False,0.0,0.9999999987316892,0.6202213307361311,0.0007530254741800417,0.31175497590236134,1.0
2024-05-25,2024-05-02,0.9999999987316892,0.0,0.0,0.0,False,0.0,0.9999999987316892,0.6330299863952529,0.0007523920677206987,0.31175497590236134,1.0
2024-05-26,2024-05-02,0.9999999987316892,0.0,0.0,0.0,False,0.0,0.9999999987316892,0.6267897023772429,0.0007524275140858348,0.31175792058568513,1.0
2024-05-27,2024-05-02,0.9999999987316892,0.0,0.0,0.0,False,0.0,0.9999999987316892,0.6434881152495389,0.0007513196009606215,0.3113000969593106,1.0
2024-05-28,2024-05-02,0.9999999987316892,0.0,0.0,0.0,False,0.0,0.9999999987316892,0.6334978945993048,0.000751880268071215,0.3151348406388961,1.0
2024-05-29,2024-05-02,0.9999999987316892,0.0,0.0,0.0,False,0.0,0.9999999987316892,0.5957940107455908,0.0007650459447437647,0.31744777609101194,1.0
2024-05-30,2024-05-02,0.9999999987316892,0.0,0.0,0.0,False,0.0,0.9999999987316892,0.621819237546799,0.0007602265286208667,0.2621987104559762,1.0
2024-05-31,2024-05-02,0.9999999987316892,0.0,0.0,0.0,False,0.0,0.9999999987316892,0.6202622717451871,0.0009593548425173461,0.2284775876949766,1.0
2024-06-01,2024-06-01,0.9999999999972419,0.34610544588853853,0.34610544588853853,0.34610544588853853,False,0.0,1.3461054458857804,0.69255865981614,0.0005021495784274402,0.2284775876949766,1.0
2024-06-02,2024-06-01,0.9999999999972419,0.34610544588853853,0.33300159499677195,0.33300159499677195,True,0.013103850891766577,1.333001594994014,0.666380936348186,0.0005668624866614289,0.22847759632458092,1.0
2024-06-03,2024-06-01,0.9999999999972419,0.34610544588853853,0.3367680676237834,0.3367680676237834,True,0.009337378264755114,1.3367680676210254,0.6739150580060332,0.0005622707995091816,0.22847759632458092,1.0
2024-06-04,2024-06-01,0.9999999999972419,0.34610544588853853,0.3473035646276406,0.34610544588853853,False,0.0,1.3461054458857804,0.694960474998535,0.0005084400566154585,0.22847759632458092,1.0
2024-06-05,2024-06-01,0.9999999999972419,0.34610544588853853,0.3539363064854835,0.34610544588853853,False,0.0,1.3461054458857804,0.7082312853151561,0.000506433917317603,0.2237057840754454,1.0
2024-06-06,2024-06-01,0.9999999999972419,0.34610544588853853,0.33048016650736484,0.33048016650736484,True,0.015625279381173696,1.3304801665046067,0.661297187581417,0.0005093845445181058,0.21914661002573177,1.0
2024-06-07,2024-06-01,0.9999999999972419,0.34610544588853853,0.28119056301947326,0.28119056301947326,True,0.06491488286906527,1.281190563016715,0.5626813969854492,0.0005336429249505874,0.22179286315400798,1.0
2024-06-08,2024-06-01,0.9999999999972419,0.34610544588853853,0.30313407440632295,0.30313407440632295,True,0.04297137148221558,1.3031340744035649,0.6065835771331434,0.0005200080127264984,0.22180448902352415,1.0
2024-06-09,2024-06-01,0.9999999999972419,0.34610544588853853,0.2286079295159228,0.2286079295159228,True,0.11749751637261574,1.2286079295131647,0.45759800164952424,0.0008351055212241352,0.18108821584423468,1.0
2024-06-10,2024-06-01,0.9999999999972419,0.34610544588853853,0.25016324741855617,0.25016324741855617,True,0.09594219846998236,1.250163247415798,0.5006433372209282,0.0006328704693737441,0.1811693087063128,1.0
2024-06-11,2024-06-01,0.9999999999972419,0.34610544588853853,0.22392136253550357,0.22392136253550357,True,0.12218408335303496,1.2239213625327454,0.4483097643135149,0.0010417779840750873,0.21376938800251538,1.0
2024-06-12,2024-06-01,0.9999999999972419,0.34610544588853853,0.3018273412088993,0.3018273412088993,True,0.04427810467963922,1.3018273412061412,0.6041456401689143,0.0008126480081498374,0.21376938800251538,1.0
2024-06-13,2024-06-01,0.9999999999972419,0.34610544588853853,0.22312107372743384,0.22312107372743384,True,0.1229843721611047,1.2231210737246756,0.44668209987539254,0.0009849340742501397,0.2140153193288898,1.0
2024-06-14,2024-06-01,0.9999999999972419,0.34610544588853853,0.215627301785455,0.215627301785455,True,0.13047814410308353,1.2156273017826968,0.43321076068539954,0.004515485975912989,0.21741393679561066,1.0
2024-06-15,2024-06-01,0.9999999999972419,0.34610544588853853,0.22036778420568312,0.22036778420568312,True,0.1257376616828554,1.220367784202925,0.4496718819339448,0.019872964891968253,0.2112138390760196,1.0
2024-06-16,2024-06-01,0.9999999999972419,0.34610544588853853,0.2405904814472509,0.2405904814472509,True,0.10551496444128763,1.2405904814444928,0.5025119301277525,0.04244867823899782,0.2112138390760196,1.0
2024-06-17,2024-06-01,0.9999999999972419,0.34610544588853853,0.19555063717098614,0.19555063717098614,True,0.1505548087175524,1.195550637168228,0.4722406610312716,0.17181787462373202,0.2113311505946831,1.0
2024-06-18,2024-06-01,0.9999999999972419,0.34610544588853853,0.15568162803377225,0.15568162803377225,True,0.19042381785476628,1.155681628031014,0.41369779137272783,0.2473654378613382,0.2202059204208976,1.0
2024-06-19,2024-06-01,0.9999999999972419,0.34610544588853853,0.13005389601810696,0.13005389601810696,True,0.21605154987043157,1.1300538960153488,0.3496754186267801,0.25614504714775105,0.22046919171767188,1.0
2024-06-20,2024-06-01,0.9999999999972419,0.34610544588853853,0.13490406832688365,0.13490406832688365,True,0.21120137756165488,1.1349040683241256,0.362731897640149,0.2561775283368309,0.21106036474915343,1.0
2024-06-21,2024-06-01,0.9999999999972419,0.34610544588853853,0.1057544222673693,0.1057544222673693,True,0.24035102362116922,1.1057544222646112,0.2843544093409956,0.2561787769533096,0.20898021801547986,1.0
2024-06-22,2024-06-01,0.9999999999972419,0.34610544588853853,0.11389298516196908,0.11389298516196908,True,0.23221246072656945,1.113892985159211,0.3062377837095618,0.25617940554333396,0.19991232613193674,1.0
2024-06-23,2024-06-01,0.9999999999972419,0.34610544588853853,0.10340152641501316,0.10340152641501316,True,0.24270391947352538,1.103401526412255,0.27802840687955993,0.2561801322711171,0.20803775038151875,1.0
2024-06-24,2024-06-01,0.9999999999972419,0.34610544588853853,0.05768415665860478,0.05768415665860478,True,0.28842128922993376,1.0576841566558466,0.15510140465996652,0.2561749291043818,0.2653921508377831,1.0
2024-06-25,2024-06-01,0.9999999999972419,0.34610544588853853,0.06961024297013185,0.06961024297013185,True,0.2764952029184067,1.0696102429673737,0.18716504538135526,0.2561619310026765,0.2624157576727311,1.0
2024-06-26,2024-06-01,0.9999999999972419,0.34610544588853853,0.044513761228001526,0.044513761228001526,True,0.301591684660537,1.0445137612252433,0.1196883518914339,0.256172208497302,0.2678170285407222,1.0
2024-06-27,2024-06-01,0.9999999999972419,0.34610544588853853,0.0317180327623918,0.0317180327623918,True,0.3143874131261467,1.0317180327596336,0.08528427320780496,0.2561809682048375,0.2626131144565683,1.0
2024-06-28,2024-06-01,0.9999999999972419,0.34610544588853853,0.011597300883374137,0.011597300883374137,True,0.3345081450051644,1.011597300880616,0.031184369057680156,0.2562106443825627,0.26988299123246245,1.0
2024-06-29,2024-06-01,0.9999999999972419,0.34610544588853853,0.0392365200565583,0.0392365200565583,True,0.3068689258319802,1.0392365200538,0.10550063668249182,0.256184203425386,0.26988299123246245,1.0
2024-06-30,2024-06-01,0.9999999999972419,0.34610544588853853,0.09280357227530553,0.09280357227530553,True,0.253301873613233,1.0928035722725473,0.2495224562174296,0.2561505390565884,0.26664298796848573,1.0
2024-07-01,2024-07-01,0.9999999980331029,0.0,0.0,0.0,False,0.0,0.9999999980331029,0.24340096773773776,0.2661648852971544,0.26664298796848573,1.0
2024-07-02,2024-07-01,0.9999999980331029,0.0,0.0,0.0,False,0.0,0.9999999980331029,0.031869337696524086,0.26618763715594007,0.27003330555590604,1.0
2024-07-03,2024-07-01,0.9999999980331029,0.0,0.0,0.0,False,0.0,0.9999999980331029,-0.011531317682692166,0.2661937584879639,0.2915338696058797,1.0
2024-07-04,2024-07-01,0.9999999980331029,0.0,0.0,0.0,False,0.0,0.9999999980331029,-0.17197129088623794,0.26623744665574,0.3468734153656517,1.0
2024-07-05,2024-07-01,0.9999999980331029,0.0,0.0,0.0,False,0.0,0.9999999980331029,-0.1868789813190009,0.26616522418510513,0.3478352311025807,1.0
2024-07-06,2024-07-01,0.9999999980331029,0.0,0.0,0.0,False,0.0,0.9999999980331029,-0.1252843310979487,0.2662099478726444,0.3475035071530362,1.0
2024-07-07,2024-07-01,0.9999999980331029,0.0,0.0,0.0,False,0.0,0.9999999980331029,-0.20594130786868678,0.2661828731940694,0.3696550541437635,1.0
2024-07-08,2024-07-01,0.9999999980331029,0.0,0.0,0.0,False,0.0,0.9999999980331029,-0.20238011452699606,0.26659392081553307,0.36964807837873925,1.0
2024-07-09,2024-07-01,0.9999999980331029,0.0,0.0,0.0,False,0.0,0.9999999980331029,-0.12664733068895492,0.2660515580466886,0.36964807837873925,1.0
2024-07-10,2024-07-01,0.9999999980331029,0.0,0.0,0.0,False,0.0,0.9999999980331029,-0.13178248895991898,0.26725062276573147,0.37012406207898246,1.0
2024-07-11,2024-07-01,0.9999999980331029,0.0,0.0,0.0,False,0.0,0.9999999980331029,-0.16399790157794092,0.26662605429676345,0.3530783808735239,1.0
2024-07-12,2024-07-01,0.9999999980331029,0.0,0.0,0.0,False,0.0,0.9999999980331029,-0.1699659898069648,0.26907814396912677,0.3530783808735239,1.0
2024-07-13,2024-07-01,0.9999999980331029,0.0,0.0,0.0,False,0.0,0.9999999980331029,-0.029285200576885106,0.27389135832393,0.34457354027011183,1.0
2024-07-14,2024-07-01,0.9999999980331029,0.0,0.0,0.0,False,0.0,0.9999999980331029,0.07163167293931638,0.30250652057481914,0.34243928169641874,1.0
2024-07-15,2024-07-01,0.9999999980331029,0.0,0.0,0.0,False,0.0,0.9999999980331029,0.25007084246363925,0.2978398213158846,0.34243928169641874,1.0
2024-07-16,2024-07-01,0.9999999980331029,0.0,0.0,0.0,False,0.0,0.9999999980331029,0.252161030478092,0.36048667270501755,0.34243928169641874,1.0
2024-07-17,2024-07-01,0.9999999980331029,0.0,0.0,0.0,False,0.0,0.9999999980331029,0.2741307527441631,0.8184956086694026,0.3461942023453197,1.0
2024-07-18,2024-07-01,0.9999999980331029,0.0,0.0,0.0,False,0.0,0.9999999980331029,0.21777430050762048,0.8363662272178852,0.33900211743188924,1.0
2024-07-19,2024-07-01,0.9999999980331029,0.0,0.0,0.0,False,0.0,0.9999999980331029,0.27159042408425027,0.3136790646264801,0.3388309586136951,1.0
2024-07-20,2024-07-01,0.9999999980331029,0.0,0.0,0.0,False,0.0,0.9999999980331029,0.32736284730876475,0.2662337889872422,0.3387845459110438,1.0
2024-07-21,2024-07-01,0.9999999980331029,0.0,0.0,0.0,False,0.0,0.9999999980331029,0.3958723471400846,0.26603967485608293,0.3364996253702414,1.0
2024-07-22,2024-07-01,0.9999999980331029,0.0,0.0,0.0,False,0.0,0.9999999980331029,0.34705977920566683,0.26613458548077906,0.33807117376138396,1.0
2024-07-23,2024-07-01,0.9999999980331029,0.0,0.0,0.0,False,0.0,0.9999999980331029,0.23331993859792832,0.26615942493345707,0.3434194987116035,1.0
2024-07-24,2024-07-01,0.9999999980331029,0.0,0.0,0.0,False,0.0,0.9999999980331029,0.22825647028550017,0.2654601614055482,0.3027685904665921,1.0
2024-07-25,2024-07-01,0.9999999980331029,0.0,0.0,0.0,False,0.0,0.9999999980331029,0.2717059579031244,0.2637519290626678,0.3027685904665921,1.0
2024-07-26,2024-07-01,0.9999999980331029,0.0,0.0,0.0,False,0.0,0.9999999980331029,0.3190910266683458,0.26481129974842904,0.2980014907205978,1.0
2024-07-27,2024-07-01,0.9999999980331029,0.0,0.0,0.0,False,0.0,0.9999999980331029,0.3675120330733995,0.2648677483510995,0.29800207523409555,1.0
2024-07-28,2024-07-01,0.9999999980331029,0.0,0.0,0.0,False,0.0,0.9999999980331029,0.39824020712519814,0.2655747739102931,0.2889133659268777,1.0
2024-07-29,2024-07-01,0.9999999980331029,0.0,0.0,0.0,False,0.0,0.9999999980331029,0.2820677398437956,0.26483771474219236,0.2986654518505216,1.0
2024-07-30,2024-07-01,0.9999999980331029,0.0,0.0,0.0,False,0.0,0.9999999980331029,0.29537012856170025,0.26301060615744193,0.30030154169959117,1.0
2024-07-31,2024-07-31,0.9999984868728992,0.0,0.0,0.0,False,0.0,0.9999984868728992,0.27063131429891213,0.1890215264083499,0.3116127665308553,1.0
2024-08-01,2024-07-31,0.9999984868728992,0.0,0.0,0.0,False,0.0,0.9999984868728992,0.28076036812375404,0.18923228392099758,0.30867946035488586,1.0
2024-08-02,2024-07-31,0.9999984868728992,0.0,0.0,0.0,False,0.0,0.9999984868728992,-0.010496556260895046,0.1895830162856013,0.3580474858539273,1.0
2024-08-03,2024-07-31,0.9999984868728992,0.0,0.0,0.0,False,0.0,0.9999984868728992,-0.0962140096847851,0.1894447175922315,0.30815024727148316,1.0
2024-08-04,2024-07-31,0.9999984868728992,0.0,0.0,0.0,False,0.0,0.9999984868728992,-0.3148144595175779,0.18946028030411272,0.34127282118208946,1.0
2024-08-05,2024-07-31,0.9999984868728992,0.0,0.0,0.0,False,0.0,0.9999984868728992,-0.4356714016768476,0.19001365309709847,0.4276456106856458,1.0
2024-08-06,2024-07-31,0.9999984868728992,0.0,0.0,0.0,False,0.0,0.9999984868728992,-0.3725732473482313,0.1886712527036121,0.4022836515930139,1.0
2024-08-07,2024-07-31,0.9999984868728992,0.0,0.0,0.0,False,0.0,0.9999984868728992,-0.352770144817124,0.1839276161532284,0.4061245376032791,1.0
2024-08-08,2024-07-31,0.9999984868728992,0.0,0.0,0.0,False,0.0,0.9999984868728992,-0.09851146282309273,0.0207921835986596,0.4061245376032791,1.0
2024-08-09,2024-07-31,0.9999984868728992,0.0,0.0,0.0,False,0.0,0.9999984868728992,-0.14301243872694114,0.0010598209461867001,0.40851796409826047,1.0
2024-08-10,2024-07-31,0.9999984868728992,0.0,0.0,0.0,False,0.0,0.9999984868728992,-0.08809519855482065,0.0006539247382033032,0.40784724156320856,1.0
2024-08-11,2024-07-31,0.9999984868728992,0.0,0.0,0.0,False,0.0,0.9999984868728992,-0.13721960692745738,0.000922220945282211,0.4277429194945438,1.0
2024-08-12,2024-07-31,0.9999984868728992,0.0,0.0,0.0,False,0.0,0.9999984868728992,-0.10667285694166925,0.0014872965742321214,0.4277429194945438,1.0
2024-08-13,2024-07-31,0.9999984868728992,0.0,0.0,0.0,False,0.0,0.9999984868728992,0.010725283769319915,0.0011859873153274142,0.4277429194945438,1.0
2024-08-14,2024-07-31,0.9999984868728992,0.0,0.0,0.0,False,0.0,0.9999984868728992,-0.10392489985949668,0.02126197565432191,0.44200135320507095,1.0
2024-08-15,2024-07-31,0.9999984868728992,0.0,0.0,0.0,False,0.0,0.9999984868728992,-0.13601325395220887,0.12646579141843126,0.44728829464779984,1.0
2024-08-16,2024-07-31,0.9999984868728992,0.0,0.0,0.0,False,0.0,0.9999984868728992,-0.12057237811745516,0.0019466561720781934,0.44429649170456814,1.0
2024-08-17,2024-07-31,0.9999984868728992,0.0,0.0,0.0,False,0.0,0.9999984868728992,-0.08363881316959676,0.007952775206930678,0.4442630554102571,1.0
2024-08-18,2024-07-31,0.9999984868728992,0.0,0.0,0.0,False,0.0,0.9999984868728992,-0.13782782203104083,0.021616769160865305,0.4487058307714312,1.0
2024-08-19,2024-07-31,0.9999984868728992,0.0,0.0,0.0,False,0.0,0.9999984868728992,-0.07928338443613217,0.0509431512841319,0.4487058307714312,1.0
2024-08-20,2024-07-31,0.9999984868728992,0.0,0.0,0.0,False,0.0,0.9999984868728992,-0.09391939187446771,0.025641853394067014,0.4494024318736804,1.0
2024-08-21,2024-07-31,0.9999984868728992,0.0,0.0,0.0,False,0.0,0.9999984868728992,0.005658514070502246,0.0010888856566219338,0.4482214018985382,1.0
2024-08-22,2024-07-31,0.9999984868728992,0.0,0.0,0.0,False,0.0,0.9999984868728992,0.06928832642547672,0.0015432649688812724,0.4426607218550715,1.0
2024-08-23,2024-07-31,0.9999984868728992,0.0,0.0,0.0,False,0.0,0.9999984868728992,0.3077649789427366,0.0006343819725831032,0.44165977771691356,1.0
2024-08-24,2024-07-31,0.9999984868728992,0.0,0.0,0.0,False,0.0,0.9999984868728992,0.33883790767493877,0.0006212700169276312,0.44165977771691356,1.0
2024-08-25,2024-07-31,0.9999984868728992,0.0,0.0,0.0,False,0.0,0.9999984868728992,0.4104697647527538,0.0006464526536358807,0.44165977771691356,1.0
2024-08-26,2024-07-31,0.9999984868728992,0.0,0.0,0.0,False,0.0,0.9999984868728992,0.32302796411969426,0.001228550729107091,0.44816831797744844,1.0
2024-08-27,2024-07-31,0.9999984868728992,0.0,0.0,0.0,False,0.0,0.9999984868728992,0.1673312140663736,0.0008566501781937117,0.48881578532677666,0.9205922016188
2024-08-28,2024-07-31,0.9999984868728992,0.0,0.0,0.0,False,0.0,0.9999984868728992,0.056077397076458174,0.0009542716062435309,0.48343758129532094,0.9308337154804383
2024-08-29,2024-07-31,0.9999984868728992,0.0,0.0,0.0,False,0.0,0.9999984868728992,0.09371262852986514,0.005318393991130225,0.48242297954242913,0.932791386568729
2024-08-30,2024-08-30,0.9999943503101363,0.0,0.0,0.0,False,0.0,0.9999943503101363,0.08552219868342392,0.0024015670004843546,0.4753965859224163,0.9465781062076013
2024-08-31,2024-08-30,0.9999943503101363,0.0,0.0,0.0,False,0.0,0.9999943503101363,0.058182064444819936,0.0017430508827542168,0.4754791528037445,0.946413733065893
2024-09-01,2024-08-30,0.9999943503101363,0.0,0.0,0.0,False,0.0,0.9999943503101363,-0.0452426964597579,0.0012831421638697705,0.4372154144033683,1.0
2024-09-02,2024-08-30,0.9999943503101363,0.0,0.0,0.0,False,0.0,0.9999943503101363,0.1014938669029807,0.001159517604497333,0.434821315789253,1.0
2024-09-03,2024-08-30,0.9999943503101363,0.0,0.0,0.0,False,0.0,0.9999943503101363,0.057417049981802956,0.0009647849778533895,0.42020023789919003,1.0
2024-09-04,2024-08-30,0.9999943503101363,0.0,0.0,0.0,False,0.0,0.9999943503101363,0.06506769344712685,0.002771862419280372,0.3318954806402452,1.0
2024-09-05,2024-08-30,0.9999943503101363,0.0,0.0,0.0,False,0.0,0.9999943503101363,-0.01070292054133773,0.0014409414286487964,0.3494788105051907,1.0
2024-09-06,2024-08-30,0.9999943503101363,0.0,0.0,0.0,False,0.0,0.9999943503101363,-0.20212641927864733,0.0016462189908773835,0.372496558780151,1.0
2024-09-07,2024-08-30,0.9999943503101363,0.0,0.0,0.0,False,0.0,0.9999943503101363,-0.16657053279916134,0.009901618238291558,0.372496558780151,1.0
2024-09-08,2024-08-30,0.9999943503101363,0.0,0.0,0.0,False,0.0,0.9999943503101363,-0.08750225528984895,0.07285371933854388,0.36935403527688326,1.0
2024-09-09,2024-08-30,0.9999943503101363,0.0,0.0,0.0,False,0.0,0.9999943503101363,0.052329152140020624,0.2056896398198398,0.36935403527688326,1.0
2024-09-10,2024-08-30,0.9999943503101363,0.0,0.0,0.0,False,0.0,0.9999943503101363,0.028541777542269636,0.2831351542660195,0.34611814550572106,1.0
2024-09-11,2024-08-30,0.9999943503101363,0.0,0.0,0.0,False,0.0,0.9999943503101363,0.012721007108560278,0.28660919991237954,0.34659008613960574,1.0
2024-09-12,2024-08-30,0.9999943503101363,0.0,0.0,0.0,False,0.0,0.9999943503101363,-0.10638084841544013,0.28424856216169586,0.34659008613960574,1.0
2024-09-13,2024-08-30,0.9999943503101363,0.0,0.0,0.0,False,0.0,0.9999943503101363,-0.021925001348463813,0.2816764630518351,0.3282125786024376,1.0
2024-09-14,2024-08-30,0.9999943503101363,0.0,0.0,0.0,False,0.0,0.9999943503101363,-0.06754799482903631,0.2696434685776639,0.32229902643644887,1.0
2024-09-15,2024-08-30,0.9999943503101363,0.0,0.0,0.0,False,0.0,0.9999943503101363,-0.0802782567688198,0.1689785841767688,0.3262196465427327,1.0
2024-09-16,2024-08-30,0.9999943503101363,0.0,0.0,0.0,False,0.0,0.9999943503101363,-0.06180677421880498,0.12911255655625714,0.3307534226699379,1.0
2024-09-17,2024-08-30,0.9999943503101363,0.0,0.0,0.0,False,0.0,0.9999943503101363,-0.028392927349797037,0.03626418105559642,0.3247007336641781,1.0
2024-09-18,2024-08-30,0.9999943503101363,0.0,0.0,0.0,False,0.0,0.9999943503101363,0.06872728573360509,0.011377257126308103,0.3247007336641781,1.0
2024-09-19,2024-08-30,0.9999943503101363,0.0,0.0,0.0,False,0.0,0.9999943503101363,0.1309794773848241,0.009772005999066715,0.3237359158887964,1.0
2024-09-20,2024-08-30,0.9999943503101363,0.0,0.0,0.0,False,0.0,0.9999943503101363,0.17112653299837283,0.01982858186898074,0.3237359158887964,1.0
2024-09-21,2024-08-30,0.9999943503101363,0.0,0.0,0.0,False,0.0,0.9999943503101363,0.2209118970912214,0.006121298028493505,0.32062322540911686,1.0
2024-09-22,2024-08-30,0.9999943503101363,0.0,0.0,0.0,False,0.0,0.9999943503101363,0.1961902053108055,0.007108638069502123,0.32062322540911686,1.0
2024-09-23,2024-08-30,0.9999943503101363,0.0,0.0,0.0,False,0.0,0.9999943503101363,0.21210314504611597,0.007284433304649892,0.3208917189203414,1.0
2024-09-24,2024-08-30,0.9999943503101363,0.0,0.0,0.0,False,0.0,0.9999943503101363,0.20350620677180986,0.004310712953761576,0.3208917189203414,1.0
2024-09-25,2024-08-30,0.9999943503101363,0.0,0.0,0.0,False,0.0,0.9999943503101363,0.17857313625274848,0.006534749923617876,0.31761289063124215,1.0
2024-09-26,2024-08-30,0.9999943503101363,0.0,0.0,0.0,False,0.0,0.9999943503101363,0.2808539702190772,0.041553162746871944,0.2505831549590581,1.0
2024-09-27,2024-08-30,0.9999943503101363,0.0,0.0,0.0,False,0.0,0.9999943503101363,0.3177190691670756,0.11818319717982938,0.24958120002780726,1.0
2024-09-28,2024-08-30,0.9999943503101363,0.0,0.0,0.0,False,0.0,0.9999943503101363,0.33887900066914645,0.25254125610352957,0.24958120002780726,1.0
2024-09-29,2024-09-29,1.0,0.17314011136841334,0.17314011136841334,0.17314011136841334,False,0.0,1.1731401113684132,0.3470219622115063,0.0021374424545138548,0.24956729100463587,1.0
2024-09-30,2024-09-29,1.0,0.17314011136841334,0.11361914815782223,0.11361914815782223,True,0.05952096321059111,1.1136191481578221,0.2278108644365321,0.0025133486162032185,0.2781248071292777,1.0
2024-10-01,2024-09-29,1.0,0.17314011136841334,0.07329724858230006,0.07329724858230006,True,0.09984286278611328,1.0732972485823,0.1469689943846615,0.002548137596159778,0.29559834373970273,1.0
2024-10-02,2024-09-29,1.0,0.17314011136841334,0.05652365184786118,0.05652365184786118,True,0.11661645952055216,1.0565236518478611,0.11370820122459957,0.005812223936000823,0.2957349898201297,1.0
2024-10-03,2024-09-29,1.0,0.17314011136841334,0.04954592914148922,0.04954592914148922,True,0.12359418222692412,1.0495459291414893,0.09974954968350334,0.006593427264701509,0.2788938429675592,1.0
2024-10-04,2024-09-29,1.0,0.17314011136841334,0.1283499602719313,0.1283499602719313,True,0.044790151096482045,1.1283499602719314,0.26280614301690747,0.023234702214141298,0.2788938429675592,1.0
2024-10-05,2024-09-29,1.0,0.17314011136841334,0.12198213129993034,0.12198213129993034,True,0.051157980068483,1.1219821312999303,0.261183475924328,0.06592765205964336,0.256521777656806,1.0
2024-10-06,2024-09-29,1.0,0.17314011136841334,0.15097292064246845,0.15097292064246845,True,0.02216719072594489,1.1509729206424684,0.31790749395572315,0.05020848194603847,0.2146629250634781,1.0
2024-10-07,2024-09-29,1.0,0.17314011136841334,0.05761263379540045,0.05761263379540045,True,0.11552747757301289,1.0576126337954004,0.1165827069329317,0.011643573715540105,0.2172221369845141,1.0
2024-10-08,2024-09-29,1.0,0.17314011136841334,0.04309708058464775,0.04309708058464775,True,0.13004303078376558,1.0430970805846478,0.08636884556920094,0.002022539478838738,0.2172513394939813,1.0
2024-10-09,2024-09-29,1.0,0.17314011136841334,0.0,0.0,True,0.17314011136841334,1.0,-0.05403583501622408,0.0019111861349489403,0.23387932346443527,1.0
2024-10-10,2024-09-29,1.0,0.17314011136841334,0.0,0.0,True,0.17314011136841334,1.0,-0.039680723199783885,0.0019111597004763414,0.2345600384650381,1.0
2024-10-11,2024-09-29,1.0,0.17314011136841334,0.05198979781244298,0.05198979781244298,True,0.12115031355597036,1.051989797812443,0.10418004844131389,0.0019240998581494446,0.23386212708085136,1.0
2024-10-12,2024-09-29,1.0,0.17314011136841334,0.06485357217491755,0.06485357217491755,True,0.10828653919349579,1.0648535721749175,0.12995897111858493,0.001937740554440266,0.23386212708085136,1.0
2024-10-13,2024-09-29,1.0,0.17314011136841334,0.07441722913054269,0.07441722913054269,True,0.09872288223787065,1.0744172291305427,0.1491217023758396,0.0019262395089232809,0.23460085973836955,1.0
2024-10-14,2024-09-29,1.0,0.17314011136841334,0.17270316076951417,0.17270316076951417,True,0.00043695059889917176,1.1727031607695142,0.34661681356876456,0.0034923061500478827,0.2327719386161861,1.0
2024-10-15,2024-09-29,1.0,0.17314011136841334,0.20022238234670658,0.17314011136841334,False,0.0,1.1731401113684132,0.4017486045577254,0.003245412303914696,0.22724475804417313,1.0
2024-10-16,2024-09-29,1.0,0.17314011136841334,0.20376195922395984,0.17314011136841334,False,0.0,1.1731401113684132,0.4104518795990021,0.007133506500062665,0.22059376972421885,1.0
2024-10-17,2024-09-29,1.0,0.17314011136841334,0.18588729712022103,0.17314011136841334,False,0.0,1.1731401113684132,0.40073807316586707,0.07227533609824217,0.22083133206130834,1.0
2024-10-18,2024-09-29,1.0,0.17314011136841334,0.1857111932450341,0.17314011136841334,False,0.0,1.1731401113684132,0.44505353553049304,0.16544335268038782,0.22083133206130834,1.0
2024-10-19,2024-09-29,1.0,0.17314011136841334,0.19463670287747015,0.17314011136841334,False,0.0,1.1731401113684132,0.4697135228698704,0.1712535688209582,0.2208460503120792,1.0
2024-10-20,2024-09-29,1.0,0.17314011136841334,0.23953753254865479,0.17314011136841334,False,0.0,1.1731401113684132,0.5186923158776815,0.076379097140345,0.2208460503120792,1.0
2024-10-21,2024-09-29,1.0,0.17314011136841334,0.24699083891063825,0.17314011136841334,False,0.0,1.1731401113684132,0.4959782751856303,0.00402557423227164,0.23650154931390877,1.0
2024-10-22,2024-09-29,1.0,0.17314011136841334,0.23927475495617845,0.17314011136841334,False,0.0,1.1731401113684132,0.4794906196708746,0.001962728195107707,0.23650154931390877,1.0
2024-10-23,2024-09-29,1.0,0.17314011136841334,0.1930655083759403,0.17314011136841334,False,0.0,1.1731401113684132,0.3868688945691361,0.001907307172051858,0.23940168598378989,1.0
2024-10-24,2024-09-29,1.0,0.17314011136841334,0.21940690462992885,0.17314011136841334,False,0.0,1.1731401113684132,0.4396498361125965,0.001901574353196609,0.23940168598378989,1.0
2024-10-25,2024-09-29,1.0,0.17314011136841334,0.15724558298485286,0.15724558298485286,True,0.01589452838356048,1.157245582984853,0.3151199500939039,0.001995380248095519,0.24419750732100923,1.0
2024-10-26,2024-09-29,1.0,0.17314011136841334,0.2148466312389859,0.17314011136841334,False,0.0,1.1731401113684132,0.4305186791023979,0.001917260886675207,0.24419750732100923,1.0
2024-10-27,2024-09-29,1.0,0.17314011136841334,0.2331638328410429,0.17314011136841334,False,0.0,1.1731401113684132,0.46721672675130016,0.0019028879282560938,0.24419750732100923,1.0
2024-10-28,2024-09-29,1.0,0.17314011136841334,0.2580852870512826,0.17314011136841334,False,0.0,1.1731401113684132,0.5171571130970175,0.0019076195018268357,0.24419750732100923,1.0
2024-10-29,2024-10-29,1.0,0.23852987415769042,0.23852987415769042,0.23852987415769042,False,0.0,1.2385298741576904,0.5947651723043779,0.1979023478004861,0.24381936390649073,1.0
2024-10-30,2024-10-29,1.0,0.23852987415769042,0.2179131195938433,0.2179131195938433,True,0.020616754563847123,1.2179131195938433,0.5446535944889147,0.1998102214001693,0.21131612956320697,1.0
2024-10-31,2024-10-29,1.0,0.23852987415769042,0.22355308702379723,0.22355308702379723,True,0.014976787133893193,1.2235530870237972,0.5586967089514544,0.1997336535475389,0.18612999529890323,1.0
2024-11-01,2024-10-29,1.0,0.23852987415769042,0.21011991499972382,0.21011991499972382,True,0.028409959157966597,1.2101199149997237,0.5251175834492777,0.1997224179029238,0.19010956113479144,1.0
2024-11-02,2024-10-29,1.0,0.23852987415769042,0.2156405183453074,0.2156405183453074,True,0.022889355812383022,1.2156405183453074,0.5390099167071037,0.19986437480523842,0.1902071435613901,1.0
2024-11-03,2024-10-29,1.0,0.23852987415769042,0.17417876617543238,0.17417876617543238,True,0.06435110798225804,1.1741787661754324,0.43538755106213833,0.19989092131587535,0.19259521393340143,1.0
2024-11-04,2024-10-29,1.0,0.23852987415769042,0.16319461123754728,0.16319461123754728,True,0.07533526292014314,1.1631946112375473,0.4079298192546314,0.19988878706765714,0.1983077794598596,1.0
2024-11-05,2024-10-29,1.0,0.23852987415769042,0.18752236558657598,0.18752236558657598,True,0.05100750857111444,1.187522365586576,0.4687361626490046,0.19988095423738397,0.1983077794598596,1.0
2024-11-06,2024-10-29,1.0,0.23852987415769042,0.24095733148560836,0.23852987415769042,False,0.0,1.2385298741576904,0.6022304855430113,0.19978367993661061,0.19550112530364044,1.0
2024-11-07,2024-10-29,1.0,0.23852987415769042,0.24340472951511413,0.23852987415769042,False,0.0,1.2385298741576904,0.6081073281238325,0.19946786279954792,0.19546867339596796,1.0
2024-11-08,2024-10-29,1.0,0.23852987415769042,0.24343845698645653,0.23852987415769042,False,0.0,1.2385298741576904,0.6077392882451241,0.1988720765794275,0.1752330130053318,1.0
2024-11-09,2024-10-29,1.0,0.23852987415769042,0.2466596874436805,0.23852987415769042,False,0.0,1.2385298741576904,0.6165430150379586,0.19986219476188719,0.17432078231349404,1.0
2024-11-10,2024-10-29,1.0,0.23852987415769042,0.28333886895223664,0.23852987415769042,False,0.0,1.2385298741576904,0.7082267723378223,0.1998639983152607,0.17432078231349404,1.0
2024-11-11,2024-10-29,1.0,0.23852987415769042,0.32877149688292245,0.23852987415769042,False,0.0,1.2385298741576904,0.8218180822403142,0.1998922778951855,0.17432078231349404,1.0
2024-11-12,2024-10-29,1.0,0.23852987415769042,0.30881029642678104,0.23852987415769042,False,0.0,1.2385298741576904,0.7719218091956717,0.19989228766950967,0.17549227382178575,1.0
2024-11-13,2024-10-29,1.0,0.23852987415769042,0.32076422361999485,0.23852987415769042,False,0.0,1.2385298741576904,0.8018026043116073,0.19989228796434508,0.17549227382178575,1.0
2024-11-14,2024-10-29,1.0,0.23852987415769042,0.3259219539956862,0.23852987415769042,False,0.0,1.2385298741576904,0.8146942381879101,0.19989134888048166,0.2124464588982547,1.0
2024-11-15,2024-10-29,1.0,0.23852987415769042,0.3287337008199685,0.23852987415769042,False,0.0,1.2385298741576904,0.817570669697429,0.1958280476435681,0.2124464588982547,1.0
2024-11-16,2024-10-29,1.0,0.23852987415769042,0.40516821165482125,0.23852987415769042,False,0.0,1.2385298741576904,0.8112368124688203,0.001109896820926567,0.21288728404904647,1.0
2024-11-17,2024-10-29,1.0,0.23852987415769042,0.4022325724752281,0.23852987415769042,False,0.0,1.2385298741576904,0.80507016080443,0.0007515069908555544,0.21475464383938983,1.0
2024-11-18,2024-10-29,1.0,0.23852987415769042,0.3980105286051789,0.23852987415769042,False,0.0,1.2385298741576904,0.7966197190597684,0.0007515026744719585,0.21473950808388653,1.0
2024-11-19,2024-10-29,1.0,0.23852987415769042,0.4020043003814084,0.23852987415769042,False,0.0,1.2385298741576904,0.8046132694839849,0.0007515022981860168,0.21473950808388653,1.0
2024-11-20,2024-10-29,1.0,0.23852987415769042,0.4105286478384653,0.23852987415769042,False,0.0,1.2385298741576904,0.8216747895657273,0.0007515064313010704,0.1973652741560069,1.0
2024-11-21,2024-10-29,1.0,0.23852987415769042,0.4277395967611424,0.23852987415769042,False,0.0,1.2385298741576904,0.8561225662348445,0.0007514960333181572,0.1973652741560069,1.0
2024-11-22,2024-10-29,1.0,0.23852987415769042,0.43068500414920124,0.23852987415769042,False,0.0,1.2385298741576904,0.8620178098882232,0.000751494438270088,0.1933924104476901,1.0
2024-11-23,2024-10-29,1.0,0.23852987415769042,0.4177350132399029,0.23852987415769042,False,0.0,1.2385298741576904,0.8360983499021443,0.0007514946326732932,0.19817715677138067,1.0
2024-11-24,2024-10-29,1.0,0.23852987415769042,0.4224033161849289,0.23852987415769042,False,0.0,1.2385298741576904,0.8454419774747179,0.0007514946285940054,0.1823640500610863,1.0
2024-11-25,2024-10-29,1.0,0.23852987415769042,0.39347573048758505,0.23852987415769042,False,0.0,1.2385298741576904,0.7875432969156102,0.0007514963847168077,0.25534385347163496,1.0
2024-11-26,2024-10-29,1.0,0.23852987415769042,0.38018457601154265,0.23852987415769042,False,0.0,1.2385298741576904,0.760940995782141,0.0007514955328013801,0.2583666119612698,1.0
2024-11-27,2024-10-29,1.0,0.23852987415769042,0.40891854441893033,0.23852987415769042,False,0.0,1.2385298741576904,0.8184521533840309,0.0007514972544541897,0.2583666119612698,1.0
2024-11-28,2024-11-28,1.0,0.42282285492351024,0.42282285492351024,0.42282285492351024,False,0.0,1.4228228549235102,0.8475486658677304,0.002245246907163307,0.2584898929068898,1.0
2024-11-29,2024-11-28,1.0,0.42282285492351024,0.42985018018458215,0.42282285492351024,False,0.0,1.4228228549235102,0.8616349391969714,0.0022452418533654792,0.25780285857923385,1.0
2024-11-30,2024-11-28,1.0,0.42282285492351024,0.42352356079059067,0.42282285492351024,False,0.0,1.4228228549235102,0.8489532273653253,0.0022452424028817836,0.24044676320572655,1.0
2024-12-01,2024-11-28,1.0,0.42282285492351024,0.4167408936574713,0.4167408936574713,True,0.006081961266038938,1.4167408936574712,0.8353573669576905,0.002245242236359987,0.2371425151021232,1.0
2024-12-02,2024-11-28,1.0,0.42282285492351024,0.410542292868503,0.410542292868503,True,0.012280562055007216,1.410542292868503,0.8229322683652182,0.002245242651479192,0.24199357732628388,1.0
2024-12-03,2024-11-28,1.0,0.42282285492351024,0.40184216910862036,0.40184216910862036,True,0.020980685814889877,1.4018421691086203,0.8054928792909526,0.0022452601633224855,0.240097339633122,1.0
2024-12-04,2024-11-28,1.0,0.42282285492351024,0.42618852659185874,0.42282285492351024,False,0.0,1.4228228549235102,0.8542951658970384,0.002245257599353003,0.23539583225910607,1.0
2024-12-05,2024-11-28,1.0,0.42282285492351024,0.40967284622566735,0.40967284622566735,True,0.013150008697842885,1.4096728462256674,0.8211894938972409,0.002245281338361825,0.242573679586189,1.0
2024-12-06,2024-11-28,1.0,0.42282285492351024,0.4228620596009364,0.42282285492351024,False,0.0,1.4228228549235102,0.8476272798826037,0.002245280120048138,0.242573679586189,1.0
2024-12-07,2024-11-28,1.0,0.42282285492351024,0.42873933854848134,0.42282285492351024,False,0.0,1.4228228549235102,0.8594082894837963,0.0022452801659530583,0.242573679586189,1.0
2024-12-08,2024-11-28,1.0,0.42282285492351024,0.4413083828819274,0.42282285492351024,False,0.0,1.4228228549235102,0.8846029272942384,0.0022452576959684258,0.242573679586189,1.0
2024-12-09,2024-11-28,1.0,0.42282285492351024,0.41549888710937055,0.41549888710937055,True,0.007323967814139687,1.4154988871093706,0.8328677804337089,0.002245261803733148,0.2775154160764721,1.0
2024-12-10,2024-11-28,1.0,0.42282285492351024,0.3912013417523978,0.3912013417523978,True,0.03162151317111245,1.3912013417523978,0.7841633328178741,0.0022452584039497005,0.2786030630111095,1.0
2024-12-11,2024-11-28,1.0,0.42282285492351024,0.4068218453940674,0.4068218453940674,True,0.016001009529442833,1.4068218453940675,0.8154748435170621,0.0022455048656433853,0.2786030630111095,1.0
2024-12-12,2024-11-28,1.0,0.42282285492351024,0.3941804138255626,0.3941804138255626,True,0.028642441097947613,1.3941804138255627,0.7901352560951271,0.0022457274628792214,0.2799550615128586,1.0
2024-12-13,2024-11-28,1.0,0.42282285492351024,0.41861763381113637,0.41861763381113637,True,0.004205221112373869,1.4186176338111363,0.8391195828098162,0.0022455860000714445,0.2799550615128586,1.0
2024-12-14,2024-11-28,1.0,0.42282285492351024,0.4120961874665202,0.4120961874665202,True,0.010726667456990024,1.41209618746652,0.8260475814192257,0.0022458833218757563,0.2530590802628401,1.0
2024-12-15,2024-11-28,1.0,0.42282285492351024,0.45498728811826283,0.42282285492351024,False,0.0,1.4228228549235102,0.912022564486594,0.0022455455926370053,0.2530590802628401,1.0
2024-12-16,2024-11-28,1.0,0.42282285492351024,0.4615787939815053,0.42282285492351024,False,0.0,1.4228228549235102,0.9252351154994585,0.002245404980469621,0.25248076028337846,1.0
2024-12-17,2024-11-28,1.0,0.42282285492351024,0.45442298162014827,0.42282285492351024,False,0.0,1.4228228549235102,0.9108912654537322,0.0022453856909220725,0.2508943462345635,1.0
2024-12-18,2024-11-28,1.0,0.42282285492351024,0.40584926463775345,0.40584926463775345,True,0.01697359028575679,1.4058492646377534,0.8135251661755992,0.0022453354561597404,0.3211892387705013,1.0
2024-12-19,2024-11-28,1.0,0.42282285492351024,0.3650589058946514,0.3650589058946514,True,0.05776394902885884,1.3650589058946514,0.7317608658402307,0.0022453428812995507,0.33545439803052485,1.0
2024-12-20,2024-11-28,1.0,0.42282285492351024,0.3842508005182473,0.3842508005182473,True,0.03857205440526296,1.3842508005182472,0.7702310714447725,0.002245391639464582,0.33545439803052485,1.0
2024-12-21,2024-11-28,1.0,0.42282285492351024,0.369332962138205,0.369332962138205,True,0.05348989278530525,1.369332962138205,0.7403283608452209,0.0022455394886032507,0.33595643821385457,1.0
2024-12-22,2024-11-28,1.0,0.42282285492351024,0.35877325543526184,0.35877325543526184,True,0.0640495994882484,1.3587732554352618,0.7191623628622789,0.0022468528321255535,0.34451681872042517,1.0
2024-12-23,2024-11-28,1.0,0.42282285492351024,0.3541186826425068,0.3541186826425068,True,0.06870417228100345,1.3541186826425067,0.7098325652680364,0.002247290503529486,0.3419699278299963,1.0
2024-12-24,2024-11-28,1.0,0.42282285492351024,0.3776980324671738,0.3776980324671738,True,0.04512482245633642,1.377698032467174,0.7570961775263234,0.0022455701698700153,0.3419699278299963,1.0
2024-12-25,2024-11-28,1.0,0.42282285492351024,0.39766136370921623,0.39766136370921623,True,0.025161491214294007,1.3976613637092163,0.7971130385832108,0.002245994078782685,0.29154689981029036,1.0
2024-12-26,2024-11-28,1.0,0.42282285492351024,0.35200769365525186,0.35200769365525186,True,0.07081516126825838,1.3520076936552519,0.7056007756129564,0.0022468630382038754,0.3167827668756408,1.0
2024-12-27,2024-11-28,1.0,0.42282285492351024,0.3399010181458332,0.3399010181458332,True,0.08292183677767706,1.339901018145833,0.6813349521819005,0.002249871205528588,0.3214838219268614,1.0
2024-12-28,2024-12-28,1.0,0.33626596094676253,0.33626596094676253,0.33626596094676253,False,0.0,1.3362659609467626,0.6732238936779691,0.0010278479283668404,0.3213847059242738,1.0
2024-12-29,2024-12-28,1.0,0.33626596094676253,0.33416087362606167,0.33416087362606167,True,0.0021050873207008602,1.3341608736260617,0.6690089978796523,0.001027266643209737,0.32651210607237396,1.0
2024-12-30,2024-12-28,1.0,0.33626596094676253,0.3329141225595316,0.3329141225595316,True,0.00335183838723091,1.3329141225595316,0.6665201802146566,0.0010381307515258346,0.3262349560254575,1.0
2024-12-31,2024-12-28,1.0,0.33626596094676253,0.3128464613884309,0.3128464613884309,True,0.023419499558331613,1.312846461388431,0.6263383057484024,0.0010304063564649467,0.3262349560254575,1.0
2025-01-01,2024-12-28,1.0,0.33626596094676253,0.3319210628608575,0.3319210628608575,True,0.004344898085905047,1.3319210628608575,0.6645249163579527,0.0010274868848859412,0.3225954359686456,1.0
2025-01-02,2024-12-28,1.0,0.33626596094676253,0.34853699084585577,0.33626596094676253,False,0.0,1.3362659609467626,0.6977921260851478,0.001029166662377554,0.3225954359686456,1.0
2025-01-03,2024-12-28,1.0,0.33626596094676253,0.36431327043024103,0.33626596094676253,False,0.0,1.3362659609467626,0.7293819477164993,0.0010356807683302416,0.3225954359686456,1.0
2025-01-04,2024-12-28,1.0,0.33626596094676253,0.3417063342263111,0.33626596094676253,False,0.0,1.3362659609467626,0.6841285289995906,0.0010463831233808315,0.3172333890446821,1.0
2025-01-05,2024-12-28,1.0,0.33626596094676253,0.3322822730776843,0.3322822730776843,True,0.003983687869078212,1.3322822730776842,0.6652636013613462,0.0010507943085222354,0.3172333890446821,1.0
2025-01-06,2024-12-28,1.0,0.33626596094676253,0.3638868073641997,0.33626596094676253,False,0.0,1.3362659609467626,0.7285288402084451,0.0010366445888808729,0.3172333890446821,1.0
2025-01-07,2024-12-28,1.0,0.33626596094676253,0.34439940036279376,0.33626596094676253,False,0.0,1.3362659609467626,0.6895089260768362,0.001029900157042468,0.36723419452226946,1.0
2025-01-08,2024-12-28,1.0,0.33626596094676253,0.3368451075427948,0.33626596094676253,False,0.0,1.3362659609467626,0.6743836390698938,0.0010282336998279945,0.34845867396797614,1.0
2025-01-09,2024-12-28,1.0,0.33626596094676253,0.29408520921654097,0.29408520921654097,True,0.042180751730221566,1.294085209216541,0.5887772736985375,0.0010307042961144575,0.3598850828817101,1.0
2025-01-10,2024-12-28,1.0,0.33626596094676253,0.27441565583184546,0.27441565583184546,True,0.06185030511491707,1.2744156558318456,0.5494004167494092,0.0010358657699705283,0.3598850828817101,1.0
2025-01-11,2024-12-28,1.0,0.33626596094676253,0.29214992420322733,0.29214992420322733,True,0.0441160367435352,1.2921499242032273,0.5849046612881894,0.0010340366930957912,0.35780976435492695,1.0
2025-01-12,2024-12-28,1.0,0.33626596094676253,0.2731139668827817,0.2731139668827817,True,0.06315199406398081,1.2731139668827818,0.5467928137769829,0.0010330787040112124,0.3578154999066278,1.0
2025-01-13,2024-12-28,1.0,0.33626596094676253,0.26758656505090034,0.26758656505090034,True,0.0686793958958622,1.2675865650509004,0.5357245601926409,0.0010293164282816495,0.35781562276119017,1.0
2025-01-14,2024-12-28,1.0,0.33626596094676253,0.27322022871410107,0.27322022871410107,True,0.06304573223266147,1.273220228714101,0.5470044569305301,0.001031069299677888,0.35781562276119017,1.0
2025-01-15,2024-12-28,1.0,0.33626596094676253,0.3470143038052818,0.33626596094676253,False,0.0,1.3362659609467626,0.6947439359007511,0.001029628692275121,0.35781562276119017,1.0
2025-01-16,2024-12-28,1.0,0.33626596094676253,0.35622118922394147,0.33626596094676253,False,0.0,1.3362659609467626,0.7131752312945879,0.0010275915575119925,0.358255509186131,1.0
2025-01-17,2024-12-28,1.0,0.33626596094676253,0.39100622981977246,0.33626596094676253,False,0.0,1.3362659609467626,0.7828161339757082,0.0010266450846913803,0.29687110962959823,1.0
2025-01-18,2024-12-28,1.0,0.33626596094676253,0.39559606681925286,0.33626596094676253,False,0.0,1.3362659609467626,0.7920051001613904,0.0010264662724001877,0.28065161620176227,1.0
2025-01-19,2024-12-28,1.0,0.33626596094676253,0.351184455529998,0.33626596094676253,False,0.0,1.3362659609467626,0.7030906904736118,0.0010265808143890651,0.3011734807187065,1.0
2025-01-20,2024-12-28,1.0,0.33626596094676253,0.33208348505037083,0.33208348505037083,True,0.004182475896391702,1.3320834850503709,0.6648494813142071,0.001026565008543349,0.30061335677062556,1.0
2025-01-21,2024-12-28,1.0,0.33626596094676253,0.3670893974056341,0.33626596094676253,False,0.0,1.3362659609467626,0.7349331672409392,0.0010264503811999639,0.29076327186390055,1.0
2025-01-22,2024-12-28,1.0,0.33626596094676253,0.3345856118438153,0.3345856118438153,True,0.0016803491029472317,1.3345856118438153,0.6698588278019697,0.0010264910840921263,0.30163369394121226,1.0
2025-01-23,2024-12-28,1.0,0.33626596094676253,0.33323746291878736,0.33323746291878736,True,0.0030284980279751683,1.3332374629187873,0.6671598342952997,0.0010266032553478371,0.30163369394121226,1.0
2025-01-24,2024-12-28,1.0,0.33626596094676253,0.3737289302873687,0.33626596094676253,False,0.0,1.3362659609467626,0.7482258858931081,0.0010264618383978906,0.30163369394121226,1.0
2025-01-25,2024-12-28,1.0,0.33626596094676253,0.37484611857712946,0.33626596094676253,False,0.0,1.3362659609467626,0.7504625778947683,0.001026487879875911,0.2722044641093348,1.0
2025-01-26,2024-12-28,1.0,0.33626596094676253,0.3054939239461065,0.3054939239461065,True,0.030772037000656005,1.3054939239461065,0.6116157289614509,0.0010265940516344036,0.2760699051766618,1.0
2025-01-27,2025-01-27,1.0,0.33623632151497035,0.33623632151497035,0.33623632151497035,False,0.0,1.3362363215149704,0.6736845463456318,0.0017989180875009596,0.2766761997910557,1.0
2025-01-28,2025-01-27,1.0,0.33623632151497035,0.3281432208803304,0.3281432208803304,True,0.008093100634639971,1.3281432208803303,0.6574691753605216,0.0017989187085650322,0.2718170876907788,1.0
2025-01-29,2025-01-27,1.0,0.33623632151497035,0.3740819287848281,0.33623632151497035,False,0.0,1.3362363215149704,0.7495121331587299,0.0017988709314038652,0.26950392805585627,1.0
2025-01-30,2025-01-27,1.0,0.33623632151497035,0.3701761884490671,0.33623632151497035,False,0.0,1.3362363215149704,0.741686607177454,0.0017989138086198133,0.26950392805585627,1.0
2025-01-31,2025-01-27,1.0,0.33623632151497035,0.3500687017393039,0.33623632151497035,False,0.0,1.3362363215149704,0.7013997200463444,0.0017997106808842532,0.280352913837395,1.0
2025-02-01,2025-01-27,1.0,0.33623632151497035,0.32513880571872805,0.32513880571872805,True,0.011097515796242297,1.325138805718728,0.6514496889633904,0.0017991834915130932,0.28704705920369666,1.0
2025-02-02,2025-01-27,1.0,0.33623632151497035,0.2619823832053062,0.2619823832053062,True,0.07425393830966415,1.2619823832053063,0.5249094781086567,0.0017997611730089667,0.3050495361785517,1.0
2025-02-03,2025-01-27,1.0,0.33623632151497035,0.3146336190548558,0.3146336190548558,True,0.02160270246011453,1.3146336190548558,0.6304013447664949,0.0017990232194116551,0.3050495361785517,1.0
2025-02-04,2025-01-27,1.0,0.33623632151497035,0.20943943134133086,0.20943943134133086,True,0.1267968901736395,1.2094394313413308,0.41963500562198675,0.0018019062499427662,0.3296456915376161,1.0
2025-02-05,2025-01-27,1.0,0.33623632151497035,0.19355627075743917,0.19355627075743917,True,0.14268005075753118,1.1935562707574392,0.3878347728788326,0.0018622140521161964,0.33222267147022116,1.0
2025-02-06,2025-01-27,1.0,0.33623632151497035,0.1674355180375518,0.1674355180375518,True,0.16880080347741855,1.1674355180375517,0.33551075986354784,0.0019067161622608954,0.27595719342994735,1.0
2025-02-07,2025-01-27,1.0,0.33623632151497035,0.18816116901759947,0.18816116901759947,True,0.14807515249737088,1.1881611690175995,0.37700904512497657,0.0018214605157549258,0.26724523347827484,1.0
2025-02-08,2025-01-27,1.0,0.33623632151497035,0.20840986743995585,0.20840986743995585,True,0.1278264540750145,1.208409867439956,0.4175879015874566,0.001839532957312087,0.2504523175527395,1.0
2025-02-09,2025-01-27,1.0,0.33623632151497035,0.17148151794318678,0.17148151794318678,True,0.16475480357178357,1.1714815179431868,0.34359822720711314,0.0018486455122386516,0.2504523175527395,1.0
2025-02-10,2025-01-27,1.0,0.33623632151497035,0.17248563498050326,0.17248563498050326,True,0.1637506865344671,1.1724856349805033,0.3456141500446836,0.001860109268078206,0.25040919931411315,1.0
2025-02-11,2025-01-27,1.0,0.33623632151497035,0.14243184982646273,0.14243184982646273,True,0.19380447168850762,1.1424318498264627,0.28539656813745506,0.0018671159502974544,0.2574129624056738,1.0
2025-02-12,2025-01-27,1.0,0.33623632151497035,0.1730453431907393,0.1730453431907393,True,0.16319097832423105,1.1730453431907393,0.34673702192179623,0.0018640511380506558,0.25741275013457116,1.0
2025-02-13,2025-01-27,1.0,0.33623632151497035,0.1328551083086139,0.1328551083086139,True,0.20338121320635644,1.1328551083086138,0.2661971234748166,0.0018291214091005032,0.2613622190612288,1.0
2025-02-14,2025-01-27,1.0,0.33623632151497035,0.1375186071892427,0.1375186071892427,True,0.19871771432572766,1.1375186071892427,0.27553591692796453,0.0018099366319982684,0.2613622190612288,1.0
2025-02-15,2025-01-27,1.0,0.33623632151497035,0.14694170190415398,0.14694170190415398,True,0.18929461961081637,1.146941701904154,0.2944161950208243,0.0018096532104107212,0.2607589300146288,1.0
2025-02-16,2025-01-27,1.0,0.33623632151497035,0.16422935523413934,0.16422935523413934,True,0.172006966280831,1.1642293552341394,0.3290573520970851,0.0018192622805454867,0.26594850731293956,1.0
2025-02-17,2025-01-27,1.0,0.33623632151497035,0.1813423074239129,0.1813423074239129,True,0.15489401409105744,1.1813423074239129,0.36337141406890006,0.0018900749879681281,0.2662324126001801,1.0
2025-02-18,2025-01-27,1.0,0.33623632151497035,0.17016508583102927,0.17016508583102927,True,0.16607123568394108,1.1701650858310293,0.34097613754613926,0.0018944606761325353,0.2428067608676186,1.0
2025-02-19,2025-01-27,1.0,0.33623632151497035,0.1916881525465739,0.1916881525465739,True,0.14454816896839645,1.191688152546574,0.3840801471964414,0.001832539662440887,0.2428067608676186,1.0
2025-02-20,2025-01-27,1.0,0.33623632151497035,0.2464129742496373,0.2464129742496373,True,0.08982334726533306,1.2464129742496373,0.4937413758428635,0.001854062447219813,0.2428067608676186,1.0
2025-02-21,2025-01-27,1.0,0.33623632151497035,0.22267666768081468,0.22267666768081468,True,0.11355965383415567,1.2226766676808147,0.4462481184852702,0.0020051246976190355,0.24122582640986787,1.0
2025-02-22,2025-01-27,1.0,0.33623632151497035,0.2244317113482641,0.2244317113482641,True,0.11180461016670626,1.2244317113482641,0.4498262931949091,0.0021405384988549183,0.24122582640986787,1.0
2025-02-23,2025-01-27,1.0,0.33623632151497035,0.1777442947394167,0.1777442947394167,True,0.15849202677555366,1.1777442947394168,0.35653860013248273,0.0029450125547673153,0.24145867796796824,1.0
2025-02-24,2025-01-27,1.0,0.33623632151497035,0.14515396184549403,0.14515396184549403,True,0.19108235966947631,1.145153961845494,0.2914667345536176,0.00397579114612949,0.2980646564746872,1.0
2025-02-25,2025-01-27,1.0,0.33623632151497035,0.1035612506974426,0.1035612506974426,True,0.23267507081752775,1.1035612506974426,0.207728158486547,0.0029156234574766213,0.3099780832240185,1.0
2025-02-26,2025-02-26,0.9999999999999989,0.020097776993654826,0.020097776993654826,0.020097776993654826,False,0.0,1.0200977769936537,0.040358528549263806,0.004038169076338204,0.3573609799649108,1.0
2025-02-27,2025-02-26,0.9999999999999989,0.020097776993654826,0.04005913517584388,0.020097776993654826,False,0.0,1.0200977769936537,0.08044064909668933,0.004007659667366377,0.35644078633318566,1.0
2025-02-28,2025-02-26,0.9999999999999989,0.020097776993654826,0.05806694121027946,0.020097776993654826,False,0.0,1.0200977769936537,0.116608396647017,0.004069297238469748,0.35674788066252505,1.0
2025-03-01,2025-02-26,0.9999999999999989,0.020097776993654826,0.09363443828050295,0.020097776993654826,False,0.0,1.0200977769936537,0.18801781116112232,0.0039833173011178,0.35674788066252505,1.0
2025-03-02,2025-02-26,0.9999999999999989,0.020097776993654826,0.22437094211609238,0.020097776993654826,False,0.0,1.0200977769936537,0.45051958442005635,0.003945888812269961,0.3482867515390465,1.0
2025-03-03,2025-02-26,0.9999999999999989,0.020097776993654826,0.09578134163905248,0.020097776993654826,False,0.0,1.0200977769936537,0.19790466256522993,0.003945656059488966,0.46306361947645075,0.9717887155738542
2025-03-04,2025-02-26,0.9999999999999989,0.020097776993654826,0.11069860656641992,0.020097776993654826,False,0.0,1.0200977769936537,0.22296943695579485,0.0039456251566612945,0.451407477072957,0.9968820253441892
2025-03-05,2025-02-26,0.9999999999999989,0.020097776993654826,0.1535362987601946,0.020097776993654826,False,0.0,1.0200977769936537,0.3092532646764609,0.0039457237604155785,0.451407477072957,0.9968820253441892
2025-03-06,2025-02-26,0.9999999999999989,0.020097776993654826,0.11355522047662084,0.020097776993654826,False,0.0,1.0200977769936537,0.22801008470778628,0.003945631421073157,0.4345528558733299,1.0
2025-03-07,2025-02-26,0.9999999999999989,0.020097776993654826,0.05082922312797487,0.020097776993654826,False,0.0,1.0200977769936537,0.10206114928237134,0.003945703426359125,0.4498884254573873,1.0
2025-03-08,2025-02-26,0.9999999999999989,0.020097776993654826,0.06320031797828962,0.020097776993654826,False,0.0,1.0200977769936537,0.12703939449193222,0.003945854085380574,0.45048944239282124,0.9989135319349073
2025-03-09,2025-02-26,0.9999999999999989,0.020097776993654826,0.0,0.0,True,0.020097776993654826,0.9999999999999989,-0.023605094219040723,0.003945683869200384,0.5055303851870268,0.8901542087000712
2025-03-10,2025-02-26,0.9999999999999989,0.020097776993654826,0.0,0.0,True,0.020097776993654826,0.9999999999999989,-0.12658429445578886,0.00394568119861175,0.5141246212107246,0.8752741678472509
2025-03-11,2025-02-26,0.9999999999999989,0.020097776993654826,0.0,0.0,True,0.020097776993654826,0.9999999999999989,-0.1157232165856995,0.0039456051658960335,0.5141246212107246,0.8752741678472509
2025-03-12,2025-02-26,0.9999999999999989,0.020097776993654826,0.0,0.0,True,0.020097776993654826,0.9999999999999989,-0.11767622716717657,0.003945624744382441,0.5141246212107246,0.8752741678472509
2025-03-13,2025-02-26,0.9999999999999989,0.020097776993654826,0.0,0.0,True,0.020097776993654826,0.9999999999999989,-0.2194440079538918,0.003945714223982606,0.5220624331937628,0.8619658711068052
2025-03-14,2025-02-26,0.9999999999999989,0.020097776993654826,0.0,0.0,True,0.020097776993654826,0.9999999999999989,-0.0831888472519057,0.003945553292427334,0.5220624331937628,0.8619658711068052
2025-03-15,2025-02-26,0.9999999999999989,0.020097776993654826,0.0,0.0,True,0.020097776993654826,0.9999999999999989,-0.12920274822812322,0.00394559472610097,0.5200964319541382,0.8652241629676873
2025-03-16,2025-02-26,0.9999999999999989,0.020097776993654826,0.0,0.0,True,0.020097776993654826,0.9999999999999989,-0.20487083854685187,0.0039460497613422515,0.5252958807993658,0.8566600585468427
2025-03-17,2025-02-26,0.9999999999999989,0.020097776993654826,0.0,0.0,True,0.020097776993654826,0.9999999999999989,-0.1280341549884792,0.003945579751352053,0.5252958807993658,0.8566600585468427
2025-03-18,2025-02-26,0.9999999999999989,0.020097776993654826,0.0,0.0,True,0.020097776993654826,0.9999999999999989,-0.17190321170003958,0.003945704215550365,0.5254888976790557,0.8563453994699602
2025-03-19,2025-02-26,0.9999999999999989,0.020097776993654826,0.0,0.0,True,0.020097776993654826,0.9999999999999989,-0.05126885865860312,0.00394552382967929,0.525345117619853,0.8565797699591952
2025-03-20,2025-02-26,0.9999999999999989,0.020097776993654826,0.0,0.0,True,0.020097776993654826,0.9999999999999989,-0.12422298118393083,0.003945815387547754,0.5361075657182093,0.8393837893280741
2025-03-21,2025-02-26,0.9999999999999989,0.020097776993654826,0.0,0.0,True,0.020097776993654826,0.9999999999999989,-0.18202196186001665,0.003946603849429782,0.5361365923823009,0.839338344731225
2025-03-22,2025-02-26,0.9999999999999989,0.020097776993654826,0.0,0.0,True,0.020097776993654826,0.9999999999999989,-0.29019729893537616,0.003945940303360763,0.5362357296219741,0.8391831710229996
2025-03-23,2025-02-26,0.9999999999999989,0.020097776993654826,0.0,0.0,True,0.020097776993654826,0.9999999999999989,-0.1434805422390583,0.003945522011239504,0.5308005484713261,0.847776064467102
2025-03-24,2025-02-26,0.9999999999999989,0.020097776993654826,0.0,0.0,True,0.020097776993654826,0.9999999999999989,-0.10882176439721866,0.003945808563688017,0.5308005484713261,0.847776064467102
2025-03-25,2025-02-26,0.9999999999999989,0.020097776993654826,0.0,0.0,True,0.020097776993654826,0.9999999999999989,-0.11496718031105305,0.003946093520510069,0.5307112843097473,0.8479186580426269
2025-03-26,2025-02-26,0.9999999999999989,0.020097776993654826,0.0,0.0,True,0.020097776993654826,0.9999999999999989,-0.10154485121588147,0.003945710986877611,0.5014699101732119,0.897361917177775
2025-03-27,2025-02-26,0.9999999999999989,0.020097776993654826,0.0,0.0,True,0.020097776993654826,0.9999999999999989,-0.07460987567712188,0.003945983598132137,0.48898706479287335,0.9202697420853299
2025-03-28,2025-03-28,0.9999999939549142,0.0,0.0,0.0,False,0.0,0.9999999939549142,-0.15225758013007587,0.011151417821983917,0.4692275567024162,0.9590229592704627
2025-03-29,2025-03-28,0.9999999939549142,0.0,0.0,0.0,False,0.0,0.9999999939549142,-0.15558519744361857,0.011151510759499644,0.47505073182665597,0.947267249267607
2025-03-30,2025-03-28,0.9999999939549142,0.0,0.0,0.0,False,0.0,0.9999999939549142,-0.10390736930980388,0.011154995600735114,0.4749459146716571,0.9474763043516168
2025-03-31,2025-03-28,0.9999999939549142,0.0,0.0,0.0,False,0.0,0.9999999939549142,-0.1721500349455998,0.011159104713995496,0.4749459146716571,0.9474763043516168
2025-04-01,2025-03-28,0.9999999939549142,0.0,0.0,0.0,False,0.0,0.9999999939549142,-0.0443179955028708,0.01122683103381918,0.4749459146716571,0.9474763043516168
2025-04-02,2025-03-28,0.9999999939549142,0.0,0.0,0.0,False,0.0,0.9999999939549142,-0.06327602358415693,0.011830177444145579,0.3751482722710134,1.0
2025-04-03,2025-03-28,0.9999999939549142,0.0,0.0,0.0,False,0.0,0.9999999939549142,-0.10339026826379574,0.011270725258045462,0.3751482722710134,1.0
2025-04-04,2025-03-28,0.9999999939549142,0.0,0.0,0.0,False,0.0,0.9999999939549142,-0.09015380679933979,0.01123715757900751,0.3751482722710134,1.0
2025-04-05,2025-03-28,0.9999999939549142,0.0,0.0,0.0,False,0.0,0.9999999939549142,-0.10808638315305022,0.01118676260630647,0.3745299106831903,1.0
2025-04-06,2025-03-28,0.9999999939549142,0.0,0.0,0.0,False,0.0,0.9999999939549142,-0.2987758250285907,0.011169977686281776,0.41645990566346586,1.0
2025-04-07,2025-03-28,0.9999999939549142,0.0,0.0,0.0,False,0.0,0.9999999939549142,-0.26523446130626205,0.011177519028680728,0.4158044143702502,1.0
2025-04-08,2025-03-28,0.9999999939549142,0.0,0.0,0.0,False,0.0,0.9999999939549142,-0.3520641764216521,0.011156392095713062,0.36948537129682857,1.0
2025-04-09,2025-03-28,0.9999999939549142,0.0,0.0,0.0,False,0.0,0.9999999939549142,-0.1036931042670999,0.01120051128104143,0.35742306764899384,1.0
2025-04-10,2025-03-28,0.9999999939549142,0.0,0.0,0.0,False,0.0,0.9999999939549142,-0.24404325471332763,0.011155595006146272,0.380114265586426,1.0
2025-04-11,2025-03-28,0.9999999939549142,0.0,0.0,0.0,False,0.0,0.9999999939549142,-0.09431424269334227,0.011200531129643147,0.380114265586426,1.0
2025-04-12,2025-03-28,0.9999999939549142,0.0,0.0,0.0,False,0.0,0.9999999939549142,-0.0487344490344693,0.011230645491499365,0.3642815206212852,1.0
2025-04-13,2025-03-28,0.9999999939549142,0.0,0.0,0.0,False,0.0,0.9999999939549142,-0.13984404321003754,0.011217102634206949,0.3696218360171293,1.0
2025-04-14,2025-03-28,0.9999999939549142,0.0,0.0,0.0,False,0.0,0.9999999939549142,-0.12601481573724313,0.011286548069418043,0.3696218360171293,1.0
2025-04-15,2025-03-28,0.9999999939549142,0.0,0.0,0.0,False,0.0,0.9999999939549142,-0.15988005027140154,0.011246343776818522,0.36431968581463825,1.0
2025-04-16,2025-03-28,0.9999999939549142,0.0,0.0,0.0,False,0.0,0.9999999939549142,-0.15858786512892145,0.011580504431218558,0.36431968581463825,1.0
2025-04-17,2025-03-28,0.9999999939549142,0.0,0.0,0.0,False,0.0,0.9999999939549142,-0.044844244219775314,0.0127484152679715,0.3602674358213667,1.0
2025-04-18,2025-03-28,0.9999999939549142,0.0,0.0,0.0,False,0.0,0.9999999939549142,-0.028468061870088796,0.012801714700651006,0.3607939924609131,1.0
2025-04-19,2025-03-28,0.9999999939549142,0.0,0.0,0.0,False,0.0,0.9999999939549142,-0.0002504926728543744,0.012825117581859224,0.34457642717824777,1.0
2025-04-20,2025-03-28,0.9999999939549142,0.0,0.0,0.0,False,0.0,0.9999999939549142,-0.026167223636697462,0.012593215147220413,0.34453126200088846,1.0
2025-04-21,2025-03-28,0.9999999939549142,0.0,0.0,0.0,False,0.0,0.9999999939549142,0.0328332225501676,0.01537537894823679,0.34437694241052147,1.0
2025-04-22,2025-03-28,0.9999999939549142,0.0,0.0,0.0,False,0.0,0.9999999939549142,0.2777075182957667,0.07917411478774371,0.34437694241052147,1.0
2025-04-23,2025-03-28,0.9999999939549142,0.0,0.0,0.0,False,0.0,0.9999999939549142,0.2458743226336962,0.10371480126020222,0.34437694241052147,1.0
2025-04-24,2025-03-28,0.9999999939549142,0.0,0.0,0.0,False,0.0,0.9999999939549142,0.2623169566706616,0.10436301140351029,0.34435133162057535,1.0
2025-04-25,2025-03-28,0.9999999939549142,0.0,0.0,0.0,False,0.0,0.9999999939549142,0.3706502090301864,0.10436408796571463,0.343806712512533,1.0
2025-04-26,2025-03-28,0.9999999939549142,0.0,0.0,0.0,False,0.0,0.9999999939549142,0.44676890591079504,0.10437403180955883,0.34380693787484506,1.0
2025-04-27,2025-04-27,0.9999999999988988,0.21452879563932914,0.21452879563932914,0.21452879563932914,False,0.0,1.2145287956382278,0.4589638334401873,0.06516034594134623,0.32594538257957445,1.0
2025-04-28,2025-04-27,0.9999999999988988,0.21452879563932914,0.23942210478762607,0.21452879563932914,False,0.0,1.2145287956382278,0.5122146079369443,0.06514925159221575,0.31739832164777265,1.0
2025-04-29,2025-04-27,0.9999999999988988,0.21452879563932914,0.235793891746262,0.21452879563932914,False,0.0,1.2145287956382278,0.5044626330924298,0.06516805694482884,0.3184263815510072,1.0
2025-04-30,2025-04-27,0.9999999999988988,0.21452879563932914,0.22590101977546626,0.21452879563932914,False,0.0,1.2145287956382278,0.4832979354392515,0.06516869528874256,0.3184418655788167,1.0
2025-05-01,2025-04-27,0.9999999999988988,0.21452879563932914,0.20797894916385415,0.20797894916385415,True,0.006549846475474991,1.2079789491627528,0.44495518028702225,0.06516899508981776,0.3184418655788167,1.0
2025-05-02,2025-04-27,0.9999999999988988,0.21452879563932914,0.24281875644703604,0.21452879563932914,False,0.0,1.2145287956382278,0.5194923040974836,0.06516899468265956,0.2988646937048694,1.0
2025-05-03,2025-04-27,0.9999999999988988,0.21452879563932914,0.22532180416593678,0.21452879563932914,False,0.0,1.2145287956382278,0.48205890250521655,0.06516899493003978,0.3011840900844088,1.0
2025-05-04,2025-04-27,0.9999999999988988,0.21452879563932914,0.1881436507974187,0.1881436507974187,True,0.02638514484191043,1.1881436507963175,0.4025190653071228,0.06516899688284447,0.306704383210273,1.0
2025-05-05,2025-04-27,0.9999999999988988,0.21452879563932914,0.19955998079939136,0.19955998079939136,True,0.014968814839937783,1.1995599807982902,0.4269434376847793,0.06516899811571586,0.3063537403967893,1.0
2025-05-06,2025-04-27,0.9999999999988988,0.21452879563932914,0.22214503261770005,0.21452879563932914,False,0.0,1.2145287956382278,0.47526244069206824,0.06516899465391533,0.21311354467485538,1.0
2025-05-07,2025-04-27,0.9999999999988988,0.21452879563932914,0.2479453183952596,0.21452879563932914,False,0.0,1.2145287956382278,0.5304601943584186,0.0651689946494678,0.21311354467485538,1.0
2025-05-08,2025-04-27,0.9999999999988988,0.21452879563932914,0.3292159368907889,0.21452879563932914,False,0.0,1.2145287956382278,0.7043325157300496,0.0651689946486359,0.17078661982434548,1.0
2025-05-09,2025-04-27,0.9999999999988988,0.21452879563932914,0.34340254379388196,0.21452879563932914,False,0.0,1.2145287956382278,0.7346836846471738,0.06516899457540455,0.1710673569436858,1.0
2025-05-10,2025-04-27,0.9999999999988988,0.21452879563932914,0.3375480826276195,0.21452879563932914,False,0.0,1.2145287956382278,0.7221585020983644,0.06516898534930647,0.11193049181080048,1.0
2025-05-11,2025-04-27,0.9999999999988988,0.21452879563932914,0.32707032010752546,0.21452879563932914,False,0.0,1.2145287956382278,0.6997421311993963,0.06516899433535896,0.1142873778063794,1.0
2025-05-12,2025-04-27,0.9999999999988988,0.21452879563932914,0.3178940049212073,0.21452879563932914,False,0.0,1.2145287956382278,0.6801099406357332,0.06516877367192811,0.12272921573087225,1.0
2025-05-13,2025-04-27,0.9999999999988988,0.21452879563932914,0.3240585635079549,0.21452879563932914,False,0.0,1.2145287956382278,0.6932982364528744,0.06516836054296762,0.10556128551413711,1.0
2025-05-14,2025-04-27,0.9999999999988988,0.21452879563932914,0.3085170769293116,0.21452879563932914,False,0.0,1.2145287956382278,0.6600488037839929,0.06516889308604314,0.1074435829365931,1.0
2025-05-15,2025-04-27,0.9999999999988988,0.21452879563932914,0.29316103898429086,0.21452879563932914,False,0.0,1.2145287956382278,0.6271957974287453,0.06516899447944281,0.10000063924542381,1.0
2025-05-16,2025-04-27,0.9999999999988988,0.21452879563932914,0.2870480348180943,0.21452879563932914,False,0.0,1.2145287956382278,0.6141174888256855,0.06516899439881732,0.10050867543130691,1.0
2025-05-17,2025-04-27,0.9999999999988988,0.21452879563932914,0.2691069702850801,0.21452879563932914,False,0.0,1.2145287956382278,0.5757339427675692,0.0651689945828957,0.10115179925901258,1.0
2025-05-18,2025-04-27,0.9999999999988988,0.21452879563932914,0.28479438082735575,0.21452879563932914,False,0.0,1.2145287956382278,0.6092959672851463,0.06516899464698434,0.09925727585800828,1.0
2025-05-19,2025-04-27,0.9999999999988988,0.21452879563932914,0.30001647161153755,0.21452879563932914,False,0.0,1.2145287956382278,0.6418624754489062,0.06516899464573976,0.10339888209301368,1.0
2025-05-20,2025-04-27,0.9999999999988988,0.21452879563932914,0.30666775237770677,0.21452879563932914,False,0.0,1.2145287956382278,0.6560923859433614,0.06516899464771254,0.10339888209301368,1.0
2025-05-21,2025-04-27,0.9999999999988988,0.21452879563932914,0.30773691102816425,0.21452879563932914,False,0.0,1.2145287956382278,0.6583797697478609,0.06516899464873299,0.10339888209301368,1.0
2025-05-22,2025-04-27,0.9999999999988988,0.21452879563932914,0.32835760417518345,0.21452879563932914,False,0.0,1.2145287956382278,0.7024961780158996,0.06516899464824777,0.10339888209301368,1.0
2025-05-23,2025-04-27,0.9999999999988988,0.21452879563932914,0.2881612498450111,0.21452879563932914,False,0.0,1.2145287956382278,0.6164991280676118,0.06516899464808872,0.173614592490044,1.0
2025-05-24,2025-04-27,0.9999999999988988,0.21452879563932914,0.28919637575921714,0.21452879563932914,False,0.0,1.2145287956382278,0.618713701414954,0.06516899464858875,0.173614592490044,1.0
2025-05-25,2025-04-27,0.9999999999988988,0.21452879563932914,0.29977808289164243,0.21452879563932914,False,0.0,1.2145287956382278,0.6413524608735328,0.06516899464815436,0.173614592490044,1.0
2025-05-26,2025-04-27,0.9999999999988988,0.21452879563932914,0.3089781272964326,0.21452879563932914,False,0.0,1.2145287956382278,0.6610352577689742,0.06516899464864055,0.17361414620727758,1.0
2025-05-27,2025-05-27,0.9999999999999979,0.3198654739485351,0.3198654739485351,0.3198654739485351,False,0.0,1.319865473948533,0.6699828260484257,0.04515321434398819,0.17127362569264498,1.0
2025-05-28,2025-05-27,0.9999999999999979,0.3198654739485351,0.3000458839950134,0.3000458839950134,True,0.019819589953521677,1.3000458839950113,0.6284691711796564,0.045153214335659886,0.17527206231245313,1.0
2025-05-29,2025-05-27,0.9999999999999979,0.3198654739485351,0.26263440104261004,0.26263440104261004,True,0.05723107290592505,1.2626344010426078,0.5501079439861076,0.04515321433263064,0.18730687670420856,1.0
2025-05-30,2025-05-27,0.9999999999999979,0.3198654739485351,0.21537269842032047,0.21537269842032047,True,0.10449277552821462,1.2153726984203184,0.451114674423285,0.0451532143322196,0.19474556344527788,1.0
2025-05-31,2025-05-27,0.9999999999999979,0.3198654739485351,0.23676973739433654,0.23676973739433654,True,0.08309573655419855,1.2367697373943345,0.4959324175312563,0.04515321433120844,0.19474556344527788,1.0
2025-06-01,2025-05-27,0.9999999999999979,0.3198654739485351,0.2789993293449535,0.2789993293449535,True,0.04086614460358162,1.2789993293449513,0.5843855444292844,0.04515321433069851,0.19474556344527788,1.0
2025-06-02,2025-05-27,0.9999999999999979,0.3198654739485351,0.2839593485804252,0.2839593485804252,True,0.03590612536810989,1.283959348580423,0.5947746860383005,0.04515321433118402,0.191138911540667,1.0
2025-06-03,2025-05-27,0.9999999999999979,0.3198654739485351,0.2621099704663652,0.2621099704663652,True,0.0577555034821699,1.262109970466363,0.5490094838222016,0.04515321432498116,0.1828409399002025,1.0
2025-06-04,2025-05-27,0.9999999999999979,0.3198654739485351,0.26774491394843764,0.26774491394843764,True,0.05212056000009746,1.2677449139484356,0.5608123061107401,0.04515321425358406,0.18423024270532457,1.0
2025-06-05,2025-05-27,0.9999999999999979,0.3198654739485351,0.23654981737605035,0.23654981737605035,True,0.08331565657248474,1.2365498173760483,0.4954717782692475,0.04515321456914424,0.21348607249855722,1.0
2025-06-06,2025-05-27,0.9999999999999979,0.3198654739485351,0.2826500352897188,0.2826500352897188,True,0.03721543865881627,1.2826500352897168,0.5920322287007409,0.045153214344376184,0.21348607249855722,1.0
2025-06-07,2025-05-27,0.9999999999999979,0.3198654739485351,0.27698555901869276,0.27698555901869276,True,0.04287991492984233,1.2769855590186907,0.5801675474228705,0.04515321393251079,0.21348607249855722,1.0
2025-06-08,2025-05-27,0.9999999999999979,0.3198654739485351,0.2808457981659077,0.2808457981659077,True,0.03901967578262738,1.2808457981659056,0.5882531152012365,0.045153214123370256,0.21326118270840186,1.0
2025-06-09,2025-05-27,0.9999999999999979,0.3198654739485351,0.3294436818047054,0.3198654739485351,False,0.0,1.319865473948533,0.6900451186706853,0.04515321421488694,0.21326118270840186,1.0
2025-06-10,2025-05-27,0.9999999999999979,0.3198654739485351,0.30437836715844885,0.30437836715844885,True,0.015487106790086247,1.3043783671584468,0.6375438871886749,0.04515320976367231,0.21200745817384803,1.0
2025-06-11,2025-05-27,0.9999999999999979,0.3198654739485351,0.2688680475756342,0.2688680475756342,True,0.05099742637290089,1.2688680475756322,0.5631647923300238,0.04515320830612897,0.21363980166766205,1.0
2025-06-12,2025-05-27,0.9999999999999979,0.3198654739485351,0.24992621465582476,0.24992621465582476,True,0.06993925929271033,1.2499262146558228,0.5234896683758388,0.045153210258237486,0.2345434840061728,1.0
2025-06-13,2025-05-27,0.9999999999999979,0.3198654739485351,0.2558891303306087,0.2558891303306087,True,0.06397634361792637,1.2558891303306066,0.5359794556956716,0.04515321394743073,0.2336871998524918,1.0
2025-06-14,2025-05-27,0.9999999999999979,0.3198654739485351,0.23429615499275028,0.23429615499275028,True,0.08556931895578482,1.2342961549927483,0.4907513089116477,0.04515321411019715,0.23467470124454126,1.0
2025-06-15,2025-05-27,0.9999999999999979,0.3198654739485351,0.2309709508557344,0.2309709508557344,True,0.08889452309280069,1.2309709508557323,0.48378641311743825,0.045153213925970014,0.2344575642131264,1.0
2025-06-16,2025-05-27,0.9999999999999979,0.3198654739485351,0.257553630483398,0.257553630483398,True,0.06231184346513707,1.2575536304833959,0.5394658791892559,0.04515321387715493,0.23418082065013887,1.0
2025-06-17,2025-05-27,0.9999999999999979,0.3198654739485351,0.23464767537622555,0.23464767537622555,True,0.08521779857230954,1.2346476753762234,0.4914875953550829,0.04515321406351805,0.24561021471313382,1.0
2025-06-18,2025-05-27,0.9999999999999979,0.3198654739485351,0.25967386054133035,0.25967386054133035,True,0.06019161340720475,1.2596738605413282,0.5439068641189799,0.045153214008615446,0.24389558332224778,1.0
2025-06-19,2025-05-27,0.9999999999999979,0.3198654739485351,0.26544839682295657,0.26544839682295657,True,0.05441707712557853,1.2654483968229544,0.5560020741356245,0.04515321373349324,0.24401386835410657,1.0
2025-06-20,2025-05-27,0.9999999999999979,0.3198654739485351,0.22487192869265885,0.22487192869265885,True,0.09499354525587625,1.2248719286926568,0.4710115421519416,0.04515321359102326,0.24824605792921234,1.0
2025-06-21,2025-05-27,0.9999999999999979,0.3198654739485351,0.18000702482089764,0.18000702482089764,True,0.13985844912763745,1.1800070248208956,0.3770385518570839,0.04515321346168795,0.2514488961271987,1.0
2025-06-22,2025-05-27,0.9999999999999979,0.3198654739485351,0.15587107564035996,0.15587107564035996,True,0.16399439830817514,1.1558710756403578,0.3264839509362616,0.045153213850991664,0.21296276017467408,1.0
2025-06-23,2025-05-27,0.9999999999999979,0.3198654739485351,0.23977052606349825,0.23977052606349825,True,0.08009494788503685,1.2397705260634961,0.5022178001135745,0.045153214365261006,0.21296276017467408,1.0
2025-06-24,2025-05-27,0.9999999999999979,0.3198654739485351,0.27449810159527166,0.27449810159527166,True,0.045367372353263435,1.2744981015952694,0.5749573768074089,0.04515321424523912,0.21296276017467408,1.0
2025-06-25,2025-05-27,0.9999999999999979,0.3198654739485351,0.3251360987810454,0.3198654739485351,False,0.0,1.319865473948533,0.681022554941215,0.04515321431869258,0.21296276017467408,1.0
2025-06-26,2025-06-26,0.9999999999997686,0.311731726381627,0.311731726381627,0.311731726381627,False,0.0,1.3117317263813957,0.6637749720384492,0.06073070087502503,0.21275704650275568,1.0
2025-06-27,2025-06-26,0.9999999999997686,0.311731726381627,0.2974539001088492,0.2974539001088492,True,0.014277826272777794,1.2974539001086178,0.6333729855510648,0.06073070088377675,0.20947534429430958,1.0
2025-06-28,2025-06-26,0.9999999999997686,0.311731726381627,0.3087255069213259,0.3087255069213259,True,0.003006219460301107,1.3087255069210946,0.65737378454434,0.06073070091981355,0.19683303457832144,1.0
2025-06-29,2025-06-26,0.9999999999997686,0.311731726381627,0.28152581571841273,0.28152581571841273,True,0.030205910663214264,1.2815258157181812,0.599457080185267,0.06073070108236951,0.1894502937309098,1.0
2025-06-30,2025-06-26,0.9999999999997686,0.311731726381627,0.22320409161273685,0.22320409161273685,True,0.08852763476889014,1.2232040916125055,0.4752717719999354,0.06073070288396097,0.19346001935461268,1.0
2025-07-01,2025-06-26,0.9999999999997686,0.311731726381627,0.24481257210163712,0.24481257210163712,True,0.06691915427998987,1.2448125721014058,0.5212830291567617,0.06073070325097274,0.19933374088339506,1.0
2025-07-02,2025-06-26,0.9999999999997686,0.311731726381627,0.33034466681137,0.311731726381627,False,0.0,1.3117317263813957,0.7034077811927077,0.060730700899460824,0.19933374088339506,1.0
2025-07-03,2025-06-26,0.9999999999997686,0.311731726381627,0.33112715524919717,0.311731726381627,False,0.0,1.3117317263813957,0.7050739453846118,0.06073070089529363,0.19869950149788804,1.0
2025-07-04,2025-06-26,0.9999999999997686,0.311731726381627,0.3004326121241573,0.3004326121241573,True,0.011299114257469711,1.300432612123926,0.6397156011538254,0.06073070101063387,0.20397387007944484,1.0
2025-07-05,2025-06-26,0.9999999999997686,0.311731726381627,0.30474395268990145,0.30474395268990145,True,0.006987773691725541,1.30474395268967,0.6488958022391138,0.06073070086649969,0.17311793336217307,1.0
2025-07-06,2025-06-26,0.9999999999997686,0.311731726381627,0.3105953352456708,0.3105953352456708,True,0.0011363911359562051,1.3105953352454394,0.6613552376524463,0.06073070095229507,0.17311793336217307,1.0
2025-07-07,2025-06-26,0.9999999999997686,0.311731726381627,0.29634728105573255,0.29634728105573255,True,0.015384445325894447,1.2963472810555012,0.6310166452319177,0.06073070086188933,0.17572950875114177,1.0
2025-07-08,2025-06-26,0.9999999999997686,0.311731726381627,0.3035790327134971,0.3035790327134971,True,0.008152693668129873,1.3035790327132657,0.6464153205353939,0.060730700311813074,0.17572950875114177,1.0
2025-07-09,2025-06-26,0.9999999999997686,0.311731726381627,0.29946724264313546,0.29946724264313546,True,0.012264483738491538,1.2994672426429041,0.6376600251586175,0.06073070028611827,0.17572950875114177,1.0
2025-07-10,2025-06-26,0.9999999999997686,0.311731726381627,0.35704712003907785,0.311731726381627,False,0.0,1.3117317263813957,0.7602656684015192,0.06073065014291689,0.17572950875114177,1.0
2025-07-11,2025-06-26,0.9999999999997686,0.311731726381627,0.37347712044738646,0.311731726381627,False,0.0,1.3117317263813957,0.7952502402820862,0.06073056874548331,0.1678844901788092,1.0
2025-07-12,2025-06-26,0.9999999999997686,0.311731726381627,0.3737087979952399,0.311731726381627,False,0.0,1.3117317263813957,0.7957436457796571,0.06073067632456945,0.13721056726299466,1.0
2025-07-13,2025-06-26,0.9999999999997686,0.311731726381627,0.3757331183682199,0.311731726381627,False,0.0,1.3117317263813957,0.8000540026819791,0.0607306079122923,0.13721056726299466,1.0
2025-07-14,2025-06-26,0.9999999999997686,0.311731726381627,0.38242949911313817,0.311731726381627,False,0.0,1.3117317263813957,0.8143036886140113,0.06072020927707252,0.1355146919684967,1.0
2025-07-15,2025-06-26,0.9999999999997686,0.311731726381627,0.3654419223226142,0.311731726381627,False,0.0,1.3117317263813957,0.7781080973250049,0.0606911209922181,0.14867805128652173,1.0
2025-07-16,2025-06-26,0.9999999999997686,0.311731726381627,0.3744043910542272,0.311731726381627,False,0.0,1.3117317263813957,0.7971901490384168,0.060689870526273795,0.14867805128652173,1.0
2025-07-17,2025-06-26,0.9999999999997686,0.311731726381627,0.35769568513064814,0.311731726381627,False,0.0,1.3117317263813957,0.7615671251959771,0.060632547554883356,0.12892417198996628,1.0
2025-07-18,2025-06-26,0.9999999999997686,0.311731726381627,0.34830268531661895,0.311731726381627,False,0.0,1.3117317263813957,0.741608694356394,0.06068338203911191,0.13408949504854242,1.0
2025-07-19,2025-06-26,0.9999999999997686,0.311731726381627,0.3275062567778387,0.311731726381627,False,0.0,1.3117317263813957,0.6973377317921621,0.06069543681181374,0.13389765586556457,1.0
2025-07-20,2025-06-26,0.9999999999997686,0.311731726381627,0.3078938975954554,0.3078938975954554,True,0.0038378287861716154,1.307893897595224,0.6556164251781892,0.06074989652135922,0.1270284424774079,1.0
2025-07-21,2025-06-26,0.9999999999997686,0.311731726381627,0.2998489239430514,0.2998489239430514,True,0.01188280243857559,1.29984892394282,0.6386726870944359,0.06102474709799236,0.12056443551911654,1.0
2025-07-22,2025-06-26,0.9999999999997686,0.311731726381627,0.34586988624654647,0.311731726381627,False,0.0,1.3117317263813957,0.739223750871588,0.06423491983652936,0.11383538705962712,1.0
2025-07-23,2025-06-26,0.9999999999997686,0.311731726381627,0.34563669180929435,0.311731726381627,False,0.0,1.3117317263813957,0.736349638374107,0.061215830641336115,0.11910141805354973,1.0
2025-07-24,2025-06-26,0.9999999999997686,0.311731726381627,0.3431243496779203,0.311731726381627,False,0.0,1.3117317263813957,0.7307698761282155,0.06092366178017367,0.11972571752491785,1.0
2025-07-25,2025-06-26,0.9999999999997686,0.311731726381627,0.32028001388959004,0.311731726381627,False,0.0,1.3117317263813957,0.681998141698663,0.06075986338653711,0.1216381627680557,1.0
2025-07-26,2025-07-26,1.0,0.2930226507617169,0.2930226507617169,0.2930226507617169,False,0.0,1.2930226507617169,0.7023218968778696,0.16556025929326218,0.1209616414180738,1.0
2025-07-27,2025-07-26,1.0,0.2930226507617169,0.31131934708666803,0.2930226507617169,False,0.0,1.2930226507617169,0.746182987466633,0.16556835973002057,0.1209616414180738,1.0
2025-07-28,2025-07-26,1.0,0.2930226507617169,0.310771027155501,0.2930226507617169,False,0.0,1.2930226507617169,0.7448636087119093,0.16556259825092945,0.12732640298628123,1.0
2025-07-29,2025-07-26,1.0,0.2930226507617169,0.3072020635702177,0.2930226507617169,False,0.0,1.2930226507617169,0.7363082214639998,0.16556122934656733,0.12736909584754136,1.0
2025-07-30,2025-07-26,1.0,0.2930226507617169,0.2800039721114532,0.2800039721114532,True,0.013018678650263682,1.2800039721114533,0.6711002355783819,0.16553755380480775,0.12123614012376059,1.0
2025-07-31,2025-07-26,1.0,0.2930226507617169,0.22292457060938806,0.22292457060938806,True,0.07009808015232885,1.222924570609388,0.5342289384394054,0.16543431263533803,0.12741873905131088,1.0
2025-08-01,2025-07-26,1.0,0.2930226507617169,0.17311253706220273,0.17311253706220273,True,0.11991011369951418,1.1731125370622026,0.4139072579738946,0.16352016676585532,0.14790902404398748,1.0
2025-08-02,2025-07-26,1.0,0.2930226507617169,0.18050923906462327,0.18050923906462327,True,0.11251341169709364,1.1805092390646232,0.38058317916622436,0.05140716171387257,0.14971991330016376,1.0
2025-08-03,2025-07-26,1.0,0.2930226507617169,0.20388254717940182,0.20388254717940182,True,0.08914010358231508,1.203882547179402,0.41864484763530224,0.025988026218290824,0.14064932148879417,1.0
2025-08-04,2025-07-26,1.0,0.2930226507617169,0.25756848185067754,0.25756848185067754,True,0.03545416891103936,1.2575684818506776,0.5292993885904647,0.02675692659843119,0.14064932148879417,1.0
2025-08-05,2025-07-26,1.0,0.2930226507617169,0.21661703201383486,0.21661703201383486,True,0.07640561874788204,1.216617032013835,0.4449531186893242,0.026337729008787947,0.14344156838553473,1.0
2025-08-06,2025-07-26,1.0,0.2930226507617169,0.2364773535615549,0.2364773535615549,True,0.05654529720016202,1.236477353561555,0.48580969674268737,0.026460957255009954,0.14022996165789328,1.0
2025-08-07,2025-07-26,1.0,0.2930226507617169,0.2938301659311354,0.2930226507617169,False,0.0,1.2930226507617169,0.6053169847821948,0.02916926728278924,0.14022996165789328,1.0
2025-08-08,2025-07-26,1.0,0.2930226507617169,0.24141964224271387,0.24141964224271387,True,0.05160300851900304,1.241419642242714,0.49760916233250146,0.02968168386980894,0.14222759755223385,1.0
2025-08-09,2025-07-26,1.0,0.2930226507617169,0.24460202171002157,0.24460202171002157,True,0.048420629051695335,1.2446020217100215,0.5044429916520068,0.03020945574455779,0.1423696523039655,1.0
2025-08-10,2025-07-26,1.0,0.2930226507617169,0.2910706622674143,0.2910706622674143,True,0.0019519884943026145,1.2910706622674142,0.6285810783130586,0.07388029226533782,0.1423696523039655,1.0
2025-08-11,2025-07-26,1.0,0.2930226507617169,0.2516787950401381,0.2516787950401381,True,0.04134385572157878,1.2516787950401382,0.5840624105357913,0.13817841894923574,0.14344534677295168,1.0
2025-08-12,2025-07-26,1.0,0.2930226507617169,0.2667305539770741,0.2667305539770741,True,0.026292096784642782,1.2667305539770741,0.6389587168321991,0.16510864645697645,0.14344534677295168,1.0
2025-08-13,2025-07-26,1.0,0.2930226507617169,0.30283190188115405,0.2930226507617169,False,0.0,1.2930226507617169,0.7258388718177878,0.16556714268349085,0.14344534677295168,1.0
2025-08-14,2025-07-26,1.0,0.2930226507617169,0.23904403532356228,0.23904403532356228,True,0.05397861543815463,1.2390440353235623,0.572939440369888,0.16555217364950064,0.19437046133303282,1.0
2025-08-15,2025-07-26,1.0,0.2930226507617169,0.235852673225919,0.235852673225919,True,0.05716997753579792,1.235852673225919,0.565201040857676,0.16542024456282142,0.1964076949287731,1.0
2025-08-16,2025-07-26,1.0,0.2930226507617169,0.24435034080294107,0.24435034080294107,True,0.04867230995877583,1.244350340802941,0.5856406395527702,0.16552805833440312,0.1964076949287731,1.0
2025-08-17,2025-07-26,1.0,0.2930226507617169,0.25141236603890843,0.25141236603890843,True,0.04161028472280848,1.2514123660389085,0.6025678669277068,0.16553012585693788,0.1929182004585346,1.0
2025-08-18,2025-07-26,1.0,0.2930226507617169,0.23792016724990236,0.23792016724990236,True,0.05510248351181454,1.2379201672499023,0.5702139852839598,0.1655056754477149,0.19608242301787576,1.0
2025-08-19,2025-07-26,1.0,0.2930226507617169,0.2009615532794728,0.2009615532794728,True,0.09206109748224411,1.2009615532794728,0.4815279748461758,0.16531722443054328,0.22043155437094517,1.0
2025-08-20,2025-07-26,1.0,0.2930226507617169,0.22967268332462712,0.22967268332462712,True,0.06334996743708979,1.2296726833246272,0.5503968244499653,0.16542874841565927,0.22043155437094517,1.0
2025-08-21,2025-07-26,1.0,0.2930226507617169,0.21162035934470608,0.21162035934470608,True,0.08140229141701083,1.2116203593447061,0.5068908205885805,0.1650258763850514,0.22706649425093792,1.0
2025-08-22,2025-07-26,1.0,0.2930226507617169,0.25921507389748977,0.25921507389748977,True,0.03380757686422714,1.2592150738974897,0.6212633480794126,0.16552272172877078,0.22434914837382364,1.0
2025-08-23,2025-07-26,1.0,0.2930226507617169,0.23288740941115915,0.23288740941115915,True,0.060135241350557755,1.232887409411159,0.5582834349997197,0.16570188255262822,0.22848587497111916,1.0
2025-08-24,2025-07-26,1.0,0.2930226507617169,0.19140701269301408,0.19140701269301408,True,0.10161563806870283,1.191407012693014,0.45942361721362934,0.16675153160874223,0.2350643846222591,1.0
2025-08-25,2025-08-25,0.9999854137930242,0.0,0.0,0.0,False,0.0,0.9999854137930242,0.32980452426172635,0.19184446840887776,0.25765758237595804,1.0
2025-08-26,2025-08-25,0.9999854137930242,0.0,0.0,0.0,False,0.0,0.9999854137930242,0.3895890229826735,0.19183479513285,0.25765758237595804,1.0
2025-08-27,2025-08-25,0.9999854137930242,0.0,0.0,0.0,False,0.0,0.9999854137930242,0.34721902193466925,0.19184434290972144,0.25505475045981263,1.0
2025-08-28,2025-08-25,0.9999854137930242,0.0,0.0,0.0,False,0.0,0.9999854137930242,0.38673932681402756,0.19183226788486568,0.25503343320537797,1.0
2025-08-29,2025-08-25,0.9999854137930242,0.0,0.0,0.0,False,0.0,0.9999854137930242,0.2032908011541118,0.19185054556166395,0.28728669766877624,1.0
2025-08-30,2025-08-25,0.9999854137930242,0.0,0.0,0.0,False,0.0,0.9999854137930242,0.20245223158278752,0.19184577846153647,0.2805158678261027,1.0
2025-08-31,2025-08-25,0.9999854137930242,0.0,0.0,0.0,False,0.0,0.9999854137930242,0.12819952629247175,0.19187616270255972,0.270893295030456,1.0
2025-09-01,2025-08-25,0.9999854137930242,0.0,0.0,0.0,False,0.0,0.9999854137930242,0.16341489181040678,0.19184881702899556,0.26989665475417435,1.0
2025-09-02,2025-08-25,0.9999854137930242,0.0,0.0,0.0,False,0.0,0.9999854137930242,0.24488448900380472,0.19183309068232335,0.26989665475417435,1.0
2025-09-03,2025-08-25,0.9999854137930242,0.0,0.0,0.0,False,0.0,0.9999854137930242,0.23942549314721595,0.19183118774014293,0.26989665475417435,1.0
2025-09-04,2025-08-25,0.9999854137930242,0.0,0.0,0.0,False,0.0,0.9999854137930242,0.22900230673763894,0.19183458616047624,0.270158645298039,1.0
2025-09-05,2025-08-25,0.9999854137930242,0.0,0.0,0.0,False,0.0,0.9999854137930242,0.18708327775691141,0.19183834936157637,0.2701678774594273,1.0
2025-09-06,2025-08-25,0.9999854137930242,0.0,0.0,0.0,False,0.0,0.9999854137930242,0.17587665166811633,0.1918553681703187,0.27057900154381787,1.0
2025-09-07,2025-08-25,0.9999854137930242,0.0,0.0,0.0,False,0.0,0.9999854137930242,0.15103763970528242,0.19185549851196068,0.26953431825566,1.0
2025-09-08,2025-08-25,0.9999854137930242,0.0,0.0,0.0,False,0.0,0.9999854137930242,0.17046136125842948,0.19185396962993434,0.269459311076592,1.0
2025-09-09,2025-08-25,0.9999854137930242,0.0,0.0,0.0,False,0.0,0.9999854137930242,0.11426770471258887,0.1919787886902396,0.26994504325725044,1.0
2025-09-10,2025-08-25,0.9999854137930242,0.0,0.0,0.0,False,0.0,0.9999854137930242,0.25325951456744594,0.191850428399895,0.2693560060706063,1.0
2025-09-11,2025-08-25,0.9999854137930242,0.0,0.0,0.0,False,0.0,0.9999854137930242,0.21885925363767197,0.1918654566055918,0.2693560060706063,1.0
2025-09-12,2025-08-25,0.9999854137930242,0.0,0.0,0.0,False,0.0,0.9999854137930242,0.2322079307732126,0.1918586996207254,0.2693560060706063,1.0
2025-09-13,2025-08-25,0.9999854137930242,0.0,0.0,0.0,False,0.0,0.9999854137930242,0.30615844058462327,0.19191436142956736,0.22719944905493938,1.0
2025-09-14,2025-08-25,0.9999854137930242,0.0,0.0,0.0,False,0.0,0.9999854137930242,0.29455614818597464,0.1918945339486843,0.2262930122290519,1.0
2025-09-15,2025-08-25,0.9999854137930242,0.0,0.0,0.0,False,0.0,0.9999854137930242,0.22293894323978208,0.19188214121446848,0.2262930122290519,1.0
2025-09-16,2025-08-25,0.9999854137930242,0.0,0.0,0.0,False,0.0,0.9999854137930242,0.3599271919664635,0.19182198490078764,0.2262930122290519,1.0
2025-09-17,2025-08-25,0.9999854137930242,0.0,0.0,0.0,False,0.0,0.9999854137930242,0.30377747060639615,0.1918497081595418,0.22377576759258092,1.0
2025-09-18,2025-08-25,0.9999854137930242,0.0,0.0,0.0,False,0.0,0.9999854137930242,0.33641591329131326,0.1918306923262298,0.19910514894300807,1.0
2025-09-19,2025-08-25,0.9999854137930242,0.0,0.0,0.0,False,0.0,0.9999854137930242,0.258045789964135,0.1918300729254378,0.20373865318830875,1.0
2025-09-20,2025-08-25,0.9999854137930242,0.0,0.0,0.0,False,0.0,0.9999854137930242,0.2839153072785872,0.1918142300909614,0.19631687689540517,1.0
2025-09-21,2025-08-25,0.9999854137930242,0.0,0.0,0.0,False,0.0,0.9999854137930242,0.26393898312101033,0.19181361962883817,0.1967940219633378,1.0
2025-09-22,2025-08-25,0.9999854137930242,0.0,0.0,0.0,False,0.0,0.9999854137930242,0.06497564639025209,0.19189517126883962,0.2072446988432187,1.0
2025-09-23,2025-08-25,0.9999854137930242,0.0,0.0,0.0,False,0.0,0.9999854137930242,0.02809525503540388,0.19218268387448997,0.19962333573097313,1.0
2025-09-24,2025-09-24,0.9999999991207419,0.0,0.0,0.0,False,0.0,0.9999999991207419,0.14917973233354848,0.10478594809184642,0.1694618285348608,1.0
2025-09-25,2025-09-24,0.9999999991207419,0.0,0.0,0.0,False,0.0,0.9999999991207419,-0.11138620528812908,0.10479518383872147,0.2168799541505345,1.0
2025-09-26,2025-09-24,0.9999999991207419,0.0,0.0,0.0,False,0.0,0.9999999991207419,-0.03275677574397889,0.10481923983769854,0.21631256166291876,1.0
2025-09-27,2025-09-24,0.9999999991207419,0.0,0.0,0.0,False,0.0,0.9999999991207419,-0.035870947665171266,0.10480368677915498,0.21631269714870346,1.0
2025-09-28,2025-09-24,0.9999999991207419,0.0,0.0,0.0,False,0.0,0.9999999991207419,0.10339388102349333,0.10479438498805042,0.17114002440630546,1.0
2025-09-29,2025-09-24,0.9999999991207419,0.0,0.0,0.0,False,0.0,0.9999999991207419,0.2652672545911846,0.10478401456400005,0.17114002440630546,1.0
2025-09-30,2025-09-24,0.9999999991207419,0.0,0.0,0.0,False,0.0,0.9999999991207419,0.2668349602599321,0.10478430264072215,0.17034642268222824,1.0
2025-10-01,2025-09-24,0.9999999991207419,0.0,0.0,0.0,False,0.0,0.9999999991207419,0.4550474272944497,0.10478594783130646,0.17034642268222824,1.0
2025-10-02,2025-09-24,0.9999999991207419,0.0,0.0,0.0,False,0.0,0.9999999991207419,0.5343835479972787,0.10478594725184967,0.17034642268222824,1.0
2025-10-03,2025-09-24,0.9999999991207419,0.0,0.0,0.0,False,0.0,0.9999999991207419,0.6181650466101314,0.10478532356693811,0.17034642268222824,1.0
2025-10-04,2025-09-24,0.9999999991207419,0.0,0.0,0.0,False,0.0,0.9999999991207419,0.6249031328692726,0.1047853903016103,0.1675803163656485,1.0
2025-10-05,2025-09-24,0.9999999991207419,0.0,0.0,0.0,False,0.0,0.9999999991207419,0.637793449551943,0.10478516035289731,0.16756543214980352,1.0
2025-10-06,2025-09-24,0.9999999991207419,0.0,0.0,0.0,False,0.0,0.9999999991207419,0.629754890504429,0.10478321996693184,0.16690074890794565,1.0
2025-10-07,2025-09-24,0.9999999991207419,0.0,0.0,0.0,False,0.0,0.9999999991207419,0.47439589951293726,0.10477955352589745,0.1917070513714489,1.0
2025-10-08,2025-09-24,0.9999999991207419,0.0,0.0,0.0,False,0.0,0.9999999991207419,0.5402056467564182,0.10478087593282495,0.1917070513714489,1.0
2025-10-09,2025-09-24,0.9999999991207419,0.0,0.0,0.0,False,0.0,0.9999999991207419,0.47832306303150085,0.10477658484643801,0.1966734814384767,1.0
2025-10-10,2025-09-24,0.9999999991207419,0.0,0.0,0.0,False,0.0,0.9999999991207419,0.10422283461217732,0.10420333217628767,0.3296907462157126,1.0
2025-10-11,2025-09-24,0.9999999991207419,0.0,0.0,0.0,False,0.0,0.9999999991207419,0.005087465486798226,0.10321677598203821,0.3363331954702985,1.0
2025-10-12,2025-09-24,0.9999999991207419,0.0,0.0,0.0,False,0.0,0.9999999991207419,0.18058159450635458,0.10450294166945356,0.3363331954702985,1.0
2025-10-13,2025-09-24,0.9999999991207419,0.0,0.0,0.0,False,0.0,0.9999999991207419,0.2523851352887778,0.10475074203283141,0.33631658717294605,1.0
2025-10-14,2025-09-24,0.9999999991207419,0.0,0.0,0.0,False,0.0,0.9999999991207419,0.15379947050189285,0.10473306752270345,0.34204613710319237,1.0
2025-10-15,2025-09-24,0.9999999991207419,0.0,0.0,0.0,False,0.0,0.9999999991207419,0.13677767243068412,0.10472042894997888,0.3492570221887986,1.0
2025-10-16,2025-09-24,0.9999999991207419,0.0,0.0,0.0,False,0.0,0.9999999991207419,0.01118236880943023,0.10466470131228837,0.3587207051753818,1.0
2025-10-17,2025-09-24,0.9999999991207419,0.0,0.0,0.0,False,0.0,0.9999999991207419,-0.058958612854908665,0.10470077000390336,0.36312354799902535,1.0
2025-10-18,2025-09-24,0.9999999991207419,0.0,0.0,0.0,False,0.0,0.9999999991207419,-0.007956839112550587,0.10477402120766902,0.36312354799902535,1.0
2025-10-19,2025-09-24,0.9999999991207419,0.0,0.0,0.0,False,0.0,0.9999999991207419,0.05199978869140784,0.10475668915550149,0.3605442173215817,1.0
2025-10-20,2025-09-24,0.9999999991207419,0.0,0.0,0.0,False,0.0,0.9999999991207419,0.1746696655450065,0.10477301795555262,0.3605442173215817,1.0
2025-10-21,2025-09-24,0.9999999991207419,0.0,0.0,0.0,False,0.0,0.9999999991207419,-0.07948708132631228,0.10476923762378385,0.36725861588031744,1.0
2025-10-22,2025-09-24,0.9999999991207419,0.0,0.0,0.0,False,0.0,0.9999999991207419,-0.07603753856531284,0.10473893712308555,0.3594314594424917,1.0
2025-10-23,2025-09-24,0.9999999991207419,0.0,0.0,0.0,False,0.0,0.9999999991207419,0.04485286924544016,0.10471496631208439,0.35886041576908434,1.0
2025-10-24,2025-10-24,0.9881751992198083,0.0,0.0,0.0,False,0.0,0.9881751992198083,0.1669661836865044,0.23255232587652108,0.35886041576908434,1.0
2025-10-25,2025-10-24,0.9881751992198083,0.0,0.0,0.0,False,0.0,0.9881751992198083,0.1564354060122902,0.2284076786303097,0.33235702914787396,1.0
2025-10-26,2025-10-24,0.9881751992198083,0.0,0.0,0.0,False,0.0,0.9881751992198083,0.2677962796040002,0.2383708179005248,0.33235702914787396,1.0
2025-10-27,2025-10-24,0.9881751992198083,0.0,0.0,0.0,False,0.0,0.9881751992198083,0.2308892545442197,0.2730621013839313,0.3326425688173958,1.0
2025-10-28,2025-10-24,0.9881751992198083,0.0,0.0,0.0,False,0.0,0.9881751992198083,0.20006616138452388,0.537092462863137,0.33471177870143165,1.0
2025-10-29,2025-10-24,0.9881751992198083,0.0,0.0,0.0,False,0.0,0.9881751992198083,0.16713493164998483,0.4539335475375944,0.34661205987322563,1.0
2025-10-30,2025-10-24,0.9881751992198083,0.0,0.0,0.0,False,0.0,0.9881751992198083,0.10434538040571928,0.3304500383443221,0.3507422446104354,1.0
2025-10-31,2025-10-24,0.9881751992198083,0.0,0.0,0.0,False,0.0,0.9881751992198083,0.1513003315943125,0.2641581911884728,0.3507422446104354,1.0
2025-11-01,2025-10-24,0.9881751992198083,0.0,0.0,0.0,False,0.0,0.9881751992198083,0.10233126074362489,0.2694325267706778,0.3507422446104354,1.0
2025-11-02,2025-10-24,0.9881751992198083,0.0,0.0,0.0,False,0.0,0.9881751992198083,0.13326764005284034,0.3280754831588646,0.3507422446104354,1.0
2025-11-03,2025-10-24,0.9881751992198083,0.0,0.0,0.0,False,0.0,0.9881751992198083,-0.019013222978583433,0.6395892789687745,0.37308570788332596,1.0
2025-11-04,2025-10-24,0.9881751992198083,0.0,0.0,0.0,False,0.0,0.9881751992198083,-0.14424902674107395,0.7695055767612778,0.41021660211387584,1.0
2025-11-05,2025-10-24,0.9881751992198083,0.0,0.0,0.0,False,0.0,0.9881751992198083,-0.006673438374051516,0.7885840359657919,0.41021660211387584,1.0
2025-11-06,2025-10-24,0.9881751992198083,0.0,0.0,0.0,False,0.0,0.9881751992198083,-0.16036838251886434,0.7887168602585815,0.40845062814703054,1.0
2025-11-07,2025-10-24,0.9881751992198083,0.0,0.0,0.0,False,0.0,0.9881751992198083,-0.15075420728198158,0.7886328258076548,0.40845062814703054,1.0
2025-11-08,2025-10-24,0.9881751992198083,0.0,0.0,0.0,False,0.0,0.9881751992198083,-0.19705523095654712,0.7885475733758902,0.4072501929399586,1.0
2025-11-09,2025-10-24,0.9881751992198083,0.0,0.0,0.0,False,0.0,0.9881751992198083,-0.1671920554053381,0.7872938032714115,0.3095758223933048,1.0
2025-11-10,2025-10-24,0.9881751992198083,0.0,0.0,0.0,False,0.0,0.9881751992198083,-0.1224919045226508,0.7875962921062164,0.30234609237677,1.0
2025-11-11,2025-10-24,0.9881751992198083,0.0,0.0,0.0,False,0.0,0.9881751992198083,-0.22183532842550865,0.7873218546262787,0.3179902460313946,1.0
2025-11-12,2025-10-24,0.9881751992198083,0.0,0.0,0.0,False,0.0,0.9881751992198083,-0.2905768166006615,0.7887619763363833,0.32157275448227973,1.0
2025-11-13,2025-10-24,0.9881751992198083,0.0,0.0,0.0,False,0.0,0.9881751992198083,-0.3449064609838563,0.7887340378062527,0.3221184317089423,1.0
2025-11-14,2025-10-24,0.9881751992198083,0.0,0.0,0.0,False,0.0,0.9881751992198083,-0.5026601507339552,0.7891861718636544,0.36372929703736395,1.0
2025-11-15,2025-10-24,0.9881751992198083,0.0,0.0,0.0,False,0.0,0.9881751992198083,-0.4598995928921936,0.7891626486166224,0.35439938593338266,1.0
2025-11-16,2025-10-24,0.9881751992198083,0.0,0.0,0.0,False,0.0,0.9881751992198083,-0.4841318867916214,0.7891792035626084,0.3531601572587122,1.0
2025-11-17,2025-10-24,0.9881751992198083,0.0,0.0,0.0,False,0.0,0.9881751992198083,-0.5199935453863721,0.7892270157541251,0.3613625479385996,1.0
2025-11-18,2025-10-24,0.9881751992198083,0.0,0.0,0.0,False,0.0,0.9881751992198083,-0.520150265561462,0.7892077272569027,0.3613625479385996,1.0
2025-11-19,2025-10-24,0.9881751992198083,0.0,0.0,0.0,False,0.0,0.9881751992198083,-0.5719599535971719,0.7892116780449726,0.36525092360995853,1.0
2025-11-20,2025-10-24,0.9881751992198083,0.0,0.0,0.0,False,0.0,0.9881751992198083,-0.6536758074401724,0.7892298433448914,0.4067178569952427,1.0
2025-11-21,2025-10-24,0.9881751992198083,0.0,0.0,0.0,False,0.0,0.9881751992198083,-0.6690745533550964,0.7892615783117587,0.4106248643809027,1.0
2025-11-22,2025-10-24,0.9881751992198083,0.0,0.0,0.0,False,0.0,0.9881751992198083,-0.6768578917278294,0.7892607947810422,0.4109366115019075,1.0
2025-11-23,2025-11-23,0.00034315284346786434,0.0,0.0,0.0,False,0.0,0.00034315284346786434,-0.6065754557362856,0.9309155749990795,0.4109366115019075,1.0
2025-11-24,2025-11-23,0.00034315284346786434,0.0,0.0,0.0,False,0.0,0.00034315284346786434,-0.5377929893431872,0.9308252857033328,0.4109366115019075,1.0
2025-11-25,2025-11-23,0.00034315284346786434,0.0,0.0,0.0,False,0.0,0.00034315284346786434,-0.5622114477852267,0.9309084243058756,0.4125930602579983,1.0
2025-11-26,2025-11-23,0.00034315284346786434,0.0,0.0,0.0,False,0.0,0.00034315284346786434,-0.47643606081202194,0.9309312504445967,0.412362814755468,1.0
2025-11-27,2025-11-23,0.00034315284346786434,0.0,0.0,0.0,False,0.0,0.00034315284346786434,-0.504841110332682,0.9309847173839767,0.4106850311138843,1.0
2025-11-28,2025-11-23,0.00034315284346786434,0.0,0.0,0.0,False,0.0,0.00034315284346786434,-0.48308463257730644,0.9309028647769425,0.40105136726077617,1.0
2025-11-29,2025-11-23,0.00034315284346786434,0.0,0.0,0.0,False,0.0,0.00034315284346786434,-0.49255678060211006,0.93088939571744,0.39737754781057055,1.0
2025-11-30,2025-11-23,0.00034315284346786434,0.0,0.0,0.0,False,0.0,0.00034315284346786434,-0.5244263327347358,0.931091416158813,0.3977426151711447,1.0
2025-12-01,2025-11-23,0.00034315284346786434,0.0,0.0,0.0,False,0.0,0.00034315284346786434,-0.6023963466488601,0.9310187726666457,0.42906212338502225,1.0
2025-12-02,2025-11-23,0.00034315284346786434,0.0,0.0,0.0,False,0.0,0.00034315284346786434,-0.4269826972138815,0.9309699029475114,0.42906212338502225,1.0
2025-12-03,2025-11-23,0.00034315284346786434,0.0,0.0,0.0,False,0.0,0.00034315284346786434,-0.356873345555907,0.930892467892352,0.4097822378425255,1.0
2025-12-04,2025-11-23,0.00034315284346786434,0.0,0.0,0.0,False,0.0,0.00034315284346786434,-0.3233611276253492,0.930961903955529,0.37606041108474275,1.0
2025-12-05,2025-11-23,0.00034315284346786434,0.0,0.0,0.0,False,0.0,0.00034315284346786434,-0.48456350782473645,0.9310597946762308,0.39062858919831467,1.0
2025-12-06,2025-11-23,0.00034315284346786434,0.0,0.0,0.0,False,0.0,0.00034315284346786434,-0.4324380107169949,0.9309790383290675,0.3809907845253107,1.0
2025-12-07,2025-11-23,0.00034315284346786434,0.0,0.0,0.0,False,0.0,0.00034315284346786434,-0.41644835865174595,0.930938125210302,0.3809907845253107,1.0
2025-12-08,2025-11-23,0.00034315284346786434,0.0,0.0,0.0,False,0.0,0.00034315284346786434,-0.44839418268374487,0.9309543256658942,0.3793972892212058,1.0
2025-12-09,2025-11-23,0.00034315284346786434,0.0,0.0,0.0,False,0.0,0.00034315284346786434,-0.32256251194903046,0.9302395140332224,0.3793972892212058,1.0
2025-12-10,2025-11-23,0.00034315284346786434,0.0,0.0,0.0,False,0.0,0.00034315284346786434,-0.278264492971771,0.9306839139788632,0.3802239400053868,1.0
2025-12-11,2025-11-23,0.00034315284346786434,0.0,0.0,0.0,False,0.0,0.00034315284346786434,-0.26724896649870394,0.9307031521053584,0.3672405309298191,1.0
2025-12-12,2025-11-23,0.00034315284346786434,0.0,0.0,0.0,False,0.0,0.00034315284346786434,-0.3185380937246991,0.9308107937960998,0.37405423965484763,1.0
2025-12-13,2025-11-23,0.00034315284346786434,0.0,0.0,0.0,False,0.0,0.00034315284346786434,-0.34704422430496834,0.9308166275403718,0.3678243805060206,1.0
2025-12-14,2025-11-23,0.00034315284346786434,0.0,0.0,0.0,False,0.0,0.00034315284346786434,-0.4302416303204528,0.9309563159835632,0.32910379368909565,1.0
2025-12-15,2025-11-23,0.00034315284346786434,0.0,0.0,0.0,False,0.0,0.00034315284346786434,-0.47598700344493966,0.9306140398284929,0.33636760848563313,1.0
2025-12-16,2025-11-23,0.00034315284346786434,0.0,0.0,0.0,False,0.0,0.00034315284346786434,-0.4637345691917083,0.9309596764160778,0.3327725590371277,1.0
2025-12-17,2025-11-23,0.00034315284346786434,0.0,0.0,0.0,False,0.0,0.00034315284346786434,-0.551567264005296,0.9306955590314892,0.33028994628927905,1.0
2025-12-18,2025-11-23,0.00034315284346786434,0.0,0.0,0.0,False,0.0,0.00034315284346786434,-0.6460214132208517,0.9308186117828996,0.33160652345015273,1.0
2025-12-19,2025-11-23,0.00034315284346786434,0.0,0.0,0.0,False,0.0,0.00034315284346786434,-0.5533300379291514,0.9308621546097585,0.3273187135643877,1.0
2025-12-20,2025-11-23,0.00034315284346786434,0.0,0.0,0.0,False,0.0,0.00034315284346786434,-0.5525703958957369,0.930644068993163,0.26467344601930715,1.0
2025-12-21,2025-11-23,0.00034315284346786434,0.0,0.0,0.0,False,0.0,0.00034315284346786434,-0.47231502556412913,0.9309430145152621,0.25749126863296223,1.0
2025-12-22,2025-11-23,0.00034315284346786434,0.0,0.0,0.0,False,0.0,0.00034315284346786434,-0.5737591646346842,0.930635555559071,0.25699781767671476,1.0
2025-12-23,2025-12-23,0.0002923518301051198,0.0,0.0,0.0,False,0.0,0.0002923518301051198,-0.6295484484639027,0.9875435642480465,0.2608997394537489,1.0
2025-12-24,2025-12-23,0.0002923518301051198,0.0,0.0,0.0,False,0.0,0.0002923518301051198,-0.6299163514828912,0.9875482878466101,0.2608997394537489,1.0
2025-12-25,2025-12-23,0.0002923518301051198,0.0,0.0,0.0,False,0.0,0.0002923518301051198,-0.5996758592606249,0.9875117179461848,0.2588792077965041,1.0
2025-12-26,2025-12-23,0.0002923518301051198,0.0,0.0,0.0,False,0.0,0.0002923518301051198,-0.5953384124725678,0.9874153383085318,0.2588792077965041,1.0
2025-12-27,2025-12-23,0.0002923518301051198,0.0,0.0,0.0,False,0.0,0.0002923518301051198,-0.602337068410948,0.9873671493044673,0.2588792077965041,1.0
2025-12-28,2025-12-23,0.0002923518301051198,0.0,0.0,0.0,False,0.0,0.0002923518301051198,-0.6029814088074165,0.987398443835674,0.2583224624002631,1.0
2025-12-29,2025-12-23,0.0002923518301051198,0.0,0.0,0.0,False,0.0,0.0002923518301051198,-0.6497430839649356,0.9874838488004305,0.25986721902347154,1.0
2025-12-30,2025-12-23,0.0002923518301051198,0.0,0.0,0.0,False,0.0,0.0002923518301051198,-0.5846327028200387,0.9874745978264976,0.2593081161548051,1.0
2025-12-31,2025-12-23,0.0002923518301051198,0.0,0.0,0.0,False,0.0,0.0002923518301051198,-0.6412757827654177,0.9875958247952473,0.20602258773953755,1.0
2026-01-01,2025-12-23,0.0002923518301051198,0.0,0.0,0.0,False,0.0,0.0002923518301051198,-0.5743847627390248,0.9869790130729198,0.20602258773953755,1.0
2026-01-02,2025-12-23,0.0002923518301051198,0.0,0.0,0.0,False,0.0,0.0002923518301051198,-0.4953442103295076,0.9857979916821807,0.20602258773953755,1.0
2026-01-03,2025-12-23,0.0002923518301051198,0.0,0.0,0.0,False,0.0,0.0002923518301051198,-0.4287058440416812,0.9856106808059606,0.19965129877325208,1.0
2026-01-04,2025-12-23,0.0002923518301051198,0.0,0.0,0.0,False,0.0,0.0002923518301051198,-0.36892753784641014,0.9858087725580493,0.16938529802791732,1.0
2026-01-05,2025-12-23,0.0002923518301051198,0.0,0.0,0.0,False,0.0,0.0002923518301051198,-0.2899078922893615,0.9623269984898998,0.16934611731748736,1.0
2026-01-06,2025-12-23,0.0002923518301051198,0.0,0.0,0.0,False,0.0,0.0002923518301051198,-0.30343440949348965,0.9436414421085616,0.16939708292740163,1.0
2026-01-07,2025-12-23,0.0002923518301051198,0.0,0.0,0.0,False,0.0,0.0002923518301051198,-0.3609892799187063,0.9713223217667709,0.1917468408996746,1.0
2026-01-08,2025-12-23,0.0002923518301051198,0.0,0.0,0.0,False,0.0,0.0002923518301051198,-0.4508599224582096,0.9785921111790041,0.19201265925334904,1.0
2026-01-09,2025-12-23,0.0002923518301051198,0.0,0.0,0.0,False,0.0,0.0002923518301051198,-0.4902299273404472,0.9856711897134239,0.19118302521930236,1.0
2026-01-10,2025-12-23,0.0002923518301051198,0.0,0.0,0.0,False,0.0,0.0002923518301051198,-0.48982458272278784,0.9859524348835379,0.19125536665072138,1.0
2026-01-11,2025-12-23,0.0002923518301051198,0.0,0.0,0.0,False,0.0,0.0002923518301051198,-0.4471424544589859,0.9837352831611132,0.1709865748307083,1.0
2026-01-12,2025-12-23,0.0002923518301051198,0.0,0.0,0.0,False,0.0,0.0002923518301051198,-0.37917970589647854,0.9832547341667589,0.17098304956735325,1.0
2026-01-13,2025-12-23,0.0002923518301051198,0.0,0.0,0.0,False,0.0,0.0002923518301051198,-0.169596401141136,0.9729475660239326,0.15065538820698524,1.0
2026-01-14,2025-12-23,0.0002923518301051198,0.0,0.0,0.0,False,0.0,0.0002923518301051198,-0.12600301254843851,0.9690872929124669,0.13365322659033765,1.0
2026-01-15,2025-12-23,0.0002923518301051198,0.0,0.0,0.0,False,0.0,0.0002923518301051198,-0.16596027781807174,0.9636307853297961,0.14228383285561183,1.0
2026-01-16,2025-12-23,0.0002923518301051198,0.0,0.0,0.0,False,0.0,0.0002923518301051198,-0.16205746520304523,0.9591845712780714,0.12662498063301444,1.0
2026-01-17,2025-12-23,0.0002923518301051198,0.0,0.0,0.0,False,0.0,0.0002923518301051198,-0.19910267305926876,0.9624845239212986,0.12401602824547411,1.0
2026-01-18,2025-12-23,0.0002923518301051198,0.0,0.0,0.0,False,0.0,0.0002923518301051198,-0.19857347717460125,0.9744245280926933,0.135455992903556,1.0
2026-01-19,2025-12-23,0.0002923518301051198,0.0,0.0,0.0,False,0.0,0.0002923518301051198,-0.1707471332285073,0.9805934518033513,0.14096504260605996,1.0
2026-01-20,2025-12-23,0.0002923518301051198,0.0,0.0,0.0,False,0.0,0.0002923518301051198,-0.34124237377427136,0.9865863552452928,0.21473143625166768,1.0
2026-01-21,2025-12-23,0.0002923518301051198,0.0,0.0,0.0,False,0.0,0.0002923518301051198,-0.3049977047615815,0.98649655249109,0.2147262103737863,1.0
2026-01-22,2026-01-22,0.0003939387860457666,0.0,0.0,0.0,False,0.0,0.0003939387860457666,-0.36404940433980515,0.9202017693809397,0.20996797295075123,1.0
2026-01-23,2026-01-22,0.0003939387860457666,0.0,0.0,0.0,False,0.0,0.0003939387860457666,-0.3737903146942654,0.9200387400058545,0.20996797295075123,1.0
2026-01-24,2026-01-22,0.0003939387860457666,0.0,0.0,0.0,False,0.0,0.0003939387860457666,-0.3822394462081708,0.9200808019210124,0.20972974144548573,1.0
2026-01-25,2026-01-22,0.0003939387860457666,0.0,0.0,0.0,False,0.0,0.0003939387860457666,-0.5865296730857593,0.9204042936265598,0.23292971616995525,1.0
2026-01-26,2026-01-22,0.0003939387860457666,0.0,0.0,0.0,False,0.0,0.0003939387860457666,-0.5397780018605285,0.9204170143916987,0.23292971616995525,1.0
2026-01-27,2026-01-22,0.0003939387860457666,0.0,0.0,0.0,False,0.0,0.0003939387860457666,-0.46967603994948626,0.9203946336376594,0.23292971616995525,1.0
2026-01-28,2026-01-22,0.0003939387860457666,0.0,0.0,0.0,False,0.0,0.0003939387860457666,-0.46084619149694606,0.9203888727399522,0.2311802154516289,1.0
2026-01-29,2026-01-22,0.0003939387860457666,0.0,0.0,0.0,False,0.0,0.0003939387860457666,-0.6519881600827026,0.920524063985176,0.2970437426353825,1.0
2026-01-30,2026-01-22,0.0003939387860457666,0.0,0.0,0.0,False,0.0,0.0003939387860457666,-0.5981483308214981,0.9204962773778018,0.29562521473642417,1.0
2026-01-31,2026-01-22,0.0003939387860457666,0.0,0.0,0.0,False,0.0,0.0003939387860457666,-0.8102686700140468,0.9205369304106823,0.3784661644223318,1.0
2026-02-01,2026-01-22,0.0003939387860457666,0.0,0.0,0.0,False,0.0,0.0003939387860457666,-0.8702444568950202,0.9205387164113641,0.3867120277045755,1.0
2026-02-02,2026-01-22,0.0003939387860457666,0.0,0.0,0.0,False,0.0,0.0003939387860457666,-0.8496550621238428,0.9205386108903584,0.3867120277045755,1.0
2026-02-03,2026-01-22,0.0003939387860457666,0.0,0.0,0.0,False,0.0,0.0003939387860457666,-0.8777919482174072,0.92053935701088,0.4092838164059158,1.0
2026-02-04,2026-01-22,0.0003939387860457666,0.0,0.0,0.0,False,0.0,0.0003939387860457666,-0.9168052784266205,0.9205358753093321,0.4270802860990094,1.0
2026-02-05,2026-01-22,0.0003939387860457666,0.0,0.0,0.0,False,0.0,0.0003939387860457666,-0.9561431186104545,0.9205417453196856,0.6781493537706235,0.6635706389719683
2026-02-06,2026-01-22,0.0003939387860457666,0.0,0.0,0.0,False,0.0,0.0003939387860457666,-0.8584630975742216,0.9205417053331273,0.6721719026624232,0.669471601263878
2026-02-07,2026-01-22,0.0003939387860457666,0.0,0.0,0.0,False,0.0,0.0003939387860457666,-0.8665397740159954,0.92054172401692,0.6751730120895373,0.6664958343156107
2026-02-08,2026-01-22,0.0003939387860457666,0.0,0.0,0.0,False,0.0,0.0003939387860457666,-0.845048546291242,0.920541607927726,0.6749433805518624,0.666722591800309
2026-02-09,2026-01-22,0.0003939387860457666,0.0,0.0,0.0,False,0.0,0.0003939387860457666,-0.8448839530076621,0.9205415789562431,0.6749905072272262,0.666676042376569
2026-02-10,2026-01-22,0.0003939387860457666,0.0,0.0,0.0,False,0.0,0.0003939387860457666,-0.858324865842383,0.920541640804005,0.6781216908741221,0.6635977082814363
2026-02-11,2026-01-22,0.0003939387860457666,0.0,0.0,0.0,False,0.0,0.0003939387860457666,-0.8809645272965891,0.9205416883910394,0.6841038516340988,0.6577948639305249
2026-02-12,2026-01-22,0.0003939387860457666,0.0,0.0,0.0,False,0.0,0.0003939387860457666,-0.8771117940855564,0.9205417143300396,0.6854160594680387,0.6565355360206346
2026-02-13,2026-01-22,0.0003939387860457666,0.0,0.0,0.0,False,0.0,0.0003939387860457666,-0.8242349643603779,0.9205415870201588,0.6854160594680387,0.6565355360206346
2026-02-14,2026-01-22,0.0003939387860457666,0.0,0.0,0.0,False,0.0,0.0003939387860457666,-0.8035535355167716,0.9205416938569788,0.6836765832340747,0.6582059573714121
2026-02-15,2026-01-22,0.0003939387860457666,0.0,0.0,0.0,False,0.0,0.0003939387860457666,-0.8157127220604712,0.9205416817481297,0.6854872361633808,0.6564673654882552
2026-02-16,2026-01-22,0.0003939387860457666,0.0,0.0,0.0,False,0.0,0.0003939387860457666,-0.8122538984604749,0.9205417020030495,0.6853285515915106,0.6566193673895292
2026-02-17,2026-01-22,0.0003939387860457666,0.0,0.0,0.0,False,0.0,0.0003939387860457666,-0.8480843250911376,0.9205417104186244,0.686843188685311,0.6551713803282327
2026-02-18,2026-01-22,0.0003939387860457666,0.0,0.0,0.0,False,0.0,0.0003939387860457666,-0.8619805349096417,0.9205417249441424,0.6878794542755351,0.6541843882718283
2026-02-19,2026-01-22,0.0003939387860457666,0.0,0.0,0.0,False,0.0,0.0003939387860457666,-0.8542825232396553,0.9205416970190473,0.6685354868192356,0.6731131089854545
2026-02-20,2026-01-22,0.0003939387860457666,0.0,0.0,0.0,False,0.0,0.0003939387860457666,-0.821580405766106,0.920541648056171,0.6685354868192356,0.6731131089854545
2026-02-21,2026-02-21,1.0204821709880463e-07,0.0,0.0,0.0,False,0.0,1.0204821709880463e-07,-0.8069792805367574,0.9468665480944293,0.6685393107252887,0.6731092589182249
2026-02-22,2026-02-21,1.0204821709880463e-07,0.0,0.0,0.0,False,0.0,1.0204821709880463e-07,-0.8264262046621479,0.9468665647531748,0.6687580988843445,0.6728890472514836
2026-02-23,2026-02-21,1.0204821709880463e-07,0.0,0.0,0.0,False,0.0,1.0204821709880463e-07,-0.8575188428582117,0.9468666216568603,0.6869104063645987,0.6551072684741782
2026-02-24,2026-02-21,1.0204821709880463e-07,0.0,0.0,0.0,False,0.0,1.0204821709880463e-07,-0.8533112260903487,0.9468665959988204,0.6801663331518528,0.6616028728071928
2026-02-25,2026-02-21,1.0204821709880463e-07,0.0,0.0,0.0,False,0.0,1.0204821709880463e-07,-0.6549640532276586,0.9468664139416688,0.6801663331518528,0.6616028728071928
2026-02-26,2026-02-21,1.0204821709880463e-07,0.0,0.0,0.0,False,0.0,1.0204821709880463e-07,-0.7845544354369247,0.9468664671861377,0.6806590761430411,0.6611239249903605
2026-02-27,2026-02-21,1.0204821709880463e-07,0.0,0.0,0.0,False,0.0,1.0204821709880463e-07,-0.8089338228851983,0.9468665975367885,0.6858702237248434,0.6561007963811686
2026-02-28,2026-02-21,1.0204821709880463e-07,0.0,0.0,0.0,False,0.0,1.0204821709880463e-07,-0.803236460526229,0.9468665298986945,0.6600206593507457,0.6817968401817294
2026-03-01,2026-02-21,1.0204821709880463e-07,0.0,0.0,0.0,False,0.0,1.0204821709880463e-07,-0.8255695878935445,0.9468665651517562,0.6628151827496745,0.678922287406249
2026-03-02,2026-02-21,1.0204821709880463e-07,0.0,0.0,0.0,False,0.0,1.0204821709880463e-07,-0.714003371028529,0.9468665057687071,0.6192589090670313,0.7266750520843779
2026-03-03,2026-02-21,1.0204821709880463e-07,0.0,0.0,0.0,False,0.0,1.0204821709880463e-07,-0.6963068398086081,0.9468665551352837,0.6146530055670136,0.732120393009187
2026-03-04,2026-02-21,1.0204821709880463e-07,0.0,0.0,0.0,False,0.0,1.0204821709880463e-07,-0.5496178561351015,0.9468663837352851,0.6146530055670136,0.732120393009187
2026-03-05,2026-02-21,1.0204821709880463e-07,0.0,0.0,0.0,False,0.0,1.0204821709880463e-07,-0.6483006842782665,0.9468665766934089,0.606037041094817,0.742528871151286
2026-03-06,2026-02-21,1.0204821709880463e-07,0.0,0.0,0.0,False,0.0,1.0204821709880463e-07,-0.7510712484172826,0.9468666258702548,0.6097711767473095,0.7379817498105211
2026-03-07,2026-02-21,1.0204821709880463e-07,0.0,0.0,0.0,False,0.0,1.0204821709880463e-07,-0.7704841195385417,0.9468665034802584,0.31022297512549424,1.0
2026-03-08,2026-02-21,1.0204821709880463e-07,0.0,0.0,0.0,False,0.0,1.0204821709880463e-07,-0.7967756210467326,0.9468654337078057,0.31751054429329395,1.0
2026-03-09,2026-02-21,1.0204821709880463e-07,0.0,0.0,0.0,False,0.0,1.0204821709880463e-07,-0.7110693574137513,0.9468653665042515,0.3109138239024598,1.0
2026-03-10,2026-02-21,1.0204821709880463e-07,0.0,0.0,0.0,False,0.0,1.0204821709880463e-07,-0.6574951689591952,0.9468649904024825,0.3109138239024598,1.0
2026-03-11,2026-02-21,1.0204821709880463e-07,0.0,0.0,0.0,False,0.0,1.0204821709880463e-07,-0.6524442547675245,0.9468653076087569,0.310766989651186,1.0
2026-03-12,2026-02-21,1.0204821709880463e-07,0.0,0.0,0.0,False,0.0,1.0204821709880463e-07,-0.6534213587932864,0.9468648866166159,0.3038737880596978,1.0
2026-03-13,2026-02-21,1.0204821709880463e-07,0.0,0.0,0.0,False,0.0,1.0204821709880463e-07,-0.6383227542343546,0.9468643339831516,0.2901555218897606,1.0
2026-03-14,2026-02-21,1.0204821709880463e-07,0.0,0.0,0.0,False,0.0,1.0204821709880463e-07,-0.625545707177499,0.9468639571579991,0.2870420389542869,1.0
2026-03-15,2026-02-21,1.0204821709880463e-07,0.0,0.0,0.0,False,0.0,1.0204821709880463e-07,-0.5549881280535127,0.9468611009824772,0.2870420389542869,1.0
2026-03-16,2026-02-21,1.0204821709880463e-07,0.0,0.0,0.0,False,0.0,1.0204821709880463e-07,-0.4916170269490969,0.9468568011683003,0.2870420389542869,1.0
2026-03-17,2026-02-21,1.0204821709880463e-07,0.0,0.0,0.0,False,0.0,1.0204821709880463e-07,-0.527849257264174,0.9468574152154919,0.28635853228028846,1.0
2026-03-18,2026-02-21,1.0204821709880463e-07,0.0,0.0,0.0,False,0.0,1.0204821709880463e-07,-0.6012610852655922,0.9468626939685935,0.3136595564848082,1.0
2026-03-19,2026-02-21,1.0204821709880463e-07,0.0,0.0,0.0,False,0.0,1.0204821709880463e-07,-0.6051378323863669,0.9468601151513871,0.3123590118990758,1.0
2026-03-20,2026-02-21,1.0204821709880463e-07,0.0,0.0,0.0,False,0.0,1.0204821709880463e-07,-0.5688493780968974,0.9468594361729311,0.30760487206825005,1.0
2026-03-21,2026-02-21,1.0204821709880463e-07,0.0,0.0,0.0,False,0.0,1.0204821709880463e-07,-0.571985182517849,0.9468605231740277,0.31775917360441525,1.0
2026-03-22,2026-02-21,1.0204821709880463e-07,0.0,0.0,0.0,False,0.0,1.0204821709880463e-07,-0.664311033572886,0.946863054289712,0.3223182813880737,1.0
2026-03-23,2026-03-23,0.9746533789810287,0.0,0.0,0.0,False,0.0,0.9746533789810287,-0.5610789752172098,0.1137001829474599,0.3223103499246488,1.0
2026-03-24,2026-03-23,0.9746533789810287,0.0,0.0,0.0,False,0.0,0.9746533789810287,-0.665406603028214,0.1137036544345367,0.3223178425587658,1.0
2026-03-25,2026-03-23,0.9746533789810287,0.0,0.0,0.0,False,0.0,0.9746533789810287,-0.5902810201809382,0.11371049352910106,0.28118741155805155,1.0
2026-03-26,2026-03-23,0.9746533789810287,0.0,0.0,0.0,False,0.0,0.9746533789810287,-0.6333562991269588,0.11371485275346684,0.3061131754282076,1.0
2026-03-27,2026-03-23,0.9746533789810287,0.0,0.0,0.0,False,0.0,0.9746533789810287,-0.7132225728774801,0.1137566592508747,0.3304615103238503,1.0
2026-03-28,2026-03-23,0.9746533789810287,0.0,0.0,0.0,False,0.0,0.9746533789810287,-0.6862958369976768,0.11373634543875026,0.32944923488160965,1.0
2026-03-29,2026-03-23,0.9746533789810287,0.0,0.0,0.0,False,0.0,0.9746533789810287,-0.7491838445952448,0.1137379800287766,0.3190419692817508,1.0
2026-03-30,2026-03-23,0.9746533789810287,0.0,0.0,0.0,False,0.0,0.9746533789810287,-0.7288316777122789,0.11372760092422766,0.3190419692817508,1.0
2026-03-31,2026-03-23,0.9746533789810287,0.0,0.0,0.0,False,0.0,0.9746533789810287,-0.6544158684120223,0.11377585868456153,0.3127811927605949,1.0
2026-04-01,2026-03-23,0.9746533789810287,0.0,0.0,0.0,False,0.0,0.9746533789810287,-0.6615677329753102,0.11402438030630214,0.3129028149513311,1.0
2026-04-02,2026-03-23,0.9746533789810287,0.0,0.0,0.0,False,0.0,0.9746533789810287,-0.7045744166442722,0.11390163067260947,0.31812464016151715,1.0
2026-04-03,2026-03-23,0.9746533789810287,0.0,0.0,0.0,False,0.0,0.9746533789810287,-0.718925098497581,0.11390643047529042,0.31812464016151715,1.0
2026-04-04,2026-03-23,0.9746533789810287,0.0,0.0,0.0,False,0.0,0.9746533789810287,-0.6954922414829949,0.1139907418420871,0.3061921925051165,1.0
2026-04-05,2026-03-23,0.9746533789810287,0.0,0.0,0.0,False,0.0,0.9746533789810287,-0.62831658879594,0.11386141619918111,0.2726340725874743,1.0
2026-04-06,2026-03-23,0.9746533789810287,0.0,0.0,0.0,False,0.0,0.9746533789810287,-0.4739385276725288,0.11378593948555712,0.2692380065478363,1.0
2026-04-07,2026-03-23,0.9746533789810287,0.0,0.0,0.0,False,0.0,0.9746533789810287,-0.41147125140945495,0.11397804085106406,0.26060401518039195,1.0
2026-04-08,2026-03-23,0.9746533789810287,0.0,0.0,0.0,False,0.0,0.9746533789810287,-0.4126790047963145,0.11385934975677464,0.263915739597412,1.0
2026-04-09,2026-03-23,0.9746533789810287,0.0,0.0,0.0,False,0.0,0.9746533789810287,-0.4078279102646772,0.11377959551768725,0.263915739597412,1.0
2026-04-10,2026-03-23,0.9746533789810287,0.0,0.0,0.0,False,0.0,0.9746533789810287,-0.3261632718097034,0.11383173832000733,0.263915739597412,1.0
2026-04-11,2026-03-23,0.9746533789810287,0.0,0.0,0.0,False,0.0,0.9746533789810287,-0.26004008447812654,0.11415078389265433,0.263915739597412,1.0
2026-04-12,2026-03-23,0.9746533789810287,0.0,0.0,0.0,False,0.0,0.9746533789810287,-0.39245798783720187,0.11398193812318158,0.28658335373777266,1.0
2026-04-13,2026-03-23,0.9746533789810287,0.0,0.0,0.0,False,0.0,0.9746533789810287,-0.19148018981917825,0.11413015161108107,0.28658335373777266,1.0
2026-04-14,2026-03-23,0.9746533789810287,0.0,0.0,0.0,False,0.0,0.9746533789810287,-0.240056303904443,0.11409748327345869,0.2868988813826615,1.0
2026-04-15,2026-03-23,0.9746533789810287,0.0,0.0,0.0,False,0.0,0.9746533789810287,-0.1942531656116752,0.11500150543885283,0.2868988813826615,1.0
2026-04-16,2026-03-23,0.9746533789810287,0.0,0.0,0.0,False,0.0,0.9746533789810287,-0.11715704713094471,0.11419507832064711,0.2832312609831085,1.0
2026-04-17,2026-03-23,0.9746533789810287,0.0,0.0,0.0,False,0.0,0.9746533789810287,-0.05442374270617398,0.11424852667418602,0.25266348931643473,1.0
2026-04-18,2026-03-23,0.9746533789810287,0.0,0.0,0.0,False,0.0,0.9746533789810287,-0.09696438935095339,0.1140098156537417,0.2521494767173628,1.0
2026-04-19,2026-03-23,0.9746533789810287,0.0,0.0,0.0,False,0.0,0.9746533789810287,-0.1644194138788207,0.11376715625820276,0.2671304911390602,1.0
2026-04-20,2026-03-23,0.9746533789810287,0.0,0.0,0.0,False,0.0,0.9746533789810287,-0.11638026659278775,0.11372955137120447,0.25496777091734385,1.0
2026-04-21,2026-03-23,0.9746533789810287,0.0,0.0,0.0,False,0.0,0.9746533789810287,-0.10663736799425672,0.11371052822729025,0.24917941748739714,1.0
2026-04-22,2026-04-22,1.0,0.0,0.0,0.0,False,0.0,1.0,-0.02245347008271173,0.07672384058260139,0.24917941748739714,1.0
2026-04-23,2026-04-22,1.0,0.0,0.0,0.0,False,0.0,1.0,-0.023958215504624375,0.07671600244486729,0.24858191265217253,1.0
2026-04-24,2026-04-22,1.0,0.0,0.0,0.0,False,0.0,1.0,-0.008563540480242104,0.07671630548256249,0.2512848537663035,1.0
2026-04-25,2026-04-22,1.0,0.0,0.0,0.0,False,0.0,1.0,-0.012051386919905982,0.07671933210805174,0.21784200552428828,1.0
2026-04-26,2026-04-22,1.0,0.0,0.0,0.0,False,0.0,1.0,-0.0052304201606691025,0.07672069941129324,0.1787613093934602,1.0
2026-04-27,2026-04-22,1.0,0.0,0.0,0.0,False,0.0,1.0,-0.0668705804810949,0.07671679906969563,0.18777757665490846,1.0
2026-04-28,2026-04-22,1.0,0.0,0.0,0.0,False,0.0,1.0,-0.06627420186582356,0.07672228355751234,0.19252871681966932,1.0
2026-04-29,2026-04-22,1.0,0.0,0.0,0.0,False,0.0,1.0,-0.12768211069828972,0.07672208295712421,0.1942507660446793,1.0
2026-04-30,2026-04-22,1.0,0.0,0.0,0.0,False,0.0,1.0,-0.10706166049424917,0.07671979489930539,0.1942507660446793,1.0
2026-05-01,2026-04-22,1.0,0.0,0.0,0.0,False,0.0,1.0,-0.08034851398266016,0.07671599177470308,0.19405479393516217,1.0
2026-05-02,2026-04-22,1.0,0.0,0.0,0.0,False,0.0,1.0,-0.03680045340506244,0.07671958677281193,0.18367327629049351,1.0
2026-05-03,2026-04-22,1.0,0.0,0.0,0.0,False,0.0,1.0,-0.12941759926126092,0.07671839341858658,0.18374821023613058,1.0
2026-05-04,2026-04-22,1.0,0.0,0.0,0.0,False,0.0,1.0,-0.05051166192985629,0.07671701780102094,0.18374821023613058,1.0
2026-05-05,2026-04-22,1.0,0.0,0.0,0.0,False,0.0,1.0,-0.012462224089946239,0.07671704772278977,0.18374821023613058,1.0
2026-05-06,2026-04-22,1.0,0.0,0.0021874963420597474,0.0,False,0.0,1.0,0.004738518429575123,0.07671717454694434,0.18352109504887731,1.0
2026-05-07,2026-04-22,1.0,0.0,0.0,0.0,False,0.0,1.0,-0.04253107255417718,0.0767178751233889,0.19379627794451373,1.0
2026-05-08,2026-04-22,1.0,0.0,0.0,0.0,False,0.0,1.0,-0.030185083127516693,0.07671945247998435,0.1892615451327612,1.0
2026-05-09,2026-04-22,1.0,0.0,0.0,0.0,False,0.0,1.0,-0.0034549790564148697,0.07671922409712331,0.1892615451327612,1.0
2026-05-10,2026-04-22,1.0,0.0,0.012671202295421386,0.0,False,0.0,1.0,0.0274481322336613,0.07671660952711916,0.1892615451327612,1.0
2026-05-11,2026-04-22,1.0,0.0,0.0,0.0,False,0.0,1.0,-8.870202129709903e-05,0.07671965954121537,0.1902903462968703,1.0
2026-05-12,2026-04-22,1.0,0.0,0.0,0.0,False,0.0,1.0,-0.08872631876340883,0.07673621426934857,0.16303363951254526,1.0
2026-05-13,2026-04-22,1.0,0.0,0.0,0.0,False,0.0,1.0,-0.1972139631020292,0.07703486640901236,0.1711203268950282,1.0
2026-05-14,2026-04-22,1.0,0.0,0.0,0.0,False,0.0,1.0,-0.12687625877910622,0.07678867928500512,0.17059078749342876,1.0
2026-05-15,2026-04-22,1.0,0.0,0.0,0.0,False,0.0,1.0,-0.26181664871594024,0.0772156582395675,0.19108050415669647,1.0
2026-05-16,2026-04-22,1.0,0.0,0.0,0.0,False,0.0,1.0,-0.3305910418128921,0.077006247630836,0.19581855762950162,1.0
2026-05-17,2026-04-22,1.0,0.0,0.0,0.0,False,0.0,1.0,-0.2744259386763582,0.07689102341178936,0.19824959286223384,1.0
2026-05-18,2026-04-22,1.0,0.0,0.0,0.0,False,0.0,1.0,-0.23623566985913974,0.07677030966736544,0.189086345113676,1.0
2026-05-19,2026-04-22,1.0,0.0,0.0,0.0,False,0.0,1.0,-0.22979565198403842,0.07680638597914928,0.16742761995886163,1.0
2026-05-20,2026-04-22,1.0,0.0,0.0,0.0,False,0.0,1.0,-0.13834808601799048,0.07696335567693863,0.16742761995886163,1.0
2026-05-21,2026-04-22,1.0,0.0,0.0,0.0,False,0.0,1.0,-0.1867195362354582,0.0771580132291322,0.16742761995886163,1.0
2026-05-22,2026-05-22,0.9999986316250786,0.0,0.0,0.0,False,0.0,0.9999986316250786,-0.36282911307139815,0.034970296680280885,0.19228898180765125,1.0
2026-05-23,2026-05-22,0.9999986316250786,0.0,0.0,0.0,False,0.0,0.9999986316250786,-0.27081923672155694,0.03495269382804335,0.19228898180765128,1.0
2026-05-24,2026-05-22,0.9999986316250786,0.0,0.0,0.0,False,0.0,0.9999986316250786,-0.2991689680053134,0.034949253866323596,0.18874305838913139,1.0
2026-05-25,2026-05-22,0.9999986316250786,0.0,0.0,0.0,False,0.0,0.9999986316250786,-0.2399601871055238,0.034941206199357505,0.18874305838913139,1.0
2026-05-26,2026-05-22,0.9999986316250786,0.0,0.0,0.0,False,0.0,0.9999986316250786,-0.2934789388131876,0.034955823846480986,0.19909614478542856,1.0
2026-05-27,2026-05-22,0.9999986316250786,0.0,0.0,0.0,False,0.0,0.9999986316250786,-0.34600946128316884,0.03498129856967958,0.20260959764085318,1.0
2026-05-28,2026-05-22,0.9999986316250786,0.0,0.0,0.0,False,0.0,0.9999986316250786,-0.37151350214341583,0.0349870175867883,0.20101606562074448,1.0
2026-05-29,2026-05-22,0.9999986316250786,0.0,0.0,0.0,False,0.0,0.9999986316250786,-0.3657701880836616,0.035058406129974254,0.1994910246445948,1.0
2026-05-30,2026-05-22,0.9999986316250786,0.0,0.0,0.0,False,0.0,0.9999986316250786,-0.3855743650953643,0.006625806721628798,0.1994910246445948,1.0
2026-05-31,2026-05-22,0.9999986316250786,0.0,0.0,0.0,False,0.0,0.9999986316250786,-0.3328831822002376,0.004753185163120338,0.19973789978668743,1.0
2026-06-01,2026-05-22,0.9999986316250786,0.0,0.0,0.0,False,0.0,0.9999986316250786,-0.36917045461286446,0.00517156836131729,0.22751618842520263,1.0
2026-06-02,2026-05-22,0.9999986316250786,0.0,0.0,0.0,False,0.0,0.9999986316250786,-0.573415795219439,0.07737977237917251,0.32688260738419267,1.0
2026-06-03,2026-05-22,0.9999986316250786,0.0,0.0,0.0,False,0.0,0.9999986316250786,-0.6544849511052611,0.8176036063034843,0.3554211914950391,1.0
2026-06-04,2026-05-22,0.9999986316250786,0.0,0.0,0.0,False,0.0,0.9999986316250786,-0.6702669311422207,0.9679889029871697,0.35569644389081645,1.0
2026-06-05,2026-05-22,0.9999986316250786,0.0,0.0,0.0,False,0.0,0.9999986316250786,-0.6264864907220217,0.9753072941135711,0.3892146755575969,1.0
2026-06-06,2026-05-22,0.9999986316250786,0.0,0.0,0.0,False,0.0,0.9999986316250786,-0.7965845944510768,0.976619870577335,0.3843276143614723,1.0
2026-06-07,2026-05-22,0.9999986316250786,0.0,0.0,0.0,False,0.0,0.9999986316250786,-0.677065383371854,0.9766546021585453,0.3843276143614723,1.0
2026-06-08,2026-05-22,0.9999986316250786,0.0,0.0,0.0,False,0.0,0.9999986316250786,-0.7082712309916489,0.976649486235424,0.3845673257637142,1.0
2026-06-09,2026-05-22,0.9999986316250786,0.0,0.0,0.0,False,0.0,0.9999986316250786,-0.7657380151474094,0.9766495440761427,0.391964722514513,1.0
2026-06-10,2026-05-22,0.9999986316250786,0.0,0.0,0.0,False,0.0,0.9999986316250786,-0.7550276516259581,0.9766424631453968,0.391662548425102,1.0
2026-06-11,2026-05-22,0.9999986316250786,0.0,0.0,0.0,False,0.0,0.9999986316250786,-0.618554059861721,0.9765943088931327,0.38800966365231326,1.0
2026-06-12,2026-05-22,0.9999986316250786,0.0,0.0,0.0,False,0.0,0.9999986316250786,-0.656200361712774,0.9766105569451349,0.3845200370842814,1.0
2026-06-13,2026-05-22,0.9999986316250786,0.0,0.0,0.0,False,0.0,0.9999986316250786,-0.6642541616416308,0.9766168862316051,0.3845200370842814,1.0
2026-06-14,2026-05-22,0.9999986316250786,0.0,0.0,0.0,False,0.0,0.9999986316250786,-0.6353571349618096,0.9765850616155444,0.374760078754592,1.0
2026-06-15,2026-05-22,0.9999986316250786,0.0,0.0,0.0,False,0.0,0.9999986316250786,-0.5939391317590371,0.9759089229175785,0.3723062827630322,1.0
2026-06-16,2026-05-22,0.9999986316250786,0.0,0.0,0.0,False,0.0,0.9999986316250786,-0.6361029041732651,0.9735580636993039,0.37262257866189885,1.0
2026-06-17,2026-05-22,0.9999986316250786,0.0,0.0,0.0,False,0.0,0.9999986316250786,-0.6423464010337754,0.9757821630411787,0.37726038668417267,1.0
2026-06-18,2026-05-22,0.9999986316250786,0.0,0.0,0.0,False,0.0,0.9999986316250786,-0.660491251127197,0.9750736701567236,0.3866230883387461,1.0
2026-06-19,2026-05-22,0.9999986316250786,0.0,0.0,0.0,False,0.0,0.9999986316250786,-0.6669616667462389,0.9590489326991258,0.3866230883387461,1.0
2026-06-20,2026-05-22,0.9999986316250786,0.0,0.0,0.0,False,0.0,0.9999986316250786,-0.6636678913083885,0.9005833142313796,0.3866230883387461,1.0
2026-06-21,2026-06-21,0.00022710067266751288,0.0,0.0,0.0,False,0.0,0.00022710067266751288,-0.696491527667819,0.9929533948629469,0.37873482650375107,1.0
2026-06-22,2026-06-21,0.00022710067266751288,0.0,0.0,0.0,False,0.0,0.00022710067266751288,-0.6173162846625577,0.9928715354676867,0.37873482650375107,1.0
2026-06-23,2026-06-21,0.00022710067266751288,0.0,0.0,0.0,False,0.0,0.00022710067266751288,-0.5725661379673201,0.9927882411990356,0.3852862001082507,1.0
2026-06-24,2026-06-21,0.00022710067266751288,0.0,0.0,0.0,False,0.0,0.00022710067266751288,-0.6343113818038386,0.9929936159133788,0.39643244008088824,1.0
2026-06-25,2026-06-21,0.00022710067266751288,0.0,0.0,0.0,False,0.0,0.00022710067266751288,-0.7033661908064586,0.9930922435996022,0.39829062083230077,1.0
2026-06-26,2026-06-21,0.00022710067266751288,0.0,0.0,0.0,False,0.0,0.00022710067266751288,-0.6705342643990501,0.993098098323469,0.3923221968684248,1.0
2026-06-27,2026-06-21,0.00022710067266751288,0.0,0.0,0.0,False,0.0,0.00022710067266751288,-0.7115974273234926,0.9930770716900948,0.3903800213543922,1.0
2026-06-28,2026-06-21,0.00022710067266751288,0.0,0.0,0.0,False,0.0,0.00022710067266751288,-0.7443308789865519,0.9930946565792992,0.391198545005266,1.0
2026-06-29,2026-06-21,0.00022710067266751288,0.0,0.0,0.0,False,0.0,0.00022710067266751288,-0.6620050328379856,0.9931012776310407,0.391198545005266,1.0
2026-06-30,2026-06-21,0.00022710067266751288,0.0,0.0,0.0,False,0.0,0.00022710067266751288,-0.7835436236832314,0.9930700713567236,0.40267768537710275,1.0
2026-07-01,2026-06-21,0.00022710067266751288,0.0,0.0,0.0,False,0.0,0.00022710067266751288,-0.761227185843209,0.9930837425042902,0.38766084521953653,1.0
2026-07-02,2026-06-21,0.00022710067266751288,0.0,0.0,0.0,False,0.0,0.00022710067266751288,-0.7384351807827692,0.9928689574804646,0.3084878855966182,1.0
2026-07-03,2026-06-21,0.00022710067266751288,0.0,0.0,0.0,False,0.0,0.00022710067266751288,-0.6978828317947254,0.9915245663865491,0.2751232291290709,1.0
2026-07-04,2026-06-21,0.00022710067266751288,0.0,0.0,0.0,False,0.0,0.00022710067266751288,-0.6579923039224831,0.990476305107647,0.2747672731123336,1.0
2026-07-05,2026-06-21,0.00022710067266751288,0.0,0.0,0.0,False,0.0,0.00022710067266751288,-0.6357870942991084,0.992173567487351,0.22478645622179957,1.0
2026-07-06,2026-06-21,0.00022710067266751288,0.0,0.0,0.0,False,0.0,0.00022710067266751288,-0.566178839763982,0.9925841689770747,0.2245713570163652,1.0
2026-07-07,2026-06-21,0.00022710067266751288,0.0,0.0,0.0,False,0.0,0.00022710067266751288,-0.6275201989129021,0.9923796827702487,0.22761950473288065,1.0
2026-07-08,2026-06-21,0.00022710067266751288,0.0,0.0,0.0,False,0.0,0.00022710067266751288,-0.6701580386656808,0.9924268910545764,0.2349081221920573,1.0
2026-07-09,2026-06-21,0.00022710067266751288,0.0,0.0,0.0,False,0.0,0.00022710067266751288,-0.6386192819911227,0.9923296643304805,0.22234547492803633,1.0
2026-07-10,2026-06-21,0.00022710067266751288,0.0,0.0,0.0,False,0.0,0.00022710067266751288,-0.6104909672597458,0.992122986221606,0.22199959155427562,1.0
2026-07-11,2026-06-21,0.00022710067266751288,0.0,0.0,0.0,False,0.0,0.00022710067266751288,-0.5966990426743748,0.991634312102901,0.22278423885815557,1.0
2026-07-12,2026-06-21,0.00022710067266751288,0.0,0.0,0.0,False,0.0,0.00022710067266751288,-0.6079483076511787,0.9914774185727813,0.22278017185980278,1.0
2026-07-13,2026-06-21,0.00022710067266751288,0.0,0.0,0.0,False,0.0,0.00022710067266751288,-0.6787487533591019,0.9920347596522997,0.2366957381187688,1.0
2026-07-14,2026-06-21,0.00022710067266751288,0.0,0.0,0.0,False,0.0,0.00022710067266751288,-0.5119770411946996,0.9919843665483972,0.2366957381187688,1.0
2026-07-15,2026-06-21,0.00022710067266751288,0.0,0.0,0.0,False,0.0,0.00022710067266751288,-0.47585469615520015,0.9922416473472224,0.23720025834607686,1.0
2026-07-16,2026-06-21,0.00022710067266751288,0.0,0.0,0.0,False,0.0,0.00022710067266751288,-0.48471391946224324,0.9919754528925541,0.2399890019896174,1.0
2026-07-17,2026-06-21,0.00022710067266751288,0.0,0.0,0.0,False,0.0,0.00022710067266751288,-0.449664458514339,0.991543698350797,0.23171774925740868,1.0
2026-07-18,2026-06-21,0.00022710067266751288,0.0,0.0,0.0,False,0.0,0.00022710067266751288,-0.3870712367759875,0.9897766326178113,0.21560009170087216,1.0
2026-07-19,2026-06-21,0.00022710067266751288,0.0,0.0,0.0,False,0.0,0.00022710067266751288,-0.37056504006088636,0.9895395912300916,0.2156839409330723,1.0
2026-07-20,2026-06-21,0.00022710067266751288,0.0,0.0,0.0,False,0.0,0.00022710067266751288,-0.30086061279280885,0.986887921171706,0.2156839409330723,1.0
2026-07-21,2026-07-21,0.009600519865598178,0.0,0.0,0.0,False,0.0,0.009600519865598178,-0.30475716790612717,0.9088907574750776,0.20883931958960764,1.0
2026-07-22,2026-07-21,0.009600519865598178,0.0,0.0,0.0,False,0.0,0.009600519865598178,-0.3546751805465088,0.9064393477780746,0.21012668581918564,1.0
2026-07-23,2026-07-21,0.009600519865598178,0.0,0.0,0.0,False,0.0,0.009600519865598178,-0.4423816600183733,0.9018284358877605,0.2050927646486121,1.0
2026-07-24,2026-07-21,0.009600519865598178,0.0,0.0,0.0,False,0.0,0.009600519865598178,-0.49307538616649177,0.9012536049805552,0.18981432718022784,1.0
2026-07-25,2026-07-21,0.009600519865598178,0.0,0.0,0.0,False,0.0,0.009600519865598178,-0.43920834036731177,0.892283997037414,0.17474955487798183,1.0
2026-07-26,2026-07-21,0.009600519865598178,0.0,0.0,0.0,False,0.0,0.009600519865598178,-0.3624757356962175,0.8930294393319756,0.17474955487798183,1.0
2026-07-27,2026-07-21,0.009600519865598178,0.0,0.0,0.0,False,0.0,0.009600519865598178,-0.4412270944026789,0.9120837632032471,0.19598184829855647,1.0
2026-07-28,2026-07-21,0.009600519865598178,0.0,0.0,0.0,False,0.0,0.009600519865598178,-0.4096575506283062,0.9154223334114926,0.19420061981392794,1.0
2026-07-29,2026-07-21,0.009600519865598178,0.0,0.0,0.0,False,0.0,0.009600519865598178,-0.4502229479543619,0.9159542642554347,0.19420061981392794,1.0
2026-07-30,2026-07-21,0.009600519865598178,0.0,0.0,0.0,False,0.0,0.009600519865598178,-0.44118145745170684,0.914460398929697,0.16882625492571804,1.0
2026-07-31,2026-07-21,0.009600519865598178,0.0,0.0,0.0,False,0.0,0.009600519865598178,-0.5216427540156761,0.9164746215544896,0.19797423109215598,1.0
2026-08-01,2026-07-21,0.009600519865598178,0.0,0.0,0.0,False,0.0,0.009600519865598178,-0.4542717618440014,0.9144454324317608,0.1980063247135681,1.0
2026-08-02,2026-07-21,0.009600519865598178,0.0,0.0,0.0,False,0.0,0.009600519865598178,-0.2783363348982427,0.9105757934560202,0.1980063247135681,1.0
