date,refit_date,days_after_refit,monthly_core_scale,monthly_held_extra,daily_implied_extra,implied_to_held_ratio,held_minus_implied_gap,daily_btc_trend,daily_p_bad,daily_downside_semivol30,daily_downside_scaler,btc_return
2022-12-09,2022-12-09,0,1.3453862990342458e-07,0.0,0.0,,0.0,-0.562116095058999,0.843049038475409,0.23757468176598726,1.0,-0.005546879082216072
2022-12-10,2022-12-09,1,1.3453862990342458e-07,0.0,0.0,,0.0,-0.5226048792364438,0.8430489903020327,0.23757478169563256,1.0,-6.246876561721848e-05
2022-12-11,2022-12-09,2,1.3453862990342458e-07,0.0,0.0,,0.0,-0.49556287414875777,0.8430489776977075,0.2123834916629158,1.0,-0.0024778878866665854
2022-12-12,2022-12-09,3,1.3453862990342458e-07,0.0,0.0,,0.0,-0.5078789397195858,0.843048888127307,0.20562058778130338,1.0,0.0073034612131659404
2022-12-13,2022-12-09,4,1.3453862990342458e-07,0.0,0.0,,0.0,-0.44263654014509424,0.8430308437475689,0.1788152093986221,1.0,0.03282252061757718
2022-12-14,2022-12-09,5,1.3453862990342458e-07,0.0,0.0,,0.0,-0.43183694099059383,0.8430367795215874,0.1788152093986221,1.0,0.0016005896020749866
2022-12-15,2022-12-09,6,1.3453862990342458e-07,0.0,0.0,,0.0,-0.49648760308465145,0.8430425477983434,0.19958751678731787,1.0,-0.025097244027040277
2022-12-16,2022-12-09,7,1.3453862990342458e-07,0.0,0.0,,0.0,-0.6249413917946023,0.8430487637440479,0.24391467002480116,1.0,-0.041726539120575
2022-12-17,2022-12-09,8,1.3453862990342458e-07,0.0,0.0,,0.0,-0.5406553611985276,0.8430489427430862,0.24391467002480116,1.0,0.008681996041394635
2022-12-18,2022-12-09,9,1.3453862990342458e-07,0.0,0.0,,0.0,-0.5254292965257741,0.8430489384575515,0.2440449869775011,1.0,-0.0022835486739801736
2022-12-19,2022-12-09,10,1.3453862990342458e-07,0.0,0.0,,0.0,-0.6090137457727973,0.843049220604558,0.25203101556321433,1.0,-0.017883035282745152
2022-12-20,2022-12-09,11,1.3453862990342458e-07,0.0,0.0,,0.0,-0.6011686227116901,0.8430490872556424,0.23581673064288045,1.0,0.027780481395326184
2022-12-21,2022-12-09,12,1.3453862990342458e-07,0.0,0.0,,0.0,-0.6020482659439169,0.8430516838635372,0.20984968882644697,1.0,-0.004195776878659463
2022-12-22,2022-12-09,13,1.3453862990342458e-07,0.0,0.0,,0.0,-0.6204550214436407,0.8430492377636474,0.20985076408454884,1.0,-0.0001925743565845961
2022-12-23,2022-12-09,14,1.3453862990342458e-07,0.0,0.0,,0.0,-0.6050668535721873,0.8430504399859857,0.2100399726581715,1.0,-0.0025521016940890373
2022-12-24,2022-12-09,15,1.3453862990342458e-07,0.0,0.0,,0.0,-0.6111392601201087,0.8430595117279021,0.21003815397043543,1.0,0.003434156807819555
2022-12-25,2022-12-09,16,1.3453862990342458e-07,0.0,0.0,,0.0,-0.6078813220831789,0.8430690845924047,0.2094158134170302,1.0,-0.00023817839264617113
2022-12-26,2022-12-09,17,1.3453862990342458e-07,0.0,0.0,,0.0,-0.5717337215676769,0.8430563346639661,0.2089836719356486,1.0,0.005185327329728651
2022-12-27,2022-12-09,18,1.3453862990342458e-07,0.0,0.0,,0.0,-0.6225949436923621,0.843049998845494,0.21351252181047486,1.0,-0.012590879458420079
2022-12-28,2022-12-09,19,1.3453862990342458e-07,0.0,0.0,,0.0,-0.68473547476494,0.8430489754974098,0.21112172967533296,1.0,-0.00952032639066791
2022-12-29,2022-12-09,20,1.3453862990342458e-07,0.0,0.0,,0.0,-0.6621328642274154,0.8430488749458748,0.21112172967533296,1.0,0.00520688861210683
2022-12-30,2022-12-09,21,1.3453862990342458e-07,0.0,0.0,,0.0,-0.6708190436106745,0.8430487193832281,0.21119217660998293,1.0,-0.0015625122118235746
2022-12-31,2022-12-09,22,1.3453862990342458e-07,0.0,0.0,,0.0,-0.6656315121288808,0.8430484999734864,0.20818506869781647,1.0,-0.003918716144773238
2023-01-01,2022-12-09,23,1.3453862990342458e-07,0.0,0.0,,0.0,-0.6499761702066539,0.8430484909287943,0.20818506869781647,1.0,0.004494511074571994
2023-01-02,2022-12-09,24,1.3453862990342458e-07,0.0,0.0,,0.0,-0.698604229842408,0.8430471457053366,0.20377755036648348,1.0,0.003377315058600505
2023-01-03,2022-12-09,25,1.3453862990342458e-07,0.0,0.0,,0.0,-0.7135626940755221,0.843040021284062,0.20377755036648348,1.0,0.0001385484322735664
2023-01-04,2022-12-09,26,1.3453862990342458e-07,0.0,0.0,,0.0,-0.5975869038344529,0.8430404448680069,0.20177025256725722,1.0,0.01050543382440261
2023-01-05,2022-12-09,27,1.3453862990342458e-07,0.0,0.0,,0.0,-0.5081589814165647,0.8430409062967641,0.20180667064699606,1.0,-0.0010984928511914571
2023-01-06,2022-12-09,28,1.3453862990342458e-07,0.0,0.0,,0.0,-0.4834674182352304,0.8430395599932691,0.1950225708555616,1.0,0.007058047689350921
2023-01-07,2022-12-09,29,1.3453862990342458e-07,0.0,0.0,,0.0,-0.4850060310926606,0.843039298351718,0.19502801495321195,1.0,-0.00041768309769840695
2023-01-08,2023-01-08,0,0.999999999893296,0.0,0.0,,0.0,-0.20460440391120718,0.702166087504477,0.19406055030492275,1.0,0.010874921873017529
2023-01-09,2023-01-08,1,0.999999999893296,0.0,0.0,,0.0,-0.4059675887462275,0.7021660875057202,0.19406042796802267,1.0,0.0029443309514396443
2023-01-10,2023-01-08,2,0.999999999893296,0.0,0.0,,0.0,-0.2816455249035107,0.7021660874973558,0.1938673817728725,1.0,0.015275120995956515
2023-01-11,2023-01-08,3,0.999999999893296,0.0,0.0,,0.0,-0.08719093618224269,0.7021660887105741,0.1938673817728725,1.0,0.02881771676071887
2023-01-12,2023-01-08,4,0.999999999893296,0.0,0.0,,0.0,0.05169633612225369,0.702166143371227,0.1938673817728725,1.0,0.05034536644957499
2023-01-13,2023-01-08,5,0.999999999893296,0.0,0.0,,0.0,0.18885321895887902,0.707224021198895,0.1938673817728725,1.0,0.05748457813655716
2023-01-14,2023-01-08,6,0.999999999893296,0.0,0.0,,0.0,0.2427614141646908,0.78458327194297,0.17240726194222178,1.0,0.0514254634092004
2023-01-15,2023-01-08,7,0.999999999893296,0.0,0.0,,0.0,0.2386405089881449,0.6660554663497278,0.0884045389455253,1.0,-0.003980926674976515
2023-01-16,2023-01-08,8,0.999999999893296,0.0,0.0,,0.0,0.29528839780653304,0.015986044901264932,0.0884045389455253,1.0,0.0150516254222266
2023-01-17,2023-01-08,9,0.999999999893296,0.0,0.0,,0.0,0.2745845526467706,0.014204572831014216,0.08844210689692227,1.0,-0.0023997375582056613
2023-01-18,2023-01-08,10,0.999999999893296,0.0,0.0,,0.0,0.2845782634168234,0.02692754029601561,0.09840323547745855,1.0,-0.02163918199406567
2023-01-19,2023-01-08,11,0.999999999893296,0.0,0.0,,0.0,0.3343328188646101,0.015123638651648215,0.09840323547745855,1.0,0.019060358931726196
2023-01-20,2023-01-08,12,0.999999999893296,0.0,0.0,,0.0,0.39471214247451875,0.012983484367793273,0.09730419302941729,1.0,0.07572375886205074
2023-01-21,2023-01-08,13,0.999999999893296,0.0,0.0,,0.0,0.40952092164209086,0.013017056928951548,0.09730187405591813,1.0,0.0051325240292035
2023-01-22,2023-01-08,14,0.999999999893296,0.0,0.0,,0.0,0.42690422624994073,0.013332503605377933,0.0975851536445721,1.0,-0.003321255906125198
2023-01-23,2023-01-08,15,0.999999999893296,0.0,0.0,,0.0,0.4361277404072966,0.024743617099900465,0.0975851536445721,1.0,0.009184917306239049
2023-01-24,2023-01-08,16,0.999999999893296,0.0,0.0,,0.0,0.3971549271602599,0.7838036991888743,0.10680959054019121,1.0,-0.012373644259909389
2023-01-25,2023-01-08,17,0.999999999893296,0.0,0.0,,0.0,0.39336085016939737,0.7845904934102438,0.10680959054019121,1.0,0.01891274158978362
2023-01-26,2023-01-08,18,0.999999999893296,0.0,0.0,,0.0,0.3774827382080697,0.7845905104346087,0.09754616213070376,1.0,-0.002224107083232396
2023-01-27,2023-01-08,19,0.999999999893296,0.0,0.0,,0.0,0.40268088051627693,0.7845791075200838,0.09166197331594354,1.0,0.0028036063130034705
2023-01-28,2023-01-08,20,0.999999999893296,0.0,0.0,,0.0,0.39505308187178595,0.7845904895008219,0.09199349589487121,1.0,-0.0022345342148967218
2023-01-29,2023-01-08,21,0.999999999893296,0.0,0.0,,0.0,0.4463035997170891,0.784589859245457,0.09183165340339805,1.0,0.03126058742279336
2023-01-30,2023-01-08,22,0.999999999893296,0.0,0.0,,0.0,0.3990002740376163,0.7845905775240047,0.1645783085298297,1.0,-0.03858724723383988
2023-01-31,2023-01-08,23,0.999999999893296,0.0,0.0,,0.0,0.3923658047244454,0.7845905783623754,0.16457830852982966,1.0,0.01309813525276926
2023-02-01,2023-01-08,24,0.999999999893296,0.0,0.0,,0.0,0.3778493887867451,0.7845905776815729,0.16457830852982966,1.0,0.026271419879585478
2023-02-02,2023-01-08,25,0.999999999893296,0.0,0.0,,0.0,0.36467063204667655,0.7845905776359882,0.16847083819470712,1.0,-0.010269392474337113
2023-02-03,2023-01-08,26,0.999999999893296,0.0,0.0,,0.0,0.3681522620203229,0.7845905681584446,0.16868415737528836,1.0,-0.002428376929737852
2023-02-04,2023-01-08,27,0.999999999893296,0.0,0.0,,0.0,0.3791326106886647,0.7845905668746475,0.16936745406774395,1.0,-0.004483631288969336
2023-02-05,2023-01-08,28,0.999999999893296,0.0,0.0,,0.0,0.3552449553394344,0.7845899073306306,0.17948425696914985,1.0,-0.016887413811729313
2023-02-06,2023-01-08,29,0.999999999893296,0.0,0.0,,0.0,0.347430694232409,0.7845901722976487,0.18135365219843005,1.0,-0.007429933663019583
2023-02-07,2023-02-07,0,0.999999924474696,0.0,0.0,,0.0,0.4549193997523553,0.46440326831776924,0.18135365219843005,1.0,0.020996796488262248
2023-02-08,2023-02-07,1,0.999999924474696,0.0,0.0,,0.0,0.5215014429933212,0.4645581723067706,0.1861295640081679,1.0,-0.011938662143520351
2023-02-09,2023-02-07,2,0.999999924474696,0.0,0.0,,0.0,0.273695724813564,0.471629571862596,0.2602353237711986,1.0,-0.05080564386186481
2023-02-10,2023-02-07,3,0.999999924474696,0.0,0.0,,0.0,0.217173325711526,0.48055743937570067,0.2616841846322697,1.0,-0.007852690932197315
2023-02-11,2023-02-07,4,0.999999924474696,0.0,0.0,,0.0,0.32125264186688507,0.5250267925566549,0.2616841846322697,1.0,0.01097608853378862
2023-02-12,2023-02-07,5,0.999999924474696,0.0,0.0,,0.0,0.29879421027073816,0.7256063899822899,0.26198872570791504,1.0,-0.0036139425638820333
2023-02-13,2023-02-07,6,0.999999924474696,0.0,0.0,,0.0,0.3655404743918251,0.8110682531569805,0.26199320916571484,1.0,-0.0004393225343538587
2023-02-14,2023-02-07,7,0.999999924474696,0.0,0.0,,0.0,0.3487306605547673,0.8199315989691424,0.2616235016858423,1.0,0.01955867487646934
2023-02-15,2023-02-07,8,0.999999924474696,0.0,0.0,,0.0,0.5976340391968122,0.8174837233646054,0.2616235016858423,1.0,0.09568582476270104
2023-02-16,2023-02-07,9,0.999999924474696,0.0,0.0,,0.0,0.5140271739682608,0.8148799488039215,0.2867115790653923,1.0,-0.033149496074872276
2023-02-17,2023-02-07,10,0.999999924474696,0.0,0.0,,0.0,0.6364000592368139,0.7946945000442688,0.27637051570876486,1.0,0.04474285772600406
2023-02-18,2023-02-07,11,0.999999924474696,0.0,0.0,,0.0,0.5778812241118771,0.7999583590869033,0.27637051570876486,1.0,0.002522591602675872
2023-02-19,2023-02-07,12,0.999999924474696,0.0,0.0,,0.0,0.5805071625290128,0.48472883811023015,0.2811063894445222,1.0,-0.014622878010064233
2023-02-20,2023-02-07,13,0.999999924474696,0.0,0.0,,0.0,0.600234376312258,0.4646965374419039,0.2811063894445222,1.0,0.02350220997570851
2023-02-21,2023-02-07,14,0.999999924474696,0.0,0.0,,0.0,0.5598859211209796,0.4653277452284958,0.2862396818961558,1.0,-0.01570070283630276
2023-02-22,2023-02-07,15,0.999999924474696,0.0,0.0,,0.0,0.5292167444704501,0.48435934645966244,0.2888469597529268,1.0,-0.011039924489288477
2023-02-23,2023-02-07,16,0.999999924474696,0.0,0.0,,0.0,0.49546444266379563,0.5466335848380176,0.2877104715995606,1.0,-0.01000777017485166
2023-02-24,2023-02-07,17,0.999999924474696,0.0,0.0,,0.0,0.4362994929802738,0.7167079096267425,0.30865506655589553,1.0,-0.031533153440656325
2023-02-25,2023-02-07,18,0.999999924474696,0.0,0.0,,0.0,0.44790025012117846,0.8103265925087773,0.3085865811461257,1.0,-0.0012171510470647684
2023-02-26,2023-02-07,19,0.999999924474696,0.0,0.0,,0.0,0.5127476678436784,0.8184699152402697,0.3085865811461257,1.0,0.017177475388725716
2023-02-27,2023-02-07,20,0.999999924474696,0.0,0.0,,0.0,0.49112411321218047,0.8224889446515654,0.308628248196119,1.0,-0.002664419429544207
2023-02-28,2023-02-07,21,0.999999924474696,0.0,0.0,,0.0,0.4682558506615643,0.822795370316358,0.31305115797034244,1.0,-0.014920766947512987
2023-03-01,2023-02-07,22,0.999999924474696,0.0,0.0,,0.0,0.5503299940308753,0.7926763908234775,0.2813547408812817,1.0,0.021061665219775483
2023-03-02,2023-02-07,23,0.999999924474696,0.0,0.0,,0.0,0.5544884587922887,0.7597516927253283,0.28239716053091235,1.0,-0.00692582029601807
2023-03-03,2023-02-07,24,0.999999924474696,0.0,0.0,,0.0,0.3955895391634504,0.7974169775108125,0.329197292756372,1.0,-0.04734561471993559
2023-03-04,2023-02-07,25,0.999999924474696,0.0,0.0,,0.0,0.32585791522898694,0.8185608214687073,0.327224577764268,1.0,-0.0003475835117475734
2023-03-05,2023-02-07,26,0.999999924474696,0.0,0.0,,0.0,0.3290237503161634,0.8224951780366254,0.3271146628716291,1.0,0.00374419877412957
2023-03-06,2023-02-07,27,0.999999924474696,0.0,0.0,,0.0,0.3229359347288419,0.822950774976232,0.32675408363372505,1.0,-0.0009023532516817534
2023-03-07,2023-02-07,28,0.999999924474696,0.0,0.0,,0.0,0.2168583540164576,0.8228848406032554,0.32301486547754726,1.0,-0.009461847389558242
2023-03-08,2023-02-07,29,0.999999924474696,0.0,0.0,,0.0,0.30423324837451676,0.816836033711335,0.33134139476114927,1.0,-0.022187624448372745
2023-03-09,2023-03-09,0,0.9999999999998558,0.09392675904297274,0.09392675904297274,1.0,0.0,0.27655414900949415,0.3207351299600411,0.3992965315400979,1.0,-0.06188402538718396
2023-03-10,2023-03-09,1,0.9999999999998558,0.09392675904297274,0.05403577450662445,0.5752969127988582,0.03989098453634828,0.1591007481468905,0.3207351299600972,0.39875985938018815,1.0,-0.010388356475865668
2023-03-11,2023-03-09,2,0.9999999999998558,0.09392675904297274,0.06813171702111129,0.7253706794028753,0.025795042021861447,0.20060427095934827,0.3207351299622337,0.3548678857159063,1.0,0.015137943167206735
2023-03-12,2023-03-09,3,0.9999999999998558,0.09392675904297274,0.11495389727526446,1.2238673882346087,-0.02102713823229173,0.33846560405358117,0.32073512995981374,0.35380083036098464,1.0,0.07535199183798391
2023-03-13,2023-03-09,4,0.9999999999998558,0.09392675904297274,0.18101974112101696,1.927243556207428,-0.08709298207804422,0.5329872016208075,0.32073512995982584,0.35380083036098464,1.0,0.09621127502658289
2023-03-14,2023-03-09,5,0.9999999999998558,0.09392675904297274,0.19627882220884024,2.08970078610974,-0.10235206316586751,0.5779154225868881,0.32073512995985076,0.35357537761094304,1.0,0.023096210086640312
2023-03-15,2023-03-09,6,0.9999999999998558,0.09392675904297274,0.15990085014747,1.7023993138559506,-0.06597409110449726,0.47080559351762197,0.32073512995981424,0.3577977511564016,1.0,-0.01559560623435119
2023-03-16,2023-03-09,7,0.9999999999998558,0.09392675904297274,0.18582163936607976,1.9783674137107605,-0.09189488032310703,0.5471257165267989,0.320735129959924,0.3577977511564016,1.0,0.02936383034267953
2023-03-17,2023-03-09,8,0.9999999999998558,0.09392675904297274,0.23481074040608077,2.4999344467815794,-0.14088398136310804,0.6913672435089642,0.32073512995980913,0.3577977511564016,1.0,0.09585867790348179
2023-03-18,2023-03-09,9,0.9999999999998558,0.09392675904297274,0.2231453917570187,2.3757382244491874,-0.12921863271404596,0.6570202629316446,0.3207351299598065,0.34368164757073916,1.0,-0.017800244057976755
2023-03-19,2023-03-09,10,0.9999999999998558,0.09392675904297274,0.2490302728878801,2.6513240254989046,-0.15510351384490736,0.7332346596200228,0.3207351299598066,0.34368164757073916,1.0,0.039594179910500626
2023-03-20,2023-03-09,11,0.9999999999998558,0.09392675904297274,0.24757143849694932,2.6357924091012457,-0.15364467945397658,0.7289393266644305,0.32073512995980913,0.34517293853141506,1.0,-0.009146719660871439
2023-03-21,2023-03-09,12,0.9999999999998558,0.09392675904297274,0.24240385732996234,2.5807752742651258,-0.1484770982869896,0.7137241097589083,0.3207351299598247,0.34132714111392504,1.0,0.014015220256441863
2023-03-22,2023-03-09,13,0.9999999999998558,0.09392675904297274,0.2344512186524023,2.496106764901126,-0.14052445960942955,0.6903086822038345,0.3207351299598069,0.3579138993964057,1.0,-0.030403334297558482
2023-03-23,2023-03-09,14,0.9999999999998558,0.09392675904297274,0.2588632405241151,2.7560116324857087,-0.16493648148114234,0.7621864516820912,0.3207351299598088,0.35363166095705567,1.0,0.038326709104299805
2023-03-24,2023-03-09,15,0.9999999999998558,0.09392675904297274,0.22875707850791724,2.4354835708028406,-0.1348303194649445,0.6735430863497534,0.3207351299598088,0.3669207493962901,1.0,-0.029720014659621374
2023-03-25,2023-03-09,16,0.9999999999998558,0.09392675904297274,0.2238695492722149,2.3834480349714995,-0.12994279022924216,0.6591524430196908,0.32073512995983156,0.3652396066171653,1.0,0.0003088750210802349
2023-03-26,2023-03-09,17,0.9999999999998558,0.09392675904297274,0.23057106110761086,2.4547963057271205,-0.13664430206463812,0.6788841033218064,0.3207351299598335,0.3477201972840791,1.0,0.018392051837111456
2023-03-27,2023-03-09,18,0.9999999999998558,0.09392675904297274,0.21548711120722175,2.2942036263450074,-0.12156035216424901,0.634471531541027,0.3207351299629188,0.36371875805564313,1.0,-0.030146542215134797
2023-03-28,2023-03-09,19,0.9999999999998558,0.09392675904297274,0.22358717366562364,2.380441696740857,-0.1296604146226509,0.6583210277158132,0.3207351299671908,0.36371875805564313,1.0,0.005019740157663266
2023-03-29,2023-03-09,20,0.9999999999998558,0.09392675904297274,0.2459337785906973,2.618356910176996,-0.15200701954772455,0.7241174670972711,0.32073512996017567,0.36359968578864543,1.0,0.03989315166279228
2023-03-30,2023-03-09,21,0.9999999999998558,0.09392675904297274,0.2357625247613988,2.5100677076863085,-0.14183576571842607,0.6941696388557025,0.32073512996033837,0.36197202320448074,1.0,-0.011290504645732002
2023-03-31,2023-03-09,22,0.9999999999998558,0.09392675904297274,0.2523234940768106,2.686385612021056,-0.15839673503383786,0.7429310868447025,0.32073512996083675,0.36197202320448074,1.0,0.015585191231934026
2023-04-01,2023-03-09,23,0.9999999999998558,0.09392675904297274,0.24935350323249372,2.6547653275081196,-0.155426744189521,0.7341863659797451,0.32073512997005743,0.3611626722182731,1.0,-0.00044369718141634706
2023-04-02,2023-03-09,24,0.9999999999998558,0.09392675904297274,0.22958027628982322,2.4442478227614264,-0.13565351724685049,0.6759668765944457,0.320735129962403,0.3209565218861121,1.0,-0.0098711090289052
2023-04-03,2023-03-09,25,0.9999999999998558,0.09392675904297274,0.22248584186399648,2.368716265001822,-0.12855908282102374,0.6550783109426254,0.3207351299912515,0.32428364047462555,1.0,-0.013200046713263913
2023-04-04,2023-03-09,26,0.9999999999998558,0.09392675904297274,0.2322840136948237,2.473033415201207,-0.13835725465185097,0.6839276516426152,0.32073512998944165,0.32428364047462555,1.0,0.013146402877697971
2023-04-05,2023-03-09,27,0.9999999999998558,0.09392675904297274,0.22352688545392857,2.379799832672413,-0.12960012641095583,0.6581435175843874,0.3207351300082725,0.324268351723124,1.0,0.00016119028015504355
2023-04-06,2023-03-09,28,0.9999999999998558,0.09392675904297274,0.20632487699560323,2.1966570453176915,-0.1123981179526305,0.6074946198370492,0.32073512996396053,0.3230109619117354,1.0,-0.004834574073633635
2023-04-07,2023-03-09,29,0.9999999999998558,0.09392675904297274,0.2049807819099034,2.1823470116340538,-0.11105402286693067,0.6035371206529679,0.3207351299680314,0.3137892128906075,1.0,-0.004547721288072681
2023-04-08,2023-04-08,0,1.0,0.19941999369369875,0.19941999369369875,1.0,0.0,0.5379077638494829,0.2585346146834931,0.22093680071191935,1.0,0.0011484849494720617
2023-04-09,2023-04-08,1,1.0,0.19941999369369875,0.21848118335070082,1.0955831424118854,-0.01906118965700207,0.5893226782461327,0.25853461468370176,0.21791350835526885,1.0,0.013793927922807203
2023-04-10,2023-04-08,2,1.0,0.19941999369369875,0.25809749624318,1.2942408204044353,-0.05867750254948126,0.6961821855856718,0.2585346146826428,0.21791350835526885,1.0,0.046377317135860574
2023-04-11,2023-04-08,3,1.0,0.19941999369369875,0.2830575531998797,1.4194040825948722,-0.08363755950618093,0.763508476066559,0.2585346146826428,0.21791350835526885,1.0,0.01899900598366777
2023-04-12,2023-04-08,4,1.0,0.19941999369369875,0.26555247429048434,1.3316241233983914,-0.06613248059678559,0.7162909545055686,0.25853461468381594,0.22091025293511085,1.0,-0.010342571394702404
2023-04-13,2023-04-08,5,1.0,0.19941999369369875,0.2891148984191924,1.4497788966098428,-0.08969490472549366,0.7798473243541241,0.2585346146859201,0.22091025293511085,1.0,0.01625297317625396
2023-04-14,2023-04-08,6,1.0,0.19941999369369875,0.2955696841005384,1.482146692645682,-0.09614969040683966,0.7972582131525144,0.25853461469704225,0.21399838205253904,1.0,0.003064808400913499
2023-04-15,2023-04-08,7,1.0,0.19941999369369875,0.2892068618591956,1.4502400511726317,-0.08978686816549683,0.7800953830742396,0.25853461478140166,0.21490590507429835,1.0,-0.005640213831849872
2023-04-16,2023-04-08,8,1.0,0.19941999369369875,0.30579314783922323,1.533412684331489,-0.10637315414552448,0.8248533486231266,0.25855147863638156,0.21490590507429835,1.0,0.0003155626868909245
2023-04-17,2023-04-08,9,1.0,0.19941999369369875,0.2902544632656645,1.455493292771255,-0.09083446957196575,0.7829459929237599,0.25855814861056875,0.22954013521771277,1.0,-0.028852997807267244
2023-04-18,2023-04-08,10,1.0,0.19941999369369875,0.29021802141150044,1.4553105535509336,-0.09079802771780168,0.7828230593460441,0.2585348171681524,0.22954013521771277,1.0,0.03227085582293321
2023-04-19,2023-04-08,11,1.0,0.19941999369369875,0.2413337309809654,1.210178209872198,-0.041913737287266634,0.6509643070500191,0.2585346742754002,0.29410649921163384,1.0,-0.05210366948529643
2023-04-20,2023-04-08,12,1.0,0.19941999369369875,0.21486368241022566,1.0774430308138903,-0.015443688716526904,0.5795652740339529,0.25853500188267586,0.3017955077001347,1.0,-0.019218949130294316
2023-04-21,2023-04-08,13,1.0,0.19941999369369875,0.17182422020729757,0.8616198256991864,0.027595773486401187,0.46347233999720877,0.25853516864314985,0.30770279454026994,1.0,-0.03472674388756414
2023-04-22,2023-04-08,14,1.0,0.19941999369369875,0.20188225248742,1.012347100950686,-0.0024622587937212503,0.5445498959555439,0.2585353372139794,0.30770279454026994,1.0,0.020321067064179577
2023-04-23,2023-04-08,15,1.0,0.19941999369369875,0.2148099936217061,1.0771738061111655,-0.015389999928007353,0.5794210226143393,0.2585357270867166,0.29054705880712706,1.0,-0.0081335593354388
2023-04-24,2023-04-08,16,1.0,0.19941999369369875,0.20942374492738458,1.0501642340288666,-0.010003751233685826,0.5648922489457776,0.25853560455743985,0.2907220907247634,1.0,-0.002887577653258644
2023-04-25,2023-04-08,17,1.0,0.19941999369369875,0.24813036007320688,1.2442601941625038,-0.048710366379508124,0.669297277588216,0.2585346799337539,0.2907220907247634,1.0,0.02871077059190652
2023-04-26,2023-04-08,18,1.0,0.19941999369369875,0.2501270479951682,1.2542726702687268,-0.05070705430146946,0.6746831102460917,0.25853472779558995,0.2704057845548176,1.0,0.004045823455811615
2023-04-27,2023-04-08,19,1.0,0.19941999369369875,0.28114397234127925,1.409808350375867,-0.08172397864758049,0.7583468673760374,0.2585346246261477,0.2704057845548176,1.0,0.03721517535101704
2023-04-28,2023-04-08,20,1.0,0.19941999369369875,0.2753499675620547,1.38075406814515,-0.07592997386835595,0.7427185068500511,0.25853478801856317,0.27108054618753863,1.0,-0.005465044513970008
2023-04-29,2023-04-08,21,1.0,0.19941999369369875,0.2694840476146569,1.351339164259396,-0.07006405392095813,0.7268960724231059,0.2585348639556337,0.26834634357118614,1.0,-0.002771930662499922
2023-04-30,2023-04-08,22,1.0,0.19941999369369875,0.2444553972001433,1.2258319372711302,-0.045035403506444555,0.659384682239046,0.2585348013543294,0.26834634357118614,1.0,9.442208382015593e-05
2023-05-01,2023-04-08,23,1.0,0.19941999369369875,0.2041933680653876,1.0239362878479505,-0.004773374371688843,0.5507836119294398,0.2585350629802451,0.3035253834392464,1.0,-0.039850225137779915
2023-05-02,2023-04-08,24,1.0,0.19941999369369875,0.2335961006509897,1.171377535041868,-0.03417610695729095,0.6300930798403526,0.25853462567728486,0.30154658673636536,1.0,0.02143346256590184
2023-05-03,2023-04-08,25,1.0,0.19941999369369875,0.2370857992421164,1.1888767763490697,-0.03766580554841764,0.6395060507356258,0.25853461755554663,0.2979632242672578,1.0,0.012427685381093623
2023-05-04,2023-04-08,26,1.0,0.19941999369369875,0.23677555988648027,1.1873210679675288,-0.03735556619278152,0.6386692220722603,0.2585346163441989,0.29882403783449674,1.0,-0.006476915995777599
2023-05-05,2023-04-08,27,1.0,0.19941999369369875,0.25336740729479756,1.2705215891439647,-0.05394741360109881,0.6834234278879794,0.2585346157131526,0.29882403783449674,1.0,0.023144680520532646
2023-05-06,2023-04-08,28,1.0,0.19941999369369875,0.23763923792522784,1.191652018053076,-0.03821924423152909,0.6409988726349162,0.2585346150504813,0.3085245636919954,1.0,-0.02228084760830229
2023-05-07,2023-04-08,29,1.0,0.19941999369369875,0.22857454259815296,1.1461967196189689,-0.02915454890445421,0.6165481152317123,0.258534615705541,0.3122943739645662,1.0,-0.01449310528906489
2023-05-08,2023-05-08,0,0.9999999999998659,0.2616695212900126,0.2616695212900126,1.0,0.0,0.5452178766331364,0.04012860727938482,0.32633070146964266,1.0,-0.02677830890499855
2023-05-09,2023-05-08,1,0.9999999999998659,0.2616695212900126,0.2808081195455615,1.0731403419137122,-0.019138598255548922,0.5850952985474841,0.04012860727927321,0.3263707375891047,1.0,-0.0014644659199046783
2023-05-10,2023-05-08,2,0.9999999999998659,0.2616695212900126,0.28288977956733996,1.081095643744495,-0.021220258277327375,0.5894326713194143,0.04012860727890794,0.3263920388734487,1.0,-0.0010684708090662465
2023-05-11,2023-05-08,3,0.9999999999998659,0.2616695212900126,0.2927226785691912,1.1186731917652797,-0.031053157279178623,0.6099206222605322,0.040128607279153496,0.33618753499670123,1.0,-0.02283183115177323
2023-05-12,2023-05-08,4,0.9999999999998659,0.2616695212900126,0.2337587401086409,0.8933357578529839,0.02791078118137169,0.48706262501893804,0.0401286072830908,0.33498430102336724,1.0,-0.0064374817843849685
2023-05-13,2023-05-08,5,0.9999999999998659,0.2616695212900126,0.22402515052323774,0.8561377321241285,0.03764437076677485,0.46678159641614236,0.040128607283324964,0.334994154216123,1.0,-0.0007363311303112408
2023-05-14,2023-05-08,6,0.9999999999998659,0.2616695212900126,0.23167346242346026,0.8853666307077958,0.029996058866552322,0.4827177144394649,0.040128607285601324,0.334994154216123,1.0,0.005316097534741049
2023-05-15,2023-05-08,7,0.9999999999998659,0.2616695212900126,0.20823685438536793,0.7958009528919329,0.053432666904644655,0.4338849057625631,0.04012860728866942,0.33441268343810876,1.0,0.009084012628159499
2023-05-16,2023-05-08,8,0.9999999999998659,0.2616695212900126,0.14416110608023802,0.5509281530746637,0.11750841520977456,0.30037587809390554,0.04012860822885787,0.33482022799606437,1.0,-0.0047234864410535815
2023-05-17,2023-05-08,9,0.9999999999998659,0.2616695212900126,0.15722435351127395,0.6008508470385423,0.10444516777873863,0.32759462313158155,0.040128607677890525,0.318866287295269,1.0,0.013752023389943968
2023-05-18,2023-05-08,10,0.9999999999998659,0.2616695212900126,0.11054483830856338,0.4224597414463289,0.1511246829814492,0.23033260501847763,0.0401286148811169,0.3276080875539531,1.0,-0.021321546938747327
2023-05-19,2023-05-08,11,0.9999999999998659,0.2616695212900126,0.12057230180288038,0.4607808399253658,0.14109721948713222,0.25122595145058657,0.04012860847621742,0.2692393307273799,1.0,0.0021990001968585915
2023-05-20,2023-05-08,12,0.9999999999998659,0.2616695212900126,0.09488718145225397,0.36262221516845655,0.16678233983775861,0.19770811417414375,0.04012860727935349,0.260591484168359,1.0,0.008265173030320483
2023-05-21,2023-05-08,13,0.9999999999998659,0.2616695212900126,0.10943648669207552,0.41822404899340676,0.15223303459793708,0.22802322795259797,0.04012860729411779,0.23413715232814702,1.0,-0.013085542514084558
2023-05-22,2023-05-08,14,0.9999999999998659,0.2616695212900126,0.07892263182873546,0.3016118630845976,0.18274688946127712,0.164444179577402,0.0401286073906012,0.23413715232814702,1.0,0.0037943335858154903
2023-05-23,2023-05-08,15,0.9999999999998659,0.2616695212900126,0.11789825817696599,0.4505616764066971,0.1437712631130466,0.24565428050330299,0.04012860728164048,0.2323977777732991,1.0,0.013793298663241194
2023-05-24,2023-05-08,16,0.9999999999998659,0.2616695212900126,0.06734148463215642,0.25735318465890705,0.19432803665785617,0.14031355691430727,0.040128607483261046,0.2595595985220449,1.0,-0.03271905806144915
2023-05-25,2023-05-08,17,0.9999999999998659,0.2616695212900126,0.05062317761840088,0.1934622625089545,0.2110463436716117,0.10547908398341874,0.040128607367147455,0.2595595985220449,1.0,0.005498877473934849
2023-05-26,2023-05-08,18,0.9999999999998659,0.2616695212900126,0.08898213209880586,0.340055393765885,0.17268738919120674,0.18540427977942564,0.040128607552453815,0.2595595985220449,1.0,0.008768294981564617
2023-05-27,2023-05-08,19,0.9999999999998659,0.2616695212900126,0.09825743507656486,0.37550202481421036,0.16341208621344772,0.20473041677908443,0.040128607928443485,0.2595595985220449,1.0,0.005554948116372804
2023-05-28,2023-05-08,20,0.9999999999998659,0.2616695212900126,0.19388061868025472,0.740936956373202,0.06778890260975787,0.4039720740843576,0.040128607306808506,0.2588548067629754,1.0,0.04508519501740316
2023-05-29,2023-05-08,21,0.9999999999998659,0.2616695212900126,0.16771920795462936,0.640958133479915,0.09395031333538323,0.3494618325556811,0.0401286073041696,0.2619155086353151,1.0,-0.011708533760912077
2023-05-30,2023-05-08,22,0.9999999999998659,0.2616695212900126,0.1698838836008202,0.6492306890130133,0.09178563768919237,0.35397218608387104,0.04012862999033758,0.26196884121981606,1.0,-0.0015142556351941394
2023-05-31,2023-05-08,23,0.9999999999998659,0.2616695212900126,0.14323552940427114,0.5473909559589895,0.11843399188574144,0.2984474772483102,0.04012906575787033,0.22867048531339468,1.0,-0.017478262753480966
2023-06-01,2023-05-08,24,0.9999999999998659,0.2616695212900126,0.10548187674603898,0.40311105483749365,0.1561876445439736,0.21988802828898296,0.04058554195218161,0.2342171420015991,1.0,-0.014421718206491185
2023-06-02,2023-05-08,25,0.9999999999998659,0.2616695212900126,0.1587890467746863,0.6068305012821796,0.10288047451532628,0.33108408229256153,0.040793228867023475,0.2342171420015991,1.0,0.01583492834831035
2023-06-03,2023-05-08,26,0.9999999999998659,0.2616695212900126,0.1320664848395362,0.5047071748687336,0.12960303645047638,0.2753863479403417,0.04086396564475741,0.23417909128286657,1.0,-0.006363932357385971
2023-06-04,2023-05-08,27,0.9999999999998659,0.2616695212900126,0.1334517070549471,0.5100009599782177,0.12821781423506548,0.278333624738087,0.04106658201627139,0.23417909128286657,1.0,0.001698977658018963
2023-06-05,2023-05-08,28,0.9999999999998659,0.2616695212900126,0.041097902758797177,0.15706033532750535,0.2205716185312154,0.0929383655900253,0.11558800291172659,0.28671590955932325,1.0,-0.05115247125137512
2023-06-06,2023-05-08,29,0.9999999999998659,0.2616695212900126,0.1525845088242651,0.5831191499569154,0.10908501246574748,0.3179516731985671,0.040203139745875374,0.28215751960966506,1.0,0.05837485716062529
2023-06-07,2023-06-07,0,0.9999330163645169,0.0,0.0,,0.0,0.20586003683840381,0.5857616457991808,0.2900118775093503,1.0,-0.0327116189155523
2023-06-08,2023-06-07,1,0.9999330163645169,0.0,0.0,,0.0,0.2200740197800045,0.5857911268450174,0.28996682131532087,1.0,0.006046848554291717
2023-06-09,2023-06-07,2,0.9999330163645169,0.0,0.0,,0.0,0.19022043487047846,0.5858079726235296,0.2899557812069418,1.0,-0.000784946833060296
2023-06-10,2023-06-07,3,0.9999330163645169,0.0,0.0,,0.0,0.11304824666145627,0.5855856794530748,0.2911871640083222,1.0,-0.024042773930321393
2023-06-11,2023-06-07,4,0.9999330163645169,0.0,0.0,,0.0,0.12300384819085833,0.5854676843092141,0.29031448208813315,1.0,0.003263779056785765
2023-06-12,2023-06-07,5,0.9999330163645169,0.0,0.0,,0.0,0.0969159877685907,0.5377748267981132,0.2903160460715664,1.0,-0.0007853256729365432
2023-06-13,2023-06-07,6,0.9999330163645169,0.0,0.0,,0.0,0.13431662660983873,0.40328103125621084,0.2903160460715664,1.0,0.0011217829323004747
2023-06-14,2023-06-07,7,0.9999330163645169,0.0,0.0,,0.0,0.012174247302122493,0.3337687098622264,0.31048375764884156,1.0,-0.03106509731339835
2023-06-15,2023-06-07,8,0.9999330163645169,0.0,0.0,,0.0,-0.015566561454962324,0.32883174000136756,0.3100442251239084,1.0,0.018699410233757652
2023-06-16,2023-06-07,9,0.9999330163645169,0.0,0.0,,0.0,0.1397477064589688,0.3285453977402229,0.3100442251239084,1.0,0.029162266993092212
2023-06-17,2023-06-07,10,0.9999330163645169,0.0,0.0,,0.0,0.03566577439863694,0.3285571630554415,0.3007924062794724,1.0,0.006528373505409135
2023-06-18,2023-06-07,11,0.9999330163645169,0.0,0.0,,0.0,0.06687868663525255,0.328632393671731,0.30169839905491447,1.0,-0.006675719981792838
2023-06-19,2023-06-07,12,0.9999330163645169,0.0,0.0,,0.0,0.18311226745457782,0.3285301626287973,0.30169839905491447,1.0,0.019148844892382
2023-06-20,2023-06-07,13,0.9999330163645169,0.0,0.0,,0.0,0.4455702191161632,0.32839868900977337,0.29817950314028613,1.0,0.05452320506922326
2023-06-21,2023-06-07,14,0.9999330163645169,0.0,0.0,,0.0,0.6236743025468738,0.3283902043940571,0.29817950314028613,1.0,0.0595556236949355
2023-06-22,2023-06-07,15,0.9999330163645169,0.0,0.0,,0.0,0.6092296162332024,0.328389717378876,0.29844964735511936,1.0,-0.003633073269255882
2023-06-23,2023-06-07,16,0.9999330163645169,0.0,0.0,,0.0,0.6784978160549466,0.32838858527332276,0.27496907695508654,1.0,0.026889146766998273
2023-06-24,2023-06-07,17,0.9999330163645169,0.0,0.0,,0.0,0.659051577298136,0.3283883406806408,0.27558105683898804,1.0,-0.005248545872232224
2023-06-25,2023-06-07,18,0.9999330163645169,0.0,0.0,,0.0,0.6724756522886266,0.3283889448550952,0.27568062107614205,1.0,-0.002121698420076701
2023-06-26,2023-06-07,19,0.9999330163645169,0.0,0.0,,0.0,0.5779552725955308,0.3283896151669167,0.27658607825863385,1.0,-0.0063904465335593574
2023-06-27,2023-06-07,20,0.9999330163645169,0.0,0.0,,0.0,0.6446651403576158,0.3283886900539978,0.27658607825863385,1.0,0.014023065291087988
2023-06-28,2023-06-07,21,0.9999330163645169,0.0,0.0,,0.0,0.6017322988087989,0.32838820888010145,0.2824842197046256,1.0,-0.020038485047132126
2023-06-29,2023-06-07,22,0.9999330163645169,0.0,0.0,,0.0,0.6237522242278439,0.32838806737056203,0.2824347610967422,1.0,0.012298266373334643
2023-06-30,2023-06-07,23,0.9999330163645169,0.0,0.0,,0.0,0.6986702603787361,0.32838769288887787,0.27565663900548404,1.0,0.0008109090753829484
2023-07-01,2023-06-07,24,0.9999330163645169,0.0,0.0,,0.0,0.7025111996665818,0.32838733828495953,0.2709595982316662,1.0,0.003737857705434555
2023-07-02,2023-06-07,25,0.9999330163645169,0.0,0.0,,0.0,0.6742207288486812,0.32838767714909645,0.2709595982316662,1.0,0.00101778924275564
2023-07-03,2023-06-07,26,0.9999330163645169,0.0,0.0,,0.0,0.7161147623526437,0.3283877898932911,0.27004296716489673,1.0,0.017610133967925767
2023-07-04,2023-06-07,27,0.9999330163645169,0.0,0.0,,0.0,0.6701058730527736,0.3283883281165474,0.27358846416760374,1.0,-0.012507622880839175
2023-07-05,2023-06-07,28,0.9999330163645169,0.0,0.0,,0.0,0.6900779882872907,0.3283877406307133,0.20541411162569995,1.0,-0.008506002143239377
2023-07-06,2023-06-07,29,0.9999330163645169,0.0,0.0,,0.0,0.6981598486135503,0.3283881897088616,0.2171382150300312,1.0,-0.019976521735424746
2023-07-07,2023-07-07,0,0.9999999999999518,0.3143600619540751,0.3143600619540751,1.0,0.0,0.8146948036376912,0.22827527424889169,0.18355116586516007,1.0,0.015028049437656454
2023-07-08,2023-07-07,1,0.9999999999999518,0.3143600619540751,0.31159067372776467,0.9911903941960826,0.002769388226310454,0.8075159824930846,0.22827366768450782,0.18368125487129802,1.0,-0.001979587868721766
2023-07-09,2023-07-07,2,0.9999999999999518,0.3143600619540751,0.3070367737805779,0.976704139425424,0.0073232881734972,0.7957141618785659,0.22827369804325584,0.1842168467778249,1.0,-0.004091844608965056
2023-07-10,2023-07-07,3,0.9999999999999518,0.3143600619540751,0.30847620078579857,0.9812830512511601,0.00588386116827655,0.7994422220219304,0.22827143153483223,0.1634929404032224,1.0,0.008317443455409412
2023-07-11,2023-07-07,4,0.9999999999999518,0.3143600619540751,0.28282872907771234,0.899696759568112,0.03153133287636278,0.73297584501879,0.22827271594342394,0.1634929404032224,1.0,0.006922694224599457
2023-07-12,2023-07-07,5,0.9999999999999518,0.3143600619540751,0.2683041812945903,0.8534932192938265,0.046055880659484794,0.6953340049929347,0.2282725154587641,0.1657979927933568,1.0,-0.007906054777431892
2023-07-13,2023-07-07,6,0.9999999999999518,0.3143600619540751,0.29321061871436066,0.9327222322446158,0.02114944323971446,0.7602648178149781,0.22866187716786368,0.1657979927933568,1.0,0.03535977616853181
2023-07-14,2023-07-07,7,0.9999999999999518,0.3143600619540751,0.23243884452277305,0.7394032278716437,0.08192121743130207,0.6027378408926432,0.22872324001248837,0.178938270033957,1.0,-0.036313716787853334
2023-07-15,2023-07-07,8,0.9999999999999518,0.3143600619540751,0.20695341128084646,0.658332391189948,0.10740665067322866,0.5369573109978614,0.22916251611789404,0.17895699786220715,1.0,-0.0007419501379155591
2023-07-16,2023-07-07,9,0.9999999999999518,0.3143600619540751,0.21090880821477723,0.6709147685738429,0.1034512537392979,0.5476751843748643,0.22980330593026238,0.179079819083958,1.0,-0.0018993368003190625
2023-07-17,2023-07-07,10,0.9999999999999518,0.3143600619540751,0.18715278777242533,0.5953453075720748,0.1272072741816498,0.4860686277875049,0.22993265940939062,0.17940888122804433,1.0,-0.0031089584245033164
2023-07-18,2023-07-07,11,0.9999999999999518,0.3143600619540751,0.19194479824878313,0.6105890075719108,0.12241526370529199,0.4986854597709796,0.23019693280436354,0.1808124018656717,1.0,-0.009253102395646695
2023-07-19,2023-07-07,12,0.9999999999999518,0.3143600619540751,0.17575536610160997,0.5590893608084544,0.13860469585246515,0.4571497765990602,0.23108191188834423,0.1808124018656717,1.0,0.0016772089474810237
2023-07-20,2023-07-07,13,0.9999999999999518,0.3143600619540751,0.18691581349648131,0.5945914768390262,0.1274442484575938,0.48832898804563196,0.234467672113641,0.1812620541940588,1.0,-0.003651383637347849
2023-07-21,2023-07-07,14,0.9999999999999518,0.3143600619540751,0.15091126426522555,0.48005864144177507,0.16344879768884957,0.44501108270566936,0.3217640183355237,0.1812620541940588,1.0,0.003413422818792089
2023-07-22,2023-07-07,15,0.9999999999999518,0.3143600619540751,0.11528003575179964,0.3667133637626045,0.1990800262022755,0.45045551523037136,0.48816239626750596,0.1812545816802353,1.0,-0.0036024683529910506
2023-07-23,2023-07-07,16,0.9999999999999518,0.3143600619540751,0.0990352953347404,0.31503777776074005,0.21532476661933472,0.49191121842347596,0.5973448393710631,0.1812545816802353,1.0,0.009725112438746075
2023-07-24,2023-07-07,17,0.9999999999999518,0.3143600619540751,0.07053016683126402,0.22436109215924438,0.2438298951228111,0.36862493183415923,0.6173337138086208,0.20958230618009158,1.0,-0.03015747704325422
2023-07-25,2023-07-07,18,0.9999999999999518,0.3143600619540751,0.07941199233734195,0.25261476233244684,0.23494806961673317,0.4174150026731377,0.6195058067928308,0.20945132397607752,1.0,0.001796308673075897
2023-07-26,2023-07-07,19,0.9999999999999518,0.3143600619540751,0.08727951043734658,0.27764185404091585,0.22708055151672854,0.459450456164405,0.6200699802717559,0.20825417946770736,1.0,0.0042098730332400525
2023-07-27,2023-07-07,20,0.9999999999999518,0.3143600619540751,0.05721817460136742,0.18201477072404454,0.2571418873527077,0.30159996545665085,0.6205690904855795,0.20882170806213388,1.0,-0.004401068957575638
2023-07-28,2023-07-07,21,0.9999999999999518,0.3143600619540751,0.06596440393098384,0.209837100555797,0.24839565802309127,0.3471093742291475,0.619921507003514,0.19652318895526596,1.0,0.003126328159059444
2023-07-29,2023-07-07,22,0.9999999999999518,0.3143600619540751,0.06546074772946342,0.20823493710542207,0.2488993142246117,0.3443060096273626,0.6197525114341708,0.19652318895526596,1.0,0.0013222287947045608
2023-07-30,2023-07-07,23,0.9999999999999518,0.3143600619540751,0.06474753534495947,0.20596616167615606,0.24961252660911565,0.34096434934593967,0.6202093534461156,0.19670882150413269,1.0,-0.0024464362976061027
2023-07-31,2023-07-07,24,0.9999999999999518,0.3143600619540751,0.06766228123938121,0.21523815976746435,0.2466977807146939,0.356374726253115,0.6202745242302952,0.1967949852155933,1.0,-0.0016679706937139382
2023-08-01,2023-07-07,25,0.9999999999999518,0.3143600619540751,0.08373975610794518,0.26638166307582267,0.23062030584612994,0.44032767107392173,0.6196479957586538,0.1967949852155933,1.0,0.01620607377126304
2023-08-02,2023-07-07,26,0.9999999999999518,0.3143600619540751,0.057517352394459445,0.18296647492982795,0.2568427095596157,0.30197375902875845,0.6190572811395723,0.20620964879178547,1.0,-0.01750421379661149
2023-08-03,2023-07-07,27,0.9999999999999518,0.3143600619540751,0.06329596634160102,0.2013486253570211,0.2510640956124741,0.32456834085220937,0.6099683279311426,0.20148194868142602,1.0,0.00026142662186434684
2023-08-04,2023-07-07,28,0.9999999999999518,0.3143600619540751,0.07750537794904074,0.24654969676257252,0.2368546840050344,0.38803576869487555,0.6005245691152478,0.1994942595397914,1.0,-0.002728333979592712
2023-08-05,2023-07-07,29,0.9999999999999518,0.3143600619540751,0.08697501970599118,0.2766732490296346,0.22738504224808392,0.32959762976770424,0.47223516281175953,0.18673269741936085,1.0,-0.0014377967430778682
2023-08-06,2023-08-06,0,0.9999999997314954,0.0,0.0,,0.0,0.3844502392034207,0.7785593548889562,0.18673269741936085,1.0,0.0005603304608226001
2023-08-07,2023-08-06,1,0.9999999997314954,0.0,0.0,,0.0,0.40091473257296106,0.7785573794563134,0.18660473569787916,1.0,0.004216110740975276
2023-08-08,2023-08-06,2,0.9999999997314954,0.0,0.0,,0.0,0.44377251103819126,0.7785686404755976,0.18605585683358142,1.0,0.019148911405474367
2023-08-09,2023-08-06,3,0.9999999997314954,0.0,0.0,,0.0,0.41487223531233003,0.7785753206900352,0.1873694297223065,1.0,-0.006329437072100319
2023-08-10,2023-08-06,4,0.9999999997314954,0.0,0.0,,0.0,0.38864628329966555,0.7785745687990073,0.1879622897637366,1.0,-0.0042674613844437825
2023-08-11,2023-08-06,5,0.9999999997314954,0.0,0.0,,0.0,0.37123828936110415,0.778574905768998,0.18594536414782112,1.0,-0.0010089710837443144
2023-08-12,2023-08-06,6,0.9999999997314954,0.0,0.0,,0.0,0.3427487271416593,0.7779067249119623,0.18594536414782112,1.0,0.0001406917616817438
2023-08-13,2023-08-06,7,0.9999999997314954,0.0,0.0,,0.0,0.4593566437292404,0.7761137814679663,0.13473729425193984,1.0,-0.004292533818187172
2023-08-14,2023-08-06,8,0.9999999997314954,0.0,0.0,,0.0,0.46694095211629316,0.778004081126455,0.13471241910538584,1.0,0.004336974266853755
2023-08-15,2023-08-06,9,0.9999999997314954,0.0,0.0,,0.0,0.4146529496081993,0.7785715400856171,0.1373260896031539,1.0,-0.007846507059070196
2023-08-16,2023-08-06,10,0.9999999997314954,0.0,0.0,,0.0,0.2774216970886092,0.7785748598017626,0.1481117555134579,1.0,-0.016078424657534285
2023-08-17,2023-08-06,11,0.9999999997314954,0.0,0.0,,0.0,0.045004351551406335,0.7785337245598635,0.30244453214669087,1.0,-0.07334015302895769
2023-08-18,2023-08-06,12,0.9999999997314954,0.0,0.0,,0.0,-0.04177026933653455,0.7784213875507446,0.3117041541315815,1.0,-0.0213875683092436
2023-08-19,2023-08-06,13,0.9999999997314954,0.0,0.0,,0.0,-0.07672984132856514,0.77853904690981,0.31144288734961967,1.0,0.001765947647194288
2023-08-20,2023-08-06,14,0.9999999997314954,0.0,0.0,,0.0,-0.16309495435159643,0.7784093313938563,0.31144288734961967,1.0,0.003447508257659715
2023-08-21,2023-08-06,15,0.9999999997314954,0.0,0.0,,0.0,-0.1646363813520253,0.7785163223221481,0.31130199714368734,1.0,-0.0024081719771562593
2023-08-22,2023-08-06,16,0.9999999997314954,0.0,0.0,,0.0,-0.17989105351507073,0.7784692858374507,0.31144634164933027,1.0,-0.0027144416563451568
2023-08-23,2023-08-06,17,0.9999999997314954,0.0,0.0,,0.0,-0.1771288137265531,0.7785105128374269,0.2925583333902857,1.0,0.014458090267116974
2023-08-24,2023-08-06,18,0.9999999997314954,0.0,0.0,,0.0,-0.20145830334729553,0.778385878855956,0.29447040407099195,1.0,-0.009558985984038038
2023-08-25,2023-08-06,19,0.9999999997314954,0.0,0.0,,0.0,-0.24989271532929214,0.778342613288063,0.2949064023028442,1.0,-0.0045851707693453925
2023-08-26,2023-08-06,20,0.9999999997314954,0.0,0.0,,0.0,-0.2572792496509825,0.7780777281847657,0.29456019747264,1.0,-0.0016362234703670708
2023-08-27,2023-08-06,21,0.9999999997314954,0.0,0.0,,0.0,-0.23845872981943644,0.7779515649633241,0.29456019747264,1.0,0.003243986613558514
2023-08-28,2023-08-06,22,0.9999999997314954,0.0,0.0,,0.0,-0.2522171810606783,0.7770164534265825,0.29456019747264,1.0,0.0006984200688304742
2023-08-29,2023-08-06,23,0.9999999997314954,0.0,0.0,,0.0,0.007879788900920337,0.7676084408064957,0.29443626351847885,1.0,0.061115620214395205
2023-08-30,2023-08-06,24,0.9999999997314954,0.0,0.0,,0.0,-0.0763118553526006,0.7280075376971296,0.29907540368303775,1.0,-0.015021824670934159
2023-08-31,2023-08-06,25,0.9999999997314954,0.0,0.0,,0.0,-0.2230351921730318,0.3704083181905028,0.34810721931835575,1.0,-0.04978793032524931
2023-09-01,2023-08-06,26,0.9999999997314954,0.0,0.0,,0.0,-0.24022030295384755,0.0660015139202556,0.3431024933853964,1.0,-0.005232302189833948
2023-09-02,2023-08-06,27,0.9999999997314954,0.0,0.0,,0.0,-0.25105769618970875,0.022280843697289214,0.3431024933853964,1.0,0.002497960670488908
2023-09-03,2023-08-06,28,0.9999999997314954,0.0,0.0,,0.0,-0.21811212375339636,0.018189798541182998,0.34297012543745786,1.0,0.003931268895313478
2023-09-04,2023-08-06,29,0.9999999997314954,0.0,0.0,,0.0,-0.19995471291574093,0.017965234225803532,0.34349046309306264,1.0,-0.005590421085501895
2023-09-05,2023-09-05,0,0.9999999397446507,0.0,0.0,,0.0,-0.1755837386546508,0.3557146478978803,0.3435210527798742,1.0,-0.0013134040785224288
2023-09-06,2023-09-05,1,0.9999999397446507,0.0,0.0,,0.0,-0.11994423731415724,0.35571319894065684,0.34354860147423355,1.0,-0.0012465057129895651
2023-09-07,2023-09-05,2,0.9999999397446507,0.0,0.0,,0.0,-0.008162343805023037,0.35571468418252833,0.34354860147423355,1.0,0.01921781680476853
2023-09-08,2023-09-05,3,0.9999999397446507,0.0,0.0,,0.0,-0.04787968423344255,0.35571460209529554,0.34591568406268414,1.0,-0.01312131022662355
2023-09-09,2023-09-05,4,0.9999999397446507,0.0,0.0,,0.0,-0.06784546880088485,0.355715011369402,0.34559596939042114,1.0,-0.0003431041469674767
2023-09-10,2023-09-05,5,0.9999999397446507,0.0,0.0,,0.0,-0.0924385266544849,0.3557155411126082,0.3456726966973552,1.0,-0.002316458320544501
2023-09-11,2023-09-05,6,0.9999999397446507,0.0,0.0,,0.0,-0.24034688222275463,0.35594187440896347,0.3579356737644446,1.0,-0.026278935406888304
2023-09-12,2023-09-05,7,0.9999999397446507,0.0,0.0,,0.0,-0.1547000113736484,0.35589522158077946,0.3576210275045118,1.0,0.026928145511657675
2023-09-13,2023-09-05,8,0.9999999397446507,0.0,0.0,,0.0,-0.08003208799634567,0.3558201607050655,0.3576210275045118,1.0,0.01477935456906132
2023-09-14,2023-09-05,9,0.9999999397446507,0.0,0.0,,0.0,-0.03989540167217501,0.355806006112057,0.3565638873604916,1.0,0.011468614140797806
2023-09-15,2023-09-05,10,0.9999999397446507,0.0,0.0,,0.0,0.019978304729260293,0.35577561496557913,0.3520528418770187,1.0,0.0029133501717206745
2023-09-16,2023-09-05,11,0.9999999397446507,0.0,0.0,,0.0,0.003489288146860531,0.3557144147256827,0.23104584161622246,1.0,-0.001516165413533943
2023-09-17,2023-09-05,12,0.9999999397446507,0.0,0.0,,0.0,-0.0598577717962272,0.35571441885474325,0.21843364295573806,1.0,-0.0012108584180451354
2023-09-18,2023-09-05,13,0.9999999397446507,0.0,0.0,,0.0,-0.1035729826791692,0.35571460939937094,0.21843364295573806,1.0,0.00885872816559119
2023-09-19,2023-09-05,14,0.9999999397446507,0.0,0.0,,0.0,0.0027003565229443416,0.3557148511844566,0.21843364295573806,1.0,0.016730493514995448
2023-09-20,2023-09-05,15,0.9999999397446507,0.0,0.0,,0.0,0.08097581860715479,0.35571545801130217,0.21854600510501968,1.0,-0.0031333768953327734
2023-09-21,2023-09-05,16,0.9999999397446507,0.0,0.0,,0.0,0.02959445122423901,0.35571660610207395,0.23001872103822255,1.0,-0.020531612903225693
2023-09-22,2023-09-05,17,0.9999999397446507,0.0,0.0,,0.0,0.034830434393056886,0.35571885994383523,0.23001872103822255,1.0,0.00045392817245337724
2023-09-23,2023-09-05,18,0.9999999397446507,0.0,0.0,,0.0,0.012472723525371265,0.3557169069026774,0.22756641344685072,1.0,-0.00015726027026197187
2023-09-24,2023-09-05,19,0.9999999397446507,0.0,0.0,,0.0,-0.05857453535364199,0.35571713159392976,0.23108675713948598,1.0,-0.012326177492741452
2023-09-25,2023-09-05,20,0.9999999397446507,0.0,0.0,,0.0,-0.09956041299464381,0.3557185483538033,0.2310161531519194,1.0,0.0021498469619840588
2023-09-26,2023-09-05,21,0.9999999397446507,0.0,0.0,,0.0,-0.12471531528734242,0.3557179549915996,0.2312798929028261,1.0,-0.0031606386816709353
2023-09-27,2023-09-05,22,0.9999999397446507,0.0,0.0,,0.0,-0.10747057547851321,0.3557169777369596,0.2312798929028261,1.0,0.005770799495226742
2023-09-28,2023-09-05,23,0.9999999397446507,0.0,0.0,,0.0,0.07411085345081488,0.3557144235749519,0.2312798929028261,1.0,0.024585759900564774
2023-09-29,2023-09-05,24,0.9999999397446507,0.0,0.0,,0.0,0.05719557284826872,0.35571471919323944,0.2256595167300725,1.0,-0.004234793250828317
2023-09-30,2023-09-05,25,0.9999999397446507,0.0,0.0,,0.0,0.035898596629810306,0.35571579969114386,0.1385268148679672,1.0,0.002066379851161315
2023-10-01,2023-09-05,26,0.9999999397446507,0.0,0.0,,0.0,0.2560677536121957,0.3557142411983549,0.13731292933631548,1.0,0.03820149125305594
2023-10-02,2023-09-05,27,0.9999999397446507,0.0,0.0,,0.0,0.16522172190859213,0.35571356602101645,0.15091779457089533,1.0,-0.017792578530660186
2023-10-03,2023-09-05,28,0.9999999397446507,0.0,0.0,,0.0,0.2273484982731351,0.35575827390182635,0.1511651296579275,1.0,-0.0024750395624435484
2023-10-04,2023-09-05,29,0.9999999397446507,0.0,0.0,,0.0,0.20328749311019662,0.3557577889385471,0.1498950208097772,1.0,0.012838332034101452
2023-10-05,2023-10-05,0,0.9999718626245347,0.0,0.0,,0.0,0.16079092526023542,0.5830130369898167,0.15688693947376461,1.0,-0.013254101993011136
2023-10-06,2023-10-05,1,0.9999718626245347,0.0,0.0,,0.0,0.2536195059486094,0.5830057565180446,0.1568266045846051,1.0,0.01899644623808716
2023-10-07,2023-10-05,2,0.9999718626245347,0.0,0.0,,0.0,0.263196623179215,0.5830160799878888,0.1568266045846051,1.0,0.0009158253401495564
2023-10-08,2023-10-05,3,0.9999718626245347,0.0,0.0,,0.0,0.29226413028174664,0.5830153154707417,0.14998838061007136,1.0,-0.0014171931063320375
2023-10-09,2023-10-05,4,0.9999718626245347,0.0,0.0,,0.0,0.19358157649580005,0.5829745772950616,0.1555101115277759,1.0,-0.01171076456860598
2023-10-10,2023-10-05,5,0.9999718626245347,0.0,0.0,,0.0,0.16383813379316226,0.5829066887590997,0.1573593075020168,1.0,-0.007248971733359588
2023-10-11,2023-10-05,6,0.9999718626245347,0.0,0.0,,0.0,0.10324044505585842,0.5829936251979739,0.1432142591924383,1.0,-0.018787796475517426
2023-10-12,2023-10-05,7,0.9999718626245347,0.0,0.0,,0.0,0.11817141241717866,0.5830024011583348,0.1440053235776831,1.0,-0.004312102612340163
2023-10-13,2023-10-05,8,0.9999718626245347,0.0,0.0,,0.0,0.044846905835782755,0.5830066121164534,0.1440053235776831,1.0,0.0038255386939205493
2023-10-14,2023-10-05,9,0.9999718626245347,0.0,0.0,,0.0,0.06428125073169934,0.583024082584521,0.1440106312757408,1.0,-0.00035440399076769324
2023-10-15,2023-10-05,10,0.9999718626245347,0.0,0.0,,0.0,0.10145019643210307,0.583022157139793,0.1440106312757408,1.0,0.011234344090378379
2023-10-16,2023-10-05,11,0.9999718626245347,0.0,0.0,,0.0,0.4771240334903652,0.5830121897161212,0.14391334628860408,1.0,0.04959205130707445
2023-10-17,2023-10-05,12,0.9999718626245347,0.0,0.0,,0.0,0.4730695070281836,0.5830032311442884,0.14442480643508757,1.0,-0.003679548419376566
2023-10-18,2023-10-05,13,0.9999718626245347,0.0,0.0,,0.0,0.33596215351154246,0.5829456614344919,0.14472631205851227,1.0,-0.00267327231280845
2023-10-19,2023-10-05,14,0.9999718626245347,0.0,0.0,,0.0,0.3184865460817098,0.5830290641048277,0.14472631205851227,1.0,0.013902189265536657
2023-10-20,2023-10-05,15,0.9999718626245347,0.0,0.0,,0.0,0.46066534431322936,0.5830407493344799,0.14431173577292558,1.0,0.0332708660775638
2023-10-21,2023-10-05,16,0.9999718626245347,0.0,0.0,,0.0,0.43251570951514484,0.5830735120479069,0.12485884470070696,1.0,0.00811485642946308
2023-10-22,2023-10-05,17,0.9999718626245347,0.0,0.0,,0.0,0.4765452745044412,0.5830414190590364,0.12485884470070696,1.0,0.002763642685674972
2023-10-23,2023-10-05,18,0.9999718626245347,0.0,0.0,,0.0,0.7085120085518501,0.5829464623857603,0.12485763957948344,1.0,0.10261012267749958
2023-10-24,2023-10-05,19,0.9999718626245347,0.0,0.0,,0.0,0.7574252075492395,0.5825151127811699,0.11712320914193612,1.0,0.02578591647593509
2023-10-25,2023-10-05,20,0.9999718626245347,0.0,0.0,,0.0,0.7744263173484743,0.5829772695297563,0.11712320914193612,1.0,0.0169007624091575
2023-10-26,2023-10-05,21,0.9999718626245347,0.0,0.0,,0.0,0.780527983993955,0.5829979207690281,0.12174064317949876,1.0,-0.009983461874620403
2023-10-27,2023-10-05,22,0.9999718626245347,0.0,0.0,,0.0,0.7464766002541747,0.5828895343989614,0.12461696484098164,1.0,-0.007602558704320916
2023-10-28,2023-10-05,23,0.9999718626245347,0.0,0.0,,0.0,0.7451183583857165,0.5829191653549951,0.12461696484098164,1.0,0.005575943835746777
2023-10-29,2023-10-05,24,0.9999718626245347,0.0,0.0,,0.0,0.7867592340940012,0.5830333876940468,0.12373467474625528,1.0,0.013053901000557477
2023-10-30,2023-10-05,25,0.9999718626245347,0.0,0.0,,0.0,0.7978242217216364,0.5829396479924694,0.12384273744927382,1.0,-0.0014817865665446295
2023-10-31,2023-10-05,26,0.9999718626245347,0.0,0.0,,0.0,0.7880703819514774,0.5818083478026826,0.12384273744927382,1.0,0.004787274621149917
2023-11-01,2023-10-05,27,0.9999718626245347,0.0,0.0,,0.0,0.8320572567846373,0.5811423785011387,0.10684420182539987,1.0,0.022565392322177802
2023-11-02,2023-10-05,28,0.9999718626245347,0.0,0.0,,0.0,0.8230460756165265,0.5811507537492857,0.11663748840308907,1.0,-0.013546601591183705
2023-11-03,2023-10-05,29,0.9999718626245347,0.0,0.0,,0.0,0.8395516049814459,0.5806715176611886,0.11879057266508325,1.0,-0.006433880083877019
2023-11-04,2023-11-04,0,1.0,0.39050766081374194,0.39050766081374194,1.0,0.0,0.8499888390159486,0.0811463800728454,0.10929405369511545,1.0,0.009945910882288134
2023-11-05,2023-11-04,1,1.0,0.39050766081374194,0.38986008451803644,0.998341706551016,0.0006475762957054987,0.8485749398190525,0.08114165002051794,0.10940820993750677,1.0,-0.0014314614054447006
2023-11-06,2023-11-04,2,1.0,0.39050766081374194,0.39061453190582096,1.000273672203655,-0.00010687109207901946,0.8502169758807171,0.08114153683841993,0.10940820993750677,1.0,0.00097709691681791
2023-11-07,2023-11-04,3,1.0,0.39050766081374194,0.3894139797053764,0.9971993350755616,0.0010936811083655518,0.8476038403813567,0.08114154006152216,0.10929632084931722,1.0,0.010073306323187703
2023-11-08,2023-11-04,4,1.0,0.39050766081374194,0.38200741980712494,0.978232844423835,0.008500241006617004,0.8314826210623145,0.08114154131311474,0.10127868741612142,1.0,0.006373039781779832
2023-11-09,2023-11-04,5,1.0,0.39050766081374194,0.39664932454942997,1.0157273834856146,-0.00614166373568803,0.8633517912133475,0.08114090087892847,0.09804783536948085,1.0,0.030214132209319677
2023-11-10,2023-11-04,6,1.0,0.39050766081374194,0.39592858802956254,1.0138817435860912,-0.0054209272158206034,0.8617830222029561,0.08114089549487885,0.07236485563400939,1.0,0.016363001752808914
2023-11-11,2023-11-04,7,1.0,0.39050766081374194,0.40294385060315585,1.0318462120909466,-0.01243618978941391,0.8770523024864983,0.0811406584059246,0.07258255660680861,1.0,-0.004601139414014854
2023-11-12,2023-11-04,8,1.0,0.39050766081374194,0.39048199088801105,0.9999342652441763,2.5669925730886778e-05,0.8499273384059212,0.08114029695672935,0.07284632175344423,1.0,-0.0017740371667116506
2023-11-13,2023-11-04,9,1.0,0.39050766081374194,0.3782833282408216,0.9686963053491775,0.012224332572920327,0.8233670941311191,0.08113080802672697,0.09251424325785766,1.0,-0.016220534516795504
2023-11-14,2023-11-04,10,1.0,0.39050766081374194,0.32668358057383684,0.8365612594976801,0.0638240802399051,0.7109682426266879,0.08101779801894633,0.1279081850053944,1.0,-0.025004573137704433
2023-11-15,2023-11-04,11,1.0,0.39050766081374194,0.3875025522708922,0.992304610525213,0.0030051085428497437,0.843430074970001,0.08112702221420108,0.1279081850053944,1.0,0.06489262384747163
2023-11-16,2023-11-04,12,1.0,0.39050766081374194,0.33906257696035186,0.8682610124826013,0.05144508385339008,0.7379671528247971,0.08109032858038409,0.20423788931759504,1.0,-0.044764146208747246
2023-11-17,2023-11-04,13,1.0,0.39050766081374194,0.3568921566869354,0.9139184515439253,0.03361550412680653,0.7767897990590924,0.08111008378526426,0.20402434841131298,1.0,0.012454819789339933
2023-11-18,2023-11-04,14,1.0,0.39050766081374194,0.3397194064414137,0.8699430012038806,0.050788254372328256,0.7394077543983149,0.08110402029024771,0.20407109730635667,1.0,-0.0012514366120863762
2023-11-19,2023-11-04,15,1.0,0.39050766081374194,0.36867665339564104,0.9440958280495463,0.0218310074181009,0.8024576048194343,0.08113113719297568,0.20407109730635667,1.0,0.021651658139197894
2023-11-20,2023-11-04,16,1.0,0.39050766081374194,0.36760773362725147,0.9413585712024919,0.022899927186490476,0.8001288990855961,0.08112871801690659,0.20407109730635667,1.0,0.0023800945720888755
2023-11-21,2023-11-04,17,1.0,0.39050766081374194,0.30444881856243916,0.7796231652101961,0.08605884225130278,0.6626242316521275,0.08108154208802795,0.2610188733906717,1.0,-0.04558573069670091
2023-11-22,2023-11-04,18,1.0,0.39050766081374194,0.36333179978677466,0.9304088914149902,0.027175861026967285,0.7908342919349446,0.08114303213178588,0.2610188733906717,1.0,0.046631590875071405
2023-11-23,2023-11-04,19,1.0,0.39050766081374194,0.3622374646022508,0.9276065515524548,0.028270196211491128,0.7884548416364286,0.0811459440075699,0.26123611586731266,1.0,-0.003049052697874255
2023-11-24,2023-11-04,20,1.0,0.39050766081374194,0.36143455825736287,0.9255504936937822,0.02907310255637907,0.7867069268477737,0.08114560601218714,0.26123611586731266,1.0,0.011242742854936427
2023-11-25,2023-11-04,21,1.0,0.39050766081374194,0.36541634485103824,0.93574693026401,0.025091315962703697,0.7953733980881227,0.08114516847204818,0.2588811393426645,1.0,0.001779200431038408
2023-11-26,2023-11-04,22,1.0,0.39050766081374194,0.3531461164927587,0.9043257070984752,0.037361544320983264,0.7686673060122475,0.08114703531534914,0.2593565386547655,1.0,-0.008820383545342092
2023-11-27,2023-11-04,23,1.0,0.39050766081374194,0.34254778439905514,0.8771858244349221,0.0479598764146868,0.7456013667351773,0.08115033131176842,0.26006050860235513,1.0,-0.005467130855174918
2023-11-28,2023-11-04,24,1.0,0.39050766081374194,0.35677639868379496,0.9136220220119176,0.03373126212994698,0.7765685392962678,0.08114640078747364,0.26006050860235513,1.0,0.0154706828452289
2023-11-29,2023-11-04,25,1.0,0.39050766081374194,0.342392987841033,0.8767894261729787,0.04811467297270894,0.7452632438499863,0.08114886741964933,0.2600090657076161,1.0,0.0009458241348827556
2023-11-30,2023-11-04,26,1.0,0.39050766081374194,0.3288060562850259,0.841996429980037,0.061701604528716036,0.715693975188321,0.0811546060632774,0.2602887068488502,1.0,-0.0034521527611939273
2023-12-01,2023-11-04,27,1.0,0.39050766081374194,0.35706749648155933,0.9143674562939436,0.03344016433218261,0.7772019224942606,0.08114613166259589,0.2602887068488502,1.0,0.025409845625962824
2023-12-02,2023-11-04,28,1.0,0.39050766081374194,0.37564589259699493,0.9619424413191332,0.014861768216747007,0.8176412884666607,0.08114744718566926,0.25590403468764933,1.0,0.019849534104810163
2023-12-03,2023-11-04,29,1.0,0.39050766081374194,0.392224416796273,1.0043962158871702,-0.0017167559825310708,0.8537264442413454,0.08114731728892632,0.25491170729548684,1.0,0.013229540422328379
2023-12-04,2023-12-04,0,0.9999999999971174,0.4070437832472614,0.4070437832472614,1.0,0.0,0.9127542956366426,0.1080977976370958,0.25491170729548684,1.0,0.05050602592898157
2023-12-05,2023-12-04,1,0.9999999999971174,0.4070437832472614,0.41244601452902596,1.0132718678041643,-0.005402231281764536,0.9248682496373781,0.10809779730088559,0.254862732245578,1.0,0.04958717442505667
2023-12-06,2023-12-04,2,0.9999999999971174,0.4070437832472614,0.41098438992234454,1.0096810388397195,-0.003940606675083114,0.9215907053858291,0.1080977976003271,0.25605404735631165,1.0,-0.007048028149456376
2023-12-07,2023-12-04,3,0.9999999999971174,0.4070437832472614,0.4043972888229276,0.9934982561256163,0.002646494424333845,0.9068198009369274,0.10809779758866364,0.25904320956763094,1.0,-0.011186469570312108
2023-12-08,2023-12-04,4,0.9999999999971174,0.4070437832472614,0.4124172801255072,1.0132012748981887,-0.005373496878245787,0.9248038160016794,0.10809779763115009,0.25904320956763094,1.0,0.02074843655902936
2023-12-09,2023-12-04,5,0.9999999999971174,0.4070437832472614,0.4053450224723669,0.9958265895591321,0.0016987607748945033,0.9089449973372444,0.10809779764490544,0.26157523324897636,1.0,-0.010354986383596998
2023-12-10,2023-12-04,6,0.9999999999971174,0.4070437832472614,0.4055199572617757,0.9962563585338925,0.0015238259854857272,0.9093372708315699,0.10809779766106765,0.26157523324897636,1.0,0.0017365305076681992
2023-12-11,2023-12-04,7,0.9999999999971174,0.4070437832472614,0.3847075998579391,0.9451258456494985,0.022336183389322306,0.86266767553273,0.10809779763599568,0.3338696515407143,1.0,-0.05791592552645597
2023-12-12,2023-12-04,8,0.9999999999971174,0.4070437832472614,0.379397195258853,0.9320795719618833,0.02764658798840841,0.8507596331175173,0.10809779756805636,0.3338122004218723,1.0,0.005793219467971067
2023-12-13,2023-12-04,9,0.9999999999971174,0.4070437832472614,0.4003492996802382,0.9835534066787193,0.006694483567023235,0.8977425969162043,0.1080977976193616,0.32890235304144655,1.0,0.033178132182793085
2023-12-14,2023-12-04,10,0.9999999999971174,0.4070437832472614,0.3968154820006445,0.9748717418921893,0.010228301246616944,0.8898183701119586,0.10809779764219425,0.3168203580112873,1.0,0.0035743752541170792
2023-12-15,2023-12-04,11,0.9999999999971174,0.4070437832472614,0.39625081660444206,0.973484506858902,0.010792966642819368,0.8885521653803968,0.10809779764634601,0.329041344257412,1.0,-0.02514884155318664
2023-12-16,2023-12-04,12,0.9999999999971174,0.4070437832472614,0.4058369832769026,0.9970352084467883,0.0012067999703588295,0.9100481694121859,0.10809779763847242,0.2876634509129438,1.0,0.008052636724105389
2023-12-17,2023-12-04,13,0.9999999999971174,0.4070437832472614,0.4009299791871939,0.9849799841891858,0.006113804060067507,0.8990447116871416,0.10809779763942716,0.2973656267373297,1.0,-0.02136759919986808
2023-12-18,2023-12-04,14,0.9999999999971174,0.4070437832472614,0.4065924631836569,0.9988912247719298,0.00045132006360454335,0.9117422562855266,0.10809779763827033,0.2973335466336169,1.0,0.03101295116695857
2023-12-19,2023-12-04,15,0.9999999999971174,0.4070437832472614,0.40177884762161187,0.9870654316750703,0.005264935625649558,0.9009482128226534,0.10809779762402434,0.29898282631184186,1.0,-0.00895053190741213
2023-12-20,2023-12-04,16,0.9999999999971174,0.4070437832472614,0.4137869696431872,1.0165662434201324,-0.006743186395925749,0.9278752054816581,0.10809779763779506,0.29898282631184186,1.0,0.03294872574243679
2023-12-21,2023-12-04,17,0.9999999999971174,0.4070437832472614,0.4080490670840623,1.0024697191756156,-0.0010052838368008743,0.9150085424232418,0.10809779763713474,0.2508084745759241,1.0,0.004416641305385882
2023-12-22,2023-12-04,18,0.9999999999971174,0.4070437832472614,0.4009620722865851,0.9850588285315195,0.006081710960676334,0.8991166771804888,0.10809779762077328,0.2508084745759241,1.0,0.0024449520995490914
2023-12-23,2023-12-04,19,0.9999999999971174,0.4070437832472614,0.3876826220825871,0.9524346963114941,0.019361161164674345,0.8693388603405929,0.10809779760518395,0.25148043646263524,1.0,-0.006069725424980743
2023-12-24,2023-12-04,20,0.9999999999971174,0.4070437832472614,0.3521361777214509,0.865106389568769,0.05490760552581053,0.7896295731884828,0.1080977975545078,0.2579007643906208,1.0,-0.016261438793872096
2023-12-25,2023-12-04,21,0.9999999999971174,0.4070437832472614,0.33608644000230514,0.8256763862627211,0.07095734324495628,0.7536396679350823,0.10809779712589317,0.2579007643906208,1.0,0.013598734633590404
2023-12-26,2023-12-04,22,0.9999999999971174,0.4070437832472614,0.31786077565351345,0.7809007009460376,0.08918300759374798,0.7127704516556164,0.10809777561572739,0.2702554581280773,1.0,-0.024490472192000512
2023-12-27,2023-12-04,23,0.9999999999971174,0.4070437832472614,0.34738463129809316,0.8534330840942289,0.059659151949168265,0.7789744315140706,0.10809747471969926,0.26957811234683376,1.0,0.021640629392459365
2023-12-28,2023-12-04,24,0.9999999999971174,0.4070437832472614,0.31134729624265245,0.7648987874445008,0.09569648700460898,0.6981638837981278,0.10809681374845319,0.2785641439852973,1.0,-0.01991970775187457
2023-12-29,2023-12-04,25,0.9999999999971174,0.4070437832472614,0.30737005618831176,0.7551277499835879,0.09967372705894967,0.6892459928359204,0.10809766213183264,0.28155836080404245,1.0,-0.011672136108276221
2023-12-30,2023-12-04,26,0.9999999999971174,0.4070437832472614,0.30803183969847664,0.7567535787946444,0.09901194354878479,0.6907300013601227,0.1080976963736096,0.2812998646920402,1.0,0.0017431736790995966
2023-12-31,2023-12-04,27,0.9999999999971174,0.4070437832472614,0.3446088135380489,0.8466136266444684,0.06243496970921253,0.7727501864882171,0.10809775380545061,0.2812998646920402,1.0,0.0034005469351414686
2024-01-01,2023-12-04,28,0.9999999999971174,0.4070437832472614,0.38400889626204154,0.9434093138545069,0.023034886985219882,0.8611008259963504,0.10809771708738537,0.2812998646920402,1.0,0.04483939155577654
2024-01-02,2023-12-04,29,0.9999999999971174,0.4070437832472614,0.38388235016914835,0.9430984232375722,0.02316143307811308,0.8608171118706017,0.10809777158134928,0.2812998646920402,1.0,0.017369122139089255
2024-01-03,2024-01-03,0,1.0,0.3656212808559936,0.3656212808559936,1.0,0.0,0.7479500659757647,0.022337726840068024,0.3271553076666726,1.0,-0.04675916542427505
2024-01-04,2024-01-03,1,1.0,0.3656212808559936,0.4124561137042178,1.1280965723290897,-0.046834832848224206,0.8437599018324458,0.02233772235807536,0.3271553076666726,1.0,0.030478772082679795
2024-01-05,2024-01-03,2,1.0,0.3656212808559936,0.4071064877649865,1.1134649679358586,-0.04148520690899288,0.8328161928865262,0.022337722915875147,0.32622408928591007,1.0,-0.00013567045894657959
2024-01-06,2024-01-03,3,1.0,0.3656212808559936,0.4169283838740984,1.140328546790232,-0.051307103018104816,0.8529088275303291,0.022337744864593723,0.3241579252238554,1.0,-0.00400474707164622
2024-01-07,2024-01-03,4,1.0,0.3656212808559936,0.39772697142117674,1.0878113289522349,-0.03210569056518314,0.8136285771990541,0.022337753203393457,0.32417293135035047,1.0,-0.0008938253724500855
2024-01-08,2024-01-03,5,1.0,0.3656212808559936,0.4389337021322047,1.200514644838429,-0.07331242127621107,0.8979249895845842,0.02233770699427162,0.32213331276681434,1.0,0.06879324874536241
2024-01-09,2024-01-03,6,1.0,0.3656212808559936,0.4103155926999372,1.122242096355292,-0.044694311843943624,0.839381098440803,0.02233778324977487,0.3282453565979005,1.0,-0.01791312822889546
2024-01-10,2024-01-03,7,1.0,0.3656212808559936,0.4173999833774248,1.1416184047061122,-0.051778702521431186,0.8538740674942967,0.0223383066257303,0.25384819909169604,1.0,0.011797657774886172
2024-01-11,2024-01-03,8,1.0,0.3656212808559936,0.4109865547672936,1.124077224950065,-0.04536527391130002,0.8407560222951946,0.02234050338329016,0.2549445367150308,1.0,-0.006748190240534524
2024-01-12,2024-01-03,9,1.0,0.3656212808559936,0.33343590385721245,0.9119707230295002,0.03218537699878116,0.6824748847409287,0.02286249263579382,0.3775940206067694,1.0,-0.07674783056058854
2024-01-13,2024-01-03,10,1.0,0.3656212808559936,0.3128396890150294,0.8556386222448765,0.052781591840964204,0.7245111277244578,0.13641163801694725,0.3775940206067694,1.0,0.0015253818538460973
2024-01-14,2024-01-03,11,1.0,0.3656212808559936,0.25610331418198407,0.7004606339718362,0.10951796667400954,0.6078267097409433,0.15731470803204514,0.378354834492692,1.0,-0.0260371606696137
2024-01-15,2024-01-03,12,1.0,0.3656212808559936,0.30062637642060985,0.8222343505738575,0.06499490443538375,0.7134936435107568,0.15731168972613968,0.378354834492692,1.0,0.018660583456239666
2024-01-16,2024-01-03,13,1.0,0.3656212808559936,0.3007985805417566,0.8227053409952674,0.06482270031423698,0.7138950439948621,0.15730307116707923,0.370778000709658,1.0,0.014745560571238991
2024-01-17,2024-01-03,14,1.0,0.3656212808559936,0.30174755658777636,0.8253008574373026,0.06387372426821725,0.7159366656143209,0.15705516680345735,0.37194036255252955,1.0,-0.008388205744593757
2024-01-18,2024-01-03,15,1.0,0.3656212808559936,0.2640858821536655,0.7222935205942796,0.10153539870232808,0.6267661440488541,0.1573064861235357,0.3896110146368122,1.0,-0.0338647048234878
2024-01-19,2024-01-03,16,1.0,0.3656212808559936,0.27526162254697134,0.7528599590880707,0.09035965830902226,0.6532734343155229,0.15728511802908107,0.3896110146368122,1.0,0.008022019236585853
2024-01-20,2024-01-03,17,1.0,0.3656212808559936,0.2919564941984117,0.7985216109819492,0.07366478665758192,0.6929123258800275,0.15730610268011966,0.3896110146368122,1.0,0.0008884028264701804
2024-01-21,2024-01-03,18,1.0,0.3656212808559936,0.2541179158990563,0.6950304295858126,0.1115033649569373,0.6031117066170348,0.15731061721732875,0.38973157428309746,1.0,-0.00277508367701107
2024-01-22,2024-01-03,19,1.0,0.3656212808559936,0.2034174080301361,0.556360963327667,0.1622038728258575,0.4827819744665131,0.15731150379043146,0.42588603751144966,1.0,-0.048395719803089654
2024-01-23,2024-01-03,20,1.0,0.3656212808559936,0.21301915734882967,0.5826224251775187,0.15260212350716393,0.5049875093762681,0.15633890583971544,0.42202905420998554,1.0,0.008329453937801379
2024-01-24,2024-01-03,21,1.0,0.3656212808559936,0.20997104964298152,0.5742856355390383,0.15565023121301208,0.4935434354030641,0.14912838635366052,0.42202905420998554,1.0,0.004694016682707636
2024-01-25,2024-01-03,22,1.0,0.3656212808559936,0.22262138403892007,0.6088851926718222,0.14299989681707354,0.4960448552991382,0.10241430120399503,0.41321269707382946,1.0,-0.003088196846292135
2024-01-26,2024-01-03,23,1.0,0.3656212808559936,0.29739729643360635,0.8134025889776956,0.06822398442238725,0.6110468105074052,0.026597336506341968,0.41321269707382946,1.0,0.04660583582680067
2024-01-27,2024-01-03,24,1.0,0.3656212808559936,0.30218919980658776,0.8265087828014319,0.06343208104940584,0.6182140635523772,0.02238005369806576,0.4072089259400498,1.0,0.007104138318376307
2024-01-28,2024-01-03,25,1.0,0.3656212808559936,0.26650968832026456,0.7289228014745512,0.09911159253572904,0.5452040440408615,0.022348820654417692,0.405212433978102,1.0,-0.0021265114030820653
2024-01-29,2024-01-03,26,1.0,0.3656212808559936,0.3026069072754924,0.8276512422007499,0.06301437358050122,0.6190477838940819,0.022347175295702428,0.405212433978102,1.0,0.03025476873531141
2024-01-30,2024-01-03,27,1.0,0.3656212808559936,0.2794865275492414,0.7644153723626446,0.08613475330675219,0.5717452516677284,0.022338963956395244,0.4062667247291391,1.0,-0.008350518558888909
2024-01-31,2024-01-03,28,1.0,0.3656212808559936,0.2690736977989738,0.7359355483056611,0.09654758305701983,0.550443401215013,0.022338365016138017,0.40733315952057864,1.0,-0.008409193057467013
2024-02-01,2024-01-03,29,1.0,0.3656212808559936,0.31411077408362975,0.8591151295904678,0.05151050677236385,0.6425755504637958,0.02233823289133229,0.40733315952057864,1.0,0.011811648661343321
2024-02-02,2024-02-02,0,1.0,0.29998866731365975,0.29998866731365975,1.0,0.0,0.601473720074037,0.002487865050086081,0.37150951722170195,1.0,0.0027170847671955656
2024-02-03,2024-02-02,1,1.0,0.29998866731365975,0.2814480353402275,0.9381955587207343,0.018540631973432253,0.5642999927335726,0.0024879001793296327,0.371823881339376,1.0,-0.004372916666666726
2024-02-04,2024-02-02,2,1.0,0.29998866731365975,0.2550463962690079,0.8501867705633643,0.04494227104465187,0.511365058674201,0.002487980190675965,0.37345793279420725,1.0,-0.00995580442160382
2024-02-05,2024-02-02,3,1.0,0.29998866731365975,0.25708608869194705,0.8569860021516914,0.042902578621712706,0.5154546449945523,0.002488031921162926,0.37319554426112606,1.0,0.0029547085589325395
2024-02-06,2024-02-02,4,1.0,0.29998866731365975,0.26663293965716095,0.8888100408752342,0.0333557276564988,0.5345962926613705,0.0024886318242602627,0.3731825093992398,1.0,0.009137482526979213
2024-02-07,2024-02-02,5,1.0,0.29998866731365975,0.34106003714085253,1.1369097379410327,-0.04107136982719278,0.6838216259310659,0.002488297510398258,0.3731825093992398,1.0,0.029018108329785353
2024-02-08,2024-02-02,6,1.0,0.29998866731365975,0.3612512502824208,1.204216324294366,-0.061262582968761026,0.7243045820065546,0.002488016072907687,0.3678179473429119,1.0,0.021173809910348673
2024-02-09,2024-02-02,7,1.0,0.29998866731365975,0.4295764130206361,1.4319754704983005,-0.12958774570697634,0.8612957825694165,0.0024880610952852733,0.3678179473429119,1.0,0.04071925305788526
2024-02-10,2024-02-02,8,1.0,0.29998866731365975,0.4353164081171142,1.4511095102867988,-0.13532774080345444,0.8728042700680727,0.002487904686436672,0.36705889686644133,1.0,0.013118685789101692
2024-02-11,2024-02-02,9,1.0,0.29998866731365975,0.4332702743769932,1.4442888068300859,-0.13328160706333347,0.8687040026557935,0.002490438509771933,0.2390642302220579,1.0,0.011495025558578842
2024-02-12,2024-02-02,10,1.0,0.29998866731365975,0.4463187371279848,1.4877853257747449,-0.14633006981432506,0.8948675098879523,0.0024920288281131183,0.2390642302220579,1.0,0.03348406490353306
2024-02-13,2024-02-02,11,1.0,0.29998866731365975,0.4528865842278438,1.5096789764871958,-0.15289791691418403,0.9080668491018216,0.002525894044477742,0.22116935999415288,1.0,-0.004360815405169416
2024-02-14,2024-02-02,12,1.0,0.29998866731365975,0.4633091546043649,1.544422190188744,-0.16332048729070514,0.9289492446447175,0.002509217214422968,0.22116935999415288,1.0,0.04216493536465804
2024-02-15,2024-02-02,13,1.0,0.29998866731365975,0.4671549059862452,1.5572418457321293,-0.16716623867258545,0.9367465611629092,0.002601289709987078,0.22116935999415288,1.0,0.001637797501195637
2024-02-16,2024-02-02,14,1.0,0.29998866731365975,0.4568535870258042,1.5229028186859168,-0.15686491971214445,0.9211560528540561,0.008086446134038337,0.21920898319815094,1.0,0.004705281418658558
2024-02-17,2024-02-02,15,1.0,0.29998866731365975,0.4036037264215236,1.345396577929815,-0.10361505910786384,0.9176069599596065,0.12031241254035299,0.18617124298207738,1.0,-0.00923699224792518
2024-02-18,2024-02-02,16,1.0,0.29998866731365975,0.37826307349732285,1.2609245438655907,-0.0782744061836631,0.903934235968269,0.16307390859659593,0.18617124298207738,1.0,0.009585683458475325
2024-02-19,2024-02-02,17,1.0,0.29998866731365975,0.3745609337947831,1.2485836120040918,-0.07457226648112336,0.8957353210373785,0.16367943744589056,0.18775898332318364,1.0,-0.0069611856456185395
2024-02-20,2024-02-02,18,1.0,0.29998866731365975,0.37512850417393734,1.2504755847383844,-0.07513983686027759,0.8970940961095439,0.16368080940278432,0.18750860927354862,1.0,0.009349928044047662
2024-02-21,2024-02-02,19,1.0,0.29998866731365975,0.3723305375884534,1.2411486771237095,-0.07234187027479366,0.8905439830229882,0.16381325417625736,0.07728513918458464,1.0,-0.007834658340927003
2024-02-22,2024-02-02,20,1.0,0.29998866731365975,0.36998533794681976,1.2333310496691978,-0.06999667063316001,0.8850956244581385,0.1639652762415874,0.08609721988115553,1.0,-0.010819220824005882
2024-02-23,2024-02-02,21,1.0,0.29998866731365975,0.3634509852699569,1.211549051251135,-0.06346231795629714,0.8693271062084478,0.1638337682690216,0.09379522265030547,1.0,-0.010611947102289299
2024-02-24,2024-02-02,22,1.0,0.29998866731365975,0.3773525643280685,1.2578893986469137,-0.07736389701440877,0.9025059811200937,0.16376717224690543,0.09317269681388081,1.0,0.016239704478250294
2024-02-25,2024-02-02,23,1.0,0.29998866731365975,0.37321543372619015,1.2440984423453787,-0.0732267664125304,0.8925930823853052,0.16375010944777993,0.09317269681388081,1.0,0.0031149029382824267
2024-02-26,2024-02-02,24,1.0,0.29998866731365975,0.3899444975425335,1.299864094982023,-0.08995583022887377,0.9326218129645791,0.1637671516539072,0.09317269681388081,1.0,0.05311581448263403
2024-02-27,2024-02-02,25,1.0,0.29998866731365975,0.3989547666591709,1.3298994599753828,-0.09896609934551115,0.9540746429794185,0.16368227665437024,0.09287634748397867,1.0,0.04700873606531397
2024-02-28,2024-02-02,26,1.0,0.29998866731365975,0.40548296721199395,1.351660950538616,-0.1054942998983342,0.9696864117756614,0.16368227441800412,0.09287634748397867,1.0,0.09458295215029322
2024-02-29,2024-02-02,27,1.0,0.29998866731365975,0.40147088857982305,1.3382868498830869,-0.1014822212661633,0.9600815857095204,0.16367339077099866,0.11474794134440344,1.0,-0.020840561185672013
2024-03-01,2024-02-02,28,1.0,0.29998866731365975,0.4024345509147541,1.3414991790139186,-0.10244588360109436,0.9617638013386832,0.1631322568917573,0.11090283503997347,1.0,0.02056109684484042
2024-03-02,2024-02-02,29,1.0,0.29998866731365975,0.4005712494502812,1.3352879394989117,-0.10058258213662147,0.956778306672418,0.16266653067536802,0.11315639734631551,1.0,-0.006421437490282567
2024-03-03,2024-03-03,0,1.0,0.3500070909442069,0.3500070909442069,1.0,0.0,0.9675498726038125,0.27650842431038997,0.11315639734631551,1.0,0.018176148396896963
2024-03-04,2024-03-03,1,1.0,0.3500070909442069,0.35394753392691636,1.011258180433086,-0.003940442982709458,0.9781693562612913,0.2763062313058825,0.11211910146099503,1.0,0.08130909844524137
2024-03-05,2024-03-03,2,1.0,0.3500070909442069,0.34125235298762086,0.9749869697411885,0.008754737956586045,0.9426673994171987,0.2759856696039365,0.2617829741012568,1.0,-0.0662561793261438
2024-03-06,2024-03-03,3,1.0,0.3500070909442069,0.370508963017344,1.0585755906196919,-0.020501872073137084,0.9566497822682344,0.22540313104162252,0.2617829741012568,1.0,0.03687825044280779
2024-03-07,2024-03-03,4,1.0,0.3500070909442069,0.4793334511013843,1.3694964002251964,-0.1293263601571774,0.9595312024333873,0.0009007526054669487,0.2617829741012568,1.0,0.011337735667442228
2024-03-08,2024-03-03,5,1.0,0.3500070909442069,0.47972648675275664,1.370619336478608,-0.12971939580854974,0.960036564293202,0.0006078839175447826,0.2617829741012568,1.0,0.01946959415424332
2024-03-09,2024-03-03,6,1.0,0.3500070909442069,0.47985104423702357,1.3709752077951887,-0.12984395329281667,0.9602869074681855,0.0006090044439741325,0.2617829741012568,1.0,0.002775519239201163
2024-03-10,2024-03-03,7,1.0,0.3500070909442069,0.4820903971779684,1.3773732294321326,-0.13208330623376152,0.9647635717519247,0.0006040623973080088,0.2617829741012568,1.0,0.009406810711886537
2024-03-11,2024-03-03,8,1.0,0.3500070909442069,0.48608499026633,1.388786121318367,-0.1360778993221231,0.9747591808779383,0.0026562461745129225,0.2617829741012568,1.0,0.04527851721999632
2024-03-12,2024-03-03,9,1.0,0.3500070909442069,0.4899982462710543,1.3999666262451889,-0.13999115532684742,0.980601867531038,0.0006173504344363253,0.26354573526386593,1.0,-0.008686272251904659
2024-03-13,2024-03-03,10,1.0,0.3500070909442069,0.4924952035373447,1.407100645329072,-0.14248811259313782,0.9855807035584989,0.0005989326715491225,0.26354573526386593,1.0,0.02267815838910625
2024-03-14,2024-03-03,11,1.0,0.3500070909442069,0.49042014017105456,1.401172012967104,-0.14041304922684766,0.9814280624389045,0.0005989049216043803,0.2753790475295046,1.0,-0.02303838069662678
2024-03-15,2024-03-03,12,1.0,0.3500070909442069,0.4878224216445555,1.3937501104008123,-0.13781533070034863,0.9762295071078249,0.0005988999661011968,0.2908336027116818,1.0,-0.026461942143979122
2024-03-16,2024-03-03,13,1.0,0.3500070909442069,0.4736990032987154,1.3533983040767186,-0.1236919123545085,0.9479657718234334,0.0005989300910206044,0.3630995507286401,1.0,-0.06042056205876711
2024-03-17,2024-03-03,14,1.0,0.3500070909442069,0.4772631211201585,1.3635812915465673,-0.1272560301759516,0.9550982626288176,0.0005989126049984774,0.3630995507286401,1.0,0.04736324902225286
2024-03-18,2024-03-03,15,1.0,0.3500070909442069,0.4686266434981289,1.3389061411125256,-0.11861955255392198,0.9378149526074195,0.000598908782164493,0.36388000893215533,1.0,-0.011455624132592601
2024-03-19,2024-03-03,16,1.0,0.3500070909442069,0.3742152390283863,1.0691647361168415,-0.024208148084179426,0.7908794597260136,0.0006235677075107714,0.47522627979949505,0.9469173299714435,-0.08390165417862072
2024-03-20,2024-03-03,17,1.0,0.3500070909442069,0.4229722016122257,1.208467521247019,-0.0729651106680188,0.8927433104020707,0.0006179415173127256,0.4746012146075947,0.9481644508054299,0.09530768162693293
2024-03-21,2024-03-03,18,1.0,0.3500070909442069,0.3874015448581222,1.1068391323531106,-0.037394453913915326,0.8445291156690736,0.0007473676043922928,0.49012978771709914,0.9181241607370701,-0.034481462477213065
2024-03-22,2024-03-03,19,1.0,0.3500070909442069,0.37395909922812104,1.0684329229425018,-0.02395200828391414,0.8286130563441583,0.0012469750984694925,0.49792999982105934,0.9037414900924148,-0.026024380901316868
2024-03-23,2024-03-03,20,1.0,0.3500070909442069,0.3696907601801537,1.056237915588643,-0.019683669235946777,0.8168714937017143,0.0013668128080113957,0.4964821710689284,0.9063769581718271,0.003031037371247214
2024-03-24,2024-03-03,21,1.0,0.3500070909442069,0.3654475288256729,1.0441146430485526,-0.015440437881465985,0.8048301740786147,0.000877958070087344,0.4950855821659124,0.9089337605658583,0.05032004214407837
2024-03-25,2024-03-03,22,1.0,0.3500070909442069,0.40530070954326086,1.1579785668052882,-0.05529361859905396,0.8923762155561414,0.0006280896701575423,0.4950855821659124,0.9089337605658583,0.039726534701165495
2024-03-26,2024-03-03,23,1.0,0.3500070909442069,0.3941607921430307,1.1261508761999972,-0.04415370119882378,0.8678630023364864,0.0006444963997061086,0.4950855821659124,0.9089337605658583,0.0015453632591067024
2024-03-27,2024-03-03,24,1.0,0.3500070909442069,0.3857748889018593,1.1021916380641386,-0.03576779795765239,0.8505535115271243,0.0006350213465338303,0.4957632512574322,0.9076913201183019,-0.007401411670572067
2024-03-28,2024-03-03,25,1.0,0.3500070909442069,0.3868627771792474,1.1052998273138286,-0.036855686235040486,0.8529599515400615,0.0006442448710641684,0.4957632512574322,0.9076913201183019,0.018865844086057848
2024-03-29,2024-03-03,26,1.0,0.3500070909442069,0.3776942679629938,1.0791046174067382,-0.027687177018786924,0.8364212935154453,0.0007372849185270688,0.4979054590212126,0.9037860337675638,-0.01314004119772949
2024-03-30,2024-03-03,27,1.0,0.3500070909442069,0.3758500721465754,1.073835593252275,-0.025842981202368498,0.8236161310862589,0.0008369609089739945,0.49263933401192095,0.9134471588683799,-0.0038419173280550556
2024-03-31,2024-03-03,28,1.0,0.3500070909442069,0.3699860118038257,1.0570814745659067,-0.019978920859618776,0.8106965370709635,0.0007513889377074737,0.49263933401192095,0.9134471588683799,0.024400356528065048
2024-04-01,2024-03-03,29,1.0,0.3500070909442069,0.356669937167517,1.0190363178224071,-0.006662846223310093,0.791364115780882,0.0010436239132981166,0.4986994502460771,0.9023470945836276,-0.022870507453632394
2024-04-02,2024-04-02,0,1.0,0.2907748252343305,0.2907748252343305,1.0,0.0,0.7026862628378514,0.0003527622884884109,0.5435430516997475,0.8279013016407383,-0.0600979471584987
2024-04-03,2024-04-02,1,1.0,0.2907748252343305,0.29581971207411517,1.0173498061110313,-0.005044886839784657,0.7148777332549765,0.0003527622884930581,0.5435430516997475,0.8279013016407383,0.007626941162614864
2024-04-04,2024-04-02,2,1.0,0.2907748252343305,0.3588961288423103,1.2342751080774685,-0.0681213036079798,0.7788723687147538,0.0003527622885333663,0.4881202348046416,0.9219040062539134,0.03827144435510177
2024-04-05,2024-04-02,3,1.0,0.2907748252343305,0.37690995562540236,1.296226230457389,-0.08613513039107185,0.8199646576340311,0.0003527622889414762,0.48931306636490113,0.9196566184979338,-0.009741444423889245
2024-04-06,2024-04-02,4,1.0,0.2907748252343305,0.36585091900002414,1.2581932383767787,-0.07507609376569363,0.7959058100369065,0.00035276228914112734,0.48931306636490113,0.9196566184979338,0.01585623959202964
2024-04-07,2024-04-02,5,1.0,0.2907748252343305,0.3737072035695802,1.285211686632142,-0.08293237833524969,0.8129970956113064,0.00035276228938682837,0.48931306636490113,0.9196566184979338,0.006740449372967916
2024-04-08,2024-04-02,6,1.0,0.2907748252343305,0.4185989276494833,1.4395982434591492,-0.1278241024151528,0.9106586901124061,0.0003527625337968093,0.48931306636490113,0.9196566184979338,0.03257781566683815
2024-04-09,2024-04-02,7,1.0,0.2907748252343305,0.362439295903743,1.2464603688151452,-0.0716644706694125,0.8128648219868133,0.0003527644066037867,0.5044432772981087,0.8920725485931403,-0.034543423624685876
2024-04-10,2024-04-02,8,1.0,0.2907748252343305,0.39079161870226625,1.3439664812362415,-0.10001679346793574,0.8764523121725749,0.0003527623506679995,0.5044432772981087,0.8920725485931403,0.02147745350417951
2024-04-11,2024-04-02,9,1.0,0.2907748252343305,0.3932968791051362,1.3525822903966493,-0.10252205387080571,0.8821311027990284,0.0003527623738368315,0.5044776416286393,0.892011781824928,-0.008846672031632585
2024-04-12,2024-04-02,10,1.0,0.2907748252343305,0.34508331563500083,1.1867716380085656,-0.05430849040067032,0.8061977018245216,0.00035276230762154375,0.5254687362686977,0.8563782560983668,-0.04127789769567636
2024-04-13,2024-04-02,11,1.0,0.2907748252343305,0.2774639451998045,0.9542227219161803,0.013310880034526018,0.673866046499809,0.0003527626445349068,0.5462561073669296,0.8237894165963572,-0.047559229828960214
2024-04-14,2024-04-02,12,1.0,0.2907748252343305,0.2759824116227704,0.9491275986508145,0.01479241361156014,0.6603668484614522,0.00035276302468899425,0.5381869286666775,0.8361407087958179,0.027177838359652595
2024-04-15,2024-04-02,13,1.0,0.2907748252343305,0.2699038065134248,0.9282227451978139,0.020871018720905687,0.6084234657119212,0.0003527662065762573,0.507021332986749,0.8875366197101626,-0.034142357265650736
2024-04-16,2024-04-02,14,1.0,0.2907748252343305,0.2719874333622469,0.9353885197697457,0.018787391872083614,0.6131204584862507,0.0003528191257741771,0.507021332986749,0.8875366197101626,0.005887733504845949
2024-04-17,2024-04-02,15,1.0,0.2907748252343305,0.23528604188696622,0.8091692315431819,0.05548878334736429,0.5487265357324245,0.0003528043495387741,0.5245526300691993,0.8578738799586912,-0.03944013635268473
2024-04-18,2024-04-02,16,1.0,0.2907748252343305,0.2975148174422907,1.0231794214046162,-0.006739992207960177,0.5952396210188949,0.00035277580137237774,0.4262911042948372,1.0,0.03578335689015377
2024-04-19,2024-04-02,17,1.0,0.2907748252343305,0.3044310540034713,1.046964962520863,-0.013656228769140799,0.6090769709803832,0.0003527681782068558,0.4262911042948372,1.0,0.005481795516879773
2024-04-20,2024-04-02,18,1.0,0.2907748252343305,0.30644904883476054,1.0539050228567706,-0.015674223600430026,0.6131143901307232,0.00035277668357448186,0.40834202539085696,1.0,0.017590332258871744
2024-04-21,2024-04-02,19,1.0,0.2907748252343305,0.3182079447191776,1.0943448920061742,-0.027433119484847113,0.6366404816509954,0.0003527771467778632,0.3978484983927588,1.0,8.623266280816111e-06
2024-04-22,2024-04-02,20,1.0,0.2907748252343305,0.3807583002244872,1.3094610233800004,-0.08998347499015669,0.7617853323885906,0.00035276596724896647,0.3978484983927588,1.0,0.028921107802987844
2024-04-23,2024-04-02,21,1.0,0.2907748252343305,0.3711449182501692,1.2763997638071651,-0.0803700930158387,0.7425517895941824,0.00035277417348511487,0.3984141490615085,1.0,-0.0060659102786441155
2024-04-24,2024-04-02,22,1.0,0.2907748252343305,0.31826963130471025,1.0945570375572307,-0.02749480607037974,0.6367639421653547,0.00035284591519141176,0.4142377451059504,1.0,-0.031987382178456425
2024-04-25,2024-04-02,23,1.0,0.2907748252343305,0.3214433160985322,1.1054716165317493,-0.030668490864201703,0.6431135264383665,0.000352805891921749,0.4142377451059504,1.0,0.003247026462604552
2024-04-26,2024-04-02,24,1.0,0.2907748252343305,0.2920553360906256,1.0044037885854222,-0.0012805108562951029,0.5843168981410158,0.00035293512890127656,0.41531984017742934,1.0,-0.0112922286061935
2024-04-27,2024-04-02,25,1.0,0.2907748252343305,0.271555783741292,0.9339040390530707,0.01921904149303849,0.5433036079236544,0.0003534680025488587,0.4156631091714053,1.0,-0.004830326982856015
2024-04-28,2024-04-02,26,1.0,0.2907748252343305,0.21672859217174534,0.7453485424575096,0.07404623306258518,0.4336141738482713,0.0003620488310778853,0.41352783579153685,1.0,-0.0054104835682718955
2024-04-29,2024-04-02,27,1.0,0.2907748252343305,0.24775118374631475,0.8520379422347043,0.04302364148801577,0.49567757955139086,0.00035347989497518177,0.4133098046131368,1.0,0.01184087991784355
2024-04-30,2024-04-02,28,1.0,0.2907748252343305,0.17797820867804162,0.6120825918633499,0.11279661655628889,0.3563913604865207,0.0003578322668170137,0.45038863370393994,0.9991371147607704,-0.05001096044843889
2024-05-01,2024-04-02,29,1.0,0.2907748252343305,0.14187639337483943,0.48792529841778304,0.1488984318594911,0.2922404771409538,0.00040463457357371653,0.4632729900165324,0.9713495275948233,-0.03802462420886077
2024-05-02,2024-05-02,0,0.9999999987316892,0.0,0.0,,0.0,0.3325935587587632,0.0009486584134349964,0.4097364468820454,1.0,0.011918793070569533
2024-05-03,2024-05-02,1,0.9999999987316892,0.0,0.0,,0.0,0.43113751006214374,0.0007566248917439824,0.4097364468820454,1.0,0.06470302287768459
2024-05-04,2024-05-02,2,0.9999999987316892,0.0,0.0,,0.0,0.5013339609307428,0.0007487300893779279,0.4097364468820454,1.0,0.016062304624168355
2024-05-05,2024-05-02,3,0.9999999987316892,0.0,0.0,,0.0,0.5134918009783638,0.0007447664603756967,0.4083112080433741,1.0,0.0018775421789631874
2024-05-06,2024-05-02,4,0.9999999987316892,0.0,0.0,,0.0,0.46154679209253596,0.000744955214394453,0.41094498026778215,1.0,-0.013228925826407556
2024-05-07,2024-05-02,5,0.9999999987316892,0.0,0.0,,0.0,0.43490005630326833,0.000745681702156298,0.4136731541481185,1.0,-0.013506014942723965
2024-05-08,2024-05-02,6,0.9999999987316892,0.0,0.0,,0.0,0.3482431231654278,0.0007636469012371448,0.4184747321307366,1.0,-0.01795879707433945
2024-05-09,2024-05-02,7,0.9999999987316892,0.0,0.0,,0.0,0.40725152747856597,0.0007447413345156732,0.40010668369330865,1.0,0.030738468090238502
2024-05-10,2024-05-02,8,0.9999999987316892,0.0,0.0,,0.0,0.2670559006316656,0.0007437241141668248,0.42010670997901933,1.0,-0.03605320162773862
2024-05-11,2024-05-02,9,0.9999999987316892,0.0,0.0,,0.0,0.3104084160861777,0.000743708940831137,0.4189617498423767,1.0,0.0004276316492815013
2024-05-12,2024-05-02,10,0.9999999987316892,0.0,0.0,,0.0,0.2881509546384675,0.0007445878178723449,0.3923126889846387,1.0,0.010817744191257805
2024-05-13,2024-05-02,11,0.9999999987316892,0.0,0.0,,0.0,0.36641236207619376,0.0007451252177829832,0.35358344935974356,1.0,0.02368242529478004
2024-05-14,2024-05-02,12,0.9999999987316892,0.0,0.0,,0.0,0.3679298871362161,0.0008204199062550327,0.3617312101362675,1.0,-0.021649003306001613
2024-05-15,2024-05-02,13,0.9999999987316892,0.0,0.0,,0.0,0.5904707678916619,0.0007573470677348465,0.3408326674448565,1.0,0.0751737363767182
2024-05-16,2024-05-02,14,0.9999999987316892,0.0,0.0,,0.0,0.5237163284842246,0.0007499873695660247,0.3447092126609198,1.0,-0.014670613912531216
2024-05-17,2024-05-02,15,0.9999999987316892,0.0,0.0,,0.0,0.6073476457595375,0.0007454598761825513,0.3148404027730497,1.0,0.027420621471134998
2024-05-18,2024-05-02,16,0.9999999987316892,0.0,0.0,,0.0,0.6977281271798157,0.0007440046885184965,0.314891396711709,1.0,-0.0016232991167343114
2024-05-19,2024-05-02,17,0.9999999987316892,0.0,0.0,,0.0,0.5688328155296549,0.0007443984772850236,0.31667728020659575,1.0,-0.009582127827459264
2024-05-20,2024-05-02,18,0.9999999987316892,0.0,0.0,,0.0,0.7819069829433969,0.0007459357963793163,0.31667728020659575,1.0,0.07804884599558704
2024-05-21,2024-05-02,19,0.9999999987316892,0.0,0.0,,0.0,0.8027545080961511,0.0007439793137822639,0.3230729587795426,1.0,-0.018171328468722492
2024-05-22,2024-05-02,20,0.9999999987316892,0.0,0.0,,0.0,0.7738362684811264,0.0007433870034452497,0.3267917584864336,1.0,-0.013994914206095221
2024-05-23,2024-05-02,21,0.9999999987316892,0.0,0.0,,0.0,0.6590192137935978,0.0007480615857577738,0.33173821048823765,1.0,-0.017305602037514634
2024-05-24,2024-05-02,22,0.9999999987316892,0.0,0.0,,0.0,0.6202213307361311,0.0007530254741800417,0.31175497590236134,1.0,0.008538222574340226
2024-05-25,2024-05-02,23,0.9999999987316892,0.0,0.0,,0.0,0.6330299863952529,0.0007523920677206987,0.31175497590236134,1.0,0.010803502670095222
2024-05-26,2024-05-02,24,0.9999999987316892,0.0,0.0,,0.0,0.6267897023772429,0.0007524275140858348,0.31175792058568513,1.0,-0.011298795781301996
2024-05-27,2024-05-02,25,0.9999999987316892,0.0,0.0,,0.0,0.6434881152495389,0.0007513196009606215,0.3113000969593106,1.0,0.01355702215532939
2024-05-28,2024-05-02,26,0.9999999987316892,0.0,0.0,,0.0,0.6334978945993048,0.000751880268071215,0.3151348406388961,1.0,-0.014949501292044975
2024-05-29,2024-05-02,27,0.9999999987316892,0.0,0.0,,0.0,0.5957940107455908,0.0007650459447437647,0.31744777609101194,1.0,-0.010906250863507161
2024-05-30,2024-05-02,28,0.9999999987316892,0.0,0.0,,0.0,0.621819237546799,0.0007602265286208667,0.2621987104559762,1.0,0.01034331070492378
2024-05-31,2024-05-02,29,0.9999999987316892,0.0,0.0,,0.0,0.6202622717451871,0.0009593548425173461,0.2284775876949766,1.0,-0.011881992919902995
2024-06-01,2024-06-01,0,0.9999999999972419,0.34610544588853853,0.34610544588853853,1.0,0.0,0.69255865981614,0.0005021495784273705,0.2284775876949766,1.0,0.0033586018124664996
2024-06-02,2024-06-01,1,0.9999999999972419,0.34610544588853853,0.333001594996772,0.9621391369380922,0.013103850891766522,0.666380936348186,0.0005668624866611829,0.22847759632458092,1.0,-1.8002902599123516e-05
2024-06-03,2024-06-01,2,0.9999999999972419,0.34610544588853853,0.3367680676237836,0.9730215794762097,0.009337378264754947,0.6739150580060332,0.0005622707995088979,0.22847759632458092,1.0,0.015410024226145236
2024-06-04,2024-06-01,3,0.9999999999972419,0.34610544588853853,0.34730356462764067,1.0034617159404304,-0.0011981187391021386,0.694960474998535,0.0005084400566153492,0.22847759632458092,1.0,0.025111793506457758
2024-06-05,2024-06-01,4,0.9999999999972419,0.34610544588853853,0.3539363064854836,1.0226256497549215,-0.007830860596945044,0.7082312853151561,0.0005064339173175028,0.2237057840754454,1.0,0.00808303741651284
2024-06-06,2024-06-01,5,0.9999999999972419,0.34610544588853853,0.3304801665073649,0.9548539915601164,0.01562527938117364,0.661297187581417,0.0005093845445179964,0.21914661002573177,1.0,-0.004344658828823844
2024-06-07,2024-06-01,6,0.9999999999972419,0.34610544588853853,0.2811905630194733,0.8124418912207156,0.06491488286906522,0.5626813969854492,0.0005336429249503899,0.22179286315400798,1.0,-0.020388123797123736
2024-06-08,2024-06-01,7,0.9999999999972419,0.34610544588853853,0.30313407440632295,0.8758431223990208,0.04297137148221558,0.6065835771331434,0.0005200080127263574,0.22180448902352415,1.0,-0.0006508486697541782
2024-06-09,2024-06-01,8,0.9999999999972419,0.34610544588853853,0.22860792951592307,0.6605152627085361,0.11749751637261546,0.45759800164952424,0.0008351055212228476,0.18108821584423468,1.0,0.004871991904252138
2024-06-10,2024-06-01,9,0.9999999999972419,0.34610544588853853,0.25016324741855617,0.7227948892174322,0.09594219846998236,0.5006433372209282,0.0006328704693737202,0.1811693087063128,1.0,-0.0015526617078359672
2024-06-11,2024-06-01,10,0.9999999999972419,0.34610544588853853,0.22392136253550363,0.6469743981076113,0.1221840833530349,0.4483097643135149,0.0010417779840749535,0.21376938800251538,1.0,-0.032006902502156986
2024-06-12,2024-06-01,11,0.9999999999972419,0.34610544588853853,0.3018273412088993,0.872067587477665,0.04427810467963922,0.6041456401689143,0.000812648008149757,0.21376938800251538,1.0,0.014109198885703833
2024-06-13,2024-06-01,12,0.9999999999972419,0.34610544588853853,0.22312107372743384,0.6446621293537486,0.1229843721611047,0.44668209987539254,0.0009849340742500126,0.2140153193288898,1.0,-0.021841383722223218
2024-06-14,2024-06-01,13,0.9999999999972419,0.34610544588853853,0.21562730178545525,0.6230104274490292,0.13047814410308328,0.43321076068539954,0.0045154859759118674,0.21741393679561066,1.0,-0.010917884336799966
2024-06-15,2024-06-01,14,0.9999999999972419,0.34610544588853853,0.22036778420568606,0.6367070695462399,0.12573766168285247,0.4496718819339448,0.01987296489195512,0.2112138390760196,1.0,0.0027899586321176173
2024-06-16,2024-06-01,15,0.9999999999972419,0.34610544588853853,0.24059048144725734,0.695136364669449,0.1055149644412812,0.5025119301277525,0.04244867823897226,0.2112138390760196,1.0,0.006773846508098869
2024-06-17,2024-06-01,16,0.9999999999972419,0.34610544588853853,0.19555063717099672,0.565003063355359,0.15055480871754182,0.4722406610312716,0.17181787462368717,0.2113311505946831,1.0,-0.002587703951910103
2024-06-18,2024-06-01,17,0.9999999999972419,0.34610544588853853,0.15568162803377794,0.4498098191841639,0.1904238178547606,0.41369779137272783,0.24736543786131054,0.2202059204208976,1.0,-0.019983811580388866
2024-06-19,2024-06-01,18,0.9999999999972419,0.34610544588853853,0.13005389601811088,0.3757637955803621,0.21605154987042766,0.3496754186267801,0.2561450471477286,0.22046919171767188,1.0,-0.0030832222994838787
2024-06-20,2024-06-01,19,0.9999999999972419,0.34610544588853853,0.13490406832688773,0.3897773638913873,0.2112013775616508,0.362731897640149,0.25617752833680846,0.21106036474915343,1.0,-0.0016064796011104887
2024-06-21,2024-06-01,20,0.9999999999972419,0.34610544588853853,0.10575442226737249,0.3055554991221668,0.24035102362116606,0.2843544093409956,0.25617877695328717,0.20898021801547986,1.0,-0.011198244365383747
2024-06-22,2024-06-01,21,0.9999999999972419,0.34610544588853853,0.11389298516197252,0.329070190934387,0.232212460726566,0.3062377837095618,0.25617940554331153,0.19991232613193674,1.0,0.0018466390078755168
2024-06-23,2024-06-01,22,0.9999999999972419,0.34610544588853853,0.10340152641501628,0.2987572938922094,0.24270391947352227,0.27802840687955993,0.25618013227109465,0.20803775038151875,1.0,-0.016370480786393027
2024-06-24,2024-06-01,23,0.9999999999972419,0.34610544588853853,0.057684156658606524,0.16666642303335327,0.288421289229932,0.15510140465996652,0.25617492910435935,0.2653921508377831,1.0,-0.04614316624851034
2024-06-25,2024-06-01,24,0.9999999999972419,0.34610544588853853,0.06961024297013396,0.20112437928108065,0.27649520291840457,0.18716504538135526,0.25616193100265405,0.2624157576727311,1.0,0.025089189014368074
2024-06-26,2024-06-01,25,0.9999999999972419,0.34610544588853853,0.044513761228002865,0.12861329330928323,0.30159168466053565,0.1196883518914339,0.25617220849727956,0.2678170285407222,1.0,-0.015225380185519222
2024-06-27,2024-06-01,26,0.9999999999972419,0.34610544588853853,0.03171803276239276,0.09164268617896117,0.31438741312614576,0.08528427320780496,0.2561809682048151,0.2626131144565683,1.0,0.013825353458531753
2024-06-28,2024-06-01,27,0.9999999999972419,0.34610544588853853,0.011597300883374486,0.03350799885162552,0.33450814500516407,0.031184369057680156,0.2562106443825403,0.26988299123246245,1.0,-0.020721165868020086
2024-06-29,2024-06-01,28,0.9999999999972419,0.34610544588853853,0.039236520056559476,0.1133657979747461,0.30686892583197906,0.10550063668249182,0.2561842034253637,0.26988299123246245,1.0,0.009248055201046546
2024-06-30,2024-06-01,29,0.9999999999972419,0.34610544588853853,0.09280357227530832,0.268136700470166,0.2533018736132302,0.2495224562174296,0.2561505390565659,0.26664298796848573,1.0,0.029274097229099905
2024-07-01,2024-07-01,0,0.9999999980331029,0.0,0.0,,0.0,0.24340096773773776,0.2661648852971544,0.26664298796848573,1.0,0.002038806786655245
2024-07-02,2024-07-01,1,0.9999999980331029,0.0,0.0,,0.0,0.031869337696524086,0.26618763715594007,0.27003330555590604,1.0,-0.01215453293394797
2024-07-03,2024-07-01,2,0.9999999980331029,0.0,0.0,,0.0,-0.011531317682692166,0.2661937584879639,0.2915338696058797,1.0,-0.031011111688702075
2024-07-04,2024-07-01,3,0.9999999980331029,0.0,0.0,,0.0,-0.17197129088623794,0.26623744665574,0.3468734153656517,1.0,-0.05246046327616427
2024-07-05,2024-07-01,4,0.9999999980331029,0.0,0.0,,0.0,-0.1868789813190009,0.26616522418510513,0.3478352311025807,1.0,-0.007383346646214428
2024-07-06,2024-07-01,5,0.9999999980331029,0.0,0.0,,0.0,-0.1252843310979487,0.2662099478726444,0.3475035071530362,1.0,0.02827784241902398
2024-07-07,2024-07-01,6,0.9999999980331029,0.0,0.0,,0.0,-0.20594130786868678,0.2661828731940694,0.3696550541437635,1.0,-0.040740420809639244
2024-07-08,2024-07-01,7,0.9999999980331029,0.0,0.0,,0.0,-0.20238011452699606,0.26659392081553307,0.36964807837873925,1.0,0.015339126256471713
2024-07-09,2024-07-01,8,0.9999999980331029,0.0,0.0,,0.0,-0.12664733068895492,0.2660515580466886,0.36964807837873925,1.0,0.023545604290392763
2024-07-10,2024-07-01,9,0.9999999980331029,0.0,0.0,,0.0,-0.13178248895991898,0.26725062276573147,0.37012406207898246,1.0,-0.005583979328165345
2024-07-11,2024-07-01,10,0.9999999980331029,0.0,0.0,,0.0,-0.16399790157794092,0.26662605429676345,0.3530783808735239,1.0,-0.0066860860429079905
2024-07-12,2024-07-01,11,0.9999999980331029,0.0,0.0,,0.0,-0.1699659898069648,0.26907814396912677,0.3530783808735239,1.0,0.009578148824491928
2024-07-13,2024-07-01,12,0.9999999980331029,0.0,0.0,,0.0,-0.029285200576885106,0.27389135832393,0.34457354027011183,1.0,0.02271446610847283
2024-07-14,2024-07-01,13,0.9999999980331029,0.0,0.0,,0.0,0.07163167293931638,0.30250652057481914,0.34243928169641874,1.0,0.026921989418961845
2024-07-15,2024-07-01,14,0.9999999980331029,0.0,0.0,,0.0,0.25007084246363925,0.2978398213158846,0.34243928169641874,1.0,0.06457837119729937
2024-07-16,2024-07-01,15,0.9999999980331029,0.0,0.0,,0.0,0.252161030478092,0.36048667270501755,0.34243928169641874,1.0,0.0049417419837483045
2024-07-17,2024-07-01,16,0.9999999980331029,0.0,0.0,,0.0,0.2741307527441631,0.8184956086694026,0.3461942023453197,1.0,-0.014697745325894074
2024-07-18,2024-07-01,17,0.9999999980331029,0.0,0.0,,0.0,0.21777430050762048,0.8363662272178852,0.33900211743188924,1.0,-0.001561447004345129
2024-07-19,2024-07-01,18,0.9999999980331029,0.0,0.0,,0.0,0.27159042408425027,0.3136790646264801,0.3388309586136951,1.0,0.041759132036171875
2024-07-20,2024-07-01,19,0.9999999980331029,0.0,0.0,,0.0,0.32736284730876475,0.2662337889872422,0.3387845459110438,1.0,0.007200120012001321
2024-07-21,2024-07-01,20,0.9999999980331029,0.0,0.0,,0.0,0.3958723471400846,0.26603967485608293,0.3364996253702414,1.0,0.015272276003738927
2024-07-22,2024-07-01,21,0.9999999980331029,0.0,0.0,,0.0,0.34705977920566683,0.26613458548077906,0.33807117376138396,1.0,-0.009291085469536275
2024-07-23,2024-07-01,22,0.9999999980331029,0.0,0.0,,0.0,0.23331993859792832,0.26615942493345707,0.3434194987116035,1.0,-0.023633237038257815
2024-07-24,2024-07-01,23,0.9999999980331029,0.0,0.0,,0.0,0.22825647028550017,0.2654601614055482,0.3027685904665921,1.0,-0.00849323457697837
2024-07-25,2024-07-01,24,0.9999999980331029,0.0,0.0,,0.0,0.2717059579031244,0.2637519290626678,0.3027685904665921,1.0,0.006484795643661334
2024-07-26,2024-07-01,25,0.9999999980331029,0.0,0.0,,0.0,0.3190910266683458,0.26481129974842904,0.2980014907205978,1.0,0.0320371064111753
2024-07-27,2024-07-01,26,0.9999999980331029,0.0,0.0,,0.0,0.3675120330733995,0.2648677483510995,0.29800207523409555,1.0,-0.00016919953012906053
2024-07-28,2024-07-01,27,0.9999999980331029,0.0,0.0,,0.0,0.39824020712519814,0.2655747739102931,0.2889133659268777,1.0,0.005204686544961978
2024-07-29,2024-07-01,28,0.9999999980331029,0.0,0.0,,0.0,0.2820677398437956,0.26483771474219236,0.2986654518505216,1.0,-0.02146802309396001
2024-07-30,2024-07-01,29,0.9999999980331029,0.0,0.0,,0.0,0.29537012856170025,0.26301060615744193,0.30030154169959117,1.0,-0.008934532749946156
2024-07-31,2024-07-31,0,0.9999984868728992,0.0,0.0,,0.0,0.27063131429891213,0.18902152640834802,0.3116127665308553,1.0,-0.023569227050220576
2024-08-01,2024-07-31,1,0.9999984868728992,0.0,0.0,,0.0,0.28076036812375404,0.189232283920996,0.30867946035488586,1.0,0.011233830537847433
2024-08-02,2024-07-31,2,0.9999984868728992,0.0,0.0,,0.0,-0.010496556260895046,0.18958301628559998,0.3580474858539273,1.0,-0.05899698289408972
2024-08-03,2024-07-31,3,0.9999984868728992,0.0,0.0,,0.0,-0.0962140096847851,0.18944471759223006,0.30815024727148316,1.0,-0.013014011925201907
2024-08-04,2024-07-31,4,0.9999984868728992,0.0,0.0,,0.0,-0.3148144595175779,0.1894602803041113,0.34127282118208946,1.0,-0.04179693594466638
2024-08-05,2024-07-31,5,0.9999984868728992,0.0,0.0,,0.0,-0.4356714016768476,0.19001365309709745,0.4276456106856458,1.0,-0.07121937380719046
2024-08-06,2024-07-31,6,0.9999984868728992,0.0,0.0,,0.0,-0.3725732473482313,0.18867125270361002,0.4022836515930139,1.0,0.03708337891930613
2024-08-07,2024-07-31,7,0.9999984868728992,0.0,0.0,,0.0,-0.352770144817124,0.1839276161532234,0.4061245376032791,1.0,-0.01584823536320812
2024-08-08,2024-07-31,8,0.9999984868728992,0.0,0.0,,0.0,-0.09851146282309273,0.020792183598645934,0.4061245376032791,1.0,0.11883431252058596
2024-08-09,2024-07-31,9,0.9999984868728992,0.0,0.0,,0.0,-0.14301243872694114,0.0010598209461864124,0.40851796409826047,1.0,-0.013747043696631933
2024-08-10,2024-07-31,10,0.9999984868728992,0.0,0.0,,0.0,-0.08809519855482065,0.0006539247382033224,0.40784724156320856,1.0,0.0014057006156844576
2024-08-11,2024-07-31,11,0.9999984868728992,0.0,0.0,,0.0,-0.13721960692745738,0.000922220945282579,0.4277429194945438,1.0,-0.03629009556409346
2024-08-12,2024-07-31,12,0.9999984868728992,0.0,0.0,,0.0,-0.10667285694166925,0.0014872965742332752,0.4277429194945438,1.0,0.0107992169992841
2024-08-13,2024-07-31,13,0.9999984868728992,0.0,0.0,,0.0,0.010725283769319915,0.0011859873153284273,0.4277429194945438,1.0,0.02090278404977952
2024-08-14,2024-07-31,14,0.9999984868728992,0.0,0.0,,0.0,-0.10392489985949668,0.021261975654363607,0.44200135320507095,1.0,-0.031421844400999266
2024-08-15,2024-07-31,15,0.9999984868728992,0.0,0.0,,0.0,-0.13601325395220887,0.12646579141860506,0.44728829464779984,1.0,-0.019465985179111134
2024-08-16,2024-07-31,16,0.9999984868728992,0.0,0.0,,0.0,-0.12057237811745516,0.0019466561720802677,0.44429649170456814,1.0,0.023175450712934476
2024-08-17,2024-07-31,17,0.9999984868728992,0.0,0.0,,0.0,-0.08363881316959676,0.007952775206946027,0.4442630554102571,1.0,0.010486525598475405
2024-08-18,2024-07-31,18,0.9999984868728992,0.0,0.0,,0.0,-0.13782782203104083,0.021616769160907743,0.4487058307714312,1.0,-0.017895518371464747
2024-08-19,2024-07-31,19,0.9999984868728992,0.0,0.0,,0.0,-0.07928338443613217,0.050943151284225545,0.4487058307714312,1.0,0.017306107499313272
2024-08-20,2024-07-31,20,0.9999984868728992,0.0,0.0,,0.0,-0.09391939187446771,0.025641853394117845,0.4494024318736804,1.0,-0.007145200501358473
2024-08-21,2024-07-31,21,0.9999984868728992,0.0,0.0,,0.0,0.005658514070502246,0.001088885656622907,0.4482214018985382,1.0,0.03630049242719502
2024-08-22,2024-07-31,22,0.9999984868728992,0.0,0.0,,0.0,0.06928832642547672,0.0015432649688832637,0.4426607218550715,1.0,-0.012757368324922358
2024-08-23,2024-07-31,23,0.9999984868728992,0.0,0.0,,0.0,0.3077649789427366,0.0006343819725831186,0.44165977771691356,1.0,0.06064346268308651
2024-08-24,2024-07-31,24,0.9999984868728992,0.0,0.0,,0.0,0.33883790767493877,0.0006212700169276408,0.44165977771691356,1.0,0.0018703179587378216
2024-08-25,2024-07-31,25,0.9999984868728992,0.0,0.0,,0.0,0.4104697647527538,0.000646452653635901,0.44165977771691356,1.0,0.0009818100937060148
2024-08-26,2024-07-31,26,0.9999984868728992,0.0,0.0,,0.0,0.32302796411969426,0.0012285507291075126,0.44816831797744844,1.0,-0.021582061663033336
2024-08-27,2024-07-31,27,0.9999984868728992,0.0,0.0,,0.0,0.1673312140663736,0.0008566501781938772,0.48881578532677666,0.9205922016188,-0.05441321577489899
2024-08-28,2024-07-31,28,0.9999984868728992,0.0,0.0,,0.0,0.056077397076458174,0.0009542716062439538,0.48343758129532094,0.9308337154804383,-0.006397374400403888
2024-08-29,2024-07-31,29,0.9999984868728992,0.0,0.0,,0.0,0.09371262852986514,0.005318393991133455,0.48242297954242913,0.932791386568729,0.0054901422717748005
2024-08-30,2024-08-30,0,0.9999943503101363,0.0,0.0,,0.0,0.08552219868342392,0.0024015670004843546,0.4753965859224163,0.9465781062076013,-0.003959297838693754
2024-08-31,2024-08-30,1,0.9999943503101363,0.0,0.0,,0.0,0.058182064444819936,0.0017430508827542168,0.4754791528037445,0.946413733065893,-0.0025370412247210927
2024-09-01,2024-08-30,2,0.9999943503101363,0.0,0.0,,0.0,-0.0452426964597579,0.0012831421638697705,0.4372154144033683,1.0,-0.028353686091105557
2024-09-02,2024-08-30,3,0.9999943503101363,0.0,0.0,,0.0,0.1014938669029807,0.001159517604497333,0.434821315789253,1.0,0.03194084799341579
2024-09-03,2024-08-30,4,0.9999943503101363,0.0,0.0,,0.0,0.057417049981802956,0.0009647849778533895,0.42020023789919003,1.0,-0.0278089086254798
2024-09-04,2024-08-30,5,0.9999943503101363,0.0,0.0,,0.0,0.06506769344712685,0.002771862419280372,0.3318954806402452,1.0,0.008404750022309004
2024-09-05,2024-08-30,6,0.9999943503101363,0.0,0.0,,0.0,-0.01070292054133773,0.0014409414286487964,0.3494788105051907,1.0,-0.030893086013844884
2024-09-06,2024-08-30,7,0.9999943503101363,0.0,0.0,,0.0,-0.20212641927864733,0.0016462189908773835,0.372496558780151,1.0,-0.03946297614809535
2024-09-07,2024-08-30,8,0.9999943503101363,0.0,0.0,,0.0,-0.16657053279916134,0.009901618238291558,0.372496558780151,1.0,0.0036671443399056702
2024-09-08,2024-08-30,9,0.9999943503101363,0.0,0.0,,0.0,-0.08750225528984895,0.07285371933854388,0.36935403527688326,1.0,0.013092295801802267
2024-09-09,2024-08-30,10,0.9999943503101363,0.0,0.0,,0.0,0.052329152140020624,0.2056896398198398,0.36935403527688326,1.0,0.03958541970605056
2024-09-10,2024-08-30,11,0.9999943503101363,0.0,0.0,,0.0,0.028541777542269636,0.2831351542660195,0.34611814550572106,1.0,0.010413204305599333
2024-09-11,2024-08-30,12,0.9999943503101363,0.0,0.0,,0.0,0.012721007108560278,0.28660919991237954,0.34659008613960574,1.0,-0.005170207018218909
2024-09-12,2024-08-30,13,0.9999943503101363,0.0,0.0,,0.0,-0.10638084841544013,0.28424856216169586,0.34659008613960574,1.0,0.013853291011196811
2024-09-13,2024-08-30,14,0.9999943503101363,0.0,0.0,,0.0,-0.021925001348463813,0.2816764630518351,0.3282125786024376,1.0,0.04069474605520651
2024-09-14,2024-08-30,15,0.9999943503101363,0.0,0.0,,0.0,-0.06754799482903631,0.2696434685776639,0.32229902643644887,1.0,-0.008346887500413236
2024-09-15,2024-08-30,16,0.9999943503101363,0.0,0.0,,0.0,-0.0802782567688198,0.1689785841767688,0.3262196465427327,1.0,-0.014352167243428138
2024-09-16,2024-08-30,17,0.9999943503101363,0.0,0.0,,0.0,-0.06180677421880498,0.12911255655625714,0.3307534226699379,1.0,-0.01552475816816612
2024-09-17,2024-08-30,18,0.9999943503101363,0.0,0.0,,0.0,-0.028392927349797037,0.03626418105559642,0.3247007336641781,1.0,0.03607380287796791
2024-09-18,2024-08-30,19,0.9999943503101363,0.0,0.0,,0.0,0.06872728573360509,0.011377257126308103,0.3247007336641781,1.0,0.023974537250810224
2024-09-19,2024-08-30,20,0.9999943503101363,0.0,0.0,,0.0,0.1309794773848241,0.009772005999066715,0.3237359158887964,1.0,0.019235754409934414
2024-09-20,2024-08-30,21,0.9999943503101363,0.0,0.0,,0.0,0.17112653299837283,0.01982858186898074,0.3237359158887964,1.0,0.004020144249244684
2024-09-21,2024-08-30,22,0.9999943503101363,0.0,0.0,,0.0,0.2209118970912214,0.006121298028493505,0.32062322540911686,1.0,0.0023403092195461994
2024-09-22,2024-08-30,23,0.9999943503101363,0.0,0.0,,0.0,0.1961902053108055,0.007108638069502123,0.32062322540911686,1.0,0.003627526008319615
2024-09-23,2024-08-30,24,0.9999943503101363,0.0,0.0,,0.0,0.21210314504611597,0.007284433304649892,0.3208917189203414,1.0,-0.0037554994781276996
2024-09-24,2024-08-30,25,0.9999943503101363,0.0,0.0,,0.0,0.20350620677180986,0.004310712953761576,0.3208917189203414,1.0,0.014567574134444872
2024-09-25,2024-08-30,26,0.9999943503101363,0.0,0.0,,0.0,0.17857313625274848,0.006534749923617876,0.31761289063124215,1.0,-0.017283587524333677
2024-09-26,2024-08-30,27,0.9999943503101363,0.0,0.0,,0.0,0.2808539702190772,0.041553162746871944,0.2505831549590581,1.0,0.03201766657941674
2024-09-27,2024-08-30,28,0.9999943503101363,0.0,0.0,,0.0,0.3177190691670756,0.11818319717982938,0.24958120002780726,1.0,0.009144138635673427
2024-09-28,2024-08-30,29,0.9999943503101363,0.0,0.0,,0.0,0.33887900066914645,0.25254125610352957,0.24958120002780726,1.0,0.0013387572896133015
2024-09-29,2024-09-29,0,1.0,0.17314011136841334,0.17314011136841334,1.0,0.0,0.3470219622115063,0.002137442454513961,0.24956729100463587,1.0,-0.0038869993015275828
2024-09-30,2024-09-29,1,1.0,0.17314011136841334,0.11361914815782222,0.6562266089575256,0.059520963210591124,0.2278108644365321,0.0025133486162034323,0.2781248071292777,1.0,-0.03466997428889751
2024-10-01,2024-09-29,2,1.0,0.17314011136841334,0.07329724858230005,0.42334065747673977,0.09984286278611329,0.1469689943846615,0.002548137596160003,0.29559834373970273,1.0,-0.03982166382772501
2024-10-02,2024-09-29,3,1.0,0.17314011136841334,0.0565236518478611,0.3264619122693538,0.11661645952055225,0.11370820122459957,0.005812223936002082,0.2957349898201297,1.0,-0.002573768480562233
2024-10-03,2024-09-29,4,1.0,0.17314011136841334,0.049545929141489135,0.28616089449118837,0.1235941822269242,0.09974954968350334,0.006593427264703086,0.2788938429675592,1.0,0.001705378860227258
2024-10-04,2024-09-29,5,1.0,0.17314011136841334,0.1283499602719304,0.7413069060514987,0.04479015109648293,0.26280614301690747,0.023234702214148133,0.2788938429675592,1.0,0.021946181495442696
2024-10-05,2024-09-29,6,1.0,0.17314011136841334,0.121982131299928,0.7045284327002097,0.051157980068485334,0.261183475924328,0.06592765205966122,0.256521777656806,1.0,-0.00045098734014104025
2024-10-06,2024-09-29,7,1.0,0.17314011136841334,0.150972920642466,0.8719696403638135,0.022167190725947333,0.31790749395572315,0.050208481946053714,0.2146629250634781,1.0,0.012277385671468632
2024-10-07,2024-09-29,8,1.0,0.17314011136841334,0.05761263379540023,0.33275151170955486,0.11552747757301311,0.1165827069329317,0.011643573715543963,0.2172221369845141,1.0,-0.009486005312646983
2024-10-08,2024-09-29,9,1.0,0.17314011136841334,0.04309708058464775,0.24891447882313264,0.13004303078376558,0.08636884556920094,0.0020225394788388248,0.2172513394939813,1.0,-0.001020667266649511
2024-10-09,2024-09-29,10,1.0,0.17314011136841334,0.0,0.0,0.17314011136841334,-0.05403583501622408,0.0019111861349489785,0.23387932346443527,1.0,-0.02452474232426416
2024-10-10,2024-09-29,11,1.0,0.17314011136841334,0.0,0.0,0.17314011136841334,-0.039680723199783885,0.0019111597004763793,0.2345600384650381,1.0,-0.005106370767738344
2024-10-11,2024-09-29,12,1.0,0.17314011136841334,0.05198979781244298,0.30027587138267076,0.12115031355597036,0.10418004844131389,0.001924099858149487,0.23386212708085136,1.0,0.036693891346722296
2024-10-12,2024-09-29,13,1.0,0.17314011136841334,0.06485357217491755,0.3745727761311181,0.10828653919349579,0.12995897111858493,0.0019377405544403128,0.23386212708085136,1.0,0.010652702270546932
2024-10-13,2024-09-29,14,1.0,0.17314011136841334,0.07441722913054268,0.4298092945787426,0.09872288223787067,0.1491217023758396,0.0019262395089233238,0.23460085973836955,1.0,-0.005319096759781039
2024-10-14,2024-09-29,15,1.0,0.17314011136841334,0.17270316076951409,0.9974763179055055,0.00043695059889925503,0.34661681356876456,0.0034923061500484196,0.2327719386161861,1.0,0.051120868102157546
2024-10-15,2024-09-29,16,1.0,0.17314011136841334,0.2002223823467065,1.1564182370234624,-0.02708227097829316,0.4017486045577254,0.0032454123039151756,0.22724475804417313,1.0,0.014983205463229288
2024-10-16,2024-09-29,17,1.0,0.17314011136841334,0.20376195922395945,1.1768616620003665,-0.030621847855546114,0.4104518795990021,0.007133506500064461,0.22059376972421885,1.0,0.008138307848598592
2024-10-17,2024-09-29,18,1.0,0.17314011136841334,0.18588729712021718,1.0736235275064594,-0.012747185751803836,0.40073807316586707,0.07227533609826144,0.22083133206130834,1.0,-0.0029315286998625734
2024-10-18,2024-09-29,19,1.0,0.17314011136841334,0.18571119324502824,1.072606409787191,-0.012571081876614904,0.44505353553049304,0.16544335268041407,0.22083133206130834,1.0,0.014924257413553965
2024-10-19,2024-09-29,20,1.0,0.17314011136841334,0.19463670287746415,1.1241572004265934,-0.02149659150905081,0.4697135228698704,0.1712535688209838,0.2208460503120792,1.0,-0.000730695037119311
2024-10-20,2024-09-29,21,1.0,0.17314011136841334,0.23953753254865015,1.383489537204664,-0.06639742118023681,0.5186923158776815,0.07637909714036288,0.2208460503120792,1.0,0.00956433355757702
2024-10-21,2024-09-29,22,1.0,0.17314011136841334,0.24699083891063806,1.4265373688312044,-0.07385072754222471,0.4959782751856303,0.004025574232272424,0.23650154931390877,1.0,-0.023967004283086846
2024-10-22,2024-09-29,23,1.0,0.17314011136841334,0.23927475495617842,1.3819718207702985,-0.06613464358776508,0.4794906196708746,0.0019627281951077645,0.23650154931390877,1.0,0.0007198248673518926
2024-10-23,2024-09-29,24,1.0,0.17314011136841334,0.1930655083759403,1.115082500814205,-0.019925397007526963,0.3868688945691361,0.0019073071720518947,0.23940168598378989,1.0,-0.011232313944175898
2024-10-24,2024-09-29,25,1.0,0.17314011136841334,0.21940690462992885,1.2672216905478793,-0.046266793261515504,0.4396498361125965,0.0019015743531966436,0.23940168598378989,1.0,0.022943767422919148
2024-10-25,2024-09-29,26,1.0,0.17314011136841334,0.15724558298485286,0.9081984627482446,0.01589452838356048,0.3151199500939039,0.001995380248095584,0.24419750732100923,1.0,-0.02199395644582236
2024-10-26,2024-09-29,27,1.0,0.17314011136841334,0.2148466312389859,1.240883060204507,-0.041706519870572556,0.4305186791023979,0.001917260886675247,0.24419750732100923,1.0,0.005913641316056761
2024-10-27,2024-09-29,28,1.0,0.17314011136841334,0.2331638328410429,1.3466771564268494,-0.06002372147262955,0.46721672675130016,0.0019028879282561289,0.24419750732100923,1.0,0.013845607186230069
2024-10-28,2024-09-29,29,1.0,0.17314011136841334,0.2580852870512826,1.4906152307024918,-0.08494517568286925,0.5171571130970175,0.0019076195018268723,0.24419750732100923,1.0,0.028527808037729363
2024-10-29,2024-10-29,0,1.0,0.23852987415769056,0.23852987415769056,1.0,0.0,0.5947651723043779,0.19790234780048563,0.24381936390649073,1.0,0.03965297837218107
2024-10-30,2024-10-29,1,1.0,0.23852987415769056,0.21791311959384355,0.9135674110563718,0.020616754563847012,0.5446535944889147,0.19981022140016846,0.21131612956320697,1.0,-0.00538492271134583
2024-10-31,2024-10-29,2,1.0,0.23852987415769056,0.22355308702379745,0.9372121115362176,0.01497678713389311,0.5586967089514544,0.19973365354753805,0.18612999529890323,1.0,-0.028374281253896405
2024-11-01,2024-10-29,3,1.0,0.23852987415769056,0.21011991499972402,0.8808955932321295,0.02840995915796654,0.5251175834492777,0.19972241790292297,0.19010956113479144,1.0,-0.011324188908526045
2024-11-02,2024-10-29,4,1.0,0.23852987415769056,0.21564051834530765,0.9040398780521265,0.02288935581238291,0.5390099167071037,0.19986437480523758,0.1902071435613901,1.0,-0.0017449922664622974
2024-11-03,2024-10-29,5,1.0,0.23852987415769056,0.17417876617543257,0.7302178261339463,0.06435110798225799,0.43538755106213833,0.19989092131587452,0.19259521393340143,1.0,-0.008630662976178316
2024-11-04,2024-10-29,6,1.0,0.23852987415769056,0.16319461123754742,0.6841684372401107,0.07533526292014314,0.4079298192546314,0.1998887870676563,0.1983077794598596,1.0,-0.01346371022794457
2024-11-05,2024-10-29,7,1.0,0.23852987415769056,0.18752236558657615,0.7861588249638128,0.05100750857111441,0.4687361626490046,0.19988095423738314,0.1983077794598596,1.0,0.022431831623900944
2024-11-06,2024-10-29,8,1.0,0.23852987415769056,0.24095733148560855,1.0101767434225586,-0.0024274573279179923,0.6022304855430113,0.19978367993660998,0.19550112530364044,1.0,0.0893729329739763
2024-11-07,2024-10-29,9,1.0,0.23852987415769056,0.24340472951511435,1.0204370851854014,-0.004874855357423796,0.6081073281238325,0.1994678627995471,0.19546867339596796,1.0,0.0037831476979763856
2024-11-08,2024-10-29,10,1.0,0.23852987415769056,0.24343845698645672,1.020578482448371,-0.0049085828287661615,0.6077392882451241,0.19887207657942685,0.1752330130053318,1.0,0.008593568843003663
2024-11-09,2024-10-29,11,1.0,0.23852987415769056,0.24665968744368075,1.0340829982604847,-0.00812981328599019,0.6165430150379586,0.19986219476188635,0.17432078231349404,1.0,0.0021916152418686163
2024-11-10,2024-10-29,12,1.0,0.23852987415769056,0.2833388689522369,1.187854854461221,-0.044808994794546364,0.7082267723378223,0.19986399831525994,0.17432078231349404,1.0,0.04815691599591321
2024-11-11,2024-10-29,13,1.0,0.23852987415769056,0.3287714968829228,1.3783241954237315,-0.09024162272523223,0.8218180822403142,0.19989227789518466,0.17432078231349404,1.0,0.10299836966550102
2024-11-12,2024-10-29,14,1.0,0.23852987415769056,0.30881029642678137,1.2946399167704623,-0.07028042226909081,0.7719218091956717,0.19989228766950884,0.17549227382178575,1.0,-0.00785105223479976
2024-11-13,2024-10-29,15,1.0,0.23852987415769056,0.3207642236199952,1.3447549274601136,-0.08223434946230462,0.8018026043116073,0.19989228796434425,0.17549227382178575,1.0,0.027551274837266382
2024-11-14,2024-10-29,16,1.0,0.23852987415769056,0.32592195399568646,1.3663779228769541,-0.0873920798379959,0.8146942381879101,0.199891348880481,0.2124464588982547,1.0,-0.03374388106471693
2024-11-15,2024-10-29,17,1.0,0.23852987415769056,0.32873370081996867,1.3781657412129642,-0.09020382666227811,0.817570669697429,0.19582804764356762,0.2124464588982547,1.0,0.04244437398018164
2024-11-16,2024-10-29,18,1.0,0.23852987415769056,0.4051682116548213,1.6986057326595796,-0.16663833749713075,0.8112368124688203,0.0011098968209264288,0.21288728404904647,1.0,-0.004890034907478302
2024-11-17,2024-10-29,19,1.0,0.23852987415769056,0.4022325724752282,1.686298514580672,-0.16370269831753764,0.80507016080443,0.000751506990855378,0.21475464383938983,1.0,-0.008068824947354392
2024-11-18,2024-10-29,20,1.0,0.23852987415769056,0.398010528605179,1.6685982416695395,-0.15948065444748843,0.7966197190597684,0.0007515026744717821,0.21473950808388653,1.0,0.006767384122082332
2024-11-19,2024-10-29,21,1.0,0.23852987415769056,0.40200430038140844,1.6853415187551979,-0.16347442622371788,0.8046132694839849,0.0007515022981858404,0.21473950808388653,1.0,0.020413737695668788
2024-11-20,2024-10-29,22,1.0,0.23852987415769056,0.41052864783846543,1.7210785411602891,-0.17199877368077487,0.8216747895657273,0.0007515064313008939,0.1973652741560069,1.0,0.02140345673566446
2024-11-21,2024-10-29,23,1.0,0.23852987415769056,0.4277395967611425,1.7932328110749205,-0.18920972260345192,0.8561225662348445,0.0007514960333179808,0.1973652741560069,1.0,0.04274798019993509
2024-11-22,2024-10-29,24,1.0,0.23852987415769056,0.4306850041492013,1.8055809808731893,-0.19215512999151074,0.8620178098882232,0.0007514944382699116,0.1933924104476901,1.0,0.0058472013826280644
2024-11-23,2024-10-29,25,1.0,0.23852987415769056,0.417735013239903,1.7512901254613544,-0.17920513908221242,0.8360983499021443,0.0007514946326731168,0.19817715677138067,1.0,-0.012332645714516866
2024-11-24,2024-10-29,26,1.0,0.23852987415769056,0.422403316184929,1.7708612712623195,-0.18387344202723843,0.8454419774747179,0.000751494628593829,0.1823640500610863,1.0,0.002330648166728677
2024-11-25,2024-10-29,27,1.0,0.23852987415769056,0.39347573048758516,1.6495867944300382,-0.1549458563298946,0.7875432969156102,0.0007514963847166313,0.25534385347163496,1.0,-0.04994921350389636
2024-11-26,2024-10-29,28,1.0,0.23852987415769056,0.3801845760115427,1.5938656629659946,-0.14165470185385215,0.760940995782141,0.0007514955328012037,0.2583666119612698,1.0,-0.011233737099909935
2024-11-27,2024-10-29,29,1.0,0.23852987415769056,0.4089185444189304,1.7143284289354757,-0.17038867026123983,0.8184521533840309,0.0007514972544540133,0.2583666119612698,1.0,0.04238507278190995
2024-11-28,2024-11-28,0,1.0,0.42282285492351024,0.42282285492351024,1.0,0.0,0.8475486658677304,0.002245246907163307,0.2584898929068898,1.0,-0.002285863665387078
2024-11-29,2024-11-28,1,1.0,0.42282285492351024,0.42985018018458215,1.0166200222604882,-0.007027325261071915,0.8616349391969714,0.0022452418533654792,0.25780285857923385,1.0,0.018987290156683212
2024-11-30,2024-11-28,2,1.0,0.42282285492351024,0.42352356079059067,1.0016572090626634,-0.0007007058670804311,0.8489532273653253,0.0022452424028817836,0.24044676320572655,1.0,-0.010794274574184248
2024-12-01,2024-11-28,3,1.0,0.42282285492351024,0.4167408936574713,0.9856158171318833,0.006081961266038938,0.8353573669576905,0.002245242236359987,0.2371425151021232,1.0,0.008061468764155144
2024-12-02,2024-11-28,4,1.0,0.42282285492351024,0.410542292868503,0.9709557751857364,0.012280562055007216,0.8229322683652182,0.002245242651479192,0.24199357732628388,1.0,-0.01383503122595442
2024-12-03,2024-11-28,5,1.0,0.42282285492351024,0.40184216910862036,0.9503794897305508,0.020980685814889877,0.8054928792909526,0.0022452601633224855,0.240097339633122,1.0,9.463628261174861e-05
2024-12-04,2024-11-28,6,1.0,0.42282285492351024,0.42618852659185874,1.007960004122666,-0.003365671668348502,0.8542951658970384,0.002245257599353003,0.23539583225910607,1.0,0.028561699051921963
2024-12-05,2024-11-28,7,1.0,0.42282285492351024,0.40967284622566735,0.968899484631166,0.013150008697842885,0.8211894938972409,0.002245281338361825,0.242573679586189,1.0,-0.016652141472148774
2024-12-06,2024-11-28,8,1.0,0.42282285492351024,0.4228620596009364,1.000092721282612,-3.920467742618561e-05,0.8476272798826037,0.002245280120048138,0.242573679586189,1.0,0.028832759145512643
2024-12-07,2024-11-28,9,1.0,0.42282285492351024,0.42873933854848134,1.0139928188745648,-0.005916483624971103,0.8594082894837963,0.0022452801659530583,0.242573679586189,1.0,0.0009138683812970338
2024-12-08,2024-11-28,10,1.0,0.42282285492351024,0.4413083828819274,1.0437193206165765,-0.01848552795841718,0.8846029272942384,0.0022452576959684258,0.242573679586189,1.0,0.012797501081567075
2024-12-09,2024-11-28,11,1.0,0.42282285492351024,0.41549888710937055,0.9826784013000797,0.007323967814139687,0.8328677804337089,0.002245261803733148,0.2775154160764721,1.0,-0.0379105483466009
2024-12-10,2024-11-28,12,1.0,0.42282285492351024,0.3912013417523978,0.9252133303512345,0.03162151317111245,0.7841633328178741,0.0022452584039497005,0.2786030630111095,1.0,-0.007026056763778543
2024-12-11,2024-11-28,13,1.0,0.42282285492351024,0.4068218453940674,0.9621567061876599,0.016001009529442833,0.8154748435170621,0.0022455048656433853,0.2786030630111095,1.0,0.04691851376393741
2024-12-12,2024-11-28,14,1.0,0.42282285492351024,0.3941804138255626,0.9322590045348208,0.028642441097947613,0.7901352560951271,0.0022457274628792214,0.2799550615128586,1.0,-0.011082422744128628
2024-12-13,2024-11-28,15,1.0,0.42282285492351024,0.41861763381113637,0.9900544138912865,0.004205221112373869,0.8391195828098162,0.0022455860000714445,0.2799550615128586,1.0,0.014198990863292016
2024-12-14,2024-11-28,16,1.0,0.42282285492351024,0.4120961874665202,0.9746308239205033,0.010726667456990024,0.8260475814192257,0.0022458833218757563,0.2530590802628401,1.0,-4.19031937628489e-05
2024-12-15,2024-11-28,17,1.0,0.42282285492351024,0.45498728811826283,1.076070706254919,-0.032164433194752595,0.912022564486594,0.0022455455926370053,0.2530590802628401,1.0,0.030013705383553635
2024-12-16,2024-11-28,18,1.0,0.42282285492351024,0.4615787939815053,1.0916599909553284,-0.03875593905799507,0.9252351154994585,0.002245404980469621,0.25248076028337846,1.0,0.01526526030644626
2024-12-17,2024-11-28,19,1.0,0.42282285492351024,0.45442298162014827,1.0747360894253328,-0.03160012669663803,0.9108912654537322,0.0022453856909220725,0.2508943462345635,1.0,0.0007079101319968917
2024-12-18,2024-11-28,20,1.0,0.42282285492351024,0.40584926463775345,0.9598564976133389,0.01697359028575679,0.8135251661755992,0.0022453354561597404,0.3211892387705013,1.0,-0.0558703575319216
2024-12-19,2024-11-28,21,1.0,0.42282285492351024,0.3650589058946514,0.8633849888759951,0.05776394902885884,0.7317608658402307,0.0022453428812995507,0.33545439803052485,1.0,-0.027365671293993032
2024-12-20,2024-11-28,22,1.0,0.42282285492351024,0.3842508005182473,0.9087749066633573,0.03857205440526296,0.7702310714447725,0.002245391639464582,0.33545439803052485,1.0,0.0035252764517319513
2024-12-21,2024-11-28,23,1.0,0.42282285492351024,0.369332962138205,0.8734933739686761,0.05348989278530525,0.7403283608452209,0.0022455394886032507,0.33595643821385457,1.0,-0.005249707991702657
2024-12-22,2024-11-28,24,1.0,0.42282285492351024,0.35877325543526184,0.8485190695289281,0.0640495994882484,0.7191623628622789,0.0022468528321255535,0.34451681872042517,1.0,-0.02164330280426996
2024-12-23,2024-11-28,25,1.0,0.42282285492351024,0.3541186826425068,0.8375107412454509,0.06870417228100345,0.7098325652680364,0.002247290503529486,0.3419699278299963,1.0,-0.003202142493870186
2024-12-24,2024-11-28,26,1.0,0.42282285492351024,0.3776980324671738,0.8932772390827841,0.04512482245633642,0.7570961775263234,0.0022455701698700153,0.3419699278299963,1.0,0.03986141867321402
2024-12-25,2024-11-28,27,1.0,0.42282285492351024,0.39766136370921623,0.9404916481658832,0.025161491214294007,0.7971130385832108,0.002245994078782685,0.29154689981029036,1.0,0.0077639591022340415
2024-12-26,2024-11-28,28,1.0,0.42282285492351024,0.35200769365525186,0.8325181327270754,0.07081516126825838,0.7056007756129564,0.0022468630382038754,0.3167827668756408,1.0,-0.03658870195595676
2024-12-27,2024-11-28,29,1.0,0.42282285492351024,0.3399010181458332,0.8038851594418238,0.08292183677767706,0.6813349521819005,0.002249871205528588,0.3214838219268614,1.0,-0.01558142885179914
2024-12-28,2024-12-28,0,1.0,0.33626596094676253,0.33626596094676253,1.0,0.0,0.6732238936779691,0.0010278479283668404,0.3213847059242738,1.0,0.01061484937862045
2024-12-29,2024-12-28,1,1.0,0.33626596094676253,0.33416087362606167,0.9937398144172133,0.0021050873207008602,0.6690089978796523,0.001027266643209737,0.32651210607237396,1.0,-0.01638824763903468
2024-12-30,2024-12-28,2,1.0,0.33626596094676253,0.3329141225595316,0.9900321805460364,0.00335183838723091,0.6665201802146566,0.0010381307515258346,0.3262349560254575,1.0,-0.010093537106537043
2024-12-31,2024-12-28,3,1.0,0.33626596094676253,0.3128464613884309,0.930354236591793,0.023419499558331613,0.6263383057484024,0.0010304063564649467,0.3262349560254575,1.0,0.008448460832582105
2025-01-01,2024-12-28,4,1.0,0.33626596094676253,0.3319210628608575,0.9870789833330976,0.004344898085905047,0.6645249163579527,0.0010274868848859412,0.3225954359686456,1.0,0.010855240659998211
2025-01-02,2024-12-28,5,1.0,0.33626596094676253,0.34853699084585577,1.0364920370308786,-0.012271029899093233,0.6977921260851478,0.001029166662377554,0.3225954359686456,1.0,0.025298178626284695
2025-01-03,2024-12-28,6,1.0,0.33626596094676253,0.36431327043024103,1.0834081136387128,-0.0280473094834785,0.7293819477164993,0.0010356807683302416,0.3225954359686456,1.0,0.012263675572221189
2025-01-04,2024-12-28,7,1.0,0.33626596094676253,0.3417063342263111,1.0161787808204883,-0.005440373279548549,0.6841285289995906,0.0010463831233808315,0.3172333890446821,1.0,0.0004718144831972193
2025-01-05,2024-12-28,8,1.0,0.33626596094676253,0.3322822730776843,0.9881531634725618,0.003983687869078212,0.6652636013613462,0.0010507943085222354,0.3172333890446821,1.0,0.0014570278098766654
2025-01-06,2024-12-28,9,1.0,0.33626596094676253,0.3638868073641997,1.082139882192269,-0.027620846417437173,0.7285288402084451,0.0010366445888808729,0.3172333890446821,1.0,0.039364049367443865
2025-01-07,2024-12-28,10,1.0,0.33626596094676253,0.34439940036279376,1.0241875192872076,-0.00813343941603123,0.6895089260768362,0.001029900157042468,0.36723419452226946,1.0,-0.05165509861535522
2025-01-08,2024-12-28,11,1.0,0.33626596094676253,0.3368451075427948,1.0017222873061598,-0.0005791465960322539,0.6743836390698938,0.0010282336998279945,0.34845867396797614,1.0,-0.01953491432743626
2025-01-09,2024-12-28,12,1.0,0.33626596094676253,0.29408520921654097,0.8745613394485099,0.042180751730221566,0.5887772736985375,0.0010307042961144575,0.3598850828817101,1.0,-0.026384429891623817
2025-01-10,2024-12-28,13,1.0,0.33626596094676253,0.27441565583184546,0.8160673029741801,0.06185030511491707,0.5494004167494092,0.0010358657699705283,0.3598850828817101,1.0,0.02348526765730452
2025-01-11,2024-12-28,14,1.0,0.33626596094676253,0.29214992420322733,0.8688061181710877,0.0441160367435352,0.5849046612881894,0.0010340366930957912,0.35780976435492695,1.0,-0.0013314174940783907
2025-01-12,2024-12-28,15,1.0,0.33626596094676253,0.2731139668827817,0.812196292820792,0.06315199406398081,0.5467928137769829,0.0010330787040112124,0.3578154999066278,1.0,-0.0005806554525006336
2025-01-13,2024-12-28,16,1.0,0.33626596094676253,0.26758656505090034,0.7957587033118244,0.0686793958958622,0.5357245601926409,0.0010293164282816495,0.35781562276119017,1.0,-9.476962625010188e-05
2025-01-14,2024-12-28,17,1.0,0.33626596094676253,0.27322022871410107,0.812512298137001,0.06304573223266147,0.5470044569305301,0.001031069299677888,0.35781562276119017,1.0,0.021417849900725594
2025-01-15,2024-12-28,18,1.0,0.33626596094676253,0.3470143038052818,1.0319638146788843,-0.010748342858519278,0.6947439359007511,0.001029628692275121,0.35781562276119017,1.0,0.04076693186038316
2025-01-16,2024-12-28,19,1.0,0.33626596094676253,0.35622118922394147,1.0593435869066101,-0.019955228277178938,0.7131752312945879,0.0010275915575119925,0.358255509186131,1.0,-0.005075258203325772
2025-01-17,2024-12-28,20,1.0,0.33626596094676253,0.39100622981977246,1.1627886114874302,-0.05474026887300992,0.7828161339757082,0.0010266450846913803,0.29687110962959823,1.0,0.04090699518838892
2025-01-18,2024-12-28,21,1.0,0.33626596094676253,0.39559606681925286,1.176438036444264,-0.059330105872490324,0.7920051001613904,0.0010264662724001877,0.28065161620176227,1.0,0.0045999384304846735
2025-01-19,2024-12-28,22,1.0,0.33626596094676253,0.351184455529998,1.044365164232598,-0.014918494583235464,0.7030906904736118,0.0010265808143890651,0.3011734807187065,1.0,-0.030841395103859304
2025-01-20,2024-12-28,23,1.0,0.33626596094676253,0.33208348505037083,0.9875620003742993,0.004182475896391702,0.6648494813142071,0.001026565008543349,0.30061335677062556,1.0,0.009162396279856155
2025-01-21,2024-12-28,24,1.0,0.33626596094676253,0.3670893974056341,1.091663861462777,-0.03082343645887159,0.7349331672409392,0.0010264503811999639,0.29076327186390055,1.0,0.03797975376689289
2025-01-22,2024-12-28,25,1.0,0.33626596094676253,0.3345856118438153,0.9950029164468025,0.0016803491029472317,0.6698588278019697,0.0010264910840921263,0.30163369394121226,1.0,-0.022960922265658046
2025-01-23,2024-12-28,26,1.0,0.33626596094676253,0.33323746291878736,0.9909937419194962,0.0030284980279751683,0.6671598342952997,0.0010266032553478371,0.30163369394121226,1.0,0.0019640011547956693
2025-01-24,2024-12-28,27,1.0,0.33626596094676253,0.3737289302873687,1.1114087469190415,-0.03746296934060617,0.7482258858931081,0.0010264618383978906,0.30163369394121226,1.0,0.009240273874573157
2025-01-25,2024-12-28,28,1.0,0.33626596094676253,0.37484611857712946,1.1147310822711398,-0.03858015763036693,0.7504625778947683,0.001026487879875911,0.2722044641093348,1.0,-0.0011790732379457491
2025-01-26,2024-12-28,29,1.0,0.33626596094676253,0.3054939239461065,0.9084889921239223,0.030772037000656005,0.6116157289614509,0.0010265940516344036,0.2760699051766618,1.0,-0.020304667873067395
2025-01-27,2025-01-27,0,1.0,0.33623632151497035,0.33623632151497035,1.0,0.0,0.6736845463456318,0.0017989180875009596,0.2766761997910557,1.0,-0.0052345546677060595
2025-01-28,2025-01-27,1,1.0,0.33623632151497035,0.3281432208803304,0.9759303200850666,0.008093100634639971,0.6574691753605216,0.0017989187085650322,0.2718170876907788,1.0,-0.0073206238502596666
2025-01-29,2025-01-27,2,1.0,0.33623632151497035,0.3740819287848281,1.1125565706266887,-0.03784560726985775,0.7495121331587299,0.0017988709314038652,0.26950392805585627,1.0,0.023661199942527578
2025-01-30,2025-01-27,3,1.0,0.33623632151497035,0.3701761884490671,1.1009405134495132,-0.03393986693409673,0.741686607177454,0.0017989138086198133,0.26950392805585627,1.0,0.00954081835292131
2025-01-31,2025-01-27,4,1.0,0.33623632151497035,0.3500687017393039,1.0411388637670356,-0.01383238022433353,0.7013997200463444,0.0017997106808842532,0.280352913837395,1.0,-0.021899499765762886
2025-02-01,2025-01-27,5,1.0,0.33623632151497035,0.32513880571872805,0.9669948929186456,0.011097515796242297,0.6514496889633904,0.0017991834915130932,0.28704705920369666,1.0,-0.01751359666096397
2025-02-02,2025-01-27,6,1.0,0.33623632151497035,0.2619823832053062,0.7791614600852749,0.07425393830966415,0.5249094781086567,0.0017997611730089667,0.3050495361785517,1.0,-0.029165211334154395
2025-02-03,2025-01-27,7,1.0,0.33623632151497035,0.3146336190548558,0.9357514311280237,0.02160270246011453,0.6304013447664949,0.0017990232194116551,0.3050495361785517,1.0,0.03713314320824468
2025-02-04,2025-01-27,8,1.0,0.33623632151497035,0.20943943134133086,0.6228935363010921,0.1267968901736395,0.41963500562198675,0.0018019062499427662,0.3296456915376161,1.0,-0.03518644109279401
2025-02-05,2025-01-27,9,1.0,0.33623632151497035,0.19355627075743917,0.5756554493736377,0.14268005075753118,0.3878347728788326,0.0018622140521161964,0.33222267147022116,1.0,-0.011770285996367091
2025-02-06,2025-01-27,10,1.0,0.33623632151497035,0.1674355180375518,0.4979697531877056,0.16880080347741855,0.33551075986354784,0.0019067161622608954,0.27595719342994735,1.0,-0.0006011648811647952
2025-02-07,2025-01-27,11,1.0,0.33623632151497035,0.18816116901759947,0.5596098844104858,0.14807515249737088,0.37700904512497657,0.0018214605157549258,0.26724523347827484,1.0,-0.0004924687494659574
2025-02-08,2025-01-27,12,1.0,0.33623632151497035,0.20840986743995585,0.6198315116609934,0.1278264540750145,0.4175879015874566,0.001839532957312087,0.2504523175527395,1.0,-0.0006430634939713631
2025-02-09,2025-01-27,13,1.0,0.33623632151497035,0.17148151794318678,0.5100029561665064,0.16475480357178357,0.34359822720711314,0.0018486455122386516,0.2504523175527395,1.0,0.00018673905907151678
2025-02-10,2025-01-27,14,1.0,0.33623632151497035,0.17248563498050326,0.5129892993217975,0.1637506865344671,0.3456141500446836,0.001860109268078206,0.25040919931411315,1.0,0.010035687350816946
2025-02-11,2025-01-27,15,1.0,0.33623632151497035,0.14243184982646273,0.42360637656488637,0.19380447168850762,0.28539656813745506,0.0018671159502974544,0.2574129624056738,1.0,-0.016961983897908373
2025-02-12,2025-01-27,16,1.0,0.33623632151497035,0.1730453431907393,0.5146539267710695,0.16319097832423105,0.34673702192179623,0.0018640511380506558,0.25741275013457116,1.0,0.021839938524633062
2025-02-13,2025-01-27,17,1.0,0.33623632151497035,0.1328551083086139,0.3951242022575445,0.20338121320635644,0.2661971234748166,0.0018291214091005032,0.2613622190612288,1.0,-0.0128931248485874
2025-02-14,2025-01-27,18,1.0,0.33623632151497035,0.1375186071892427,0.408993908122802,0.19871771432572766,0.27553591692796453,0.0018099366319982684,0.2613622190612288,1.0,0.009236695789816451
2025-02-15,2025-01-27,19,1.0,0.33623632151497035,0.14694170190415398,0.43701912167633455,0.18929461961081637,0.2944161950208243,0.0018096532104107212,0.2607589300146288,1.0,0.0007095349684433927
2025-02-16,2025-01-27,20,1.0,0.33623632151497035,0.16422935523413934,0.4884343086260754,0.172006966280831,0.3290573520970851,0.0018192622805454867,0.26594850731293956,1.0,-0.014876960727340904
2025-02-17,2025-01-27,21,1.0,0.33623632151497035,0.1813423074239129,0.5393299171453104,0.15489401409105744,0.36337141406890006,0.0018900749879681281,0.2662324126001801,1.0,-0.0035177550289164916
2025-02-18,2025-01-27,22,1.0,0.33623632151497035,0.17016508583102927,0.5060877571593733,0.16607123568394108,0.34097613754613926,0.0018944606761325353,0.2428067608676186,1.0,-0.0011302986009604776
2025-02-19,2025-01-27,23,1.0,0.33623632151497035,0.1916881525465739,0.5700994814685401,0.14454816896839645,0.3840801471964414,0.001832539662440887,0.2428067608676186,1.0,0.01016632497746972
2025-02-20,2025-01-27,24,1.0,0.33623632151497035,0.2464129742496373,0.7328565014611789,0.08982334726533306,0.4937413758428635,0.001854062447219813,0.2428067608676186,1.0,0.017182894357943512
2025-02-21,2025-01-27,25,1.0,0.33623632151497035,0.22267666768081468,0.6622623834257608,0.11355965383415567,0.4462481184852702,0.0020051246976190355,0.24122582640986787,1.0,-0.02159625654849706
2025-02-22,2025-01-27,26,1.0,0.33623632151497035,0.2244317113482641,0.6674820564805389,0.11180461016670626,0.4498262931949091,0.0021405384988549183,0.24122582640986787,1.0,0.0038367893861199764
2025-02-23,2025-01-27,27,1.0,0.33623632151497035,0.1777442947394167,0.5286290723695742,0.15849202677555366,0.35653860013248273,0.0029450125547673153,0.24145867796796824,1.0,-0.003034768875022631
2025-02-24,2025-01-27,28,1.0,0.33623632151497035,0.14515396184549403,0.431702206327615,0.19108235966947631,0.2914667345536176,0.00397579114612949,0.2980646564746872,1.0,-0.04888030085811046
2025-02-25,2025-01-27,29,1.0,0.33623632151497035,0.1035612506974426,0.3080013790028086,0.23267507081752775,0.207728158486547,0.0029156234574766213,0.3099780832240185,1.0,-0.0313750916410277
2025-02-26,2025-02-26,0,0.9999999999999989,0.020097776993654816,0.020097776993654816,1.0,0.0,0.040358528549263806,0.00403816907633877,0.3573609799649108,1.0,-0.04995816437454048
2025-02-27,2025-02-26,1,0.9999999999999989,0.020097776993654816,0.040059135175843856,1.9932122437467166,-0.01996135818218904,0.08044064909668933,0.004007659667366939,0.35644078633318566,1.0,0.005442011990729023
2025-02-28,2025-02-26,2,0.9999999999999989,0.020097776993654816,0.05806694121027942,2.8892220880255595,-0.03796916421662461,0.116608396647017,0.004069297238470314,0.35674788066252505,1.0,-0.0042338096093689215
2025-03-01,2025-02-26,3,0.9999999999999989,0.020097776993654816,0.09363443828050291,4.658945032083139,-0.0735366612868481,0.18801781116112232,0.00398331730111836,0.35674788066252505,1.0,0.02032710396711601
2025-03-02,2025-02-26,4,0.9999999999999989,0.020097776993654816,0.22437094211609224,11.16396814368722,-0.20427316512243743,0.45051958442005635,0.003945888812270519,0.3482867515390465,1.0,0.09534090292481712
2025-03-03,2025-02-26,5,0.9999999999999989,0.020097776993654816,0.09578134163905243,4.7657679587793265,-0.0756835646453976,0.19790466256522993,0.003945656059489524,0.46306361947645075,0.9717887155738542,-0.08538654927336375
2025-03-04,2025-02-26,6,0.9999999999999989,0.020097776993654816,0.11069860656641985,5.508002531890424,-0.09060082957276502,0.22296943695579485,0.003945625156661852,0.451407477072957,0.9968820253441892,0.012309933784973248
2025-03-05,2025-02-26,7,0.9999999999999989,0.020097776993654816,0.1535362987601945,7.639466733493378,-0.1334385217665397,0.3092532646764609,0.003945723760416136,0.451407477072957,0.9968820253441892,0.038083806073143656
2025-03-06,2025-02-26,8,0.9999999999999989,0.020097776993654816,0.11355522047662077,5.6501383467670045,-0.09345744348296595,0.22801008470778628,0.003945631421073715,0.4345528558733299,1.0,-0.007440124556858829
2025-03-07,2025-02-26,9,0.9999999999999989,0.020097776993654816,0.05082922312797484,2.529096782396502,-0.030731446134320023,0.10206114928237134,0.003945703426359683,0.4498884254573873,1.0,-0.034805673493573885
2025-03-08,2025-02-26,10,0.9999999999999989,0.020097776993654816,0.0632003179782896,3.1446422158153573,-0.04310254098463478,0.12703939449193222,0.003945854085381131,0.45048944239282124,0.9989135319349073,-0.006673828580645025
2025-03-09,2025-02-26,11,0.9999999999999989,0.020097776993654816,0.0,0.0,0.020097776993654816,-0.023605094219040723,0.003945683869200941,0.5055303851870268,0.8901542087000712,-0.0636502442229373
2025-03-10,2025-02-26,12,0.9999999999999989,0.020097776993654816,0.0,0.0,0.020097776993654816,-0.12658429445578886,0.0039456811986123075,0.5141246212107246,0.8752741678472509,-0.026488223045525672
2025-03-11,2025-02-26,13,0.9999999999999989,0.020097776993654816,0.0,0.0,0.020097776993654816,-0.1157232165856995,0.003945605165896591,0.5141246212107246,0.8752741678472509,0.055182677560879245
2025-03-12,2025-02-26,14,0.9999999999999989,0.020097776993654816,0.0,0.0,0.020097776993654816,-0.11767622716717657,0.003945624744382999,0.5141246212107246,0.8752741678472509,0.009008839546240877
2025-03-13,2025-02-26,15,0.9999999999999989,0.020097776993654816,0.0,0.0,0.020097776993654816,-0.2194440079538918,0.003945714223983164,0.5220624331937628,0.8619658711068052,-0.030644554525017353
2025-03-14,2025-02-26,16,0.9999999999999989,0.020097776993654816,0.0,0.0,0.020097776993654816,-0.0831888472519057,0.003945553292427892,0.5220624331937628,0.8619658711068052,0.03534971863674374
2025-03-15,2025-02-26,17,0.9999999999999989,0.020097776993654816,0.0,0.0,0.020097776993654816,-0.12920274822812322,0.003945594726101528,0.5200964319541382,0.8652241629676873,0.004229893597767154
2025-03-16,2025-02-26,18,0.9999999999999989,0.020097776993654816,0.0,0.0,0.020097776993654816,-0.20487083854685187,0.003946049761342808,0.5252958807993658,0.8566600585468427,-0.020914662400679962
2025-03-17,2025-02-26,19,0.9999999999999989,0.020097776993654816,0.0,0.0,0.020097776993654816,-0.1280341549884792,0.003945579751352611,0.5252958807993658,0.8566600585468427,0.017384295133135996
2025-03-18,2025-02-26,20,0.9999999999999989,0.020097776993654816,0.0,0.0,0.020097776993654816,-0.17190321170003958,0.003945704215550923,0.5254888976790557,0.8563453994699602,-0.015414826063030795
2025-03-19,2025-02-26,21,0.9999999999999989,0.020097776993654816,0.0,0.0,0.020097776993654816,-0.05126885865860312,0.003945523829679848,0.525345117619853,0.8565797699591952,0.04994146771149088
2025-03-20,2025-02-26,22,0.9999999999999989,0.020097776993654816,0.0,0.0,0.020097776993654816,-0.12422298118393083,0.003945815387548312,0.5361075657182093,0.8393837893280741,-0.030197727147636355
2025-03-21,2025-02-26,23,0.9999999999999989,0.020097776993654816,0.0,0.0,0.020097776993654816,-0.18202196186001665,0.003946603849430339,0.5361365923823009,0.839338344731225,-0.0015981308755205204
2025-03-22,2025-02-26,24,0.9999999999999989,0.020097776993654816,0.0,0.0,0.020097776993654816,-0.29019729893537616,0.003945940303361321,0.5362357296219741,0.8391831710229996,-0.0029516419489445944
2025-03-23,2025-02-26,25,0.9999999999999989,0.020097776993654816,0.0,0.0,0.020097776993654816,-0.1434805422390583,0.003945522011240062,0.5308005484713261,0.847776064467102,0.02674015056430301
2025-03-24,2025-02-26,26,0.9999999999999989,0.020097776993654816,0.0,0.0,0.020097776993654816,-0.10882176439721866,0.003945808563688574,0.5308005484713261,0.847776064467102,0.01644538669299811
2025-03-25,2025-02-26,27,0.9999999999999989,0.020097776993654816,0.0,0.0,0.020097776993654816,-0.11496718031105305,0.003946093520510627,0.5307112843097473,0.8479186580426269,-0.0012033395902268929
2025-03-26,2025-02-26,28,0.9999999999999989,0.020097776993654816,0.0,0.0,0.020097776993654816,-0.10154485121588147,0.0039457109868781684,0.5014699101732119,0.897361917177775,-0.005534776464029556
2025-03-27,2025-02-26,29,0.9999999999999989,0.020097776993654816,0.0,0.0,0.020097776993654816,-0.07460987567712188,0.0039459835981326945,0.48898706479287335,0.9202697420853299,0.003714682811951864
2025-03-28,2025-03-28,0,0.9999999939549142,0.0,0.0,,0.0,-0.15225758013007587,0.011151417821982274,0.4692275567024162,0.9590229592704627,-0.0321857767578666
2025-03-29,2025-03-28,1,0.9999999939549142,0.0,0.0,,0.0,-0.15558519744361857,0.011151510759498,0.47505073182665597,0.947267249267607,-0.02103468216171689
2025-03-30,2025-03-28,2,0.9999999939549142,0.0,0.0,,0.0,-0.10390736930980388,0.01115499560073347,0.4749459146716571,0.9474763043516168,-0.0031283069247198814
2025-03-31,2025-03-28,3,0.9999999939549142,0.0,0.0,,0.0,-0.1721500349455998,0.011159104713993855,0.4749459146716571,0.9474763043516168,0.0019422262340362817
2025-04-01,2025-03-28,4,0.9999999939549142,0.0,0.0,,0.0,-0.0443179955028708,0.011226831033817549,0.4749459146716571,0.9474763043516168,0.031596967704788925
2025-04-02,2025-03-28,5,0.9999999939549142,0.0,0.0,,0.0,-0.06327602358415693,0.011830177444144038,0.3751482722710134,1.0,-0.0310251468030025
2025-04-03,2025-03-28,6,0.9999999939549142,0.0,0.0,,0.0,-0.10339026826379574,0.01127072525804383,0.3751482722710134,1.0,0.008444393222235336
2025-04-04,2025-03-28,7,0.9999999939549142,0.0,0.0,,0.0,-0.09015380679933979,0.011237157579005879,0.3751482722710134,1.0,0.00813309540602325
2025-04-05,2025-03-28,8,0.9999999939549142,0.0,0.0,,0.0,-0.10808638315305022,0.011186762606304832,0.3745299106831903,1.0,-0.004194546969735313
2025-04-06,2025-03-28,9,0.9999999939549142,0.0,0.0,,0.0,-0.2987758250285907,0.011169977686280138,0.41645990566346586,1.0,-0.061145713465215135
2025-04-07,2025-03-28,10,0.9999999939549142,0.0,0.0,,0.0,-0.26523446130626205,0.011177519028679092,0.4158044143702502,1.0,0.009348973607038236
2025-04-08,2025-03-28,11,0.9999999939549142,0.0,0.0,,0.0,-0.3520641764216521,0.01115639209571142,0.36948537129682857,1.0,-0.03588559538492875
2025-04-09,2025-03-28,12,0.9999999939549142,0.0,0.0,,0.0,-0.1036931042670999,0.011200511281039795,0.35742306764899384,1.0,0.0824502158081466
2025-04-10,2025-03-28,13,0.9999999939549142,0.0,0.0,,0.0,-0.24404325471332763,0.011155595006144629,0.380114265586426,1.0,-0.036408787630172745
2025-04-11,2025-03-28,14,0.9999999939549142,0.0,0.0,,0.0,-0.09431424269334227,0.011200531129641512,0.380114265586426,1.0,0.047942085713244875
2025-04-12,2025-03-28,15,0.9999999939549142,0.0,0.0,,0.0,-0.0487344490344693,0.011230645491497736,0.3642815206212852,1.0,0.022212595344448305
2025-04-13,2025-03-28,16,0.9999999939549142,0.0,0.0,,0.0,-0.13984404321003754,0.011217102634205318,0.3696218360171293,1.0,-0.017787935537056265
2025-04-14,2025-03-28,17,0.9999999939549142,0.0,0.0,,0.0,-0.12601481573724313,0.011286548069416423,0.3696218360171293,1.0,0.009928127984718316
2025-04-15,2025-03-28,18,0.9999999939549142,0.0,0.0,,0.0,-0.15988005027140154,0.011246343776816898,0.36431968581463825,1.0,-0.011201942320973268
2025-04-16,2025-03-28,19,0.9999999939549142,0.0,0.0,,0.0,-0.15858786512892145,0.011580504431216995,0.36431968581463825,1.0,0.004619459210398746
2025-04-17,2025-03-28,20,0.9999999939549142,0.0,0.0,,0.0,-0.044844244219775314,0.012748415267970097,0.3602674358213667,1.0,0.010919027142326287
2025-04-18,2025-03-28,21,0.9999999939549142,0.0,0.0,,0.0,-0.028468061870088796,0.012801714700649652,0.3607939924609131,1.0,-0.005570707978571843
2025-04-19,2025-03-28,22,0.9999999939549142,0.0,0.0,,0.0,-0.0002504926728543744,0.012825117581857897,0.34457642717824777,1.0,0.007130183016948566
2025-04-20,2025-03-28,23,0.9999999939549142,0.0,0.0,,0.0,-0.026167223636697462,0.012593215147219056,0.34453126200088846,1.0,0.0012016172171542827
2025-04-21,2025-03-28,24,0.9999999939549142,0.0,0.0,,0.0,0.0328332225501676,0.015375378948235907,0.34437694241052147,1.0,0.02743614523914495
2025-04-22,2025-03-28,25,0.9999999939549142,0.0,0.0,,0.0,0.2777075182957667,0.07917411478774883,0.34437694241052147,1.0,0.0677218385664009
2025-04-23,2025-03-28,26,0.9999999939549142,0.0,0.0,,0.0,0.2458743226336962,0.10371480126020673,0.34437694241052147,1.0,0.0026549878166355345
2025-04-24,2025-03-28,27,0.9999999939549142,0.0,0.0,,0.0,0.2623169566706616,0.10436301140351467,0.34435133162057535,1.0,0.0030887678955136
2025-04-25,2025-03-28,28,0.9999999939549142,0.0,0.0,,0.0,0.3706502090301864,0.10436408796571901,0.343806712512533,1.0,0.007003689170739236
2025-04-26,2025-03-28,29,0.9999999939549142,0.0,0.0,,0.0,0.44676890591079504,0.10437403180956321,0.34380693787484506,1.0,-0.0001128502637609552
2025-04-27,2025-04-27,0,0.9999999999988988,0.21452879563932914,0.21452879563932914,1.0,0.0,0.4589638334401873,0.06516034594134623,0.32594538257957445,1.0,-0.009285835059390402
2025-04-28,2025-04-27,1,0.9999999999988988,0.21452879563932914,0.23942210478762607,1.1160371458484677,-0.024893309148296933,0.5122146079369443,0.06514925159221575,0.31739832164777265,1.0,0.013460153835815225
2025-04-29,2025-04-27,2,0.9999999999988988,0.21452879563932914,0.235793891746262,1.0991246701570274,-0.021265096106932863,0.5044626330924298,0.06516805694482884,0.3184263815510072,1.0,-0.007939697201950202
2025-04-30,2025-04-27,3,0.9999999999988988,0.21452879563932914,0.22590101977546626,1.0530102455581598,-0.011372224136137116,0.4832979354392515,0.06516869528874256,0.3184418655788167,1.0,-0.0008998818334843284
2025-05-01,2025-04-27,4,0.9999999999988988,0.21452879563932914,0.20797894916385415,0.9694686838848117,0.006549846475474991,0.44495518028702225,0.06516899508981776,0.3184418655788167,1.0,0.024613579407891883
2025-05-02,2025-04-27,5,0.9999999999988988,0.21452879563932914,0.24281875644703604,1.1318702262015616,-0.028289960807706904,0.5194923040974836,0.06516899468265956,0.2988646937048694,1.0,0.004116803508263045
2025-05-03,2025-04-27,6,0.9999999999988988,0.21452879563932914,0.22532180416593678,1.0503103021412243,-0.01079300852660764,0.48205890250521655,0.06516899493003978,0.3011840900844088,1.0,-0.010638357164841517
2025-05-04,2025-04-27,7,0.9999999999988988,0.21452879563932914,0.1881436507974187,0.8770088427370386,0.02638514484191043,0.4025190653071228,0.06516899688284447,0.306704383210273,1.0,-0.016470466975503584
2025-05-05,2025-04-27,8,0.9999999999988988,0.21452879563932914,0.19955998079939136,0.9302246824472753,0.014968814839937783,0.4269434376847793,0.06516899811571586,0.3063537403967893,1.0,0.0048374152847727725
2025-05-06,2025-04-27,9,0.9999999999988988,0.21452879563932914,0.22214503261770005,1.0355021662974118,-0.0076162369783709105,0.47526244069206824,0.06516899465391533,0.21311354467485538,1.0,0.022170995574119168
2025-05-07,2025-04-27,10,0.9999999999988988,0.21452879563932914,0.2479453183952596,1.1557670738622479,-0.03341652275593046,0.5304601943584186,0.0651689946494678,0.21311354467485538,1.0,0.0020290389679165077
2025-05-08,2025-04-27,11,0.9999999999988988,0.21452879563932914,0.3292159368907889,1.534600219563412,-0.11468714125145973,0.7043325157300496,0.0651689946486359,0.17078661982434548,1.0,0.06421795208723036
2025-05-09,2025-04-27,12,0.9999999999988988,0.21452879563932914,0.34340254379388196,1.600729369549151,-0.12887374815455283,0.7346836846471738,0.06516899457540455,0.1710673569436858,1.0,-0.002804624371499198
2025-05-10,2025-04-27,13,0.9999999999988988,0.21452879563932914,0.3375480826276195,1.5734395078370425,-0.12301928698829034,0.7221585020983644,0.06516898534930647,0.11193049181080048,1.0,0.017845046988020696
2025-05-11,2025-04-27,14,0.9999999999988988,0.21452879563932914,0.32707032010752546,1.5245986867767802,-0.11254152446819632,0.6997421311993963,0.06516899433535896,0.1142873778063794,1.0,-0.006597968715249425
2025-05-12,2025-04-27,15,0.9999999999988988,0.21452879563932914,0.3178940049212073,1.481824404848933,-0.10336520928187815,0.6801099406357332,0.06516877367192811,0.12272921573087225,1.0,-0.01274208110028996
2025-05-13,2025-04-27,16,0.9999999999988988,0.21452879563932914,0.3240585635079549,1.5105597481317603,-0.10952976786862578,0.6932982364528744,0.06516836054296762,0.10556128551413711,1.0,0.012767615008738131
2025-05-14,2025-04-27,17,0.9999999999988988,0.21452879563932914,0.3085170769293116,1.4381149906234394,-0.09398828128998243,0.6600488037839929,0.06516889308604314,0.1074435829365931,1.0,-0.005724099004339123
2025-05-15,2025-04-27,18,0.9999999999988988,0.21452879563932914,0.29316103898429086,1.3665346794616797,-0.07863224334496172,0.6271957974287453,0.06516899447944281,0.10000063924542381,1.0,0.0024721803627976158
2025-05-16,2025-04-27,19,0.9999999999988988,0.21452879563932914,0.2870480348180943,1.338039650866666,-0.07251923917876518,0.6141174888256855,0.06516899439881732,0.10050867543130691,1.0,-0.002889353127408567
2025-05-17,2025-04-27,20,0.9999999999988988,0.21452879563932914,0.2691069702850801,1.2544095513289932,-0.05457817464575099,0.5757339427675692,0.0651689945828957,0.10115179925901258,1.0,-0.00325959102643536
2025-05-18,2025-04-27,21,0.9999999999988988,0.21452879563932914,0.28479438082735575,1.3275345157214176,-0.07026558518802661,0.6092959672851463,0.06516899464698434,0.09925727585800828,1.0,0.0322672170578604
2025-05-19,2025-04-27,22,0.9999999999988988,0.21452879563932914,0.30001647161153755,1.398490448414824,-0.08548767597220841,0.6418624754489062,0.06516899464573976,0.10339888209301368,1.0,-0.008271345834351629
2025-05-20,2025-04-27,23,0.9999999999988988,0.21452879563932914,0.30666775237770677,1.429494588191712,-0.09213895673837763,0.6560923859433614,0.06516899464771254,0.10339888209301368,1.0,0.012088706907607882
2025-05-21,2025-04-27,24,0.9999999999988988,0.21452879563932914,0.30773691102816425,1.4344783417585525,-0.09320811538883511,0.6583797697478609,0.06516899464873299,0.10339888209301368,1.0,0.02614880918566298
2025-05-22,2025-04-27,25,0.9999999999988988,0.21452879563932914,0.32835760417518345,1.530599205559453,-0.11382880853585431,0.7024961780158996,0.06516899464824777,0.10339888209301368,1.0,0.018717122570968137
2025-05-23,2025-04-27,26,0.9999999999988988,0.21452879563932914,0.2881612498450111,1.3432287678968495,-0.07363245420568199,0.6164991280676118,0.06516899464808872,0.173614592490044,1.0,-0.03919479452346686
2025-05-24,2025-04-27,27,0.9999999999988988,0.21452879563932914,0.28919637575921714,1.348053881985246,-0.074667580119888,0.618713701414954,0.06516899464858875,0.173614592490044,1.0,0.004133591381898505
2025-05-25,2025-04-27,28,0.9999999999988988,0.21452879563932914,0.29977808289164243,1.3973792282675022,-0.08524928725231329,0.6413524608735328,0.06516899464815436,0.173614592490044,1.0,0.011528006509906819
2025-05-26,2025-04-27,29,0.9999999999988988,0.21452879563932914,0.3089781272964326,1.4402641210734892,-0.09444933165710345,0.6610352577689742,0.06516899464864055,0.17361414620727758,1.0,0.003950306864350717
2025-05-27,2025-05-27,0,0.9999999999999979,0.31986547394853504,0.31986547394853504,1.0,0.0,0.6699828260484257,0.04515321434398834,0.17127362569264498,1.0,-0.004538044985511469
2025-05-28,2025-05-27,1,0.9999999999999979,0.31986547394853504,0.30004588399501336,0.9380377328354277,0.019819589953521677,0.6284691711796564,0.04515321433566004,0.17527206231245313,1.0,-0.010615103962183348
2025-05-29,2025-05-27,2,0.9999999999999979,0.31986547394853504,0.26263440104261004,0.8210776793148571,0.057231072905924996,0.5501079439861076,0.045153214332630795,0.18730687670420856,1.0,-0.02033766746104948
2025-05-30,2025-05-27,3,0.9999999999999979,0.31986547394853504,0.21537269842032045,0.6733227433448256,0.1044927755282146,0.451114674423285,0.045153214332219756,0.19474556344527788,1.0,-0.015193425498213675
2025-05-31,2025-05-27,4,0.9999999999999979,0.31986547394853504,0.23676973739433652,0.7402166119136439,0.08309573655419852,0.4959324175312563,0.04515321433120859,0.19474556344527788,1.0,0.005831583409529939
2025-06-01,2025-05-27,5,0.9999999999999979,0.31986547394853504,0.2789993293449534,0.8722395884147321,0.04086614460358162,0.5843855444292844,0.04515321433069866,0.19474556344527788,1.0,0.0100490592577549
2025-06-02,2025-05-27,6,0.9999999999999979,0.31986547394853504,0.2839593485804252,0.8877461673969633,0.03590612536810983,0.5947746860383005,0.045153214331184174,0.191138911540667,1.0,0.0020357254385126033
2025-06-03,2025-05-27,7,0.9999999999999979,0.31986547394853504,0.2621099704663652,0.8194381445136449,0.057755503482169845,0.5490094838222016,0.04515321432498131,0.1828409399002025,1.0,-0.004544767948078454
2025-06-04,2025-05-27,8,0.9999999999999979,0.31986547394853504,0.2677449139484376,0.8370547488082961,0.05212056000009746,0.5608123061107401,0.04515321425358421,0.18423024270532457,1.0,-0.00645331248625769
2025-06-05,2025-05-27,9,0.9999999999999979,0.31986547394853504,0.2365498173760503,0.7395290728192506,0.08331565657248474,0.4954717782692475,0.045153214569144395,0.21348607249855722,1.0,-0.030451534076571196
2025-06-06,2025-05-27,10,0.9999999999999979,0.31986547394853504,0.28265003528971877,0.883652842554667,0.03721543865881627,0.5920322287007409,0.04515321434437634,0.21348607249855722,1.0,0.027384456186406947
2025-06-07,2025-05-27,11,0.9999999999999979,0.31986547394853504,0.2769855590186927,0.8659439094800787,0.04287991492984233,0.5801675474228705,0.04515321393251094,0.21348607249855722,1.0,0.012117450409652175
2025-06-08,2025-05-27,12,0.9999999999999979,0.31986547394853504,0.2808457981659077,0.878012230263697,0.03901967578262733,0.5882531152012365,0.04515321412337041,0.21326118270840186,1.0,0.0017228450581063814
2025-06-09,2025-05-27,13,0.9999999999999979,0.31986547394853504,0.32944368180470535,1.0299444880309634,-0.009578207856170307,0.6900451186706853,0.04515321421488709,0.21326118270840186,1.0,0.042834093101556725
2025-06-10,2025-05-27,14,0.9999999999999979,0.31986547394853504,0.3043783671584488,0.9515824368322476,0.015487106790086247,0.6375438871886749,0.045153209763672465,0.21200745817384803,1.0,0.00010311707406529536
2025-06-11,2025-05-27,15,0.9999999999999979,0.31986547394853504,0.26886804757563415,0.8405660175092665,0.05099742637290089,0.5631647923300238,0.04515320830612912,0.21363980166766205,1.0,-0.014774690660270262
2025-06-12,2025-05-27,16,0.9999999999999979,0.31986547394853504,0.24992621465582474,0.781347894696621,0.0699392592927103,0.5234896683758388,0.04515321025823764,0.2345434840061728,1.0,-0.027367911232460296
2025-06-13,2025-05-27,17,0.9999999999999979,0.31986547394853504,0.2558891303306087,0.7999898431419334,0.06397634361792631,0.5359794556956716,0.04515321394743088,0.2336871998524918,1.0,0.003736666372359032
2025-06-14,2025-05-27,18,0.9999999999999979,0.31986547394853504,0.23429615499275022,0.7324834159201797,0.08556931895578482,0.4907513089116477,0.0451532141101973,0.23467470124454126,1.0,-0.0061466103511010894
2025-06-15,2025-05-27,19,0.9999999999999979,0.31986547394853504,0.23097095085573438,0.7220877827311134,0.08889452309280066,0.48378641311743825,0.045153213925970166,0.2344575642131264,1.0,0.0017015663099546607
2025-06-16,2025-05-27,20,0.9999999999999979,0.31986547394853504,0.25755363048339797,0.8051935937444665,0.06231184346513707,0.5394658791892559,0.04515321387715508,0.23418082065013887,1.0,0.011369205507016922
2025-06-17,2025-05-27,21,0.9999999999999979,0.31986547394853504,0.2346476753762255,0.7335823791159758,0.08521779857230954,0.4914875953550829,0.0451532140635182,0.24561021471313382,1.0,-0.02100631933114927
2025-06-18,2025-05-27,22,0.9999999999999979,0.31986547394853504,0.2596738605413303,0.8118220992588612,0.06019161340720475,0.5439068641189799,0.0451532140086156,0.24389558332224778,1.0,0.0032100071190022117
2025-06-19,2025-05-27,23,0.9999999999999979,0.31986547394853504,0.2654483968229565,0.8298751145166295,0.05441707712557853,0.5560020741356245,0.045153213733493396,0.24401386835410657,1.0,-0.002175583996381625
2025-06-20,2025-05-27,24,0.9999999999999979,0.31986547394853504,0.22487192869265882,0.7030203226273797,0.09499354525587622,0.4710115421519416,0.045153213591023415,0.24824605792921234,1.0,-0.013000366238452021
2025-06-21,2025-05-27,25,0.9999999999999979,0.31986547394853504,0.18000702482089762,0.5627585328257715,0.13985844912763742,0.3770385518570839,0.0451532134616881,0.2514488961271987,1.0,-0.011403706887229914
2025-06-22,2025-05-27,26,0.9999999999999979,0.31986547394853504,0.15587107564035993,0.4873019701571133,0.1639943983081751,0.3264839509362616,0.045153213850991816,0.21296276017467408,1.0,-0.01132138549535977
2025-06-23,2025-05-27,27,0.9999999999999979,0.31986547394853504,0.2397705260634982,0.7495980203917733,0.08009494788503685,0.5022178001135745,0.04515321436526116,0.21296276017467408,1.0,0.043283404251441615
2025-06-24,2025-05-27,28,0.9999999999999979,0.31986547394853504,0.27449810159527155,0.8581673358076686,0.04536737235326349,0.5749573768074089,0.04515321424523927,0.21296276017467408,1.0,0.007111383767794521
2025-06-25,2025-05-27,29,0.9999999999999979,0.31986547394853504,0.32513609878104527,1.016477629696784,-0.005270624832510229,0.681022554941215,0.045153214318692736,0.21296276017467408,1.0,0.01185467982617383
2025-06-26,2025-06-26,0,0.9999999999997686,0.3117317263816257,0.3117317263816257,1.0,0.0,0.6637749720384492,0.060730700875028874,0.21275704650275568,1.0,-0.0036660878858676416
2025-06-27,2025-06-26,1,0.9999999999997686,0.3117317263816257,0.297453900108848,0.9541983536982096,0.014277826272777738,0.6333729855510648,0.060730700883780596,0.20947534429430958,1.0,0.0009399977895605538
2025-06-28,2025-06-26,2,0.9999999999997686,0.3117317263816257,0.3087255069213246,0.9903563891452587,0.003006219460301107,0.65737378454434,0.060730700919817394,0.19683303457832144,1.0,0.002327936574751499
2025-06-29,2025-06-26,3,0.9999999999997686,0.3117317263816257,0.2815258157184116,0.903102866641698,0.030205910663214097,0.599457080185267,0.060730701082373356,0.1894502937309098,1.0,0.009880444699230884
2025-06-30,2025-06-26,4,0.9999999999997686,0.3117317263816257,0.22320409161273594,0.7160133946054846,0.08852763476888978,0.4752717719999354,0.060730702883964816,0.19346001935461268,1.0,-0.011170766835125301
2025-07-01,2025-06-26,5,0.9999999999997686,0.3117317263816257,0.24481257210163612,0.7853309476813843,0.0669191542799896,0.5212830291567617,0.060730703250976584,0.19933374088339506,1.0,-0.013676228341569674
2025-07-02,2025-06-26,6,0.9999999999997686,0.3117317263816257,0.33034466681136865,1.0597082005280294,-0.01861294042974293,0.7034077811927077,0.06073070089946467,0.19933374088339506,1.0,0.02998131927797143
2025-07-03,2025-06-26,7,0.9999999999997686,0.3117317263816257,0.3311271552491958,1.0622183346324716,-0.019395428867570064,0.7050739453846118,0.060730700895297474,0.19869950149788804,1.0,0.006754090047184302
2025-07-04,2025-06-26,8,0.9999999999997686,0.3117317263816257,0.30043261212415606,0.9637537237912155,0.011299114257469656,0.6397156011538254,0.06073070101063771,0.20397387007944484,1.0,-0.014605495398174795
2025-07-05,2025-06-26,9,0.9999999999997686,0.3117317263816257,0.3047439526899002,0.9775840150348668,0.006987773691725541,0.6488958022391138,0.060730700866503534,0.17311793336217307,1.0,0.001980659399927198
2025-07-06,2025-06-26,10,0.9999999999997686,0.3117317263816257,0.3105953352456695,0.9963545862041484,0.0011363911359562051,0.6613552376524463,0.06073070095229891,0.17311793336217307,1.0,0.009295170747883663
2025-07-07,2025-06-26,11,0.9999999999997686,0.3117317263816257,0.2963472810557314,0.950648445365293,0.015384445325894336,0.6310166452319177,0.06073070086189317,0.17572950875114177,1.0,-0.00861599738617247
2025-07-08,2025-06-26,12,0.9999999999997686,0.3117317263816257,0.3035790327134959,0.9738470839565775,0.008152693668129818,0.6464153205353939,0.06073070031181692,0.17572950875114177,1.0,0.006096638424931022
2025-07-09,2025-06-26,13,0.9999999999997686,0.3117317263816257,0.29946724264313423,0.9606569280552563,0.012264483738491483,0.6376600251586175,0.06073070028612211,0.17572950875114177,1.0,0.02121691859697572
2025-07-10,2025-06-26,14,0.9999999999997686,0.3117317263816257,0.35704712003907635,1.1453666400383482,-0.04531539365745063,0.7602656684015192,0.060730650142920735,0.17572950875114177,1.0,0.04293660597808269
2025-07-11,2025-06-26,15,0.9999999999997686,0.3117317263816257,0.37347712044738496,1.1980722167180693,-0.06174539406575924,0.7952502402820862,0.06073056874548716,0.1678844901788092,1.0,0.013082148090681978
2025-07-12,2025-06-26,16,0.9999999999997686,0.3117317263816257,0.37370879799523843,1.198815411998648,-0.06197707161361271,0.7957436457796571,0.060730676324573296,0.13721056726299466,1.0,-0.000916039679510372
2025-07-13,2025-06-26,17,0.9999999999997686,0.3117317263816257,0.3757331183682184,1.2053092020163563,-0.06400139198659266,0.8000540026819791,0.06073060791229615,0.13721056726299466,1.0,0.014193834099812674
2025-07-14,2025-06-26,18,0.9999999999997686,0.3117317263816257,0.3824294991131367,1.226790431478129,-0.07069777273151095,0.8143036886140113,0.060720209277076366,0.1355146919684967,1.0,0.006336059191862198
2025-07-15,2025-06-26,19,0.9999999999997686,0.3117317263816257,0.3654419223226127,1.1722962130432444,-0.05371019594098697,0.7781080973250049,0.06069112099222194,0.14867805128652173,1.0,-0.01738208852749945
2025-07-16,2025-06-26,20,0.9999999999997686,0.3117317263816257,0.3744043910542257,1.2010467955894721,-0.06267266467259996,0.7971901490384168,0.06068987052627766,0.14867805128652173,1.0,0.007407898684498093
2025-07-17,2025-06-26,21,0.9999999999997686,0.3117317263816257,0.35769568513064665,1.1474471632468723,-0.04596395874902093,0.7615671251959771,0.06063254755488719,0.12892417198996628,1.0,0.004612054428193568
2025-07-18,2025-06-26,22,0.9999999999997686,0.3117317263816257,0.34830268531661757,1.1173154858489482,-0.03657095893499185,0.741608694356394,0.06068338203911575,0.13408949504854242,1.0,-0.010511374792368633
2025-07-19,2025-06-26,23,0.9999999999997686,0.3117317263816257,0.32750625677783735,1.0506029032697823,-0.015774530396211628,0.6973377317921621,0.06069543681181764,0.13389765586556457,1.0,-0.0007194412983727583
2025-07-20,2025-06-26,24,0.9999999999997686,0.3117317263816257,0.3078938975954541,0.9876886808066713,0.0038378287861716154,0.6556164251781892,0.06074989652136309,0.1270284424774079,1.0,-0.004878479293957905
2025-07-21,2025-06-26,25,0.9999999999997686,0.3117317263816257,0.2998489239430501,0.9618813183486222,0.01188280243857559,0.6386726870944359,0.06102474709799633,0.12056443551911654,1.0,0.00098273041463659
2025-07-22,2025-06-26,26,0.9999999999997686,0.3117317263816257,0.34586988624654436,1.1095113425289485,-0.03413815986491864,0.739223750871588,0.06423491983653509,0.11383538705962712,1.0,0.02192922223104432
2025-07-23,2025-06-26,27,0.9999999999997686,0.3117317263816257,0.3456366918092928,1.1087632812393315,-0.03390496542766708,0.736349638374107,0.06121583064134024,0.11910141805354973,1.0,-0.009990711471907332
2025-07-24,2025-06-26,28,0.9999999999997686,0.3117317263816257,0.34312434967791894,1.1007039728059698,-0.03139262329629322,0.7307698761282155,0.06092366178017757,0.11972571752491785,1.0,-0.0034945605691132364
2025-07-25,2025-06-26,29,0.9999999999997686,0.3117317263816257,0.3202800138895887,1.027421936185918,-0.008548287507962993,0.681998141698663,0.060759863386540984,0.1216381627680557,1.0,-0.0061405604262733116
2025-07-26,2025-07-26,0,1.0,0.2930226507617169,0.2930226507617169,1.0,0.0,0.7023218968778696,0.16556025929326218,0.1209616414180738,1.0,0.0025990034716014687
2025-07-27,2025-07-26,1,1.0,0.2930226507617169,0.31131934708666803,1.0624412354382453,-0.018296696324951123,0.746182987466633,0.16556835973002057,0.1209616414180738,1.0,0.01268283689644134
2025-07-28,2025-07-26,2,1.0,0.2930226507617169,0.310771027155501,1.0605699810156208,-0.01774837639378407,0.7448636087119093,0.16556259825092945,0.12732640298628123,1.0,-0.011332108758030257
2025-07-29,2025-07-26,3,1.0,0.2930226507617169,0.3072020635702177,1.0483901595035099,-0.014179412808500769,0.7363082214639998,0.16556122934656733,0.12736909584754136,1.0,-0.0009449246804570377
2025-07-30,2025-07-26,4,1.0,0.2930226507617169,0.2800039721114532,0.9555710842952877,0.013018678650263682,0.6711002355783819,0.16553755380480775,0.12123614012376059,1.0,-0.000936492482117024
2025-07-31,2025-07-26,5,1.0,0.2930226507617169,0.22292457060938806,0.7607758991664713,0.07009808015232885,0.5342289384394054,0.16543431263533803,0.12741873905131088,1.0,-0.017618930026484958
2025-08-01,2025-07-26,6,1.0,0.2930226507617169,0.17311253706220273,0.590782100333179,0.11991011369951418,0.4139072579738946,0.16352016676585532,0.14790902404398748,1.0,-0.021303240176054672
2025-08-02,2025-07-26,7,1.0,0.2930226507617169,0.18050923906462327,0.6160248656388395,0.11251341169709364,0.38058317916622436,0.05140716171387257,0.14971991330016376,1.0,-0.00663366047376146
2025-08-03,2025-07-26,8,1.0,0.2930226507617169,0.20388254717940182,0.6957910818477889,0.08914010358231508,0.41864484763530224,0.025988026218290824,0.14064932148879417,1.0,0.014771247579330682
2025-08-04,2025-07-26,9,1.0,0.2930226507617169,0.25756848185067754,0.8790053641966732,0.03545416891103936,0.5292993885904647,0.02675692659843119,0.14064932148879417,1.0,0.00740949909288946
2025-08-05,2025-07-26,10,1.0,0.2930226507617169,0.21661703201383486,0.7392501277656711,0.07640561874788204,0.4449531186893242,0.026337729008787947,0.14344156838553473,1.0,-0.008042064740672372
2025-08-06,2025-07-26,11,1.0,0.2930226507617169,0.2364773535615549,0.8070275555382096,0.05654529720016202,0.48580969674268737,0.026460957255009954,0.14022996165789328,1.0,0.007557363439418818
2025-08-07,2025-07-26,12,1.0,0.2930226507617169,0.2938301659311354,1.0027558114272714,-0.0008075151694185156,0.6053169847821948,0.02916926728278924,0.14022996165789328,1.0,0.021564406024856986
2025-08-08,2025-07-26,13,1.0,0.2930226507617169,0.24141964224271387,0.823894131102629,0.05160300851900304,0.49760916233250146,0.02968168386980894,0.14222759755223385,1.0,-0.006786893320374743
2025-08-09,2025-07-26,14,1.0,0.2930226507617169,0.24460202171002157,0.834754654884784,0.048420629051695335,0.5044429916520068,0.03020945574455779,0.1423696523039655,1.0,-0.0018212168289383213
2025-08-10,2025-07-26,15,1.0,0.2930226507617169,0.2910706622674143,0.99333843820869,0.0019519884943026145,0.6285810783130586,0.07388029226533782,0.1423696523039655,1.0,0.024314831629991707
2025-08-11,2025-07-26,16,1.0,0.2930226507617169,0.2516787950401381,0.8589055978638348,0.04134385572157878,0.5840624105357913,0.13817841894923574,0.14344534677295168,1.0,-0.005096735368355865
2025-08-12,2025-07-26,17,1.0,0.2930226507617169,0.2667305539770741,0.9102728177623945,0.026292096784642782,0.6389587168321991,0.16510864645697645,0.14344534677295168,1.0,0.012200933555769122
2025-08-13,2025-07-26,18,1.0,0.2930226507617169,0.30283190188115405,1.033476084848519,-0.009809251119437146,0.7258388718177878,0.16556714268349085,0.14344534677295168,1.0,0.02640674486373884
2025-08-14,2025-07-26,19,1.0,0.2930226507617169,0.23904403532356228,0.815786884400109,0.05397861543815463,0.572939440369888,0.16555217364950064,0.19437046133303282,1.0,-0.0406413517932519
2025-08-15,2025-07-26,20,1.0,0.2930226507617169,0.235852673225919,0.8048957055463676,0.05716997753579792,0.565201040857676,0.16542024456282142,0.1964076949287731,1.0,-0.008056462867562786
2025-08-16,2025-07-26,21,1.0,0.2930226507617169,0.24435034080294107,0.8338957420791484,0.04867230995877583,0.5856406395527702,0.16552805833440312,0.1964076949287731,1.0,0.00032903805583761603
2025-08-17,2025-07-26,22,1.0,0.2930226507617169,0.25141236603890843,0.8579963541567797,0.04161028472280848,0.6025678669277068,0.16553012585693788,0.1929182004585346,1.0,0.0002074447357851561
2025-08-18,2025-07-26,23,1.0,0.2930226507617169,0.23792016724990236,0.8119514536894169,0.05510248351181454,0.5702139852839598,0.1655056754477149,0.19608242301787576,1.0,-0.010033302667407429
2025-08-19,2025-07-26,24,1.0,0.2930226507617169,0.2009615532794728,0.6858225900184513,0.09206109748224411,0.4815279748461758,0.16531722443054328,0.22043155437094517,1.0,-0.028858256318128994
2025-08-20,2025-07-26,25,1.0,0.2930226507617169,0.22967268332462712,0.7838052202708201,0.06334996743708979,0.5503968244499653,0.16542874841565927,0.22043155437094517,1.0,0.012388265956393196
2025-08-21,2025-07-26,26,1.0,0.2930226507617169,0.21162035934470608,0.7221979556686,0.08140229141701083,0.5068908205885805,0.1650258763850514,0.22706649425093792,1.0,-0.01550031311465605
2025-08-22,2025-07-26,27,1.0,0.2930226507617169,0.25921507389748977,0.884624697864333,0.03380757686422714,0.6212633480794126,0.16552272172877078,0.22434914837382364,1.0,0.03943102222222228
2025-08-23,2025-07-26,28,1.0,0.2930226507617169,0.23288740941115915,0.794776133536997,0.060135241350557755,0.5582834349997197,0.16570188255262822,0.22848587497111916,1.0,-0.012809914210329953
2025-08-24,2025-07-26,29,1.0,0.2930226507617169,0.19140701269301408,0.6532157571964099,0.10161563806870283,0.45942361721362934,0.16675153160874223,0.2350643846222591,1.0,-0.01684418612407268
2025-08-25,2025-08-25,0,0.9999854137930242,0.0,0.0,,0.0,0.32980452426172635,0.1918444684088887,0.25765758237595804,1.0,-0.029795603434519924
2025-08-26,2025-08-25,1,0.9999854137930242,0.0,0.0,,0.0,0.3895890229826735,0.19183479513286097,0.25765758237595804,1.0,0.01499600679235824
2025-08-27,2025-08-25,2,0.9999854137930242,0.0,0.0,,0.0,0.34721902193466925,0.1918443429097324,0.25505475045981263,1.0,-0.004484570147495814
2025-08-28,2025-08-25,3,0.9999854137930242,0.0,0.0,,0.0,0.38673932681402756,0.19183226788487664,0.25503343320537797,1.0,0.011728082208833035
2025-08-29,2025-08-25,4,0.9999854137930242,0.0,0.0,,0.0,0.2032908011541118,0.1918505455616749,0.28728669766877624,1.0,-0.03721786777462999
2025-08-30,2025-08-25,5,0.9999854137930242,0.0,0.0,,0.0,0.20245223158278752,0.1918457784615474,0.2805158678261027,1.0,0.004050014117334522
2025-08-31,2025-08-25,6,0.9999854137930242,0.0,0.0,,0.0,0.12819952629247175,0.19187616270257069,0.270893295030456,1.0,-0.005238000583184466
2025-09-01,2025-08-25,7,0.9999854137930242,0.0,0.0,,0.0,0.16341489181040678,0.19184881702900652,0.26989665475417435,1.0,0.009155689776144893
2025-09-02,2025-08-25,8,0.9999854137930242,0.0,0.0,,0.0,0.24488448900380472,0.1918330906823343,0.26989665475417435,1.0,0.018332454208457083
2025-09-03,2025-08-25,9,0.9999854137930242,0.0,0.0,,0.0,0.23942549314721595,0.19183118774015387,0.26989665475417435,1.0,0.004186443348935365
2025-09-04,2025-08-25,10,0.9999854137930242,0.0,0.0,,0.0,0.22900230673763894,0.1918345861604872,0.270158645298039,1.0,-0.008726859173089796
2025-09-05,2025-08-25,11,0.9999854137930242,0.0,0.0,,0.0,0.18708327775691141,0.1918383493615873,0.2701678774594273,1.0,-0.0006401105671796081
2025-09-06,2025-08-25,12,0.9999854137930242,0.0,0.0,,0.0,0.17587665166811633,0.19185536817032967,0.27057900154381787,1.0,-0.004265498307021387
2025-09-07,2025-08-25,13,0.9999854137930242,0.0,0.0,,0.0,0.15103763970528242,0.19185549851197164,0.26953431825566,1.0,0.008615913334277803
2025-09-08,2025-08-25,14,0.9999854137930242,0.0,0.0,,0.0,0.17046136125842948,0.1918539696299453,0.269459311076592,1.0,0.008349039125823854
2025-09-09,2025-08-25,15,0.9999854137930242,0.0,0.0,,0.0,0.11426770471258887,0.19197878869025048,0.26994504325725044,1.0,-0.0046298035528057335
2025-09-10,2025-08-25,16,0.9999854137930242,0.0,0.0,,0.0,0.25325951456744594,0.19185042839990596,0.2693560060706063,1.0,0.02163772399985331
2025-09-11,2025-08-25,17,0.9999854137930242,0.0,0.0,,0.0,0.21885925363767197,0.19186545660560275,0.2693560060706063,1.0,0.013361618111618068
2025-09-12,2025-08-25,18,0.9999854137930242,0.0,0.0,,0.0,0.2322079307732126,0.19185869962073637,0.2693560060706063,1.0,0.004734302604139096
2025-09-13,2025-08-25,19,0.9999854137930242,0.0,0.0,,0.0,0.30615844058462327,0.19191436142957835,0.22719944905493938,1.0,-0.0009577743299932218
2025-09-14,2025-08-25,20,0.9999854137930242,0.0,0.0,,0.0,0.29455614818597464,0.1918945339486953,0.2262930122290519,1.0,-0.005609813602322822
2025-09-15,2025-08-25,21,0.9999854137930242,0.0,0.0,,0.0,0.22293894323978208,0.19188214121447947,0.2262930122290519,1.0,0.000708782948538822
2025-09-16,2025-08-25,22,0.9999854137930242,0.0,0.0,,0.0,0.3599271919664635,0.19182198490079858,0.2262930122290519,1.0,0.012477274541912609
2025-09-17,2025-08-25,23,0.9999854137930242,0.0,0.0,,0.0,0.30377747060639615,0.19184970815955274,0.22377576759258092,1.0,-0.0029229646363835293
2025-09-18,2025-08-25,24,0.9999854137930242,0.0,0.0,,0.0,0.33641591329131326,0.19183069232624073,0.19910514894300807,1.0,0.005375293726559649
2025-09-19,2025-08-25,25,0.9999854137930242,0.0,0.0,,0.0,0.258045789964135,0.19183007292544874,0.20373865318830875,1.0,-0.01230978514101344
2025-09-20,2025-08-25,26,0.9999854137930242,0.0,0.0,,0.0,0.2839153072785872,0.19181423009097234,0.19631687689540517,1.0,0.0004605111474831336
2025-09-21,2025-08-25,27,0.9999854137930242,0.0,0.0,,0.0,0.26393898312101033,0.1918136196288491,0.1967940219633378,1.0,-0.003918723526854739
2025-09-22,2025-08-25,28,0.9999854137930242,0.0,0.0,,0.0,0.06497564639025209,0.19189517126885064,0.2072446988432187,1.0,-0.022400839209218093
2025-09-23,2025-08-25,29,0.9999854137930242,0.0,0.0,,0.0,0.02809525503540388,0.19218268387450116,0.19962333573097313,1.0,-0.005789474198140687
2025-09-24,2025-09-24,0,0.9999999991207419,0.0,0.0,,0.0,0.14917973233354848,0.10478594809184787,0.1694618285348608,1.0,0.011680482290881589
2025-09-25,2025-09-24,1,0.9999999991207419,0.0,0.0,,0.0,-0.11138620528812908,0.10479518383872294,0.2168799541505345,1.0,-0.03806040226993912
2025-09-26,2025-09-24,2,0.9999999991207419,0.0,0.0,,0.0,-0.03275677574397889,0.10481923983769995,0.21631256166291876,1.0,0.0059541541962351285
2025-09-27,2025-09-24,3,0.9999999991207419,0.0,0.0,,0.0,-0.035870947665171266,0.10480368677915641,0.21631269714870346,1.0,-6.940678449951498e-05
2025-09-28,2025-09-24,4,0.9999999991207419,0.0,0.0,,0.0,0.10339388102349333,0.10479438498805185,0.17114002440630546,1.0,0.02305906325348861
2025-09-29,2025-09-24,5,0.9999999991207419,0.0,0.0,,0.0,0.2652672545911846,0.10478401456400149,0.17114002440630546,1.0,0.01915062727373651
2025-09-30,2025-09-24,6,0.9999999991207419,0.0,0.0,,0.0,0.2668349602599321,0.1047843026407236,0.17034642268222824,1.0,-0.002300984079006363
2025-10-01,2025-09-24,7,0.9999999991207419,0.0,0.0,,0.0,0.4550474272944497,0.1047859478313079,0.17034642268222824,1.0,0.03986061070454605
2025-10-02,2025-09-24,8,0.9999999991207419,0.0,0.0,,0.0,0.5343835479972787,0.10478594725185111,0.17034642268222824,1.0,0.01631063841735636
2025-10-03,2025-09-24,9,0.9999999991207419,0.0,0.0,,0.0,0.6181650466101314,0.10478532356693955,0.17034642268222824,1.0,0.014126434764644369
2025-10-04,2025-09-24,10,0.9999999991207419,0.0,0.0,,0.0,0.6249031328692726,0.10478539030161174,0.1675803163656485,1.0,0.0013008050265068682
2025-10-05,2025-09-24,11,0.9999999991207419,0.0,0.0,,0.0,0.637793449551943,0.10478516035289875,0.16756543214980352,1.0,0.008916587003946264
2025-10-06,2025-09-24,12,0.9999999991207419,0.0,0.0,,0.0,0.629754890504429,0.10478321996693328,0.16690074890794565,1.0,0.009525493975614863
2025-10-07,2025-09-24,13,0.9999999991207419,0.0,0.0,,0.0,0.47439589951293726,0.10477955352589897,0.1917070513714489,1.0,-0.02667759465175834
2025-10-08,2025-09-24,14,0.9999999991207419,0.0,0.0,,0.0,0.5402056467564182,0.10478087593282644,0.1917070513714489,1.0,0.016261452474369165
2025-10-09,2025-09-24,15,0.9999999991207419,0.0,0.0,,0.0,0.47832306303150085,0.10477658484643944,0.1966734814384767,1.0,-0.013329440578722873
2025-10-10,2025-09-24,16,0.9999999991207419,0.0,0.0,,0.0,0.10422283461217732,0.1042033321762899,0.3296907462157126,1.0,-0.07305379476321361
2025-10-11,2025-09-24,17,0.9999999991207419,0.0,0.0,,0.0,0.005087465486798226,0.1032167759820418,0.3363331954702985,1.0,-0.01888813517240162
2025-10-12,2025-09-24,18,0.9999999991207419,0.0,0.0,,0.0,0.18058159450635458,0.10450294166945535,0.3363331954702985,1.0,0.03899338782622541
2025-10-13,2025-09-24,19,0.9999999991207419,0.0,0.0,,0.0,0.2523851352887778,0.10475074203283292,0.33631658717294605,1.0,0.0018023848543999854
2025-10-14,2025-09-24,20,0.9999999991207419,0.0,0.0,,0.0,0.15379947050189285,0.10473306752270499,0.34204613710319237,1.0,-0.018563291249153346
2025-10-15,2025-09-24,21,0.9999999991207419,0.0,0.0,,0.0,0.13677767243068412,0.1047204289499804,0.3492570221887986,1.0,-0.020038018850880857
2025-10-16,2025-09-24,22,0.9999999991207419,0.0,0.0,,0.0,0.01118236880943023,0.10466470131228997,0.3587207051753818,1.0,-0.023193607123227156
2025-10-17,2025-09-24,23,0.9999999991207419,0.0,0.0,,0.0,-0.058958612854908665,0.10470077000390487,0.36312354799902535,1.0,-0.016291064555353674
2025-10-18,2025-09-24,24,0.9999999991207419,0.0,0.0,,0.0,-0.007956839112550587,0.10477402120767051,0.36312354799902535,1.0,0.007078061719969053
2025-10-19,2025-09-24,25,0.9999999991207419,0.0,0.0,,0.0,0.05199978869140784,0.10475668915550297,0.3605442173215817,1.0,0.01360050253295686
2025-10-20,2025-09-24,26,0.9999999991207419,0.0,0.0,,0.0,0.1746696655450065,0.10477301795555409,0.3605442173215817,1.0,0.017390110967337113
2025-10-21,2025-09-24,27,0.9999999991207419,0.0,0.0,,0.0,-0.07948708132631228,0.10476923762378529,0.36725861588031744,1.0,-0.0202151248565009
2025-10-22,2025-09-24,28,0.9999999991207419,0.0,0.0,,0.0,-0.07603753856531284,0.10473893712308707,0.3594314594424917,1.0,-0.006742804346575482
2025-10-23,2025-09-24,29,0.9999999991207419,0.0,0.0,,0.0,0.04485286924544016,0.10471496631208592,0.35886041576908434,1.0,0.02334107793213258
2025-10-24,2025-10-24,0,0.9881751992198115,0.0,0.0,,0.0,0.1669661836865044,0.23255232587649652,0.35886041576908434,1.0,0.008418652997351561
2025-10-25,2025-10-24,1,0.9881751992198115,0.0,0.0,,0.0,0.1564354060122902,0.2284076786302858,0.33235702914787396,1.0,0.005777943656356088
2025-10-26,2025-10-24,2,0.9881751992198115,0.0,0.0,,0.0,0.2677962796040002,0.23837081790049724,0.33235702914787396,1.0,0.026092497313165763
2025-10-27,2025-10-24,3,0.9881751992198115,0.0,0.0,,0.0,0.2308892545442197,0.2730621013838925,0.3326425688173958,1.0,-0.0039433691168074825
2025-10-28,2025-10-24,4,0.9881751992198115,0.0,0.0,,0.0,0.20006616138452388,0.5370924628630666,0.33471177870143165,1.0,-0.010597010805147522
2025-10-29,2025-10-24,5,0.9881751992198115,0.0,0.0,,0.0,0.16713493164998483,0.4539335475375222,0.34661205987322563,1.0,-0.02548449513700146
2025-10-30,2025-10-24,6,0.9881751992198115,0.0,0.0,,0.0,0.10434538040571928,0.33045003834426817,0.3507422446104354,1.0,-0.015437103127948992
2025-10-31,2025-10-24,7,0.9881751992198115,0.0,0.0,,0.0,0.1513003315943125,0.2641581911884364,0.3507422446104354,1.0,0.011863883235009975
2025-11-01,2025-10-24,8,0.9881751992198115,0.0,0.0,,0.0,0.10233126074362489,0.26943252677063956,0.3507422446104354,1.0,0.004471297307560018
2025-11-02,2025-10-24,9,0.9881751992198115,0.0,0.0,,0.0,0.13326764005284034,0.3280754831588097,0.3507422446104354,1.0,0.004019869552698729
2025-11-03,2025-10-24,10,0.9881751992198115,0.0,0.0,,0.0,-0.019013222978583433,0.6395892789687165,0.37308570788332596,1.0,-0.03580256607793619
2025-11-04,2025-10-24,11,0.9881751992198115,0.0,0.0,,0.0,-0.14424902674107395,0.769505576761262,0.41021660211387584,1.0,-0.04771697260652341
2025-11-05,2025-10-24,12,0.9881751992198115,0.0,0.0,,0.0,-0.006673438374051516,0.7885840359657843,0.41021660211387584,1.0,0.023527146851904046
2025-11-06,2025-10-24,13,0.9881751992198115,0.0,0.0,,0.0,-0.16036838251886434,0.7887168602585746,0.40845062814703054,1.0,-0.024441604556416086
2025-11-07,2025-10-24,14,0.9881751992198115,0.0,0.0,,0.0,-0.15075420728198158,0.7886328258076482,0.40845062814703054,1.0,0.01966569192047385
2025-11-08,2025-10-24,15,0.9881751992198115,0.0,0.0,,0.0,-0.19705523095654712,0.7885475733758832,0.4072501929399586,1.0,-0.009929834869828569
2025-11-09,2025-10-24,16,0.9881751992198115,0.0,0.0,,0.0,-0.1671920554053381,0.7872938032714055,0.3095758223933048,1.0,0.023555378234659363
2025-11-10,2025-10-24,17,0.9881751992198115,0.0,0.0,,0.0,-0.1224919045226508,0.7875962921062105,0.30234609237677,1.0,0.012300740926345144
2025-11-11,2025-10-24,18,0.9881751992198115,0.0,0.0,,0.0,-0.22183532842550865,0.7873218546262728,0.3179902460313946,1.0,-0.027847453375886122
2025-11-12,2025-10-24,19,0.9881751992198115,0.0,0.0,,0.0,-0.2905768166006615,0.7887619763363779,0.32157275448227973,1.0,-0.013629281637633106
2025-11-13,2025-10-24,20,0.9881751992198115,0.0,0.0,,0.0,-0.3449064609838563,0.7887340378062476,0.3221184317089423,1.0,-0.0193041381300183
2025-11-14,2025-10-24,21,0.9881751992198115,0.0,0.0,,0.0,-0.5026601507339552,0.7891861718636471,0.36372929703736395,1.0,-0.05113769386957956
2025-11-15,2025-10-24,22,0.9881751992198115,0.0,0.0,,0.0,-0.4598995928921936,0.7891626486166152,0.35439938593338266,1.0,0.010595175169672455
2025-11-16,2025-10-24,23,0.9881751992198115,0.0,0.0,,0.0,-0.4841318867916214,0.7891792035626012,0.3531601572587122,1.0,-0.013962892264381965
2025-11-17,2025-10-24,24,0.9881751992198115,0.0,0.0,,0.0,-0.5199935453863721,0.7892270157541176,0.3613625479385996,1.0,-0.02170877083991085
2025-11-18,2025-10-24,25,0.9881751992198115,0.0,0.0,,0.0,-0.520150265561462,0.7892077272568951,0.3613625479385996,1.0,0.0080864161785148
2025-11-19,2025-10-24,26,0.9881751992198115,0.0,0.0,,0.0,-0.5719599535971719,0.7892116780449654,0.36525092360995853,1.0,-0.015123251373723723
2025-11-20,2025-10-24,27,0.9881751992198115,0.0,0.0,,0.0,-0.6536758074401724,0.7892298433448839,0.4067178569952427,1.0,-0.05371341978632305
2025-11-21,2025-10-24,28,0.9881751992198115,0.0,0.0,,0.0,-0.6690745533550964,0.7892615783117511,0.4106248643809027,1.0,-0.01740360350856096
2025-11-22,2025-10-24,29,0.9881751992198115,0.0,0.0,,0.0,-0.6768578917278294,0.7892607947810346,0.4109366115019075,1.0,-0.00457761786963673
2025-11-23,2025-11-23,0,0.00034315284346786434,0.0,0.0,,0.0,-0.6065754557362856,0.9309155749990795,0.4109366115019075,1.0,0.02466682102163631
2025-11-24,2025-11-23,1,0.00034315284346786434,0.0,0.0,,0.0,-0.5377929893431872,0.9308252857033328,0.4109366115019075,1.0,0.01692974778302414
2025-11-25,2025-11-23,2,0.00034315284346786434,0.0,0.0,,0.0,-0.5622114477852267,0.9309084243058756,0.4125930602579983,1.0,-0.010532841389259029
2025-11-26,2025-11-23,3,0.00034315284346786434,0.0,0.0,,0.0,-0.47643606081202194,0.9309312504445967,0.412362814755468,1.0,0.035642227603171595
2025-11-27,2025-11-23,4,0.00034315284346786434,0.0,0.0,,0.0,-0.504841110332682,0.9309847173839767,0.4106850311138843,1.0,0.009393150304329856
2025-11-28,2025-11-23,5,0.00034315284346786434,0.0,0.0,,0.0,-0.48308463257730644,0.9309028647769425,0.40105136726077617,1.0,-0.004853069422706469
2025-11-29,2025-11-23,6,0.00034315284346786434,0.0,0.0,,0.0,-0.49255678060211006,0.93088939571744,0.39737754781057055,1.0,-0.000971056444718732
2025-11-30,2025-11-23,7,0.00034315284346786434,0.0,0.0,,0.0,-0.5244263327347358,0.931091416158813,0.3977426151711447,1.0,-0.004872556288134988
2025-12-01,2025-11-23,8,0.00034315284346786434,0.0,0.0,,0.0,-0.6023963466488601,0.9310187726666457,0.42906212338502225,1.0,-0.0450862107127048
2025-12-02,2025-11-23,9,0.00034315284346786434,0.0,0.0,,0.0,-0.4269826972138815,0.9309699029475114,0.42906212338502225,1.0,0.05785259974357393
2025-12-03,2025-11-23,10,0.00034315284346786434,0.0,0.0,,0.0,-0.356873345555907,0.930892467892352,0.4097822378425255,1.0,0.023577125147954625
2025-12-04,2025-11-23,11,0.00034315284346786434,0.0,0.0,,0.0,-0.3233611276253492,0.930961903955529,0.37606041108474275,1.0,-0.014469557138797606
2025-12-05,2025-11-23,12,0.00034315284346786434,0.0,0.0,,0.0,-0.48456350782473645,0.9310597946762308,0.39062858919831467,1.0,-0.029844460232980596
2025-12-06,2025-11-23,13,0.00034315284346786434,0.0,0.0,,0.0,-0.4324380107169949,0.9309790383290675,0.3809907845253107,1.0,-0.0010438817669845557
2025-12-07,2025-11-23,14,0.00034315284346786434,0.0,0.0,,0.0,-0.41644835865174595,0.930938125210302,0.3809907845253107,1.0,0.01298253780755676
2025-12-08,2025-11-23,15,0.00034315284346786434,0.0,0.0,,0.0,-0.44839418268374487,0.9309543256658942,0.3793972892212058,1.0,0.0026442743544992098
2025-12-09,2025-11-23,16,0.00034315284346786434,0.0,0.0,,0.0,-0.32256251194903046,0.9302395140332224,0.3793972892212058,1.0,0.022557233825501566
2025-12-10,2025-11-23,17,0.00034315284346786434,0.0,0.0,,0.0,-0.278264492971771,0.9306839139788632,0.3802239400053868,1.0,-0.007158379262571457
2025-12-11,2025-11-23,18,0.00034315284346786434,0.0,0.0,,0.0,-0.26724896649870394,0.9307031521053584,0.3672405309298191,1.0,0.005412247975528528
2025-12-12,2025-11-23,19,0.00034315284346786434,0.0,0.0,,0.0,-0.3185380937246991,0.9308107937960998,0.37405423965484763,1.0,-0.02426632774632176
2025-12-13,2025-11-23,20,0.00034315284346786434,0.0,0.0,,0.0,-0.34704422430496834,0.9308166275403718,0.3678243805060206,1.0,-0.00031472800786813693
2025-12-14,2025-11-23,21,0.00034315284346786434,0.0,0.0,,0.0,-0.4302416303204528,0.9309563159835632,0.32910379368909565,1.0,-0.022914891077693733
2025-12-15,2025-11-23,22,0.00034315284346786434,0.0,0.0,,0.0,-0.47598700344493966,0.9306140398284929,0.33636760848563313,1.0,-0.019735138649757622
2025-12-16,2025-11-23,23,0.00034315284346786434,0.0,0.0,,0.0,-0.4637345691917083,0.9309596764160778,0.3327725590371277,1.0,0.016560286412174774
2025-12-17,2025-11-23,24,0.00034315284346786434,0.0,0.0,,0.0,-0.551567264005296,0.9306955590314892,0.33028994628927905,1.0,-0.018439983328670806
2025-12-18,2025-11-23,25,0.00034315284346786434,0.0,0.0,,0.0,-0.6460214132208517,0.9308186117828996,0.33160652345015273,1.0,-0.008427445079160933
2025-12-19,2025-11-23,26,0.00034315284346786434,0.0,0.0,,0.0,-0.5533300379291514,0.9308621546097585,0.3273187135643877,1.0,0.03064359226492308
2025-12-20,2025-11-23,27,0.00034315284346786434,0.0,0.0,,0.0,-0.5525703958957369,0.930644068993163,0.26467344601930715,1.0,0.002541045786250251
2025-12-21,2025-11-23,28,0.00034315284346786434,0.0,0.0,,0.0,-0.47231502556412913,0.9309430145152621,0.25749126863296223,1.0,0.003372079732098854
2025-12-22,2025-11-23,29,0.00034315284346786434,0.0,0.0,,0.0,-0.5737591646346842,0.930635555559071,0.25699781767671476,1.0,-0.00042939870871350205
2025-12-23,2025-12-23,0,0.0002923518301042316,0.0,0.0,,0.0,-0.6295484484639027,0.9875435642480473,0.2608997394537489,1.0,-0.012805008847246668
2025-12-24,2025-12-23,1,0.0002923518301042316,0.0,0.0,,0.0,-0.6299163514828912,0.9875482878466109,0.2608997394537489,1.0,0.002096906933680698
2025-12-25,2025-12-23,2,0.0002923518301042316,0.0,0.0,,0.0,-0.5996758592606249,0.9875117179461856,0.2588792077965041,1.0,-0.00506653115766087
2025-12-26,2025-12-23,3,0.0002923518301042316,0.0,0.0,,0.0,-0.5953384124725678,0.9874153383085326,0.2588792077965041,1.0,0.0016542224518192317
2025-12-27,2025-12-23,4,0.0002923518301042316,0.0,0.0,,0.0,-0.602337068410948,0.987367149304469,0.2588792077965041,1.0,0.005808086935541468
2025-12-28,2025-12-23,5,0.0002923518301042316,0.0,0.0,,0.0,-0.6029814088074165,0.9873984438356749,0.2583224624002631,1.0,0.0008614312207482211
2025-12-29,2025-12-23,6,0.0002923518301042316,0.0,0.0,,0.0,-0.6497430839649356,0.9874838488004313,0.25986721902347154,1.0,-0.008135963064696994
2025-12-30,2025-12-23,7,0.0002923518301042316,0.0,0.0,,0.0,-0.5846327028200387,0.9874745978264984,0.2593081161548051,1.0,0.014309961824741313
2025-12-31,2025-12-23,8,0.0002923518301042316,0.0,0.0,,0.0,-0.6412757827654177,0.9875958247952481,0.20602258773953755,1.0,-0.009462229344042727
2026-01-01,2025-12-23,9,0.0002923518301042316,0.0,0.0,,0.0,-0.5743847627390248,0.9869790130729214,0.20602258773953755,1.0,0.013586356916318376
2026-01-02,2025-12-23,10,0.0002923518301042316,0.0,0.0,,0.0,-0.4953442103295076,0.985797991682183,0.20602258773953755,1.0,0.013013310364452524
2026-01-03,2025-12-23,11,0.0002923518301042316,0.0,0.0,,0.0,-0.4287058440416812,0.9856106808059636,0.19965129877325208,1.0,0.007032380529924165
2026-01-04,2025-12-23,12,0.0002923518301042316,0.0,0.0,,0.0,-0.36892753784641014,0.9858087725580524,0.16938529802791732,1.0,0.00994968332637991
2026-01-05,2025-12-23,13,0.0002923518301042316,0.0,0.0,,0.0,-0.2899078922893615,0.9623269984899311,0.16934611731748736,1.0,0.025455991184503812
2026-01-06,2025-12-23,14,0.0002923518301042316,0.0,0.0,,0.0,-0.30343440949348965,0.9436414421086147,0.16939708292740163,1.0,-0.0011905001624232803
2026-01-07,2025-12-23,15,0.0002923518301042316,0.0,0.0,,0.0,-0.3609892799187063,0.9713223217667913,0.1917468408996746,1.0,-0.02542785726453589
2026-01-08,2025-12-23,16,0.0002923518301042316,0.0,0.0,,0.0,-0.4508599224582096,0.9785921111790161,0.19201265925334904,1.0,-0.0028913963637382523
2026-01-09,2025-12-23,17,0.0002923518301042316,0.0,0.0,,0.0,-0.4902299273404472,0.985671189713427,0.19118302521930236,1.0,-0.0050352365571061375
2026-01-10,2025-12-23,18,0.0002923518301042316,0.0,0.0,,0.0,-0.48982458272278784,0.985952434883541,0.19125536665072138,1.0,-0.0015068189681346489
2026-01-11,2025-12-23,19,0.0002923518301042316,0.0,0.0,,0.0,-0.4471424544589859,0.9837352831611185,0.1709865748307083,1.0,0.005623464858730998
2026-01-12,2025-12-23,20,0.0002923518301042316,0.0,0.0,,0.0,-0.37917970589647854,0.9832547341667649,0.17098304956735325,1.0,0.003104479383037706
2026-01-13,2025-12-23,21,0.0002923518301042316,0.0,0.0,,0.0,-0.169596401141136,0.972947566023951,0.15065538820698524,1.0,0.04510373925749378
2026-01-14,2025-12-23,22,0.0002923518301042316,0.0,0.0,,0.0,-0.12600301254843851,0.9690872929124904,0.13365322659033765,1.0,0.01611692204498283
2026-01-15,2025-12-23,23,0.0002923518301042316,0.0,0.0,,0.0,-0.16596027781807174,0.9636307853298259,0.14228383285561183,1.0,-0.013893298297359746
2026-01-16,2025-12-23,24,0.0002923518301042316,0.0,0.0,,0.0,-0.16205746520304523,0.9591845712781067,0.12662498063301444,1.0,-0.0005633608354392861
2026-01-17,2025-12-23,25,0.0002923518301042316,0.0,0.0,,0.0,-0.19910267305926876,0.9624845239213297,0.12401602824547411,1.0,-0.00421942473825998
2026-01-18,2025-12-23,26,0.0002923518301042316,0.0,0.0,,0.0,-0.19857347717460125,0.9744245280927103,0.135455992903556,1.0,-0.015498313833314237
2026-01-19,2025-12-23,27,0.0002923518301042316,0.0,0.0,,0.0,-0.1707471332285073,0.9805934518033602,0.14096504260605996,1.0,-0.011125280950334271
2026-01-20,2025-12-23,28,0.0002923518301042316,0.0,0.0,,0.0,-0.34124237377427136,0.9865863552452944,0.21473143625166768,1.0,-0.045377249516900364
2026-01-21,2025-12-23,29,0.0002923518301042316,0.0,0.0,,0.0,-0.3049977047615815,0.9864965524910916,0.2147262103737863,1.0,0.01161480468893994
2026-01-22,2026-01-22,0,0.0003939387860448784,0.0,0.0,,0.0,-0.36404940433980515,0.9202017693809185,0.20996797295075123,1.0,0.0011731073359675381
2026-01-23,2026-01-22,1,0.0003939387860448784,0.0,0.0,,0.0,-0.3737903146942654,0.9200387400058337,0.20996797295075123,1.0,0.0004532173912654702
2026-01-24,2026-01-22,2,0.0003939387860448784,0.0,0.0,,0.0,-0.3822394462081708,0.9200808019209916,0.20972974144548573,1.0,-0.004184362857875601
2026-01-25,2026-01-22,3,0.0003939387860448784,0.0,0.0,,0.0,-0.5865296730857593,0.9204042936265387,0.23292971616995525,1.0,-0.02863513885181046
2026-01-26,2026-01-22,4,0.0003939387860448784,0.0,0.0,,0.0,-0.5397780018605285,0.9204170143916767,0.23292971616995525,1.0,0.019345944795891024
2026-01-27,2026-01-22,5,0.0003939387860448784,0.0,0.0,,0.0,-0.46967603994948626,0.9203946336376377,0.23292971616995525,1.0,0.010220145363038613
2026-01-28,2026-01-22,6,0.0003939387860448784,0.0,0.0,,0.0,-0.46084619149694606,0.9203888727399306,0.2311802154516289,1.0,0.0005601120448179842
2026-01-29,2026-01-22,7,0.0003939387860448784,0.0,0.0,,0.0,-0.6519881600827026,0.9205240639851541,0.2970437426353825,1.0,-0.052069770668507376
2026-01-30,2026-01-22,8,0.0003939387860448784,0.0,0.0,,0.0,-0.5981483308214981,0.9204962773777798,0.29562521473642417,1.0,-0.004603299036883057
2026-01-31,2026-01-22,9,0.0003939387860448784,0.0,0.0,,0.0,-0.8102686700140468,0.9205369304106603,0.3784661644223318,1.0,-0.06550401024252306
2026-02-01,2026-01-22,10,0.0003939387860448784,0.0,0.0,,0.0,-0.8702444568950202,0.9205387164113427,0.3867120277045755,1.0,-0.02251530935119128
2026-02-02,2026-01-22,11,0.0003939387860448784,0.0,0.0,,0.0,-0.8496550621238428,0.9205386108903364,0.3867120277045755,1.0,0.023001704210088736
2026-02-03,2026-01-22,12,0.0003939387860448784,0.0,0.0,,0.0,-0.8777919482174072,0.920539357010858,0.4092838164059158,1.0,-0.03769942090671896
2026-02-04,2026-01-22,13,0.0003939387860448784,0.0,0.0,,0.0,-0.9168052784266205,0.9205358753093101,0.4270802860990094,1.0,-0.03437208369885747
2026-02-05,2026-01-22,14,0.0003939387860448784,0.0,0.0,,0.0,-0.9561431186104545,0.9205417453196636,0.6781493537706235,0.6635706389719683,-0.14017431361060217
2026-02-06,2026-01-22,15,0.0003939387860448784,0.0,0.0,,0.0,-0.8584630975742216,0.9205417053331053,0.6721719026624232,0.669471601263878,0.12192683309102881
2026-02-07,2026-01-22,16,0.0003939387860448784,0.0,0.0,,0.0,-0.8665397740159954,0.920541724016898,0.6751730120895373,0.6664958343156107,-0.01828953307907888
2026-02-08,2026-01-22,17,0.0003939387860448784,0.0,0.0,,0.0,-0.845048546291242,0.920541607927704,0.6749433805518624,0.666722591800309,0.015023947392803993
2026-02-09,2026-01-22,18,0.0003939387860448784,0.0,0.0,,0.0,-0.8448839530076621,0.9205415789562211,0.6749905072272262,0.666676042376569,-0.0027353755233514576
2026-02-10,2026-01-22,19,0.0003939387860448784,0.0,0.0,,0.0,-0.858324865842383,0.920541640803983,0.6781216908741221,0.6635977082814363,-0.01848798083777703
2026-02-11,2026-01-22,20,0.0003939387860448784,0.0,0.0,,0.0,-0.8809645272965891,0.9205416883910175,0.6841038516340988,0.6577948639305249,-0.025548184817570818
2026-02-12,2026-01-22,21,0.0003939387860448784,0.0,0.0,,0.0,-0.8771117940855564,0.9205417143300176,0.6854160594680387,0.6565355360206346,-0.01207989801217968
2026-02-13,2026-01-22,22,0.0003939387860448784,0.0,0.0,,0.0,-0.8242349643603779,0.9205415870201368,0.6854160594680387,0.6565355360206346,0.03895737833844892
2026-02-14,2026-01-22,23,0.0003939387860448784,0.0,0.0,,0.0,-0.8035535355167716,0.9205416938569568,0.6836765832340747,0.6582059573714121,0.014073119396473155
2026-02-15,2026-01-22,24,0.0003939387860448784,0.0,0.0,,0.0,-0.8157127220604712,0.9205416817481077,0.6854872361633808,0.6564673654882552,-0.014184018291979905
2026-02-16,2026-01-22,25,0.0003939387860448784,0.0,0.0,,0.0,-0.8122538984604749,0.9205417020030275,0.6853285515915106,0.6566193673895292,0.0008695010415125104
2026-02-17,2026-01-22,26,0.0003939387860448784,0.0,0.0,,0.0,-0.8480843250911376,0.9205417104186024,0.686843188685311,0.6551713803282327,-0.02016056045635184
2026-02-18,2026-01-22,27,0.0003939387860448784,0.0,0.0,,0.0,-0.8619805349096417,0.9205417249441205,0.6878794542755351,0.6541843882718283,-0.015443935368111283
2026-02-19,2026-01-22,28,0.0003939387860448784,0.0,0.0,,0.0,-0.8542825232396553,0.9205416970190253,0.6685354868192356,0.6731131089854545,0.008166142549765887
2026-02-20,2026-01-22,29,0.0003939387860448784,0.0,0.0,,0.0,-0.821580405766106,0.920541648056149,0.6685354868192356,0.6731131089854545,0.01516751380855963
2026-02-21,2026-02-21,0,1.0204821709880463e-07,0.0,0.0,,0.0,-0.8069792805367574,0.9468665480944319,0.6685393107252887,0.6731092589182249,-0.0006480445974648141
2026-02-22,2026-02-21,1,1.0204821709880463e-07,0.0,0.0,,0.0,-0.8264262046621479,0.9468665647531774,0.6687580988843445,0.6728890472514836,-0.004891878639983305
2026-02-23,2026-02-21,2,1.0204821709880463e-07,0.0,0.0,,0.0,-0.8575188428582117,0.946866621656863,0.6869104063645987,0.6551072684741782,-0.04416365824308055
2026-02-24,2026-02-21,3,1.0204821709880463e-07,0.0,0.0,,0.0,-0.8533112260903487,0.9468665959988231,0.6801663331518528,0.6616028728071928,-0.009246934778849636
2026-02-25,2026-02-21,4,1.0204821709880463e-07,0.0,0.0,,0.0,-0.6549640532276586,0.9468664139416715,0.6801663331518528,0.6616028728071928,0.06134879012272432
2026-02-26,2026-02-21,5,1.0204821709880463e-07,0.0,0.0,,0.0,-0.7845544354369247,0.9468664671861403,0.6806590761430411,0.6611239249903605,-0.007396300878801609
2026-02-27,2026-02-21,6,1.0204821709880463e-07,0.0,0.0,,0.0,-0.8089338228851983,0.9468665975367911,0.6858702237248434,0.6561007963811686,-0.023902729458526895
2026-02-28,2026-02-21,7,1.0204821709880463e-07,0.0,0.0,,0.0,-0.803236460526229,0.9468665298986971,0.6600206593507457,0.6817968401817294,0.016716637240956178
2026-03-01,2026-02-21,8,1.0204821709880463e-07,0.0,0.0,,0.0,-0.8255695878935445,0.9468665651517588,0.6628151827496745,0.678922287406249,-0.01786966917841526
2026-03-02,2026-02-21,9,1.0204821709880463e-07,0.0,0.0,,0.0,-0.714003371028529,0.9468665057687098,0.6192589090670313,0.7266750520843779,0.04642374393153048
2026-03-03,2026-02-21,10,1.0204821709880463e-07,0.0,0.0,,0.0,-0.6963068398086081,0.9468665551352864,0.6146530055670136,0.732120393009187,-0.007148911391331003
2026-03-04,2026-02-21,11,1.0204821709880463e-07,0.0,0.0,,0.0,-0.5496178561351015,0.9468663837352878,0.6146530055670136,0.732120393009187,0.06334352775907992
2026-03-05,2026-02-21,12,1.0204821709880463e-07,0.0,0.0,,0.0,-0.6483006842782665,0.9468665766934116,0.606037041094817,0.742528871151286,-0.02444102029029227
2026-03-06,2026-02-21,13,1.0204821709880463e-07,0.0,0.0,,0.0,-0.7510712484172826,0.9468666258702575,0.6097711767473095,0.7379817498105211,-0.0391687374595715
2026-03-07,2026-02-21,14,1.0204821709880463e-07,0.0,0.0,,0.0,-0.7704841195385417,0.946866503480261,0.31022297512549424,1.0,-0.012495371731106153
2026-03-08,2026-02-21,15,1.0204821709880463e-07,0.0,0.0,,0.0,-0.7967756210467326,0.9468654337078084,0.31751054429329395,1.0,-0.01920389706600567
2026-03-09,2026-02-21,16,1.0204821709880463e-07,0.0,0.0,,0.0,-0.7110693574137513,0.9468653665042541,0.3109138239024598,1.0,0.03730355064027946
2026-03-10,2026-02-21,17,1.0204821709880463e-07,0.0,0.0,,0.0,-0.6574951689591952,0.9468649904024852,0.3109138239024598,1.0,0.022160194855752158
2026-03-11,2026-02-21,18,1.0204821709880463e-07,0.0,0.0,,0.0,-0.6524442547675245,0.9468653076087595,0.310766989651186,1.0,0.0034772661022810514
2026-03-12,2026-02-21,19,1.0204821709880463e-07,0.0,0.0,,0.0,-0.6534213587932864,0.9468648866166186,0.3038737880596978,1.0,0.0049789249066771735
2026-03-13,2026-02-21,20,1.0204821709880463e-07,0.0,0.0,,0.0,-0.6383227542343546,0.9468643339831543,0.2901555218897606,1.0,0.005509677020595349
2026-03-14,2026-02-21,21,1.0204821709880463e-07,0.0,0.0,,0.0,-0.625545707177499,0.9468639571580018,0.2870420389542869,1.0,0.0039750458198222205
2026-03-15,2026-02-21,22,1.0204821709880463e-07,0.0,0.0,,0.0,-0.5549881280535127,0.9468611009824799,0.2870420389542869,1.0,0.022514339236602954
2026-03-16,2026-02-21,23,1.0204821709880463e-07,0.0,0.0,,0.0,-0.4916170269490969,0.946856801168303,0.2870420389542869,1.0,0.028420286742171008
2026-03-17,2026-02-21,24,1.0204821709880463e-07,0.0,0.0,,0.0,-0.527849257264174,0.9468574152154946,0.28635853228028846,1.0,-0.013024161019872249
2026-03-18,2026-02-21,25,1.0204821709880463e-07,0.0,0.0,,0.0,-0.6012610852655922,0.9468626939685961,0.3136595564848082,1.0,-0.03602818371042593
2026-03-19,2026-02-21,26,1.0204821709880463e-07,0.0,0.0,,0.0,-0.6051378323863669,0.9468601151513898,0.3123590118990758,1.0,-0.018478651735228002
2026-03-20,2026-02-21,27,1.0204821709880463e-07,0.0,0.0,,0.0,-0.5688493780968974,0.9468594361729338,0.30760487206825005,1.0,0.008304447304447349
2026-03-21,2026-02-21,28,1.0204821709880463e-07,0.0,0.0,,0.0,-0.571985182517849,0.9468605231740304,0.31775917360441525,1.0,-0.022586775090826627
2026-03-22,2026-02-21,29,1.0204821709880463e-07,0.0,0.0,,0.0,-0.664311033572886,0.9468630542897146,0.3223182813880737,1.0,-0.015367801675379322
2026-03-23,2026-03-23,0,0.9746533789810287,0.0,0.0,,0.0,-0.5610789752172098,0.1137001829474599,0.3223103499246488,1.0,0.044908560397294295
2026-03-24,2026-03-23,1,0.9746533789810287,0.0,0.0,,0.0,-0.665406603028214,0.1137036544345367,0.3223178425587658,1.0,-0.004931991377371103
2026-03-25,2026-03-23,2,0.9746533789810287,0.0,0.0,,0.0,-0.5902810201809382,0.11371049352910106,0.28118741155805155,1.0,0.011051956198656399
2026-03-26,2026-03-23,3,0.9746533789810287,0.0,0.0,,0.0,-0.6333562991269588,0.11371485275346684,0.3061131754282076,1.0,-0.035272531478612756
2026-03-27,2026-03-23,4,0.9746533789810287,0.0,0.0,,0.0,-0.7132225728774801,0.1137566592508747,0.3304615103238503,1.0,-0.035062759816106626
2026-03-28,2026-03-23,5,0.9746533789810287,0.0,0.0,,0.0,-0.6862958369976768,0.11373634543875026,0.32944923488160965,1.0,-0.00045552234634516076
2026-03-29,2026-03-23,6,0.9746533789810287,0.0,0.0,,0.0,-0.7491838445952448,0.1137379800287766,0.3190419692817508,1.0,-0.00551546220130672
2026-03-30,2026-03-23,7,0.9746533789810287,0.0,0.0,,0.0,-0.7288316777122789,0.11372760092422766,0.3190419692817508,1.0,0.01191378458082637
2026-03-31,2026-03-23,8,0.9746533789810287,0.0,0.0,,0.0,-0.6544158684120223,0.11377585868456153,0.3127811927605949,1.0,0.022263002270897836
2026-04-01,2026-03-23,9,0.9746533789810287,0.0,0.0,,0.0,-0.6615677329753102,0.11402438030630214,0.3129028149513311,1.0,-0.0024977857340350296
2026-04-02,2026-03-23,10,0.9746533789810287,0.0,0.0,,0.0,-0.7045744166442722,0.11390163067260947,0.31812464016151715,1.0,-0.01779269200774225
2026-04-03,2026-03-23,11,0.9746533789810287,0.0,0.0,,0.0,-0.718925098497581,0.11390643047529042,0.31812464016151715,1.0,0.0009313624303253221
2026-04-04,2026-03-23,12,0.9746533789810287,0.0,0.0,,0.0,-0.6954922414829949,0.1139907418420871,0.3061921925051165,1.0,0.0050193909291964545
2026-04-05,2026-03-23,13,0.9746533789810287,0.0,0.0,,0.0,-0.62831658879594,0.11386141619918111,0.2726340725874743,1.0,0.025761503420038023
2026-04-06,2026-03-23,14,0.9746533789810287,0.0,0.0,,0.0,-0.4739385276725288,0.11378593948555712,0.2692380065478363,1.0,-0.0026149365430282456
2026-04-07,2026-03-23,15,0.9746533789810287,0.0,0.0,,0.0,-0.41147125140945495,0.11397804085106406,0.26060401518039195,1.0,0.04459545069935267
2026-04-08,2026-03-23,16,0.9746533789810287,0.0,0.0,,0.0,-0.4126790047963145,0.11385934975677464,0.263915739597412,1.0,-0.011877640105099618
2026-04-09,2026-03-23,17,0.9746533789810287,0.0,0.0,,0.0,-0.4078279102646772,0.11377959551768725,0.263915739597412,1.0,0.010103288409036182
2026-04-10,2026-03-23,18,0.9746533789810287,0.0,0.0,,0.0,-0.3261632718097034,0.11383173832000733,0.263915739597412,1.0,0.01636388380950171
2026-04-11,2026-03-23,19,0.9746533789810287,0.0,0.0,,0.0,-0.26004008447812654,0.11415078389265433,0.263915739597412,1.0,0.0011027552434326182
2026-04-12,2026-03-23,20,0.9746533789810287,0.0,0.0,,0.0,-0.39245798783720187,0.11398193812318158,0.28658335373777266,1.0,-0.03151807780495819
2026-04-13,2026-03-23,21,0.9746533789810287,0.0,0.0,,0.0,-0.19148018981917825,0.11413015161108107,0.28658335373777266,1.0,0.0519784995910435
2026-04-14,2026-03-23,22,0.9746533789810287,0.0,0.0,,0.0,-0.240056303904443,0.11409748327345869,0.2868988813826615,1.0,-0.0038490692909066704
2026-04-15,2026-03-23,23,0.9746533789810287,0.0,0.0,,0.0,-0.1942531656116752,0.11500150543885283,0.2868988813826615,1.0,0.009151838859432937
2026-04-16,2026-03-23,24,0.9746533789810287,0.0,0.0,,0.0,-0.11715704713094471,0.11419507832064711,0.2832312609831085,1.0,0.004602326507462173
2026-04-17,2026-03-23,25,0.9746533789810287,0.0,0.0,,0.0,-0.05442374270617398,0.11424852667418602,0.25266348931643473,1.0,0.02551697314950352
2026-04-18,2026-03-23,26,0.9746533789810287,0.0,0.0,,0.0,-0.09696438935095339,0.1140098156537417,0.2521494767173628,1.0,-0.017908449242267088
2026-04-19,2026-03-23,27,0.9746533789810287,0.0,0.0,,0.0,-0.1644194138788207,0.11376715625820276,0.2671304911390602,1.0,-0.024969296525804152
2026-04-20,2026-03-23,28,0.9746533789810287,0.0,0.0,,0.0,-0.11638026659278775,0.11372955137120447,0.25496777091734385,1.0,0.027630495141107048
2026-04-21,2026-03-23,29,0.9746533789810287,0.0,0.0,,0.0,-0.10663736799425672,0.11371052822729025,0.24917941748739714,1.0,0.006529188643024986
2026-04-22,2026-04-22,0,1.0,0.0,0.0,,0.0,-0.02245347008271173,0.07672384058257793,0.24917941748739714,1.0,0.02413116197240761
2026-04-23,2026-04-22,1,1.0,0.0,0.0,,0.0,-0.023958215504624375,0.07671600244484383,0.24858191265217253,1.0,0.001013709315240252
2026-04-24,2026-04-22,2,1.0,0.0,0.0,,0.0,-0.008563540480242104,0.07671630548253904,0.2512848537663035,1.0,-0.010482704017558353
2026-04-25,2026-04-22,3,1.0,0.0,0.0,,0.0,-0.012051386919905982,0.07671933210802828,0.21784200552428828,1.0,0.0024260971448708535
2026-04-26,2026-04-22,4,1.0,0.0,0.0,,0.0,-0.0052304201606691025,0.07672069941126979,0.1787613093934602,1.0,0.01330177133655397
2026-04-27,2026-04-22,5,1.0,0.0,0.0,,0.0,-0.0668705804810949,0.07671679906967217,0.18777757665490846,1.0,-0.016352276418474698
2026-04-28,2026-04-22,6,1.0,0.0,0.0,,0.0,-0.06627420186582356,0.07672228355748889,0.19252871681966932,1.0,-0.013293685567210223
2026-04-29,2026-04-22,7,1.0,0.0,0.0,,0.0,-0.12768211069828972,0.07672208295710076,0.1942507660446793,1.0,-0.007371621438415188
2026-04-30,2026-04-22,8,1.0,0.0,0.0,,0.0,-0.10706166049424917,0.07671979489928193,0.1942507660446793,1.0,0.007476510952758142
2026-05-01,2026-04-22,9,1.0,0.0,0.0,,0.0,-0.08034851398266016,0.07671599177467962,0.19405479393516217,1.0,0.024684278547156602
2026-05-02,2026-04-22,10,1.0,0.0,0.0,,0.0,-0.03680045340506244,0.07671958677278848,0.18367327629049351,1.0,0.005825302536215382
2026-05-03,2026-04-22,11,1.0,0.0,0.0,,0.0,-0.12941759926126092,0.07671839341856312,0.18374821023613058,1.0,-0.0015031736560809916
2026-05-04,2026-04-22,12,1.0,0.0,0.0,,0.0,-0.05051166192985629,0.07671701780099749,0.18374821023613058,1.0,0.01644983483853646
2026-05-05,2026-04-22,13,1.0,0.0,0.0,,0.0,-0.012462224089946239,0.07671704772276632,0.18374821023613058,1.0,0.013079098298406366
2026-05-06,2026-04-22,14,1.0,0.0,0.0021874963420598034,,-0.0021874963420598034,0.004738518429575123,0.07671717454692088,0.18352109504887731,1.0,0.006692868422327525
2026-05-07,2026-04-22,15,1.0,0.0,0.0,,0.0,-0.04253107255417718,0.07671787512336545,0.19379627794451373,1.0,-0.017692607745821376
2026-05-08,2026-04-22,16,1.0,0.0,0.0,,0.0,-0.030185083127516693,0.0767194524799609,0.1892615451327612,1.0,0.0023394495412842886
2026-05-09,2026-04-22,17,1.0,0.0,0.0,,0.0,-0.0034549790564148697,0.07671922409709986,0.1892615451327612,1.0,0.006050764672352882
2026-05-10,2026-04-22,18,1.0,0.0,0.012671202295421707,,-0.012671202295421707,0.0274481322336613,0.0767166095270957,0.1892615451327612,1.0,0.018984883190544366
2026-05-11,2026-04-22,19,1.0,0.0,0.0,,0.0,-8.870202129709903e-05,0.07671965954119193,0.1902903462968703,1.0,-0.005649186285816454
2026-05-12,2026-04-22,20,1.0,0.0,0.0,,0.0,-0.08872631876340883,0.07673621426932513,0.16303363951254526,1.0,-0.015183437895472052
2026-05-13,2026-04-22,21,1.0,0.0,0.0,,0.0,-0.1972139631020292,0.07703486640898896,0.1711203268950282,1.0,-0.014792470529897295
2026-05-14,2026-04-22,22,1.0,0.0,0.0,,0.0,-0.12687625877910622,0.07678867928498166,0.17059078749342876,1.0,0.02239691271145028
2026-05-15,2026-04-22,23,1.0,0.0,0.0,,0.0,-0.26181664871594024,0.07721565823954411,0.19108050415669647,1.0,-0.024377608136343376
2026-05-16,2026-04-22,24,1.0,0.0,0.0,,0.0,-0.3305910418128921,0.0770062476308126,0.19581855762950162,1.0,-0.012199732509905803
2026-05-17,2026-04-22,25,1.0,0.0,0.0,,0.0,-0.2744259386763582,0.07689102341176593,0.19824959286223384,1.0,-0.008834257540655255
2026-05-18,2026-04-22,26,1.0,0.0,0.0,,0.0,-0.23623566985913974,0.076770309667342,0.189086345113676,1.0,-0.005884504400919921
2026-05-19,2026-04-22,27,1.0,0.0,0.0,,0.0,-0.22979565198403842,0.07680638597912584,0.16742761995886163,1.0,-0.0021754017142699977
2026-05-20,2026-04-22,28,1.0,0.0,0.0,,0.0,-0.13834808601799048,0.0769633556769152,0.16742761995886163,1.0,0.009343085567446563
2026-05-21,2026-04-22,29,1.0,0.0,0.0,,0.0,-0.1867195362354582,0.07715801322910881,0.16742761995886163,1.0,0.000816095165800057
2026-05-22,2026-05-22,0,0.9999986316250786,0.0,0.0,,0.0,-0.36282911307139815,0.03497029668028079,0.19228898180765125,1.0,-0.026747485554435513
2026-05-23,2026-05-22,1,0.9999986316250786,0.0,0.0,,0.0,-0.27081923672155694,0.03495269382804319,0.19228898180765128,1.0,0.01605133737978126
2026-05-24,2026-05-22,2,0.9999986316250786,0.0,0.0,,0.0,-0.2991689680053134,0.03494925386632345,0.18874305838913139,1.0,0.0040774176467823775
2026-05-25,2026-05-22,3,0.9999986316250786,0.0,0.0,,0.0,-0.2399601871055238,0.03494120619935733,0.18874305838913139,1.0,0.003335497741126403
2026-05-26,2026-05-22,4,0.9999986316250786,0.0,0.0,,0.0,-0.2934789388131876,0.03495582384648085,0.19909614478542856,1.0,-0.018002635989416205
2026-05-27,2026-05-22,5,0.9999986316250786,0.0,0.0,,0.0,-0.34600946128316884,0.03498129856967946,0.20260959764085318,1.0,-0.019500985183592
2026-05-28,2026-05-22,6,0.9999986316250786,0.0,0.0,,0.0,-0.37151350214341583,0.03498701758678818,0.20101606562074448,1.0,-0.011172569789104858
2026-05-29,2026-05-22,7,0.9999986316250786,0.0,0.0,,0.0,-0.3657701880836616,0.03505840612997424,0.1994910246445948,1.0,-0.0021289771957785364
2026-05-30,2026-05-22,8,0.9999986316250786,0.0,0.0,,0.0,-0.3855743650953643,0.006625806721631299,0.1994910246445948,1.0,0.0057663422577327594
2026-05-31,2026-05-22,9,0.9999986316250786,0.0,0.0,,0.0,-0.3328831822002376,0.004753185163120585,0.19973789978668743,1.0,-0.0028421433596654833
2026-06-01,2026-05-22,10,0.9999986316250786,0.0,0.0,,0.0,-0.36917045461286446,0.0051715683613175615,0.22751618842520263,1.0,-0.030750034034893292
2026-06-02,2026-05-22,11,0.9999986316250786,0.0,0.0,,0.0,-0.573415795219439,0.07737977237918352,0.32688260738419267,1.0,-0.06509090603552203
2026-06-03,2026-05-22,12,0.9999986316250786,0.0,0.0,,0.0,-0.6544849511052611,0.8176036063034969,0.3554211914950391,1.0,-0.039215809629688625
2026-06-04,2026-05-22,13,0.9999986316250786,0.0,0.0,,0.0,-0.6702669311422207,0.9679889029871663,0.35569644389081645,1.0,-0.004002946552806086
2026-06-05,2026-05-22,14,0.9999986316250786,0.0,0.0,,0.0,-0.6264864907220217,0.9753072941135679,0.3892146755575969,1.0,-0.04429014874779269
2026-06-06,2026-05-22,15,0.9999986316250786,0.0,0.0,,0.0,-0.7965845944510768,0.9766198705773336,0.3843276143614723,1.0,-0.0028146075264422477
2026-06-07,2026-05-22,16,0.9999986316250786,0.0,0.0,,0.0,-0.677065383371854,0.9766546021585434,0.3843276143614723,1.0,0.040197179517585946
2026-06-08,2026-05-22,17,0.9999986316250786,0.0,0.0,,0.0,-0.7082712309916489,0.9766494862354226,0.3845673257637142,1.0,-0.003884607483640612
2026-06-09,2026-05-22,18,0.9999986316250786,0.0,0.0,,0.0,-0.7657380151474094,0.9766495440761412,0.391964722514513,1.0,-0.021494312762627588
2026-06-10,2026-05-22,19,0.9999986316250786,0.0,0.0,,0.0,-0.7550276516259581,0.9766424631453954,0.391662548425102,1.0,-0.003547869755386346
2026-06-11,2026-05-22,20,0.9999986316250786,0.0,0.0,,0.0,-0.618554059861721,0.9765943088931313,0.38800966365231326,1.0,0.03438409949181431
2026-06-12,2026-05-22,21,0.9999986316250786,0.0,0.0,,0.0,-0.656200361712774,0.9766105569451334,0.3845200370842814,1.0,-0.0007226606611543396
2026-06-13,2026-05-22,22,0.9999986316250786,0.0,0.0,,0.0,-0.6642541616416308,0.9766168862316037,0.3845200370842814,1.0,0.013809371845018514
2026-06-14,2026-05-22,23,0.9999986316250786,0.0,0.0,,0.0,-0.6353571349618096,0.9765850616155429,0.374760078754592,1.0,0.019988826834709927
2026-06-15,2026-05-22,24,0.9999986316250786,0.0,0.0,,0.0,-0.5939391317590371,0.9759089229175768,0.3723062827630322,1.0,0.00885659986204601
2026-06-16,2026-05-22,25,0.9999986316250786,0.0,0.0,,0.0,-0.6361029041732651,0.9735580636992995,0.37262257866189885,1.0,-0.009855908615179598
2026-06-17,2026-05-22,26,0.9999986316250786,0.0,0.0,,0.0,-0.6423464010337754,0.9757821630411764,0.37726038668417267,1.0,-0.01774815108516914
2026-06-18,2026-05-22,27,0.9999986316250786,0.0,0.0,,0.0,-0.660491251127197,0.9750736701567211,0.3866230883387461,1.0,-0.024049053316260838
2026-06-19,2026-05-22,28,0.9999986316250786,0.0,0.0,,0.0,-0.6669616667462389,0.9590489326991087,0.3866230883387461,1.0,0.009306202657930251
2026-06-20,2026-05-22,29,0.9999986316250786,0.0,0.0,,0.0,-0.6636678913083885,0.9005833142313137,0.3866230883387461,1.0,0.011867384301658568
2026-06-21,2026-06-21,0,0.00022710067266751288,0.0,0.0,,0.0,-0.696491527667819,0.9929533948629469,0.37873482650375107,1.0,-0.015335155784759191
2026-06-22,2026-06-21,1,0.00022710067266751288,0.0,0.0,,0.0,-0.6173162846625577,0.9928715354676867,0.37873482650375107,1.0,0.011183031839624658
2026-06-23,2026-06-21,2,0.00022710067266751288,0.0,0.0,,0.0,-0.5725661379673201,0.9927882411990356,0.3852862001082507,1.0,-0.02007872226199281
2026-06-24,2026-06-21,3,0.00022710067266751288,0.0,0.0,,0.0,-0.6343113818038386,0.9929936159133788,0.39643244008088824,1.0,-0.02640617445851623
2026-06-25,2026-06-21,4,0.00022710067266751288,0.0,0.0,,0.0,-0.7033661908064586,0.9930922435996022,0.39829062083230077,1.0,-0.021022139071701584
2026-06-26,2026-06-21,5,0.00022710067266751288,0.0,0.0,,0.0,-0.6705342643990501,0.993098098323469,0.3923221968684248,1.0,0.005071913569923314
2026-06-27,2026-06-21,6,0.00022710067266751288,0.0,0.0,,0.0,-0.7115974273234926,0.9930770716900948,0.3903800213543922,1.0,-0.0011359917014532872
2026-06-28,2026-06-21,7,0.00022710067266751288,0.0,0.0,,0.0,-0.7443308789865519,0.9930946565792992,0.391198545005266,1.0,-0.0075295273950923836
2026-06-29,2026-06-21,8,0.00022710067266751288,0.0,0.0,,0.0,-0.6620050328379856,0.9931012776310407,0.391198545005266,1.0,0.01146751070589147
2026-06-30,2026-06-21,9,0.00022710067266751288,0.0,0.0,,0.0,-0.7835436236832314,0.9930700713567236,0.40267768537710275,1.0,-0.027140628949019585
2026-07-01,2026-06-21,10,0.00022710067266751288,0.0,0.0,,0.0,-0.761227185843209,0.9930837425042902,0.38766084521953653,1.0,0.023868604211432443
2026-07-02,2026-06-21,11,0.00022710067266751288,0.0,0.0,,0.0,-0.7384351807827692,0.9928689574804646,0.3084878855966182,1.0,0.02558976409436231
2026-07-03,2026-06-21,12,0.00022710067266751288,0.0,0.0,,0.0,-0.6978828317947254,0.9915245663865491,0.2751232291290709,1.0,0.016622157244964297
2026-07-04,2026-06-21,13,0.00022710067266751288,0.0,0.0,,0.0,-0.6579923039224831,0.990476305107647,0.2747672731123336,1.0,0.008960063761459525
2026-07-05,2026-06-21,14,0.00022710067266751288,0.0,0.0,,0.0,-0.6357870942991084,0.992173567487351,0.22478645622179957,1.0,0.008013269983962124
2026-07-06,2026-06-21,15,0.00022710067266751288,0.0,0.0,,0.0,-0.566178839763982,0.9925841689770747,0.2245713570163652,1.0,0.006158994501178183
2026-07-07,2026-06-21,16,0.00022710067266751288,0.0,0.0,,0.0,-0.6275201989129021,0.9923796827702487,0.22761950473288065,1.0,-0.010587267547151002
2026-07-08,2026-06-21,17,0.00022710067266751288,0.0,0.0,,0.0,-0.6701580386656808,0.9924268910545764,0.2349081221920573,1.0,-0.016949532376354437
2026-07-09,2026-06-21,18,0.00022710067266751288,0.0,0.0,,0.0,-0.6386192819911227,0.9923296643304805,0.22234547492803633,1.0,0.015090704768020657
2026-07-10,2026-06-21,19,0.00022710067266751288,0.0,0.0,,0.0,-0.6104909672597458,0.992122986221606,0.22199959155427562,1.0,0.014735410406452543
2026-07-11,2026-06-21,20,0.00022710067266751288,0.0,0.0,,0.0,-0.5966990426743748,0.991634312102901,0.22278423885815557,1.0,-0.005341502690389244
2026-07-12,2026-06-21,21,0.00022710067266751288,0.0,0.0,,0.0,-0.6079483076511787,0.9914774185727813,0.22278017185980278,1.0,-0.0006111032764537505
2026-07-13,2026-06-21,22,0.00022710067266751288,0.0,0.0,,0.0,-0.6787487533591019,0.9920347596522997,0.2366957381187688,1.0,-0.022663530887425565
2026-07-14,2026-06-21,23,0.00022710067266751288,0.0,0.0,,0.0,-0.5119770411946996,0.9919843665483972,0.2366957381187688,1.0,0.043466445237727136
2026-07-15,2026-06-21,24,0.00022710067266751288,0.0,0.0,,0.0,-0.47585469615520015,0.9922416473472224,0.23720025834607686,1.0,-0.004423161067327097
2026-07-16,2026-06-21,25,0.00022710067266751288,0.0,0.0,,0.0,-0.48471391946224324,0.9919754528925541,0.2399890019896174,1.0,-0.01430100679038393
2026-07-17,2026-06-21,26,0.00022710067266751288,0.0,0.0,,0.0,-0.449664458514339,0.991543698350797,0.23171774925740868,1.0,0.0015896863866946553
2026-07-18,2026-06-21,27,0.00022710067266751288,0.0,0.0,,0.0,-0.3870712367759875,0.9897766326178113,0.21560009170087216,1.0,0.014117416297744212
2026-07-19,2026-06-21,28,0.00022710067266751288,0.0,0.0,,0.0,-0.37056504006088636,0.9895395912300916,0.2156839409330723,1.0,-0.0017225471363733202
2026-07-20,2026-06-21,29,0.00022710067266751288,0.0,0.0,,0.0,-0.30086061279280885,0.986887921171706,0.2156839409330723,1.0,0.008234689182470278
2026-07-21,2026-07-21,0,0.009600519865598178,0.0,0.0,,0.0,-0.30475716790612717,0.9088907574750776,0.20883931958960764,1.0,0.01993165021620391
2026-07-22,2026-07-21,1,0.009600519865598178,0.0,0.0,,0.0,-0.3546751805465088,0.9064393477780746,0.21012668581918564,1.0,-0.006636049916341258
2026-07-23,2026-07-21,2,0.009600519865598178,0.0,0.0,,0.0,-0.4423816600183733,0.9018284358877605,0.2050927646486121,1.0,-0.015360021683597735
2026-07-24,2026-07-21,3,0.009600519865598178,0.0,0.0,,0.0,-0.49307538616649177,0.9012536049805552,0.18981432718022784,1.0,-0.014731108648877278
2026-07-25,2026-07-21,4,0.009600519865598178,0.0,0.0,,0.0,-0.43920834036731177,0.892283997037414,0.17474955487798183,1.0,0.0036640167857837636
2026-07-26,2026-07-21,5,0.009600519865598178,0.0,0.0,,0.0,-0.3624757356962175,0.8930294393319756,0.17474955487798183,1.0,0.015922174757281526
2026-07-27,2026-07-21,6,0.009600519865598178,0.0,0.0,,0.0,-0.4412270944026789,0.9120837632032471,0.19598184829855647,1.0,-0.025139606290459637
2026-07-28,2026-07-21,7,0.009600519865598178,0.0,0.0,,0.0,-0.4096575506283062,0.9154223334114926,0.19420061981392794,1.0,0.0024960842815076045
2026-07-29,2026-07-21,8,0.009600519865598178,0.0,0.0,,0.0,-0.4502229479543619,0.9159542642554347,0.19420061981392794,1.0,0.001083939607290807
2026-07-30,2026-07-21,9,0.009600519865598178,0.0,0.0,,0.0,-0.44118145745170684,0.914460398929697,0.16882625492571804,1.0,0.01243649221339993
2026-07-31,2026-07-21,10,0.009600519865598178,0.0,0.0,,0.0,-0.5216427540156761,0.9164746215544896,0.19797423109215598,1.0,-0.029208697373047987
2026-08-01,2026-07-21,11,0.009600519865598178,0.0,0.0,,0.0,-0.4542717618440014,0.9144454324317608,0.1980063247135681,1.0,-0.0010215004862621502
2026-08-02,2026-07-21,12,0.009600519865598178,0.0,0.0,,0.0,-0.2783363348982427,0.9105757934560202,0.1980063247135681,1.0,0.01188024125950049
