date,comp_20,weighted_20,comp_60,weighted_60,comp_120,weighted_120,comp_240,weighted_240,aggregate_from_components,short_weighted,long_weighted,long_minus_short,mask20,mask20_60,existing_btc_trend,btc_drawdown_252,btc_fwd_1d,btc_fwd_5d,btc_fwd_10d
2020-08-11,,,,,,,,,,,,,False,False,,,0.015120153650606483,0.045550944164717944,0.012224282132850206
2020-08-12,,,,,,,,,,,,,False,False,,,0.0186495888650704,0.0619837033360342,0.008528812304733568
2020-08-13,,,,,,,,,,,,,False,False,,,-0.0016519524617996106,0.014007640067911664,-0.011194397283531443
2020-08-14,,,,,,,,,,,,,False,False,,,0.007810865827589497,-0.0005059291495118634,-0.0010492715470548086
2020-08-15,,,,,,,,,,,,,False,False,,,0.004944146333232036,9.702676251222009e-05,-0.04505247882285446
2020-08-16,,,,,,,,,,,,,False,False,,,0.031074636890269458,-0.031874737637477946,-0.037744102090504605
2020-08-17,,,,,,,,,,,,,False,False,,,-0.02736881703882288,-0.05033494474856959,-0.07741551469612329
2020-08-18,,,,,,,,,,,,,False,False,,,-0.015941384728853314,-0.024853892964509905,-0.035002063623220114
2020-08-19,,,,,,,,,,,,,False,False,,,0.008418838938661244,-0.0005436174294466412,-0.02456487210527969
2020-08-20,,,,,,,,,,,,,False,False,,,-0.027182573996819448,-0.045145125300015576,-0.012012435093284202
2020-08-21,,,,,,,,,,,,,False,False,,,0.01141411145625737,-0.0060626085086381565,0.010247724895805721
2020-08-22,,,,,,,,,,,,,False,False,,,-0.001271546845740712,-0.028515917057076456,0.02220791291404578
2020-08-23,,,,,,,,,,,,,False,False,,,0.008591078567976362,-0.010406820665634697,-0.02228598066814147
2020-08-24,,,,,,,,,,,,,False,False,,,-0.03658262542346913,-0.02403432015117213,-0.13681670383548117
2020-08-25,,,,,,,,,,,,,False,False,,,0.012635155790295949,0.03469918946284012,-0.07705757517392009
2020-08-26,,,,,,,,,,,,,False,False,,,-0.011434000818397072,0.016409819717085883,-0.11296496161473746
2020-08-27,,,,,,,,,,,,,False,False,,,0.017345402360732898,0.05221272366857943,-0.09480529337939225
2020-08-28,,,,,,,,,,,,,False,False,,,-0.005298037375150777,-0.012004084355651146,-0.10006758099091595
2020-08-29,,,,,,,,,,,,,False,False,,,0.021395728529266078,-0.11555978454260651,-0.11679824592005472
2020-08-30,,,,,,,,,,,,,False,False,,,-0.005264209523223928,-0.10800894189815524,-0.12739643212115614
2020-08-31,0.2717207923904458,0.040758118858566866,,,,,,,,,,,False,False,,,0.023388108169356325,-0.12728604035706215,-0.11267770060714999
2020-09-01,0.3550851556232029,0.05326277334348044,,,,,,,,,,,False,False,,,-0.044743444246210906,-0.13972271361192812,-0.1286767203742335
2020-09-02,-0.3497493810979106,-0.052462407164686586,,,,,,,,,,,False,False,,,-0.1095566244663495,-0.08913346223484309,-0.08320820754899227
2020-09-03,-0.7646378413395309,-0.11469567620092963,,,,,,,,,,,False,False,,,0.03011581869369917,-0.0014002770970875655,0.018931351908370475
2020-09-04,-0.6836860744347758,-0.10255291116521636,,,,,,,,,,,False,False,,,-0.02676175661122404,-0.021735072394399868,0.021588608352279604
2020-09-05,-0.7787185155189607,-0.11680777732784409,,,,,,,,,,,False,False,,,0.008804242088624736,0.01673897797611623,0.06084772920193293
2020-09-06,-0.8398034665598689,-0.12597051998398034,,,,,,,,,,,False,False,,,0.011431134338253823,0.01284003822078339,0.06803786977633042
2020-09-07,-0.7424111972024782,-0.11136167958037173,,,,,,,,,,,False,False,,,-0.02379056513557709,0.00650507449794846,0.05461544097232918
2020-09-08,-0.7637353240152162,-0.11456029860228242,,,,,,,,,,,False,False,,,0.009139251381256486,0.020360138841571507,0.07966504224003002
2020-09-09,-0.7614894166938247,-0.11422341250407371,,,,,,,,,,,False,False,,,0.011514599968686312,0.04428624549866922,0.08429720526068563
2020-09-10,-0.628609632349126,-0.0942914448523689,,,,,,,,,,,False,False,,,0.004935730061420784,0.04338257131994494,0.056439715310340643
2020-09-11,-0.6560784319749366,-0.09841176479624049,,,,,,,,,,,False,False,,,0.005104982821342974,0.054498074199861746,0.0028234800330000365
2020-09-12,-0.6297328256030595,-0.09445992384045893,,,,,,,,,,,False,False,,,-0.01035253598341912,0.04779942763664491,0.00849446217383143
2020-09-13,-0.7030989685823983,-0.10546484528735973,,,,,,,,,,,False,False,,,0.03280224294796308,0.05812154075892084,-0.008842688789034603
2020-09-14,-0.37765606080791214,-0.05664840912118682,,,,,,,,,,,False,False,,,0.010639284767194113,0.038314169064737946,0.00604866859012132
2020-09-15,-0.3895039989077058,-0.05842559983615587,,,,,,,,,,,False,False,,,0.015641645905402957,0.01251424391139433,-0.009145773278653957
2020-09-16,-0.22335347469155337,-0.033503021203733004,,,,,,,,,,,False,False,,,-0.001279896585816509,-0.04900397206137308,-0.020577852311619238
2020-09-17,-0.3404577503170408,-0.05106866254755612,,,,,,,,,,,False,False,,,-0.0006032912278713942,-0.037511917286944474,-0.015149922440514052
2020-09-18,-0.3119402568777722,-0.04679103853166583,,,,,,,,,,,False,False,,,0.013468832631050365,-0.06328595248134383,-0.021701411913413793
2020-09-19,-0.36132889006760804,-0.0541993335101412,,,,,,,,,,,False,False,,,-0.014472977668277487,-0.031074891815913275,-0.021674721248302276
2020-09-20,-0.4141528406704992,-0.06212292610057488,,,,,,,,,,,False,False,,,-0.04606658437329458,-0.02139230862212327,-0.013158087521565442
2020-09-21,-0.7154207854346257,-0.10731311781519386,,,,,,,,,,,False,False,,,0.010788866895390603,0.029890892195806762,0.01938233041060866
2020-09-22,-0.4927275987065202,-0.07390913980597803,,,,,,,,,,,False,False,,,-0.027365685908595005,0.02323352906707843,0.003873837682497161
2020-09-23,0.10945386411819057,0.016418079617728586,,,,,,,,,,,False,False,,,0.04831928260228535,0.044394061003021124,0.029351283898975344
2020-09-24,0.27448044060648935,0.0411720660909734,,,,,,,,,,,False,False,,,-0.004624489583022862,0.00970164823701225,-0.006491050937379006
2020-09-25,0.4911454019039428,0.07367181028559142,,,,,,,,,,,False,False,,,0.003923579562202351,0.008414220706730813,0.009875854686258512
2020-09-26,0.45139236623749035,0.06770885493562355,,,,,,,,,,,False,False,,,0.004254982010700292,-0.010203568033107846,-0.012018343493093275
2020-09-27,0.3898290915969627,0.058474363739544406,,,,,,,,,,,False,False,,,-0.007251548831705201,-0.018920110448523153,-0.010010905631482547
2020-09-28,0.5494677418476229,0.08242016127714344,,,,,,,,,,,False,False,,,0.013496482836766965,-0.01440335373948698,0.0214517039823785
2020-09-29,0.580384105091783,0.08705761576376744,,,,,,,,,,,False,False,,,-0.005893650465662037,-0.016037112747775084,0.019386595427508757
2020-09-30,0.43681350080696013,0.06552202512104402,,,,,,,,,,,False,False,,,-0.01461130097739649,0.0014494380875582635,0.04794002555539367
2020-10-01,0.23869707208406662,0.03580456081260999,,,,,,,,,,,False,False,,,-0.004588888166921379,-0.0018334835339617328,0.07061689611107513
2020-10-02,0.1353137587769666,0.020297063816544992,,,,,,,,,,,False,False,,,-0.0026810716718383976,0.009081018693710696,0.09061624914856581
2020-10-03,0.2194537641668597,0.03291806462502895,,,,,,,,,,,False,False,,,0.011816476096702111,0.0363790378730533,0.0833328590427298
2020-10-04,-0.005699290663688846,-0.0008548935995533269,,,,,,,,,,,False,False,,,0.011773165470256197,0.0360010612536481,0.0704308671061058
2020-10-05,0.0075520668200568805,0.001132810023008532,,,,,,,,,,,False,False,,,-0.0178415727640584,0.04642329976900017,0.06605783245507646
2020-10-06,-0.36918579591760986,-0.05537786938764148,,,,,,,,,,,False,False,,,0.006295484949517149,0.07258346022419593,0.06789463058249035
2020-10-07,-0.2886978633986021,-0.04330467950979031,,,,,,,,,,,False,False,,,0.024298755248964188,0.08080147078814859,0.06504637464034246
2020-10-08,-0.008047183412957841,-0.001207077511943676,,,,,,,,,,,False,False,,,0.011447457661247773,0.045305645380515625,0.052864061097041226
2020-10-09,-0.030594552232528122,-0.0045891828348792185,,,,,,,,,,,False,False,,,0.021951669767542814,0.033233369289018544,0.06341985622552171
2020-10-10,0.3573974562891559,0.053609618443373384,-0.04649419573565713,-0.011623548933914282,,,,,,0.0419860695094591,,,False,False,,,0.006711991796848116,0.018763470471663712,0.05461418443986754
2020-10-11,0.8295191664168909,0.12442787496253363,-0.0909202907020339,-0.022730072675508476,,,,,,0.10169780228702516,,,False,False,,,0.014005604704715013,-0.004371528944447367,0.12419188285357907
2020-10-12,0.8407705519315937,0.12611558278973906,-0.11536923142348157,-0.028842307855870393,,,,,,0.09727327493386867,,,False,False,,,-0.009341400472751782,-0.01457723418558754,0.1249339665604059
2020-10-13,0.9234156588440166,0.1385123488266025,-0.15589982292010993,-0.03897495573002748,,,,,,0.099537393096575,,,False,False,,,-0.00023378888600911196,0.007230818803981576,0.13156184985674968
2020-10-14,0.8321102438272583,0.12481653657408874,-0.19768982494501178,-0.049422456236252944,,,,,,0.07539408033783579,,,False,False,,,0.007639765315658353,0.029215555588641973,0.1483496512928395
2020-10-15,0.8949175291552645,0.13423762937328967,-0.18374828657586317,-0.04593707164396579,,,,,,0.08830055772932388,,,False,False,,,-0.01614933177576605,0.03519041956972191,0.1324375582349422
2020-10-16,0.7522700360052051,0.11284050540078076,-0.41541617356285837,-0.10385404339071459,,,,,,0.00898646201006617,,,False,False,,,0.003611524367188146,0.1291278981422912,0.15308958488672464
2020-10-17,0.7472686628683085,0.11209029943024627,-0.26826149881232125,-0.06706537470308031,,,,,,0.04502492472716596,,,False,False,,,0.012582524955546459,0.14157497227161486,0.20034594461365107
2020-10-18,0.8699248163089465,0.13048872244634196,-0.11802787288503667,-0.02950696822125917,,,,,,0.10098175422508279,,,False,False,,,0.021588018575797507,0.12343846984388618,0.15328510302404386
2020-10-19,0.8906815276815007,0.13360222915222508,-0.04711281625376692,-0.01177820406344173,,,,,,0.12182402508878336,,,False,False,,,0.013489376222719507,0.11575232715566641,0.14502270779740756
2020-10-20,0.9441557713772989,0.14162336570659484,0.17588266274816589,0.04397066568704147,,,,,,0.1855940313936363,,,False,False,,,0.07312936450828245,0.09394130473661177,0.13854839508681382
2020-10-21,0.9771094622348576,0.14656641933522863,0.43857942909534986,0.10964485727383746,,,,,,0.25621127660906606,,,False,False,,,0.014674953994066264,0.0212214105982651,0.07902692755473772
2020-10-22,0.9864770595784649,0.14797155893676972,0.5010573023582598,0.12526432558956496,,,,,,0.2732358845263347,,,False,False,,,-0.003504640467840603,0.0514823588196649,0.06114653021316241
2020-10-23,0.9860861232177914,0.14791291848266871,0.45339814594648303,0.11334953648662076,,,,,,0.26126245496928946,,,False,False,,,0.01459869829692173,0.0265672166133899,0.04846371643889569
2020-10-24,0.9869004656660676,0.14803506984991013,0.6463062591463471,0.16157656478658677,,,,,,0.3096116346364969,,,False,False,,,-0.006322582908586449,0.026233761677521006,0.06954078523581564
2020-10-25,0.9778679042989383,0.14668018564484075,0.5852501886801204,0.1463125471700301,,,,,,0.2929927328148708,,,False,False,,,0.0017929468724360298,0.0407764933612611,0.0855932574145184
2020-10-26,0.9895949973736642,0.14843924960604962,0.6302792526200727,0.15756981315501817,,,,,,0.30600906276106776,,,False,False,,,0.04474191687371998,0.05660429399204259,0.1944371021261566
2020-10-27,0.9935066410915316,0.14902599616372975,0.6980604974030428,0.1745151243507607,,,,,,0.32354112051449047,,,False,False,,,-0.027116851725961233,0.009190997178826654,0.14254369078707585
2020-10-28,0.9690587560717978,0.14535881341076967,0.6298626087569543,0.15746565218923858,,,,,,0.30282446560000825,,,False,False,,,0.014269131037809801,0.021329825725140195,0.11697973828619679
2020-10-29,0.9707009186661324,0.14560513779991985,0.6091710639251103,0.15229276598127758,,,,,,0.2978979037811974,,,False,False,,,0.007758793671083675,0.04219995986830849,0.1500776622546578
2020-10-30,0.9620132505609684,0.14430198758414525,0.6493657818296299,0.16234144545740747,,,,,,0.3066434330415527,,,False,False,,,0.017027898024350785,0.04306089188132822,0.13040538049129435
2020-10-31,0.9690210731085659,0.14535316096628487,0.6318998846490217,0.15797497116225542,,,,,,0.30332813212854026,,,False,False,,,-0.002139076209121904,0.13044884344862595,0.10921688057428747
2020-11-01,0.9554654284171404,0.14331981426257107,0.7612387399651445,0.19030968499128612,,,,,,0.3336294992538572,,,False,False,,,-0.015414744032263838,0.13213821167750606,0.13971878065617838
2020-11-02,0.9465487101224022,0.14198230651836033,0.9618998674463116,0.2404749668615779,,,,,,0.38245727337993823,,,False,False,,,0.034994985006682855,0.09365232479443675,0.20240719679217545
2020-11-03,0.9703247004126172,0.14554870506189257,0.9633773883227914,0.24084434708069785,,,,,,0.38639305214259045,,,False,False,,,0.008591274807412841,0.10350960136285225,0.1638082565516672
2020-11-04,0.9709104477180381,0.1456365671577057,0.9796077242056929,0.24490193105142322,,,,,,0.3905384982091289,,,False,False,,,0.1022347976281126,0.08373862857845826,0.13620182678038262
2020-11-05,0.9871255909684242,0.14806883864526363,0.9851561206749686,0.24628903016874215,,,,,,0.3943578688140058,,,False,False,,,-0.0006478503555480408,-0.018781887386930984,0.02353941816623717
2020-11-06,0.9859674801223193,0.1478951220183479,0.9828855037291567,0.24572137593228918,,,,,,0.3936164979506371,,,False,False,,,-0.048884718278399464,0.006695798181248769,0.07276353152005921
2020-11-07,0.9428685736985368,0.14143028605478053,0.9727549131591356,0.2431887282897839,,,,,,0.38461901434456447,,,False,False,,,0.04432357287948019,0.09944190629154503,0.19172779603598267
2020-11-08,0.9541884821887224,0.14312827232830835,0.9794984700774577,0.24487461751936443,,,,,,0.3880028898476728,,,False,False,,,-0.009479098681107079,0.05464261943380011,0.1486917693585177
2020-11-09,0.9352843908677625,0.14029265863016438,0.9738267049429533,0.24345667623573833,,,,,,0.3837493348659027,,,False,False,,,-0.002035436160697679,0.04840945668859331,0.16142639712794749
2020-11-10,0.8673751766515206,0.1301062764977281,0.9716509949501351,0.24291274873753377,,,,,,0.37301902523526187,,,False,False,,,0.025300692086988485,0.043131394548417745,0.21954722462462106
2020-11-11,0.8832525795022006,0.1324878869253301,0.9766238762143158,0.24415596905357895,,,,,,0.37664385597890904,,,False,False,,,0.03874079968171884,0.0656282994904438,0.19252192009303615
2020-11-12,0.9312944194828963,0.13969416292243444,0.9854786944999342,0.24636967362498355,,,,,,0.386063836547418,,,False,False,,,0.0017702091719422608,0.08393885044433236,0.13028408051628237
2020-11-13,0.9175036064757449,0.13762554097136173,0.9806646862337431,0.24516617155843579,,,,,,0.3827917125297975,,,False,False,,,-0.015333288400620093,0.08917632209402782,0.12544192344691085
2020-11-14,0.903633966398178,0.1355450949597267,0.9735972866279028,0.2433993216569757,,,,,,0.3789444166167024,,,False,False,,,-0.007059540958716193,0.1077984748404679,0.19225099483835217
2020-11-15,0.8895876740932525,0.13343815111398785,0.9662030272214346,0.24155075680535865,,,,,,0.37498890791934647,,,False,False,,,0.04741304756533182,0.16912138873221783,0.17309707338472147
2020-11-16,0.8919315563932704,0.13378973345899056,0.977554396467903,0.24438859911697575,,,,,,0.37817833257596634,,,False,False,,,0.05658934626175016,0.11907868875410821,0.026080603964323767
2020-11-17,0.9639318569547709,0.14458977854321564,0.9854490664516388,0.2463622666129097,,,,,,0.39095204515612536,,,False,False,,,0.006610651110061427,0.042756314208086454,-0.02943817959633921
2020-11-18,0.9597603622708323,0.14396405434062484,0.9844359798786474,0.24610899496966185,,,,,,0.3900730493102867,,,False,False,,,0.0015020150629045936,0.03329635488509308,-0.0031654826812600456
2020-11-19,0.9557107956569691,0.14335661934854538,0.9871961078780067,0.24679902696950168,,,,,,0.39015564631804706,,,False,False,,,0.04790533185192003,0.07623455160474579,0.02146682379533149
2020-11-20,0.9672738761689786,0.1450910814253468,0.9957804660507376,0.2489451165126844,,,,,,0.3940361979380312,,,False,False,,,0.0025799127021437496,0.003400574731435624,0.055757847346141975
2020-11-21,0.969700821017383,0.14545512315260745,0.9953821942240756,0.2488455485560189,,,,,,0.39430067170862637,,,False,False,,,-0.015471187673093079,-0.08310236422545136,0.003269923758808302
2020-11-22,0.9696667833968832,0.14545001750953246,0.9962043358180893,0.24905108395452233,,,,,,0.3945011014640548,,,False,False,,,-0.0025213921907981662,-0.06923429071657394,0.042882674076797356
2020-11-23,0.9508527551851086,0.14262791327776628,0.9942254414593694,0.24855636036484235,,,,,,0.39118427364260866,,,False,False,,,0.043119011324041834,-0.03528691202090595,0.057376959930313776
2020-11-24,0.9663176983155549,0.14494765474733323,0.9962279727081813,0.24905699317704533,,,,,,0.39400464792437856,,,False,False,,,-0.023011470244535204,-0.050888282417388964,-0.02659132223834948
2020-11-25,0.8952160827998138,0.13428241241997207,0.9944801462558911,0.24862003656397277,,,,,,0.3829024489839449,,,False,False,,,-0.08385227716488652,0.052179831199239635,0.022893716635032257
2020-11-26,0.5393699606007929,0.08090549409011893,0.9751974855002867,0.24379937137507168,,,,,,0.3247048654651906,,,False,False,,,-0.000580192857272066,0.09420057879339705,0.12886287447950284
2020-11-27,0.7531500271062853,0.1129725040659428,0.9768769671028179,0.24421924177570448,,,,,,0.35719174584164726,,,False,False,,,0.033859174585985974,0.1204566989040532,0.11828685984204923
2020-11-28,0.7289195016508535,0.10933792524762802,0.980184035405555,0.24504600885138875,,,,,,0.35438393409901675,,,False,False,,,0.02624965786956457,0.09605329616221381,0.03410074013041875
2020-11-29,0.8235287391061469,0.12352931086592203,0.9851767040298968,0.2462941760074742,,,,,,0.3698234868733962,,,False,False,,,0.08308390601259585,0.025599684135102496,0.019592532082778114
2020-11-30,0.9151994549968513,0.13727991824952768,0.9920240603047951,0.24800601507619877,,,,,,0.38528593332572647,,,False,False,,,-0.047264223413334916,-0.02783375397989518,-0.073174731555397
2020-12-01,0.7776199749145731,0.11664299623718596,0.986213591154505,0.24655339778862626,,,,,,0.3631963940258122,,,False,False,,,0.023401595313818913,0.031678191693454316,-0.03881862791074431
2020-12-02,0.7461945633727671,0.11192918450591506,0.9889479355419311,0.24723698388548276,,,,,,0.3591661683913978,,,False,False,,,0.011341854781976135,-0.0019365666376276458,-0.020589364036515234
2020-12-03,0.7701730582063236,0.11552595873094854,0.9889039754444554,0.24722599386111385,,,,,,0.3627519525920624,,,False,False,,,-0.03971702047688441,-0.05652330616469037,-0.012712968350161447
2020-12-04,0.6891475394159445,0.10337213091239168,0.9806293140192205,0.24515732850480512,,,,,,0.3485294594171968,,,False,False,,,0.026655557056854073,-0.005857209343224867,0.03338351960159813
2020-12-05,0.7757341335717094,0.11636012003575641,0.9869278761411023,0.24673196903527558,,,,,,0.36309208907103196,,,False,False,,,0.011058270305614348,-0.04663911934930942,0.014558959162634055
2020-12-06,0.6938097623417623,0.10407146435126434,0.9874455381555315,0.24686138453888287,,,,,,0.3509328488901472,,,False,False,,,-0.009943489984193699,-0.06833217971631367,0.10207547754579172
2020-12-07,0.4593489893001591,0.06890234839502386,0.9831447998974543,0.24578619997436357,,,,,,0.3146885483693874,,,False,False,,,-0.04397111687335986,-0.018688989873166917,0.18940256379487552
2020-12-08,0.17463304938768945,0.026194957408153415,0.9698794887518274,0.24246987218795685,,,,,,0.26866482959611027,,,False,False,,,0.01185159879524833,0.046434997388686394,0.2610375074150941
2020-12-09,0.2314953377660653,0.034724300664909794,0.9675349463634019,0.24188373659085047,0.9188923925570619,0.27566771776711857,,,,0.2766080372557603,,,False,False,,,-0.015460097684733665,0.03947192426844315,0.2847877816418285
2020-12-10,-0.12976719616708043,-0.019465079425062065,0.9603621419583968,0.2400905354895992,0.9015606331506473,0.27046818994519417,,,,0.22062545606453712,,,False,False,,,-0.011947653828097482,0.06419193377241816,0.2849079932050116
2020-12-11,-0.21438499623983634,-0.03215774943597545,0.9506239294289691,0.23765598235724228,0.8812611714567299,0.26437835143701893,,,,0.20549823292126684,,,False,False,,,0.04281089544385752,0.18290602460672867,0.2596497219808911
2020-12-12,0.12278234951076829,0.01841735242661524,0.9663511460572383,0.24158778651430957,0.9071644665984473,0.27214933997953417,,,,0.2600051389409248,,,False,False,,,0.019475040526480303,0.21205464070065494,0.26594621954001063
2020-12-13,0.244125245198117,0.03661878677971755,0.9711899527271897,0.24279748818179742,0.9132108947360554,0.27396326842081664,,,,0.27941627496151494,,,False,False,,,0.005118646737234167,0.20507963759042358,0.21161784178244658
2020-12-14,0.03515065676252071,0.005272598514378106,0.9705927041312908,0.2426481760328227,0.9133030595222937,0.2739909178566881,,,,0.24792077454720082,,,False,False,,,0.007953556088940328,0.2360004648957046,0.2312057090852866
2020-12-15,0.22018723883221905,0.033028085824832853,0.9763501515723492,0.2440875378930873,0.9013839725686037,0.2704151917705811,,,,0.27711562371792015,,,False,False,,,0.098272816981813,0.20740249237765251,0.2721055798723697
2020-12-16,0.8739527663239186,0.1310929149485878,0.9849240797514321,0.24623101993785804,0.9474898621041161,0.28424695863123484,,,,0.37732393488644583,,,False,False,,,0.06850735299631783,0.0648772563312261,0.24175037683637424
2020-12-17,0.9320651297632022,0.13980976946448032,0.9887763869097201,0.24719409672743003,0.9661372026954036,0.28984116080862105,,,,0.38700386619191035,,,False,False,,,0.013608274013078736,0.04446299451335167,0.15284798632812158
2020-12-18,0.9168176990820778,0.13752265486231166,0.9881363289742731,0.24703408224356826,0.9671343598729619,0.29014030796188855,,,,0.3845567371058799,,,False,False,,,0.030908726602182357,0.005425537025168126,0.1718939265750048
2020-12-19,0.9203860146452317,0.13805790219678477,0.9894226739066809,0.24735566847667023,0.9770975525768695,0.2931292657730608,,,,0.385413570673455,,,False,False,,,-0.015367978906547508,-0.003879250814701418,0.14958644692781053
2020-12-20,0.80575429182512,0.120863143773768,0.9817127305505771,0.24542818263764427,0.9728132709348927,0.2918439812804678,,,,0.36629132641141227,,,False,False,,,-0.03137044073207507,0.05358866484307323,0.23107652271192447
2020-12-21,0.8525517648665568,0.12788276472998353,0.97248275809005,0.2431206895225125,0.9664394075980914,0.28993182227942743,,,,0.37100345425249603,,,False,False,,,0.04802350029995983,0.16609719050111127,0.2730633445585353
2020-12-22,0.8821743774388957,0.13232615661583436,0.9804010125654656,0.2451002531413664,0.9724412126893859,0.2917323638068158,,,,0.37742640975720076,,,False,False,,,-0.024275969003968445,0.10377102145707884,0.2318654693943376
2020-12-23,0.8095478581665588,0.12143217872498382,0.9728132568997135,0.24320331422492839,0.9749222654404914,0.2924766796321474,,,,0.3646354929499122,,,False,False,,,0.021368102627496777,0.16557008293461473,0.38504120905135686
2020-12-24,0.9213918222816047,0.1382087733422407,0.9779064594374806,0.24447661485937014,0.9760912233318276,0.29282736699954826,,,,0.3826853882016108,,,False,False,,,0.04143713230955948,0.15406334811118794,0.39069374441616245
2020-12-25,0.9315370554472914,0.1397305583170937,0.982960951670848,0.245740237917712,0.9821847736815262,0.2946554321044579,,,,0.3854707962348057,,,False,False,,,0.07206564135434457,0.16846029555119335,0.2944359669430048
2020-12-26,0.9583312879641837,0.14374969319462755,0.9847486187414657,0.24618715468536642,0.9858181642445687,0.2957454492733706,,,,0.38993684787999394,,,False,False,,,-0.007991804748278653,0.09173005040125104,0.2814339727758508
2020-12-27,0.9596041516784829,0.14394062275177244,0.9872676162762581,0.24681690406906454,0.9855665059138591,0.2956699517741577,,,,0.390757526820837,,,False,False,,,0.03035386653658856,0.11605164970553616,0.39905013610251405
2020-12-28,0.9891267102519752,0.14836900653779628,0.9885228386523432,0.2471307096630858,0.9861928092379659,0.29585784277138977,,,,0.3954997162008821,,,False,False,,,0.011284957833276321,0.188295092101342,0.45617205101588243
2020-12-29,0.9890337060834886,0.1483550559125233,0.9888190574848268,0.2472047643712067,0.987508856202423,0.2962526568607269,,,,0.39555982028373,,,False,False,,,0.05442906700748584,0.20504108088369555,0.48193573123972966
2020-12-30,0.9958047675813424,0.14937071513720135,0.9908816440541585,0.24772041101353962,0.9890766406109689,0.2967229921832907,,,,0.39709112615074094,,,False,False,,,0.0016654233998740775,0.10781339500490716,0.3883106601642774
2020-12-31,0.996905477582715,0.14953582163740725,0.9911608689061744,0.2477902172265436,0.9922716890489712,0.29768150671469135,,,,0.39732603886395085,,,False,False,,,0.014108187665241134,0.17376449636508262,0.3189914267330898
2021-01-01,0.995657082569689,0.14934856238545335,0.993080770973007,0.24827019274325174,0.9978070347633903,0.2993421104290171,,,,0.3976187551287051,,,False,False,,,0.09704998245924479,0.25357113756486593,0.2070381897531306
2021-01-02,0.9967745321537104,0.14951617982305654,0.9943173171756547,0.2485793292939137,0.9981502200210497,0.2994450660063149,,,,0.3980955091169702,,,False,False,,,0.025536440206810118,0.2254296602713688,0.058204077091632556
2021-01-03,0.9976373813619145,0.14964560720428716,0.9949275652055826,0.24873189130139564,0.9987148934041394,0.2996144680212418,,,,0.3983774985056828,,,False,False,,,-0.03064662023239373,0.22978025790870005,0.13246434475099256
2021-01-04,0.9945542963614945,0.14918314445422418,0.9894790709619234,0.24736976774048086,0.9982548096778261,0.2994764429033478,,,,0.396552912194705,,,False,False,,,0.061297251436522426,0.25319901927898947,0.22369736072508095
2021-01-05,0.9945551186001365,0.14918326779002047,0.9926622743253772,0.2481655685813443,0.9985874130047259,0.29957622390141775,,,,0.39734883637136476,,,False,False,,,0.08305947092640165,0.12372748606534456,0.08226004896091355
2021-01-06,0.9945885054818308,0.14918827582227462,0.997087141091551,0.24927178527288776,0.9991457708379704,0.2997437312513911,,,,0.3984600610951624,,,False,False,,,0.0724222559217782,-0.03712030886586004,-0.021060469912992708
2021-01-07,0.9965951088936317,0.14948926633404475,0.9973537599998189,0.24933843999995473,0.9993282154168881,0.29979846462506643,,,,0.39882770633399944,,,False,False,,,0.029177364331963496,-0.1364628167582499,-0.09138883168814982
2021-01-08,0.9965303295049948,0.1494795494257492,0.998024226379415,0.24950605659485375,0.9993870419345834,0.299816112580375,,,,0.39898560602060296,,,False,False,,,-0.012187179744330034,-0.07913276581882822,-0.09736979770498888
2021-01-09,0.9967646851847893,0.1495147027777184,0.9978307981615162,0.24945769954037905,0.9993090862508645,0.29979272587525935,,,,0.39897240231809744,,,False,False,,,-0.04834836767509265,-0.02354108014773415,-0.10468736202305817
2021-01-10,0.9948119429434266,0.14922179144151398,0.9956890689516895,0.24892226723792238,0.9989255418207441,0.29967766254622324,,,,0.39814405867943636,,,False,False,,,-0.07196719687171849,-0.03690168445521114,-0.07029590023805998
2021-01-11,0.9633067715615498,0.14449601573423246,0.988330536192742,0.2470826340481855,0.9980959268903842,0.29942877806711526,,,,0.39157864978241796,,,False,False,,,-0.03822200981966406,0.016678967373328968,-0.12863742911558906
2021-01-12,0.9546053149229514,0.14319079723844272,0.9836890411500119,0.24592226028750297,0.9970098859249962,0.29910296577749884,,,,0.3891130575259457,,,False,False,,,0.09750423185763579,0.05219692439981638,-0.03248251752359088
2021-01-13,0.9704611010063778,0.14556916515095666,0.9905510683591421,0.24763776708978552,0.9977380972729479,0.29932142918188437,,,,0.3932069322407422,,,False,False,,,0.04744593322483692,-0.01980419240606046,-0.14164261528474453
2021-01-14,0.9716557610590115,0.14574836415885173,0.9931498743018771,0.24828746857546927,0.9980246641193268,0.299407399235798,,,,0.39403583273432097,,,False,False,,,-0.06136954105940806,-0.08310260700737016,-0.17587655992540452
2021-01-15,0.8934843562667429,0.13402265344001144,0.9846083871172563,0.24615209677931407,0.9968630929535519,0.2990589278860656,,,,0.3801747502193255,,,False,False,,,-0.020337366658846334,-0.03467373501111248,-0.12214885219238247
2021-01-16,0.8794313295395464,0.13191469943093195,0.9759427743343538,0.24398569358358846,0.9964466468513157,0.29893399405539467,,,,0.3759003930145204,,,False,False,,,-0.004622033405769388,-0.14293243113345255,-0.09799171995650513
2021-01-17,0.839824516320919,0.12597367744813784,0.974104079899124,0.243526019974781,0.9960733555022753,0.2988220066506826,,,,0.3694996974229188,,,False,False,,,0.02240276695076915,-0.08047870123903778,-0.152460840652205
2021-01-18,0.8531390184829764,0.12797085277244644,0.9771739198815275,0.24429347997038187,0.9968012205265442,0.29904036615796326,,,,0.37226433274282833,,,False,False,,,-0.02019531400358221,-0.12430008569181461,-0.08916999055724784
2021-01-19,0.7410343890460653,0.1111551583569098,0.9657725174553321,0.24144312936383303,0.9973756442565435,0.29921269327696304,,,,0.3525982877207428,,,False,False,,,-0.011792767589197228,-0.10118248086106196,-0.045673500877227435
2021-01-20,0.7112568682952536,0.10668853024428804,0.9623164745335354,0.24057911863338385,0.9970039195600998,0.2991011758680299,,,,0.3472676488776719,,,False,False,,,-0.13020384721763678,-0.09061715230785417,-0.033983934354773426
2021-01-21,0.1823678778870398,0.02735518168305597,0.8955041269912664,0.2238760317478166,0.9918901617566054,0.2975670485269816,,,,0.25123121343087257,,,False,False,,,0.06791024867642359,0.05243543544224938,0.07270147646055314
2021-01-22,0.08846088695705685,0.013269133043558527,0.9247518081884261,0.23118795204710652,0.9923755614014325,0.2977126684204297,,,,0.24445708509066505,,,False,False,,,-0.026321612545936124,-0.07828218825399891,0.017641432719879946
2021-01-23,-0.10626789112607858,-0.015940183668911787,0.8913964086072784,0.2228491021518196,0.991339679001788,0.2974019037005364,,,,0.20690891848290782,,,False,False,,,0.005670553026996705,0.04011659080990082,0.10562503896751663
2021-01-24,0.03198126926560059,0.004797190389840088,0.9078145446000957,0.22695363615002392,0.9914157201603011,0.29742471604809034,,,,0.231750826539864,,,False,False,,,-0.00017668994634212343,0.061757785981977564,0.1661186178506444
2021-01-25,-0.1971329292229247,-0.0295699393834387,0.9495373488499466,0.23738433721248664,0.9912174417740357,0.2973652325322107,,,,0.20781439782904793,,,False,False,,,0.0066214632512975324,0.06227654072957933,0.14517365180348607
2021-01-26,-0.4735787435240472,-0.07103681152860708,0.9516214980311402,0.23790537450778504,0.9918342839490589,0.29755028518471766,,,,0.16686856297917796,,,False,False,,,-0.06472942243954538,0.019256327120710903,0.17933076401613035
2021-01-27,-0.8046614361937455,-0.12069921542906183,0.9094661560017344,0.2273665390004336,0.9867632347038106,0.2960289704111432,,,,0.10666732357137178,,,False,False,,,0.09875173507342883,0.10407048638039407,0.29048101257485714
2021-01-28,-0.6449367431709487,-0.0967405114756423,0.9317280967280942,0.23293202418202355,0.9908843669355972,0.29726531008067913,,,,0.13619151270638125,,,False,False,,,0.0265950464051099,0.06298183178349914,0.16277095123432272
2021-01-29,-0.5440416871072333,-0.081606253066085,0.9140948026613802,0.22852370066534505,0.9925325676069268,0.297759770282078,,,,0.14691744759926006,,,False,False,,,0.00031180478918146903,0.09829062074844841,0.35392383554924955
2021-01-30,-0.39913137243892816,-0.05986970586583922,0.9367892548005946,0.23419731370014865,0.9927185473786976,0.2978155642136093,,,,0.17432760783430942,,,False,False,,,-0.03414482378597461,0.0780372227903785,0.3548312342686897
2021-01-31,-0.267958431315889,-0.040193764697383345,0.9113617421886061,0.22784043554715153,0.9912777951178264,0.29738333853534793,,,,0.1876466708497682,,,False,False,,,0.013096130961913977,0.1570502263622071,0.3539904837823611
2021-02-01,-0.06374076420158088,-0.009561114630237132,0.9121754327435594,0.22804385818588985,0.9913287893470552,0.29739863680411655,,,,0.21848274355565273,,,False,False,,,0.057861021041049066,0.16883933452980449,0.4307993976085094
2021-02-02,-0.22279702820524572,-0.03341955423078686,0.9484672711759684,0.2371168177939921,0.9927311856967935,0.29781935570903806,,,,0.20369726356320525,,,False,False,,,0.06069518505485805,0.0938765992673598,0.3333130323372311
2021-02-03,-0.1682465444020217,-0.02523698166030325,0.9556059621500098,0.23890149053750245,0.9948040578016953,0.2984412173405086,,,,0.2136645088771992,,,False,False,,,-0.018134781826248392,0.23275552933939792,0.25345843721515293
2021-02-04,0.02337054685809498,0.003505582028714247,0.9472577748427984,0.2368144437106996,0.994093413652327,0.2982280240956981,,,,0.24032002573941386,,,False,False,,,0.03664597719447271,0.25675737871263915,0.3151646629662779
2021-02-05,0.2653454827024949,0.039801822405374235,0.9588555407337103,0.23971388518342757,0.994372439003931,0.2983117317011793,,,,0.2795157075888018,,,False,False,,,0.023418500380253615,0.17020890963336877,0.25126141805326885
2021-02-06,0.3737813926469662,0.056067208897044925,0.9731458516777136,0.2432864629194284,0.9946593527971741,0.2983978058391522,,,,0.2993536718164733,,,False,False,,,-0.009984193713517775,0.22411982155279286,0.25382206418771136
2021-02-07,0.24686920151950964,0.03703038022792644,0.969417735270415,0.24235443381760374,0.9937780697478578,0.2981334209243573,,,,0.27938481404553017,,,False,False,,,0.1953613919484356,0.21888797441159036,0.3434407275653557
2021-02-08,0.7147045018118016,0.10720567527177023,0.9833083790848229,0.24582709477120573,0.9956013055403722,0.29868039166211163,,,,0.35303277004297595,,,False,False,,,0.0009822129959609072,0.01679400934169739,0.11164947740015219
2021-02-09,0.7373251141719667,0.110598767125795,0.9845135267259577,0.24612838168148943,0.9953400643441107,0.2986020193032332,,,,0.3567271488072844,,,False,False,,,-0.03474419231881132,0.04647459027729606,0.20434067593528882
2021-02-10,0.9127064560622792,0.13690596840934188,0.9764365997228264,0.2441091499307066,0.9946533555363386,0.29839600666090155,,,,0.3810151183400485,,,False,False,,,0.07056685498301851,0.06926328090024048,0.2462442738483086
2021-02-11,0.9138569699480219,0.13707854549220327,0.9807889569772861,0.24519723924432152,0.9958418706093312,0.29875256118279936,,,,0.3822757847365248,,,False,False,,,-0.014215488129855847,0.024264162798410815,0.19677207459488333
2021-02-12,0.9239912743492988,0.13859869115239482,0.9785907004262886,0.24464767510657215,0.9953882986865985,0.29861648960597953,,,,0.38324636625896696,,,False,False,,,-0.0028318206041328953,0.10218556238844867,0.1438023921704632
2021-02-13,0.9179705076163638,0.13769557614245456,0.9773248958538494,0.24433122396346235,0.9956819982864517,0.2987045994859355,,,,0.38202680010591694,,,False,False,,,0.03020124193885998,0.09328877549137715,0.03684356409858913
2021-02-14,0.936008664359926,0.1404012996539889,0.9713024503230392,0.2428256125807598,0.9961266078521929,0.29883798235565784,,,,0.3832269122347487,,,False,False,,,-0.013724173125208128,0.15085515417642514,0.022611362106015775
2021-02-15,0.9225331969199958,0.13837997953799935,0.9581361871411731,0.23953404678529328,0.9956224075376156,0.2986867222612847,,,,0.37791402632329263,,,False,False,,,0.025512876974229215,0.16551675916436914,-0.017477578264744387
2021-02-16,0.972822673798629,0.14592340106979435,0.9604608560623012,0.2401152140155753,0.9956883547265628,0.2987065064179688,,,,0.38603861508536963,,,False,False,,,0.060778553103842725,0.16842130971873548,-0.05813921065994743
2021-02-17,0.9685642671639386,0.1452846400745908,0.9649530833916616,0.2412382708479154,0.996337913451219,0.2989013740353657,,,,0.38652291092250624,,,False,False,,,-0.01088091242257494,0.03775846028306762,-0.11537439483066958
2021-02-18,0.9540062600243411,0.14310093900365115,0.9658587916079086,0.24146469790197714,0.9950214887015485,0.29850644661046455,,,,0.3845656369056283,,,False,False,,,0.08444578934913083,-0.05162882182469941,-0.12447364439426911
2021-02-19,0.9745202198171461,0.1461780329725719,0.9800529081059022,0.24501322702647554,0.9959910717220994,0.2987973215166298,,,,0.39119125999904747,,,False,False,,,-0.0011592673416090937,-0.11143347762315325,-0.1130284763710514
2021-02-20,0.9836032712674819,0.1475404906901223,0.9748619485572738,0.24371548713931845,0.9960346801349841,0.2988104040404952,,,,0.39125597782944077,,,False,False,,,0.02806852790923675,-0.15700704085998163,-0.13252833616189053
2021-02-21,0.985792071407446,0.14786881071111688,0.9811078733737357,0.24527696834343393,0.9962379890493563,0.2988713967148069,,,,0.39314577905455084,,,False,False,,,-0.05784676399359889,-0.19390310540743305,-0.122964219453646
2021-02-22,0.9489922110204144,0.14234883165306217,0.9693296115064737,0.24233240287661842,0.9949696139101915,0.2984908841730574,,,,0.3846812345296806,,,False,False,,,-0.09607864417158285,-0.1475611724446625,-0.10563553578847085
2021-02-23,0.7682977360550084,0.11524466040825125,0.9301381627068658,0.23253454067671644,0.9910241155337329,0.2973072346601199,,,,0.3477792010849677,,,False,False,,,0.016060215581599868,-0.07681045591213098,-0.00284899061176902
2021-02-24,0.8205286597542085,0.12307929896313127,0.9129358369241571,0.22823395923103929,0.9900645339301332,0.29701936017903996,,,,0.3513132581941706,,,False,False,,,-0.05238866902057715,-0.0017950245791746866,-0.01598350920561553
2021-02-25,0.6546648830182337,0.09819973245273504,0.8887851445846139,0.22219628614615347,0.9886100419961753,0.29658301259885256,,,,0.3203960185988885,,,False,False,,,-0.016927912871998907,0.02903785189743835,0.08280669494429271
2021-02-26,0.5569782007538445,0.08354673011307667,0.8619579048294654,0.21548947620736636,0.9869725173048064,0.29609175519144193,,,,0.29903620632044303,,,False,False,,,-0.0036830494370082567,0.0880029267320801,0.13177857534444293
2021-02-27,0.5739368227826669,0.08609052341740003,0.8522021973147873,0.21305054932869683,0.9863305461670742,0.2958991638501222,,,,0.29914107274609686,,,False,False,,,-0.021054980834560366,0.04918316165445891,0.19038711086501392
2021-02-28,-0.13751040195032732,-0.020626560292549098,0.7960285701633211,0.19900714254083027,0.9839038860576869,0.29517116581730607,,,,0.17838058224828118,,,False,False,,,0.09862202081458427,0.08011514620590443,0.2374160475331477
2021-03-01,0.29406971773410595,0.04411045766011589,0.8577029001226104,0.2144257250306526,0.9882616370219439,0.29647849110658314,,,,0.2585361826907685,,,False,False,,,-0.02311854531315949,-0.014213999104201291,0.16508611223539704
2021-03-02,0.3462427185167891,0.051936407777518366,0.8312080051340225,0.20780200128350562,0.9878301256072136,0.2963490376821641,,,,0.25973840906102397,,,False,False,,,0.03940326977445596,0.05225156970437017,0.18127481774088494
2021-03-03,0.2281512380364601,0.03422268570546901,0.7944311290681254,0.19860778226703135,0.988007040113556,0.2964021120340668,,,,0.23283046797250037,,,False,False,,,-0.0392314739985824,0.04023486291884071,0.2152761792252813
2021-03-04,0.10663484315886178,0.015995226473829265,0.7260688825360287,0.1815172206340072,0.9850894278195922,0.2955268283458776,,,,0.19751244710783644,,,False,False,,,0.007806245037374371,0.13458465058464153,0.21900608362865337
2021-03-05,0.15572673597680545,0.023359010396520816,0.7691625564244923,0.19229063910612307,0.9802116318645391,0.29406348955936173,,,,0.21564964950264387,,,False,False,,,0.0026766240609816805,0.14563345572903996,0.14057947916083346
2021-03-06,0.029707199607593212,0.004456079941138982,0.7105766428197623,0.17764416070494057,0.9804831558669798,0.2941449467600939,,,,0.18210024064607955,,,False,False,,,0.04274664397265271,0.18188543068847163,0.16403823886813607
2021-03-07,0.28201764558796144,0.042302646838194215,0.6674582938440019,0.16686457346100048,0.9868539241345738,0.29605617724037214,,,,0.20916722029919468,,,False,False,,,0.027533290499148988,0.12261635121415293,0.15579649511739357
2021-03-08,0.29019009094026965,0.04352851364104045,0.6099318879801989,0.15248297199504973,0.986081883822145,0.2958245651466435,,,,0.19601148563609017,,,False,False,,,0.04791067981259056,0.16827095740214304,0.10067728658446362
2021-03-09,0.24037402510780803,0.0360561037661712,0.6357671761792872,0.1589417940448218,0.9888055240650596,0.29664165721951785,,,,0.19499789781099303,,,False,False,,,0.017620457506217546,0.07440734633639723,0.05731144494347218
2021-03-10,0.36264217205841126,0.054396325808761685,0.6780041441536665,0.16950103603841662,0.9896667396483901,0.29690002189451703,,,,0.22389736184717832,,,False,False,,,0.034404929206133694,-0.004411512725063016,0.04029768892882024
2021-03-11,0.16481331412415276,0.024721997118622913,0.7781585201161229,0.1945396300290307,0.989993478241917,0.2969980434725751,,,,0.21926162714765363,,,False,False,,,-0.009544916705265916,-0.015100610733427167,-0.0072975063160818365
2021-03-12,0.12283133554549425,0.018424700331824136,0.8424590481406367,0.21061476203515916,0.9879165692700703,0.2963749707810211,,,,0.2290394623669833,,,False,False,,,0.06932105501197783,0.029556084647577974,-0.05484752992395192
2021-03-13,0.2985757054910236,0.044786355823653534,0.9043548208656864,0.2260887052164216,0.9903962573181567,0.297118877195447,,,,0.27087506104007514,,,False,False,,,-0.03628270003508838,-0.057857871403382166,-0.11190848459977454
2021-03-14,0.4052050909697072,0.06078076364545608,0.8286419491013036,0.2071604872753259,0.9893501196298774,0.29680503588896323,,,,0.26794125092078197,,,False,False,,,-0.05703249762457163,-0.01591193642822719,-0.11302104469332763
2021-03-15,0.6109851739747371,0.09164777609621055,0.7176135593060581,0.17940338982651452,0.9863028066317167,0.295890841989515,,,,0.27105116592272505,,,False,False,,,0.023299079942163736,0.04490731082704502,-0.07753627358592363
2021-03-16,0.6336549653300246,0.09504824479950369,0.8153172001341443,0.20382930003353608,0.9851452914148869,0.29554358742446607,,,,0.29887754483303974,,,False,False,,,0.03536368149804714,0.007922742670351424,-0.0329549259016797
2021-03-17,0.8630779466742454,0.1294616920011368,0.8584656624687732,0.2146164156171933,0.9841185158312252,0.2952355547493676,,,,0.34407810761833013,,,False,False,,,-0.021469126407987926,-0.08198058933372399,-0.05254920945251962
2021-03-18,0.8543294783899859,0.12814942175849786,0.8453862205198188,0.2113465551299547,0.9820624638474168,0.29461873915422504,,,,0.33949597688845257,,,False,False,,,0.0066238020432916045,-0.05736991432163674,-0.032447349577159224
2021-03-19,0.8707814331216489,0.13061721496824732,0.8336738697209592,0.2084184674302398,0.9824312737825586,0.29472938213476757,,,,0.33903568239848714,,,False,False,,,0.0012453901007425383,-0.09867928680350047,-0.006798895950560713
2021-03-20,0.904021754204517,0.13560326313067755,0.8510148379563877,0.21275370948909691,0.9792066217174429,0.29376198651523283,,,,0.3483569726197745,,,False,False,,,-0.012920663354346829,-0.11718128789438209,0.01108889358558729
2021-03-21,0.756424376796811,0.11346365651952164,0.8501324822083108,0.2125331205520777,0.9777899147936868,0.293336974438106,,,,0.32599677707159935,,,False,False,,,-0.05698729031956584,-0.040556351039099936,0.024218870419566718
2021-03-22,0.6005185598161031,0.09007778397241546,0.91636624458102,0.229091561145255,0.9727505963554488,0.2918251789066346,,,,0.3191693451176705,,,False,False,,,0.004763766970365069,0.03205964878220158,0.08574170376225543
2021-03-23,0.4562063625066688,0.06843095437600032,0.8883324532952563,0.22208311332381409,0.9735429276659548,0.29206287829978644,,,,0.2905140676998144,,,False,False,,,-0.03749000062383956,0.0264393903007476,0.08481863289320435
2021-03-24,0.46676898487651747,0.07001534773147762,0.8800819470993996,0.2200204867748499,0.9634502674464461,0.2890350802339338,,,,0.29003583450632753,,,False,False,,,-0.019307830333064713,0.10193973078360696,0.09078314802121845
2021-03-25,0.3146686567278375,0.04720029850917563,0.8620890291546853,0.21552225728867133,0.9640481630674487,0.28921444892023457,,,,0.262722555797847,,,False,False,,,0.07275365551144786,0.14529617431197317,0.1346796824098362
2021-03-26,0.6017988462072067,0.090269826931081,0.9008903012934042,0.22522257532335105,0.9815972561380182,0.29447917684140545,,,,0.31549240225443204,,,False,False,,,0.014385125175395697,0.06751331516845172,0.07459074950400346
2021-03-27,0.4979078322369235,0.07468617483553852,0.9047928455665455,0.22619821139163637,0.982668095767566,0.2948004287302698,,,,0.3008843862271749,,,False,False,,,-0.0007078470878300047,0.05201448873948045,0.0389487888487301
2021-03-28,0.3649881963255797,0.054748229448836956,0.9378569737415902,0.23446424343539754,0.980240488201765,0.2940721464605295,,,,0.2892124728842345,,,False,False,,,0.03330797669244823,0.05687548933147579,0.0031521597457617734
2021-03-29,0.2945212167027987,0.0441781825054198,0.9200889021610239,0.23002222554025598,0.9807234218688147,0.2942170265606444,,,,0.2742004080456758,,,False,False,,,0.01927805915350378,-0.010124494517004923,0.007669756141487127
2021-03-30,0.30342160804996665,0.045513241207494996,0.9170450628037359,0.22926126570093397,0.9765117235360452,0.2929535170608136,,,,0.274774506908429,,,False,False,,,-0.00010247406784769097,-0.009269647572615725,-0.01028196199369591
2021-03-31,0.10477565813111231,0.015716348719666845,0.9168451997342862,0.22921129993357156,0.9812448176916448,0.29437344530749343,,,,0.2449276486532384,,,False,False,,,-0.00034235294017503914,0.006629832373036937,0.017510561273260006
2021-04-01,0.16265810995032462,0.024398716492548694,0.9331720495372652,0.2332930123843163,0.9793956141928184,0.2938186842578455,,,,0.257691728876865,,,False,False,,,0.0039095415497567565,-0.012419695765222505,0.02183209117642848
2021-04-02,-0.25717341682032036,-0.03857601252304805,0.9296137693786729,0.23240344234466823,0.9787671003489685,0.2936301301046905,,,,0.19382742982162018,,,False,False,,,-0.03219795891468047,-0.050832222081048095,0.015436638602775332
2021-04-03,-0.23072297850017529,-0.034608446775026294,0.884896980376526,0.2212242450941315,0.9795658415020384,0.29386975245061153,,,,0.18661579831910519,,,False,False,,,0.020158297859809826,0.017976251114335318,0.11433546343910472
2021-04-04,0.34100079834958846,0.051150119752438265,0.8610914451967316,0.2152728612991829,0.9790688388911319,0.29372065166733957,,,,0.26642298105162115,,,False,False,,,0.015944122891975665,-0.001021786017355808,0.08174150686548454
2021-04-05,0.2926815869943739,0.043902238049156085,0.8859526371686461,0.22148815929216153,0.9794657006258474,0.2938397101877542,,,,0.26539039734131764,,,False,False,,,-0.019259938992041037,0.010809066600552475,0.06815475531113746
2021-04-06,-0.12625015112258778,-0.018937522668388166,0.844902451950703,0.21122561298767575,0.9785728519158924,0.2935718555747677,,,,0.1922880903192876,,,False,False,,,-0.03513812021317053,0.03468253345553585,0.05765793573674616
2021-04-07,-0.22984905927865174,-0.03447735889179776,0.7838167754774694,0.19595419386936735,0.9795342705881681,0.2938602811764504,,,,0.1614768349775696,,,False,False,,,0.03796137682305556,0.06981785752263714,0.07243896488956447
2021-04-08,0.006148147573744551,0.0009222221360616825,0.831087695555253,0.20777192388881324,0.9814039481432976,0.29442118444298926,0.9928702690724264,0.2978610807217279,0.8009764111895921,0.20869414602487493,0.5922822651647172,0.38358811913984225,False,False,0.8009764111895921,,0.0011195381620978662,0.0946576231216485,-0.033188572790298076
2021-04-09,0.005203853428599681,0.0007805780142899522,0.6524595114880082,0.16311487787200205,0.982717199835197,0.29481515995055907,0.9925230557555237,0.2977569167266571,0.7564675325635082,0.163895455886292,0.5925720766772162,0.4286766207909242,False,False,0.7564675325635082,,0.0279759019815784,0.08284794575537968,-0.043159449174391074
2021-04-10,0.29645386029154436,0.04446807904373165,0.7005761377867843,0.17514403444669607,0.9853096555576356,0.29559289666729066,0.9927361295974596,0.2978208388792379,0.8130258490369562,0.21961211349042772,0.5934137355465285,0.3738016220561008,False,False,0.8130258490369562,,0.0039033527842884386,0.056732463731695715,-0.05595078931214148
2021-04-11,0.7027188594974209,0.10540782892461313,0.7670184350768146,0.19175460876920364,0.9830251904731163,0.2949075571419349,0.9928774180589875,0.2978632254176963,0.889933220253448,0.2971624376938168,0.5927707825596311,0.29560834486581433,False,False,0.889933220253448,,-0.002373737196976866,0.02220526735333883,-0.10357580517989029
2021-04-12,0.6702020588582448,0.10053030882873672,0.6572562822273695,0.16431407055684238,0.9814526920648384,0.29443580761945154,0.9926186986913089,0.29778560960739264,0.8570657966124232,0.2648443793855791,0.5922214172268442,0.3273770378412651,False,False,0.8570657966124232,,0.062061476779151414,0.0024500501169395505,-0.13646909455395928
2021-04-13,0.9207550324804904,0.13811325487207354,0.7758359124108981,0.19395897810272453,0.9847899034743732,0.295436971042312,0.9937477007858176,0.29812431023574526,0.9256335142528552,0.33207223297479804,0.5935612812780573,0.26148904830325925,False,False,0.9256335142528552,,-0.009681006685017701,-0.11679103421156112,-0.19582949272512784
2021-04-14,0.9357517780667967,0.1403627667100195,0.7656632196689758,0.19141580491724394,0.9836008651375702,0.29508025954127104,0.9928370466613765,0.29785111399841296,0.9247099451669474,0.33177857162726343,0.592931373539684,0.2611528019124205,False,False,0.9247099451669474,,0.003183791238594136,-0.11636665648552336,-0.20507919928881302
2021-04-15,0.8727983310347718,0.13091974965521577,0.7261541307299163,0.18153853268247908,0.9778782445092904,0.2933634733527871,0.9936232190100112,0.29808696570300336,0.9039087213934853,0.31245828233769485,0.5914504390557904,0.2789921567180956,False,False,0.9039087213934853,,-0.028897729226640023,-0.10663366264523833,-0.22313512448863992
2021-04-16,0.7014622566029757,0.10521933849044635,0.6972195474519667,0.17430488686299167,0.9678476986189136,0.2903543095856741,0.9932813735719949,0.2979844120715984,0.8678629470107105,0.279524225353438,0.5883387216572725,0.3088144963038345,False,False,0.8678629470107105,,-0.021653938710161302,-0.12304874231268392,-0.11956360826154167
2021-04-17,0.5754368412258343,0.08631552618387514,0.6022897897436712,0.1505724474359178,0.9625694261832225,0.2887708278549667,0.9924944556059091,0.2977483366817727,0.8234071381565323,0.23688797361979294,0.5865191645367394,0.3496311909169464,False,False,0.8234071381565323,,-0.06427036598937519,-0.13857961766243954,-0.08323559418237914
2021-04-18,-0.20240321513900625,-0.030360482270850937,0.2516803251673781,0.06292008129184452,0.9425030178330482,0.2827509053499145,0.9911341260081635,0.29734023780244906,0.6126507421733571,0.03255959902099359,0.5800911431523635,0.54753154413137,True,False,0.6126507421733571,,-0.009205163097922964,-0.08949009982366884,-0.02321976434198325
2021-04-19,-0.40831796197451165,-0.06124769429617674,0.2572045887199335,0.06430114717998338,0.9440164189761778,0.2832049256928533,0.9904732393298026,0.29714197179894075,0.5834003503756007,0.003053452883806637,0.580346897491794,0.5772934446079874,True,False,0.5834003503756007,-0.12492111679119156,0.01423360248945138,-0.10039519610074144,-0.037354353897694814
2021-04-20,-0.30717320957510147,-0.04607598143626522,0.03319426703529117,0.008298566758822793,0.9539717169554179,0.2861915150866254,0.9909601075328724,0.2972880322598617,0.5457021326690447,-0.03777741467744243,0.5834795473464871,0.6212569620239295,True,False,0.5457021326690447,-0.11246559182068427,-0.0467411608329642,-0.13040726628267618,0.022494816127602846
2021-04-21,-0.5726012787590053,-0.0858901918138508,-0.13190881364227464,-0.03297720341056866,0.9320421440788603,0.2796126432236581,0.9888008779316192,0.29664026337948574,0.45738551137872435,-0.11886739522441946,0.5762529066031439,0.6951203018275633,True,True,0.45738551137872435,-0.1539499803381833,-0.03898052396062068,0.003974147959298513,0.07460339858811404
2021-04-22,-0.7380300289565049,-0.11070450434347574,-0.3539628886535592,-0.0884907221633898,0.9272517372930345,0.27817552118791034,0.9886871042540226,0.2966061312762068,0.37558642595725156,-0.19919522650686555,0.5747816524641172,0.7739768789709827,True,True,0.37558642595725156,-0.18692945340149436,-0.010946208002327706,0.0642474041882759,0.0945474798688204
2021-04-23,-0.6668248018081079,-0.10002372027121618,-0.20018514274252197,-0.05004628568563049,0.9173818936769051,0.27521456810307154,0.9877249226201356,0.29631747678604065,0.4214620389322655,-0.15007000595684666,0.5715320448891121,0.7216020508459589,True,True,0.4214620389322655,-0.19582949272512784,-0.021071824937789918,0.07278376157013944,0.11822461513063831
2021-04-24,-0.8086952124618539,-0.12130428186927808,0.08997960432041974,0.022494901080104934,0.8950555563343694,0.2685166669003108,0.9872704878395312,0.2961811463518593,0.46588843246299694,-0.09880938078917315,0.5646978132521701,0.6635071940413432,True,False,0.46588843246299694,-0.21277483287455767,-0.019602644190038987,0.07007615113859078,0.06298313773381636
2021-04-25,-0.8869092213168952,-0.13303638319753427,-0.047535138746624024,-0.011883784686656006,0.8545849102684352,0.25637547308053055,0.9855204925264548,0.2956561477579364,0.40711145295427664,-0.1449201678841903,0.552031620838467,0.6969517887226573,True,True,0.40711145295427664,-0.22820652772316163,0.10056948928979836,0.17583183078894327,0.17057042882586337
2021-04-26,-0.3993900130569774,-0.059908501958546606,0.46739551693156134,0.11684887923289033,0.8981516610414466,0.269445498312434,0.9890853870881111,0.29672561612643333,0.623111491713211,0.05694037727434373,0.5661711144388673,0.5092307371645235,True,False,0.623111491713211,-0.15058765237907978,0.0187139627331816,0.07034967062884867,0.044300526338303614
2021-04-27,-0.10165427310980654,-0.01524814096647098,0.5640554488910948,0.1410138622227737,0.8938476905131189,0.2681543071539356,0.9889947846258619,0.29669843538775853,0.6906184637979969,0.12576572125630273,0.5648527425416942,0.43908702128539145,True,False,0.6906184637979969,-0.13469178136059767,-0.0030129806294884043,0.028470894607119046,0.04185961709787889
2021-04-28,-0.3404295757456554,-0.05106443636184831,0.5657719533510709,0.14144298833776772,0.887845026419323,0.2663535079257969,0.9890814266007493,0.29672442798022475,0.6534564878819411,0.0903785519759194,0.5630779359060216,0.47269938393010225,True,False,0.6534564878819411,-0.13729893826189543,-0.023542552248814963,0.04235788719806033,0.07321981350765827
2021-04-29,-0.46610977648443996,-0.06991646647266599,0.5589576214626929,0.13973940536567322,0.850840858189963,0.2552522574569889,0.9871709279542225,0.2961512783862667,0.6212264747362628,0.06982293889300724,0.5514035358432556,0.4815805969502484,True,False,0.6212264747362628,-0.1576091230829728,0.07729007562319112,-0.006628512743908077,0.08749584539258692
2021-04-30,-0.19557401131578325,-0.029336101697367487,0.5166460168196387,0.12916150420490968,0.8839971743719254,0.2651991523115776,0.9912882421654073,0.2973864726496222,0.662411027468742,0.0998254025075422,0.5625856249611998,0.4627602224536576,True,False,0.662411027468742,-0.09250066850176963,0.0018390041160067927,-0.004474621136553059,-0.03255314609232418
2021-05-01,-0.20671410624200365,-0.031007115936300546,0.5851940425369762,0.14629851063424404,0.8785441032841717,0.2635632309852515,0.994824821137777,0.2984474463413331,0.677302072024528,0.1152913946979435,0.5620106773265845,0.446719282628641,True,False,0.677302072024528,-0.09083177349587102,-0.021144501324126486,-0.024337041441084284,-0.019556103187574836
2021-05-02,-0.304440547726544,-0.045666082158981595,0.4177922454335073,0.10444806135837682,0.8196766058636564,0.24590298175909692,0.9938244569229057,0.2981473370768717,0.6028322980353638,0.05878197919939523,0.5440503188359687,0.48526833963657345,True,False,0.6028322980353638,-0.11005568226504125,0.010448898966580966,0.013018085938031554,-0.12278384204802517
2021-05-03,-0.5610098300379144,-0.08415147450568715,0.5687701102679019,0.14219252756697548,0.8097853917796587,0.24293561753389759,0.9946205489103319,0.2983861646730996,0.5993628352682855,0.05804105306128833,0.5413217822069971,0.4832807291457088,True,False,0.5993628352682855,-0.10075674400314594,-0.06943191102791191,0.029607802357170643,-0.13116144846044353
2021-05-04,-0.7326969325197342,-0.10990453987796013,0.31341747297916,0.07835436824479,0.7750098525362739,0.23250295576088215,0.9925428776968316,0.29776286330904944,0.49871564743676144,-0.03155017163317013,0.5302658190699316,0.5618159907031017,True,False,0.49871564743676144,-0.16319292174596933,0.07962592488234499,0.09475242579841603,-0.06313081520097463
2021-05-05,-0.4438023681437346,-0.06657035522156018,0.5204162815043298,0.13010407037608246,0.7866971932856499,0.23600915798569497,0.993775785687016,0.29813273570610477,0.597675608846322,0.06353371515452227,0.5341418936917998,0.4706081785372775,True,False,0.597675608846322,-0.0965613841918993,-0.0181493837239326,-0.028204730438743164,-0.18582595513519284
2021-05-06,-0.4003737789008196,-0.060056066835122934,0.34906733243847865,0.08726683310961966,0.7033628097656145,0.21100884292968433,0.9939115569359416,0.29817346708078246,0.5363930762849636,0.027210766274496728,0.5091823100104668,0.48197154373597006,True,False,0.5363930762849636,-0.11295823830121898,0.016332858575641707,0.004900194489878995,-0.17665419245560854
2021-05-07,-0.2275995101774121,-0.03413992652661181,0.3147622873596729,0.07869057183991822,0.6475786208107626,0.19427358624322877,0.994051421314383,0.29821542639431486,0.5370396579508501,0.04455064531330641,0.49248901263754363,0.4479383673242372,True,False,0.5370396579508501,-0.09847031065670464,0.026996541030014143,-0.1340567654923035,-0.24036936390719665
2021-05-08,0.24574603554105684,0.036861905331158525,0.24996318073622095,0.06249079518405524,0.6451319000873966,0.193539570026219,0.9943306481292822,0.29829919443878467,0.5911914649802175,0.09935270051521376,0.49183876446500363,0.39248606394978985,False,False,0.5911914649802175,-0.07413212740857256,-0.010553658936445554,-0.15614610772135873,-0.2720304508592549
2021-05-09,0.23881362370735743,0.03582204355610361,0.15185542932360216,0.03796385733090054,0.6471631403970524,0.1941489421191157,0.9940113979749777,0.2982034193924933,0.5661382623986131,0.07378590088700415,0.492352361511609,0.41856646062460484,False,False,0.5661382623986131,-0.08390342115611493,-0.04163229788581346,-0.14421821525925793,-0.3700281451984553
2021-05-10,-0.056204400392829555,-0.008430660058924433,-0.12467896540770142,-0.031169741351925354,0.656179625981018,0.19685388779430538,0.992833960043331,0.2978501880129993,0.4551036743964549,-0.039600401410849785,0.4947040758073047,0.5343044772181544,True,True,0.4551036743964549,-0.12204262681871803,0.01529808403089139,-0.16219591680829237,-0.27392614394331105
2021-05-11,0.27246544236649045,0.04086981635497357,-0.03518321564810994,-0.008795803912027484,0.7549986433894851,0.22649959301684552,0.9934345547713223,0.2980303664313967,0.5566039718911883,0.03207401244294608,0.5245299594482422,0.49245594700529616,False,False,0.5566039718911883,-0.1086115611482501,-0.12420500292747383,-0.18066907334777715,-0.34265048785936547
2021-05-12,-0.17680475933782544,-0.026520713900673815,-0.6070944219410045,-0.15177360548525112,0.64158986083365,0.192476958250095,0.9870077616049926,0.29610232848149776,0.3102849673456678,-0.17829431938592494,0.4885792867315928,0.6668736061175178,True,True,0.3102849673456678,-0.219326464805348,0.0007988907004690127,-0.12277086323716557,-0.24544158809396965
2021-05-13,-0.12623082753037984,-0.018934624129556977,-0.5234311856706773,-0.13085779641766931,0.5259028141677176,0.15777084425031526,0.9865866300449652,0.29597598901348954,0.3039544127165785,-0.1497924205472263,0.4537468332638048,0.6035392538110311,True,True,0.3039544127165785,-0.2187027919779787,0.0034321858421528795,-0.1373274973289228,-0.3023037399913874
2021-05-14,-0.018246905142035495,-0.0027370357713053244,-0.36059931841785275,-0.09014982960446319,0.46081832190524863,0.1382454965715746,0.9860558782117772,0.29581676346353314,0.3411753946593392,-0.09288686537576851,0.4340622600351077,0.5269491254108762,True,True,0.3411753946593392,-0.21602123476209212,-0.061765056995733425,-0.26386391246643104,-0.2216059123480556
2021-05-15,-0.2021892520567353,-0.030328387808510292,-0.5814791143302027,-0.14536977858255068,0.4600867795731611,0.1380260338719483,0.9823930311042924,0.2947179093312877,0.25704577681217505,-0.17569816639106098,0.43274394320323606,0.608442109594297,True,True,0.25704577681217505,-0.2644437278804562,-0.007088725507072957,-0.13336080520086502,-0.18044761466279202
2021-05-16,-0.6152490102265505,-0.09228735153398258,-0.6715062312398185,-0.1678765578099546,0.48201797687692655,0.14460539306307796,0.9820053553926369,0.29460160661779106,0.17904309033693183,-0.2601639093439372,0.439206999680869,0.6993709090248061,True,True,0.17904309033693183,-0.26965788438851745,-0.062316746174472026,-0.1976996220238415,-0.15484294067604953
2021-05-17,-0.7943241247193172,-0.11914861870789759,-0.735643383181219,-0.18391084579530476,0.37878244024486263,0.11363473207345878,0.9762320737795888,0.29286962213387663,0.1034448897041331,-0.3030594645032023,0.40650435420733544,0.7095638187105378,True,True,0.1034448897041331,-0.31517042862760514,-0.015808244927883797,-0.13983886275082658,-0.11502722676537569
2021-05-18,-0.815654695191886,-0.1223482042787829,-0.768439798809891,-0.19210994970247275,0.3102394362770625,0.09307183088311875,0.9761212389937926,0.29283637169813775,0.07145004860000087,-0.31445815398125565,0.3859082025812565,0.7003663565625122,True,True,0.07145004860000087,-0.3259963822257177,-0.1437507963868193,-0.19123855478371177,-0.16770891239114882
2021-05-19,-0.8978450030792505,-0.13467675046188757,-0.8802452711191114,-0.22006131777977786,0.04288884231018739,0.012866652693056218,0.9621991793324517,0.2886597537997355,-0.053211661748873706,-0.3547380682416654,0.3015264064927917,0.6562644747344571,False,False,-0.053211661748873706,-0.4228849390483681,0.10456638291157105,0.057405146730356904,-0.05682569871046905
2021-05-20,-0.8645983400694962,-0.12968975101042443,-0.7575799955312894,-0.18939499888282235,0.24992534751126236,0.07497760425337871,0.9699387933122458,0.2909816379936737,0.04687449235380567,-0.31908474989324676,0.36595924224705245,0.6850439921402992,True,True,0.04687449235380567,-0.3625381046008651,-0.08080191202626219,-0.054332656247840894,-0.12054712653207866
2021-05-21,-0.9199934825820973,-0.1379990223873146,-0.7814316671901019,-0.19535791679752548,0.3538057388608337,0.10614172165825012,0.9630945331120695,0.2889283599336208,0.061713142407030824,-0.3333569391848401,0.39507008159187096,0.7284270207767111,True,True,0.061713142407030824,-0.4140462445930003,0.005307633064632,0.05341725184761836,4.831954034156816e-05
2021-05-22,-0.9024596304956937,-0.13536894457435406,-0.7808180829407845,-0.19520452073519612,0.24807109728098545,0.07442132918429563,0.9584509171055455,0.28753527513166366,0.0313831390064091,-0.3305734653095502,0.3619566043159593,0.6925300696255094,True,True,0.0313831390064091,-0.4109362170664569,-0.07461949658916112,0.028845334799476596,-0.02020415100456019
2021-05-23,-0.9445983999089377,-0.14168975998634065,-0.8143344444197786,-0.20358361110494466,0.15003818814467207,0.04501145644340162,0.9467729783515167,0.284031893505455,-0.01623002114242872,-0.3452733710912853,0.3290433499488566,0.674316721040142,False,False,-0.01623002114242872,-0.45489186000786475,0.1194924289970496,0.02909342740277432,0.08406893616407318
2021-05-24,-0.7714997187682726,-0.11572495781524089,-0.6258037376848632,-0.1564509344212158,0.3386329206235496,0.10158987618706487,0.9595403334340903,0.28786210003022705,0.11727608398083528,-0.27217589223645666,0.38945197621729194,0.6616278684537487,True,True,0.11727608398083528,-0.3897555642941407,-0.012155028225637077,-0.10802940178042797,0.01161193505873892
2021-05-25,-0.881443880907311,-0.13221658213609663,-0.7491064660560326,-0.18727661651400815,0.3179854227948387,0.09539562683845161,0.9574651878877954,0.28723955636633863,0.06314198455468545,-0.3194931986501048,0.38263518320479023,0.702128381854895,True,True,0.06314198455468545,-0.3971731026346834,0.023932073084943717,-0.070018776392887,-0.03902755192992935
2021-05-26,-0.8411542091196716,-0.12617313136795075,-0.7371264428175205,-0.18428161070438012,0.34667984244304006,0.10400395273291202,0.9611517578344374,0.2883455273503312,0.08189473801091235,-0.31045474207233087,0.3923494800832432,0.7028042221555741,True,True,0.08189473801091235,-0.38274620526936687,-0.018142083298188116,-0.050662671618175725,-0.09501856561008382
2021-05-27,-0.8744758155676793,-0.1311713723351519,-0.7577361649685922,-0.18943404124214805,0.42852367065393454,0.12855710119618036,0.9572439129398925,0.2871731738819677,0.09512486150084815,-0.32060541357729994,0.4157302750781481,0.736335688655448,True,True,0.09512486150084815,-0.3939444750294927,-0.07439635317744797,-0.04767430452857768,-0.0709491673756385
2021-05-28,-0.9353382404481005,-0.14030073606721508,-0.853881724709964,-0.213470431177491,0.12806042260635153,0.03841812678190546,0.9458301800748753,0.2837490540224626,-0.03160398644033802,-0.3537711672447061,0.32216718080436807,0.6759383480490742,False,False,-0.03160398644033802,-0.43903279591034217,-0.029675727193272383,0.05342130004663037,-0.05918377590078805
2021-05-29,-0.9433660889418121,-0.1415049133412718,-0.8857809343593248,-0.2214452335898312,0.019801839609048667,0.0059405518827146,0.943162192491226,0.28294865774736777,-0.07406093730102065,-0.362950146931103,0.28888920963008236,0.6518393565611853,False,False,-0.07406093730102065,-0.45567990562327954,0.029941208172771905,0.13413148042993606,-0.03538028299256046
2021-05-30,-0.9051740908797553,-0.1357761136319633,-0.8660619704604404,-0.2165154926151101,0.0759249168518835,0.02277747505556505,0.9484255514123526,0.2845276654237058,-0.044986465767802575,-0.3522916062470734,0.3073051404792708,0.6595967467263442,False,False,-0.044986465767802575,-0.4393823043649233,0.04524361786210207,0.033324570084062755,0.049010038082257124
2021-05-31,-0.880699439432479,-0.13210491591487183,-0.8300823967371974,-0.20752059918429935,0.22426783783534512,0.06728035135060353,0.9547496977235157,0.2864249093170547,0.014079745568487068,-0.33962551509917116,0.3537052606676583,0.6933307757668294,True,True,0.014079745568487068,-0.4140179315768777,-0.015051346426043444,-0.04672300631801152,-0.015517607460820648
2021-06-01,-0.7918408000829645,-0.11877612001244467,-0.8450403433417446,-0.21126008583543615,0.17210079951828597,0.05163023985548579,0.9509864255883612,0.28529592767650835,0.006889961684113266,-0.33003620584788085,0.3369261675319941,0.666962373379875,True,True,0.006889961684113266,-0.42283775068816365,0.02386253106511349,-0.024440023993618443,0.017411725204936612
2021-06-02,-0.7561453985773812,-0.11342180978660717,-0.7969596776815637,-0.19923991942039093,0.110992965597101,0.0332978896791303,0.9525947785801605,0.28577843357404814,0.006414594046180333,-0.3126617292069981,0.3190763232531784,0.6317380524601766,True,True,0.006414594046180333,-0.4090651985843492,0.044667792427096176,-0.10689462605553346,-0.05383660006154056
2021-06-03,-0.679887385804095,-0.10198310787061425,-0.7706020190667854,-0.19265050476669635,0.08204244104408143,0.024612732313224427,0.9602443683608,0.28807331050824,0.01805243018415381,-0.2946336126373106,0.3126860428214644,0.607319655458775,True,True,0.01805243018415381,-0.3826694455367676,-0.06160478347401155,-0.14946394342059577,-0.005764038281857009
2021-06-04,-0.6796185423361273,-0.10194278135041909,-0.838693773589148,-0.209673443397287,-0.005625956530397015,-0.0016877869591191044,0.9503472084854265,0.2851041625456279,-0.028199849161197277,-0.3116162247477061,0.28341637558650884,0.595032600334215,False,False,-0.028199849161197277,-0.4206999606763665,-0.03572728013250437,0.015179613891227017,0.10011919954383774
2021-06-05,-0.7291067402422037,-0.10936601103633055,-0.8503542112388437,-0.21258855280971092,-0.14410952181398304,-0.04323285654419491,0.9406094076463268,0.282182822293898,-0.08300459809633837,-0.3219545638460415,0.23894996574970312,0.5609045295957447,False,False,-0.08300459809633837,-0.4413967754620527,0.007971965353727573,0.03273487041438128,0.13039771127355482
2021-06-06,-0.5962901058371578,-0.08944351587557367,-0.8168905022144898,-0.20422262555362244,-0.17284172709891527,-0.05185251812967458,0.9400271701686045,0.28200815105058136,-0.06351050850828932,-0.2936661414291961,0.2301556329209068,0.5238217743501029,False,False,-0.06351050850828932,-0.4369436099095557,-0.06267461646186423,0.04290023189541059,0.07131181957022958
2021-06-07,-0.6874762927098962,-0.10312144390648442,-0.8862459194467258,-0.22156147986168145,-0.27108658676969105,-0.08132597603090731,0.9220419700259594,0.27661259100778784,-0.12939630879128533,-0.3246829237681659,0.19528661497688055,0.5199695387450465,False,False,-0.12939630879128533,-0.4722329532048761,-0.00512565423024447,0.05940847243999681,0.13531452973061264
2021-06-08,-0.3637220045816759,-0.054558300687251385,-0.8897226015829872,-0.2224306503957468,-0.5858290363894423,-0.17574871091683267,0.919367870745053,0.2758103612235159,-0.17692730077631502,-0.2769889510829982,0.10006165030668321,0.3770506013896814,False,False,-0.17692730077631502,-0.47493810460086516,0.12004621817145855,0.16895216143646619,0.07306683091273092
2021-06-09,-0.30660664399411136,-0.0459909965991167,-0.8178096676469246,-0.20445241691173116,-0.4052452710314527,-0.1215735813094358,0.9366018200728831,0.2809805460218649,-0.09103644879841877,-0.25044341351084787,0.1594069647124291,0.40985037822327697,False,False,-0.09103644879841877,-0.4119064097522611,-0.0190523442650794,0.08366951472462447,-0.05093418886515888
2021-06-10,-0.06465270327979925,-0.009697905491969886,-0.8357585639543079,-0.20893964098857698,-0.3786864173755902,-0.11360592521267707,0.9347349053226995,0.28042047159680983,-0.05182300009641411,-0.21863754648054687,0.16681454638413276,0.38545209286467963,False,False,-0.05182300009641411,-0.42311097129374753,0.017893581911957,0.09456719595416252,-0.029326213636705623
2021-06-11,-0.013041258967345714,-0.001956188845101857,-0.8195342319867921,-0.20488355799669802,-0.46486288421259797,-0.13945886526377937,0.9379210601900054,0.28137631805700164,-0.06492229404857758,-0.20683974684179987,0.14191745279322227,0.34875719963502216,False,False,-0.06492229404857758,-0.41278836020448284,-0.047837537682169584,0.02724286255376751,-0.15330153932365764
2021-06-12,0.10832548478268421,0.01624882271740263,-0.892989988350837,-0.22324749708770925,-0.5159618437409407,-0.1547885531222822,0.926522515091309,0.2779567545273927,-0.08383047296519613,-0.2069986743703066,0.1231682014051105,0.33016687577541715,False,False,-0.08383047296519613,-0.4408791191506095,0.09774515411109674,0.07164947162994761,-0.085425662611183
2021-06-13,0.025710049861122734,0.00385650747916841,-0.8162774465475685,-0.20406936163689213,-0.35564947019584475,-0.10669484105875342,0.9444944385218074,0.2833483315565422,-0.02355936365993494,-0.20021285415772372,0.17665349049778878,0.3768663446555125,False,False,-0.02355936365993494,-0.3862277624852536,0.03833157742185733,-0.0820267361548025,-0.13691496561941563
2021-06-14,0.24044006179129138,0.0360660092686937,-0.7845723152646774,-0.19614307881616935,-0.34174883747417417,-0.10252465124225225,0.9493369840373994,0.2848010952112198,0.022199374421491946,-0.16007706954747564,0.18227644396896758,0.3423535135164432,False,False,0.022199374421491946,-0.3627009044435706,-0.009187662542646469,-0.12421102721892852,-0.14446534961616686
2021-06-15,0.10025400700916083,0.015038101051374124,-0.7660598128622047,-0.19151495321555118,-0.3338264763738402,-0.10014794291215207,0.9461328239049446,0.28383984717148336,0.007215052095154273,-0.17647685216417705,0.1836919042593313,0.3601687564235083,False,False,0.007215052095154273,-0.36855619347227686,-0.04471473224917066,-0.11318940495276497,-0.21322193780197507
2021-06-16,-0.02046077606403717,-0.003069116409605576,-0.7870795766094872,-0.1967698941523718,-0.45041002796188967,-0.1351230083885669,0.9345529270345063,0.2803658781103519,-0.054596140840192375,-0.1998390105619774,0.14524286972178502,0.3450818802837624,False,False,-0.054596140840192375,-0.39679103421156114,-0.006676573919378925,-0.17575629722905495,-0.15816210118592366
2021-06-17,0.296569396849053,0.044485409527357946,-0.7312010188947359,-0.18280025472368397,-0.5499784180114685,-0.16499352540344056,0.9307963527010963,0.2792389058103289,-0.024069464789437667,-0.13831484519632603,0.11424538040688834,0.25256022560321434,False,False,-0.024069464789437667,-0.4008184034604797,-0.05967321529405567,-0.14657323910422315,-0.08906184001930029
2021-06-18,0.15359866330494795,0.023039799495742194,-0.7809060390188773,-0.19522650975471934,-0.6128110308581888,-0.18384330925745662,0.9005630660550825,0.27016891981652474,-0.08586109969990902,-0.17218671025897714,0.08632561055906812,0.25851232081804526,False,False,-0.08586109969990902,-0.43657349587101857,-0.00938362650419422,-0.05979284106238325,-0.03698927745070879
2021-06-19,-0.020033141829194964,-0.0030049712743792445,-0.8023728194035337,-0.20059320485088342,-0.7178667785694467,-0.215360033570834,0.8938429845544197,0.2681528953663259,-0.15080531432977073,-0.20359817612526265,0.05279286179549192,0.25639103792075457,False,False,-0.15080531432977073,-0.44186047974832876,0.003281504870402685,-0.02312694384917946,0.012062151318971148
2021-06-20,-0.2069919706767084,-0.03104879560150626,-0.7564024008567236,-0.1891006002141809,-0.7135304414625095,-0.21405913243875285,0.8957964599230155,0.2687389379769046,-0.16546959027753538,-0.22014939581568715,0.05467980553815177,0.2748292013538389,False,False,-0.16546959027753538,-0.4400289421942587,-0.11211269836989501,-0.1128003357288283,-0.015594311935676841
2021-06-21,-0.5422296323853295,-0.08133444485779942,-0.8144325802884721,-0.20360814507211802,-0.8203969041107733,-0.24611907123323196,0.8456235265033325,0.2536870579509997,-0.27737460321214963,-0.28494258992991744,0.007567986717767761,0.2925105766476852,False,False,-0.27737460321214963,-0.5028088084939049,0.028492897418546104,0.021345866500384503,0.059975456303013264
2021-06-22,-0.528024736909652,-0.0792037105364478,-0.7801526482124147,-0.19503816205310368,-0.7580282563293209,-0.22740847689879626,0.858735531888354,0.2576206595665062,-0.24402968992184154,-0.27424187258955146,0.030212182667709947,0.30445405525726144,False,False,-0.24402968992184154,-0.48864239087691697,0.0359435809035864,0.06738879271205134,0.03928044550587595
2021-06-23,-0.5551207815091449,-0.08326811722637173,-0.7216450511534451,-0.18041126278836128,-0.6275334898928597,-0.18826004696785792,0.870329914648768,0.26109897439463037,-0.19084045258796056,-0.263679380014733,0.07283892742677245,0.33651830744150546,False,False,-0.19084045258796056,-0.47026236728273696,0.029248113089615835,0.024253765135591188,0.029427458283684205
2021-06-24,-0.24759784442141627,-0.03713967666321244,-0.6623584519165474,-0.16558961297913685,-0.6112457608315808,-0.18337372824947423,0.8654524081410212,0.25963572244230637,-0.12646729544951718,-0.2027292896423493,0.07626199419283214,0.27899128383518146,False,False,-0.12646729544951718,-0.4547685410931971,-0.08881608650584805,0.03602217805740948,0.017985124811435105
2021-06-25,-0.43099944125398476,-0.0646499161880977,-0.845784053035154,-0.2114460132587885,-0.652673295410949,-0.19580198862328468,0.8373529571408501,0.251205887142255,-0.2206920309279159,-0.2760959294468862,0.05540389851897032,0.33149982796585653,False,False,-0.2206920309279159,-0.5031938655131734,0.022137475878161617,0.10956499163354105,0.06666856633564922
2021-06-26,-0.3836736767659085,-0.05755105151488628,-0.8433702688550496,-0.2108425672137624,-0.6063881824561108,-0.18191645473683324,0.840472931994356,0.2521418795983068,-0.1981681938671751,-0.2683936187286487,0.07022542486147357,0.3386190435901223,False,False,-0.1981681938671751,-0.4921958316948486,0.07485801636432043,0.037822241289321434,0.05997958719041985
2021-06-27,0.1293680581781217,0.01940520872671825,-0.7781673591314974,-0.19454183978287434,-0.49986221952628307,-0.14995866585788492,0.8634851252163132,0.25904553756489396,-0.06604975934914709,-0.1751366310561561,0.10908687170700904,0.2842235027631651,False,False,-0.06604975934914709,-0.45418261895399137,-0.0059206912670018985,-0.026333747738494617,-0.024155959278785
2021-06-28,0.12631456133498187,0.01894718420024728,-0.7619060940431929,-0.19047652351079822,-0.47756097053523205,-0.1432682911605696,0.855209438476657,0.2565628315429971,-0.058234798928123443,-0.17152933931055095,0.11329454038242748,0.2848238796929784,False,False,-0.058234798928123443,-0.4574142351553283,0.04107390978779768,0.005051182943328625,-0.046939706141982174
2021-06-29,-0.17014598768308756,-0.025521898152463134,-0.7973788680622357,-0.19934471701555892,-0.5600078103085624,-0.1680023430925687,0.8698686781804623,0.2609606034541387,-0.13190835480645208,-0.22486661516802206,0.09295826036156998,0.31782487552959204,False,False,-0.13190835480645208,-0.4351281163979551,-0.0241350110395685,-0.0174099103551959,-0.05836310308637327
2021-06-30,-0.1912105093581011,-0.028681576403715166,-0.8181928994486962,-0.20454822486217406,-0.5613704590959692,-0.16841113772879074,0.8666932911636198,0.2600079873490859,-0.14163295164559403,-0.23322980126588921,0.09159684962029518,0.3248266508861844,False,False,-0.14163295164559403,-0.44876130554463234,-0.043952346982451096,-0.038660579255243244,-0.04400428021115699
2021-07-01,-0.42609837492544955,-0.06391475623881743,-0.8342101144244464,-0.2085525286061116,-0.6633343812450847,-0.19900031437352542,0.836009799309595,0.2508029397928785,-0.2206646594255759,-0.272467284844929,0.05180262541935307,0.3242699102642821,False,False,-0.2206646594255759,-0.472989539913488,0.008412553585781524,0.02134984684233765,0.022513266053200143
2021-07-02,-0.2140861260765008,-0.032112918911475115,-0.8356831230961165,-0.20892078077402912,-0.6078504331927747,-0.1823551299578324,0.8359363942645482,0.25078091827936444,-0.1726079113639722,-0.24103369968550423,0.06842578832153204,0.30945948800703627,False,False,-0.1726079113639722,-0.4685560361777428,0.026122229111880113,0.002236688859916125,-0.020715935779178518
2021-07-03,-0.5039603824418596,-0.07559405736627893,-0.7574914927526991,-0.18937287318817478,-0.5844375498390915,-0.17533126495172743,0.8066300166453122,0.24198900499359366,-0.19830919051258744,-0.2649669305544537,0.06665774004186623,0.33162467059631995,False,False,-0.19830919051258744,-0.45467353519465203,0.017807773082278322,-0.05172959344523498,-0.055939102019577525
2021-07-04,-0.5774929242987817,-0.08662393864481725,-0.8167543196553858,-0.20418857991384645,-0.5644175800235786,-0.16932527400707356,0.8153139243531023,0.2445941773059307,-0.2155436152598066,-0.2908125185586637,0.07526890329885713,0.3660814218575208,False,False,-0.2155436152598066,-0.44496248525363735,-0.04524023486595874,-0.041678817202381424,-0.06989895005201718
2021-07-05,-0.6756018562814944,-0.10134027844222415,-0.836171059405211,-0.20904276485130274,-0.6709397758092501,-0.20128193274277503,0.8172461367278734,0.245173841018362,-0.26649113501793986,-0.3103830432935269,0.04389190827558698,0.35427495156911387,False,False,-0.26649113501793986,-0.4700725127801809,0.01572774705002722,-0.0055585996377574,-0.05372907325407372
2021-07-06,-0.49271056647773626,-0.07390658497166043,-0.8366204186258092,-0.2091551046564523,-0.6837154239171488,-0.20511462717514464,0.8044968156289026,0.24134904468867077,-0.24682727211458658,-0.28306168962811273,0.03623441751352613,0.31929610714163886,False,False,-0.24682727211458658,-0.4617379473063311,-0.010458500742694055,0.0011390996086790839,-0.08287957835196436
2021-07-07,-0.5061663970205647,-0.07592495955308469,-0.8621219689648539,-0.21553049224121348,-0.7412778742064039,-0.22238336226192115,0.8039973937577793,0.2411992181273338,-0.27263959592888554,-0.29145545179429816,0.01881585586541265,0.3102713076597108,False,False,-0.27263959592888554,-0.4673673613841919,-0.02913019031295161,-0.022901401329863735,-0.06916430512915328
2021-07-08,-0.3962406375898071,-0.05943609563847106,-0.8727798566763568,-0.2181949641690892,-0.7801656554917733,-0.23404969664753197,0.7895252426430704,0.23685757279292113,-0.2748231836621711,-0.27763105980756025,0.00280787614538916,0.28043893595294944,False,False,-0.2748231836621711,-0.48288305151395994,0.028595580141082877,-0.004439143671725931,-0.03337266328240507
2021-07-09,-0.2284208722971784,-0.03426313084457676,-0.826666388122334,-0.2066665970305835,-0.7847961951041293,-0.2354388585312388,0.7911503772937798,0.23734511318813392,-0.23902347321826514,-0.24092972787516026,0.0019062546568951177,0.24283598253205538,False,False,-0.23902347321826514,-0.4680957923712151,-0.009254251191971874,-0.029447468506594965,-0.08801090377548237
2021-07-10,-0.28509689196468946,-0.042764533794703415,-0.8445952454447211,-0.21114881136118027,-0.78457585666288,-0.23537275699886398,0.7655108066087215,0.22965324198261644,-0.2596328601721312,-0.2539133451558837,-0.0057195150162475394,0.24819383013963617,False,False,-0.2596328601721312,-0.47301816751867864,0.022568812761414092,-0.04843973068575924,-0.11081199909142125
2021-07-11,0.4446053429074761,0.06669080143612141,-0.7216532982932675,-0.18041332457331688,-0.8195734854597372,-0.24587204563792114,0.7770120683341367,0.233103620500241,-0.12649094827487564,-0.11372252313719547,-0.012768425137680145,0.10095409799951532,False,False,-0.12649094827487564,-0.4611248132127409,-0.03422050679252364,-0.08392308121167613,-0.06172044184606729
2021-07-12,0.10270294668539358,0.015405442002809036,-0.760052359417495,-0.19001308985437376,-0.8182716966108377,-0.24548150898325127,0.7655948909262591,0.22967846727787772,-0.1904106895569383,-0.17460764785156474,-0.015803041705373555,0.15880460614619119,False,False,-0.1904106895569383,-0.47956539520251673,-0.010785625492834905,-0.04734722152120052,-0.02414268240676054
2021-07-13,-0.16926313082976874,-0.02538946962446531,-0.7745575725849527,-0.19363939314623818,-0.7865481074230009,-0.23596443222690025,0.7633737947053252,0.22901213841159754,-0.22598115658600623,-0.2190288627707035,-0.0069522938153027125,0.21207656895540078,False,False,-0.22598115658600623,-0.485178607943374,0.002757428481776625,-0.029062532367321814,0.027629891685764907
2021-07-14,-0.32106372253368515,-0.04815955838005277,-0.7049653501529619,-0.17624133753824048,-0.8021237312942829,-0.24063711938828486,0.737553923897803,0.2212661771693409,-0.2437718381372372,-0.22440089591829326,-0.01937094221894395,0.20502995369934932,False,False,-0.2437718381372372,-0.4837590247738892,-0.02864166444749261,-0.060340304484884366,0.043818376710312856
2021-07-15,0.06767647703429205,0.010151471555143808,-0.7305673096469147,-0.18264182741172869,-0.8440511784351759,-0.25321535353055274,0.679790886940036,0.2039372660820108,-0.2217684433051268,-0.17249035585658487,-0.04927808744854195,0.12321226840804292,False,False,-0.2217684433051268,-0.49854502556036173,-0.015562421580928465,-0.06554736511919701,0.10981869510664977
2021-07-16,-0.20434774048055823,-0.030652161072083732,-0.6740343559793094,-0.16850858899482735,-0.8406543924147881,-0.2521963177244364,0.6624867370155587,0.1987460211046676,-0.2526110466866799,-0.19916075006691109,-0.0534502966197688,0.14571045344714229,False,False,-0.2526110466866799,-0.5063488792764452,0.004339808952815494,0.024236654051906337,0.1865203367207422
2021-07-17,-0.6928027144645599,-0.10392040716968398,-0.6454757639730019,-0.16136894099325047,-0.8420246486710903,-0.2526073946013271,0.6647062522853577,0.1994118756856073,-0.31848486707865425,-0.2652893481629345,-0.053195518915719775,0.2120938292472147,False,False,-0.31848486707865425,-0.5042065277231615,0.008200806660645155,0.024357813926174643,0.25183319707094576
2021-07-18,-0.6190158632203236,-0.09285237948304854,-0.36999576038066934,-0.09249894009516733,-0.837823566349477,-0.25134706990484307,0.6342324493831931,0.19026973481495793,-0.24642865466810102,-0.18535131957821588,-0.06107733508988514,0.12427398448833074,False,False,-0.24642865466810102,-0.5001406213134094,-0.02954539160994074,0.05838936691907981,0.2593257844282433
2021-07-19,-0.8930582429611094,-0.1339587364441664,-0.6451691602919056,-0.1612922900729764,-0.8473214955195033,-0.254196448655851,0.6056252295187797,0.18168756885563392,-0.36775990631735994,-0.2952510265171428,-0.07250887980021709,0.22274214671692572,False,False,-0.36775990631735994,-0.5149091624066063,-0.034024380951145794,0.11084723724166778,0.29756595810912256
2021-07-20,-0.9055457926269124,-0.13583186889403684,-0.5661860436416948,-0.1415465109104237,-0.8346118927026942,-0.2503835678108082,0.5879900624331249,0.17639701872993746,-0.3513649288853314,-0.27737837980446056,-0.07398654908087077,0.2033918307235898,False,False,-0.3513649288853314,-0.5314140778607943,0.079024247784937,0.1876671472473468,0.41677993041370787
2021-07-21,-0.30794863449808674,-0.04619229517471301,-0.4033963476044024,-0.1008490869011006,-0.7800823063297336,-0.23402469189892008,0.6530542811573474,0.19591628434720423,-0.18514978962752945,-0.1470413820758136,-0.03810840755171585,0.10893297452409775,False,False,-0.18514978962752945,-0.49438442784113257,0.004458615172544311,0.1584435413698948,0.2898572726726898
2021-07-22,-0.3356485135506314,-0.05034727703259471,-0.20003135916661122,-0.050007839791652804,-0.745484092085663,-0.2236452276256989,0.6224909622403821,0.18674728867211463,-0.13725305577783178,-0.10035511682424751,-0.036897938953584286,0.06345717787066323,False,False,-0.13725305577783178,-0.4921300825796303,0.04169558623171632,0.2220663327327974,0.23406992665657622
2021-07-23,-0.22214204810278249,-0.03332130721541737,-0.4053257116178602,-0.10133142790446505,-0.6854596711798189,-0.20563790135394566,0.6739732186692541,0.2021919656007762,-0.13809867087305186,-0.1346527351198824,-0.0034459357531694546,0.13120679936671295,False,False,-0.13809867087305186,-0.47095414864333474,0.018554091994164246,0.18985113020747701,0.163932783672756
2021-07-24,-0.21676661784797988,-0.03251499267719698,-0.3250785225681436,-0.0812696306420359,-0.7406667879871462,-0.22220003639614386,0.750215806036856,0.2250647418110568,-0.11091991790431993,-0.11378462331923289,0.0028647054149129325,0.11664932873414582,False,False,-0.11091991790431993,-0.46113818324813216,0.03277702759110679,0.1680867671157864,0.11526924695853324
2021-07-25,0.36090885839609443,0.05413632875941416,-0.30109207035667723,-0.07527301758916931,-0.7230684291995778,-0.21692052875987333,0.769369241280162,0.2308107723840486,-0.007246445205579877,-0.021136688829755147,0.013890243624175264,0.03502693245393041,False,False,-0.007246445205579877,-0.44347589461266224,0.05247389702162342,0.19290992741305946,0.1227256873883229
2021-07-26,0.5458796471844561,0.08188194707766842,-0.1008879230714816,-0.0252219807678704,-0.666949837526536,-0.2000849512579608,0.7788415198273138,0.23365245594819412,0.09022747100003134,0.05665996630979803,0.03356750469023331,-0.023092461619564714,False,False,0.09022747100003134,-0.4142729060165159,0.05962441188476175,0.11343991019829436,0.09734408232539149
2021-07-27,0.7781625907323997,0.11672438860985995,0.29477989435301416,0.07369497358825354,-0.6360072696770785,-0.19080218090312356,0.7949293852268999,0.23847881556806996,0.2380959968630599,0.1904193621981135,0.0476766346649464,-0.1427427275331671,False,False,0.2380959968630599,-0.37934927251278017,0.014235182993912021,0.009822375105397185,0.08563564125483714
2021-07-28,0.8826321377241055,0.13239482065861582,0.412462417249188,0.103115604312297,-0.6420024309501869,-0.1926007292850561,0.7609214006969329,0.22827642020907987,0.2711861158949366,0.23551042497091282,0.035675690924023784,-0.19983473404688903,False,False,0.2711861158949366,-0.37051419583169487,-7.696236540322143e-05,-0.021782848187236414,0.11376886702402533
2021-07-29,0.8326886319715813,0.12490329479573718,0.3368543165876743,0.08421357914691857,-0.6419725336293294,-0.1925917600887988,0.7891938035603019,0.23675814106809057,0.25328325492194753,0.20911687394265577,0.044166380979291764,-0.164950492963364,False,False,0.25328325492194753,-0.3705626425481714,0.054724703422190046,-0.045217120546334866,0.09440835375825163
2021-07-30,0.9185628555281267,0.137784428329219,0.35957596561721156,0.08989399140430289,-0.572389929167121,-0.17171697875013628,0.8038919775558909,0.24116759326676726,0.29712903425015286,0.22767841973352188,0.06945061451663098,-0.1582278052168909,False,False,0.29712903425015286,-0.3361168698387731,-0.01764046517148954,-0.05883448398902824,0.09588671093960466
2021-07-31,0.8576742230018773,0.1286511334502816,0.35249957482381555,0.08812489370595389,-0.6002975850654744,-0.1800892755196423,0.7887627547329249,0.23662882641987745,0.27331557805647066,0.21677602715623548,0.05653955090023516,-0.16023647625600032,False,False,0.27331557805647066,-0.3478280770743216,-0.03898501344489613,-0.014455946589911783,0.09944471819020029
2021-08-01,0.8447782979733541,0.1267167446960031,0.17455575174668203,0.04363893793667051,-0.6086881305100749,-0.18260643915302247,0.789194457522513,0.2367583372567539,0.22450758073640506,0.17035568263267362,0.054151898103731444,-0.11620378452894217,False,False,0.22450758073640506,-0.37325300825796304,-0.017508151497385938,0.07507584305757442,0.14218841603957677
2021-08-02,0.8285382367444103,0.12428073551166154,-0.007621992511782858,-0.0019054981279457144,-0.6535153289494129,-0.19605459868482386,0.7647128558047356,0.22941385674142067,0.15573449544031265,0.12237523738371582,0.03335925805659681,-0.08901597932711901,False,False,0.15573449544031265,-0.3842261895399135,-0.0240312231945482,0.13857016814729395,0.13413722654288285
2021-08-03,0.7536989579430414,0.11305484369145621,0.11224693205488243,0.028061733013720606,-0.6964648231031346,-0.20893944693094038,0.742964637625684,0.22288939128770519,0.15506652106194163,0.14111657670517683,0.013949944356764804,-0.12716663234841202,False,False,0.15506652106194163,-0.3990239874164372,0.0396819435156599,0.1462379325281591,0.25107800785457135
2021-08-04,0.8935621784773623,0.13403432677160435,0.3308348250317249,0.08270870625793122,-0.6310704031766561,-0.18932112095299683,0.7718010950170365,0.23154032850511094,0.2589622405816497,0.21674303302953557,0.04221920755211411,-0.17452382547742146,False,False,0.2589622405816497,-0.37517609123082973,0.028680483284570846,0.16439318302311157,0.184912940001279
2021-08-05,0.9410559058650879,0.14115838587976318,0.3841361793611332,0.0960340448402833,-0.5493984571299927,-0.1648195371389978,0.8109026564657081,0.24327079693971243,0.31564369052076113,0.23719243072004648,0.07845125980071463,-0.15874117091933185,False,False,0.31564369052076113,-0.3572558395595753,0.04831843212572129,0.11557135816101138,0.14955927763526722
2021-08-06,0.963046294019108,0.1444569441028662,0.639244465537731,0.15981111638443274,-0.5348967518793828,-0.16046902556381484,0.8266195909791105,0.24798587729373314,0.39178491221721723,0.30426806048729893,0.0875168517299183,-0.21675120875738063,False,False,0.39178491221721723,-0.32619944946913093,0.040518133094224584,0.0624258961964308,0.07153697270598891
2021-08-07,0.9741160276564677,0.14611740414847013,0.7118320786875768,0.1779580196718942,-0.4773167057725882,-0.14319501173177646,0.8493883293469289,0.25481649880407864,0.43569691089266654,0.32407542382036436,0.11162148707230218,-0.21245393674806218,False,False,0.43569691089266654,-0.29889830908375936,-0.017458506964153186,-0.003893428554890499,0.0027687450614211073
2021-08-08,0.9799922841983496,0.14699884262975244,0.4754014704792347,0.11885036761980868,-0.5431732916623763,-0.16295198749871287,0.8471131287794283,0.2541339386338285,0.3570311613846767,0.2658492102495611,0.09118195113511562,-0.17466725911444547,False,False,0.3570311613846767,-0.31113849783720016,0.056149454827184364,0.09146449646381472,0.020799933872778675
2021-08-09,0.9950798359284755,0.14926197538927133,0.6350636774388261,0.15876591935970652,-0.46699639166576273,-0.1400989174997288,0.8516901493928188,0.25550704481784564,0.4234360220670947,0.30802789474897785,0.11540812731811684,-0.192619767430861,False,False,0.4234360220670947,-0.2724593000393236,-0.014451045760960346,0.017622704493075014,0.010966112761440217
2021-08-10,0.9868820625660616,0.14803230938490924,0.5683282119598959,0.14208205298997398,-0.4851975403696299,-0.14555926211088896,0.8380811987875407,0.2514243596362622,0.3959794599002564,0.2901143623748832,0.10586509752537324,-0.18424926484950996,False,False,0.3959794599002564,-0.2829730239874164,-0.0016231219969555788,0.030466826909471667,0.08198926883607971
2021-08-11,0.9853246979200599,0.14779870468800899,0.6696097794253081,0.16740244485632702,-0.5749846059180159,-0.17249538177540477,0.8352403167219616,0.2505720950165885,0.3932778627855197,0.315201149544336,0.07807671324118373,-0.23712443630315225,False,False,0.3932778627855197,-0.284136846244593,-0.024433653402474165,0.008575728944650862,0.07274878600777845
2021-08-12,0.9591003563735985,0.14386505345603975,0.4147581396055692,0.1036895349013923,-0.5939673448576948,-0.17819020345730843,0.8205573128571744,0.2461671938571523,0.3155315787572759,0.24755458835743205,0.06797699039984387,-0.17957759795758818,False,False,0.3155315787572759,-0.3016279984270547,0.07660082434289062,0.006688213698506695,0.10901641928872285
2021-08-13,0.9727620883114122,0.14591431324671184,0.5024201205580908,0.1256050301395227,-0.49259554548705464,-0.1477786636461164,0.8124439558785294,0.2437331867635588,0.3674738665036769,0.2715193433862345,0.0959545231174424,-0.1755648202687921,False,False,0.3674738665036769,-0.2481321274085726,-0.015303138075313805,-0.06474288702928865,0.03533158995815899
2021-08-14,0.9476883037449372,0.14215324556174058,0.48636219138686787,0.12159054784671697,-0.47236372408952576,-0.14170911722685772,0.7710941521420468,0.23132824564261403,0.35336292182421386,0.26374379340845755,0.08961912841575631,-0.17412466499270124,False,False,0.35336292182421386,-0.25963806527723154,-0.002011748406737346,-0.006541316051857149,0.012864227059662614
2021-08-15,0.9072519857722442,0.13608779786583663,0.5957318680055406,0.14893296700138514,-0.44217713850934387,-0.13265314155280317,0.7620942025093814,0.22862826075281442,0.38099588406723306,0.2850207648672218,0.09597511920001126,-0.18904564566721052,False,False,0.38099588406723306,-0.26112748721981915,-0.022832505425362415,0.0499991271733915,0.042566263505927404
2021-08-16,0.7672227932231945,0.11508341898347918,0.5572504288748082,0.13931260721870206,-0.3745244815053366,-0.11235734445160099,0.7285915214365292,0.21857745643095874,0.36061613818153904,0.25439602620218127,0.10622011197935775,-0.1481759142228235,False,False,0.36061613818153904,-0.2779977978765238,-0.026259392709878204,0.06362740567857683,0.02053493485695057
2021-08-17,0.618727446355001,0.09280911695325014,0.641860269916946,0.1604650674792365,-0.4029200460706052,-0.12087601382118156,0.720911012919984,0.21627330387599522,0.3486714744873003,0.2532741844324866,0.09539729005481366,-0.15787689437767294,False,False,0.3486714744873003,-0.29695713723948103,0.00020896747915655212,0.10164835963884888,0.09786009694390674
2021-08-18,0.6199118475932016,0.09298677713898024,0.6613700729928645,0.16534251824821614,-0.42560772347072284,-0.12768231704121685,0.7424579444327839,0.22273738332983517,0.3533843616758147,0.2583292953871964,0.09505506628861832,-0.16327422909857808,False,False,0.3533843616758147,-0.2968102241447109,0.04597509601212746,0.10700210198837756,0.09372626818884289
2021-08-19,0.5925969070641613,0.0888895360596242,0.7303373670136281,0.18258434175340701,-0.2667002291703883,-0.08001006875111649,0.74128800248161,0.222386400744483,0.41385020980639775,0.27147387781303123,0.1423763319933665,-0.12909754581966473,False,False,0.41385020980639775,-0.2644810066850176,0.05478648486696702,0.019533316709658743,0.04292522212066485
2021-08-20,0.8059646289216394,0.12089469433824591,0.9292008578647803,0.2323002144661951,-0.09106306332691579,-0.027318918998074735,0.7862376296707911,0.23587128890123732,0.5617472787076035,0.353194908804441,0.2085523699031626,-0.1446425389012784,False,False,0.5617472787076035,-0.2241845064883995,-0.01014953225173032,-0.0070789236629876795,-0.04743395859939692
2021-08-21,0.8780452315865701,0.1317067847379855,0.9072543055654895,0.22681357639137237,-0.08951105355707957,-0.02685331606712387,0.768828671305389,0.2306486013916167,0.5623156464538507,0.35852036112935787,0.20379528532449281,-0.15472507580486505,False,False,0.5623156464538507,-0.23205867086118748,0.008548423073512001,-0.040514630021340814,-0.03525018603343144
2021-08-22,0.9176310372764608,0.1376446555914691,0.8896790718181866,0.22241976795454665,-0.031725465997293076,-0.009517639799187922,0.7502611535803572,0.22507834607410715,0.5756251298209349,0.36006442354601575,0.21556070627491922,-0.14450371727109654,False,False,0.5756251298209349,-0.2254939834840739,0.005069739122593786,-0.003438722221838608,-0.008706474229283168
2021-08-23,0.9502884463997544,0.14254326695996317,0.8708012913215649,0.21770032283039123,0.016698267802709176,0.005009480340812752,0.7096073220014036,0.2128821966004211,0.5781352667315883,0.3602435897903544,0.21789167694123385,-0.14235191284912058,False,False,0.5781352667315883,-0.2215674400314589,-0.03667169473527865,-0.011992600353412985,-0.004894233751642996
2021-08-24,0.8464207579496714,0.1269631136924507,0.9277194798167734,0.23192986995419335,-0.241860803634099,-0.0725582410902297,0.6876663394220486,0.20629990182661456,0.4926346443830289,0.358892983646644,0.13374166073638488,-0.22515132291025913,False,False,0.4926346443830289,-0.2501138812426268,0.027254053099372122,0.022943738108038403,0.04877143751910107
2021-08-25,0.844163942096276,0.1266245913144414,0.9301280522744784,0.2325320130686196,-0.22606663548466996,-0.06781999064540098,0.6854801412390757,0.2056440423717227,0.4969806561093827,0.35915660438306096,0.13782405172632173,-0.22133255265673923,False,False,0.4969806561093827,-0.22967644514353125,-0.04348183868277655,-0.0406427418030878,0.019241497207050706
2021-08-26,0.5341199379426553,0.0801179906913983,0.8375806225648067,0.20939515564120167,-0.30123297377990127,-0.09036989213397038,0.640422319175883,0.1921266957527649,0.3912699499513944,0.28951314633259995,0.10175680361879451,-0.18775634271380542,False,False,0.3912699499513944,-0.2631715296893432,0.047520198480612175,0.005486737112027518,0.10488053186041202
2021-08-27,0.5601171918752547,0.0840175787812882,0.8867870597928793,0.22169676494821983,-0.17014986240966207,-0.05104495872289862,0.6351885102468925,0.19055655307406774,0.4452259380806771,0.305714343729508,0.1395115943511691,-0.1662027493783389,False,False,0.4452259380806771,-0.2281572945340149,-0.0035571704853688546,-0.0052859288484387035,0.07324245616966807
2021-08-28,0.6248709587214937,0.09373064380822405,0.8463585538678612,0.2115896384669653,-0.31738653391067795,-0.09521596017320338,0.6307418272770059,0.18922254818310177,0.39932687028508773,0.30532028227518937,0.09400658800989839,-0.21131369426529098,False,False,0.39932687028508773,-0.23090287062524584,-0.0026080189629483774,0.00718452777206835,-0.04155037237692327
2021-08-29,0.35814466187536015,0.05372169928130402,0.8717187153919227,0.21792967884798067,-0.3253171975969405,-0.09759515927908215,0.6164270480496221,0.18492811441488663,0.35898433326508916,0.2716513781292847,0.08733295513580448,-0.18431842299348022,False,False,0.35898433326508916,-0.23290869052300434,-0.036600357243699366,0.025248406582782046,-0.055764630085037736
2021-08-30,0.20409286939638505,0.030613930409457757,0.8808486768343777,0.22021216920859443,-0.3527243646794037,-0.10581730940382111,0.49229586009713844,0.14768875802914153,0.2926975482433726,0.2508260996180522,0.04187144862532041,-0.20895465099273178,False,False,0.2926975482433726,-0.26098450648839944,0.0025111258540604364,0.062421208052034105,-0.012510293636558534
2021-08-31,0.23112317374104951,0.03466847606115742,0.8753625036559838,0.21884062591399595,-0.36642646489227526,-0.10992793946768258,0.46762985757892206,0.1402889572736766,0.2838701197811474,0.25350910197515336,0.030361017805994026,-0.22314808416915932,False,False,0.2838701197811474,-0.2591287455760912,0.036297190987261585,0.0988514229773576,-0.04776937336003617
2021-09-01,0.5683301231279206,0.08524951846918809,0.8831747280868523,0.22079368202171307,-0.17039317444873403,-0.05111795233462021,0.5385771526372926,0.16157314579118776,0.41649839394746874,0.30604320049090117,0.11045519345656754,-0.19558800703433363,False,False,0.41649839394746874,-0.23223720015729454,0.008934959103078732,0.07894568629877341,-0.07450914270120446
2021-09-02,0.22910316183890891,0.03436547427583633,0.8754539610665639,0.21886349026664098,-0.30145881807646363,-0.09043764542293908,0.4867845706067426,0.14603537118202276,0.308826690301561,0.25322896454247734,0.05559772575908367,-0.19763123878339367,False,False,0.308826690301561,-0.22537727093983484,0.015280230285761531,-0.04838726053188591,-0.06541359979076744
2021-09-03,0.4420283145790411,0.06630424718685617,0.9279127177922822,0.23197817944807056,-0.238726858860213,-0.0716180576580639,0.4154222653984594,0.12462667961953781,0.35129104859640065,0.2982824266349267,0.05300862196147392,-0.24527380467345278,False,False,0.35129104859640065,-0.21354085725521044,-0.001670028724494066,-0.07901795910889675,-0.10116994012297009
2021-09-04,0.4442323724626139,0.06663485586939208,0.9172649659142983,0.22931624147857457,-0.27266855051683425,-0.08180056515505027,0.3282193253026486,0.09846579759079457,0.31261632978371096,0.29595109734796665,0.016665232435744304,-0.27928586491222235,False,False,0.31261632978371096,-0.21485426661423512,0.036887035806813184,-0.07052899652293354,-0.056177182141709525
2021-09-05,0.733582105369612,0.1100373158054418,0.9421831541549188,0.2355457885387297,-0.25430696049744045,-0.07629208814923213,0.3376588325120719,0.10129764975362157,0.3705886659485609,0.3455831043441715,0.025005561604389437,-0.32057754273978206,False,False,0.3705886659485609,-0.1858925678332678,0.017524626677651423,-0.13343095642550318,-0.07024128966042764
2021-09-06,0.8677601409401444,0.13016402114102166,0.9621115724949353,0.24052789312373382,-0.2005933684760754,-0.06017801054282262,0.3750050183356556,0.11250150550069667,0.4230154092226295,0.37069191426475545,0.05232349495787405,-0.3183684193068814,False,False,0.4230154092226295,-0.17162563900904437,-0.11013559573066178,-0.1422266486150855,-0.0935380782661368
2021-09-07,0.26164318990846797,0.03924647848627019,0.838502458779594,0.2096256146948985,-0.33194390768955334,-0.099583172306866,0.2856117728616267,0.08568353185848801,0.2349724527327907,0.24887209318116868,-0.013899640448377992,-0.26277173362954664,False,False,0.2349724527327907,-0.2628591427447896,-0.017399810044996578,-0.017892088401840978,0.009308904775612081
2021-09-08,-0.08945761071499758,-0.013418641607249636,0.8283174481479877,0.20707936203699692,-0.3881642753739771,-0.11644928261219312,0.3605007729028659,0.10815023187085977,0.18536166968841394,0.19366072042974727,-0.008299050741333344,-0.2019597711710806,True,False,0.18536166968841394,-0.2756852536374361,0.007531872505201598,-0.02405256566419034,0.04874076811939454
2021-09-09,-0.36117874545805867,-0.0541768118187088,0.8110044479500985,0.20275111198752463,-0.13695139857601824,-0.04108541957280547,0.41771927045031293,0.12531578113509387,0.23280466173110426,0.14857430016881584,0.0842303615622884,-0.06434393860652744,True,False,0.23280466173110426,-0.2702298073141959,-0.033284305209554166,0.015440841432960317,0.01824781647388063
2021-09-10,-0.47422345434460217,-0.07113351815169032,0.81244451817954,0.203111129544885,-0.2052031861706504,-0.061560955851195115,0.25841743808358536,0.0775252314250756,0.14794188696707516,0.1319776113931947,0.015964275573880485,-0.11601333581931421,True,False,0.14794188696707516,-0.2945197011403853,0.007196732463176314,0.07291936774526975,-0.040919794046542224
2021-09-11,-0.48077037587368443,-0.07211555638105266,0.8347214148412537,0.20868035371031343,-0.1978586233752844,-0.05935758701258532,0.20511949283450948,0.06153584785035284,0.1387430581670283,0.13656479732926077,0.0021782608377675233,-0.13438653649149324,True,False,0.1387430581670283,-0.289442548171451,0.0188505743055305,0.05676157958315997,-0.09827202515446498
2021-09-12,-0.41159069247198665,-0.06173860387079799,0.851474226722768,0.212868556680692,-0.03266354889016208,-0.009799064667048623,0.31717727582080085,0.09515318274624025,0.23648407088908563,0.151129952809894,0.08535411807919163,-0.06577583473070236,True,False,0.23648407088908563,-0.27604813212740864,-0.02356337522628882,0.02769654215817252,-0.053918893198601436
2021-09-13,-0.3462397203066078,-0.051935958045991173,0.8575444766808591,0.21438611917021477,-0.06688156612846637,-0.02006446983853991,0.31279691063651893,0.09383907319095568,0.23622476447663937,0.1624501611242236,0.07377460335241577,-0.08867555777180784,True,False,0.23622476447663937,-0.29310688163586307,0.04830339872093736,0.07458735093978208,-0.0016793229660488906
2021-09-14,-0.2259768219515526,-0.03389652329273289,0.906281794891222,0.2265704487228055,0.16116891172890146,0.04835067351867044,0.37848414560898014,0.11354524368269403,0.3545698426314371,0.1926739254300726,0.16189591720136448,-0.03077800822870813,True,False,0.3545698426314371,-0.25896154148643336,0.02143615828994716,0.002764292045767114,-0.09129295764602796
2021-09-15,0.16276432131148408,0.02441464819672261,0.9165045647355529,0.22912614118388822,0.23462260775820626,0.07038678232746187,0.37731863095472795,0.11319558928641837,0.43712316099449106,0.2535407893806108,0.18358237161388025,-0.06995841776673056,False,False,0.43712316099449106,-0.24307652379079825,-0.007971295936673561,-0.10610225261479245,-0.11327120298428506
2021-09-16,-0.17355130825382206,-0.02603269623807331,0.9059647699857684,0.2264911924964421,0.5177390282546932,0.15532170847640794,0.3928252523855989,0.11784757571567966,0.4736277804504564,0.20045849625836878,0.27316928419208764,0.07271078793371885,True,False,0.4736277804504564,-0.2491101848210775,-0.009171763603784133,-0.1467063221571493,-0.09587618370507911
2021-09-17,-0.20799468867432783,-0.031199203301149173,0.9207032514344536,0.2301758128586134,0.3314368238014678,0.09943104714044033,0.3961039790952675,0.11883119372858025,0.41723885042648484,0.19897660955746424,0.21826224086902057,0.019285631311556334,True,False,0.41723885042648484,-0.25599716869838773,0.020988592384182825,-0.07941588981644399,-0.10893514119879133
2021-09-18,-0.06159198276484855,-0.009238797414727282,0.9489161493916005,0.23722903734790013,0.529153737197579,0.1587461211592737,0.5825290483509892,0.17475871450529676,0.5614950755977434,0.22799023993317286,0.33350483566457045,0.1055145957313976,True,False,0.5614950755977434,-0.2403815965395203,-0.02176289852263502,-0.07097298682990438,-0.15046153935353423
2021-09-19,0.03526743854694475,0.005290115782041712,0.9039989400523095,0.22599973501307738,0.48251553616228426,0.14475466084868527,0.4914713897219592,0.14744141691658774,0.5234859285603921,0.2312898507951191,0.292196077765273,0.06090622697015391,False,False,0.5234859285603921,-0.2569130947699567,-0.08945752432964482,-0.09379796472399948,-0.12102578757137494
2021-09-20,-0.4613526304436169,-0.06920289456654254,0.7768345329878938,0.19420863324697346,0.45110717114029353,0.13533215134208806,0.4086110034167602,0.12258330102502805,0.382921191047547,0.1250057386804309,0.2579154523671161,0.1329097136866852,True,False,0.382921191047547,-0.3233878096736138,-0.05303282853995839,-0.008019877430570643,0.018795033060083677
2021-09-21,-0.7562614878031823,-0.11343922317047733,0.593651360070451,0.14841284001761276,0.11190240581503309,0.033570721744509924,0.3308901397981078,0.09926704193943232,0.1678113805310777,0.03497361684713543,0.13283776368394223,0.0978641468368068,True,False,0.1678113805310777,-0.35927046795123874,0.0689645945267856,0.05956933676172316,0.1818422178022594
2021-09-22,-0.5529477039514674,-0.08294215559272011,0.6834272043897908,0.1708568010974477,0.283106038929889,0.0849318116789667,0.41392229751939746,0.12417668925581923,0.29702314643951355,0.08791464550472758,0.20910850093478595,0.12119385543005837,True,False,0.29702314643951355,-0.3150828155721589,0.03035232953813427,-0.0320657841644274,0.09395844763445194
2021-09-23,-0.4945097698688822,-0.07417646548033233,0.6793896825697162,0.16984742064242905,0.2959263549463995,0.08877790648391985,0.44152107278049163,0.1324563218341475,0.31690518348016405,0.09567095516209673,0.22123422831806733,0.1255632731559706,True,False,0.31690518348016405,-0.2942939834840739,-0.045796903885099605,-0.085561077769303,0.07432811043555754
2021-09-24,-0.6366096922257299,-0.09549145383385949,0.45075023007936427,0.11268755751984107,0.23433751731240726,0.07030125519372217,0.465861621214886,0.1397584863644658,0.22725584524416956,0.01719610368598158,0.21005974155818796,0.1928636378722064,True,False,0.22725584524416956,-0.3266131340935903,-0.003268585304984306,-0.030046084413265284,0.14983145517567276
2021-09-25,-0.7490027888382057,-0.11235041832573085,0.2710308475643959,0.06775771189109897,0.39118857744696994,0.11735657323409097,0.34959372294604474,0.10487811688381342,0.1776419836832725,-0.04459270643463188,0.2222346901179044,0.2668273965525363,True,False,0.1776419836832725,-0.32881415650806134,0.011489398799736872,0.027031701422804977,0.20626243243597941
2021-09-26,-0.763455887933601,-0.11451838319004014,0.26218801671000846,0.06554700417750212,0.4700696994192861,0.14102090982578583,0.33032136253365313,0.09909640876009594,0.19114593957334375,-0.04897137901253802,0.24011731858588176,0.28908869759841976,True,False,0.19114593957334375,-0.3211026346834447,-0.023483059899121694,0.11539865943481242,0.2815997812835227
2021-09-27,-0.5686299457208935,-0.08529449185813402,0.18155113246090154,0.045387783115225386,0.3690331805761276,0.11070995417283828,0.2979271475577017,0.08937814426731051,0.16018138969724016,-0.039906708742908636,0.2000880984401488,0.23999480718305743,True,False,0.16018138969724016,-0.3370452221785293,-0.026592656477809395,0.13019917029184525,0.2761234098940979
2021-09-28,-0.6033718652086968,-0.09050577978130452,-0.10133469565637719,-0.025333673914094298,0.21982881578711663,0.06594864473613499,0.3085771048259781,0.09257313144779343,0.0426823224885296,-0.11583945369539882,0.15852177618392843,0.27436122987932726,True,True,0.0426823224885296,-0.3546749508454581,0.012132146654336484,0.17484949986033427,0.315037290495372
2021-09-29,-0.5843668664507954,-0.0876550299676193,0.005403436201006209,0.0013508590502515523,0.27904983487427987,0.08371495046228396,0.3073051328122798,0.09219153984368393,0.08960231938860014,-0.08630417091736775,0.1759064903059679,0.26221066122333564,True,False,0.08960231938860014,-0.3468457727093983,0.05538494586781506,0.1854495731172221,0.32331541931612073
2021-09-30,-0.133023908743017,-0.01995358631145255,0.32667466912201976,0.08166866728050494,0.34057480392550693,0.10217244117765208,0.3042320111180597,0.0912696033354179,0.2551571254821224,0.061715080969052385,0.19344204451306998,0.13172696354401758,True,False,0.2551571254821224,-0.3106708611875738,0.09851907968446594,0.17451333855116258,0.2472361098117246
2021-10-01,0.3114745408669872,0.046721181130048084,0.6054228062780945,0.15135570156952363,0.4318932936942463,0.12956798810827388,0.34879784478111564,0.10463935343433468,0.43228422424218027,0.19807688269957172,0.23420734154260858,0.03613045884303687,False,False,0.43228422424218027,-0.24275878883208812,-0.010525406192273157,0.14900602617984737,0.19379783933275174
2021-10-02,0.17252583616404302,0.025878875424606453,0.6356482649420662,0.15891206623551654,0.5287925397512022,0.15863776192536067,0.3588527677964002,0.10765583033892005,0.45108453392440373,0.184790941660123,0.26629359226428073,0.08150265060415773,False,False,0.45108453392440373,-0.2507290601651593,0.011863360687227154,0.12911373803660764,0.17554419133870325
2021-10-03,0.34339320333927764,0.051508980500891643,0.5804653147034462,0.14511632867586155,0.6051729782080147,0.1815518934624044,0.3277041181325422,0.09831123543976265,0.4764884380789203,0.1966253091767532,0.2798631289021671,0.08323781972541389,False,False,0.4764884380789203,-0.24184018875344082,0.021264103472177665,0.11932404163401622,0.1901864750650466
2021-10-04,0.22561006124286545,0.033841509186429815,0.5645906311534648,0.1411476577883662,0.623519015231948,0.1870557045695844,0.32495005064888455,0.09748501519466536,0.4595298867390457,0.174989166974796,0.28454071976424977,0.10955155278945378,False,False,0.4595298867390457,-0.2257186000786472,0.045648608205515195,0.11629836420318651,0.16501797665979878
2021-10-05,0.33207850418002977,0.049811775627004465,0.5591636307893354,0.13979090769733385,0.7570167888684064,0.2271050366605219,0.39455987211904753,0.11836796163571425,0.5350756816205745,0.18960268332433833,0.3454729982962361,0.1558703149718978,False,False,0.5350756816205745,-0.19037373181281958,0.07466216091509192,0.06191736515335822,0.19817438571930102
2021-10-06,0.6134745071238636,0.09202117606857954,0.6218164288245172,0.1554541072061293,0.8188906659643654,0.24566719978930962,0.2617546931852532,0.07852640795557596,0.5716688910195944,0.24747528327470883,0.3241936077448856,0.07671832447017676,False,False,0.5716688910195944,-0.12992528509634294,-0.027655789568833078,0.03898309680918377,0.10052553556901378
2021-10-07,0.548238556045239,0.08223578340678585,0.5983665412500063,0.14959163531250158,0.6940366344747904,0.2082109903424371,0.21999433100688126,0.06599829930206437,0.5060367083637889,0.23182741871928741,0.2742092896445015,0.04238187092521406,False,False,0.5060367083637889,-0.15398788832088084,0.003090254162760653,0.04112114815185275,0.14396352752670727
2021-10-08,0.48724794021018963,0.07308719103152844,0.4819207747293978,0.12048019368234945,0.7208910785466311,0.21626732356398934,0.27518609585341847,0.08255582875602553,0.4923905370338928,0.1935673847138779,0.2988231523200149,0.10525576760613697,False,False,0.4923905370338928,-0.15137349587101845,0.01850349471737811,0.06330823853973833,0.1493641595783466
2021-10-09,0.6244855783296841,0.0936728367494526,0.5635278520408953,0.14088196301022382,0.7215466633386401,0.21646399900159205,0.20472927390125786,0.061418782170377356,0.5124375809316458,0.2345547997596764,0.2778827811719694,0.04332798141229299,False,False,0.5124375809316458,-0.1356709398348407,-0.005290654802244665,0.043643898458445296,0.16980741667109478
2021-10-10,0.8736744354420615,0.13105116531630923,0.5547675430275317,0.13869188575688293,0.7704928088681795,0.23114784266045385,0.21793714751080828,0.06538114425324248,0.5662720379868885,0.2697430510731922,0.29652898691369634,0.02678593584050415,False,False,0.5662720379868885,-0.14024380652772317,0.05145264274867811,0.1283122633052196,0.20751221207852333
2021-10-11,0.968147160088713,0.14522207401330695,0.7033862743548301,0.17584656858870754,0.7329276053629997,0.2198782816088999,0.29284484445278336,0.08785345333583501,0.6288003775467494,0.3210686426020145,0.30773173494473494,-0.013336907657279573,False,False,0.6288003775467494,-0.09600707825403065,-0.025654869774244027,0.0592333397423237,0.08215919758279555
2021-10-12,0.9115020333900151,0.13672530500850227,0.4999377182649593,0.12498442956623983,0.6540033237658929,0.19620099712976785,0.21339179923317994,0.06401753976995397,0.521928271474464,0.2617097345747421,0.26021853689972185,-0.0014911976750202616,False,False,0.521928271474464,-0.11919889893826185,0.02446687702343686,0.0987804152834808,0.08377762852356363
2021-10-13,0.9062802921913138,0.13594204382869707,0.5955035894995185,0.14887589737487963,0.6974018217566604,0.20922054652699812,0.26784667827758435,0.0803540034832753,0.5743924912138502,0.28481794120357673,0.28957455001027343,0.004756608806696705,False,False,0.5743924912138502,-0.09764844671647666,-0.00033224676207577186,0.08093224327575088,0.06832760994997122
2021-10-14,0.958555624279046,0.14378334364185688,0.5992945904750996,0.1498236476187749,0.752538176885644,0.22576145306569317,0.2315265684707317,0.06945797054121951,0.5888264148675444,0.2936069912606318,0.29521942360691267,0.0016124323462808898,False,False,0.5888264148675444,-0.0979482500983091,0.0754077653007239,0.12088751575034773,0.06110559507455715
2021-10-15,0.9796301971349727,0.1469445295702459,0.7617323728493112,0.1904330932123278,0.8197196779631668,0.24591590338895003,0.2506998875700587,0.0752099662710176,0.6585034924425414,0.33737762278257366,0.32112586965996764,-0.016251753122606016,False,False,0.6585034924425414,-0.02992654345261503,-0.012920686426769024,0.07019328899368649,0.0228037103132972
2021-10-16,0.9703447089403759,0.14555170634105638,0.7820246241908297,0.19550615604770744,0.85847357734231,0.257542073202693,0.24773847900321613,0.07432154370096483,0.6729214792924216,0.3410578623887638,0.33186361690365784,-0.009194245485105945,False,False,0.6729214792924216,-0.042460558395595704,0.01072285647592297,0.021643821979818956,-0.008981599679477315
2021-10-17,0.9833104487735244,0.14749656731602864,0.7954475513953247,0.1988618878488312,0.8709292994000174,0.2612787898200052,0.1458939485431794,0.043768184562953824,0.6514054295478189,0.34635845516485986,0.305046974382959,-0.04131148078190083,False,False,0.6514054295478189,-0.03219300039323636,0.007825825924415497,-0.013654035466264092,-0.05062529732238785
2021-10-18,0.9914900308348954,0.14872350462523432,0.7481932336259944,0.1870483084064986,0.8735467837701351,0.2620640351310405,0.15929667095890365,0.04778900128767109,0.6456248494504445,0.3357718130317329,0.3098530364187116,-0.025918776613021333,False,False,0.6456248494504445,-0.0246191112858829,0.03661918818045651,-0.01166089123919678,-0.02312455571567351
2021-10-19,0.9936780830606008,0.1490517124590901,0.7244212881925503,0.18110532204813756,0.9471605965068004,0.2841481789520401,0.1715459506841024,0.05146378520523071,0.6657689986644985,0.33015703450722766,0.3356119641572708,0.005454929650043128,False,False,0.6657689986644985,0.0,0.026770445013028166,-0.05333445134837744,-0.03153175787590001
2021-10-20,0.9920602666706859,0.14880904000060288,0.7787054183269936,0.1946763545817484,0.9467641385167134,0.284029241555014,0.2969085158039043,0.08907255474117129,0.7165871908785366,0.3434853945823513,0.37310179629618534,0.029616401713834062,False,False,0.7165871908785366,0.0,-0.05769967641600382,-0.04428132671711116,-0.0627595683183132
2021-10-21,0.9397255391625178,0.14095883087437766,0.6572822468346426,0.16432056170866066,0.9124890735788422,0.27374672207365264,0.356674395343932,0.1070023186031796,0.6860284332598705,0.3052793925830383,0.38074904067683224,0.07546964809379392,False,False,0.6860284332598705,-0.05769967641600382,-0.02419768093431507,-0.029976613180068945,-0.014364122093831866
2021-10-22,0.9230478472443215,0.13845717708664823,0.5948756057486003,0.14871890143715008,0.8868193001664199,0.26604579004992596,0.3006550943290926,0.09019652829872778,0.6434183968724521,0.28717607852379834,0.3562423183486537,0.06906623982485538,False,False,0.6434183968724521,-0.08050115899039134,0.009862375268215207,-0.03748305684365105,0.003672706169335571
2021-10-23,0.9210496512771452,0.1381574476915718,0.6919882775680984,0.1729970693920246,0.9376742901225096,0.28130228703675286,0.3887036556234622,0.11661109668703866,0.7090679008073879,0.3111545170835964,0.39791338372379154,0.08675886664019511,False,False,0.7090679008073879,-0.0714327163616657,-0.007090113278971355,-0.011598918200100394,0.031544175535495045
2021-10-24,0.8855450524717321,0.13283175787075982,0.6280608650875008,0.1570152162718752,0.9280117555791697,0.2784035266737509,0.40188208350863164,0.12056462505258948,0.6888151258689754,0.28984697414263505,0.39896815172634037,0.10912117758370532,False,False,0.6888151258689754,-0.07801636358980824,0.036589626475418635,0.023031041431191834,0.033593844234442116
2021-10-25,0.8763380998295893,0.1314507149744384,0.7697610326551261,0.19244025816378152,0.916841838336946,0.27505255150108376,0.4516967370912546,0.13550902112737637,0.7344525457666801,0.3238909731382199,0.41056157262846016,0.08667059949024025,False,False,0.7344525457666801,-0.04428132671711116,-0.04359580194797685,-0.019334394228930796,-0.026693128814476053
2021-10-26,0.5384250082617912,0.08076375123926867,0.6077714907679833,0.15194287269199583,0.8968168488533557,0.2690450546560067,0.4217188926185315,0.12651566778555945,0.6282673463728307,0.2327066239312645,0.39556072244156615,0.16285409851030164,False,False,0.6282673463728307,-0.08594664871553515,-0.03174884437468595,0.016094963583733968,0.010083242152464145
2021-10-27,0.5142623575684614,0.0771393536352692,0.5392196606205678,0.13480491515514195,0.8528850964031568,0.25586552892094705,0.2508366199424889,0.07525098598274667,0.5430607836941049,0.21194426879041117,0.3311165149036937,0.11917224611328253,False,False,0.5430607836941049,-0.11496678631562574,0.0370197338146836,0.04275848160971174,0.0523367567463926
2021-10-28,0.6519871398965887,0.09779807098448831,0.6234643869979408,0.1558660967494852,0.8904142376739692,0.26712427130219074,0.3359180325684604,0.10077540977053813,0.6215638488067023,0.2536641677339735,0.36789968107272886,0.11423551333875537,False,False,0.6215638488067023,-0.08220309232787604,0.027697818389461615,0.04364937931576396,0.04453421980263106
2021-10-29,0.6821937239332643,0.10232905858998964,0.7419920075262775,0.18549800188156937,0.9250501126923698,0.2775150338077109,0.32038425496576023,0.09611527648972806,0.661457370768998,0.28782706047155904,0.373630310297439,0.08580324982587995,False,False,0.661457370768998,-0.056782120260764235,-0.006337292990249099,0.010325007136120945,0.08468764351554303
2021-10-30,0.6781529573578048,0.10172294360367072,0.7278733854414332,0.1819683463603583,0.9191752044178481,0.2757525613253544,0.36749187581600395,0.11024756274480119,0.6696914140341846,0.28369128996402904,0.3860001240701556,0.10230883410612657,False,False,0.6696914140341846,-0.0627595683183132,-0.009042957077194158,-0.007503816328665147,0.08225891738963931
2021-10-31,0.4223725262527468,0.06335587893791202,0.6505244140369602,0.16263110350924004,0.9039883131856791,0.2711964939557037,0.3443877997518037,0.10331633992554111,0.6004998163283969,0.22598698244715204,0.37451283388124484,0.1485258514340928,False,False,0.6004998163283969,-0.07123499331302163,-0.006340803722035049,-0.005916495649251674,0.058444399492331156
2021-11-01,0.5369605353433502,0.08054408030150252,0.6193296063768572,0.1548324015942143,0.8918562450153181,0.26755687350459545,0.33182543730828085,0.09954763119248425,0.6024809865927965,0.2353764818957168,0.36710450469707967,0.13172802280136287,False,False,0.6024809865927965,-0.07712410992431828,0.03790572852801399,0.009185516402508531,0.06342274832949202
2021-11-02,0.5918489758931827,0.08877734638397741,0.6608666375898491,0.16521665939746227,0.9300662046800328,0.2790198614040098,0.32545242183463985,0.09763572655039195,0.6306495937358415,0.2539940057814397,0.37665558795440174,0.12266158217296202,False,False,0.6306495937358415,-0.0421418269700603,-0.005117210553180929,0.0008478330983601179,0.014271435348218287
2021-11-03,0.568771288698596,0.08531569330478939,0.6540877331455152,0.1635219332863788,0.9223054753073885,0.2766916425922165,0.2796700489730017,0.0839010146919005,0.6094302838752852,0.24883762659116818,0.36059265728411705,0.11175503069294887,False,False,0.6094302838752852,-0.0470433889215397,-0.023872083143603562,0.07360268809955661,0.02358669356377341
2021-11-04,-0.035675341223110196,-0.0053513011834665294,0.522021965806422,0.1305054914516055,0.9162165167714618,0.27486495503143854,0.17447454196834236,0.052342362590502706,0.45236150789008023,0.12515419026813898,0.3272073176219412,0.20205312735380224,True,False,0.45236150789008023,-0.06979244837345144,-0.0074580979789725665,0.09044138929206147,0.06717304875428787
2021-11-05,0.008029919202993768,0.0012044878804490652,0.4582912377949567,0.11457280944873917,0.925907972509292,0.2777723917527876,0.13622500747118982,0.04086750224135694,0.4344171913233328,0.11577729732918823,0.31863989399414455,0.20286259666495632,False,False,0.4344171913233328,-0.07673002743426238,0.008754762286107276,0.06474395245459585,0.04380942190901038
2021-11-06,-0.007467026376082759,-0.0011200539564124139,0.7656982626936676,0.1914245656734169,0.9186656753186069,0.27559970259558203,0.09739812683133338,0.029219438049400012,0.4951236523619866,0.1903045117170045,0.30481914064498206,0.11451462892797756,True,False,0.4951236523619866,-0.06864701829854847,0.029330764734561754,0.05374356948792269,-0.02296609713162112
2021-11-07,0.15535627023351914,0.02330344053502787,0.8281389765299428,0.2070347441324857,0.932774968376295,0.2798324905128885,0.15689842514638808,0.04706952754391642,0.5572402027243185,0.23033818466751357,0.3269020180568049,0.09656383338929134,False,False,0.5572402027243185,-0.04132972310743066,0.06720402619797627,0.013412230916564294,-0.046286610258719274
2021-11-08,0.3381521903396537,0.050722828550948056,0.8770826886203688,0.2192706721550922,0.9438222107557895,0.28314666322673687,0.15390413776879663,0.04617124133063899,0.5993114052634161,0.2699935007060402,0.32931790455737586,0.05932440385133564,False,False,0.5993114052634161,0.0,-0.008562205011030555,-0.046587061573326816,-0.1574835881321266
2021-11-09,0.10280466973757309,0.015420700460635962,0.8992950258178026,0.22482375645445066,0.9517083233667256,0.2855124970100177,0.19747670447338078,0.059243011342014235,0.5849999652671186,0.2402444569150866,0.34475550835203195,0.10451105143694533,False,False,0.5849999652671186,-0.008562205011030555,-0.030848426965184528,-0.021338460522742797,-0.13287126092233847
2021-11-10,0.32020796812793684,0.048031195219190526,0.8654503136986499,0.21636257842466247,0.945654702015161,0.2836964106045483,0.2393208067190273,0.0717962420157082,0.6198864262641095,0.26439377364385297,0.35549265262025653,0.09109887897640356,False,False,0.6198864262641095,-0.03914650142027132,-0.0016671693708142366,-0.01966156323060042,-0.07975841841928544
2021-11-11,0.48014077947740624,0.07202111692161094,0.8459361523555512,0.2114840380888878,0.9443886827877255,0.28331660483631765,0.20228501473167154,0.06068550441950146,0.6275072642663179,0.2835051550104987,0.3440021092558191,0.06049695424532037,False,False,0.6275072642663179,-0.04074840694294313,-0.010066189872335096,-0.07279728089521975,-0.09497970335747574
2021-11-12,0.3467239561435452,0.052008593421531774,0.8609570220686075,0.21523925551715187,0.9500937765167231,0.28502813295501694,0.13347826570896357,0.04004347971268907,0.5923194616063897,0.26724784893868364,0.325071612667706,0.05782376372902237,False,False,0.5923194616063897,-0.050404415613995446,0.004019978718768691,-0.05890874350439779,-0.12281310241393673
2021-11-13,0.4236201946088765,0.06354302919133148,0.8187828036529053,0.20469570091322634,0.9551484278089832,0.28654452834269495,0.1733685255842965,0.05201055767528895,0.6067938161225417,0.2682387301045578,0.3385550860179839,0.07031635591342611,False,False,0.6067938161225417,-0.046587061573326816,0.017693383038210664,-0.11631531531531525,-0.10622444858651758
2021-11-14,0.3042551872581527,0.0456382780887229,0.8145429473378777,0.20363573683446942,0.9580213390732831,0.28740640172198495,0.19007869489926965,0.05702360846978089,0.5937040251149582,0.24927401492319232,0.34443001019176583,0.09515599526857352,False,False,0.5937040251149582,-0.0297179612601578,-0.029187824619080538,-0.11396463016128122,-0.1279139975976471
2021-11-15,0.42832735054965904,0.06424910258244886,0.782972909019606,0.1957432272549015,0.9482482323508101,0.28447446970524304,0.14235074593986718,0.04270522378196016,0.5871720233245535,0.2599923298373504,0.3271796934872032,0.06718736364985284,False,False,0.5871720233245535,-0.058038383237940305,-0.05577820840998915,-0.0613021513128954,-0.07304854799978744
2021-11-16,0.21725099281906576,0.03258764892285986,0.6937919542713631,0.17344798856784077,0.9386353886401712,0.2815906165920513,0.0726203868852771,0.021786116065583127,0.5094123701483351,0.20603563749070064,0.30337673265763443,0.09734109516693379,False,False,0.5094123701483351,-0.11057931461190484,0.004761994356537125,-0.023924026542624044,-0.10543555015270856
2021-11-17,-0.03171495733315208,-0.004757243599972811,0.6636721987422487,0.16591804968556217,0.9506571875483854,0.2851971562645156,0.17181456774214568,0.0515443703226437,0.49790233267274864,0.16116080608558936,0.3367415265871593,0.17558072050156992,True,False,0.49790233267274864,-0.10634389832749924,-0.05722524549311314,-0.0679045294156736,-0.09319499735437331
2021-11-18,-0.5991653804471799,-0.08987480706707698,0.5737946533649251,0.14344866334123127,0.9035926902802214,0.2710778070840664,0.07221899974740932,0.021665699924222796,0.3463173632824435,0.053573856274154286,0.2927435070082892,0.23916965073413493,True,False,0.3463173632824435,-0.1574835881321266,0.020400544052006087,0.011419080701164708,0.006736668774768528
2021-11-19,-0.44580778227163215,-0.06687116734074482,0.8078859897759044,0.2019714974439761,0.9106555088318508,0.2731966526495552,0.16321057518886833,0.0489631725566605,0.457260155309447,0.1351003301032313,0.3221598252062157,0.18705949510298442,True,False,0.457260155309447,-0.14029579495727784,0.028513456156041617,-0.01574357854236108,-0.00475416624750391
2021-11-20,-0.1912639763213951,-0.028689596448209266,0.8981505631157769,0.22453764077894423,0.9055107331359741,0.2716532199407922,0.23527574858703845,0.07058272457611153,0.5380839888476388,0.19584804433073497,0.34223594451690376,0.1463879001861688,True,False,0.5380839888476388,-0.11578265679962763,-0.01818012507974298,-0.012513501232927049,-0.046174258481052166
2021-11-21,-0.2727179826511169,-0.04090769739766754,0.8226350361076425,0.20565875902691064,0.8862640922117704,0.2658792276635311,0.10017522973777541,0.030052568921332623,0.46068285821410687,0.1647510616292431,0.29593179658486374,0.13118073495562063,True,False,0.46068285821410687,-0.13185783869668843,-0.04051105710789216,-0.08350940482774216,-0.024529178626052084
2021-11-22,-0.6965197663629764,-0.10447796495444646,0.704401657972541,0.17610041449313524,0.8356271059862557,0.2506881317958767,0.012160462331927488,0.003648138699578246,0.3259587200341437,0.07162244953868878,0.25433627049545493,0.18271382095676614,True,False,0.3259587200341437,-0.16702719537101585,0.02300719787196437,-0.027132915819068626,0.004145274483094097
2021-11-23,-0.5656910833903054,-0.0848536625085458,0.8230734772933653,0.20576836932334133,0.8144010703072857,0.2443203210921857,0.04925362949581913,0.014776088848745738,0.380011116755727,0.12091470681479553,0.25909640994093147,0.13818170312613592,True,False,0.380011116755727,-0.1478628252329517,-0.007003321268369556,-0.004629546758352698,-0.06847641701338869
2021-11-24,-0.4803328029971178,-0.07204992044956766,0.818012462872817,0.20450311571820426,0.7528998193702674,0.22586994581108022,-0.013735745760866485,-0.004120723728259945,0.35420241735145686,0.13245319526863658,0.22174922208282027,0.0892960268141837,True,False,0.35420241735145686,-0.15383061563256606,0.03188877371023868,0.011165192378000732,-0.13976302055941825
2021-11-25,-0.22883619030776697,-0.03432542854616504,0.8405893045350397,0.21014732613375992,0.7710183661767618,0.23130550985302853,0.00575501773194425,0.0017265053195832751,0.40885391276020666,0.17582189758759487,0.2330320151726118,0.05721011758501693,True,False,0.40885391276020666,-0.12684731161394092,-0.08876862352943571,-0.034087308829186314,-0.16221118731296758
2021-11-26,-0.6654042348651978,-0.09981063522977968,0.7128389626248238,0.17820974065620596,0.6373891268593941,0.19121673805781822,-0.13894243434632314,-0.041682730303896944,0.22793311318034756,0.07839910542642628,0.14953400775392128,0.071134902327495,True,False,0.22793311318034756,-0.2043558738929977,0.018510408172647708,0.06435442601634622,-0.0611357182382708
2021-11-27,-0.7044554378626016,-0.10566831567939024,0.7877080222128364,0.1969270055532091,0.5846956158431369,0.17540868475294105,-0.11006745763473726,-0.033020237290421174,0.23364713733633877,0.09125868987381887,0.14238844746251988,0.051129757588701016,True,False,0.23364713733633877,-0.18962817635858753,0.046670356899349175,0.032150527868353374,-0.07551173652981313
2021-11-28,-0.7792641169072555,-0.11688961753608831,0.826344755315736,0.206586188828934,0.6799586741761194,0.20398760225283583,-0.04501858374365602,-0.013505575123096806,0.28017859842258475,0.0896965712928457,0.19048202712973902,0.10078545583689333,True,False,0.28017859842258475,-0.1518078341280663,0.008753750335225519,-0.06414382710186373,-0.11879012230143471
2021-11-29,-0.7298622564447999,-0.10947933846671998,0.7730880975222091,0.19327202438055227,0.7438937344217986,0.22316812032653957,0.019736058349123044,0.005920817504736913,0.31288162374510875,0.0837926859138323,0.22908893783127648,0.1452962519174442,True,False,0.31288162374510875,-0.1443829716717292,-0.014291166352956464,-0.14926167759243636,-0.17707379762445652
2021-11-30,-0.681069868772082,-0.10216048031581229,0.5799922150431375,0.14499805376078437,0.7478182967300454,0.2243454890190136,-0.03400379059426151,-0.010201137178278452,0.25698192528570724,0.04283757344497208,0.21414435184073516,0.17130677839576308,True,False,0.25698192528570724,-0.15661073695799077,0.004100223070677478,-0.13264540331122288,-0.17225502260206038
2021-12-01,-0.6600545699020842,-0.09900818548531264,0.617731803217337,0.15443295080433425,0.7794778440082156,0.2338433532024647,-0.052335972818870855,-0.015700791845661255,0.27356732667582506,0.055424765319021616,0.21814256135680343,0.1627177960377818,True,False,0.27356732667582506,-0.1531526528441043,-0.012306399317152494,-0.11790259070401954,-0.13629809840397866
2021-12-02,-0.6678972746214993,-0.10018459119322488,0.5546902623383507,0.13867256558458768,0.7232574294687057,0.2169772288406117,-0.04131176492451499,-0.012393529477354498,0.24307167375462002,0.0384879743913628,0.2045836993632572,0.1660957249718944,True,False,0.24307167375462002,-0.16357429445887606,-0.050978623712250926,-0.10430868511060665,-0.1137818929560267
2021-12-03,-0.8082226359901337,-0.12123339539852004,0.3177623422626784,0.0794405855656696,0.6040120181219023,0.18120360543657069,-0.06703528106860542,-0.020110584320581625,0.11930021128313861,-0.04179280983285044,0.16109302111598905,0.2028858309488395,True,False,0.11930021128313861,-0.20621412576491094,-0.08299426970180623,-0.05839176657919953,-0.12869710574699567
2021-12-04,-0.9238897850188493,-0.1385834677528274,-0.16943025868621078,-0.042357564671552696,0.33448145866291595,0.10034443759887478,-0.25326481914988663,-0.07597944574496598,-0.1565760405704713,-0.1809410324243801,0.024364991853908793,0.20530602427828887,False,False,-0.1565760405704713,-0.272093804696662,0.004961296960254602,-0.032691744687500024,-0.016462855274617993
2021-12-05,-0.8893486873372459,-0.13340230310058687,-0.4107420097228229,-0.10268550243070572,0.2553907657874138,0.07661722973622415,-0.2476864520078635,-0.07430593560235904,-0.2337765113974275,-0.2360878055312926,0.002311294133865105,0.2383990996651577,False,False,-0.2337765113974275,-0.2684824459025531,0.021167362028717385,-0.045667157863752195,-0.010756872018629737
2021-12-06,-0.7611552932823309,-0.11417329399234963,-0.24295921876999266,-0.060739804692498164,0.344434319376971,0.10333029581309129,-0.25743845188706677,-0.07723153556612003,-0.1488143384378765,-0.17491309868484778,0.02609876024697126,0.20101185893181905,False,False,-0.1488143384378765,-0.2529981490046106,0.00291483750023791,-0.020854281518229323,-0.0556985142516383
2021-12-07,-0.765885286838141,-0.11488279302572116,-0.2435973761732761,-0.06089934404331902,0.22588551362864237,0.06776565408859271,-0.258868162100997,-0.0776604486302991,-0.18567693161074655,-0.17578213706904017,-0.009894794541706387,0.16588734252733378,False,False,-0.18567693161074655,-0.25082075999658215,-0.002327781066813861,-0.01057642034475903,-0.08811706904373384
2021-12-08,-0.6165992851770972,-0.09248989277656457,-0.3179654675233181,-0.07949136688082953,0.25561322950513393,0.07668396885154018,-0.2588014941292625,-0.07764044823877875,-0.17293773904463267,-0.17198125965739408,-0.0009564793872385707,0.1710247802701555,False,False,-0.17293773904463267,-0.25256468524711206,-0.057965742436427714,-0.07466517036749087,-0.0720551665217325
2021-12-09,-0.8206863005541896,-0.12310294508312843,-0.483037842387009,-0.12075946059675224,0.11049448334287502,0.033148345002862505,-0.42283275480171373,-0.12684982644051412,-0.33756388711753227,-0.24386240567988066,-0.09370148143765161,0.15016092424222904,False,False,-0.33756388711753227,-0.2958903281899683,-0.0085191917904478,0.016777370940186165,-0.01817960403898644
2021-12-10,-0.8875416636434588,-0.1331312495465188,-0.6436957876212794,-0.16092394690531986,0.15110400686461464,0.045331202059384394,-0.42134480231954013,-0.12640344069586204,-0.37512743508831625,-0.29405519645183864,-0.08107223863647764,0.212982957815361,False,False,-0.37512743508831625,-0.30188877352562715,0.04771795147022062,0.036580828306167046,-0.004802236037177332
2021-12-11,-0.7473416250599496,-0.11210124375899244,-0.44430210972403394,-0.11107552743100849,0.08385720817232942,0.025157162451698824,-0.36343425257615064,-0.10903027577284519,-0.3070498845111473,-0.22317677119000093,-0.08387311332114636,0.13930365786885457,False,False,-0.3070498845111473,-0.2685763358999068,0.013442197497914199,-0.03558636071803212,-0.01012573600440092
2021-12-12,-0.5827303519295574,-0.0874095527894336,-0.47806589416515954,-0.11951647354128989,0.15670885895756134,0.0470126576872684,-0.30495809978640964,-0.09148742993592289,-0.25140079857937797,-0.2069260263307235,-0.04447477224865449,0.162451254082069,False,False,-0.25140079857937797,-0.25874439455242537,-0.06695082700848487,-0.0783695176599627,-0.029283232675176074
2021-12-13,-0.8141505607761141,-0.12212258411641712,-0.640655934300335,-0.16016398357508374,-0.014635838690687537,-0.004390751607206261,-0.3683172474466132,-0.11049517423398396,-0.3971724935326911,-0.28228656769150084,-0.11488592584119021,0.16740064185031062,False,False,-0.3971724935326911,-0.3083720703618157,0.035127053546097464,0.002820604782373781,0.08856138021850968
2021-12-14,-0.7094439840677871,-0.10641659761016806,-0.7302142526729206,-0.18255356316823015,0.13008416273277074,0.03902524881983122,-0.22760651771436555,-0.06828195531430967,-0.31822686727287663,-0.2889701607783982,-0.029256706494478445,0.2597134542839198,False,False,-0.31822686727287663,-0.28407721904343863,0.010791572272299321,-0.03438016617821538,0.05123193957877903
2021-12-15,-0.7675329619471456,-0.11512994429207184,-0.6846430675730063,-0.17116076689325158,0.22179303821217222,0.06653791146365166,-0.19807586860397258,-0.05942276058119177,-0.2791755603028635,-0.2862907111853234,0.0071151508824598905,0.2934058620677833,False,False,-0.2791755603028635,-0.27635128661136044,-0.02522460870750398,-0.03992266035921843,0.0314065410443225
2021-12-16,-0.6249788957312625,-0.09374683435968938,-0.7504763194530998,-0.18761907986327495,0.15869246261162182,0.04760773878348654,-0.2561709198192947,-0.0768512759457884,-0.3106094513852662,-0.2813659142229643,-0.02924353716230186,0.25212237706066243,False,False,-0.3106094513852662,-0.29460504224827755,-0.03151595616259362,0.026400108497622865,0.06598683500593516
2021-12-17,-0.7781728759146249,-0.11672593138719373,-0.8077882502822392,-0.2019470625705598,-0.03429146830244534,-0.010287440490733601,-0.23346775038956757,-0.07004032511687026,-0.39900075956535735,-0.3186729939577535,-0.08032776560760387,0.23834522835014965,False,False,-0.39900075956535735,-0.3168362388140954,0.015245213651498446,0.05326026637069936,0.09907047724750284
2021-12-18,-0.8588581300750332,-0.12882871951125496,-0.8369493308036111,-0.20923733270090278,-0.13139090183731253,-0.039417270551193755,-0.15188312145614558,-0.04556493643684367,-0.4230482592001952,-0.33806605221215774,-0.08498220698803743,0.2530838452241203,False,False,-0.4230482592001952,-0.306421261315855,-0.003272161877317714,0.08549961481370127,0.015143970852243838
2021-12-19,-0.879858710505238,-0.1319788065757857,-0.8703640955616209,-0.21759102389040522,-0.11401191059015976,-0.034203573177047926,-0.14016543567638914,-0.04204963070291674,-0.4258230343461556,-0.34956983046619095,-0.07625320387996468,0.27331662658622624,False,False,-0.4258230343461556,-0.3086907632234953,0.004989799968852626,0.08866026023735873,-0.004639337909476682
2021-12-20,-0.8467219067554471,-0.12700828601331707,-0.8042016794625799,-0.20105041986564498,-0.1229328208046933,-0.036879846241407985,-0.10004094115984824,-0.030012282347954472,-0.39495083446832446,-0.328058705878962,-0.06689212858936246,0.2611665772895996,False,False,-0.39495083446832446,-0.3052412684153605,0.042113511144609594,0.07429526607744874,0.004406132391584938
2021-12-21,-0.7436204967277094,-0.1115430745091564,-0.6861228612169783,-0.17153071530424457,-0.030922823013956054,-0.009276846904186816,-0.005597545338036361,-0.0016792636014109081,-0.2940299003189987,-0.283073789813401,-0.010956110505597723,0.27211767930780323,False,False,-0.2940299003189987,-0.27598253882995594,-0.00617142034302387,0.03856851356558866,-0.054672868904566685
2021-12-22,-0.7263770182040854,-0.1089565527306128,-0.7182691404128381,-0.17956728510320952,0.04842534063784923,0.014527602191354768,-0.16406459912398402,-0.04921937973719521,-0.3232156153796627,-0.2885238378338223,-0.03469177754584044,0.25383206028798183,False,False,-0.3232156153796627,-0.2804507549185252,0.04632095555789717,0.04349372357380887,-0.017813187410266274
2021-12-23,-0.3111581794246264,-0.04667372691369396,-0.5964705373541489,-0.14911763433853722,0.09469409055161483,0.028408227165484447,-0.1227658539617536,-0.03682975618852608,-0.2042128902752728,-0.19579136125223118,-0.008421529023041635,0.18736983222918954,False,False,-0.2042128902752728,-0.24712054631538782,-0.00036999292469663825,-0.06481406626158248,-0.06988027453829071
2021-12-24,0.23614187240848428,0.03542128086127264,-0.6837319623366525,-0.1709329905841631,0.20539254312481262,0.06161776293744378,-0.11868651501830722,-0.035605954505492164,-0.10949990129093887,-0.13551170972289048,0.026011808431951618,0.1615235181548421,False,False,-0.10949990129093887,-0.2473991063864006,-0.008271153089334793,-0.08570129870129861,-0.08606650924832748
2021-12-25,0.14374484866155685,0.021561727299233526,-0.6074210865017203,-0.15185527162543008,0.06873854184728255,0.020621562554184764,-0.09474883150101622,-0.028424649450304866,-0.13809663122231666,-0.13029354432619655,-0.0078030868961201025,0.12249045743007644,False,False,-0.13809663122231666,-0.2536239835926489,0.007456994749567736,-0.06505579601132228,-0.0906285875738051
2021-12-26,0.04788937893170837,0.007183406839756256,-0.5024656506297969,-0.12561641265744922,0.0968354211715757,0.029050626351472708,-0.19861950108892146,-0.05958585032667643,-0.1489682297928967,-0.11843300581769296,-0.030535223975203724,0.08789778184248924,False,False,-0.1489682297928967,-0.2480582615570961,-0.0014583808053845182,-0.08977874955022591,-0.14424991270394438
2021-12-27,0.01615100906444335,0.0024226513596665024,-0.6108574384001859,-0.15271435960004648,0.09977433466451546,0.029932300399354638,-0.20360548562489084,-0.06108164568746725,-0.1814410535284926,-0.15029170824038,-0.03114934528811261,0.11914236295226738,False,False,-0.1814410535284926,-0.24915487895520871,-0.06228028237462302,-0.05875158575377737,-0.1502744300753589
2021-12-28,-0.37429619343671733,-0.0561444290155076,-0.783043907981194,-0.1957609769952985,0.0302633555162464,0.00907900665487392,-0.2663338715619668,-0.07990016146859004,-0.3227265608245222,-0.25190540601080613,-0.07082115481371612,0.18108425119709,False,False,-0.3227265608245222,-0.29591772511348624,-0.022696573723480662,-0.005417327286410312,-0.12572128318049858
2021-12-29,-0.16107584852622941,-0.02416137727893441,-0.80588285097407,-0.2014707127435175,-0.034622504335967405,-0.01038675130079022,-0.3140996370082538,-0.09422989110247613,-0.3302487324257183,-0.2256320900224519,-0.10461664240326636,0.12101544761918555,False,False,-0.3302487324257183,-0.311897980372844,0.014122776320756536,-0.00039944336190134155,-0.10297977000154535
2021-12-30,-0.0029373320125082613,-0.0004405998018762392,-0.7709044826376368,-0.1927261206594092,-0.08980092378453042,-0.026940277135359125,-0.18911336295822084,-0.05673400888746625,-0.2768410064841108,-0.19316672046128544,-0.08367428602282537,0.10949243443846007,False,False,-0.2768410064841108,-0.30218006946378884,-0.01918343188485272,-0.027352211451104336,-0.11154823754315235
2021-12-31,-0.4574301547378924,-0.06861452321068386,-0.7899613851188416,-0.1974903462797104,-0.16073414593035484,-0.04822024377910645,-0.3321740767871905,-0.09965222303615716,-0.41397733630565786,-0.26610486949039425,-0.14787246681526361,0.11823240267513063,False,False,-0.41397733630565786,-0.3155666505691229,0.032579403261964845,-0.05984387106629552,-0.09508290576635015
2022-01-01,-0.33226628751970827,-0.04983994312795624,-0.7985828236949056,-0.1996457059237264,-0.11812553526960574,-0.03543766058088172,-0.2589452449687688,-0.07768357349063064,-0.362606883123195,-0.24948564905168263,-0.11312123407151237,0.13636441498017027,False,False,-0.362606883123195,-0.2932682204720771,-0.009145971566960398,-0.09723558938994381,-0.10463291539761521
2022-01-02,0.10375206513482872,0.015562809770224308,-0.8041734402506748,-0.2010433600626687,-0.13692351002975678,-0.041077053008927035,-0.2962075538297484,-0.08886226614892452,-0.31541986945029593,-0.1854805502924444,-0.12993931915785156,0.05554123113459283,False,False,-0.31541986945029593,-0.29973196923310685,-0.01776586732106511,-0.12095923164019584,-0.07155409889316489
2022-01-03,-0.33473638483383344,-0.050210457725075014,-0.7960560664546367,-0.19901401661365917,-0.26977749165706855,-0.08093324749712057,-0.35951592066112464,-0.10785477619833739,-0.4380124980341921,-0.24922447433873418,-0.18878802369545794,0.06043645064327624,False,False,-0.4380124980341921,-0.312172838156895,-0.013221562197902492,-0.10262131804392616,-0.08366665877221113
2022-01-04,-0.5069746268901347,-0.07604619403352021,-0.8040216627310363,-0.20100541568275906,-0.3410140774001181,-0.10230422322003542,-0.36322003413670906,-0.10896601024101271,-0.4883218431773274,-0.2770516097162793,-0.21127023346104812,0.06578137625523117,False,False,-0.4883218431773274,-0.3212669877586103,-0.0519479726069183,-0.08656373569476872,-0.06048283721355452
2022-01-05,-0.6317417404772894,-0.0947612610715934,-0.8692839628534756,-0.2173209907133689,-0.19782668852896151,-0.05934800655868845,-0.37761037881600923,-0.11328311364480276,-0.4847133719884535,-0.3120822517849623,-0.1726311202034912,0.1394511315814711,False,False,-0.4847133719884535,-0.3565257916859371,-0.008488156694659077,-0.03748210921096873,-0.008442588259499728
2022-01-06,-0.5147525876270083,-0.07721288814405124,-0.9028235023269944,-0.2257058755817486,-0.17485607557007182,-0.052456822671021544,-0.40948517444135735,-0.1228455523324072,-0.47822113872922856,-0.30291876372579984,-0.17530237500342874,0.1276163887223711,False,False,-0.47822113872922856,-0.36198770159507854,-0.0351845107655554,-0.008194082443582884,-0.00024720122946042533
2022-01-07,-0.750040621638096,-0.1125060932457144,-0.9598469074898335,-0.23996172687245837,-0.2825336193071789,-0.08476008579215367,-0.27964827137268905,-0.0838944814118067,-0.5211223873221331,-0.3524678201181728,-0.16865456720396038,0.1838132529142124,False,False,-0.5211223873221331,-0.38443585217686327,0.002724791707163998,0.05620346009573107,0.015280100696522858
2022-01-08,-0.7268376636224102,-0.10902564954336152,-0.9559659186215039,-0.23899147965537598,-0.19211095081368273,-0.05763328524410482,-0.2767712577519057,-0.08303137732557171,-0.48868179176841403,-0.3480171291987375,-0.14066466256967652,0.20735246662906098,False,False,-0.48868179176841403,-0.3827585680916473,0.004435728245905768,0.02112225268199852,0.01613205840535481
2022-01-09,-0.7291203794298272,-0.10936805691447408,-0.9424711120690309,-0.23561777801725772,-0.199138623282957,-0.0597415869848871,-0.27527193214330753,-0.08258157964299226,-0.4873090015596112,-0.3449858349317318,-0.14232316662787936,0.20266266830385243,False,False,-0.4873090015596112,-0.38002065283758824,-0.0010063390041520348,0.028552510449157298,-0.004887420451923363
2022-01-10,-0.8821066606216104,-0.13231599909324154,-0.9421606098734883,-0.23554015246837207,-0.2490449530684913,-0.07471348592054738,-0.17987940034574246,-0.053963820103722734,-0.49653345758588374,-0.3678561515616136,-0.12867730602427013,0.23917884553734348,False,False,-0.49653345758588374,-0.3806445622364065,0.021682114096984728,0.03017037005687606,-0.027295840108993885
2022-01-11,-0.8016866636470444,-0.12025299954705666,-0.924559403249469,-0.23113985081236724,-0.13328449659244423,-0.039985348977733266,-0.13443827379013698,-0.040331482137041096,-0.43170968147419825,-0.3513928503594239,-0.08031683111477436,0.2710760192446495,False,False,-0.43170968147419825,-0.3672156269682283,0.027460554575093665,0.008012536599601772,-0.14706492899835222
2022-01-12,-0.8725924978190801,-0.130888874672862,-0.9078222778134463,-0.22695556945336157,-0.18626324322975768,-0.055878972968927305,0.013635967112406758,0.004090790133722027,-0.4096326269614288,-0.35784444412622357,-0.05178818283520528,0.30605626129101826,False,False,-0.4096326269614288,-0.3498390171583229,-0.03058015163545902,-0.038745716091006854,-0.20115500974200662
2022-01-13,-0.9205242861133057,-0.13807864291699584,-0.9363213435843949,-0.23408033589609872,-0.31635735158495926,-0.09490720547548777,-0.011080229423423066,-0.00332406882702692,-0.4703902531156092,-0.37215897881309457,-0.09823127430251469,0.2739277045105799,False,False,-0.4703902531156092,-0.3697210386010805,0.011744565509816507,-0.004886970451909001,-0.14839153376248315
2022-01-14,-0.8830756652069028,-0.1324613497810354,-0.9131355809502792,-0.2282838952375698,-0.2682634992688874,-0.08047904978066621,0.2639725844839033,0.079191775345171,-0.3620325194541004,-0.3607452450186052,-0.0012872744354952143,0.35945797058311,False,False,-0.3620325194541004,-0.3623186860494718,0.0005650260706233645,-0.03251164190584477,-0.14862089978718052
2022-01-15,-0.8976731411241139,-0.13465097116861707,-0.8727613436373921,-0.21819033590934803,-0.24395761340035013,-0.07318728402010503,0.10445940543628637,0.03133782163088591,-0.3946907694671843,-0.3528413070779651,-0.041849462389219126,0.310991844688746,False,False,-0.3946907694671843,-0.36195837948234033,-0.0002931462953200681,-0.05578321007494835,-0.14218570156314525
2022-01-16,-0.8954379151148971,-0.13431568726723456,-0.8777465314325757,-0.21943663285814394,-0.29649514493892976,-0.08894854348167892,0.24618475534219508,0.07385542660265852,-0.36884543700439887,-0.3537523201253785,-0.015093116879020402,0.3386592032463581,False,False,-0.36884543700439887,-0.36214541901965513,-0.020199825128634497,-0.15384477867813795,-0.14539304962938526
2022-01-17,-0.8421858398827874,-0.1263278759824181,-0.8447350329197689,-0.21118375822994223,-0.29266400319666425,-0.08779920095899928,0.20382204461284453,0.061146613383853354,-0.36416422178750624,-0.3375116342123603,-0.026652587575145922,0.31085904663721436,False,False,-0.36416422178750624,-0.37502997001295646,0.003566213808853691,-0.1689555993348124,-0.1194627125688541
2022-01-18,-0.7478318109485944,-0.11217477164228916,-0.8650060214805368,-0.2162515053701342,-0.04287276053641366,-0.012861828160924097,0.33664697993217285,0.10099409397965185,-0.2402940111936956,-0.3284262770124234,0.08813226581872775,0.4165585428311511,False,False,-0.2402940111936956,-0.372801193261897,-0.01634180296051302,-0.14420930994717618,-0.1094528443912608
2022-01-19,-0.8632158406230291,-0.12948237609345437,-0.9073330903186073,-0.22683327257965183,0.06257949083887798,0.018773847251663395,0.12612581695502764,0.03783774508650829,-0.29970405633493447,-0.35631564867310617,0.05661159233817169,0.41292724101127787,False,False,-0.29970405633493447,-0.38305075257867993,-0.023502154704235556,-0.12001101295943051,-0.08384947579225266
2022-01-20,-0.8721348559824771,-0.13082022839737156,-0.9109054063033969,-0.22772635157584922,-0.19028079647665228,-0.05708423894299568,0.10576233145984751,0.03172869943795425,-0.38390211947826225,-0.3585465799732208,-0.02535553950504143,0.3331910404681794,False,False,-0.38390211947826225,-0.3975503892362374,-0.10411763158690412,-0.09150704839198542,-0.0688074578469361
2022-01-21,-0.965792816152064,-0.1448689224228096,-0.9333219935687256,-0.2333304983921814,-0.5112753910781008,-0.15338261732343025,-0.1284885234266969,-0.03854655702800907,-0.5701285951664303,-0.378199420814991,-0.19192917435143933,0.1862702464635517,False,False,-0.5701285951664303,-0.4602760158594127,-0.03769730590849685,0.009988390824498428,0.05546913992500002
2022-01-22,-0.976159589164796,-0.1464239383747194,-0.9579761667398362,-0.23949404168495905,-0.49518021161193904,-0.14855406348358172,-0.16261959684219948,-0.048785879052659846,-0.58325792259592,-0.3859179800596785,-0.19733994253624157,0.1885780375234369,False,False,-0.58325792259592,-0.4806221559957131,0.033449743409305954,0.05955504510510279,0.10330833482077417
2022-01-23,-0.9389664996697855,-0.14084497495046783,-0.9406573692641564,-0.2351643423160391,-0.41567652185629766,-0.12470295655688929,0.028398881380893835,0.00851966441426815,-0.49219260940912807,-0.37600931726650694,-0.11618329214262113,0.2598260251238858,False,False,-0.49219260940912807,-0.4632491003812911,0.011472069593911227,0.04061327841013318,0.01798366926889683
2022-01-24,-0.9114462635554156,-0.13671693953331232,-0.9504404399400872,-0.2376101099850218,-0.4157155321391842,-0.12471465964175527,0.10118228991850704,0.03035468697555211,-0.4686870221845373,-0.3743270495183341,-0.09435997266620316,0.27996707685213096,False,False,-0.4686870221845373,-0.4570914567062708,0.008127854753159802,0.041093170141583535,0.01776469673639247
2022-01-25,-0.8211912779249286,-0.1231786916887393,-0.9106409255929295,-0.22766023139823238,-0.34230246153610777,-0.10269073846083233,0.06385002001880044,0.019155006005640133,-0.43437465554216387,-0.3508389230869717,-0.0835357324551922,0.2673031906317795,False,False,-0.43437465554216387,-0.4526787749221298,-0.004031027384361674,0.024985984211403522,0.12489555802320029
2022-01-26,-0.8102787528383049,-0.12154181292574573,-0.9262512131034798,-0.23156280327586995,-0.286930558027971,-0.0860791674083913,-0.02120958044864411,-0.0063628741345932325,-0.4455466577446002,-0.3531046162016157,-0.09244204154298453,0.2606625746586312,False,False,-0.4455466577446002,-0.4548850417684611,0.009529103211304513,0.04503096225034198,0.12424156477676584
2022-01-27,-0.6729464187120927,-0.1009419628068139,-0.9487792457678846,-0.23719481144197116,-0.29341147267362677,-0.08802344180208803,0.022353088778019174,0.0067059266334057515,-0.4194542894174674,-0.3381367742487851,-0.08131751516868228,0.2568192590801028,False,False,-0.4194542894174674,-0.4496905850694468,0.01497466368497391,0.04129402235193114,0.1404939706836097
2022-01-28,-0.6174183498317234,-0.0926127524747585,-0.9457400038557118,-0.23643500096392794,-0.390911675443681,-0.11727350263310429,0.006948138483608825,0.0020844415450826477,-0.4442368145267081,-0.3290477534386864,-0.11518906108802164,0.2138586923506648,False,False,-0.4442368145267081,-0.44144988665818696,0.011938522495158699,-0.021746415897950344,0.16235388381124904
2022-01-29,-0.5807792249653516,-0.08711688374480274,-0.9322311245825714,-0.23305778114564285,-0.5795016614948788,-0.17385049844846365,-0.0494478468856237,-0.01483435406568711,-0.5088595174045963,-0.3201746648904456,-0.18868485251415076,0.13148981237629484,False,False,-0.5088595174045963,-0.4347816235653824,-0.0074693110564038045,-0.022407671161667975,0.15395956280373224
2022-01-30,-0.610896348582851,-0.09163445228742766,-0.9385191778016261,-0.23462979445040652,-0.5737132747284368,-0.17211398241853104,0.05026297745138266,0.015078893235414798,-0.4832993359209504,-0.32626424673783416,-0.15703508918311623,0.16922915755471793,False,False,-0.4832993359209504,-0.4390034154337681,0.015446484007078931,0.09747408779317523,0.17134789935842476
2022-01-31,-0.6412214940866953,-0.09618322411300428,-0.922111624297442,-0.2305279060743605,-0.5667193674982343,-0.17001581024947027,0.14189113351355873,0.042567340054067614,-0.4541596003827674,-0.32671113018736475,-0.12744847019540265,0.1992626599919621,False,False,-0.4541596003827674,-0.4303379906622399,0.005919114875386322,0.07579737384608576,0.13072381709989633
2022-02-01,-0.7344227506564474,-0.1101634125984671,-0.882039729133761,-0.22050993228344026,-0.5961329906906205,-0.17883989720718615,0.13832327283291762,0.041496981849875283,-0.4680162602392183,-0.33067334488190736,-0.13734291535731086,0.1933304295245965,False,False,-0.4680162602392183,-0.4269660957888264,-0.046472388000493026,0.09526603072936046,0.09508150881040489
2022-02-02,-0.7736435289307079,-0.11604652933960617,-0.855692055447968,-0.213923013861992,-0.7402620367922728,-0.2220786110376818,0.1687613774873991,0.05062841324621973,-0.5014197409930603,-0.32996954320159816,-0.1714501977914621,0.15851934541013607,False,False,-0.5014197409930603,-0.4535963497227653,0.011254497733651725,0.18819281902062968,0.14422859057099413
2022-02-03,-0.7752449858429392,-0.11628674787644087,-0.8475048801229724,-0.2118762200307431,-0.8180128451523785,-0.24540385354571354,0.19704521863298105,0.059113565589894314,-0.5144532558630032,-0.32816296790718397,-0.18629028795581923,0.14187267995136474,False,False,-0.5144532558630032,-0.4474468510790611,0.11424433306415893,0.18040979737942142,0.12709314875450306
2022-02-04,-0.1951849815934693,-0.029277747239020394,-0.6479528774192636,-0.1619882193548159,-0.6153530557819541,-0.18460591673458623,0.1884169259376092,0.056525077781282754,-0.31934680554713973,-0.19126596659383627,-0.12808083895330347,0.0631851276405328,False,False,-0.31934680554713973,-0.38432078509808765,-0.004610065124446061,0.0673125793008893,0.023131866479852325
2022-02-05,-0.2181256430736203,-0.03271884646104305,-0.665188367080522,-0.1662970917701305,-0.6285558923537965,-0.18856676770613895,0.21373713979797465,0.06412114193939239,-0.3234615639979201,-0.19901593823117353,-0.12444562576674656,0.07457031246442697,False,False,-0.3234615639979201,-0.3871591063745533,0.02412318803632174,0.05105649501396625,0.07641546843733082
2022-02-06,0.02339603120871477,0.0035094046813072153,-0.6002301149057199,-0.15005752872642997,-0.6187448114362992,-0.18562344343088977,0.22409379767518464,0.06722813930255539,-0.2649434281734571,-0.14654812404512274,-0.11839530412833438,0.028152819916788363,False,False,-0.2649434281734571,-0.3723754302612793,0.03442874108058658,-0.00016847223759208774,0.03522084374388723
2022-02-07,0.18525905370520218,0.027788858055780328,-0.3162254256442856,-0.0790563564110714,-0.5447913771388815,-0.16343741314166443,0.3607362592465222,0.10822087777395666,-0.10648403372299885,-0.05126749835529107,-0.05521653536770778,-0.003949037012416709,False,False,-0.10648403372299885,-0.3507671064539304,0.004630475508776266,-0.03700092084875006,-0.07582780014320256
2022-02-08,0.29457494217223285,0.04418624132583492,-0.26764178063848026,-0.06691044515962007,-0.6320873590300247,-0.1896262077090074,0.21764559246997525,0.06529367774099257,-0.14705673380179998,-0.022724203833785143,-0.12433252996801483,-0.10160832613422968,False,False,-0.14705673380179998,-0.34776084944087327,0.007486548937753801,-0.04516791434913925,-0.09237678913261782
2022-02-09,0.44592864761853085,0.06688929714277962,-0.4141239474510682,-0.10353098686276704,-0.5733515778677264,-0.1720054733603179,0.16494488527843507,0.04948346558353052,-0.15916369749677484,-0.03664168971998742,-0.12252200777678739,-0.08588031805679996,False,False,-0.15916369749677484,-0.3428778291210933,-0.01977070596528674,-0.0413943522055894,-0.09676102794690078
2022-02-10,0.8550333624291264,0.12825500436436896,-0.5206362955567333,-0.13015907388918332,-0.6512353304692902,-0.19537059914078705,0.1456812113126319,0.043704363393789566,-0.15357030527181187,-0.0019040695248143669,-0.1516662357469975,-0.14976216622218314,False,False,-0.15357030527181187,-0.35586959834481113,-0.025789140194926174,0.024127126889623263,-0.11745024305996221
2022-02-11,0.8859686012282306,0.1328952901842346,-0.3919291377260446,-0.09798228443151115,-0.6900273140129948,-0.20700819420389843,0.18104478201926552,0.054313434605779656,-0.11778175384539534,0.03491300575272345,-0.1526947595981188,-0.18760776535084223,False,False,-0.11778175384539534,-0.37248116757691085,-0.003678222332563097,0.03539527910335005,-0.1266249159561832
2022-02-12,0.8165320250110312,0.12247980375165467,-0.5254992012235536,-0.1313748003058884,-0.7957445542538025,-0.23872336627614074,0.18639707623287122,0.055919122869861365,-0.1916992399605131,-0.008894996554233744,-0.18280424340627938,-0.17390924685204562,False,False,-0.1916992399605131,-0.3747893213604334,-0.0038895851448687013,-0.04031870864162512,-0.09445147280049893
2022-02-13,0.7731319208505645,0.11596978812758467,-0.570323645138158,-0.1425809112845395,-0.7861263338235528,-0.23583790014706582,0.2878723888711116,0.08636171666133348,-0.17608730664268718,-0.02661112315695484,-0.14947618348573233,-0.12286506032877749,False,False,-0.17608730664268718,-0.37722113152848324,0.01146820514552127,-0.049442069964897306,-0.11422668086440046
2022-02-14,0.7826868183895475,0.11740302275843212,-0.4543529565676122,-0.11358823914190305,-0.7852820118517163,-0.2355846035555149,0.32273796489358536,0.0968213894680756,-0.1349484304709102,0.003814783616529066,-0.1387632140874393,-0.14257799770396837,False,False,-0.1349484304709102,-0.3700789757045563,0.04722876701443535,-0.057757510472320694,-0.09894526840126261
2022-02-15,0.880247800847531,0.13203717012712965,-0.14862194093427974,-0.037155485233569936,-0.7352585874290893,-0.22057757622872678,0.39052073959947425,0.11715622187984227,-0.008539669455324791,0.09488168489355972,-0.10342135434888451,-0.19830303924244425,False,False,-0.008539669455324791,-0.34032858241061237,-0.015070201141052064,-0.1382419879644925,-0.11955790185444526
2022-02-16,0.8274989014997194,0.1241248352249579,-0.2725109724022178,-0.06812774310055444,-0.7974361959490868,-0.23923085878472602,0.5499533080239789,0.16498599240719367,-0.0182477742531289,0.05599709212440346,-0.07424486637753236,-0.13024195850193582,False,False,-0.0182477742531289,-0.3502699633606874,-0.07653493356819008,-0.15648148907907167,-0.10842156414934179
2022-02-17,0.40723033137099185,0.06108454970564878,-0.5188602116550179,-0.12971505291375449,-0.8780997505677626,-0.26342992517032876,0.3892757126882636,0.11678271380647907,-0.21527771457195538,-0.06863050320810571,-0.14664721136384967,-0.07801670815574396,False,False,-0.21527771457195538,-0.3999970085521348,-0.013359265667383102,-0.05640702246289697,-0.06951947023005889
2022-02-18,0.27142718455324855,0.04071407768298728,-0.571133483691276,-0.142783370922819,-0.8492649553031408,-0.25477948659094224,0.30994056619985916,0.09298216985995775,-0.26386660997081623,-0.10206929323983173,-0.1617973167309845,-0.05972802349115276,False,False,-0.26386660997081623,-0.4080126079161115,0.0026199241315199018,-0.06815430059808214,0.07968992186006862
2022-02-19,0.3273975902476598,0.04910963853714897,-0.6746271566438552,-0.1686567891609638,-0.826988498677782,-0.2480965496033346,0.2653400253633268,0.07960200760899803,-0.2880416926181514,-0.11954715062381482,-0.16849454199433656,-0.04894739137052173,False,False,-0.2880416926181514,-0.40646164586203537,-0.042223429277602254,-0.04371248206986322,0.10833632532809445
2022-02-20,-0.012143158894868219,-0.0018214738342302327,-0.7437022223707425,-0.18592555559268562,-0.8671766484023309,-0.26015299452069923,0.3537423965968895,0.10612271897906685,-0.34177730496854825,-0.18774702942691585,-0.1540302755416324,0.033716753885283446,False,False,-0.34177730496854825,-0.43152287058152416,-0.035916689265527824,0.02168136048531144,0.14343673061297757
2022-02-21,-0.24911610131847559,-0.037367415197771335,-0.8637608848820517,-0.21594022122051293,-0.8851152628040717,-0.2655345788412215,0.25283781570177644,0.07585134471053293,-0.4429908705489729,-0.25330763641828424,-0.18968323413068858,0.06362440228759567,False,False,-0.4429908705489729,-0.45194068699340684,0.03302433841617636,0.05697554269112537,0.1471524117924261
2022-02-22,0.20411936511319426,0.030617904766979138,-0.8206604216890251,-0.20516510542225627,-0.8875126863903589,-0.2662538059171076,0.18262322308745546,0.054786966926236635,-0.3860140396461481,-0.17454720065527712,-0.211466838990871,-0.03691963833559386,False,False,-0.3860140396461481,-0.43384139076854,-0.025642467642837508,-0.01389629647455315,0.02402098020079868
2022-02-23,-0.009527454303823409,-0.0014291181455735112,-0.841505747642249,-0.21037643691056224,-0.8773307581114275,-0.2631992274334282,0.1452827530289886,0.04358482590869658,-0.4314199565808674,-0.21180555505613574,-0.21961440152473163,-0.0078088464685958925,False,False,-0.4314199565808674,-0.4483590945864716,0.02891811304211722,0.15865740707183695,0.057663071768302876
2022-02-24,-0.5382716853370952,-0.08074075280056428,-0.8116124401130264,-0.2029031100282566,-0.8308975319104277,-0.2492692595731283,0.1235011551333262,0.03705034653999786,-0.4958627758619514,-0.28364386282882087,-0.21221891303313042,0.07142494979569045,False,False,-0.4958627758619514,-0.43240668052506726,0.02327223922638777,0.1589990505439869,0.002442129234035084
2022-02-25,-0.3710018424495397,-0.05565027636743095,-0.7727016098966447,-0.19317540247416118,-0.8434946364748096,-0.25304839094244286,0.2113979580022504,0.06341938740067511,-0.43845468238335983,-0.24882567884159212,-0.18962900354176776,0.059196675299824364,False,False,-0.43845468238335983,-0.4191975130109471,-0.0026122429413982795,0.11917156839372178,-0.031392046287567976
2022-02-26,-0.5326134162458248,-0.07989201243687372,-0.66661433379514,-0.166653583448785,-0.8675944528978473,-0.26027833586935417,0.2880990962743537,0.08642972888230611,-0.42039420287270685,-0.24654559588565872,-0.17384860698704807,0.07269698889861065,False,False,-0.42039420287270685,-0.42071471020793083,-0.03624153558887355,0.08531594673582044,-0.009870203841221947
2022-02-27,-0.8137312183607318,-0.12205968275410976,-0.6945567922509853,-0.17363919806274633,-0.8862375448216729,-0.26587126344650186,0.20626112362696158,0.06187833708808847,-0.49969180717526945,-0.2956988808168561,-0.20399292635841337,0.0917059544584427,False,False,-0.49969180717526945,-0.44170889865404095,0.14485582800848928,0.03845161167105715,0.11253964620347401
2022-02-28,-0.1035126948698803,-0.015526904230482044,-0.3033839302096929,-0.07584598255242322,-0.7283823012394699,-0.21851469037184096,0.3847184899121205,0.11541554697363614,-0.1944720301811101,-0.09137288678290527,-0.10309914339820482,-0.011726256615299552,False,False,-0.1944720301811101,-0.3608371788988006,0.029221501390175986,-0.08716496756255798,-0.08660797034291012
2022-03-01,0.0055406611200103355,0.0008310991680015504,-0.13995062512339232,-0.03498765628084808,-0.6803053223609654,-0.2040915967082896,0.40186278448525925,0.12055883534557776,-0.11768931847555836,-0.03415655711284653,-0.08353276136271184,-0.049376204249865316,False,False,-0.11768931847555836,-0.34215988163344313,-0.011891169081429398,-0.1350794215374641,-0.1281286863029364
2022-03-02,0.04629561964886277,0.0069443429473294155,-0.290624179130599,-0.07265604478264975,-0.7460621420161834,-0.223818642604855,0.4551134186432905,0.13653402559298716,-0.15299631884718817,-0.06571170183532034,-0.08728461701186785,-0.02157291517654751,False,False,-0.15299631884718817,-0.3499823697094875,-0.032783830124999525,-0.134531307739871,-0.11586408578319363
2022-03-03,0.009580208756985696,0.0014370313135478544,-0.36553669153155527,-0.09138417288288882,-0.7759978767431601,-0.232799363022948,0.3796152171190468,0.11388456513571403,-0.20886193945657494,-0.08994714156934096,-0.11891479788723398,-0.028967656317893026,False,False,-0.20886193945657494,-0.37129243727918637,-0.07785697460781071,-0.08770363216658039,-0.11015828897159285
2022-03-04,-0.33935334683391083,-0.05090300202508662,-0.5268000873513768,-0.1317000218378442,-0.8218773629830047,-0.2465632088949014,0.25978304999325136,0.0779349149979754,-0.3512313177598569,-0.18260302386293084,-0.16862829389692602,0.013974729966004823,False,False,-0.3512313177598569,-0.42024170602567934,0.006368034052761873,0.07134471524695862,0.013351925710867185
2022-03-05,-0.29593249670234306,-0.04438987450535146,-0.4764972593922124,-0.1191243148480531,-0.8098196470474358,-0.24294589411423073,0.3204835750074175,0.09614507250222525,-0.31031501096541003,-0.16351418935340456,-0.14680082161200547,0.016713367741399088,False,False,-0.31031501096541003,-0.4165497854672797,-0.024802045588147248,0.0006101838775409707,-0.002985687583824115
2022-03-06,-0.44203736567611407,-0.06630560485141711,-0.40284500978870774,-0.10071125244717694,-0.8374785880545895,-0.25124357641637685,0.23017638248233777,0.06905291474470132,-0.3492075189702696,-0.16701685729859406,-0.18219066167167552,-0.015173804373081468,False,False,-0.3492075189702696,-0.4310205442865346,-0.011264988947395915,0.008036269927677253,0.07009716869581872
2022-03-07,-0.6454917704156249,-0.09682376556234373,-0.4108693334639443,-0.10271733336598607,-0.8670575062281762,-0.26011725186845286,0.22662511303596428,0.06798753391078928,-0.39167081688599337,-0.1995410989283298,-0.1921297179576636,0.007411380970666209,False,False,-0.39167081688599337,-0.4374300915664421,0.019549068126776703,0.0215689164999473,0.07712698746972735
2022-03-08,-0.5344821877189239,-0.08017232815783858,-0.24143012297789265,-0.06035753074447316,-0.8977661233344006,-0.2693298370003202,0.22151234734518477,0.06645370420355542,-0.3434059916990765,-0.14052985890231173,-0.20287613279676478,-0.06234627389445305,False,False,-0.3434059916990765,-0.4264323741003998,0.08290802395933139,-0.024613335750025223,0.07815209822303437
2022-03-09,0.1625878713351931,0.024388180700278962,0.021017735387566197,0.005254433846891549,-0.8335720978329302,-0.25007162934987903,0.40682831628505284,0.12204849488551585,-0.09838051991719267,0.02964261454717051,-0.1280231344643632,-0.1576657490115337,False,False,-0.09838051991719267,-0.3788790156300189,-0.0600764727999884,-0.05413084015887759,0.006185250911324269
2022-03-10,-0.06319242174142156,-0.009478863261213234,-0.19495675205342575,-0.04873918801335644,-0.8530808922529056,-0.2559242676758717,0.3244478734897796,0.09733436204693388,-0.2168079569035075,-0.05821805127456967,-0.1585899056289378,-0.10037185435436813,False,False,-0.2168079569035075,-0.4161937735530241,-0.01756455786109279,-0.003593678656587662,0.04667723606108276
2022-03-11,-0.15407665482769356,-0.023111498224154033,-0.2468068991095371,-0.061701724777384274,-0.8636267547111051,-0.2590880264133315,0.2907630480936088,0.08722891442808264,-0.2566723349867872,-0.0848132230015383,-0.17185911198524886,-0.08704588898371056,False,False,-0.2566723349867872,-0.4264480717971183,0.0020085428265792515,0.06156613667541366,0.058680744454431055
2022-03-12,0.05034689546022445,0.0075520343190336675,-0.30649765995132316,-0.07662441498783079,-0.8555773507334339,-0.2566732052200302,0.34177221262030794,0.10253166378609238,-0.2232139221027349,-0.06907238066879712,-0.1541415414339378,-0.08506916076514068,False,False,-0.2232139221027349,-0.4252960681860556,-0.026541872469552308,0.054385044486406686,0.09165194437343827
2022-03-13,0.09554005630636193,0.01433100844595429,-0.4580958919279516,-0.1145239729819879,-0.8748168085987569,-0.26244504257962703,0.323465349871982,0.0970396049615946,-0.26559840215406605,-0.1001929645360336,-0.16540543761803245,-0.06521247308199885,False,False,-0.26559840215406605,-0.4405497866520116,0.05013666923081428,0.10535866209743738,0.13514503668071942
2022-03-14,0.1682699916476454,0.025240498747146806,-0.22538642709664958,-0.056346606774162394,-0.8521476279025404,-0.2556442883707621,0.39240178247155183,0.11772053474146554,-0.16902986165631212,-0.031106108027015588,-0.13792375362929654,-0.10681764560228095,False,False,-0.16902986165631212,-0.41250081635427505,-0.00985698250400735,0.06376790113373931,0.10889691986941696
2022-03-15,0.24063592166476191,0.03609538824971428,-0.29121633197588503,-0.07280408299397126,-0.8386721441820699,-0.251601643254621,0.3644555927374816,0.10933667782124448,-0.17897366017763347,-0.036708694744256976,-0.1422649654333765,-0.10555627068911952,False,False,-0.17897366017763347,-0.4182917855285896,0.04668163429380545,0.05045222379750869,0.12812596024524248
2022-03-16,0.3099070727088265,0.04648606090632398,-0.14988761490374536,-0.03747190372593634,-0.7434245293519895,-0.22302735880559685,0.475729038044104,0.1427187114132312,-0.071294490211978,0.009014157180387637,-0.08030864739236565,-0.0893228045727533,False,False,-0.071294490211978,-0.39113669539493257,-0.004769664834362919,-0.0027180522449773425,0.0826304908303741
2022-03-17,0.19192168062639772,0.028788252093959656,-0.16399709740582258,-0.040999274351455645,-0.7540948804929883,-0.2262284641478965,0.517049557374593,0.1551148672123779,-0.08332461919301457,-0.012211022257495988,-0.07111359693551858,-0.058902574678022596,False,False,-0.08332461919301457,-0.3940407692878414,0.020519381493185218,0.03534467800155916,0.1444321433895679
2022-03-18,0.28992069048588665,0.043488103572883,-0.034109793043342586,-0.008527448260835646,-0.6576449199583289,-0.19729347598749866,0.44293062569961483,0.13287918770988444,-0.029453632965566856,0.03496065531204735,-0.06441428827761422,-0.09937494358966158,False,False,-0.029453632965566856,-0.38160686066354166,0.010623717745622097,0.026947248530863055,0.12847269868342237
2022-03-19,0.48167846593517855,0.07225176989027678,-0.011513011946106183,-0.0028782529865265458,-0.6718616038299927,-0.2015584811489978,0.4517817913604584,0.1355345374081375,0.003349573162889946,0.06937351690375024,-0.06602394374086029,-0.13539746064461053,False,False,0.003349573162889946,-0.37503722649540194,-0.022251062945470856,0.042423745525297596,0.12401729527147753
2022-03-20,-0.2625609798290047,-0.039384146974350706,-0.03089037381153253,-0.007722593452883133,-0.7375736994122927,-0.2212721098236878,0.35606132165706517,0.10681839649711955,-0.16156045375380212,-0.04710674042723384,-0.11445371332656826,-0.06734697289933442,False,False,-0.16156045375380212,-0.3889433125072287,-0.006297787485904149,0.07394314057133777,0.14070729780905533
2022-03-21,-0.4527778188381009,-0.06791667282571513,0.025398101697580996,0.006349525424395249,-0.7235442956709153,-0.2170632887012746,0.3162811506849403,0.09488434520548208,-0.18374609089711239,-0.06156714740131988,-0.1221789434957925,-0.06061179609447262,False,False,-0.18374609089711239,-0.39279161766689874,0.03321476260449119,0.08558115713162073,0.10994738093641199
2022-03-22,-0.20818221158328487,-0.03122733173749273,0.4763094332873966,0.11907735832184915,-0.6207010647325095,-0.18621031941975286,0.3169627824752508,0.09508883474257523,-0.0032714580928212,0.08785002658435642,-0.09112148467717762,-0.17897151126153404,False,False,-0.0032714580928212,-0.3726233353962477,0.012242196405308103,0.10536342891970185,0.09251600351523792
2022-03-23,0.06084764280648905,0.009127146420973358,0.603924754007602,0.1509811885019005,-0.6377040014435409,-0.19131120043306227,0.25268542101058433,0.07580562630317529,0.044602760792986904,0.16010833492287388,-0.11550557412988698,-0.27561390905276084,False,False,0.044602760792986904,-0.36494286704806145,0.025854212741903693,0.09886140724151149,0.06828478390849835
2022-03-24,0.6746754353570746,0.10120131530356119,0.5884150137763823,0.14710375344409557,-0.5843966898831197,-0.17531900696493588,0.19729148619804904,0.05918744585941471,0.1321735076421356,0.24830506874765676,-0.11613156110552117,-0.36443662985317793,False,False,0.1321735076421356,-0.3485239648294586,0.007312782981060417,0.07827291933479819,0.054917249848038585
2022-03-25,0.6782296588183774,0.1017344488227566,0.5790826631538444,0.1447706657884611,-0.6250950454789089,-0.18752851364367268,0.18520686577401652,0.05556205973220495,0.11453866069975,0.2465051146112177,-0.13196645391146772,-0.37847156852268543,False,False,0.11453866069975,-0.3437598619668947,0.004470680944441696,0.06216731102002182,0.05116651577093578
2022-03-26,0.7862661420864479,0.11793992131296717,0.5706596783888997,0.14266491959722494,-0.4597316940620368,-0.13791950821861104,0.19324557992110417,0.05797367397633125,0.1806590066679123,0.2606048409101921,-0.0799458342422798,-0.3405506751524719,False,False,0.1806590066679123,-0.3408260216868123,0.05204277478490282,0.022445326767805085,0.022157983809493853
2022-03-27,0.8970311468471983,0.13455467202707974,0.6796614504414178,0.16991536261035445,-0.38684638938382776,-0.11605391681514832,0.18881772106837227,0.05664531632051168,0.24506143414279752,0.30447003463743416,-0.059408600494636636,-0.3638786351320708,False,False,0.24506143414279752,-0.30652077878939066,0.00628793689896745,-0.011622806642897388,-0.07810089570801593
2022-03-28,0.8782573867153192,0.13173860800729786,0.6737289465453201,0.16843223663633003,-0.47384763944220415,-0.14215429183266123,0.23123679461562308,0.06937103838468692,0.22738759119565355,0.30017084464362787,-0.07278325344797432,-0.3729540980916022,False,False,0.22738759119565355,-0.3021602252056732,0.006633602286480356,-0.02782573228208096,-0.07805279081774807
2022-03-29,0.7616483989673641,0.11424725984510462,0.6582242262537944,0.1645560565634486,-0.47819804779337943,-0.14345941433801382,0.31105589121511606,0.09331676736453481,0.2286606694350742,0.2788033164085532,-0.050142646973479005,-0.3289459633820322,False,False,0.2286606694350742,-0.29753103368000067,-0.007732930253737891,-0.021660257869749677,-0.10926134399217458
2022-03-30,0.9409026721484505,0.14113540082226755,0.618011487172791,0.15450287179319774,-0.4647567564920231,-0.13942702694760692,0.3275999798429873,0.09827999395289617,0.25449123962075454,0.29563827261546527,-0.041147032994710744,-0.336785305610176,False,False,0.25449123962075454,-0.3029631772019685,-0.033093616277219406,-0.010356932598991286,-0.09165507173771381
2022-03-31,0.9064767122060736,0.13597150683091103,0.5559981867614463,0.13899954669036158,-0.5377419036612134,-0.16132257109836404,0.3118643129653519,0.09355929388960556,0.20720777631251414,0.2749710535212726,-0.06776327720875848,-0.34273433073003107,False,False,0.20720777631251414,-0.32603064634673884,0.016988447021050623,-0.00028103503511500705,-0.07364238544471424
2022-04-01,0.9280065357476798,0.13920098036215195,0.5594686170294381,0.13986715425735952,-0.48048606791375775,-0.14414582037412732,0.2752046771954806,0.08256140315864417,0.21748371740402833,0.27906813461951147,-0.06158441721548315,-0.3406525518349946,False,False,0.21748371740402833,-0.3145809536883887,-0.010208607864272912,-0.06725983714711226,-0.1459060239407184
2022-04-02,0.9545449145187793,0.1431817371778169,0.5199477589197089,0.12998693972992723,-0.3941110505599759,-0.11823331516799276,0.20840164001121744,0.06252049200336524,0.21745585374311663,0.27316867690774416,-0.05571282316462753,-0.3288815000723717,False,False,0.21745585374311663,-0.3215781279548878,0.013017615856453668,-0.05166466569164607,-0.12521141210626263
2022-04-03,0.9313966509256194,0.1397094976388429,0.6610652232174112,0.1652663058043528,-0.15523716513919136,-0.04657114954175741,0.14755860512008076,0.044267581536024225,0.3026722354374626,0.30497580344319575,-0.0023035680057331837,-0.3072793714489289,False,False,0.3026722354374626,-0.3127466926359884,0.003731305493634096,-0.08954055769183111,-0.11333463341475003
2022-04-04,0.9515601913611882,0.14273402870417823,0.6463987277189055,0.16159968192972637,-0.15849704488786656,-0.04754911346635997,0.08184959397436281,0.02455487819230884,0.28133947535985343,0.3043337106339046,-0.022994235274051127,-0.3273279459079557,False,False,0.28133947535985343,-0.31018234059470273,-0.023249208735584892,-0.08214895027984881,-0.14250874453714668
2022-04-05,0.8146419165448427,0.12219628748172641,0.32274460540337896,0.08068615135084474,-0.27373372278917846,-0.08212011683675353,0.07087937636843634,0.021263812910530904,0.14202613490634852,0.20288243883257115,-0.06085630392622263,-0.2637387427587938,False,False,0.14202613490634852,-0.32622005534770915,-0.05114736947374088,-0.0733819733150467,-0.10870145755101102
2022-04-06,0.4679142698311526,0.07018714047467288,0.15275107900665433,0.03818776975166358,-0.40330859844495115,-0.12099257953348534,-0.1277128497406778,-0.038313854922203336,-0.05093152422935221,0.10837491022633647,-0.15930643445568868,-0.26768134468202515,False,False,-0.05093152422935221,-0.3606821271208366,0.006340445216371338,-0.08431735860184064,-0.06466827903425654
2022-04-07,0.3631268578586227,0.054469028678793406,0.09026196209174107,0.02256549052293527,-0.3835224651804346,-0.11505673955413037,-0.08933480338928745,-0.026800441016786237,-0.06482266136918793,0.07703451920172867,-0.14185718057091662,-0.21889169977264528,False,False,-0.06482266136918793,-0.3566285671719992,-0.0274416440955626,-0.07755352326743803,-0.08668754095772069
2022-04-08,0.011181730754137835,0.001677259613120675,-0.13429213602166118,-0.033573034005415295,-0.3108044139686306,-0.09324132419058918,-0.1373090988808641,-0.04119272966425923,-0.16632982824714304,-0.03189577439229462,-0.1344340538548484,-0.10253827946255378,False,False,-0.16632982824714304,-0.3742837370529174,0.011880144873581244,-0.02613414131067382,-0.034338721400473116
2022-04-09,0.3241093673755226,0.048616405106328385,-0.10825777321759517,-0.02706444330439879,-0.259781115051403,-0.0779343345154209,-0.07015407560272074,-0.021046222680816223,-0.07742859539430752,0.021551961801929594,-0.09898055719623712,-0.12053251899816672,False,False,-0.07742859539430752,-0.3668501371993502,-0.013919643017946681,-0.06576208010624518,-0.029489425192561036
2022-04-10,0.25534451930148516,0.03830167789522277,-0.18496574278976463,-0.04624143569744116,-0.4089519129932015,-0.12268557389796045,-0.23163944850828702,-0.0694918345524861,-0.20011716625266496,-0.007939757802218388,-0.19217740845044656,-0.18423765064822817,False,False,-0.20011716625266496,-0.3756633572663972,-0.06234515410168928,-0.038116552040674656,-0.018991504749299337
2022-04-11,-0.5207821879869191,-0.07811732819803786,-0.3284916824195076,-0.0821229206048769,-0.5640029486629915,-0.16920088459889746,-0.31462717507999644,-0.09438815252399893,-0.42382928592581115,-0.16024024880291476,-0.2635890371228964,-0.10334878831998162,False,False,-0.42382928592581115,-0.41458772146895495,0.01377393882437472,0.02145839473115041,0.02402097623477606
2022-04-12,-0.5107778352614356,-0.07661667528921534,-0.19696923796609778,-0.049242309491524444,-0.39773933575802717,-0.11932180072740814,-0.28790706045366515,-0.08637211813609955,-0.3315529036442475,-0.12585898478073979,-0.20569391886350769,-0.0798349340827679,False,False,-0.3315529036442475,-0.4065242885574305,0.026771094354726355,-0.009901948699112206,-0.00912690075144218
2022-04-13,-0.50446937832626,-0.075670406748939,-0.0911774797485866,-0.02279436993714665,-0.41705938191594394,-0.1251178145747832,-0.20106467038877077,-0.06031940111663123,-0.2839019923775,-0.09846477668608565,-0.18543721569141441,-0.08697243900532876,False,False,-0.2839019923775,-0.39063629428916313,-0.02929464741605814,-0.00842475379601193,-0.04146492436167293
2022-04-14,-0.689591721668702,-0.1034387582503053,-0.18046019117944753,-0.04511504779486188,-0.5037177439679134,-0.151115323190374,-0.20658333758719705,-0.06197500127615911,-0.3616441305117003,-0.14855380604516719,-0.2130903244665331,-0.0645365184213659,False,False,-0.3616441305117003,-0.4084873891961047,0.015259982004077077,0.038825928750364946,-0.012324002725926708
2022-04-15,-0.6362052120913603,-0.09543078181370404,-0.1674967576369555,-0.04187418940923888,-0.4160579066829486,-0.12481737200488457,-0.1797093561050717,-0.053912806831521505,-0.31603515005934896,-0.1373049712229429,-0.17873017883640607,-0.04142520761346316,False,False,-0.31603515005934896,-0.39946091740005274,-0.004270823315307148,0.019882915473750984,-0.0031026906260865905
2022-04-16,-0.8751060403343416,-0.13126590605015123,-0.3387275455945515,-0.08468188639863787,-0.3521372254369877,-0.10564116763109631,-0.26770657909216006,-0.08031197372764802,-0.40190093380753344,-0.2159477924487891,-0.18595314135874433,0.02999465109004476,False,False,-0.40190093380753344,-0.40202571371577367,-0.01735047999304573,0.002508747802988376,-0.05612016827679733
2022-04-17,-0.9185506160303623,-0.13778259240455434,-0.3459340889437545,-0.08648352223593862,-0.42847331678580863,-0.1285419950357426,-0.38742216003344837,-0.1162266480100345,-0.46903475768627007,-0.22426611464049295,-0.2447686430457771,-0.02050252840528416,False,False,-0.46903475768627007,-0.41240085460630393,0.028303004275403998,0.0007827991850419824,-0.011149721811416491
2022-04-18,-0.8673040458691221,-0.1300956068803683,0.026135997875635687,0.006533999468908922,-0.3545819273802409,-0.10637457821407227,-0.32454991156085794,-0.09736497346825738,-0.32730115909378904,-0.12356160741145938,-0.20373955168232966,-0.08017794427087027,False,False,-0.32730115909378904,-0.39577003348200246,0.016961540035778544,-0.033320890867483355,-0.02595663404420412
2022-04-19,-0.7939216779963256,-0.11908825169944884,0.13789431506370392,0.03447357876592598,-0.32542751813054915,-0.09762825543916474,-0.31042157603328446,-0.09312647280998533,-0.27536940118267295,-0.08461467293352286,-0.19075472824915007,-0.10614005531562722,False,False,-0.27536940118267295,-0.3855213627140903,-0.0032533057239767516,-0.0492382121592031,-0.0698203897604377
2022-04-20,-0.6896426394285115,-0.10344639591427672,0.11637464212841189,0.029093660532102973,-0.43277584951346615,-0.12983275485403983,-0.3244598669141568,-0.09733796007424704,-0.30152345031046063,-0.07435273538217374,-0.2271707149282869,-0.15281797954611315,False,False,-0.30152345031046063,-0.387520449582034,-0.021233521099448538,-0.022537494991923035,-0.09012459200946654
2022-04-21,-0.8335439511092378,-0.12503159266638567,0.1969922696733042,0.04924806741832605,-0.46593255189730665,-0.139779765569192,-0.2979786989061192,-0.08939360967183577,-0.3049569004890874,-0.07578352524805962,-0.22917337524102777,-0.15338984999296815,False,False,-0.3049569004890874,-0.4005255470388146,-0.01904223837889374,-0.058482198991551604,-0.04969514582629808
2022-04-22,-0.8544473768229823,-0.12816710652344734,0.26061429188271806,0.06515357297067952,-0.5969093313543358,-0.17907279940630072,-0.37500066204967436,-0.1125001986149023,-0.35458653157397085,-0.06301353355276783,-0.291572998021203,-0.22855946446843517,False,False,-0.35458653157397085,-0.4119408824741584,-0.00673849220759537,-0.011923187534973012,-0.029817286582095037
2022-04-23,-0.9003224437462717,-0.13504836656194075,0.1183853966522417,0.029596349163060424,-0.6082159409032434,-0.182464782270973,-0.31351794593969223,-0.09405538378190767,-0.381972183451761,-0.10545201739888033,-0.27652016605288066,-0.17106814865400033,False,False,-0.381972183451761,-0.41590351425521166,0.00021626911687144812,0.007618098657255379,-0.04342242708206567
2022-04-24,-0.9070077120473864,-0.13605115680710794,0.21650699975595028,0.05412674993898757,-0.5931004238012103,-0.17793012714036308,-0.3912346285899879,-0.11737038857699637,-0.37722492258547985,-0.08192440686812037,-0.29530051571735944,-0.21337610884923908,False,False,-0.37722492258547985,-0.41577719222407195,0.024738828490552534,-0.021648090893489957,0.006080334843003188
2022-04-25,-0.778673863868299,-0.11680107958024484,0.20189174233628915,0.05047293558407229,-0.5604854766529985,-0.16814564299589954,-0.34505279793525967,-0.1035158393805779,-0.33798962637265,-0.06632814399617255,-0.27166148237647747,-0.20533333838030493,False,False,-0.33798962637265,-0.40132420438223415,-0.057226176765098224,-0.06914546253309739,-0.09580721158222616
2022-04-26,-0.7898568494327207,-0.11847852741490811,-0.10709932109141367,-0.026774830272853416,-0.6547073068315445,-0.19641219204946336,-0.43298154782622505,-0.1298944643478675,-0.47156001408509235,-0.14525335768776151,-0.32630665639733086,-0.18105329870956935,False,False,-0.47156001408509235,-0.43558413128724227,0.029467119184837465,0.009332859299996166,-0.05507042937187534
2022-04-27,-0.6867247702660801,-0.10300871553991202,0.011341434075150734,0.0028353585187876834,-0.48781857529762795,-0.14634557258928838,-0.3266703346892771,-0.09800110040678313,-0.34452003001719583,-0.10017335702112433,-0.2443466729960715,-0.14417331597494715,False,False,-0.34452003001719583,-0.41895242161406976,0.012905332182001406,-0.018110028310937,-0.09591591539546107
2022-04-28,-0.47077355318329595,-0.07061603297749439,0.19623882116505484,0.04905970529126371,-0.4089067079007233,-0.12267201237021699,-0.30913374468545773,-0.09274012340563732,-0.236968463462085,-0.021556327686230677,-0.21541213577585433,-0.19385580808962366,False,False,-0.236968463462085,-0.41145380960145184,-0.028834934868767537,-0.050654633742027055,-0.1435171846861525
2022-04-29,-0.6869274266860399,-0.10303911400290598,-0.4522400191462458,-0.11306000478656145,-0.5030901838032201,-0.15092705514096602,-0.41539680534752726,-0.12461904160425817,-0.49164521553469165,-0.21609911878946741,-0.2755460967452242,-0.05944697795575676,False,False,-0.49164521553469165,-0.4284245006688552,-0.025010551581493567,0.028341975395965946,-0.22074245306068407
2022-04-30,-0.7280805414798557,-0.10921208122197835,-0.6210579258073551,-0.15526448145183877,-0.5149306512631227,-0.15447919537893678,-0.4669146073448236,-0.14007438220344706,-0.559030140256201,-0.26447656267381714,-0.2945535775823839,-0.030077014908566735,False,False,-0.559030140256201,-0.4427199191775947,0.022257034131615505,-0.02864222923775206,-0.17575230927856977
2022-05-01,-0.24471586355574132,-0.036707379533361194,-0.5190478152855349,-0.12976195382138372,-0.5360484713743052,-0.16081454141229157,-0.45659198462737777,-0.13697759538821333,-0.46426147015524977,-0.16646933335474492,-0.29779213680050487,-0.13132280344575994,False,False,-0.46426147015524977,-0.4303165173978609,0.0014767984589929561,-0.06380777964222539,-0.2434315482728009
2022-05-02,-0.349945170240252,-0.0524917755360378,-0.4031058036262038,-0.10077645090655095,-0.5146850883804799,-0.15440552651414396,-0.45189081262261693,-0.13556724378678509,-0.4432409967435178,-0.15326822644258875,-0.28997277030092905,-0.1367045438583403,False,False,-0.4432409967435178,-0.4294752097086404,-0.02066727302365534,-0.07924094280205463,-0.2464729542979186
2022-05-03,-0.6776490591039038,-0.10164735886558557,-0.171395105973876,-0.042848776493469,-0.5205278835434762,-0.15615836506304287,-0.533861766715316,-0.16015853001459482,-0.4608130304366922,-0.14449613535905456,-0.3163168950776377,-0.17182075971858315,False,False,-0.4608130304366922,-0.44126640131635564,0.0519773277549469,-0.09781745847684598,-0.2237512573236201
2022-05-04,-0.05505745622661964,-0.008258618433992945,0.03365144295152045,0.008412860737880112,-0.37609162920847683,-0.11282748876254305,-0.4858289475405526,-0.14574868426216578,-0.25842193072082165,0.00015424230388716778,-0.2585761730247088,-0.258730415328596,False,False,-0.25842193072082165,-0.4122249219298748,-0.07903829680020158,-0.24221945074326023,-0.24195666414714034
2022-05-05,-0.630583451055809,-0.09458751765837135,-0.21059446330959156,-0.05264861582739789,-0.43687028188232135,-0.1310610845646964,-0.43966658764564986,-0.13189997629369496,-0.4101971943441606,-0.14723613348576925,-0.2629610608583913,-0.11572492737262208,False,False,-0.4101971943441606,-0.4586816630021431,-0.014751195320106825,-0.15144788508293583,-0.14291807204722362
2022-05-06,-0.6729611645049577,-0.10094417467574365,-0.22485219174061166,-0.056213047935152916,-0.45047109662351575,-0.13514132898705472,-0.4355899816243054,-0.13067699448729161,-0.4229755460852429,-0.15715722261089657,-0.2658183234743463,-0.10866110086344974,False,False,-0.4229755460852429,-0.4666667555215538,-0.015032583370194197,-0.19186633334971592,-0.17048367888171656
2022-05-07,-0.664263595539202,-0.0996395393308803,-0.3605104925958791,-0.09012762314896977,-0.40607515219377777,-0.12182254565813333,-0.46969198926186856,-0.14090759677856057,-0.45249730491654394,-0.18976716247985007,-0.2627301424366939,-0.07296297995684384,False,False,-0.45249730491654394,-0.4746841319832722,-0.040425525317014155,-0.18162407438574057,-0.14172882064050374
2022-05-08,-0.8611357431241085,-0.12917036146861627,-0.7372792815683047,-0.18431982039207617,-0.498477600977533,-0.1495432802932599,-0.48019784339212773,-0.1440593530176383,-0.6070928151715906,-0.31349018186069244,-0.2936026333108982,0.019887548549794243,False,False,-0.6070928151715906,-0.49592030190521164,-0.11640059462254393,-0.13958793597818941,-0.1563845539155777
2022-05-09,-0.9478484340140328,-0.14217726510210493,-0.8020474767840629,-0.2005118691960157,-0.690448747048672,-0.2071346241146016,-0.6361156476467821,-0.19083469429403463,-0.7406584527067569,-0.34268913429812065,-0.39796931840863625,-0.05528018411051561,False,False,-0.7406584527067569,-0.5545954785005975,0.031280100517649734,0.0003467845623350563,0.008076788675206448
2022-05-10,-0.9166742472820221,-0.1375011370923033,-0.7155526136905825,-0.17888815342264563,-0.6436307691335467,-0.19308923074006398,-0.622096219936215,-0.1866288659808645,-0.6961073872358774,-0.3163892905149489,-0.3797180967209285,-0.06332880620597958,False,False,-0.6961073872358774,-0.5406631802970805,-0.061680814776365334,0.010052197013905362,-0.058551250761676665
2022-05-11,-0.9398425048694896,-0.14097637573042343,-0.8116184973680213,-0.20290462434200532,-0.7496234693460552,-0.22488704080381655,-0.6625591930955657,-0.19876775792866969,-0.767535798804915,-0.3438810000724287,-0.42365479873248624,-0.07977379866005752,False,False,-0.767535798804915,-0.5689954495931409,-0.002549139394872224,0.02645930413545372,0.011720749836620081
2022-05-12,-0.9281386884805386,-0.13922080327208078,-0.7779000258892839,-0.19447500647232097,-0.7819131601150139,-0.23457394803450415,-0.7125095295947661,-0.21375285887842982,-0.7820226166573356,-0.3336958097444017,-0.448326806912934,-0.11463099716853226,False,False,-0.7820226166573356,-0.5700941402719523,0.00886332124803002,0.04874930028677471,0.04354808429283752
2022-05-13,-0.9140415200110873,-0.13710622800166308,-0.8410651239505761,-0.21026628098764402,-0.7402119531177742,-0.22206358593533226,-0.7238788104858156,-0.21716364314574468,-0.786599738070384,-0.3473725089893071,-0.4392272290810769,-0.09185472009176981,False,False,-0.786599738070384,-0.566283746530772,0.02730524241943111,-0.019521597429580595,-0.0060743570963958105
2022-05-14,-0.8816647377483958,-0.13224971066225938,-0.7885154123967272,-0.1971288530991818,-0.7211759834625959,-0.21635279503877877,-0.6911461571863913,-0.2073438471559174,-0.7530752059561373,-0.32937856376144115,-0.42369664219469616,-0.09431807843325501,False,False,-0.7530752059561373,-0.5544410190885474,0.04128562948328729,0.007727324396062718,-0.014363802791528713
2022-05-15,-0.85544429833666,-0.128316644750499,-0.7978145964406426,-0.19945364911016064,-0.666254435880175,-0.19987633076405248,-0.6389791575769143,-0.19169374727307428,-0.7193403718977864,-0.32777029386065965,-0.39157007803712673,-0.06379978417646709,False,False,-0.7193403718977864,-0.536045836089686,-0.04643892586044385,-0.0679206955624665,-0.057031704602365396
2022-05-16,-0.8438380252475485,-0.12657570378713226,-0.8471573945298749,-0.21178934863246873,-0.7246554698838662,-0.21739664096515984,-0.7061971767348498,-0.21185915302045494,-0.7676208464052159,-0.338365052419601,-0.42925579398561475,-0.09089074156601373,False,False,-0.7676208464052159,-0.5575913691101613,0.019110926186340693,-0.014358634813337656,-0.022516562055110767
2022-05-17,-0.8613594704386486,-0.12920392056579727,-0.8488865650905653,-0.21222164127264131,-0.6741487170392276,-0.20224461511176828,-0.6665743216162989,-0.19997229648488968,-0.7436424734350965,-0.3414255618384386,-0.40221691159665796,-0.06079134975821937,False,False,-0.7436424734350965,-0.5491365304210256,-0.05681110122440747,-0.004959446449704474,-0.05962010751872315
2022-05-18,-0.9270415647042046,-0.1390562347056307,-0.9044624120901411,-0.22611560302253528,-0.7463073673644691,-0.22389221020934072,-0.6331525117570054,-0.1899457535271016,-0.7790098014646083,-0.36517183772816597,-0.4138379637364423,-0.048666126008276356,False,False,-0.7790098014646083,-0.5747505806296642,0.0558555502776914,0.013714978624650653,0.011004926986709629
2022-05-19,-0.8174830946136342,-0.12262246419204513,-0.8236336372434166,-0.20590840931085416,-0.6534339953395252,-0.19603019860185755,-0.4969784441836741,-0.14909353325510222,-0.6736546053598591,-0.3285308735028993,-0.34512373185695977,-0.01659285835406049,False,False,-0.6736546053598591,-0.5509980403054653,-0.03688154349566264,-0.021921730861898414,-0.02807228283831753
2022-05-20,-0.8339072343396935,-0.125086085150954,-0.855652157961738,-0.2139130394904345,-0.6713941772037307,-0.20141825316111922,-0.6304017365018211,-0.18912052095054632,-0.729537898753054,-0.3389991246413885,-0.39053877411166554,-0.05153964947027706,False,False,-0.729537898753054,-0.5675579256115771,0.008357587631386831,0.011682472626802998,0.08675076649746027
2022-05-21,-0.8557732018088784,-0.12836598027133175,-0.8812451548973017,-0.22031128872432543,-0.4948085451483556,-0.14844256354450666,-0.6546414891893082,-0.19639244675679246,-0.6935122792969564,-0.3486772689956572,-0.34483501030129915,0.0038422586943580583,False,False,-0.6935122792969564,-0.5639437530793772,0.0288292840972304,-0.008276770364876285,0.08001274237512157
2022-05-22,-0.8105222082176099,-0.12157833123264147,-0.8646358043665345,-0.21615895109163363,-0.3565937211580222,-0.10697811634740666,-0.568021379008369,-0.1704064137025107,-0.6151218123741925,-0.33773728232427513,-0.27738453004991737,0.06035275227435777,False,False,-0.6151218123741925,-0.5513725636545305,-0.03910980215845139,-0.05493309883098729,-0.016112463416775635
2022-05-23,-0.8361714018080975,-0.1254257102712146,-0.9149414504480389,-0.22873536261200972,-0.5063943641933734,-0.151918309258012,-0.6113245561236746,-0.1833973668371024,-0.6894767489783387,-0.3541610728832243,-0.33531567609511437,0.018845396788109925,False,False,-0.6894767489783387,-0.568918293932855,0.018737407310072562,-0.0026733862033071487,0.046152841975804826
2022-05-24,-0.8872399690066645,-0.13308599535099966,-0.9068825373126579,-0.22672063432816447,-0.49240759053467675,-0.147722277160403,-0.6027612681770298,-0.18082838045310892,-0.688357287292676,-0.3598066296791641,-0.32855065761351193,0.03125597206565217,False,False,-0.688357287292676,-0.560840940422354,-0.0037913199242747275,-0.006288404691619398,0.0015387167850631212
2022-05-25,-0.7989393487513131,-0.11984090231269696,-0.9124596895312042,-0.22811492238280104,-0.5151016525079455,-0.15453049575238365,-0.578983830959925,-0.1736951492879775,-0.6761814697358591,-0.347955824695498,-0.3282256450403611,0.019730179655136904,False,False,-0.6761814697358591,-0.5625059329148564,-0.011536059494654305,0.07420143760694464,0.010895957132436074
2022-05-26,-0.7928914343843839,-0.11893371515765758,-0.9489412049573744,-0.2372353012393436,-0.5289709856350748,-0.15869129569052245,-0.5601047437999367,-0.168031423139981,-0.6828917352275046,-0.35616901639700116,-0.32672271883050347,0.029446297566497692,False,False,-0.6828917352275046,-0.567552890501309,-0.019572725233593657,0.08902636350716664,0.024583110027447397
2022-05-27,-0.8012075754640391,-0.12018113631960586,-0.9581175530103797,-0.23952938825259493,-0.5801569338384888,-0.17404708015154663,-0.5993001889977791,-0.17979005669933373,-0.7135476614230811,-0.35971052457220076,-0.35383713685088036,0.0058733877213204,False,False,-0.7135476614230811,-0.5760170589535887,0.01402489713515287,0.041077129424585745,0.09581974027062712
2022-05-28,-0.6770638968324167,-0.10155958452486251,-0.9554028035195625,-0.23885070087989063,-0.5817774867154109,-0.17453324601462325,-0.6470920510184723,-0.1941276153055417,-0.7090711467249181,-0.34041028540475315,-0.36866086132016496,-0.028250575915411802,False,False,-0.7090711467249181,-0.570070741818353,0.015044780931497082,0.04895710944004272,0.07212897238948401
2022-05-29,-0.1346482197307176,-0.020197232959607642,-0.9463754430244281,-0.23659386075610703,-0.5764650021598353,-0.17293950064795058,-0.7319010697481497,-0.21957032092444492,-0.6493009152881102,-0.2567910937157147,-0.3925098215723955,-0.13571872785668082,False,False,-0.6493009152881102,-0.5636025503129691,0.07690078423787083,0.007876653058731309,0.02499889711247083
2022-05-30,0.13692842142698947,0.02053926321404842,-0.8682526561194235,-0.21706316402985587,-0.41506640612411544,-0.12451992183723462,-0.643458644110107,-0.1930375932330321,-0.5140814158860743,-0.19652390081580745,-0.31755751507026675,-0.1210336142544593,False,False,-0.5140814158860743,-0.5300432441926297,0.002105613435591014,-0.05893259705138487,-0.051184179097516824
2022-05-31,0.5270622161541393,0.0790593324231209,-0.8819640967339396,-0.2204910241834849,-0.4423196766607701,-0.13269590299823103,-0.6541482833255178,-0.19624448499765532,-0.4703720797562504,-0.14143169176036402,-0.3289403879958863,-0.1875086962355223,False,False,-0.4703720797562504,-0.5290536969334549,-0.06274040094286226,-0.05917510873858223,-0.08519092457353594
2022-06-01,0.15732523663619438,0.023598785495429157,-0.9137991757092946,-0.22844979392732365,-0.5674662434847951,-0.17023987304543853,-0.7344547875933226,-0.2203364362779968,-0.5954273177553299,-0.2048510084318945,-0.39057630932343534,-0.18572530089154085,False,False,-0.5954273177553299,-0.5586010568104087,0.02170011705763586,0.052582665874427725,-0.046337578923318024
2022-06-02,0.22902475827142568,0.03435371374071385,-0.9078497278150914,-0.22696243195377286,-0.4427952255932509,-0.13283856767797528,-0.7550027890185846,-0.2265008367055754,-0.5519481225966096,-0.192608718213059,-0.35933940438355066,-0.16673068617049167,False,False,-0.5519481225966096,-0.5490226480740777,-0.02470756210795655,0.022090381714282792,-0.12734832011170139
2022-06-03,-0.07714431363030384,-0.011571647044545576,-0.9241089134484759,-0.23102722836211897,-0.5115226528883224,-0.15345679586649671,-0.8264927773482853,-0.24794783320448557,-0.6440035044776469,-0.24259887540666455,-0.4014046290709823,-0.15880575366431773,False,False,-0.6440035044776469,-0.5601651990060692,0.005516122613274499,0.016988432068325565,-0.24285350170924713
2022-06-04,-0.28760367565216505,-0.043140551347824754,-0.9075080789337575,-0.22687701973343938,-0.6918822633647611,-0.20756467900942832,-0.8057019624762033,-0.24171058874286097,-0.7192928388335534,-0.2700175710812641,-0.4492752677522893,-0.1792576966710252,False,False,-0.7192928388335534,-0.5577390163142015,0.001847372291223781,0.0082336482270986,-0.25876036865742214
2022-06-05,0.009774336319204765,0.0014661504478807148,-0.8706825520960232,-0.2176706380240058,-0.6830792936927925,-0.20492378810783776,-0.806533093778235,-0.2419599281334705,-0.6630882038174333,-0.2162044875761251,-0.4468837162413083,-0.2306792286651832,False,False,-0.6630882038174333,-0.556921995627451,0.048593863273796334,-0.027652133863160122,-0.2451765939007079
2022-06-06,0.18457656763389335,0.027686485145084,-0.8226963953558613,-0.2056740988389653,-0.6466140574765292,-0.19398421724295875,-0.7848801058077572,-0.23546403174232716,-0.6074358626791672,-0.1779876136938813,-0.4294482489852859,-0.2514606352914046,False,False,-0.6074358626791672,-0.5353911236633448,-0.007897530049628454,-0.0939785995008462,-0.34971966429839574
2022-06-07,0.49514307067040947,0.07427146060056142,-0.7995947903100712,-0.1998986975775178,-0.7064953038951296,-0.21194859116853887,-0.7867584207640278,-0.23602752622920833,-0.5736033543747036,-0.12562723697695638,-0.44797611739774723,-0.32234888042079085,False,False,-0.5736033543747036,-0.5390603862255376,-0.0295759113236711,-0.14620889160050676,-0.34237452261550316
2022-06-08,-0.02659250867723805,-0.0039888763015857075,-0.8469330895879028,-0.2117332723969757,-0.747385591812053,-0.2242156775436159,-0.8392548691473836,-0.25177646074421506,-0.6917142869863924,-0.2157221486985614,-0.47599213828783093,-0.2602699895892695,False,False,-0.6917142869863924,-0.5526930953680984,-0.00313990141292253,-0.25550136617494523,-0.37192734789902393
2022-06-09,0.22049259021426854,0.03307388853214028,-0.8356967675487903,-0.20892419188719757,-0.7593023639699262,-0.22779070919097785,-0.8263533208177046,-0.24790599624531137,-0.6515470087913465,-0.1758503033550573,-0.4756967054362892,-0.2998464020812319,False,False,-0.6515470087913465,-0.5540975949499621,-0.03381110484149241,-0.2648136345717177,-0.3167038249507721
2022-06-10,-0.0853120778847853,-0.012796811682717795,-0.8071256097173501,-0.20178140242933754,-0.7735946129401459,-0.23207838388204374,-0.8583214522193198,-0.25749643566579594,-0.704153033659895,-0.21457821411205533,-0.48957481954783966,-0.2749966054357843,False,False,-0.704153033659895,-0.5691740479161826,-0.02293354709286577,-0.22371053366093907,-0.29279613417902184
2022-06-11,-0.4276544976353614,-0.0641481746453042,-0.849318838557721,-0.21232970963943024,-0.7707406752412035,-0.23122220257236104,-0.8690786743779741,-0.26072360231339226,-0.7684236891704876,-0.2764778842847344,-0.4919458048857533,-0.21546792060101888,False,False,-0.7684236891704876,-0.5790544151771255,-0.06509022082906779,-0.28226823853901706,-0.27093267475118477
2022-06-12,-0.544255569741981,-0.08163833546129715,-0.9167506683237296,-0.2291876670809324,-0.8240917907597217,-0.24722753722791652,-0.9215536347169273,-0.2764660904150782,-0.8345196301852242,-0.3108260025422296,-0.5236936276429947,-0.21286762510076507,False,False,-0.8345196301852242,-0.6064538562502675,-0.153798392671479,-0.22975834379761362,-0.24785160828808628
2022-06-13,-0.8529430577207452,-0.12794145865811177,-0.9459174001860972,-0.2364793500465243,-0.8980731389148913,-0.26942194167446737,-0.9475131012075302,-0.28425393036225904,-0.9180966807413624,-0.36442080870463606,-0.5536758720367264,-0.18925506333209036,False,False,-0.9180966807413624,-0.6669806206010351,-0.015608733953799026,-0.15638172648606485,-0.06124671538429716
2022-06-14,-0.8675333293176387,-0.1301299993976458,-0.9556599454133633,-0.23891498635334082,-0.9097843626674276,-0.27293530880022826,-0.9522181332663807,-0.2856654399799142,-0.9276457345311292,-0.36904498575098665,-0.5586007487801425,-0.1895557630291559,False,False,-0.9276457345311292,-0.6721786314955329,0.02020698026464096,-0.07058100206853779,-0.04059917574710625
2022-06-15,-0.8222380924937819,-0.12333571387406728,-0.9477911858237081,-0.23694779645592703,-0.9211041127759267,-0.276331233832778,-0.94997654821251,-0.284992964463753,-0.9216077086265253,-0.3602835103299943,-0.561324198296531,-0.20104068796653674,False,False,-0.9216077086265253,-0.6655543515718355,-0.09663642659402438,-0.08899463861578172,-0.04837688387918382
2022-06-16,-0.8903263556918971,-0.13354895335378456,-0.9634510238818242,-0.24086275597045606,-0.942018109079043,-0.2826054327237129,-0.9676986305048101,-0.290309589151443,-0.9473267311993966,-0.3744117093242406,-0.572915021875156,-0.19850331255091536,False,False,-0.9473267311993966,-0.6978739839258548,0.0033086110646816103,0.015793593646682424,0.031211721208098897
2022-06-17,-0.9006536959967988,-0.1350980543995198,-0.9691534413827608,-0.2422883603456902,-0.9198618404771643,-0.2759585521431493,-0.9704063865831923,-0.2911219159749577,-0.9444668828633169,-0.37738641474521,-0.567080468118107,-0.18969405337289696,False,False,-0.9444668828633169,-0.6968743664461436,-0.07318549539518904,-0.023490373890812433,0.013374006598331878
2022-06-18,-0.9494654307708905,-0.14241981461563358,-0.9810044781969434,-0.24525111954923584,-0.9367857984714302,-0.281035739541429,-0.9716954250340395,-0.29150862751021184,-0.9602153012165102,-0.3876709341648694,-0.5725443670516408,-0.18487343288677138,False,False,-0.9602153012165102,-0.7190587661047632,0.08450939576053496,0.11277021146720823,0.06907988544493926
2022-06-19,-0.9441305842720973,-0.1416195876408146,-0.9638170559190383,-0.24095426397975958,-0.9053757615343088,-0.2716127284602926,-0.9572349392614927,-0.2871704817784478,-0.9413570618593146,-0.38257385162057417,-0.5587832102387404,-0.17620935861816628,False,False,-0.9413570618593146,-0.6953165921840576,-5.346553903051721e-06,0.032258675998833475,-0.02192038495188109
2022-06-20,-0.9452225176823341,-0.1417833776523501,-0.959168442622006,-0.2397921106555015,-0.8873217125986711,-0.2661965137796013,-0.9587090123543222,-0.28761270370629666,-0.9353847057937495,-0.3815754883078516,-0.553809217485898,-0.17223372917804636,False,False,-0.9353847057937495,-0.6953182211903208,0.007272810343595726,0.044585637426855174,-0.030702992968271947
2022-06-21,-0.9063397222774368,-0.1359509583416155,-0.952459785899285,-0.23811494647482126,-0.8650409135499321,-0.2595122740649796,-0.9565713811451165,-0.28697141434353496,-0.9205495932249512,-0.37406590481643676,-0.5464836884085146,-0.17241778359207782,False,False,-0.9205495932249512,-0.6931023283978887,-0.035492522505829016,0.015178405985083687,-0.06966577106591931
2022-06-22,-0.9434127363107877,-0.14151191044661815,-0.9592684245501426,-0.23981710613753565,-0.8996065694435037,-0.2698819708330511,-0.9663124190547031,-0.2898937257164109,-0.9411047131336159,-0.3813290165841538,-0.559775696549462,-0.17844667996530822,False,False,-0.9411047131336159,-0.7039949009142131,0.056140712497855016,0.037751169577331156,-0.03678108704276917
2022-06-23,-0.8779947909259533,-0.131699218638893,-0.9415761662775254,-0.23539404156938135,-0.8557190185179293,-0.25671570555537876,-0.9519661966318543,-0.2855898589895563,-0.9093988247532094,-0.3670932602082744,-0.5423055645449351,-0.17521230433666068,False,False,-0.9093988247532094,-0.687376963748539,0.006042596611200324,-0.03926266678604062,-0.08499710802349392
2022-06-24,-0.8774504281179517,-0.13161756421769275,-0.9478552615033567,-0.2369638153758392,-0.8695108445260099,-0.26085325335780296,-0.9454100493966395,-0.2836230148189918,-0.9130576477703267,-0.36858137959353193,-0.5444762681767947,-0.1758948885832628,False,False,-0.9130576477703267,-0.6854879088491026,0.011936326408380493,-0.052485934204708706,-0.04713224460852383
2022-06-25,-0.8665856581181344,-0.12998784871772015,-0.9251401480232007,-0.23128503700580016,-0.8759109494452606,-0.26277328483357815,-0.9502083636081392,-0.28506250908244174,-0.9091086796395402,-0.36127288572352034,-0.5478357939160199,-0.18656290819249954,False,False,-0.9091086796395402,-0.6817337898697432,-0.021083988369187567,-0.07207511543102074,-0.06120461454205173
2022-06-26,-0.9294200303445864,-0.13941300455168795,-0.9443059303670054,-0.23607648259175135,-0.8851791434305093,-0.2655537430291528,-0.9580958091994973,-0.2874287427598492,-0.9284719729324413,-0.3754894871434393,-0.552982485789002,-0.17749299864556267,False,False,-0.9284719729324413,-0.6884441109424349,-0.014046440571782393,-0.08357563217538488,-0.022509669375565422
2022-06-27,-0.9330643358257896,-0.13995965037386843,-0.9524363217215851,-0.23810908043039627,-0.8743056980205282,-0.2622917094061584,-0.959191544689248,-0.2877574634067744,-0.9281179036171976,-0.37806873080426473,-0.5500491728129329,-0.17198044200866813,False,False,-0.9281179036171976,-0.6928203622228708,-0.022237852994037355,-0.07182093242107046,0.042541518501091335
2022-06-28,-0.9290953268669522,-0.13936429903004283,-0.9507570896937138,-0.23768927242342844,-0.9469265567694356,-0.28407796703083066,-0.960976653381767,-0.28829299601453007,-0.949424534498832,-0.3770535714534713,-0.5723709630453607,-0.19531739159188943,False,False,-0.949424534498832,-0.6996513778505202,-0.007804237304431916,-0.04760348084367405,0.06476215270330443
2022-06-29,-0.9319802631657258,-0.13979703947485886,-0.9458822237377853,-0.23647055593444632,-0.9558332682182319,-0.28674998046546957,-0.9611741382197398,-0.2883522414659219,-0.9513698173406966,-0.3762675954093052,-0.5751022219313915,-0.19883462652208628,False,False,-0.9513698173406966,-0.701995369771834,-0.008984739360562877,0.005650248148761028,0.07299206232069677
2022-06-30,-0.916945864246586,-0.13754187963698788,-0.9552310640448596,-0.2388077660112149,-0.9552328663404099,-0.28656985990212297,-0.9673036677880815,-0.2901911003364244,-0.9531106058867502,-0.3763496456482028,-0.5767609602385474,-0.2004113145903446,False,False,-0.9531106058867502,-0.7046728637026749,-0.03321647901611702,0.011714850059246329,0.046146339848993856
2022-07-01,-0.9232454945821988,-0.13848682418732983,-0.963084732614042,-0.2407711831535105,-0.9553149996979712,-0.28659449990939134,-0.9702577406688573,-0.2910773222006572,-0.9569298294508889,-0.37925800734084036,-0.5776718221100485,-0.19841381476920816,False,False,-0.9569298294508889,-0.714482591328385,-0.00139991078745616,0.06663502733430837,0.03546769157356411
2022-07-02,-0.8774227739566949,-0.13161341609350422,-0.9588006508880897,-0.23970016272202244,-0.9386653897908088,-0.2815996169372426,-0.9678716782113123,-0.2903615034633937,-0.9432746992161629,-0.3713135788155266,-0.5719611204006363,-0.20064754158510967,False,False,-0.9432746992161629,-0.714882290228791,0.003273288418677689,0.12321162469270708,0.0039443592909294
2022-07-03,-0.7001940613702435,-0.10502910920553653,-0.9704103707071954,-0.24260259267679884,-0.9395902874558316,-0.28187708623674945,-0.9666305562691936,-0.28998916688075804,-0.9194979549998429,-0.3476317018823354,-0.5718662531175075,-0.2242345512351721,False,False,-0.9194979549998429,-0.7139490177314369,0.04767488634969341,0.11798198679528649,0.04757962769396906
2022-07-04,-0.45430180710829626,-0.06814527106624443,-0.9398804755470165,-0.23497011888675412,-0.9136652555634464,-0.2740995766690339,-0.9613540134957556,-0.28840620404872663,-0.8656211706707592,-0.3031153899529986,-0.5625057807177605,-0.2593903907647619,False,False,-0.8656211706707592,-0.7003115696615652,-0.003008394151025384,0.06696345403971304,0.01740055572274346
2022-07-05,-0.5524966469529836,-0.08287449704294754,-0.9356674591939311,-0.23391686479848278,-0.9103073080420442,-0.27309219241261323,-0.9656483247452198,-0.2896944974235659,-0.8795780516776094,-0.3167913618414303,-0.5627866898361791,-0.24599532799474877,False,False,-0.8795780516776094,-0.7012131505825252,0.019264634961733806,0.034032800633232885,0.032425431816187844
2022-07-06,0.052448705325889626,0.007867305798883444,-0.9210788840296635,-0.23026972100741588,-0.9104333177219829,-0.2731299953165949,-0.9715526918119316,-0.2914658075435795,-0.7869982180687067,-0.22240241520853243,-0.5645958028601743,-0.34219338765164187,False,False,-0.7869982180687067,-0.6954571309971311,0.051567968310453294,-0.029220244002896134,0.030688307185534613
2022-07-07,0.33094627901893336,0.04964194185284,-0.8654567199332495,-0.21636417998331237,-0.9247519276072769,-0.27742557828218306,-0.9643554589672623,-0.28930663769017867,-0.733454454102834,-0.16672223813047238,-0.5667322159723618,-0.4000099778418894,False,False,-0.733454454102834,-0.6797524739792166,-0.001397920368018779,-0.10618414444776358,-0.03823448622842651
2022-07-08,0.7382755036063376,0.11074132554095065,-0.7705973077393974,-0.19264932693484935,-0.9027959609781089,-0.27083878829343266,-0.9606081495040976,-0.28818244485122924,-0.6409292345385607,-0.0819080013938987,-0.5590212331446619,-0.4771132317507632,False,False,-0.6409292345385607,-0.6802001545186487,-0.00013521805068350545,-0.06297271327521736,0.03879785596036078
2022-07-09,0.4060447080791174,0.06090670621186761,-0.8090732608811034,-0.20226831522027586,-0.8945612707179035,-0.26836838121537104,-0.9603945850299695,-0.28811837550899083,-0.6978483657327701,-0.14136160900840825,-0.5564867567243619,-0.41512514771595366,False,False,-0.6978483657327701,-0.6802433972303635,-0.0337794434283708,-0.04645229237169812,0.08358670849112815
2022-07-10,0.11753516783507272,0.017630275175260907,-0.780423913607895,-0.19510597840197375,-0.9104907779681701,-0.27314723339045105,-0.9634101972769612,-0.28902305918308835,-0.7396459958002523,-0.17747570322671283,-0.5621702925735395,-0.38469458934682665,False,False,-0.7396459958002523,-0.6910445973044685,-0.04308502301021888,-0.0015544659860505794,0.1131615767452272
2022-07-11,-0.28842482167479216,-0.04326372325121882,-0.8237639212609925,-0.20594098031524813,-0.9166557365380886,-0.2749967209614266,-0.9687624442489084,-0.29062873327467253,-0.8148301578025661,-0.24920470356646696,-0.5656254542360991,-0.31642075066963216,False,False,-0.8148301578025661,-0.7043559479387369,-0.0318008616678046,0.061711784592065166,0.1597196098300857
2022-07-12,-0.26242923825257575,-0.03936438573788636,-0.8601932784426494,-0.21504831961066234,-0.9446620045079849,-0.2833986013523955,-0.9737063510917051,-0.2921119053275115,-0.8299232120284558,-0.2544127053485487,-0.575510506679907,-0.3210978013313583,False,False,-0.8299232120284558,-0.7137576835412464,0.046879389510444236,0.07602198797128623,0.17363150746944322
2022-07-13,-0.33666423189649397,-0.05049963478447409,-0.8412708345548947,-0.21031770863872368,-0.9258534459053432,-0.27775603377160296,-0.9653810959300317,-0.2896143287790095,-0.8281877059738102,-0.2608173434231978,-0.5673703625506125,-0.30655301912741467,False,False,-0.8281877059738102,-0.7003388184936046,0.01749307013091772,0.10861003801852953,0.10952380717049337
2022-07-14,-0.24859372620028322,-0.03728905893004248,-0.8636239199676341,-0.21590597999190853,-0.9365152081396579,-0.28095456244189737,-0.9557696487266156,-0.2867308946179847,-0.820880495981833,-0.253195038921951,-0.567685457059882,-0.31449041813793105,False,False,-0.820880495981833,-0.6950968244299995,0.011715084482661453,0.13637388021860386,0.0966951027838383
2022-07-15,-0.25032092569551706,-0.037548138854327555,-0.8112390073389303,-0.20280975183473257,-0.9311261509206874,-0.2793378452762062,-0.9546558160885171,-0.28639674482655514,-0.8060924807918215,-0.24035789068906013,-0.5657345901027613,-0.3253766994137012,False,False,-0.8060924807918215,-0.6915248579691653,0.017549654249343627,0.1148946425450934,0.023084929265618337
2022-07-16,0.061211121586755644,0.009181668238013346,-0.8130190097581008,-0.2032547524395252,-0.9321730190297192,-0.27965190570891574,-0.9418022750919159,-0.28254068252757475,-0.7562656724380024,-0.19407308420151187,-0.5621925882364904,-0.36811950403497856,False,False,-0.7562656724380024,-0.686111225882007,-0.018751061541074532,0.09231114004793439,0.0027868991677517663
2022-07-17,0.021864266581463565,0.003279639987219535,-0.7720031464252215,-0.19300078660630537,-0.9411561650674737,-0.2823468495202421,-0.9492702178593264,-0.2847810653577979,-0.7568490614971258,-0.18972114661908585,-0.5671279148780399,-0.3774067682589541,False,False,-0.7568490614971258,-0.6919969736025459,0.07858483635090807,0.09071331310077446,0.10358079753208949
2022-07-18,0.6131218049261055,0.09196827073891582,-0.7366853197542308,-0.1841713299385577,-0.9009519475115433,-0.270285584253463,-0.9385030393336194,-0.28155091180008585,-0.6440395552531908,-0.09220305919964188,-0.5518364960535489,-0.459633436853907,False,False,-0.6440395552531908,-0.6649236134616205,0.04297499440545827,0.0008242475898891932,0.06287061051381504
2022-07-19,0.7771507041196062,0.11657260561794092,-0.5981093673310355,-0.14952734183275887,-0.8743257590532909,-0.26229772771598725,-0.9237550231528576,-0.2771265069458573,-0.5723789708766625,-0.03295473621481795,-0.5394242346618445,-0.5064694984470266,False,False,-0.5723789708766625,-0.642903824991491,-0.007407907637940858,-0.03491700937998732,0.016118994965939493
2022-07-20,0.7819635904833988,0.11729453857250982,-0.6290048678127417,-0.15725121695318542,-0.8964264621324203,-0.2689279386397261,-0.9150671176050326,-0.27452013528150976,-0.5834047523019115,-0.0399566783806756,-0.5434480739212358,-0.5034913955405602,False,False,-0.5834047523019115,-0.645549160473816,-0.003062010997575748,-0.08234833120185325,0.018094327679528677
2022-07-21,0.866208958803496,0.1299313438205244,-0.6870463033802606,-0.17176157584506516,-0.9036652766236651,-0.2710995829870995,-0.9224229150648505,-0.27672687451945516,-0.5896566895310955,-0.04183023202454075,-0.5478264575065547,-0.505996225482014,False,False,-0.5896566895310955,-0.6466344928425451,-0.020186427288303888,-0.08195855338091129,0.006095751632998914
2022-07-22,0.8202944288279672,0.12304416432419507,-0.655679234562364,-0.163919808640591,-0.9226316612299403,-0.2767894983689821,-0.9257655845297571,-0.2777296753589271,-0.5953948180443052,-0.040875644316395926,-0.5545191737279092,-0.5136435294115133,False,False,-0.5953948180443052,-0.6537676799589738,-0.010304683790885893,0.01179731124279959,0.025707929043329747
2022-07-23,0.7829714164382684,0.11744571246574026,-0.7056417941372218,-0.17641044853430546,-0.9288485852337378,-0.27865457557012135,-0.935995066542918,-0.28079851996287536,-0.6184178316015618,-0.0589647360685652,-0.5594530955329967,-0.5004883594644315,False,False,-0.6184178316015618,-0.6573354945351814,0.00572845748554518,0.061995263477420126,0.02390621026080275
2022-07-24,0.6644967453243642,0.09967451179865462,-0.6900108643880714,-0.17250271609701784,-0.9284125114186571,-0.2785237534255971,-0.9137309478928886,-0.27411928436786653,-0.6254712420918269,-0.07282820429836322,-0.5526430377934637,-0.47981483349510046,False,False,-0.6254712420918269,-0.6450112047874172,-0.056191230345159826,0.05288250320642285,0.010571008977983576
2022-07-25,0.34810473128361075,0.05221570969254161,-0.7531656148895909,-0.18829140372239772,-0.9573655408510856,-0.2872096622553257,-0.9327703824587907,-0.2798311147376372,-0.703116471022819,-0.13607569402985611,-0.5670407769929628,-0.43096508296310676,False,False,-0.703116471022819,-0.6468481910724142,-0.0026385558563929434,0.10945619377877036,0.061568493118544954
2022-07-26,0.21693843374327956,0.032540765061491936,-0.7296108600998916,-0.1824027150249729,-0.959204884257072,-0.2877614652771216,-0.9438491729898949,-0.2831547518969685,-0.720778167137571,-0.14986194996348096,-0.57091621717409,-0.42105426721060907,False,False,-0.720778167137571,-0.6477800018460559,0.07987797505207106,0.09591539177037345,0.09681401781349708
2022-07-27,0.35447194285883243,0.053170791428824866,-0.610831939517715,-0.15270798487942874,-0.9391262734267616,-0.28173788202802846,-0.9265955292142101,-0.27797865876426303,-0.6592537342428955,-0.09953719345060388,-0.5597165407922915,-0.46017934734168764,False,False,-0.6592537342428955,-0.6155852086278594,0.038796729760875115,0.013748423370925522,7.668026724805266e-05
2022-07-28,0.5386473022247363,0.08079709533371045,-0.5623105841580017,-0.14057764603950043,-0.9235250047934341,-0.2770575014380302,-0.9116118030906715,-0.27348354092720145,-0.6103215930710216,-0.059780550705789984,-0.5505410423652317,-0.49076049165944174,False,False,-0.6103215930710216,-0.6006711718509112,-0.0029014890367921042,-0.035865558469533765,-0.028039339124847573
2022-07-29,0.5262878160821729,0.07894317241232593,-0.7128207757728253,-0.17820519394320633,-0.9126239015413634,-0.273787170462409,-0.9136992903570803,-0.2741097871071241,-0.6471589791004135,-0.0992620215308804,-0.5478969575695332,-0.4486349360386528,False,False,-0.6471589791004135,-0.6018298200678609,-0.005478311162521732,-0.04018633997581367,0.001524790998475245
2022-07-30,0.654505733242625,0.09817585998639373,-0.7242834364540647,-0.18107085911351617,-0.9214215784153467,-0.276426473524604,-0.9116977787037436,-0.27350933361112306,-0.6328308062628495,-0.08289499912712243,-0.549935807135727,-0.46704080800860454,False,False,-0.6328308062628495,-0.5989931201234185,-0.014811252643960215,-0.04316321899751763,-0.02087507311731629
2022-07-31,0.7660222576401359,0.11490333864602037,-0.650279981036305,-0.16256999525907626,-0.9230349478044563,-0.27691048434133686,-0.9008408111172981,-0.27025224333518943,-0.5948293842895822,-0.047666656613055886,-0.5471627276765263,-0.4994960710634704,False,False,-0.5948293842895822,-0.6049325343332368,-0.0010865776110919878,0.0008199775729693659,0.02836564302555411
2022-08-01,0.8513109447285557,0.12769664170928335,-0.6908387549844229,-0.17270968874610573,-0.9280353708941318,-0.2784106112682395,-0.8716278190891931,-0.2614883457267579,-0.5849120040318199,-0.04501304703682238,-0.5398989569949975,-0.49488590995817505,False,False,-0.5849120040318199,-0.6053618057963012,-0.012043144213879864,-0.013486327365339723,0.028639320681055347
2022-08-02,0.7114051491987503,0.10671077237981254,-0.66977307191238,-0.167443267978095,-0.9331219809742364,-0.2799365942922709,-0.8787732990632358,-0.2636319897189707,-0.6043010796095241,-0.06073249559828246,-0.5435685840112416,-0.48283608841295916,False,False,-0.6043010796095241,-0.6101144904814013,-0.007369999464933441,0.008117352733777228,0.06159313270218658
2022-08-03,0.614855260430092,0.09222828906451379,-0.6918584977726495,-0.17296462444316238,-0.9281774482784115,-0.27845323448352344,-0.8901062240352666,-0.26703186721058,-0.626221437072752,-0.08073633537864859,-0.5454851016941034,-0.46474876631545475,False,False,-0.626221437072752,-0.6129879464779387,-0.008562837748708585,0.04345753005144548,0.07112734169881563
2022-08-04,0.5180819508958017,0.07771229263437025,-0.7087550993127422,-0.17718877482818554,-0.9138159550944848,-0.2741447865283454,-0.8943206195381092,-0.2682961858614327,-0.6419174545835934,-0.09947648219381529,-0.5424409723897781,-0.4429644901959628,False,False,-0.6419174545835934,-0.6084380692758703,0.030475207068211052,0.02329357140394417,0.07436067220145182
2022-08-05,0.5739503867949964,0.08609255801924946,-0.7385088031025651,-0.18462720077564126,-0.9030549507162224,-0.2709164852148667,-0.8815366287445723,-0.2644609886233717,-0.6339121165946302,-0.0985346427563918,-0.5353774738382384,-0.4368428310818466,False,False,-0.6339121165946302,-0.5965051383570239,-0.01536562913674333,0.027523097130199403,0.03356150927273971
2022-08-06,0.5912588967013265,0.08868883450519897,-0.7490485200103227,-0.18726213000258068,-0.8977971777394338,-0.2693391533218301,-0.8642482765261114,-0.2592744829578334,-0.6271869317770452,-0.09857329549738171,-0.5286136362796635,-0.4300403407822818,False,False,-0.6271869317770452,-0.6027050907596114,0.009592140178206865,0.04270153492540141,0.03923158322590936
2022-08-07,0.254789658237647,0.038218448735647045,-0.6892609428881676,-0.1723152357220419,-0.8989013564877065,-0.26967040694631195,-0.8557016866851543,-0.2567105060055463,-0.6604776999382531,-0.13409678698639488,-0.5263809129518582,-0.3922841259654633,False,False,-0.6604776999382531,-0.5988941822980896,0.027427259142527527,0.05304519342256686,0.007261032544977564
2022-08-08,0.1442322940741936,0.02163484411112904,-0.6329263370956209,-0.1582315842739052,-0.8774104176366351,-0.2632231252909905,-0.8656786806598611,-0.2597036041979583,-0.6595234696517249,-0.13659674016277618,-0.5229267294889488,-0.38632998932617263,False,False,-0.6595234696517249,-0.5836252998431206,-0.027721545569088568,0.02651742965140702,-0.025989080218395633
2022-08-09,-0.025544812378171605,-0.0038317218567257404,-0.6215934907412237,-0.15539837268530593,-0.8588777517642343,-0.2576633255292703,-0.8830689902538429,-0.26492069707615284,-0.6818141171474548,-0.15923009454203166,-0.5225840226054231,-0.3633539280633915,False,False,-0.6818141171474548,-0.5951678500673352,0.034734416273037194,0.04990464342255607,-0.10002440610022922
2022-08-10,0.2591270443396153,0.03886905665094229,-0.49461710559096683,-0.12365427639774171,-0.8441875186845775,-0.25325625560537324,-0.8364076798464123,-0.2509223039539237,-0.5889637793060963,-0.08478521974679942,-0.5041785595592969,-0.4193933398124975,False,False,-0.5889637793060963,-0.5758869369412436,-0.0008207380380352847,0.005876668037346544,-0.11747408058345044
2022-08-11,0.40066884731654867,0.060100327097482295,-0.326497243959624,-0.081624310989906,-0.8628850544381091,-0.25886551633143273,-0.8554242946427352,-0.25662728839282056,-0.537016788616677,-0.0215239838924237,-0.5154928047242533,-0.4939688208318296,False,False,-0.537016788616677,-0.5534716204253463,0.019607351597429545,-0.0033278475031115473,-0.10105876941087699
2022-08-12,0.5775093922329385,0.08662640883494077,0.3049293848294522,0.07623234620736305,-0.8294869942316347,-0.24884609826949042,-0.8509592977148416,-0.25528778931445245,-0.34127513254163905,0.16285875504230382,-0.5041338875839428,-0.6669926426262467,False,False,-0.34127513254163905,-0.5199793228834428,0.0015448489735974125,-0.043477868911574014,-0.12309004215757613
2022-08-13,0.5550961992366942,0.08326442988550413,0.3647333170312669,0.09118332925781672,-0.8397890061069389,-0.25193670183208167,-0.8371185859154295,-0.25113557577462886,-0.3286245184633897,0.17444775914332084,-0.5030722776067105,-0.6775200367500314,False,False,-0.3286245184633897,-0.5192377634330937,-0.005570061919580649,-0.05115013964023307,-0.11915284652503266
2022-08-14,0.8342425145022179,0.12513637717533269,0.27678132637906694,0.06919533159476673,-0.8407123016971094,-0.25221369050913284,-0.822696561943404,-0.2468089685830212,-0.3046909503220546,0.19433170877009942,-0.49902265909215404,-0.6933543678622535,False,False,-0.3046909503220546,-0.5219156388593674,-0.008657392397688812,-0.14280253969925838,-0.120844723195492
2022-08-15,0.8141720511388626,0.12212580767082938,0.6063081007438009,0.15157702518595023,-0.8345430945467049,-0.25036292836401147,-0.8363768828249027,-0.25091306484747083,-0.2275731603547027,0.2737028328567796,-0.5012759932114823,-0.774978826068262,False,False,-0.2275731603547027,-0.5260546027729602,-0.009963967358959214,-0.1226300922770952,-0.10524170755373974
2022-08-16,0.4374234404201134,0.065613516063017,0.5688738545725625,0.1422184636431406,-0.8612623372820453,-0.2583787011846136,-0.8399902658804911,-0.2519970797641473,-0.30254380124260327,0.20783197970615763,-0.5103757809487609,-0.7182077606549185,False,False,-0.30254380124260327,-0.5307769792408594,-0.021466593222143726,-0.09805724145389971,-0.15148729351063994
2022-08-17,-0.27183307447245453,-0.04077496117086818,0.7274472308724809,0.18186180771812022,-0.8836268480186102,-0.2650880544055831,-0.8535387109378053,-0.2560616132813416,-0.3800628211396726,0.14108684654725204,-0.5211496676869247,-0.6622365142341767,False,False,-0.3800628211396726,-0.5408495989579614,-0.006488549291297496,-0.0832308742876775,-0.14158883349198426
2022-08-18,-0.3144489408077136,-0.04716734112115704,0.514630216880648,0.128657554220162,-0.885339045039686,-0.26560171351190576,-0.8764571562626344,-0.26293714687879033,-0.44704864729169114,0.08149021309900498,-0.5285388603906961,-0.610029073489701,False,False,-0.44704864729169114,-0.5438288189672418,-0.10162518541515753,-0.07166856393804555,-0.1567659284556211
2022-08-19,-0.7480129810803776,-0.11220194716205664,0.05302169201021845,0.013255423002554613,-0.9156298893720116,-0.2746889668116035,-0.9082399170544186,-0.2724719751163256,-0.6461074660874311,-0.09894652415950203,-0.5471609419279291,-0.4482144177684271,False,False,-0.6461074660874311,-0.5901872998207471,0.014671895841442906,0.025615820765570785,-0.026334344322055947
2022-08-20,-0.6263910792278867,-0.093958661884183,0.08362834720860449,0.02090708680215112,-0.9016569879058457,-0.2704970963717537,-0.9182364007766843,-0.2754709202330053,-0.6190195916867909,-0.07305157508203189,-0.5459680166047589,-0.47291644152272705,False,False,-0.6190195916867909,-0.5841745705692167,0.017764368802941632,0.019818761243458605,-0.06283848634370648
2022-08-21,-0.5265680548040638,-0.07898520822060956,0.30341078339083716,0.07585269584770929,-0.8899573604843217,-0.26698720814529653,-0.9128297815710877,-0.2738489344713263,-0.5439686549895231,-0.00313251237290027,-0.5408361426166228,-0.5377036302437226,False,False,-0.5439686549895231,-0.5767876942831667,-0.0053812092708502846,-0.059238850304499935,-0.06811752025622331
2022-08-22,-0.49010944828518016,-0.07351641724277702,0.059499867098753365,0.014874966774688341,-0.8926860953536189,-0.26780582860608565,-0.9119619043961081,-0.2735885713188324,-0.6000358503930068,-0.05864145046808868,-0.541394399924918,-0.48275294945682934,False,False,-0.6000358503930068,-0.579065088266228,0.006041636779357429,-0.06365611315603925,-0.05927009700544361
2022-08-23,-0.409316443909225,-0.061397466586383745,0.0594957184504835,0.014873929612620875,-0.9017096091633383,-0.2705128827490015,-0.9123982273248378,-0.2737194681974513,-0.5907558879202157,-0.046523536973762866,-0.5442323509464528,-0.49770881397268996,False,False,-0.5907558879202157,-0.5765219524217817,-0.0074801013696795815,-0.09166700729059052,-0.07326170321871017
2022-08-24,-0.40261993995704104,-0.060392990993556155,-0.025122844260419375,-0.006280711065104844,-0.8790390864293386,-0.26371172592880154,-0.9141965674653153,-0.27425897023959456,-0.6046443982270571,-0.066673702058661,-0.5379706961683961,-0.47129699410973513,False,False,-0.6046443982270571,-0.5796896111455008,0.008936694359062525,-0.05065265573696853,-0.07189134447269008
2022-08-25,-0.5385325813568006,-0.08077988720352008,0.10698659699744668,0.02674664924936167,-0.8902549544439787,-0.2670764863331936,-0.8915072687430368,-0.26745218062291104,-0.5885619049102631,-0.05403323795415842,-0.5345286669561047,-0.48049542900194625,False,False,-0.5885619049102631,-0.5759334256643693,-0.061133983702428396,-0.08105091877931492,-0.07230099299412229
2022-08-26,-0.7079502804496896,-0.10619254206745343,-0.10331414911010249,-0.025828537277525623,-0.9201474758923379,-0.27604424276770134,-0.9040512262291923,-0.27121536786875766,-0.6792806899814381,-0.13202107934497906,-0.547259610636459,-0.4152385312914799,False,False,-0.6792806899814381,-0.6018583047085484,-0.010051356031431258,-0.009437751500045666,-0.021945995884600777
2022-08-27,-0.7730388854115505,-0.11595583281173258,-0.05135101719306891,-0.012837754298267227,-0.9133209867945614,-0.2739962960383684,-0.911783103341795,-0.2735349310025385,-0.6763248141509066,-0.1287935871099998,-0.547531227040907,-0.4187376399309072,False,False,-0.6763248141509066,-0.6058601686388805,-0.024054277957439862,0.004684193715814189,-0.06223250289455817
2022-08-28,-0.8916598886011731,-0.13374898329017595,-0.12044225150883374,-0.030110562877208435,-0.9129639123199779,-0.27388917369599336,-0.9132050930799832,-0.273961527923995,-0.7117102477873727,-0.16385954616738438,-0.5478507016199883,-0.38399115545260387,False,False,-0.7117102477873727,-0.6153409176965393,0.03733557787253883,0.020262727677633263,-0.013437064862717119
2022-08-29,-0.7254395363994306,-0.10881593045991458,0.07132770435926628,0.01783192608981657,-0.906259418449041,-0.2718778255347123,-0.911675802594946,-0.2735027407784838,-0.6363645706832941,-0.09098400437009802,-0.5453805663131961,-0.4543965619430981,False,False,-0.6363645706832941,-0.6009794485748191,-0.02336962978408963,-0.022371884078117854,-0.047617709591915025
2022-08-30,-0.8800915487119572,-0.13201373230679356,0.11394717753080504,0.02848679438270126,-0.9160782991542534,-0.274823489746276,-0.9158092509104081,-0.2747427752731224,-0.6530932029434907,-0.1035269379240923,-0.5495662650193984,-0.44603932709530614,False,False,-0.6530932029434907,-0.6103044111378688,0.012031298740236895,0.009521665524241829,0.078158518771269
2022-08-31,-0.8538978690864764,-0.12808468036297144,0.16880744201307454,0.042201860503268636,-0.9026928454813029,-0.27080785364439086,-0.9066987686046541,-0.2720096305813962,-0.6287003040854899,-0.08588281985970281,-0.5428174842257871,-0.4569346643660843,False,False,-0.6287003040854899,-0.6056158670905161,0.004061841334821459,-0.012627418825517434,0.07971662871159224
2022-09-01,-0.8864998357921847,-0.1329749753688277,0.1720049519061726,0.04300123797654315,-0.9231588249464158,-0.2769476474839247,-0.9010101992910958,-0.2703030597873287,-0.637224444663538,-0.08997373739228456,-0.5472507072712534,-0.4572769698789688,False,False,-0.637224444663538,-0.6038673750491932,-0.00892135990136822,-0.06660470725918533,0.08421694203997121
2022-09-02,-0.9028591923126603,-0.13542887884689905,-0.0606071441739746,-0.01515178604349365,-0.8977829205388419,-0.2693348761616526,-0.8860997906083564,-0.2658299371825069,-0.6857454782345522,-0.1505806648903927,-0.5351648133441596,-0.38458414845376687,False,False,-0.6857454782345522,-0.6070572632583162,-0.006012472020152426,-0.0330305044241489,0.12248883061529114
2022-09-03,-0.903490252947135,-0.13552353794207025,-0.07344893569720025,-0.018362233924300062,-0.8936520320513814,-0.2680956096154144,-0.885139860959145,-0.26554195828774346,-0.6875233397695282,-0.1538857718663703,-0.5336375679031579,-0.37975179603678755,False,False,-0.6875233397695282,-0.6094198204684976,0.00849136996455191,-0.02582354691179367,0.017228303894230912
2022-09-04,-0.8746710824163909,-0.13120066236245864,-0.11882647648603195,-0.029706619121507988,-0.8815147553575116,-0.26445442660725343,-0.8670814974260731,-0.2601244492278219,-0.685486157319042,-0.16090728148396663,-0.5245788758350753,-0.36367159435110874,False,False,-0.685486157319042,-0.6055279692253317,-0.010172847407288854,0.0679894801577976,0.01132033019504708
2022-09-05,-0.8750276593297208,-0.1312541488994581,-0.36999713282698926,-0.09249928320674732,-0.8649534459424193,-0.2594860337827258,-0.8727584356985253,-0.26182753070955755,-0.7450669965984887,-0.2237534321062054,-0.5213135644922833,-0.29756013238607787,False,False,-0.7450669965984887,-0.5851688873103233,-0.05082780888262972,0.09352502722656753,-0.004796725133910162
2022-09-06,-0.906651646964863,-0.13599774704472944,-0.5349198364908736,-0.1337299591227184,-0.8280766751533772,-0.24842300254601316,-0.8939464271827562,-0.26818392815482683,-0.7863346368682879,-0.26972770616744784,-0.51660693070084,-0.24687922453339212,False,False,-0.7863346368682879,-0.6062538438246828,0.026727711340930327,0.16158389748922453,0.053893407398695414
2022-09-07,-0.845167069280615,-0.12677506039209224,-0.44592796170892446,-0.11148199042723111,-0.8318760619248463,-0.24956281857745388,-0.8831701995886826,-0.2649510598766048,-0.752770929273382,-0.23825705081932336,-0.5145138784540586,-0.27625682763473525,False,False,-0.752770929273382,-0.595729910220828,0.0013958546279344564,0.16083168678121007,0.042543244022134497
2022-09-08,-0.6075714978565366,-0.0911357246784805,-0.3190067329365422,-0.07975168323413555,-0.7788763058473798,-0.23366289175421392,-0.8911307381339498,-0.26733922144018496,-0.6718895211070149,-0.17088740791261603,-0.5010021131943989,-0.3301147052817829,False,False,-0.6718895211070149,-0.5951656079450742,0.10560891770450676,0.044193072691859125,0.004990225038910889
2022-09-09,0.06947903094766979,0.010421854642150468,0.26441752981879607,0.06610438245469902,-0.6379411846155414,-0.19138235538466242,-0.8552585790023804,-0.2565775737007141,-0.37143369198852705,0.07652623709684948,-0.4479599290853765,-0.524486166182226,False,False,-0.37143369198852705,-0.5524114859505915,0.013493844366906371,-0.05306152449589452,-0.085350215893083
2022-09-10,0.04143375262736545,0.0062150628941048175,0.4282605999090732,0.1070651499772683,-0.6310421911874645,-0.18931265735623934,-0.832951017112447,-0.24988530513373408,-0.3259177496186003,0.11328021287137312,-0.43919796248997345,-0.5524781753613466,False,False,-0.3259177496186003,-0.5436190307537926,0.008246821696259232,-0.08991266766874495,-0.12810866791633913
2022-09-11,0.13234702410508087,0.01985205361576213,0.3012253625237595,0.07530634063093987,-0.65898497551164,-0.197695492653492,-0.8348710615550408,-0.2504613184665122,-0.35299841687330225,0.095158394246702,-0.4481568111200042,-0.5433152053667062,False,False,-0.35299841687330225,-0.5398553382748531,0.02606282989727804,-0.0927100404226534,-0.15419114146920743
2022-09-12,0.2565055991481452,0.03847583987222178,0.33130661028768604,0.08282665257192151,-0.6804770590392691,-0.20414311771178073,-0.8203699656407673,-0.24611098969223016,-0.3289516149598676,0.12130249244414329,-0.4502541074040109,-0.5715565998481542,False,False,-0.3289516149598676,-0.52786266622817,-0.0992228879242214,-0.10189973628913362,-0.1336910501729347
2022-09-13,-0.3023619363240355,-0.045354290448605325,-0.11979964631528218,-0.029949911578820546,-0.7383529738656276,-0.22150589215968827,-0.86706345349888,-0.260119036049664,-0.5569291302367781,-0.07530420202742587,-0.4816249282093523,-0.40632072618192644,False,False,-0.5569291302367781,-0.5747094959818531,0.0026341396193136912,-0.037543677197442005,-0.04380285690633834
2022-09-14,-0.333454206370767,-0.050018130955615046,-0.17448367999029085,-0.04362091999757271,-0.7562908751611612,-0.22688726254834835,-0.8568890426320676,-0.25706671278962023,-0.5775930262911564,-0.09363905095318775,-0.4839539753379686,-0.3903149243847808,False,False,-0.5775930262911564,-0.573589221415501,-0.02594737354715615,-0.034097982321395715,-0.06457847074487144
2022-09-15,-0.15320856155851875,-0.02298128423377781,-0.2007849639366581,-0.050196240984164524,-0.724260759401245,-0.2172782278203735,-0.8698670255895551,-0.2609601076768665,-0.5514158607151823,-0.07317752521794234,-0.47823833549724004,-0.4050608102792977,False,False,-0.5514158607151823,-0.5846534611719666,0.005147732094602064,-0.041969598840313815,-0.045401758613898724
2022-09-16,-0.0672267402451817,-0.010084011036777255,-0.4541097276412242,-0.11352743191030605,-0.7804481354869274,-0.2341344406460782,-0.860461343954389,-0.2581384031863167,-0.6158842867794783,-0.1236114429470833,-0.4922728438323949,-0.3686614008853116,False,False,-0.6158842867794783,-0.5825153684636597,0.015670115586796207,-0.06776345356581981,-0.029059803164119047
2022-09-17,0.16072282737793872,0.02410842410669081,-0.5384430232373419,-0.13461075580933549,-0.7250769540200757,-0.2175230862060227,-0.8416446603443402,-0.252493398103302,-0.5805188160119694,-0.11050233170264467,-0.47001648430932474,-0.35951415260668007,False,False,-0.5805188160119694,-0.5759733360317743,-0.03467501126102601,-0.03539840168005548,-0.05143231302967832
2022-09-18,-0.2478741846473148,-0.03718112769709722,-0.608778128776718,-0.1521945321941795,-0.7710507433046238,-0.23131522299138713,-0.8056839038179299,-0.24170517114537896,-0.6623960540280428,-0.18937565989127672,-0.4730203941367661,-0.2836447342454894,False,False,-0.6623960540280428,-0.5906764653798477,0.006223675305853105,-0.006503338967809302,-0.0001730515477298411
2022-09-19,-0.08110474381252361,-0.012165711571878542,-0.5849339012662802,-0.14623347531657005,-0.7934003964403865,-0.23802011893211594,-0.776933298726735,-0.23307998961802048,-0.629499295438585,-0.1583991868884486,-0.4711001085501364,-0.31270092166168784,False,False,-0.629499295438585,-0.5881289686053277,-0.03388541343562124,-0.03155650145211508,0.002789064043543954
2022-09-20,-0.3330873829440376,-0.04996310744160564,-0.6178745397535703,-0.15446863493839258,-0.7888484964657171,-0.2366545489397151,-0.8202278585165885,-0.24606835755497655,-0.6871546488746899,-0.20443174237999823,-0.48272290649469163,-0.2782911641146934,False,False,-0.6871546488746899,-0.6020853887862919,-0.021914701986754936,-0.003582516556291382,0.02901245033112576
2022-09-21,-0.45754022730730853,-0.06863103409609628,-0.6446083422163779,-0.16115208555409447,-0.8240742535497746,-0.24722227606493236,-0.8386861817185663,-0.2516058545155699,-0.728611250230693,-0.22978311965019074,-0.49882813058050224,-0.2690450109303115,False,False,-0.728611250230693,-0.6108055689072158,0.050931784007245406,0.041516984664184964,0.04601990319239757
2022-09-22,-0.15144251097362024,-0.022716376646043035,-0.5239870714148197,-0.13099676785370493,-0.7732953596988126,-0.23198860790964376,-0.8138250783573796,-0.24414752350721386,-0.6298492759166057,-0.15371314449974796,-0.4761361314168576,-0.3224229869171097,False,False,-0.6298492759166057,-0.5909832022059753,-0.00575827907242854,-0.01662231472304132,-0.01777324894867094
2022-09-23,-0.1500841394778335,-0.022512620921675025,-0.3724953241493193,-0.09312383103732982,-0.767577066219094,-0.2302731198657282,-0.8148531671104299,-0.24445595013312896,-0.590365521957862,-0.11563645195900485,-0.47472906999885717,-0.3590926180398523,False,False,-0.590365521957862,-0.5933384350729844,-0.019150426310957425,0.006371724906959031,0.017582767363870655
2022-09-24,-0.2931584131628852,-0.04397376197443278,-0.42664441770078676,-0.10666110442519669,-0.7671613359679655,-0.23014840079038965,-0.8311905125460489,-0.24935715376381468,-0.6301404209538337,-0.15063486639962947,-0.4795055545542043,-0.3288706881545748,False,False,-0.6301404209538337,-0.6011261774056178,-0.005978700351470523,0.03546470759229403,0.07490922544330214
2022-09-25,-0.2721733584280044,-0.040826003764200654,-0.676087807353482,-0.1690219518383705,-0.7868466437539317,-0.23605399312617947,-0.8424047635959703,-0.2527214290787911,-0.6986233778075417,-0.20984795560257113,-0.48877542220497056,-0.2789274666023994,False,False,-0.6986233778075417,-0.6035109244689553,0.022355054239346472,0.03271215873768707,0.07182712318249518
2022-09-26,0.12890941144012086,0.019336411716018128,-0.7143674269099219,-0.17859185672748049,-0.7796679774519234,-0.23390039323557701,-0.836839404750794,-0.2510518214252382,-0.6442076596722776,-0.15925544501146235,-0.4849522146608152,-0.3256967696493528,False,False,-0.6442076596722776,-0.5946473896801505,-0.007733065942992945,0.004323423040157426,0.03811404516996708
2022-09-27,-0.06334892765713367,-0.009502339148570049,-0.7240682855777663,-0.18101707139444156,-0.8533100844991188,-0.2559930253497356,-0.8369785468643636,-0.25109356405930905,-0.6976059999520563,-0.1905194105430116,-0.5070865894090446,-0.316567178866033,False,False,-0.6976059999520563,-0.5977820081459182,0.017489791201171112,-0.0011703887965541782,0.02363629788150723
2022-09-28,0.027214446841651297,0.004082167026247694,-0.6739632505074993,-0.16849081262687482,-0.8421730121891857,-0.2526519036567557,-0.8358685797056274,-0.2507605739116882,-0.667821123169071,-0.16440864560062712,-0.5034124775684439,-0.33900383196781675,False,False,-0.667821123169071,-0.590747299451036,0.009204742020994416,0.011140061052438588,0.000264773484738301
2022-09-29,-0.5423557438623791,-0.08135336157935685,-0.6156585713635404,-0.1539146428408851,-0.7842394509783056,-0.23527183529349166,-0.8340867989195818,-0.25022603967587453,-0.7207658793896081,-0.23526800442024196,-0.4854978749693662,-0.25022987054912427,False,False,-0.7207658793896081,-0.5869802339210876,-0.008621081274490683,0.038093541539166775,-0.007783473555637022
2022-09-30,-0.6463330803177931,-0.09694996204766897,-0.6346724909392996,-0.1586681227348249,-0.8124922762841206,-0.24374768288523616,-0.8131365005504875,-0.24394095016514622,-0.7433067178328763,-0.25561808478249387,-0.48768863305038235,-0.23207054826788848,False,False,-0.7433067178328763,-0.590540910892425,-0.005748969886127497,0.037875960028029176,-0.014969151931692015
2022-10-01,-0.7026823439970179,-0.10540235159955268,-0.6189760981548266,-0.15474402453870664,-0.7959038814764148,-0.23877116444292443,-0.8231731913742957,-0.2469519574122887,-0.7458694979934725,-0.2601463761382593,-0.48572312185521316,-0.22557674571695385,False,False,-0.7458694979934725,-0.5928948788653057,-0.01316092683166814,0.03364515987043615,-0.012995217739158349
2022-10-02,-0.8285958580383893,-0.12428937870575839,-0.6333931713406239,-0.15834829283515597,-0.812610103197474,-0.24378303095924217,-0.887306923255724,-0.2661920769767172,-0.7926127794768737,-0.28263767154091435,-0.5099751079359593,-0.227337436395045,False,False,-0.7926127794768737,-0.5982527595773568,0.03003022543134226,0.024835754166491864,0.0051808278409806174
2022-10-03,-0.2754477826772154,-0.04131716740158231,-0.5252628090341592,-0.1313157022585398,-0.7860223496512531,-0.23580670489537592,-0.8728593420448636,-0.2618578026134591,-0.6702973771689571,-0.17263286966012212,-0.497664507508835,-0.3250316378487129,False,False,-0.6702973771689571,-0.5861881993810452,0.03610663362725086,-0.010755470964507907,-0.012937437719954259
2022-10-04,0.052863476228405426,0.007929521434260813,-0.5074882229500054,-0.12687205573750135,-0.7986494864269472,-0.23959484592808417,-0.8673652991974837,-0.26020958975924513,-0.6187469699905699,-0.11894253430324053,-0.4998044356873293,-0.38086190138408876,False,False,-0.6187469699905699,-0.5712468483054636,-0.00882887153097045,-0.044193527133193244,-0.057080355711674136
2022-10-05,0.22455757343351654,0.03368363601502748,-0.48753939956580244,-0.12188484989145061,-0.7994955559698218,-0.23984866679094652,-0.8858548217927549,-0.26575644653782643,-0.5938063272051961,-0.08820121387642313,-0.5056051133287729,-0.4174038994523498,False,False,-0.5938063272051961,-0.5750322548002733,-0.00980193727037948,-0.05091659696819073,-0.054016070831510166
2022-10-06,0.07841608188358164,0.011762412282537245,-0.5461229721902499,-0.13653074304756246,-0.7812213970558148,-0.23436641911674444,-0.8913577044487577,-0.2674073113346273,-0.626542061216397,-0.12476833076502522,-0.5017737304513717,-0.3770053996863465,False,False,-0.626542061216397,-0.5791977619806556,-0.02157142019781888,-0.04512223287094064,-0.03495323553768481
2022-10-07,-0.28156221594943626,-0.04223433239241544,-0.6735586012844146,-0.16838965032110365,-0.7985347080022323,-0.23956041240066966,-0.9016139585851235,-0.27048418757553705,-0.7206685826897258,-0.2106239827135191,-0.5100445999762067,-0.29942061726268754,False,False,-0.7206685826897258,-0.5882750638771534,-0.005741396993050318,-0.019178611056067885,0.0010122841215784995
2022-10-08,0.0009599151477796535,0.000143987272166948,-0.6224134411726796,-0.1556033602931699,-0.772012794050045,-0.23160383821501349,-0.8968297107322736,-0.26904891321968205,-0.6561121244556984,-0.15545937302100296,-0.5006527514346956,-0.3451933784136926,False,False,-0.6561121244556984,-0.5906389401873731,0.0010845629510001231,-0.0022056899900915194,-0.004661663738106392
2022-10-09,-0.052725677716069584,-0.007908851657410437,-0.704730809902019,-0.17618270247550474,-0.7464478638177959,-0.22393435914533877,-0.8870290837985612,-0.26610872513956835,-0.6741346384178223,-0.18409155413291517,-0.4900430842849071,-0.30595153015199195,False,False,-0.6741346384178223,-0.5901949623483181,-0.015800693656367493,-0.01348267556697813,-0.016207092744387253
2022-10-10,0.14918626469817994,0.02237793970472699,-0.7346848216529344,-0.1836712054132336,-0.6886637398195566,-0.206599121945867,-0.891575601468267,-0.26747268044048006,-0.6353650680948537,-0.1612932657085066,-0.47407180238634705,-0.31277853667784045,False,False,-0.6353650680948537,-0.5966701662070886,-0.003756559081783406,-0.0032657549941537134,-0.0047015790928958134
2022-10-11,0.3517784624749434,0.05276676937124151,-0.7783168827640573,-0.19457922069101433,-0.43842146877195126,-0.13152644063158536,-0.8915261930660978,-0.26745785791982934,-0.5407967498711875,-0.14181245131977283,-0.3989842985514147,-0.2571718472316419,False,False,-0.5407967498711875,-0.5981852985571774,0.005012067156348277,0.010649527806925407,0.005475865687303294
2022-10-12,-0.17833292183433103,-0.026749938275149654,-0.7723224673334859,-0.19308061683337147,-0.3898312380607393,-0.11694937141822179,-0.8939448441698867,-0.268183453250966,-0.604963379777709,-0.21983055510852112,-0.38513282466918775,-0.16530226956066663,False,False,-0.604963379777709,-0.596171376289138,0.011464052417239357,0.020585700317349742,0.002548611288750502
2022-10-13,0.061501350021078635,0.009225202503161795,-0.7409373081619512,-0.1852343270404878,-0.41083437086275926,-0.12325031125882777,-0.9068585106090636,-0.27205755318271907,-0.5713169889788728,-0.176009124537326,-0.39530786444154686,-0.21929873990422086,False,False,-0.5713169889788728,-0.591541863779335,-0.010229608781979871,-0.0024614028396198195,0.01007838399019767
2022-10-14,0.1912468074779659,0.028687021121694883,-0.7438607887089017,-0.18596519717722543,-0.18203341767775524,-0.05461002530332657,-0.9053075078331247,-0.2715922523499374,-0.4834804537087945,-0.15727817605553054,-0.326202277653264,-0.16892410159773344,False,False,-0.4834804537087945,-0.5957202307166891,-0.005607779764540077,-0.002761651630370454,0.007967385812014838
2022-10-15,0.1965124171469494,0.029476862572042406,-0.7356463750755228,-0.1839115937688807,-0.207565463632595,-0.0622696390897785,-0.8809539007253012,-0.2642861702175904,-0.4809905405042072,-0.1544347311968383,-0.3265558093073689,-0.1721210781105306,False,False,-0.4809905405042072,-0.5979873426260889,0.010151871664484391,-0.0014405285119241107,0.05300012218534511
2022-10-16,0.0274378267474708,0.004115674012120619,-0.6686841138795248,-0.1671710284698812,0.046613151459242656,0.013983945437772797,-0.8708861704054646,-0.26126585112163936,-0.41033726014162714,-0.16305535445776057,-0.24728190568386657,-0.084226551226106,False,False,-0.41033726014162714,-0.5939061617209307,0.01489281513036933,-0.005119145635825828,0.07831654292326529
2022-10-17,0.34580087452870706,0.051870131179306056,-0.6149186593587047,-0.15372966483967618,-0.1593510873792759,-0.047805326213782764,-0.8652411098932424,-0.2595723329679727,-0.4092371928421256,-0.10185953366037012,-0.30737765918175547,-0.20551812552138535,False,False,-0.4092371928421256,-0.5878582812618585,-0.011377063569764756,-0.017673272340569257,0.038120477589097757
2022-10-18,-0.06621511014219497,-0.009932266521329246,-0.33766649837614027,-0.08441662459403507,-0.19410821793105051,-0.05823246537931515,-0.850813596275901,-0.2552440788827703,-0.40782543537744975,-0.09434889111536432,-0.31347654426208543,-0.2191276531467211,False,False,-0.40782543537744975,-0.5925472437956943,-0.01052751942316199,0.012570728456536617,0.06541994180294974
2022-10-19,-0.3481880970386218,-0.05222821455579327,-0.4382728834977849,-0.10956822087444623,-0.2474019531468899,-0.07422058594406697,-0.8377600125172899,-0.251328003755187,-0.48734502512949346,-0.1617964354302395,-0.32554858969925393,-0.16375215426901443,False,False,-0.48734502512949346,-0.596836710600656,-0.004290427144573172,0.010758749360096242,0.08814592367588925
2022-10-20,-0.29083910823285425,-0.04362586623492814,-0.5192033724627095,-0.12980084311567738,-0.15227530118582966,-0.0456825903557489,-0.8575361446224931,-0.25726084338674793,-0.4763701430931023,-0.17342670935060553,-0.3029434337424968,-0.1295167243918913,False,False,-0.4763701430931023,-0.5985664533211904,0.006430549020266962,0.054519187140792624,0.08326681343057851
2022-10-21,-0.11443387396631566,-0.017165081094947347,-0.47716481842765446,-0.11929120460691361,-0.30117129128924297,-0.09035138738677288,-0.8411921744848345,-0.2523576523454503,-0.4791653254340842,-0.13645628570186097,-0.3427090397322232,-0.20625275403036225,False,False,-0.4791653254340842,-0.5959850152208928,0.002086163020229792,0.08386500573720923,0.06921020623166863
2022-10-22,0.11825184091215855,0.01773777613682378,-0.49157292201514297,-0.12289323050378574,-0.3127016290274695,-0.09381048870824085,-0.8554257563930395,-0.25662772691791186,-0.4555936699931147,-0.10515545436696196,-0.35043821562615274,-0.2452827612591908,False,False,-0.4555936699931147,-0.5951421741000279,0.019060785707404992,0.056797548472091064,0.06661355370007316
2022-10-23,-0.049374847914884126,-0.007406227187232619,-0.39021306445426207,-0.09755326611356552,-0.2918867269646331,-0.08756601808938992,-0.8575697660832241,-0.25727092982496724,-0.4497964412151553,-0.10495949330079814,-0.34483694791435715,-0.23987745461355903,False,False,-0.4497964412151553,-0.5874252658385826,-0.012298164575072601,0.052193107958958374,0.029710174549319346
2022-10-24,-0.7793920528359061,-0.11690880792538591,-0.4713193282418989,-0.11782983206047473,-0.2658054426293821,-0.07974163278881463,-0.8622148771484744,-0.25866446314454233,-0.5731447359192177,-0.23473863998586064,-0.33840609593335697,-0.10366745594749632,False,False,-0.5731447359192177,-0.5924991778188166,0.03881846193323013,0.07656344737533693,0.045427455752075074
2022-10-25,-0.06174763592683464,-0.009262145389025195,-0.03843462701138343,-0.009608656752845857,-0.1033130567794977,-0.030993917033849308,-0.8218177225333703,-0.24654531676001107,-0.29641003593573145,-0.018870802141871052,-0.27753923379386036,-0.25866843165198933,False,False,-0.29641003593573145,-0.5766806226652164,0.03443812695872084,0.027261359148648356,0.053209475863380984
2022-10-26,0.5114478663828338,0.07671717995742507,0.16954264730949684,0.04238566182737421,0.07590289838646087,0.02277086951593826,-0.8837007716769693,-0.26511023150309077,-0.12323652020235323,0.11910284178479927,-0.2423393619871525,-0.3614422037719518,False,False,-0.12323652020235323,-0.5621022962044744,-0.022939023926430213,-0.013520871536555346,0.02540874338459398
2022-10-27,0.4937071569012936,0.07405607353519403,0.17492624879878776,0.04373156219969694,0.027039054387002482,0.008111716316100744,-0.9038972323345486,-0.27116916970036453,-0.14526981764937283,0.11778763573489097,-0.2630574533842638,-0.38084508911915477,False,False,-0.14526981764937283,-0.5721472421091688,0.014620763326732344,0.009288444359256909,0.030079659583022833
2022-10-28,0.6748682128533392,0.10123023192800087,0.07212531284058406,0.018031328210146014,0.10139362191351622,0.030418086574054867,-0.8941050151736333,-0.26823150455209,-0.11855185783988825,0.11926156013814689,-0.23781341797803512,-0.357074978116182,False,False,-0.11855185783988825,-0.5658917081973572,0.010578462148112866,-0.021367687394618473,-3.447967738667845e-05
2022-10-29,0.7382479425304614,0.11073719137956921,0.23404125481145877,0.05851031370286469,0.23897484388249482,0.07169245316474844,-0.8764589894054902,-0.262937696821647,-0.021997738574464687,0.1692475050824339,-0.1912452436568986,-0.3604927487393325,False,False,-0.021997738574464687,-0.561299510064341,-0.008755064352293895,-0.02892165036735317,-0.10872060921677273
2022-10-30,0.7897470247697869,0.11846205371546803,0.13696500116934254,0.034241250292335636,0.21651712252963706,0.06495513675889111,-0.8443818980516606,-0.2533145694154982,-0.03565612864880341,0.15270330400780366,-0.18835943265660707,-0.3410627366644107,False,False,-0.03565612864880341,-0.5651403610851106,-0.006629021092251608,0.02525950819004552,-0.22807778749512786
2022-10-31,0.7715281455022526,0.11572922182533787,0.08562088354259466,0.021405220885648665,0.18612061324990814,0.05583618397497244,-0.8514725616558875,-0.25544176849676625,-0.06247114181080726,0.13713444271098654,-0.1996055845217938,-0.33674002723278035,False,False,-0.06247114181080726,-0.5680230548036462,-0.000347474029732564,0.039463191666089026,-0.14101930920991623
2022-11-01,0.7385137700469404,0.11077706550704106,0.127068460510363,0.03176711512759075,0.03908798539488613,0.011726395618465838,-0.8381206256576822,-0.25143618769730464,-0.09716561144420699,0.1425441806346318,-0.2397097920788388,-0.3822539727134706,False,False,-0.09716561144420699,-0.5681731555735452,-0.01619733230747289,0.020599874436256993,-0.16663607311598228
2022-11-02,0.49261927736945743,0.0738928916054186,0.07735801451728684,0.01933950362932171,-0.0038314962937114005,-0.00114944888811342,-0.8408963791240769,-0.25226891373722304,-0.16018596739059615,0.09323239523474032,-0.25341836262533646,-0.34665075786007676,False,False,-0.16018596739059615,-0.5751675984720079,0.0027779101064715483,0.021799001976990695,-0.1657297795139302
2022-11-03,0.6232184177465964,0.09348276266198945,0.0499902365553063,0.012497559138826575,-0.056394338761924116,-0.016918301628577236,-0.8503259610383985,-0.2550977883115195,-0.16603576813928073,0.10598032180081603,-0.27201608994009674,-0.37799641174091275,False,False,-0.16603576813928073,-0.5739874522502466,0.04655128559141963,-0.08217561320320554,-0.19190442115972928
2022-11-04,0.8479229730713005,0.12718844596069506,0.30327254450111235,0.07581813612527809,-0.07193317060784134,-0.0215799511823524,-0.870356732204798,-0.2611070196614394,-0.07968038875781863,0.20300658208597316,-0.2826869708437918,-0.48569355292976496,False,False,-0.07968038875781863,-0.5541560204744196,0.007132886840308439,-0.24709577786057846,-0.21415493850160683
2022-11-05,0.8380399831685884,0.12570599747528827,0.5473178045084883,0.13682945112712208,-0.044503739352972235,-0.01335112180589167,-0.8360269285780806,-0.2508080785734242,-0.0016237517769055188,0.26253544860241035,-0.26415920037931584,-0.5266946489817261,False,False,-0.0016237517769055188,-0.5509758658200309,-0.018488340265463088,-0.17363048766231104,-0.2065225403380475
2022-11-06,0.656111601734206,0.0984167402601309,0.375335773667483,0.09383394341687075,-0.10387285929726815,-0.031161857789180444,-0.8365610896170325,-0.2509683268851097,-0.08987950099728853,0.19225068367700165,-0.2821301846742902,-0.47438086835129184,False,False,-0.08987950099728853,-0.5592775768001552,-0.015041438697228293,-0.18345676130487654,-0.202951556474396
2022-11-07,0.626667140810855,0.09400007112162824,0.30247546599207614,0.07561886649801904,-0.042439906719057986,-0.012731972015717396,-0.8462939026472017,-0.2538881707941605,-0.09700120519023062,0.16961893761964728,-0.2666201428098779,-0.4362390804295252,False,False,-0.09700120519023062,-0.5659066761112095,-0.09926118673428808,-0.18352805309859144,-0.18933249413703857
2022-11-08,-0.21882563067840996,-0.03282384460176149,-0.5960035875513786,-0.14900089688784465,-0.22425221604640924,-0.06727566481392278,-0.8786042769070523,-0.2635812830721157,-0.5126816893756446,-0.18182474148960615,-0.3308569478860385,-0.14903220639643233,False,False,-0.5126816893756446,-0.6089952945938426,-0.14149929666047167,-0.11955316238597347,-0.09957174197979957
2022-11-09,-0.703884590855486,-0.1055826886283229,-0.836580253287685,-0.20914506332192126,-0.4972394837875894,-0.14917184513627682,-0.9350286533835944,-0.2805085960150783,-0.7444081931015993,-0.31472775195024416,-0.4296804411513552,-0.11495268920111101,False,False,-0.7444081931015993,-0.6643221853997487,0.10540476209915228,0.04375169960578562,0.04885255805978983
2022-11-10,-0.35172731780691785,-0.052759097671037675,-0.6546640412508045,-0.16366601031270112,-0.36305670878532764,-0.10891701263559829,-0.8986643522490063,-0.26959930567470186,-0.5949414262940389,-0.2164251079837388,-0.37851631831030014,-0.16209121032656135,False,False,-0.5949414262940389,-0.628940145209846,-0.03015939299420778,-0.03980308104868158,-0.07504736906395326
2022-11-11,-0.46656324075045946,-0.06998448611256891,-0.7572753747776283,-0.18931884369440707,-0.47016604795704003,-0.141049814387112,-0.9230015379420011,-0.2769004613826003,-0.6772536055766883,-0.259303329806976,-0.41795027576971233,-0.15864694596273632,False,False,-0.6772536055766883,-0.6401310851948359,-0.015127434709738652,-0.02387478610523197,-0.07551239549838284
2022-11-12,-0.575617302055145,-0.08634259530827175,-0.6135122539952028,-0.1533780634988007,-0.5251946158890833,-0.15755838476672498,-0.9257355590315968,-0.277720667709479,-0.6749997112832764,-0.23972065880707244,-0.435279052476204,-0.19555839366913158,False,False,-0.6749997112832764,-0.6455749787076155,-0.028683541834204962,-0.0071091738797340875,-0.034804735642466667
2022-11-13,-0.6200481378562063,-0.09300722067843094,-0.6830609067621064,-0.1707652266905266,-0.6101385149313348,-0.18304155447940043,-0.9376188619140481,-0.2812856585742144,-0.7280996604225723,-0.26377244736895755,-0.4643272130536148,-0.20055476568465724,False,False,-0.7280996604225723,-0.6557411436329446,0.017735006751439686,0.022694635896839177,0.016733772814814696
2022-11-14,-0.6780202159795526,-0.10170303239693289,-0.5811646807717761,-0.14529117019294402,-0.5438788141455109,-0.16316364424365326,-0.9359597952694716,-0.28078793858084145,-0.6909457854143717,-0.24699420258987692,-0.4439515828244947,-0.19695738023461778,False,False,-0.6909457854143717,-0.649635710491032,0.016914508654312543,0.004887042057925006,-0.0012340954519580727
2022-11-15,-0.7216354360043866,-0.10824531540065799,-0.5492177354150536,-0.1373044338537634,-0.6564416227910819,-0.19693248683732456,-0.9264006416964972,-0.2779201925089491,-0.7204024286006951,-0.24554974925442138,-0.4748526793462737,-0.2293029300918523,False,False,-0.7204024286006951,-0.6437094706839704,-0.014071123044962497,-0.036705270887313235,-0.02239155247426572
2022-11-16,-0.7026577776027874,-0.1053986666404181,-0.6256309682232657,-0.15640774205581642,-0.7396354961580036,-0.2218906488474011,-0.9283710458998375,-0.27851131376995125,-0.7622083713135868,-0.2618064086962345,-0.5004019626173524,-0.23859555392111786,False,False,-0.7622083713135868,-0.6487228785617312,0.0017884192054620218,-0.052900599900616574,-0.012254272401450828
2022-11-17,-0.732149396150116,-0.10982240942251739,-0.5330112681066701,-0.13325281702666752,-0.7277243463779913,-0.2183173039133974,-0.936238173987001,-0.2808714521961003,-0.7422639825586826,-0.24307522644918492,-0.49918875610949776,-0.25611352966031287,False,False,-0.7422639825586826,-0.6480946478113115,0.00047266566662029774,-0.027893864092745524,-0.015802249624982778
2022-11-18,-0.7536571980942053,-0.11304857971413079,-0.5491824456382526,-0.13729561140956315,-0.7230147020074945,-0.21690441060224835,-0.9389142842528975,-0.28167428527586924,-0.7489228870018115,-0.25034419112369394,-0.4985786958781176,-0.24823450475442366,False,False,-0.7489228870018115,-0.647928314233432,1.3772083985674755e-05,-0.005828585457278157,-0.02919322533225155
2022-11-19,-0.7356666418071754,-0.11034999627107632,-0.45061332896714956,-0.11265333224178739,-0.6951649351622436,-0.2085494805486731,-0.9444945900005737,-0.28334837700017207,-0.7149011860617089,-0.2230033285128637,-0.4918978575488452,-0.2688945290359815,False,False,-0.7149011860617089,-0.6479234654726067,-0.025175621591456254,-0.006091368734686187,-0.015457454427005413
2022-11-20,-0.7710518018565384,-0.11565777027848076,-0.46065109593593795,-0.11516277398398449,-0.715637904165912,-0.21469137124977358,-0.9505359666761172,-0.2851607900028351,-0.7306727055150739,-0.23082054426246523,-0.4998521612526087,-0.26903161699014344,False,False,-0.7306727055150739,-0.6567872110770996,-0.03064698717401404,0.014859126683099744,0.054262746902224324
2022-11-21,-0.8201332421910915,-0.12301998632866372,-0.6811730577013314,-0.17029326442533285,-0.7610860905276096,-0.22832582715828287,-0.9562826281540883,-0.28688478844622645,-0.8085238663585059,-0.29331325075399656,-0.5152106156045093,-0.22189736485051276,False,False,-0.8085238663585059,-0.6673056490171773,0.028239136344367255,0.04291664369642789,0.07579101581683112
2022-11-22,-0.737964636969269,-0.11069469554539034,-0.5983393964134757,-0.14958484910336892,-0.6447686957566391,-0.19343060872699172,-0.9602458575091924,-0.28807375725275775,-0.7417839106285087,-0.26027954464875924,-0.48150436597974944,-0.2212248213309902,False,False,-0.7417839106285087,-0.6579106478787726,0.023181819862524877,0.012438574370768452,0.053355715865098574
2022-11-23,-0.6911222156741035,-0.10366833235111551,-0.4779075468243923,-0.11947688670609807,-0.5997112776260418,-0.17991338328781253,-0.957618164779699,-0.28728544943390966,-0.6903440517789358,-0.22314521905721357,-0.4671988327217222,-0.24405361366450862,False,False,-0.6903440517789358,-0.6499803941410104,-0.00025055546822250196,-0.023501621081833513,0.016990190392041082
2022-11-24,-0.7936837121800722,-0.11905255682701082,-0.46009680181883056,-0.11502420045470764,-0.731718789343983,-0.2195156368031949,-0.958678979499611,-0.28760369384988327,-0.7411960879347966,-0.23407675728171845,-0.5071193306530781,-0.2730425733713597,False,False,-0.7411960879347966,-0.6500680934672435,-0.004627401130794517,-0.009423487630241811,0.03052903948743735
2022-11-25,-0.8135941791473243,-0.12203912687209864,-0.5419035888938838,-0.13547589722347095,-0.7867020534502217,-0.2360106160350665,-0.9582147680384016,-0.2874644304115205,-0.7809900705421566,-0.2575150240955696,-0.5234750464465869,-0.26596002235101734,False,False,-0.7809900705421566,-0.6516873687672342,-0.0038475645406708114,0.03882668952084889,0.026885742403828905
2022-11-26,-0.7897974308858493,-0.11846961463287739,-0.5308537895629696,-0.1327134473907424,-0.7877469327177341,-0.23632407981532022,-0.9537393254053165,-0.28612179762159495,-0.7736289394605349,-0.2511830620236198,-0.5224458774369152,-0.2712628154132954,False,False,-0.7736289394605349,-0.6530275240962331,-0.0018099992891241756,0.031521572044229895,0.03830162644749824
2022-11-27,-0.7658658626405697,-0.11487987939608545,-0.5850803336026239,-0.14627008340065598,-0.7836726682516345,-0.23510180047549034,-0.9568634823718583,-0.28705904471155747,-0.7833108079837892,-0.2611499627967414,-0.5221608451870479,-0.26101088239030645,False,False,-0.7833108079837892,-0.6536555440309646,-0.013139746225830473,0.04041444343402256,0.02482594568799401
2022-11-28,-0.5845807794849854,-0.08768711692274782,-0.6412624219501477,-0.16031560548753693,-0.781834874607875,-0.2345504623823625,-0.957310123787088,-0.2871930371361264,-0.7697462219287736,-0.24800272241028476,-0.5217434995184889,-0.2737407771082041,False,False,-0.7697462219287736,-0.6582064222891211,0.014162787556336154,0.041466337628470296,0.062369432754514786
2022-11-29,0.24158383172940862,0.03623757475941129,-0.5834244502990741,-0.14585611257476852,-0.7636659029213426,-0.22909977087640276,-0.9571249510891814,-0.2871374853267544,-0.6258557940185144,-0.10961853781535723,-0.5162372562031572,-0.40661871838779995,False,False,-0.6258557940185144,-0.6533656724598818,0.0438563894972368,0.040332600883197456,0.041722897875205556
2022-11-30,-0.26834402591020834,-0.04025160388653125,-0.4339927873783355,-0.10849819684458388,-0.6850853918868328,-0.20552561756604984,-0.9499797250301957,-0.28499391750905867,-0.6392693358062236,-0.14874980073111513,-0.4905195350751085,-0.3417697343439934,False,False,-0.6392693358062236,-0.6381635423781696,-0.010852593039704872,-0.011494647988422035,-0.002106196587670084
2022-12-01,-0.06277683396219338,-0.009416525094329007,-0.4266252406162039,-0.10665631015405097,-0.6903149253788383,-0.2070944776136515,-0.9477754790938707,-0.2843326437281612,-0.6074999565901926,-0.11607283524837998,-0.49142712134181266,-0.3753542860934327,False,False,-0.6074999565901926,-0.6420904061996677,0.0067955166200655,0.0065728672933440535,0.006342560714645451
2022-12-02,0.19095274470819848,0.02864291170622977,-0.5003736049575181,-0.12509340123937954,-0.6664278365614323,-0.1999283509684297,-0.9362933172581831,-0.28088799517745494,-0.5772668356790345,-0.09645048953314977,-0.48081634614588464,-0.38436585661273487,False,False,-0.5772668356790345,-0.6396582256065168,-0.01214199712860553,-0.014982969377642319,0.006850276784178488
2022-12-03,0.39106865890790576,0.05866029883618586,-0.6336838865566843,-0.15842097163917107,-0.7302219025965765,-0.21906657077897293,-0.9403864822636829,-0.2821159446791049,-0.600943188261063,-0.0997606728029852,-0.5011825154580778,-0.4014218426550926,False,False,-0.600943188261063,-0.644033494396519,0.013058773363655796,0.020070831260512012,0.052679269419373176
2022-12-04,0.34508115378492016,0.051762173067738025,-0.5774376042546617,-0.14435940106366543,-0.689473824282405,-0.2068421472847215,-0.9311578713149757,-0.27934736139449273,-0.5787867366751416,-0.0925972279959274,-0.48618950867921423,-0.39359228068328683,False,False,-0.5787867366751416,-0.6393850084747907,-0.00814640733790506,0.0013363966397166305,0.040772958721361885
2022-12-05,0.049139531976803465,0.00737092979652052,-0.5730293851354699,-0.14325734628386746,-0.7155322459766075,-0.21465967379298223,-0.9359737837712395,-0.28079213513137186,-0.631338225411701,-0.13588641648734695,-0.4954518089243541,-0.35956539243700714,False,False,-0.631338225411701,-0.6423227250879102,0.007226657471996134,0.009497623236583097,0.02298608716665651
2022-12-06,0.313764749456632,0.0470647124184948,-0.49062650269067704,-0.12265662567266926,-0.7437439591653665,-0.22312318774960996,-0.9309350858869968,-0.279280525766099,-0.5779956267698834,-0.07559191325417446,-0.502403713515709,-0.42681180026153454,False,False,-0.5779956267698834,-0.6369303214350135,-0.014765088103664614,-0.0002288026889875061,-0.026733048705128937
2022-12-07,0.10778155949915123,0.016167233924872685,-0.5174541747326413,-0.12936354368316033,-0.7270653522135245,-0.21811960566405736,-0.9191823068092521,-0.2757546920427756,-0.6070706074651206,-0.11319630975828765,-0.49387429770683294,-0.3806779879485453,False,False,-0.6070706074651206,-0.6385475384447272,0.023012905187733468,0.022165348905720084,-0.00357078371931685
2022-12-08,0.357659290873631,0.05364889363104465,-0.4489759124812668,-0.1122439781203167,-0.7435440603420594,-0.22306321810261784,-0.9163595199044097,-0.2749078559713229,-0.5565661585632128,-0.058595084489272045,-0.4979710740739407,-0.43937598958466867,False,False,-0.5565661585632128,-0.630229467217083,-0.005546879082216072,0.03196683716420612,-0.028209891953716038
2022-12-09,0.29635315533184986,0.04445297329977748,-0.41584409459218874,-0.10396102364804718,-0.7496339191469318,-0.22489017574407952,-0.9257262298888327,-0.2777178689666498,-0.562116095058999,-0.059508050348269705,-0.5026080447107293,-0.44309999436245956,False,False,-0.562116095058999,-0.6322805396505964,-6.246876561721848e-05,0.0393839295305618,-0.040264914271836094
2022-12-10,0.572452535914825,0.08586788038722375,-0.40352052374157554,-0.10088013093539389,-0.7742558665596884,-0.2322767599679065,-0.9177195624012239,-0.2753158687203672,-0.5226048792364438,-0.015012250548170139,-0.5075926286882737,-0.4925803781401036,False,False,-0.5226048792364438,-0.6323035106313778,-0.0024778878866665854,0.013361560859180166,-0.013541388726544312
2022-12-11,0.813927158347173,0.12208907375207595,-0.428418163959808,-0.107104540989952,-0.7789422053947938,-0.23368266161843812,-0.9228824843081453,-0.2768647452924436,-0.49556287414875777,0.014984532762123956,-0.5105474069108817,-0.5255319396730057,False,False,-0.49556287414875777,-0.633214621308354,0.0073034612131659404,-0.02651031164673212,-0.015240224640841071
2022-12-12,0.7173181201555355,0.10759771802333033,-0.44208548579778684,-0.11052137144944671,-0.7636040719573695,-0.22908122158721084,-0.9195802156875283,-0.27587406470625847,-0.5078789397195858,-0.0029236534261163766,-0.5049552862934693,-0.502031632867353,False,False,-0.5078789397195858,-0.6217416102625306,0.03282252061757718,-0.025178052310801502,-0.022568497190268655
2022-12-13,0.7578801287486476,0.11368201931229714,-0.29276973807682916,-0.07319243451920729,-0.7069342063728372,-0.21208026191185117,-0.9034862100877765,-0.27104586302633293,-0.44263654014509424,0.04048958479308985,-0.4831261249381841,-0.5236157097312739,False,False,-0.44263654014509424,-0.5908612866300419,0.0016005896020749866,-0.05831265787889539,-0.05604595295560544
2022-12-14,0.7695708553475026,0.11543562830212538,-0.2663491551193654,-0.06658728877984135,-0.6897819077461049,-0.20693457232383147,-0.9125023606301547,-0.2737507081890464,-0.43183694099059383,0.048848339522284026,-0.48068528051287784,-0.5295336200351619,False,False,-0.43183694099059383,-0.5902064234596156,-0.025097244027040277,-0.07663082095022511,-0.05431791564975874
2022-12-15,0.5807695046597787,0.08711542569896681,-0.3906428427639629,-0.09766071069099072,-0.6950900702182503,-0.20852702106547508,-0.9247176567571749,-0.27741529702715245,-0.49648760308465145,-0.01054528499202391,-0.48594231809262756,-0.47539703310060366,False,False,-0.49648760308465145,-0.5940414422333178,-0.041726539120575,-0.026548223876692867,-0.030203948528318758
2022-12-16,0.12031329046285492,0.018046993569428238,-0.5601430966122698,-0.14003577415306745,-0.7424372631342449,-0.22273117894027344,-0.934071440902299,-0.2802214322706897,-0.6249413917946023,-0.12198878058363921,-0.5029526112109631,-0.3809638306273239,False,False,-0.6249413917946023,-0.6109806878753015,0.008681996041394635,0.011576996798964956,0.01727200140451135
2022-12-17,0.2359594037428298,0.03539391056142447,-0.5036426659814269,-0.12591066649535673,-0.5738294041018824,-0.1721488212305647,-0.9266326134467691,-0.2779897840340307,-0.5406553611985276,-0.09051675593393227,-0.45013860526459537,-0.3596218493306631,False,False,-0.5406553611985276,-0.6020640980482153,-0.0022835486739801736,0.0026769556499202096,-0.0041820353684792755
2022-12-18,0.3550937711515678,0.05326406567273517,-0.4792190135834231,-0.11980475339585578,-0.6074696436311493,-0.1822408930893448,-0.9221590523776956,-0.27664771571330865,-0.5254292965257741,-0.0665406877231206,-0.4588886088026535,-0.39234792107953287,False,False,-0.5254292965257741,-0.5966033454172469,-0.017883035282745152,0.002407067422382836,-0.011405042713647284
2022-12-19,-0.002552578628594222,-0.0003828867942891333,-0.5188211329075221,-0.12970528322688052,-0.6712662116653929,-0.20137986349961787,-0.925152374173366,-0.2775457122520098,-0.6090137457727973,-0.13008817002116965,-0.47892557575162764,-0.34883740573045796,False,False,-0.6090137457727973,-0.6038173020240917,0.027780481395326184,0.02416466328606326,0.0118371811218283
2022-12-20,-0.19423874391457727,-0.02913581158718659,-0.45389553252748255,-0.11347388313187064,-0.6114003455889457,-0.1834201036766837,-0.9171294143864976,-0.27513882431594927,-0.6011686227116901,-0.1426096947190572,-0.458558927992633,-0.31594923327357577,False,False,-0.6011686227116901,-0.5928111559538218,-0.004195776878659463,-0.0037554245020585686,-0.017050633420851447
2022-12-21,-0.11329981131470074,-0.01699497169720511,-0.47312196264286066,-0.11828049066071517,-0.6304331743875846,-0.18912995231627538,-0.925476170899071,-0.27764285126972127,-0.6020482659439169,-0.13527546235792026,-0.46677280358599665,-0.3314973412280764,False,False,-0.6020482659439169,-0.5945196294909187,-0.0001925743565845961,0.005629828103612233,-0.01677714926949514
2022-12-22,-0.19971157834562112,-0.029956736751843165,-0.5300645564912575,-0.13251613912281437,-0.6170349892376571,-0.18511049677129712,-0.9095721626589538,-0.2728716487976861,-0.6204550214436407,-0.16247287587465753,-0.4579821455689832,-0.29550926969432567,False,False,-0.6204550214436407,-0.5945977146123773,-0.0025521016940890373,-0.006840678824570734,-0.01216781213012208
2022-12-23,-0.08093190769130812,-0.012139786153696217,-0.5022927190768188,-0.1255731797692047,-0.6381758943905729,-0.19145276831717187,-0.919670397773715,-0.2759011193321145,-0.6050668535721873,-0.13771296592290092,-0.4673538876492863,-0.32964092172638537,False,False,-0.6050668535721873,-0.5956323424717026,0.003434156807819555,-0.01377894329052054,-0.006295556813779579
2022-12-24,-0.2033663270839496,-0.03050494906259244,-0.6020852052414201,-0.15052130131035502,-0.5112845221802229,-0.15338535665406686,-0.9224255103103145,-0.27672765309309433,-0.6111392601201087,-0.18102625037294745,-0.43011300974716116,-0.2490867593742137,False,False,-0.6111392601201087,-0.5942436805277398,-0.00023817839264617113,-0.012036621264281622,-0.00955920960411294
2022-12-25,-0.10329344629185068,-0.0154940169437776,-0.6859899795035671,-0.17149749487589178,-0.4887534006923997,-0.1466260202077199,-0.9142126335192986,-0.27426379005578955,-0.6078813220831789,-0.1869915118196694,-0.42088981026350947,-0.23389829844384008,False,False,-0.6078813220831789,-0.5943403229157177,0.005185327329728651,-0.013345326284108228,0.001084237210902339
2022-12-26,-0.1297181543744503,-0.019457723156167544,-0.6223779001960225,-0.15559447504900561,-0.4177390348839906,-0.1253217104651972,-0.9045327096576885,-0.27135981289730654,-0.5717337215676769,-0.17505219820517315,-0.39668152336250373,-0.22162932515733058,False,False,-0.5717337215676769,-0.5922368447055637,-0.012590879458420079,-0.0222815361546721,-0.005173945396376611
2022-12-27,-0.101805055729072,-0.0152707583593608,-0.6854687979952058,-0.17136719949880144,-0.537271559372241,-0.1611814678116723,-0.9159183934084255,-0.27477551802252764,-0.6225949436923621,-0.18663795785816223,-0.43595698583419995,-0.24931902797603772,False,False,-0.6225949436923621,-0.5960567906864396,-0.00952032639066791,-0.005363825513157949,0.014622574875676086
2022-12-28,-0.5028725465436069,-0.07543088198154103,-0.7264876813471728,-0.1816219203367932,-0.5064246877103251,-0.15192740631309753,-0.9191842204450276,-0.27575526613350826,-0.68473547476494,-0.2570528023183342,-0.4276826724466058,-0.17062987012827158,False,False,-0.68473547476494,-0.5912226800339229,0.00520688861210683,0.007587940275488814,0.02394709472415757
2022-12-29,-0.38283740552334433,-0.057425610828501644,-0.6986456566216345,-0.17466141415540862,-0.5221267457478723,-0.1566380237243617,-0.9113593850638114,-0.2734078155191434,-0.6621328642274154,-0.23208702498391026,-0.4300458392435051,-0.19795881425959483,False,False,-0.6621328642274154,-0.5885460573966113,-0.0015625122118235746,0.002507594626977916,0.029720797885227856
2022-12-30,-0.40039110117508026,-0.06005866517626204,-0.6880534926432877,-0.17201337316082194,-0.5347463981477896,-0.16042391944433687,-0.9277436194308452,-0.2783230858292535,-0.6708190436106745,-0.23207203833708398,-0.4387470052735904,-0.20667496693650642,False,False,-0.6708190436106745,-0.589188959206532,-0.003918716144773238,0.014624735360211139,0.03436885066247242
2022-12-31,-0.41678130346453474,-0.06251719551968021,-0.6955872412104053,-0.17389681030260132,-0.5236040959795886,-0.15708122879387657,-0.9071209250424092,-0.27213627751272274,-0.6656315121288808,-0.23641400582228153,-0.4292175063065993,-0.19280350048431774,False,False,-0.6656315121288808,-0.5907988110645406,0.004494511074571994,0.01749746106973582,0.0543004642615339
2023-01-01,-0.44962088180953735,-0.0674431322714306,-0.6502515043942182,-0.16256287609855455,-0.4994952954498591,-0.14984858863495773,-0.9004052440057034,-0.27012157320171104,-0.6499761702066539,-0.23000600836998514,-0.4199701618366688,-0.18996415346668366,False,False,-0.6499761702066539,-0.588959651789142,0.003377315058600505,0.020094182075315548,0.07982968992131423
2023-01-02,-0.7660708617964139,-0.11491062926946208,-0.6488345884907968,-0.1622086471226992,-0.5113888091807395,-0.15341664275422184,-0.8935610356534165,-0.26806831069602494,-0.698604229842408,-0.2771192763921613,-0.4214849534502468,-0.1443656770580855,False,False,-0.698604229842408,-0.580473035249548,0.0001385484322735664,0.016235956976813348,0.13037647387642326
2023-01-03,-0.7760854367105393,-0.11641281550658089,-0.7509394801913837,-0.18773487004784592,-0.48739927880933825,-0.14621978364280147,-0.8773174162609793,-0.2631952248782938,-0.7135626940755221,-0.30414768555442684,-0.40941500852109525,-0.10526732296666841,False,False,-0.7135626940755221,-0.5804149104462852,0.01050543382440261,0.027145134265417203,0.19519009689850408
2023-01-04,-0.4561185927354248,-0.06841778891031372,-0.7445845289371188,-0.1861461322342797,-0.3296295596284687,-0.09888886788854061,-0.8137803826710628,-0.24413411480131883,-0.5975869038344529,-0.2545639211445934,-0.3430229826898594,-0.088459061545266,False,False,-0.5975869038344529,-0.5760069870542728,-0.0010984928511914571,0.019459524900358183,0.24358886100949761
2023-01-05,0.2787742792834351,0.041816141892515264,-0.7115516432946108,-0.1778879108236527,-0.405612014083899,-0.1216836042251697,-0.8346786942008585,-0.25040360826025754,-0.5081589814165647,-0.13607176893113745,-0.37208721248542725,-0.2360154435542898,False,False,-0.5081589814165647,-0.5759171075837743,0.007058047689350921,0.03617011796088976,0.2400003564670552
2023-01-06,0.24443022037016804,0.0366645330555252,-0.6636825677897721,-0.16592064194744302,-0.3905444531391964,-0.11716333594175891,-0.7901599113385122,-0.23704797340155365,-0.4834674182352304,-0.12925610889191783,-0.3542113093433126,-0.22495520045139475,False,False,-0.4834674182352304,-0.5729239103048627,-0.00041768309769840695,0.05855881632857729,0.24984292637745442
2023-01-07,0.2869797864752186,0.04304696797128279,-0.3885570729362965,-0.09713926823407412,-0.6478170820732769,-0.19434512462198308,-0.7885620206929541,-0.23656860620788622,-0.4850060310926606,-0.05409230026279133,-0.4309137308298693,-0.37682143056707795,False,False,-0.4850060310926606,-0.5731022927689595,0.010874921873017529,0.11231694383178992,0.24736463448966206
2023-01-08,0.7987931339141089,0.11981897008711632,0.4303041089080477,0.10757602722701193,-0.6529726744995396,-0.19589180234986187,-0.787025329584912,-0.23610759887547358,-0.20460440391120718,0.22739499731412827,-0.4319994012253354,-0.6593943985394637,False,False,-0.20460440391120718,-0.5684598135550516,0.0029443309514396443,0.16360391246293293,0.20724399996964005
2023-01-09,0.5567234902884286,0.08350852354326428,-0.19601163343633296,-0.04900290835908324,-0.6631355961085124,-0.1989406788325537,-0.8051084169928495,-0.24153252509785483,-0.4059675887462275,0.03450561518418104,-0.44047320393040856,-0.4749788191145896,False,False,-0.4059675887462275,-0.5671892164273117,0.015275120995956515,0.2198511374260257,0.2266428613840985
2023-01-10,0.8398483985108555,0.12597725977662833,0.17770416512940443,0.04442604128235111,-0.683606168908462,-0.20508185067253862,-0.8232232509665051,-0.2469669752899515,-0.2816455249035107,0.17040330105897944,-0.45204882596249013,-0.6224521270214696,False,False,-0.2816455249035107,-0.5605779793398842,0.02881771676071887,0.1967150325733087,0.2996761590444399
2023-01-11,0.9262654837772394,0.1389398225665859,0.4893787047029495,0.12234467617573737,-0.3926672672564244,-0.11780018017692732,-0.7689175158254622,-0.23067525474763864,-0.08719093618224269,0.2612844987423233,-0.34847543492456595,-0.6097599336668893,False,False,-0.08719093618224269,-0.5091162222932911,0.05034536644957499,0.18070239187304882,0.26975532874182284
2023-01-12,0.9591632679233668,0.143874490188505,0.8107056843925616,0.2026764210981404,-0.24159256981074712,-0.07247777094322413,-0.7412560140705585,-0.22237680422116754,0.05169633612225369,0.3465509112866454,-0.2948545751643917,-0.641405486451037,False,False,0.05169633612225369,-0.4766829465507221,0.05748457813655716,0.12141116019742548,0.20487811607598605
2023-01-13,0.9737815181731864,0.14606722772597794,0.868256848520718,0.2170642121301795,0.039534257897419156,0.011860277369225746,-0.6204616608883473,-0.1861384982665042,0.18885321895887902,0.3631314398561575,-0.17427822089727846,-0.537409660753436,False,False,0.18885321895887902,-0.43815429408618933,0.0514254634092004,0.0375042461092594,0.1498463874328213
2023-01-14,0.986461061324444,0.1479691591986666,0.9033973642603046,0.22584934106507615,0.1891180271241085,0.056735408137232546,-0.625974980787615,-0.1877924942362845,0.2427614141646908,0.37381850026374275,-0.13105708609905195,-0.5048755863627947,False,False,0.2427614141646908,-0.3843741186424745,-0.003980926674976515,0.005567666209176814,0.08007522815644252
2023-01-15,0.9823365409182204,0.14735048113773305,0.9171790652733606,0.22929476631834014,0.12475781689120172,0.037427345067360514,-0.584773611784296,-0.1754320835352888,0.2386405089881449,0.3766452474560732,-0.1380047384679283,-0.5146499859240015,False,False,0.2386405089881449,-0.3436849864029604,0.0150516254222266,0.08603646120307595,0.10490094147521734
2023-01-16,0.9922576439499587,0.1488386465924938,0.9299288786108229,0.2324822196527057,0.2890981955826143,0.08672945867478428,-0.5758730903781691,-0.17276192711345073,0.29528839780653304,0.3813208662451995,-0.08603246843866645,-0.467353334683866,False,False,0.29528839780653304,-0.3338063786593143,-0.0023997375582056613,0.07542369481229039,0.08609601310320891
2023-01-17,0.9941229949752141,0.1491184492462821,0.9270139158987729,0.23175347897469323,0.2619938132446022,0.07859814397338065,-0.6162850651586179,-0.18488551954758536,0.2745845526467706,0.3808719282209753,-0.10628737557420471,-0.48715930379518,False,False,0.2745845526467706,-0.3354050685134825,-0.02163918199406567,0.0744302882306489,0.09176093847070299
2023-01-18,0.983836797908285,0.14757551968624275,0.8979809581453176,0.2244952395363294,0.3027721094755691,0.09083163284267072,-0.5944137621613982,-0.17832412864841946,0.2845782634168234,0.37207075922257216,-0.08749249580574874,-0.4595632550283209,False,False,0.2845782634168234,-0.34978635918825296,0.019060358931726196,0.10828113884338841,0.11341474561442944
2023-01-19,0.9900678316184501,0.1485101747427675,0.9460798504843696,0.2365199626210924,0.4250009709805886,0.12750029129417656,-0.593992032644755,-0.1781976097934265,0.3343328188646101,0.38503013736385994,-0.05069731849924994,-0.4357274558631099,False,False,0.3343328188646101,-0.3373930538120766,0.07572375886205074,0.07409502557709224,0.12674458832959434
2023-01-20,0.994504426656833,0.14917566399852494,0.9814445023263,0.245361125581575,0.4816388819843398,0.14449166459530194,-0.4810543723362772,-0.14431631170088316,0.39471214247451875,0.39453678958009997,0.00017535289441877877,-0.3943614366856812,False,False,0.39471214247451875,-0.2872179651986225,0.0051325240292035,0.01737002480675831,0.007011890744383686
2023-01-21,0.9945896591271021,0.1491884488690653,0.9762906534532613,0.24407266336331532,0.5094659928350017,0.1528397978505005,-0.4552666281359674,-0.13657998844079022,0.40952092164209086,0.3932611122323806,0.01625980940971028,-0.3770013028226703,False,False,0.40952092164209086,-0.28355959427741995,-0.003321255906125198,0.00992382662052238,0.014992395829447114
2023-01-22,0.993523731353353,0.14902855970300294,0.9674387771451611,0.24185969428629028,0.54939583951378,0.164818751854134,-0.429342598644955,-0.1288027795934865,0.42690422624994073,0.3908882539892932,0.03601597226064751,-0.3548722817286457,False,False,0.42690422624994073,-0.28593907620631276,0.009184917306239049,0.016130083477629675,0.045128827525951376
2023-01-23,0.9948031852037911,0.14922047778056866,0.9711959311099364,0.2427989827774841,0.584159336069951,0.1752478008209853,-0.4371317365724713,-0.1311395209717414,0.4361277404072966,0.39201946055805276,0.0441082798492439,-0.3479111807088089,False,False,0.4361277404072966,-0.279380485669651,-0.012373644259909389,0.004632043793868501,0.024981618008024675
2023-01-24,0.9904604307350453,0.1485690646102568,0.967528326436732,0.241882081609183,0.5024123689074464,0.15072371067223392,-0.48006643243804575,-0.14401992973141373,0.3971549271602599,0.39045114621943977,0.006703780940820192,-0.3837473652786196,False,False,0.3971549271602599,-0.2882971751867235,0.01891274158978362,0.04901760225936669,0.03530304790948047
2023-01-25,0.9937392015827059,0.14906088023740588,0.9755068085900833,0.24387670214752083,0.5659456197253194,0.16978368591759582,-0.5645347271104173,-0.1693604181331252,0.39336085016939737,0.3929375823849267,0.0004232677844706323,-0.39251431460045605,False,False,0.39336085016939737,-0.27483692357231093,-0.002224107083232396,-0.01018128489124892,0.011530319232433861
2023-01-26,0.992138906606579,0.14882083599098683,0.9753612417184246,0.24384031042960616,0.5198296956782574,0.15594890870347722,-0.5704243897200018,-0.17112731691600053,0.3774827382080697,0.392661146420593,-0.015178408212523309,-0.40783955463311633,False,False,0.3774827382080697,-0.2764497639070923,0.0028036063130034705,0.005018763866464715,-0.0033351224377599076
2023-01-27,0.9927441170384286,0.1489116175557643,0.9806387089787221,0.24515967724468052,0.5040556672514129,0.15121670017542388,-0.47535704819863905,-0.1426071144595917,0.40268088051627693,0.3940712948004448,0.008609585715832174,-0.38546170908461264,False,False,0.40268088051627693,-0.27442121389740715,-0.0022345342148967218,0.028538416999795535,-0.013506017120449854
2023-01-28,0.9901957914367909,0.14852936871551864,0.9760920567148712,0.2440230141787178,0.5203308281103335,0.15609924843310005,-0.5119951648518353,-0.15359854945555057,0.39505308187178595,0.39255238289423644,0.0025006989775494814,-0.390051683916687,False,False,0.39505308187178595,-0.27604254452055665,0.03126058742279336,0.020255748699104403,0.00946287560918413
2023-01-29,0.9939299570144233,0.1490894935521635,0.9739577308995686,0.24348943272489215,0.6028033166423158,0.18084099499269474,-0.42372107184220437,-0.1271163215526613,0.4463035997170891,0.39257892627705565,0.05372467344003343,-0.3388542528370222,False,False,0.4463035997170891,-0.2534112091931585,-0.03858724723383988,-0.013073712319362385,-0.03282327322963652
2023-01-30,0.9735923043526148,0.1460388456528922,0.9563755806473772,0.2390938951618443,0.5401447995208701,0.16204343985626105,-0.49391968877793746,-0.14817590663338123,0.3990002740376163,0.3851327408147365,0.013867533222879813,-0.37126520759185666,False,False,0.3990002740376163,-0.2822200154460357,0.01309813525276926,0.02193492989400303,-0.04511492301592701
2023-01-31,0.9673910904741138,0.14510866357111707,0.9594716119493913,0.23986790298734784,0.5012035871157433,0.150361076134723,-0.47657279322914203,-0.1429718379687426,0.3923658047244454,0.3849765665584649,0.0073892381659803885,-0.37758732839248454,False,False,0.3923658047244454,-0.27281843612661727,0.026271419879585478,-0.008312169488344567,-0.06486190564117922
2023-02-01,0.9597674532862912,0.14396511799294368,0.9747027557524176,0.2436756889381044,0.4781001574169525,0.14343004722508573,-0.510738217897962,-0.1532214653693886,0.3778493887867451,0.3876408069310481,-0.009791418144302871,-0.3974322250753509,False,False,0.3778493887867451,-0.253714343933406,-0.010269392474337113,-0.0408778451298758,-0.07879900525267713
2023-02-02,0.9020139591965611,0.13530209387948416,0.9655156209643366,0.24137890524108416,0.47423571231648787,0.14227071369494634,-0.5142702692294604,-0.15428108076883812,0.36467063204667655,0.3766809991205683,-0.012010367073891776,-0.3886913661944601,False,False,0.36467063204667655,-0.26137824423352196,-0.002428376929737852,-0.010578595713557126,-0.0726043831692702
2023-02-03,0.7989158534851732,0.11983737802277598,0.96824145681408,0.24206036420352,0.49364997527364957,0.14809499258209485,-0.47280157596022643,-0.1418404727880679,0.3681522620203229,0.361897742226296,0.0062545197940269415,-0.3556432224322691,False,False,0.3681522620203229,-0.2631718962650278,-0.004483631288969336,-0.020011181338261186,-0.0707552524549866
2023-02-04,0.7969185618055732,0.11953778427083597,0.9629411076948784,0.2407352769237196,0.5377767862783054,0.1613330358834916,-0.4749116212979415,-0.14247348638938245,0.3791326106886647,0.3602730611945556,0.018859549494109146,-0.3414135117004464,False,False,0.3791326106886647,-0.2664755618055259,-0.016887413811729313,-0.06561068708834983,-0.04831344494153511
2023-02-05,0.6425841485270941,0.09638762227906411,0.9616494459031606,0.24041236147579015,0.5094183449587271,0.15282550348761811,-0.44793510634345984,-0.13438053190303795,0.3552449553394344,0.33679998375485426,0.018444971584580167,-0.31835501217027407,False,False,0.3552449553394344,-0.2788628925343323,-0.007429933663019583,-0.05702372703682179,0.06066129418377342
2023-02-06,0.6112144823247437,0.09168217234871155,0.9448196562844128,0.2362049140711032,0.4875614258008325,0.14626842774024976,-0.4224160664255184,-0.1267248199276555,0.347430694232409,0.32788708641981473,0.01954360781259426,-0.30834347860722044,False,False,0.347430694232409,-0.284220893404744,0.020996796488262248,-0.03953736229556315,0.03317734591776311
2023-02-07,0.8160779295729507,0.12241168943594259,0.9598204627721103,0.23995511569302758,0.576038929824399,0.1728116789473197,-0.267530281079782,-0.0802590843239346,0.4549193997523553,0.3623668051289702,0.0925525946233851,-0.2698142105055851,False,False,0.4549193997523553,-0.25922334738996144,-0.011938662143520351,-0.062688948497577,0.057206699006818296
2023-02-08,0.6847496646865651,0.10271244970298475,0.9524433103375124,0.2381108275843781,0.5567563349325818,0.16702690047977453,0.04550421742061286,0.013651265226183857,0.5215014429933212,0.34082327728736284,0.18067816570595838,-0.16014511158140446,False,False,0.5215014429933212,-0.26806722956928064,-0.05080564386186481,-0.05178025519313678,0.07267996341941396
2023-02-09,-0.4101162758463179,-0.06151744137694768,0.8961140346929211,0.22402850867323026,0.40409027845487067,0.1212270835364612,-0.033474753397265807,-0.010042426019179741,0.273695724813564,0.1625110672962826,0.11118465751728146,-0.05132640977900113,True,False,0.273695724813564,-0.3052535452346118,-0.007852690932197315,0.01851181505160282,0.11356993258045489
2023-02-10,-0.5235865576458326,-0.07853798364687489,0.876064669052031,0.21901616726300774,0.3492657159493375,0.10477971478480123,-0.09361524229802695,-0.028084572689408085,0.217173325711526,0.14047818361613285,0.07669514209539315,-0.0637830415207397,True,False,0.217173325711526,-0.31070917442012425,0.01097608853378862,0.12480167804306008,0.14876216116482688
2023-02-11,-0.3951839835467265,-0.05927759753200897,0.8479467071089127,0.21198667677722818,0.4095135940593829,0.12285407821781487,0.15229828134617004,0.04568948440385101,0.32125264186688507,0.1527090792452192,0.16854356262166587,0.015834483376446662,True,False,0.32125264186688507,-0.30314345729303127,-0.0036139425638820333,0.07570800295482472,0.11844958616446855
2023-02-12,-0.5102925364549193,-0.0765438804682379,0.8385509745904162,0.20963774364760404,0.41507852963040337,0.124523558889121,0.13725596067417006,0.04117678820225102,0.29879421027073816,0.13309386317936614,0.16570034709137202,0.03260648391200588,True,False,0.29879421027073816,-0.30566185681363967,-0.0004393225343538587,0.12791447120165045,0.11011387497165281
2023-02-13,-0.4074630363931869,-0.061119455458978025,0.8827599507956673,0.22068998769891682,0.38585657082321717,0.11575697124696514,0.3007099030164039,0.09021297090492116,0.3655404743918251,0.15957053223993878,0.2059699421518863,0.04639940991194752,True,False,0.3655404743918251,-0.3004421157944349,0.01955867487646934,0.13125672534682464,0.09948713991982161
2023-02-14,-0.4009141231785196,-0.06013711847677794,0.950614815296359,0.23765370382408976,0.3984546848151683,0.11953640544455049,0.17225889920968337,0.05167766976290501,0.3487306605547673,0.17751658534731182,0.17121407520745552,-0.006302510139856304,True,False,0.3487306605547673,-0.26502204784211236,0.09568582476270104,0.09333040238127843,0.044389959567276094
2023-02-15,0.40493518496311803,0.060740277744467705,0.9687314682195469,0.24218286705488673,0.6240084484602237,0.18720253453806712,0.35836119953130213,0.10750835985939064,0.5976340391968122,0.30292314479935445,0.2947108943974578,-0.008212250401896659,False,False,0.5976340391968122,-0.19215853374617609,-0.033149496074872276,0.021301962461021118,-0.047976385511458775
2023-02-16,0.1407550961137792,0.02111326441706688,0.95198295817353,0.2379957395433825,0.5745380427868266,0.17236141283604797,0.27518919057254476,0.08255675717176343,0.5140271739682608,0.2591090039604494,0.2549181700078114,-0.004190833952637973,False,False,0.5140271739682608,-0.1916053551712712,0.04474285772600406,0.039733443548098935,0.0015788095104456445
2023-02-17,0.43132251546572314,0.06469837731985847,0.9738779458467238,0.24346948646168096,0.663739174085182,0.1991217522255546,0.43036814409906626,0.12911044322971987,0.6364000592368139,0.30816786378153943,0.3282321954552745,0.02006433167373506,False,False,0.6364000592368139,-0.1356119853507689,0.002522591602675872,-0.015781867051526843,-0.04386981343485563
2023-02-18,0.2605439153515208,0.03908158730272812,0.9668324808087012,0.2417081202021753,0.6568974309142178,0.19706922927426535,0.33340762444236116,0.10002228733270835,0.5778812241118771,0.2807897075049034,0.2970915166069737,0.016301809102070297,False,False,0.5778812241118771,-0.07309931727861219,-0.014622878010064233,-0.028083444469479635,-0.060505968873759475
2023-02-19,0.43352442027746874,0.0650286630416203,0.9621902379527678,0.24054755948819195,0.6252440516065251,0.18757321548195752,0.2911924150574767,0.087357724517243,0.5805071625290128,0.30557622252981226,0.2749309399992005,-0.030645282530611773,False,False,0.5805071625290128,-0.014622878010064233,0.02350220997570851,-0.044762720132367706,-0.026483040372844657
2023-02-20,0.490418594456276,0.0735627891684414,0.9700590684363837,0.24251476710909592,0.6331037425949283,0.18993112277847848,0.3140856575208073,0.09422569725624219,0.600234376312258,0.3160775562775373,0.28415682003472065,-0.03192073624281666,False,False,0.600234376312258,0.0,-0.01570070283630276,-0.06783336419479757,-0.05542504287059924
2023-02-21,0.2214338095410344,0.03321507143115516,0.9647209483373892,0.2411802370843473,0.6263429072174233,0.18790287216522697,0.3252924681341669,0.09758774044025006,0.5598859211209796,0.2743953085155025,0.28549061260547703,0.011095304089974556,False,False,0.5598859211209796,-0.01570070283630276,-0.011039924489288477,-0.03669655359690105,-0.08579282975409941
2023-02-22,0.21572427430950258,0.032358641146425386,0.958269597571238,0.2395673993928095,0.5261832332368706,0.15785496997106116,0.3314524465338468,0.09943573396015404,0.5292167444704501,0.27192604053923486,0.2572907039312152,-0.014635336608019633,False,False,0.5292167444704501,-0.02656729275184977,-0.01000777017485166,-0.028538334585631264,-0.07590869486287644
2023-02-23,0.15976972859409364,0.023965459289114043,0.9532549261288362,0.23831373153220906,0.42087704684126365,0.12626311405237908,0.3564071259669781,0.10692213779009342,0.49546444266379563,0.2622791908213231,0.23318525184247252,-0.029093938978850598,False,False,0.49546444266379563,-0.03630918356667279,-0.031533153440656325,-0.03335937043132475,-0.0630721547856743
2023-02-24,-0.044342591312900914,-0.006651388696935137,0.9269722523072081,0.23174306307680204,0.39672668160441504,0.1190180044813245,0.3072993803969413,0.09218981411908239,0.4362994929802738,0.2250916743798669,0.21120781860040688,-0.013883855779460025,True,False,0.4362994929802738,-0.06669739395061625,-0.0012171510470647684,0.01913627131685658,-0.03343887438975324
2023-02-25,0.07137510408893945,0.010706265613340918,0.9357218641622134,0.23393046604055334,0.35441439732391833,0.1063243191971755,0.3231306642336957,0.0969391992701087,0.44790025012117846,0.24463673165389427,0.2032635184672842,-0.04137321318661008,False,False,0.44790025012117846,-0.06783336419479757,0.017177475388725716,0.013311269517257474,-0.041417588667305494
2023-02-26,0.2451221649961109,0.03676832474941663,0.9511599173541884,0.2377899793385471,0.37196024254920135,0.1115880727647604,0.4220043033031808,0.12660129099095424,0.5127476678436784,0.2745583040879637,0.23818936375571464,-0.03636894033224908,False,False,0.5127476678436784,-0.05182109475006247,-0.002664419429544207,-0.05096657376294045,-0.07851504042691848
2023-02-27,0.07942136295878703,0.011913204443818054,0.9469070484367932,0.2367267621091983,0.38862646835700204,0.11658794050710061,0.4196540205068783,0.12589620615206348,0.49112411321218047,0.24863996655301634,0.2424841466591641,-0.006155819893852249,False,False,0.49112411321218047,-0.05434744104789435,-0.014920766947512987,-0.04876194497807562,-0.13323080236794593
2023-02-28,0.057048965585691114,0.008557344837853666,0.9380781727884193,0.23451954319710483,0.36562053382675086,0.10968616014802525,0.38497600826193495,0.11549280247858049,0.4682558506615643,0.2430768880349585,0.22517896262660575,-0.01789792540835275,False,False,0.4682558506615643,-0.06845730249333803,0.021061665219775483,-0.030738191056181474,-0.1292427436859297
2023-03-01,0.5684787634177019,0.08527181451265528,0.9514554970191751,0.23786387425479377,0.4212916823317141,0.12638750469951424,0.3360226685463737,0.1008068005639121,0.5503299940308753,0.323135688767449,0.22719430526342632,-0.0959413835040227,False,False,0.5503299940308753,-0.04883746206052597,-0.00692582029601807,-0.051587944798271,-0.13429446988167493
2023-03-02,0.5738248115580826,0.08607372173371239,0.9450979519123442,0.23627448797808606,0.4457143882314203,0.13371431646942608,0.32808644203688037,0.09842593261106411,0.5544884587922887,0.32234820971179845,0.2321402490804902,-0.09020796063130826,False,False,0.5544884587922887,-0.05542504287059924,-0.04734561471993559,-0.0540099176145904,-0.06256935767336647
2023-03-03,0.16294886740860942,0.024442330111291412,0.8975301809939037,0.22438254524847592,0.3041157803280942,0.09123473409842826,0.1850997656841827,0.05552992970525481,0.3955895391634504,0.24882487535976733,0.14676466380368308,-0.10206021155608425,False,False,0.3955895391634504,-0.10014652486494757,-0.0003475835117475734,-0.02902792030540835,0.07869344386817057
2023-03-04,0.18650801470220169,0.02797620220533025,0.8970413117845378,0.22426032794613446,0.17141768312190037,0.05142530493657011,0.07398693380317385,0.022196080140952156,0.32585791522898694,0.2522365301514647,0.07362138507752226,-0.17861514507394244,False,False,0.32585791522898694,-0.10045929909589335,0.00374419877412957,-0.08879886264424464,0.10399090330193861
2023-03-05,0.2161276712065203,0.032419150680978046,0.890430262538219,0.22260756563455475,0.16114769648680055,0.048344308946040165,0.08550908351530134,0.025652725054590403,0.3290237503161634,0.2550267163155328,0.07399703400063057,-0.18102968231490224,False,False,0.3290237503161634,-0.09709123990628843,-0.0009023532516817534,-0.10162842662405769,0.08271957856893186
2023-03-06,0.07024156963147841,0.010536235444721763,0.8906409583389673,0.22266023958474182,0.2153434451662377,0.0646030335498713,0.08378808716502341,0.02513642614950702,0.3229359347288419,0.23319647502946358,0.08973945969937833,-0.14345701533008526,False,False,0.3229359347288419,-0.09790598256193095,-0.009461847389558242,-0.08720526550647034,0.11551896474788026
2023-03-07,-0.7508076141619257,-0.11262114212428884,0.8715277457549718,0.21788193643874296,0.2323991523030465,0.06971974569091395,0.1395927133702984,0.041877814011089524,0.2168583540164576,0.10526079431445412,0.11159755970200347,0.006336765387549348,True,False,0.2168583540164576,-0.10644145848596342,-0.022187624448372745,-0.009048128746965922,0.23412827124654711
2023-03-08,-0.708138942867785,-0.10622084143016775,0.839502407239375,0.20987560180984374,0.48071172894465725,0.14421351868339716,0.18788323103814533,0.056364969311443594,0.30423324837451676,0.103654760379676,0.20057848799484074,0.09692372761516474,True,False,0.30423324837451676,-0.12626739982771262,-0.06188402538718396,0.11094177312231412,0.2396657243529734
2023-03-09,-0.9625925494107753,-0.1443888824116163,0.6685732124998244,0.1671433031249561,0.7290674826085708,0.21872024478257124,0.11693161171194377,0.03507948351358313,0.27655414900949415,0.0227544207133398,0.2537997282961544,0.23104530758281458,True,False,0.27655414900949415,-0.18033749023838463,-0.010388356475865668,0.211577617764664,0.3737632733562448
2023-03-10,-0.9724450124581047,-0.1458667518687157,0.6316718444143157,0.15791796110357892,0.49961432504489,0.149884297513467,-0.009449195338132316,-0.0028347586014396946,0.1591007481468905,0.01205120923486322,0.1470495389120273,0.13499832967716408,True,False,0.1591007481468905,-0.18885243657969109,0.015137943167206735,0.20520240249837607,0.3754868939971783
2023-03-11,-0.9426196639764204,-0.14139294959646306,0.6313096337609461,0.15782740844023652,0.6286033118896394,0.1885809935668918,-0.014703938171056639,-0.004411181451316992,0.20060427095934827,0.016434458843773453,0.18416981211557482,0.16773535327180136,True,False,0.20060427095934827,-0.1765733308644163,0.07535199183798391,0.2220918050834655,0.37396563212361533
2023-03-12,-0.7561337420804561,-0.11342006131206842,0.7204573658324169,0.18011434145810423,0.7845174084716733,0.23535522254150198,0.1213870045534779,0.03641610136604337,0.33846560405358117,0.06669428014603582,0.2717713239075453,0.2050770437615095,True,False,0.33846560405358117,-0.11452649121253355,0.09621127502658289,0.24539678166813728,0.23884319349223615
2023-03-13,-0.08874617336546511,-0.013311926004819766,0.7782084310431328,0.1945521077607832,0.8968802343420561,0.2690640703026168,0.27560983187409066,0.0826829495622272,0.5329872016208075,0.18124018175596343,0.351747019864844,0.1705068381088806,True,False,0.5329872016208075,-0.029333955929829125,0.023096210086640312,0.11586921506145109,0.1734270623734111
2023-03-14,0.1257954919438105,0.018869323791571576,0.7263823909834076,0.1815955977458519,0.9003035820962053,0.27009107462886156,0.3578647547353436,0.10735942642060309,0.5779154225868881,0.20046492153742348,0.37745050104946465,0.17698557951204116,False,False,0.5779154225868881,-0.006915249052016348,-0.01559560623435119,0.1338631988686041,0.11285017152126775
2023-03-15,0.0901101295262913,0.013516519428943694,0.5705396169368079,0.14263490423420197,0.874283869067175,0.2622851607201525,0.17456336378107934,0.0523690091343238,0.47080559351762197,0.15615142366314566,0.3146541698544763,0.15850274619133065,False,False,0.47080559351762197,-0.022403007785139817,0.02936383034267953,0.14129119818032532,0.13082988067855683
2023-03-16,0.44593237928001994,0.06688985689200298,0.657330677623313,0.16433266940582825,0.9065528595994703,0.27196585787984107,0.14645777449708858,0.04393733234912657,0.5471257165267989,0.23122252629783124,0.3159031902289676,0.08468066393113638,False,False,0.5471257165267989,0.0,0.09585867790348179,0.12427366455483035,0.11877659629789927
2023-03-17,0.7330740532185789,0.10996110798278683,0.7810545455379406,0.19526363638448516,0.9413684682632335,0.28241054047897,0.34577319554240704,0.10373195866272211,0.6913672435089642,0.305224744367272,0.38614249914169213,0.08091775477442015,False,False,0.6913672435089642,0.0,-0.017800244057976755,-0.005262249166183897,-0.009863796959532656
2023-03-18,0.6254665013697356,0.09381997520546033,0.7534727200217115,0.18836818000542788,0.9328417658747135,0.27985252976241404,0.3165985931944749,0.09497957795834247,0.6570202629316446,0.2821881552108882,0.3748321077207565,0.09264395250986829,False,False,0.6570202629316446,-0.017800244057976755,0.039594179910500626,0.05158117683960861,0.013140579072964398
2023-03-19,0.7396863287231643,0.11095294930847464,0.8404302122039046,0.21010755305097614,0.9471387987252663,0.2841416396175799,0.4267750588099739,0.12803251764299217,0.7332346596200228,0.3210605023594508,0.41217415726057205,0.09111365490112128,False,False,0.7332346596200228,0.0,-0.009146719660871439,-0.018532242133181054,0.013431943164930793
2023-03-20,0.7553754406092026,0.11330631609138038,0.8037409049366178,0.20093522623415444,0.953450005036386,0.28603500151091577,0.4288759427599332,0.12866278282797994,0.7289393266644305,0.3142415423255348,0.4146977843388957,0.1004562420133609,False,False,0.7289393266644305,-0.009146719660871439,0.014015220256441863,-0.009166212372835214,0.011239307558787992
2023-03-21,0.7394650804287007,0.11091976206430511,0.7191393599392932,0.1797848399848233,0.9668624250813709,0.29005872752441125,0.4432026006178954,0.1329607801853686,0.7137241097589083,0.2907046020491284,0.42301950770977986,0.13231490566065146,False,False,0.7137241097589083,0.0,-0.030403334297558482,-0.004889439671352247,0.012804980667464383
2023-03-22,0.665277561205283,0.09979163418079245,0.6330208362213123,0.15825520905532808,0.9494146388106944,0.28482439164320833,0.4914581577483518,0.14743744732450553,0.6903086822038345,0.25804684323612054,0.43226183896771386,0.17421499573159333,False,False,0.6903086822038345,-0.030403334297558482,0.038326709104299805,-0.0046258903811498,0.0440997146156632
2023-03-23,0.8660234997283965,0.12990352495925947,0.7202051003261238,0.18005127508153096,0.953475345788299,0.28604260373648965,0.5539634930160368,0.166189047904811,0.7621864516820912,0.30995480004079046,0.45223165164130064,0.14227685160051018,False,False,0.7621864516820912,0.0,-0.029720014659621374,-0.03655504550031263,-0.00436607916266285
2023-03-24,0.808176874320555,0.12122653114808324,0.6284507760040093,0.15711269400100233,0.9415098831400182,0.28245296494200545,0.37583632086220764,0.11275089625866229,0.6735430863497534,0.2783392251490856,0.39520386120066775,0.11686463605158215,False,False,0.6735430863497534,-0.029720014659621374,0.0003088750210802349,0.03256773851398331,0.012585564390789505
2023-03-25,0.8012528974401678,0.12018793461602517,0.6598868082374612,0.1649717020593653,0.9435084902363136,0.28305254707089406,0.3031341975780207,0.0909402592734062,0.6591524430196908,0.28515963667539046,0.37399280634430027,0.0888331696689098,False,False,0.6591524430196908,-0.029420319408695605,0.018392051837111456,0.020594291581931268,0.025580645924782264
2023-03-26,0.8359700627007975,0.12539550940511962,0.6587623353962231,0.16469058384905577,0.9512280013112889,0.2853684003933867,0.34476536558081433,0.10342960967424429,0.6788841033218064,0.2900860932541754,0.388798010067631,0.09871191681345559,False,False,0.6788841033218064,-0.0115693676112133,-0.030146542215134797,0.01778136123183427,0.007221096930247084
2023-03-27,0.7899073883548365,0.11848610825322548,0.5836962170520786,0.14592405426301966,0.9392805745764392,0.28178417237293174,0.2942573221728334,0.08827719665185002,0.634471531541027,0.26441016251624516,0.37006136902478176,0.1056512065085366,False,False,0.634471531541027,-0.041367133397254174,0.005019740157663266,0.04895205182247597,0.03350831394463616
2023-03-28,0.8448391220482806,0.12672586830724208,0.5895557668044227,0.14738894170110567,0.9466179687486671,0.2839853906246001,0.3340694236095513,0.10022082708286538,0.6583210277158132,0.27411481000834775,0.3842062177074655,0.11009140769911774,False,False,0.6583210277158132,-0.03655504550031263,0.03989315166279228,0.033410280667633296,0.023669650530958597
2023-03-29,0.9619279625426483,0.14428919438139726,0.6837135711798713,0.17092839279496783,0.9538091218248719,0.28614273654746153,0.40919047791148183,0.12275714337344454,0.7241174670972711,0.31521758717636505,0.40889987992090604,0.09368229274454098,False,False,0.7241174670972711,0.0,-0.011290504645732002,-0.019351925668286918,-0.014470555865192525
2023-03-30,0.9613813875378959,0.14420720813068438,0.5848693042840889,0.14621732607102222,0.9352153245836868,0.28056459737510603,0.41060169092963283,0.12318050727888985,0.6941696388557025,0.2904245342017066,0.4037451046539959,0.11332057045228927,False,False,0.6941696388557025,-0.011290504645732002,0.015585191231934026,0.0048857360696406005,0.010533195997078693
2023-03-31,0.9615825306873339,0.14423737960310007,0.7180470175309712,0.1795117543827428,0.945855269189136,0.28375658075674076,0.4514179070070631,0.1354253721021189,0.7429310868447025,0.3237491339858429,0.4191819528588597,0.0954328188730168,False,False,0.7429310868447025,0.0,-0.00044369718141634706,-0.010375769004853708,0.041172147480305954
2023-04-01,0.9259918121480181,0.1388987718222027,0.6905753991060594,0.17264384977651484,0.9431383924848803,0.28294151774546406,0.4656740887852117,0.1397022266355635,0.7341863659797451,0.31154262159871754,0.4226437443810276,0.11110112278231005,False,False,0.7341863659797451,-0.00044369718141634706,-0.0098711090289052,-0.01472301603396231,0.06142433432573946
2023-04-02,0.8169671867782858,0.12254507801674287,0.6071028202163516,0.1517757050540879,0.9440931386653507,0.2832279415996052,0.3947271730800322,0.11841815192400965,0.6759668765944457,0.2743207830708308,0.4016460935236148,0.127325310452784,False,False,0.6759668765944457,-0.01031042642706792,-0.013200046713263913,-0.009425714373948124,0.06091892373491725
2023-04-03,0.7050773801038683,0.10576160701558025,0.599024701404172,0.149756175351043,0.9330027771269758,0.2799008331380927,0.3988656514596977,0.1196596954379093,0.6550783109426254,0.25551778236662326,0.399560528576002,0.14404274620937874,False,False,0.6550783109426254,-0.02337437502986084,0.013146402877697971,0.004977697841726636,0.09258417266187058
2023-04-04,0.8016794945457887,0.1202519241818683,0.6379652650999593,0.15949131627498983,0.941984939259427,0.28259548177782806,0.40529643135976323,0.12158892940792897,0.6839276516426152,0.2797432404568581,0.40418441118575704,0.12444117072889893,False,False,0.6839276516426152,-0.010535261103319926,0.00016119028015504355,0.005620002080561681,0.08171211060919625
2023-04-05,0.7167961293952081,0.10751941940928121,0.6493382973636076,0.1623345743409019,0.9391653449766916,0.2817496034930075,0.3551330678039894,0.10653992034119682,0.6581435175843874,0.2698539937501831,0.3882895238342043,0.11843553008402119,False,False,0.6581435175843874,-0.010375769004853708,-0.004834574073633635,0.05208837341555794,0.07543767290107461
2023-04-06,0.23217851371249462,0.03482677705687419,0.6786502280820881,0.16966255702052202,0.94346430722972,0.283039292168916,0.39988664530245654,0.11996599359073695,0.6074946198370492,0.20448933407739622,0.40300528575965294,0.19851595168225672,False,False,0.6074946198370492,-0.015160180654662403,-0.004547721288072681,0.07728522192123655,0.08100323109729612
2023-04-07,0.3638452950872424,0.054576794263086356,0.6852444183296102,0.17131110458240256,0.932431787125079,0.2797295361375237,0.3263989522331842,0.09791968566995526,0.6035371206529679,0.22588789884548893,0.37764922180747895,0.15176132296199002,False,False,0.6035371206529679,-0.01963895766644086,0.0011484849494720617,0.07101399574935141,0.05460911556625314
2023-04-08,-0.014131348298577729,-0.002119702244786659,0.6411296889866335,0.16028242224665837,0.9355194615137414,0.2806558384541224,0.3302973513116296,0.09908920539348887,0.5379077638494829,0.1581627200018717,0.37974504384761126,0.22158232384573956,True,False,0.5379077638494829,-0.018513027764272105,0.013793927922807203,0.08717255617541175,0.08739339933095613
2023-04-09,0.24180846580648943,0.03627126987097341,0.6999371912173005,0.17498429780432512,0.9411407278493965,0.28234221835481893,0.3190829740533844,0.09572489221601532,0.5893226782461327,0.21125556767529852,0.37806711057083425,0.16681154289553574,False,False,0.5893226782461327,-0.004974467212078171,0.046377317135860574,0.07566686061455119,0.01671176425728782
2023-04-10,0.4954967209469695,0.07432450814204543,0.8583299269651521,0.21458248174128802,0.9558408044413509,0.28675224133240523,0.40174318123311015,0.12052295436993304,0.6961821855856718,0.28890698988333346,0.4072751957023383,0.11836820581900481,False,False,0.6961821855856718,0.0,0.01899900598366777,0.0221932872518249,-0.04702480047129731
2023-04-11,0.8056356508102492,0.12084534762153738,0.8850754898228392,0.2212688724557098,0.9589647309232695,0.28768941927698083,0.4456827890411035,0.13370483671233105,0.763508476066559,0.3421142200772472,0.4213942559893119,0.07928003591206473,False,False,0.763508476066559,0.0,-0.010342571394702404,0.003451276505426204,-0.09726950817240287
2023-04-12,0.5588974653467104,0.08383461980200656,0.8634950675895477,0.21587376689738694,0.9459731836979618,0.28379195510938854,0.442635375655955,0.1327906126967865,0.7162909545055686,0.2997083866993935,0.41658256780617503,0.11687418110678155,False,False,0.7162909545055686,-0.010342571394702404,0.01625297317625396,-0.015317148280233561,-0.06929922206418815
2023-04-13,0.8502699776750525,0.12754049665125788,0.8829543787793506,0.22073859469483764,0.9508590197743633,0.285257705932309,0.48770175691906525,0.14631052707571957,0.7798473243541241,0.3482790913460955,0.43156823300802855,0.08328914166193302,False,False,0.7798473243541241,0.0,0.003064808400913499,0.0002031353296125804,-0.09163279980404193
2023-04-14,0.8600006896261548,0.1290001034439232,0.8862155398888756,0.2215538849722189,0.9602636190602721,0.2880790857180816,0.5287504633943026,0.15862513901829078,0.7972582131525144,0.3505539884161421,0.4467042247363724,0.09615023632023029,False,False,0.7972582131525144,0.0,-0.005640213831849872,-0.05480795078467049,-0.09702323141845925
2023-04-15,0.7626160836350222,0.11439241254525333,0.8617906436085759,0.21544766090214398,0.9707308111053836,0.2912192433316151,0.5301202209840911,0.15903606629522732,0.7800953830742396,0.3298400734473973,0.4502553096268424,0.1204152361794451,False,False,0.7800953830742396,-0.005640213831849872,0.0003155626868909245,-0.06771526343047662,-0.06582914921196803
2023-04-16,0.9151490619657898,0.13727235929486847,0.7565496638062893,0.18913741595157232,0.9689893917946686,0.29069681753840054,0.6924891861276177,0.2077467558382853,0.8248533486231266,0.32640977524644077,0.4984435733766859,0.1720337981302451,False,False,0.8248533486231266,-0.0053264309859903936,-0.028852997807267244,-0.10037436499019137,-0.06234554763047917
2023-04-17,0.747212604295454,0.1120818906443181,0.7662883335087096,0.1915720833771774,0.9616352339848111,0.28849057019544333,0.6360048290227367,0.190801448706821,0.7829459929237599,0.3036539740214955,0.47929201890226436,0.17563804488076884,False,False,0.7829459929237599,-0.03402574529169822,0.03227085582293321,-0.05482178722791198,0.0014440914065687593
2023-04-18,0.7212208444263358,0.10818312666395037,0.7466475501448933,0.18666188753622331,0.972599619948783,0.2917798859846349,0.6539938638707854,0.19619815916123562,0.7828230593460441,0.29484501420017367,0.4879780451458705,0.19313303094569684,False,False,0.7828230593460441,-0.00285292938934123,-0.05210366948529643,-0.09181728379944576,-0.035164899550724216
2023-04-19,0.279534615852826,0.0419301923779239,0.5965301505789102,0.14913253764472756,0.9493000730233528,0.28479002190700586,0.5837051837345392,0.17511155512036175,0.6509643070500191,0.19106273002265145,0.4599015770273676,0.26883884700471616,False,False,0.6509643070500191,-0.05480795078467049,-0.019218949130294316,-0.044663177889440187,0.01504839028929994
2023-04-20,-0.08199431595378037,-0.012299147393067056,0.5823153096517438,0.14557882741293596,0.9433353070914434,0.283000592127433,0.54428333962217,0.163285001886651,0.5795652740339529,0.1332796800198689,0.44628559401408396,0.31300591399421507,True,False,0.5795652740339529,-0.07297354869689854,-0.03472674388756414,0.0020231096193303877,0.03503654803823153
2023-04-21,-0.3981374007988214,-0.0597206101198232,0.3840670036654,0.09601675091635,0.9264664730354618,0.27793994191063853,0.4974541909668116,0.14923625729004347,0.46347233999720877,0.036296140796526793,0.427176199200682,0.3908800584041552,True,False,0.46347233999720877,-0.10516615884829883,0.020321067064179577,0.04227182494560355,0.029542776908054957
2023-04-22,-0.12207404428988139,-0.01831110664348221,0.5088627773823311,0.12721569434558277,0.9363326285020988,0.28089978855062964,0.5158183990093792,0.15474551970281375,0.5445498959555439,0.10890458770210057,0.4356453082534434,0.32674072055134284,True,False,0.5445498959555439,-0.08698218035095762,-0.0081335593354388,0.059529385965700676,0.030665226292696746
2023-04-23,-0.0733920093703729,-0.011008801405555933,0.5185476689470918,0.12963691723677295,0.9311307823275775,0.27933923469827326,0.6048455736161632,0.18145367208484894,0.5794210226143393,0.11862811583121702,0.46079290678312224,0.3421647909519052,True,False,0.5794210226143393,-0.0944082649613861,-0.002887577653258644,0.06237994099439681,0.052030764100817084
2023-04-24,-0.22679595691286472,-0.034019393536929704,0.5415170053105176,0.1353792513276294,0.9298911753060382,0.27896735259181143,0.6152167952108882,0.18456503856326648,0.5648922489457776,0.1013598577906997,0.46353239115507794,0.36217253336437827,True,False,0.5648922489457776,-0.09702323141845925,0.02871077059190652,0.06250315783581284,0.04824373439938223
2023-04-25,0.04364186994041739,0.006546280491062608,0.7035406992969007,0.17588517482422517,0.9390421594134218,0.28171264782402655,0.6838439148296721,0.20515317444890163,0.669297277588216,0.18243145531528776,0.4868658222729282,0.3044343669576404,False,False,0.669297277588216,-0.07109807256589351,0.004045823455811615,0.03294678346434843,0.042571956471886496
2023-04-26,0.12683403238952154,0.01902510485842823,0.7150803782298667,0.17877009455746667,0.9456579056788297,0.2836973717036489,0.6439684637551598,0.19319053912654793,0.6746831102460917,0.1977951994158949,0.4768879108301968,0.2790927114143019,False,False,0.6746831102460917,-0.06733989935973195,0.03721517535101704,-0.012212791071286033,0.01523510757764579
2023-04-27,0.4534765170954057,0.06802147756431086,0.7506626175297882,0.18766565438244706,0.9591590244304256,0.28774770732912763,0.7163734270005064,0.21491202810015192,0.7583468673760374,0.2556871319467579,0.5026597354292796,0.24697260348252165,False,False,0.7583468673760374,-0.03263079017150727,-0.005465044513970008,-0.027242434287649275,-0.03537740090259589
2023-04-28,0.4041355187661421,0.06062032781492131,0.7450967633495404,0.1862741908373851,0.9560986439680762,0.28682959319042284,0.6966479833577396,0.20899439500732186,0.7427185068500511,0.24689451865230644,0.4958239881977447,0.24892946954543826,False,False,0.7427185068500511,-0.03791750596466392,-0.002771930662499922,-0.009741502539941438,-0.05604963205818836
2023-04-29,0.27548904077355546,0.04132335611603332,0.7691149737220251,0.19227874343050627,0.9557330422822514,0.2867199126846754,0.6885802006396367,0.20657406019189098,0.7268960724231059,0.2336020995465396,0.4932939728765664,0.2596918733300268,False,False,0.7268960724231059,-0.040584331929734985,9.442208382015593e-05,-0.013420593935433822,-0.05481201965758309
2023-04-30,-0.13450026849108895,-0.020175040273663344,0.730704178303953,0.18267604457598824,0.9569330697064604,0.2870799209119381,0.6993458567492765,0.20980375702478296,0.659384682239046,0.1625010043023249,0.49688367793672106,0.33438267363439617,True,False,0.659384682239046,-0.04049374190310617,-0.039850225137779915,0.009318169301284485,-0.05591106826790482
2023-05-01,-0.5954308749275985,-0.08931463123913977,0.6465496491394347,0.16163741228485867,0.9398630420463867,0.281958912613916,0.6550063942326829,0.19650191826980487,0.5507836119294398,0.0723227810457189,0.4784608308837208,0.40613804983800195,True,False,0.5507836119294398,-0.07873028230937618,0.02143346256590184,0.027787258633060974,-0.03917734836430897
2023-05-02,-0.36341728458269806,-0.05451259268740471,0.7982160507774527,0.19955401269436318,0.946096268136757,0.28382888044102705,0.670742597974557,0.2012227793923671,0.6300930798403526,0.14504142000695847,0.48505165983339416,0.3400102398264357,True,False,0.6300930798403526,-0.05898428230215513,0.012427685381093623,-0.008362789354395272,-0.0653944595474133
2023-05-03,-0.39491870052563616,-0.05923780507884542,0.8174194026752659,0.20435485066881648,0.9501358926111514,0.2850407677833454,0.6978274578743646,0.20934823736230937,0.6395060507356258,0.14511704558997107,0.49438900514565476,0.3492719595556837,True,False,0.6395060507356258,-0.047289635023942345,-0.006476915995777599,-0.04676367800632253,-0.07754659934348884
2023-05-04,-0.46674909924446534,-0.0700123648866698,0.8014921758092352,0.2003730439523088,0.9442923352508363,0.2832877005752509,0.7500694747712349,0.22502084243137044,0.6386692220722603,0.13036067906563897,0.5083085430066213,0.37794786394098234,True,False,0.6386692220722603,-0.05346026002619886,0.023144680520532646,-0.041954479758764096,-0.06659717540924948
2023-05-05,-0.23247282299854607,-0.03487092344978191,0.8347035548209676,0.2086758887052419,0.9519763189920337,0.2855928956976101,0.746751889783031,0.2240255669349093,0.6834234278879794,0.17380496525546,0.5096184626325194,0.33581349737705946,True,False,0.6834234278879794,-0.03155290014451739,-0.02228084760830229,-0.06462703194409469,-0.0794245568893509
2023-05-06,-0.4086879965382102,-0.06130319948073153,0.8145986826220775,0.20364967065551937,0.9411368109167779,0.28234104327503334,0.7210378606169834,0.216311358185095,0.6409988726349162,0.14234647117478783,0.49865240146012835,0.3563059302853405,True,False,0.6409988726349162,-0.05313072239309968,-0.01449310528906489,-0.06515415173217054,-0.06289335209822455
2023-05-07,-0.3024464300083759,-0.045366964501256386,0.8270591599982997,0.20676478999957493,0.9351806342047654,0.2805541902614296,0.5819869982398806,0.1745960994719642,0.6165481152317123,0.16139782549831855,0.4551502897333938,0.29375246423507523,True,False,0.6165481152317123,-0.06685379852843731,-0.02677830890499855,-0.057512636255236504,-0.03603539910165632
2023-05-08,-0.7006904635175321,-0.10510356952762981,0.8831684922796094,0.22079212306990234,0.9163387355457626,0.27490162066372875,0.5154256747571168,0.15462770242713503,0.5452178766331364,0.11568855354227253,0.4295293230908638,0.31384076954859125,True,False,0.5452178766331364,-0.09184187576496872,-0.0014644659199046783,-0.032293063773298436,-0.030630540764522096
2023-05-09,-0.41220284371779803,-0.0618304265576697,0.8924190193721291,0.22310475484303227,0.9139631049071169,0.274188931472135,0.4987734626332886,0.14963203878998657,0.5850952985474841,0.16127432828536256,0.4238209702621216,0.26254664197675903,True,False,0.5850952985474841,-0.09317184238779552,-0.0010684708090662465,-0.02572184215660267,-0.027074080280813928
2023-05-10,-0.24397059485886388,-0.03659558922882958,0.8767236456267146,0.21918091140667864,0.9049547079189718,0.27148641237569154,0.4512031225529124,0.1353609367658737,0.5894326713194143,0.18258532217784906,0.4068473491415653,0.22426202696371622,True,False,0.5894326713194143,-0.09414076180304354,-0.02283183115177323,-0.015819919380406722,-0.017983423162280854
2023-05-11,-0.12167360423669028,-0.018251040635503542,0.7474385792452836,0.1868596448113209,0.8692524173605675,0.2607757252081702,0.6017876429218157,0.1805362928765447,0.6099206222605322,0.16860860417581736,0.44131201808471493,0.2727034139088976,True,False,0.6099206222605322,-0.11482318697683036,-0.0064374817843849685,0.002418366234534952,-0.00818877643720739
2023-05-12,-0.4089524835133695,-0.06134287252700542,0.5027175412325211,0.12567938530813028,0.8214519376245346,0.24643558128736037,0.5876351031681762,0.17629053095045286,0.48706262501893804,0.06433651278112486,0.4227261122378132,0.35838959945668836,True,False,0.48706262501893804,-0.12052149658662692,-0.0007363311303112408,0.02278782504652921,0.0020250039093101524
2023-05-13,-0.3356124487172339,-0.05034186730758508,0.40703151264368564,0.10175787816092141,0.7572841930769519,0.22718525792308558,0.6272677587990684,0.1881803276397205,0.46678159641614236,0.05141601085333633,0.4153655855628061,0.36394957470946976,True,False,0.46678159641614236,-0.12116908398712967,0.005316097534741049,0.0017180025755099138,0.016594784442963917
2023-05-14,-0.2477648768429171,-0.03716473152643756,0.49688895199227373,0.12422223799806843,0.6913573409276501,0.20740720227829504,0.6275100189651298,0.18825300568953893,0.4827177144394649,0.08705750647163088,0.39566020796783397,0.30860270149620306,True,False,0.4827177144394649,-0.11649713312105947,0.009084012628159499,-0.0013879384581549914,-0.02186708928946912
2023-05-15,-0.46631956340966685,-0.06994793451145002,0.4170904719160726,0.10427261797901816,0.7137386984065665,0.21412160952196993,0.6181287092434167,0.185438612773025,0.4338849057625631,0.03432468346756813,0.39956022229499494,0.3652355388274268,True,False,0.4338849057625631,-0.108471381921316,-0.0047234864410535815,-0.002198280400587005,-0.02534225948323654
2023-05-16,-0.5476138840520087,-0.0821420826078013,-0.08132313631078177,-0.02033078407769544,0.6796741413810043,0.2039022424143013,0.66315500788367,0.198946502365101,0.30037587809390554,-0.10247286668549674,0.4028487447794023,0.5053216114648991,True,True,0.30037587809390554,-0.11268250526062196,0.013752023389943968,-0.010581552602220046,-0.012129982274068474
2023-05-17,-0.7646651329885416,-0.11469976994828122,0.11243485532596163,0.028108713831490408,0.7076762347494239,0.21230287042482715,0.672942696078484,0.2018828088235452,0.32759462313158155,-0.08659105611679081,0.41418567924837235,0.5007767353651632,True,False,0.32759462313158155,-0.10048009431865956,-0.021321546938747327,-0.02030022320247571,-0.020117778805142428
2023-05-18,-0.8317562138254648,-0.12476343207381972,-0.25828362440513114,-0.06457090610128279,0.7082659108757478,0.21247977326272433,0.6906238997695194,0.2071871699308558,0.23033260501847763,-0.1893343381751025,0.4196669431935801,0.6090012813686826,True,True,0.23033260501847763,-0.1196592502099818,0.0021990001968585915,0.014851267351893682,0.04637064301181759
2023-05-19,-0.8085011671569556,-0.12127517507354334,-0.1905935520588306,-0.04764838801470765,0.679604958697081,0.2038814876091243,0.7208934230990441,0.21626802692971323,0.25122595145058657,-0.168923563088251,0.42014951453883753,0.5890730776270885,True,True,0.25122595145058657,-0.1177233807278909,0.008265173030320483,-0.02050761413766089,0.031850138354316604
2023-05-20,-0.762113758623872,-0.1143170637935808,-0.22542127015428043,-0.05635531753857011,0.555787631664099,0.16673628949922967,0.6721473533568832,0.20164420600706498,0.19770811417414375,-0.1706723813321509,0.36838049550629465,0.5390528768384455,True,True,0.19770811417414375,-0.11043121180900073,-0.013085542514084558,-0.023194968126474258,0.021841952917136975
2023-05-21,-0.6242323742273341,-0.09363485613410012,-0.11892597407948151,-0.029731493519870377,0.5093683753971102,0.15281051261913306,0.6619302166247847,0.1985790649874354,0.22802322795259797,-0.1233663496539705,0.35138957760656847,0.47475592726053895,True,True,0.22802322795259797,-0.12207170200607675,0.0037943335858154903,-0.0015649896926025475,0.017293771670022773
2023-05-22,-0.7887934386401244,-0.11831901579601865,-0.33366720880613365,-0.08341680220153341,0.5276285562078848,0.15828856686236545,0.6929714357086288,0.20789143071258864,0.164444179577402,-0.20173581799755208,0.3661799975749541,0.5679158155725061,True,True,0.164444179577402,-0.11874054917906074,0.013793298663241194,0.0001862248023876134,-0.0011672570613652233
2023-05-23,-0.7778631676304257,-0.11667947514456385,-0.057631150855203005,-0.014407787713800751,0.5388072151799727,0.1616421645539918,0.7169979293589194,0.2150993788076758,0.24565428050330299,-0.1310872628583646,0.3767415433616676,0.5078288062200322,True,True,0.24565428050330299,-0.1065850743740836,-0.03271905806144915,0.031058123169288576,0.0008442442782978787
2023-05-24,-0.868016236816736,-0.1302024355225104,-0.26958612857627895,-0.06739653214406974,0.48257011818859513,0.14477103545657855,0.6438049637476962,0.19314148912430887,0.14031355691430727,-0.19759896766658014,0.3379125245808874,0.5355114922474675,True,True,0.14031355691430727,-0.1358167691986033,0.005498877473934849,0.05345396579666328,0.028113856160941975
2023-05-25,-0.9367136240943167,-0.1405070436141475,-0.3474192674878414,-0.08685481687196035,0.4470983100057905,0.13412949300173713,0.6623715048926315,0.19871145146778946,0.10547908398341874,-0.22736186048610785,0.3328409444695266,0.5602028049556345,True,True,0.10547908398341874,-0.13106473149739728,0.008768294981564617,0.046106356513366586,0.024228491651554274
2023-05-26,-0.8456054781175554,-0.1268408217176333,-0.10430304666740603,-0.026075761666851507,0.4770168708985815,0.14310506126957445,0.6507193396477867,0.19521580189433602,0.18540427977942564,-0.15291658338448483,0.33832086316391047,0.4912374465483953,True,True,0.18540427977942564,-0.1234456507432814,0.005554948116372804,0.018888321390912566,-0.03661060918328207
2023-05-27,-0.7271812381285978,-0.10907718571928966,-0.10074700164286918,-0.025186750410717294,0.48431870647633396,0.1452956119429002,0.645662469887304,0.1936987409661912,0.20473041677908443,-0.13426393613000695,0.3389943529090914,0.4732582890390984,True,True,0.20473041677908443,-0.11857643681197938,0.04508519501740316,-0.0013532298587897174,0.013994422488490699
2023-05-28,0.1937281996471835,0.029059229947077523,-0.06686483290576933,-0.016716208226442333,0.5931810643046186,0.17795431929138558,0.7122491102411227,0.2136747330723368,0.4039720740843576,0.01234302172063519,0.39162905236372236,0.3792860306430872,False,False,0.4039720740843576,-0.07883728357271313,-0.011708533760912077,-0.02930375913058969,-0.06148797434526987
2023-05-29,0.05308205615490181,0.007962308423235271,-0.06965317953849058,-0.017413294884622645,0.4915387000230457,0.1474616100069137,0.7048373633671824,0.2114512090101547,0.3494618325556811,-0.009450986461387374,0.3589128190170684,0.36836380547845576,False,False,0.3494618325556811,-0.08962274833729555,-0.0015142556351941394,-0.02405431130211566,-0.0446269162544527
2023-05-30,0.04701972478600566,0.007052958717900849,-0.18182015439698365,-0.04545503859924591,0.588793564949942,0.1766380694849826,0.7191206549341118,0.21573619648023354,0.35397218608387104,-0.038402079881345065,0.39237426596521613,0.4307763458465612,False,False,0.35397218608387104,-0.09100129222077835,-0.017478262753480966,-0.02091361430469707,-0.043929097579293974
2023-05-31,0.12349092141925305,0.018523638212887956,-0.28857319493199524,-0.07214329873299881,0.5137954676265454,0.15413864028796362,0.6597616582681914,0.19792849748045743,0.2984474772483102,-0.05361966052011086,0.352067137768421,0.4056867982885319,False,False,0.2984474772483102,-0.10688901047791821,-0.014421718206491185,-0.054470082156238275,-0.05031688309779181
2023-06-01,0.011688247219788929,0.0017532370829683394,-0.31571420885818796,-0.07892855221454699,0.4033138568588337,0.1209941570576501,0.5868972878763716,0.1760691863629115,0.21988802828898296,-0.07717531513157865,0.2970633434205616,0.3742386585521403,False,False,0.21988802828898296,-0.11976920549592629,0.01583492834831035,0.015368449391880867,-0.03327549889197268
2023-06-02,0.22729290009943656,0.034093935014915484,-0.13331311471518356,-0.03332827867879589,0.4764803366147695,0.14294410098443086,0.6245810832400369,0.18737432497201106,0.33108408229256153,0.0007656563361195939,0.3303184259564419,0.3295527696203223,False,False,0.33108408229256153,-0.10583081393497806,-0.006363932357385971,-0.03315580493631476,-0.04909224857107941
2023-06-03,0.07476513363009023,0.011214770044513534,-0.2577923458105834,-0.06444808645264585,0.4656171300397334,0.13968513901192,0.6297817511218468,0.18893452533655403,0.2753863479403417,-0.05323331640813232,0.328619664348474,0.38185298075660634,False,False,0.2753863479403417,-0.11152124615115466,0.001698977658018963,-0.021079661696938423,-0.041928433844787616
2023-06-04,-0.023228684160327473,-0.003484302624049121,-0.248213212380663,-0.06205330309516575,0.48247806799723797,0.14474342039917137,0.6637593668604349,0.19912781005813046,0.278333624738087,-0.06553760571921487,0.34387123045730184,0.4094088361765167,True,True,0.278333624738087,-0.11001174059874108,-0.05115247125137512,-0.023507101733676317,-0.07326552145456366
2023-06-05,-0.4957731473808471,-0.07436597210712706,-0.492323837396519,-0.12308095934912976,0.37651990264769036,0.11295597079430711,0.5914310875065834,0.177429326251975,0.0929383655900253,-0.1974469314562568,0.29038529704628213,0.48783222850253893,True,True,0.0929383655900253,-0.15553683945182528,0.05837485716062529,0.0043924565263018245,-0.005041549739196682
2023-06-06,-0.05956684803549074,-0.00893502720532361,-0.14377799092633595,-0.03594449773158399,0.5414600601298064,0.16243801803894192,0.6679772669884425,0.20039318009653276,0.3179516731985671,-0.0448795249369076,0.3628311981354747,0.4077107230723823,True,True,0.3179516731985671,-0.10624142307741535,-0.0327116189155523,-0.047907681505159116,-0.032503760547159644
2023-06-07,-0.16225182404956154,-0.02433777360743423,-0.3288248272415825,-0.08220620681039563,0.3981524349618274,0.11944573048854822,0.6431942892256182,0.19295828676768545,0.20586003683840381,-0.10654398041782986,0.3124040172562337,0.41894799767406354,True,True,0.20586003683840381,-0.1354777130482132,0.006046848554291717,-0.016482949079210107,0.006744664065234884
2023-06-08,-0.1281845299806004,-0.019227679497090058,-0.36882882543258577,-0.09220720635814644,0.4483229733876202,0.13449689201628606,0.6567067120631831,0.19701201361895493,0.2200740197800045,-0.1114348858552365,0.331508905635241,0.44294379149047747,True,True,0.2200740197800045,-0.13025007770720576,-0.000784946833060296,-0.021297720899322692,-0.005986729115225242
2023-06-09,-0.20785090878221824,-0.031177636317332735,-0.5923079929879266,-0.14807699824698164,0.5827953486202294,0.1748386045860688,0.6487882161624134,0.19463646484872402,0.19022043487047846,-0.17925463456431437,0.3694750694347928,0.5487297039991071,True,True,0.19022043487047846,-0.130932785154264,-0.024042773930321393,-0.05095625355722411,0.013843289909550638
2023-06-10,-0.2975732208652971,-0.04463598312979456,-0.7357866850794138,-0.18394667126985345,0.5428727657318223,0.16286182971954669,0.5958969044718586,0.1787690713415576,0.11304824666145627,-0.228582654399648,0.3416309010611043,0.5702135554607523,True,True,0.11304824666145627,-0.151827571731054,0.003263779056785765,-0.009392749023749203,0.09545915226105905
2023-06-11,-0.30192117800112034,-0.04528817670016805,-0.6958730459398945,-0.17396826148497363,0.5243824393467408,0.15731473180402222,0.6164851819065926,0.18494555457197778,0.12300384819085833,-0.21925643818514168,0.34226028637600003,0.5615167245611417,True,True,0.12300384819085833,-0.14905932432312674,-0.0007853256729365432,0.016179020310080228,0.1569239611117219
2023-06-12,-0.41794355478285267,-0.0626915332174279,-0.7476480212096703,-0.18691200530241758,0.53142045494097,0.159426136482291,0.6236446326871506,0.18709338980614518,0.0969159877685907,-0.24960353851984549,0.3465195262884362,0.5961230648082817,True,True,0.0969159877685907,-0.14972758988188184,0.0011217829323004747,0.023616889125306573,0.153626744293325
2023-06-13,-0.14108468634364307,-0.02116270295154646,-0.7529490061994577,-0.18823725154986443,0.5352448123250675,0.16057344369752025,0.6104771247124312,0.18314313741372937,0.13431662660983873,-0.20939995450141088,0.3437165811112496,0.5531165356126605,True,True,0.13431662660983873,-0.1487737688044053,-0.03106509731339835,0.015644177101709067,0.18331935567830193
2023-06-14,-0.43994256450441555,-0.06599138467566233,-0.807658024951231,-0.20191450623780774,0.39827231663476476,0.11948169499042942,0.5353281440838771,0.16059844322516312,0.012174247302122493,-0.26790589091347006,0.2800801382155925,0.5479860291290626,True,True,0.012174247302122493,-0.17521719451221374,0.018699410233757652,0.06827877398661286,0.2148480217759845
2023-06-15,-0.36129852408447,-0.0541947786126705,-0.7628187043597545,-0.19070467608993863,0.1803543604219451,0.054106308126583534,0.5840886170702109,0.17522658512106326,-0.015566561454962324,-0.24489945470260913,0.2293328932476468,0.47423234795025593,False,False,-0.015566561454962324,-0.15979424247864815,0.029162266993092212,0.10584608701528886,0.19001784870904492
2023-06-16,-0.16366214774913382,-0.02454932216237007,-0.5752305726611188,-0.1438076431652797,0.38541117633570543,0.11562335290071163,0.6416043962863565,0.19248131888590694,0.1397477064589688,-0.16835696532764977,0.3081046717866186,0.47646163711426837,True,True,0.1397477064589688,-0.1352919378486772,0.006528373505409135,0.13850408047067742,0.14890833175175566
2023-06-17,-0.4884469317745883,-0.07326703976618824,-0.675355721063135,-0.16883893026578375,0.2694398991381393,0.08083196974144179,0.6564659156305571,0.19693977468916712,0.03566577439863694,-0.24210597003197198,0.2777717444306089,0.5198777144625809,True,True,0.03566577439863694,-0.1296468006458149,-0.006675719981792838,0.1270102677566345,0.15746319623758187
2023-06-18,-0.45240510845333864,-0.06786076626800079,-0.5127975278474798,-0.12819938196186995,0.2381284546355555,0.07143853639066665,0.6383343282481888,0.19150029847445663,0.06687868663525255,-0.19606014822987072,0.26293883486512326,0.458998983094994,True,True,0.06687868663525255,-0.13545703488996097,0.019148844892382,0.16509244315768012,0.14189234080372892
2023-06-19,-0.280668601452789,-0.04210029021791835,-0.31157272339428616,-0.07789318084857154,0.3492544457786785,0.10477633373360354,0.6610980159582139,0.19832940478746416,0.18311226745457782,-0.11999347106648989,0.3031057385210677,0.4230992095875576,True,True,0.18311226745457782,-0.11890203574826874,0.05452320506922326,0.13720131051785578,0.13421669736834763
2023-06-20,0.31923385186330944,0.04788507777949642,0.22717509476849376,0.05679377369212344,0.4348568059427597,0.1304570417828279,0.7014477528723847,0.2104343258617154,0.4455702191161632,0.10467885147161986,0.3408913676445433,0.23621251617292344,False,False,0.4455702191161632,-0.0708617507572965,0.0595556236949355,0.07611525933137608,0.07644520151377754
2023-06-21,0.6952292208037963,0.10428438312056945,0.41323829495674835,0.10330957373918709,0.6141335369523978,0.18424006108571933,0.7728009486713263,0.23184028460139788,0.6236743025468738,0.20759395685975654,0.4160803456871172,0.20848638882736067,False,False,0.6236743025468738,-0.015526342824826789,-0.003633073269255882,0.009138527880178327,0.019737686575499236
2023-06-22,0.6109589532931629,0.09164384299397442,0.4353199949203026,0.10882999873007565,0.6305277535838593,0.18915832607515778,0.7319914947799818,0.21959744843399454,0.6092296162332024,0.20047384172405008,0.40875577450915235,0.20828193278510226,False,False,0.6092296162332024,-0.01910300775299656,0.026889146766998273,0.027020985834996347,0.02449763961221918
2023-06-23,0.7416432925680866,0.11124649388521299,0.5592219809396992,0.1398054952349248,0.7004019220023208,0.21012057660069622,0.7244175011137085,0.21732525033411254,0.6784978160549466,0.2510519891201378,0.42744582693480876,0.17639383781467094,False,False,0.6784978160549466,0.0,-0.005248545872232224,-0.01991267087019566,0.015240236570702503
2023-06-24,0.7154255864723192,0.10731383797084788,0.41593390145988973,0.10398347536497243,0.7479915260307088,0.22439745780921264,0.7445226871770103,0.22335680615310308,0.659051577298136,0.2112973133358203,0.4477542639623157,0.2364569506264954,False,False,0.659051577298136,-0.005248545872232224,-0.002121698420076701,-0.002624524894496494,0.007831645179433577
2023-06-25,0.8937494919288216,0.13406242378932323,0.38568517048797174,0.09642129262199294,0.746564091493685,0.2239692274481055,0.7267423614306833,0.218022708429205,0.6724756522886266,0.23048371641131615,0.44199193587731045,0.2115082194659943,False,False,0.6724756522886266,-0.007359108460824104,-0.0063904465335593574,0.00030660487298228567,0.0013836611773234697
2023-06-26,0.7590589756160042,0.11385884634240062,0.15773476950625231,0.03943369237656308,0.7081392674752314,0.2124417802425694,0.7074031787799926,0.21222095363399776,0.5779552725955308,0.1532925387189637,0.42466273387656717,0.27137019515760347,False,False,0.5779552725955308,-0.013702527005229892,0.014023065291087988,0.010503175136505671,-0.012308712934027022
2023-06-27,0.9140175575749333,0.13710263363623998,0.2676239009862191,0.06690597524655477,0.7357841159537553,0.22073523478612658,0.7330709889623147,0.2199212966886944,0.6446651403576158,0.20400860888279476,0.440656531474821,0.23664792259202622,False,False,0.6446651403576158,0.0,-0.020038485047132126,-0.0024569568271535225,-0.01132982584636466
2023-06-28,0.844401217026107,0.12666018255391606,0.16734047416462297,0.04183511854115574,0.7266989498034274,0.2180096849410282,0.7174243759089962,0.21522731277269885,0.6017322988087989,0.1684953010950718,0.43323699771372703,0.2647416966186552,False,False,0.6017322988087989,-0.020038485047132126,0.012298266373334643,0.0358671175476879,0.00688955598238028
2023-06-29,0.8775343376929717,0.13163015065394576,0.2355750635694134,0.05889376589235335,0.7127595155049289,0.21382785465147866,0.731334843433554,0.2194004530300662,0.6237522242278439,0.1905239165462991,0.43322830768154486,0.24270439113524575,False,False,0.6237522242278439,-0.007986657300625088,0.0008109090753829484,0.010483684765583368,-0.009412982624737665
2023-06-30,0.9348873709887469,0.140233105648312,0.46245868138322,0.115614670345805,0.726164479707029,0.2178493439121087,0.7499104682417015,0.22497314047251044,0.6986702603787361,0.255847775994117,0.44282248438461913,0.18697470839050212,False,False,0.6986702603787361,-0.007182224678129123,0.003737857705434555,0.0010767261748489965,-0.0019831320556576992
2023-07-01,0.9355501057783129,0.14033251586674692,0.37733868192501085,0.09433467048125271,0.8085896399619602,0.24257689198858806,0.7508904044333141,0.2252671213299942,0.7025111996665818,0.23466718634799963,0.4678440133185823,0.23317682697058265,False,False,0.7025111996665818,-0.003471213106549964,0.00101778924275564,-0.02257478119002554,0.001183551898096713
2023-07-02,0.9381659200224811,0.14072488800337216,0.3169220178715351,0.07923050446788378,0.8102909898540984,0.24308729695622952,0.7039267980706524,0.2111780394211957,0.6742207288486812,0.21995539247125595,0.4542653363774252,0.23430994390616927,False,False,0.6742207288486812,-0.0024569568271535225,0.017610133967925767,-0.008894722969536861,-0.0077417698581475625
2023-07-03,0.9552937501230994,0.1432940625184649,0.44115180026117695,0.11028795006529424,0.8259853151905386,0.24779559455716157,0.71579051737241,0.21473715521172299,0.7161147623526437,0.2535820125837591,0.4625327497688846,0.20895073718512547,False,False,0.7161147623526437,0.0,-0.012507622880839175,-0.027974207380874416,0.009565672322041863
2023-07-04,0.9776030941210617,0.14664046411815926,0.25225936955749273,0.06306484238937318,0.8116917077738357,0.2435075123321507,0.7229768473769684,0.21689305421309052,0.6701058730527736,0.20970530650753244,0.4604005665452412,0.25069526003770876,False,False,0.6701058730527736,-0.012507622880839175,-0.008506002143239377,-0.019690241109570072,-0.01477255626328755
2023-07-05,0.9571934643711467,0.143579019655672,0.33380232419376415,0.08345058104844104,0.812919498622314,0.2438758495866942,0.7305751266549448,0.21917253799648345,0.6900779882872907,0.22702960070411304,0.4630483875831777,0.23601878687906463,False,False,0.6900779882872907,-0.0209072351570474,-0.019976521735424746,-0.003056567144656963,-0.007057575510222791
2023-07-06,0.8743664478157677,0.13115496717236513,0.3015031817198187,0.07537579542995468,0.8159050338908003,0.24477151016724008,0.8228585861466344,0.24685757584399032,0.6981598486135503,0.2065307626023198,0.4916290860112304,0.2850983234089106,False,False,0.6981598486135503,-0.0404661030549297,0.015028049437656454,0.024307059640888307,0.011257907981253368
2023-07-07,0.8927183219936581,0.1339077482990487,0.5216161690223812,0.1304040422555953,0.8991321023378799,0.269739630701364,0.9354779412722777,0.2806433823816833,0.8146948036376912,0.264311790554644,0.5503830130830473,0.2860712225284033,False,False,0.8146948036376912,-0.026046180214531978,-0.001979587868721766,0.0011633003456945623,-0.006811733185696389
2023-07-08,0.9042047310711585,0.13563070966067378,0.519229990267233,0.12980749756680826,0.9052309083284403,0.2715692724985321,0.9016950092235687,0.2705085027670706,0.8075159824930846,0.265438207227482,0.5420777752656027,0.27663956803812073,False,False,0.8075159824930846,-0.027974207380874416,-0.004091844608965056,0.03862025060236829,-0.014050031319517542
2023-07-09,0.8486529053821699,0.12729793580732549,0.5050141959838879,0.12625354899597196,0.891835556097215,0.2675506668291645,0.9153733674870134,0.274612010246104,0.7957141618785659,0.2535514848032975,0.5421626770752686,0.2886111922719711,False,False,0.7957141618785659,-0.03195158588017799,0.008317443455409412,0.0050164601562761035,-0.00833866311502618
2023-07-10,0.7207648935954774,0.1081147340393216,0.6418608090882195,0.16046520227205488,0.8440686603437797,0.2532205981031339,0.9254722920247331,0.2776416876074199,0.7994422220219304,0.2685799363113765,0.5308622857105538,0.26228234939917733,False,False,0.7994422220219304,-0.02389989793363767,0.006922694224599457,-0.004013275210717482,-0.020109780586796355
2023-07-11,0.36190261100662235,0.05428539165099335,0.6894177090390069,0.17235442725975172,0.7486044101891106,0.22458132305673317,0.9391823435043725,0.28175470305131173,0.73297584501879,0.22663981891074508,0.506336026108045,0.2796962071972999,False,False,0.73297584501879,-0.01714265539443205,-0.007906054777431892,-0.012739492066187408,-0.023524839903207084
2023-07-12,0.28899428293186347,0.04334914243977952,0.6638347735914544,0.1659586933978636,0.689662559088312,0.2068987677264936,0.9304246714293267,0.279127401428798,0.6953340049929347,0.20930783583764312,0.4860261691552916,0.2767183333176485,False,False,0.6953340049929347,-0.024913179399284946,0.03535977616853181,-0.007965766951942066,-0.019289005924950642
2023-07-13,0.39091915868238275,0.05863787380235741,0.7468487753078787,0.18671219382696969,0.780271594468357,0.2340814783405071,0.9361109061504799,0.28083327184514395,0.7602648178149781,0.2453500676293271,0.514914750185651,0.26956468255632393,False,False,0.7602648178149781,0.0,-0.036313716787853334,-0.05071178025976153,-0.04357061037577459
2023-07-14,-0.09978180650258602,-0.014967270975387902,0.5792662137020297,0.14481655342550742,0.6495156191621159,0.19485468574863476,0.9267795756462962,0.27803387269388885,0.6027378408926432,0.1298492824501195,0.47288855844252364,0.34303927599240414,True,False,0.6027378408926432,-0.036313716787853334,-0.0007419501379155591,-0.013288462229987363,-0.03746072926209776
2023-07-15,-0.08043304099555734,-0.012064956149333601,0.5953342302948779,0.14883355757371947,0.40817269386311095,0.12245180815893328,0.9257896713818077,0.27773690141454227,0.5369573109978614,0.13676860142438588,0.4001887095734755,0.26342010814908967,True,False,0.5369573109978614,-0.037028723958589915,-0.0018993368003190625,-0.01616136538314239,-0.03501574141815389
2023-07-16,-0.016892417220484353,-0.0025338625830726527,0.5323680653375125,0.13309201633437812,0.4655462760948674,0.1396638828284602,0.924843825983662,0.2774531477950986,0.5476751843748643,0.13055815375130547,0.4171170306235588,0.28655887687225334,True,False,0.5476751843748643,-0.03885773074082555,-0.0031089584245033164,-0.01092452068156946,-0.029109231645022438
2023-07-17,-0.2584749405193873,-0.038771241077908095,0.6118349279631496,0.1529587319907874,0.3160283177012885,0.09480849531038654,0.9235754718807969,0.27707264156423905,0.4860686277875049,0.11418749091287932,0.3718811368746256,0.25769364596174626,True,False,0.4860686277875049,-0.041845882095985165,-0.009253102395646695,-0.011414161523657818,-0.03036764217930854
2023-07-18,-0.10905562265366751,-0.016358343398050125,0.5650194767654034,0.14125486919135086,0.31559799042911674,0.09467939712873502,0.9303651228298129,0.27910953684894385,0.4986854597709796,0.12489652579330074,0.37378893397767887,0.24889240818437813,True,False,0.4986854597709796,-0.05071178025976153,0.0016772089474810237,0.007522657224105389,-0.01825203882363624
2023-07-19,-0.26668251718606956,-0.040002377577910433,0.5375687757473547,0.13439219393683868,0.2668675038065007,0.08006025114195021,0.9423323636606058,0.2826997090981817,0.4571497765990602,0.09438981635892825,0.3627599602401319,0.26837014388120367,True,False,0.4571497765990602,-0.049119625563874836,-0.003651383637347849,-0.02449780519111,-0.018599956334520273
2023-07-20,-0.32892178496256375,-0.04933826774438456,0.5791225701016617,0.14478064252541542,0.37732962756090604,0.1131988882682718,0.9322924166544311,0.2796877249963293,0.48832898804563196,0.09544237478103086,0.3928866132646011,0.29744423848357027,True,False,0.48832898804563196,-0.05259165460416615,0.003413422818792089,-0.01916409395973151,-0.017413087248322134
2023-07-21,-0.3334466878479481,-0.05001700317719222,0.5775885261232697,0.14439713153081743,0.24350526113558726,0.07305157834067617,0.9252645867045598,0.27757937601136795,0.44501108270566936,0.09438012835362522,0.3506309543520441,0.25625082599841886,True,False,0.44501108270566936,-0.049357749339278056,-0.0036024683529910506,-0.018385564442446878,-0.0223890130734955
2023-07-22,-0.39488577489811894,-0.05923286623471784,0.5036437763712545,0.12591094409281361,0.355365864507565,0.1066097593522695,0.9238922600666869,0.2771676780200061,0.45045551523037136,0.06667807785809578,0.3837774373722756,0.31709935951417983,True,False,0.45045551523037136,-0.052782407962299493,0.009725112438746075,-0.019172316573806802,-0.0029539504598240507
2023-07-23,-0.5028435559452162,-0.07542653339178243,0.6839537420359777,0.17098843550899442,0.3916928422821543,0.11750785268464628,0.9294715454053925,0.2788414636216177,0.49191121842347596,0.095561902117212,0.396349316306264,0.300787414189052,True,False,0.49191121842347596,-0.04357061037577459,-0.03015747704325422,-0.025582249553330327,-0.029841359537956635
2023-07-24,-0.6470091144396853,-0.09705136716595279,0.535315220735141,0.13382880518378526,0.18845731121118822,0.05653719336335646,0.917701001509901,0.2753103004529703,0.36862493183415923,0.03677743801783247,0.3318474938163267,0.29507005579849427,True,False,0.36862493183415923,-0.07241410773686086,0.001796308673075897,0.006045961647216158,0.0005874590852226191
2023-07-25,-0.5521751631283115,-0.08282627446924672,0.5046163009486013,0.12615407523715033,0.32768930232879157,0.09830679069863747,0.9192680373553221,0.27578041120659663,0.4174150026731377,0.043327800767903615,0.3740872019052341,0.3307594011373305,True,False,0.4174150026731377,-0.07074787715356567,0.0042098730332400525,0.0017852188124702906,-0.003931723762535033
2023-07-26,-0.2699021231500053,-0.04048531847250079,0.4985232488516179,0.12463081221290448,0.3244283647798179,0.09732850943394537,0.9265881766335198,0.2779764529900559,0.459450456164405,0.0841454937404037,0.3753049624240013,0.2911594686835976,True,False,0.459450456164405,-0.06683584370051343,-0.004401068957575638,-0.004078432922366981,-0.009533605251574317
2023-07-27,-0.5274955096370467,-0.079124326445557,0.25242848982104293,0.06310712245526073,0.13959364893768456,0.041878094681305364,0.9191302492188058,0.27573907476564175,0.30159996545665085,-0.01601720399029627,0.3176171694469471,0.3336343734372434,True,False,0.30159996545665085,-0.07094276350112527,0.003126328159059444,0.016535387803624513,-0.00459778296246971
2023-07-28,-0.46656641449340874,-0.0699849621740113,0.34011013893454284,0.08502753473363571,0.20483395819196973,0.06145018745759091,0.9020553807064406,0.27061661421193217,0.3471093742291475,0.015042572559624406,0.33206680166952307,0.3170242291098987,True,False,0.3471093742291475,-0.06803822570128093,0.0013222287947045608,-0.004370928159584508,-0.003516391748145997
2023-07-29,-0.3981420539292707,-0.05972130808939061,0.35611143920007304,0.08902785980001826,0.14164099067521335,0.042492297202564006,0.9083572023805698,0.2725071607141709,0.3443060096273626,0.029306551710627654,0.3149994579167349,0.2856929062061072,True,False,0.3443060096273626,-0.06680595900773911,-0.0024464362976061027,-0.00542569899396661,0.014224148210227883
2023-07-30,-0.5338059187733575,-0.08007088781600362,0.4406174578892102,0.11015436447230255,0.13249136674968243,0.03974741002490473,0.9037782088824535,0.27113346266473604,0.34096434934593967,0.03008347665629893,0.31088087268964076,0.28079739603334186,True,False,0.34096434934593967,-0.06908895878233223,-0.0016679706937139382,-0.005706754769033484,0.010276256792353111
2023-07-31,-0.6279014948332827,-0.09418522422499241,0.5070758460509569,0.12676896151273923,0.17010943825940428,0.05103283147782128,0.9091938582918231,0.2727581574875469,0.356374726253115,0.032583737287746814,0.3237909889653682,0.29120725167762135,True,False,0.356374726253115,-0.07064169111753804,0.01620607377126304,-0.005477511994458117,0.007645665318270156
2023-08-01,-0.331004511348723,-0.049650676702308445,0.5087390104472305,0.12718475261180762,0.29871427066351075,0.08961428119905322,0.9105977132178977,0.2731793139653693,0.44032767107392173,0.07753407590949918,0.36279359516442256,0.2852595192549234,True,False,0.44032767107392173,-0.05558044180385269,-0.01750421379661149,-0.020789409812633886,-0.009424361887956034
2023-08-02,-0.8756068760732083,-0.13134103141098125,0.4501145593334911,0.11252863983337277,0.16359013560585298,0.04907704068175589,0.9056970330820369,0.27170910992461106,0.30197375902875845,-0.018812391577608473,0.32078615060636695,0.33959854218397545,True,False,0.30197375902875845,-0.07211176366421945,0.00026142662186434684,0.0008582879263046017,0.00836565189966021
2023-08-03,-0.7065406724315502,-0.10598110086473252,0.44270348429625794,0.11067587107406449,0.16404247467977895,0.04921274240393368,0.9022027607964791,0.2706608282389437,0.32456834085220937,0.004694770209331969,0.3198735706428774,0.31517880043354546,True,False,0.32456834085220937,-0.07186918897712646,-0.002728333979592712,0.019757042972373462,0.0037747947840693907
2023-08-04,-0.7292103775130495,-0.10938155662695742,0.6910876797060259,0.17277191992650648,0.17360041743504598,0.052080125230513793,0.908550933882709,0.2725652801648127,0.38803576869487555,0.06339036329954906,0.3246454053953265,0.26125504209577743,True,False,0.38803576869487555,-0.07440143980634717,-0.0014377967430778682,0.01607474619590099,0.010886175340446336
2023-08-05,-0.7240656559887323,-0.10860984839830984,0.45180429103891095,0.11295107275972774,0.18763882773603494,0.056291648320810475,0.8965491902849195,0.26896475708547585,0.32959762976770424,0.0043412243614179,0.3252564054062863,0.3209151810448684,True,False,0.32959762976770424,-0.07573226240159114,0.0005603304608226001,0.013195455578934201,0.004398370535629859
2023-08-06,-0.6799754660977686,-0.10199631991466529,0.6438983189113736,0.1609745797278434,0.1850081099891206,0.05550243299673618,0.8998984879783547,0.2699695463935064,0.3844502392034207,0.05897825981317811,0.3254719793902426,0.26649371957706447,True,False,0.3844502392034207,-0.07521436703425899,0.004216110740975276,0.011606336817193919,-0.012304209028885071
2023-08-07,-0.47593941983243127,-0.07139091297486469,0.6357811166520331,0.15894527916300827,0.14240216035302572,0.04272064810590771,0.9021323942630326,0.27063971827890976,0.40091473257296106,0.08755436618814358,0.31336036638481746,0.22580600019667388,True,False,0.40091473257296106,-0.07131536839401242,0.019148911405474367,0.007500926019117227,-0.0885845977516736
2023-08-08,-0.09892027470433208,-0.014838041205649811,0.7141113537980791,0.17852783844951978,0.021215031090728993,0.006364509327218697,0.912394014890342,0.2737182044671026,0.44377251103819126,0.16368979724386998,0.2800827137943213,0.11639291655045134,True,False,0.44377251103819126,-0.05353206865976379,-0.006329437072100319,-0.015672603879958613,-0.12483599492382036
2023-08-09,-0.15448567020474754,-0.023172850530712132,0.7828734837460941,0.19571837093652353,-0.09802532419247202,-0.029407597257741606,0.9057810405475343,0.27173431216426025,0.41487223531233003,0.1725455204058114,0.24232671490651864,0.06978119450070724,True,False,0.41487223531233003,-0.059522677871942764,-0.0042674613844437825,-0.005106485398717275,-0.1177060772449725
2023-08-10,-0.30847003992201727,-0.04627050598830259,0.7585671003834806,0.18964177509587016,-0.06921191878869551,-0.02076357563660865,0.8867952994290222,0.26603858982870665,0.38864628329966555,0.14337126910756756,0.245275014192098,0.10190374508453043,True,False,0.38864628329966555,-0.06353612852706936,-0.0010089710837443144,-0.008682515298371274,-0.11087003386435579
2023-08-11,-0.25824221417108684,-0.03873633212566303,0.7578094238087454,0.18945235595218635,-0.15014810462286104,-0.04504443138685831,0.8852223230714638,0.26556669692143914,0.37123828936110415,0.15071602382652333,0.22052226553458082,0.06980624170805749,True,False,0.37123828936110415,-0.06448099349435676,0.0001406917616817438,-0.023636215962533846,-0.11211536180721626
2023-08-12,-0.44603025061244195,-0.06690453759186629,0.7545065673211153,0.18862664183027883,-0.16375739867403882,-0.04912721960221165,0.9005128083515281,0.27015384250545843,0.3427487271416593,0.12172210423841254,0.2210266229032468,0.09930451866483425,True,False,0.3427487271416593,-0.06434937367724469,-0.004292533818187172,-0.09537015926173709,-0.11465003430153475
2023-08-13,0.1275472553986397,0.019132088309795955,0.8449051183793842,0.21122627959484605,-0.15748234449822626,-0.04724470334946788,0.9208099305802209,0.27624297917406626,0.4593566437292404,0.230358367904642,0.2289982758245984,-0.0013600920800436178,False,False,0.4593566437292404,-0.06836568563274315,0.004336974266853755,-0.11090150642373153,-0.09797760293531488
2023-08-14,0.1988582141478875,0.029828732122183125,0.812140199460369,0.20303504986509224,-0.13871842608695462,-0.041615527826086386,0.9189756598503473,0.2756926979551042,0.46694095211629316,0.23286378198727536,0.23407717012901783,0.0012133881417424608,False,False,0.46694095211629316,-0.06432521158521443,-0.007846507059070196,-0.1131775312570823,-0.11045794339492498
2023-08-15,-0.14777367954923207,-0.02216605193238481,0.6929611111950945,0.17324027779877363,-0.0378139758652607,-0.01134419275957821,0.9164097216712959,0.2749229165013887,0.4146529496081993,0.15107422586638883,0.2635787237418105,0.11250449787542169,True,False,0.4146529496081993,-0.07166699041750502,-0.016078424657534285,-0.10308253424657532,-0.10753390410958907
2023-08-16,-0.4177052153027669,-0.06265578229541503,0.5773782660648958,0.14434456651622396,-0.26486124245505416,-0.07945837273651625,0.9173042853477218,0.27519128560431655,0.2774216970886092,0.08168878422080893,0.1957329128678003,0.11404412864699139,True,False,0.2774216970886092,-0.0865931227691793,-0.07334015302895769,-0.09062108538971292,-0.09443410506809657
2023-08-17,-0.8157762012459512,-0.12236643018689267,0.07410663818666993,0.018526659546667483,-0.3530063117017229,-0.10590189351051688,0.849153385673828,0.2547460157021484,0.045004351551406335,-0.10383977064022518,0.1488441221916315,0.25268389283185666,True,False,0.045004351551406335,-0.15358252292299002,-0.0213875683092436,-0.021312446452201317,-0.01959328275378691
2023-08-18,-0.8840924443117206,-0.1326138666467581,-0.20391076724733523,-0.05097769181183381,-0.36175783866710176,-0.10852735160013052,0.8344954690739597,0.2503486407221879,-0.04177026933653455,-0.1835915584585919,0.14182128912205735,0.32541284758064926,False,False,-0.04177026933653455,-0.1716853345321122,0.001765947647194288,0.014535963767559723,0.002533200276349179
2023-08-19,-0.8717804898696421,-0.1307670734804463,-0.5417501460368415,-0.13543753650921037,-0.20454534661531404,-0.06136360398459421,0.8361279088189525,0.25083837264568576,-0.07672984132856514,-0.26620460998965667,0.18947476866109156,0.45567937865074826,False,False,-0.07672984132856514,-0.17022257419749276,0.003447508257659715,0.0030666654916990943,0.06192832876309251
2023-08-20,-0.8551014740673821,-0.12826522111010732,-0.8120141095613947,-0.2030035273903487,-0.2804662297121807,-0.08413986891365421,0.8410455435417127,0.2523136630625138,-0.16309495435159643,-0.331268748500456,0.16817379414885958,0.4994425426493156,False,False,-0.16309495435159643,-0.16736190967001885,-0.0024081719771562593,-0.0049629648579477825,0.04238260495708479
2023-08-21,-0.9124264718516096,-0.13686397077774143,-0.8085150196475615,-0.20212875491189036,-0.2550721214268508,-0.07652163642805525,0.8362599358855392,0.25087798076566176,-0.1646363813520253,-0.3389927256896318,0.1743563443376065,0.5133490700272383,False,False,-0.1646363813520253,-0.16936704538626446,-0.0027144416563451568,-0.004192993280493829,-0.0071244524804301435
2023-08-22,-0.879911417070525,-0.13198671256057876,-0.8874700117236776,-0.2218675029309194,-0.2542975033448941,-0.07628925100346823,0.8341747099329855,0.25025241297989564,-0.17989105351507073,-0.35385421549149815,0.17396316197642742,0.5278173774679256,False,False,-0.17989105351507073,-0.17162175007940106,0.014458090267116974,0.0017566011667178305,-0.009631178999078949
2023-08-23,-0.8251198668243831,-0.12376798002365746,-0.842000778457589,-0.21050019461439726,-0.31770015709730515,-0.09531004712919154,0.8414980268023106,0.25244940804069316,-0.1771288137265531,-0.3342681746380547,0.1571393609115016,0.4914075355495563,False,False,-0.1771288137265531,-0.15964498256673265,-0.009558985984038038,-0.011830791534128915,-0.021307303977797343
2023-08-24,-0.8489762716776384,-0.12734644075164575,-0.8589619269314,-0.21474048173285,-0.37528571880197414,-0.11258571564059223,0.8440477825926417,0.2532143347777925,-0.20145830334729553,-0.3420869224844958,0.14062861913720026,0.48271554162169605,False,False,-0.20145830334729553,-0.1676779243999933,-0.0045851707693453925,0.058681706108277165,-0.007977066506748454
2023-08-25,-0.8594182238948705,-0.12891273358423058,-0.8549947053155497,-0.21374867632888742,-0.5388223953031301,-0.16164671859093904,0.8480513772492163,0.2544154131747649,-0.24989271532929214,-0.342661409913118,0.09276869458382586,0.43543010449694386,False,False,-0.24989271532929214,-0.17149426325171535,-0.0016362234703670708,0.04758171620041596,-0.008978891412551149
2023-08-26,-0.8665795525169017,-0.12998693287753524,-0.8898713478995283,-0.22246783697488207,-0.5254372199817541,-0.15763116599452623,0.8426889539865368,0.25280668619596103,-0.2572792496509825,-0.3524547698524173,0.0951755202014348,0.44763029005385213,False,False,-0.2572792496509825,-0.17284988378351662,0.003243986613558514,-0.0029438025442233284,-0.008658446261094022
2023-08-27,-0.8698350856694239,-0.13047526285041358,-0.8432622813186718,-0.21081557032966794,-0.5037150995666495,-0.15111452986999485,0.8464887774354665,0.25394663323063993,-0.23845872981943644,-0.3412908331800815,0.10283210336064508,0.4441229365407266,False,False,-0.23845872981943644,-0.17016661987910686,0.0006984200688304742,-0.011367811454932042,-0.013095663627409215
2023-08-28,-0.9245873694419031,-0.13868810541628546,-0.8724373947144587,-0.21810934867861467,-0.5014977589975539,-0.15044932769926617,0.850098669111627,0.25502960073348807,-0.2522171810606783,-0.35679745409490016,0.1045802730342219,0.46137772712912206,False,False,-0.2522171810606783,-0.16958704759264487,0.061115620214395205,-0.009589969372128748,0.005168453292496267
2023-08-29,-0.5546457735765804,-0.08319686603648706,-0.623201237706811,-0.15580030942670275,-0.06028051435725519,-0.018084154307176557,0.8832037289042891,0.26496111867128674,0.007879788900920337,-0.23899717546318983,0.2468769643641102,0.4858741398273,True,True,0.007879788900920337,-0.11883584497220245,-0.015021824670934159,-0.06296394112642578,-0.06515434577581314
2023-08-30,-0.6197305089770788,-0.09295957634656182,-0.7022074370797421,-0.17555185926993552,-0.23062143988074746,-0.06918643196422423,0.8712867074270702,0.261386012228121,-0.0763118553526006,-0.2685114356164974,0.19219958026389677,0.46071101588039415,False,False,-0.0763118553526006,-0.13207253841534183,-0.04978793032524931,-0.053991594868716075,-0.05122272938561523
2023-08-31,-0.7992852940848009,-0.11989279411272012,-0.8305045504996048,-0.2076261376249012,-0.48141050678566605,-0.1444231520356998,0.8296896386676311,0.24890689160028934,-0.2230351921730318,-0.3275189317376213,0.10448373956458953,0.4320026713022108,False,False,-0.2230351921730318,-0.17528485040008934,-0.005232302189833948,-0.005731516168750561,-0.0038229382462670047
2023-09-01,-0.8162246098979714,-0.12243369148469571,-0.8781322784520165,-0.21953306961300412,-0.47696084792814375,-0.1430882543784431,0.8161157084076514,0.24483471252229538,-0.24022030295384755,-0.34196676109769986,0.10174645814385228,0.44371321924155216,False,False,-0.24022030295384755,-0.1796000092833301,0.002497960670488908,-0.0017477199230382379,-0.02489938984811113
2023-09-02,-0.7942895881220996,-0.11914343821831494,-0.8511111109202006,-0.21277777773005016,-0.549780705839495,-0.1649342117518485,0.8193257717016831,0.2457977315105049,-0.25105769618970875,-0.3319212159483651,0.08086351975865641,0.4127847357070215,False,False,-0.25105769618970875,-0.17755068237245042,0.003931268895313478,0.014901325923838638,-0.0011368595694313255
2023-09-03,-0.7957143320662888,-0.11935714980994332,-0.8240099088642382,-0.20600247721605955,-0.45910067402666155,-0.13773020220799845,0.8165923516020166,0.24497770548060496,-0.21811212375339636,-0.32535962702600285,0.10724750327260651,0.43260713029860937,False,False,-0.21811212375339636,-0.17431741295208947,-0.005590421085501895,-0.0023375884296495952,0.009656461905317437
2023-09-04,-0.7883984261990288,-0.11825976392985431,-0.7902098726841384,-0.1975524681710346,-0.4256331869063615,-0.12768995607190844,0.8118249175235216,0.24354747525705647,-0.19995471291574093,-0.31581223210088893,0.11585751918514803,0.43166975128603696,False,False,-0.19995471291574093,-0.17893332629665393,-0.0013134040785224288,0.002926893110126949,0.02697705647250337
2023-09-05,-0.735714474048374,-0.1103571711072561,-0.8339331089680985,-0.20848327724202462,-0.3229988095371048,-0.09689964286113144,0.8005211751858713,0.24015635255576137,-0.1755837386546508,-0.3188404483492807,0.14325670969462995,0.46209715804391066,False,False,-0.1755837386546508,-0.18001171861463472,-0.0012465057129895651,0.0019195800264422136,0.031323544806355574
2023-09-06,-0.3612640887492959,-0.05418961331239438,-0.8322572198805414,-0.20806430497013534,-0.3220672917778092,-0.09662018753334276,0.7964328950057173,0.2389298685017152,-0.11994423731415724,-0.2622539182825297,0.14230968096837243,0.40456359925090213,False,False,-0.11994423731415724,-0.181033838691966,0.01921781680476853,-0.02319220340101591,0.031045091314229945
2023-09-07,0.0882883790750282,0.013243256861254231,-0.766443690459573,-0.19161092261489324,-0.23268803131684426,-0.06980640939505328,0.8000391044788975,0.24001173134366924,-0.008162343805023037,-0.178367665753639,0.17020532194861596,0.348572987702255,False,False,-0.008162343805023037,-0.16529509703464362,-0.01312131022662355,-0.015802704246810184,0.010379356313083177
2023-09-08,-0.0827597030255575,-0.012413955453833626,-0.8237775921918264,-0.2059443980479566,-0.1885531068417714,-0.056565932052531416,0.7568153377362636,0.22704460132087909,-0.04787968423344255,-0.21835835350179023,0.17047866926834768,0.3888370227701379,False,False,-0.04787968423344255,-0.1762475190141357,-0.0003431041469674767,0.012022153181142858,0.032882808127978835
2023-09-09,-0.12549526991461563,-0.018824290487192342,-0.8408813134407324,-0.2102203283601831,-0.16035458837556352,-0.04810637651266905,0.6976850885305322,0.20930552655915965,-0.06784546880088485,-0.22904461884737543,0.1611991500464906,0.390243768893866,False,False,-0.06784546880088485,-0.17653015190643673,-0.002316458320544501,0.023979976534277192,0.050523886353010417
2023-09-10,-0.12446694309238707,-0.018670041463858058,-0.8286948200043374,-0.20717370500108434,-0.16769266120052648,-0.05030779836015794,0.6123767272353848,0.18371301817061544,-0.0924385266544849,-0.2258437464649424,0.1334052198104575,0.35924896627539993,False,False,-0.0924385266544849,-0.17843768548777061,-0.026278935406888304,0.029347629656201635,0.049663701294152984
2023-09-11,-0.3636592423179838,-0.05454888634769757,-0.9321141474992187,-0.23302853687480468,-0.30879716548299274,-0.09263914964489782,0.46623230214881817,0.13986969064464544,-0.24034688222275463,-0.28757742322250224,0.04723054099974762,0.33480796422224984,False,False,-0.24034688222275463,-0.20002746848357122,0.026928145511657675,0.05552504280175419,0.05585927005721203
2023-09-12,-0.23524393990438203,-0.035286590985657305,-0.8355746506741284,-0.2088936626685321,-0.23032551234619184,-0.06909765370385755,0.5285929866146619,0.15857789598439856,-0.1547000113736484,-0.2441802536541894,0.08948024228054101,0.3336604959347304,False,False,-0.1547000113736484,-0.17848569174956763,0.01477935456906132,0.026602451228903812,0.02863920805260034
2023-09-13,0.016779904854682497,0.0025169857282023745,-0.7934544867794494,-0.19836362169486235,-0.14202386918862414,-0.04260716075658724,0.5280723624230051,0.15842170872690153,-0.08003208799634567,-0.19584663596665997,0.11581454797031429,0.3116611839369743,False,False,-0.08003208799634567,-0.16634424050437735,0.011468614140797806,0.02061284417664555,0.013498588971093017
2023-09-14,0.18145141382545205,0.027217712073817808,-0.7512304562616572,-0.1878076140654143,-0.15246574406380325,-0.04573972321914097,0.5547807451285415,0.16643422353856244,-0.03989540167217501,-0.16058990199159648,0.12069450031942147,0.2812844023110179,False,False,-0.03989540167217501,-0.1567833642724683,0.0029133501717206745,0.025922293821186493,-0.01034395780524855
2023-09-15,0.2269065116615431,0.034035976749231464,-0.7307029282170062,-0.18267573205425156,-0.03905056385320176,-0.011715169155960528,0.6011107639674698,0.18033322919024092,0.019978304729260293,-0.1486397553050201,0.1686180600342804,0.31725781533930053,False,False,0.019978304729260293,-0.15432677894197377,-0.001516165413533943,0.019736842105263053,-0.011097368421052578
2023-09-16,0.1793601776666217,0.026904026649993255,-0.7031925462134988,-0.1757981365533747,-0.05652743589299493,-0.01695823076789848,0.5644720960604682,0.16934162881814047,0.003489288146860531,-0.14889410990338145,0.15238339805024198,0.3012775079536234,False,False,0.003489288146860531,-0.1556089594308938,-0.0012108584180451354,0.0003166455004901536,-0.012726061731941685
2023-09-17,0.1599853491708868,0.02399780237563302,-0.7140763059358699,-0.17851907648396748,-0.10085716881096024,-0.030257150643288072,0.4164021765179845,0.12492065295539534,-0.0598577717962272,-0.15452127410833447,0.09466350231210727,0.24918477642044173,False,False,-0.0598577717962272,-0.1566313974304887,0.00885872816559119,0.0019839781419364044,-0.005824896494243004
2023-09-18,-0.4389807270197208,-0.06584710905295811,-0.6639266282437852,-0.1659816570609463,0.0026012512582984006,0.0007803753774895201,0.4249180268574857,0.1274754080572457,-0.1035729826791692,-0.2318287661139044,0.1282557834347352,0.3600845495486396,False,False,-0.1035729826791692,-0.14916022423693098,0.016730493514995448,-0.006970571893293975,0.009673233190758301
2023-09-19,-0.04380332722305185,-0.006570499083457778,-0.6016382022063164,-0.1504095505515791,0.06283620144901501,0.018850860434704502,0.4694318190775891,0.14082954572327672,0.0027003565229443416,-0.15698004963503687,0.1596804061579812,0.31666045579301805,True,True,0.0027003565229443416,-0.13492525488622675,-0.0031333768953327734,-0.035349901103480685,-0.01114653075714822
2023-09-20,0.6875307961230702,0.10312961941846054,-0.5994393918101227,-0.14985984795253068,-0.016434412071121927,-0.004930323621336578,0.4421212358752051,0.13263637076256152,0.08097581860715479,-0.04673022853407015,0.12770604714122494,0.17443627567529507,False,False,0.08097581860715479,-0.13763586010530215,-0.020531612903225693,-0.0302374193548387,-0.005988571428571343
2023-09-21,0.46862197987948284,0.07029329698192242,-0.72161300115533,-0.1804032502888325,0.04297035543332815,0.012891106629998445,0.42271099300383547,0.12681329790115065,0.02959445122423901,-0.11010995330691008,0.1397044045311491,0.24981435783805916,False,False,0.02959445122423901,-0.1553415868072433,0.00045392817245337724,-0.013038578625177433,0.05361659555376219
2023-09-22,0.4403960399414718,0.06605940599122077,-0.603822426837444,-0.150955606709361,0.019074508446802682,0.005722352534040805,0.38001427525718773,0.11400428257715631,0.034830434393056886,-0.08489620071814023,0.1197266351111971,0.20462283582933732,False,False,0.034830434393056886,-0.1549581725573953,-0.00015726027026197187,-0.0077934126757797095,0.03440049600942663
2023-09-23,0.3815451079051716,0.05723176618577574,-0.6131631691677643,-0.15329079229194106,-0.023228266797324093,-0.006968480039197228,0.3850007655691127,0.11550022967073381,0.012472723525371265,-0.09605902610616532,0.10853174963153658,0.2045907757377019,False,False,0.012472723525371265,-0.15509106406356155,-0.012326177492741452,0.016760636304389287,0.032002606867258976
2023-09-24,0.2703439827945698,0.040551597419185466,-0.68404351995779,-0.1710108799894475,-0.10811090099028257,-0.032433270297084774,0.3477267250456828,0.10431801751370484,-0.05857453535364199,-0.13045928257026204,0.07188474721662007,0.2023440297868821,False,False,-0.05857453535364199,-0.16550556157311747,0.0021498469619840588,0.02509031033534259,0.05829655011090207
2023-09-25,0.32441231931265485,0.048661847896898223,-0.656919513066434,-0.1642298782666085,-0.30517883323652006,-0.09155364997095601,0.35853755782007496,0.10756126734602249,-0.09956041299464381,-0.11556803036971028,0.01600761737506648,0.13157564774477676,False,False,-0.09956041299464381,-0.16371152623987295,-0.0031606386816709353,0.025004932557961768,0.04202957557952325
2023-09-26,0.2942441045440501,0.04413661568160751,-0.6831336946592188,-0.1707834236648047,-0.26706564763725843,-0.08011969429117753,0.27350395662344096,0.08205118698703229,-0.12471531528734242,-0.1266468079831972,0.0019314926958547557,0.12857830067905196,False,False,-0.12471531528734242,-0.16635473193907468,0.005770799495226742,0.06753574429088616,0.06519111864347327
2023-09-27,0.08033555024569008,0.012050332536853512,-0.664417797067145,-0.16610444926678625,-0.2337625843892579,-0.07012877531677737,0.38904105522732296,0.11671231656819689,-0.10747057547851321,-0.15405411672993274,0.046583541251419516,0.20063765798135225,False,False,-0.10747057547851321,-0.16154393224695052,0.024585759900564774,0.04252532610068083,0.06004931560661109
2023-09-28,0.6137884941101354,0.0920682741165203,-0.5296138866049399,-0.13240347165123498,-0.033814079487786655,-0.010144223846335997,0.4153009161062185,0.12459027483186555,0.07411085345081488,-0.04033519753471468,0.11444605098552955,0.15478124852024422,False,False,0.07411085345081488,-0.1409298526780023,-0.004234793250828317,0.014990716613764166,0.03314633333074268
2023-09-29,0.5684655846620081,0.08526983769930122,-0.542979469771162,-0.1357448674427905,0.01612371936742362,0.004837115810227086,0.34277828927176973,0.10283348678153091,0.05719557284826872,-0.050475029743489275,0.107670602591758,0.15814563233524725,False,False,0.05719557284826872,-0.14456783713986965,0.002066379851161315,0.03239347737537046,0.02538971329351214
2023-09-30,0.6178857802427229,0.09268286703640843,-0.6150821534812685,-0.15377053837031712,-0.050374053680819326,-0.015112216104245797,0.37366161355988264,0.11209848406796478,0.035898596629810306,-0.06108767133390869,0.09698626796371898,0.15807393929762767,False,False,0.035898596629810306,-0.14280018935450012,0.03820149125305594,0.016609327897647574,0.01585754468418421
2023-10-01,0.9418151080196191,0.14127226620294286,-0.2903562023205787,-0.07258905058014467,0.1596879805046512,0.04790639415139535,0.46492714612667385,0.13947814383800214,0.2560677536121957,0.0686832156227982,0.1873845379893975,0.1187013223665993,False,False,0.2560677536121957,-0.11005387828600477,-0.017792578530660186,-0.00219629708883462,-0.03990523199549023
2023-10-02,0.7708494829563192,0.11562742244344787,-0.40210182071973494,-0.10052545517993373,0.06635656591869088,0.019906969775607262,0.43404261623156914,0.13021278486947074,0.16522172190859213,0.015101967263514135,0.150119754645078,0.1350177873815639,False,False,0.16522172190859213,-0.12588831454465743,-0.0024750395624435484,0.016809173904172248,-0.026728245020551267
2023-10-03,0.636704044483928,0.0955056066725892,-0.4005952068254512,-0.1001488017063628,0.30597914984879343,0.09179374495463803,0.46732649450756897,0.14019794835227067,0.2273484982731351,-0.004643195033773598,0.23199169330690872,0.2366348883406823,False,False,0.2273484982731351,-0.1280517755481536,0.012838332034101452,0.017887470712589337,-0.020580855130410525
2023-10-04,0.6482460797030144,0.09723691195545216,-0.31126123809897327,-0.07781530952474332,0.10216206079622225,0.030648618238866675,0.5107242414687371,0.1532172724406211,0.20328749311019662,0.01942160243070884,0.18386589067948778,0.16444428824877894,False,False,0.20328749311019662,-0.11685741472609568,-0.013254101993011136,-0.0067840065201341115,-0.03333828919199222
2023-10-05,0.4500653738643536,0.06750980607965304,-0.39579241324433134,-0.09894810331108284,0.2045839747247658,0.06137519241742974,0.4361801002474516,0.13085403007423546,0.16079092526023542,-0.031438297231429796,0.19222922249166519,0.22366751972309498,False,False,0.16079092526023542,-0.12856267662568754,0.01899644623808716,-0.0007395006054273789,-0.009348279977045126
2023-10-06,0.6553876218508761,0.0983081432776314,-0.3030354080079417,-0.07575885200198543,0.2663690946309428,0.07991072838928284,0.5038649542789352,0.15115948628368056,0.2536195059486094,0.022549291275645977,0.2310702146729634,0.20852092339731743,False,False,0.2536195059486094,-0.1120084643623449,0.0009158253401495564,-0.03779193722837171,0.02039626810124484
2023-10-07,0.6745512587573315,0.10118268881359972,-0.4163168073875093,-0.10407920184687733,0.27454566711064604,0.08236370013319382,0.6124314535976627,0.1837294360792988,0.263196623179215,-0.0028965130332776062,0.26609313621249264,0.26898964924577023,False,False,0.263196623179215,-0.11119521921216957,-0.0014171931063320375,-0.042817688945070986,0.015711456335822493
2023-10-08,0.5794045170756047,0.0869106775613407,-0.38741096766957167,-0.09685274191739292,0.38334740298598835,0.1150042208957965,0.6240065791400078,0.18720197374200234,0.29226413028174664,-0.009942064356052216,0.30220619463779885,0.31214825899385107,False,False,0.29226413028174664,-0.11245482722037703,-0.01171076456860598,-0.03779231688161888,0.014433831654848905
2023-10-09,0.21534601235706996,0.032301901853560494,-0.4304684770930392,-0.1076171192732598,0.3137517313953321,0.09412551941859962,0.5825709149896657,0.17477127449689972,0.19358157649580005,-0.0753152174196993,0.26889679391549937,0.3442120113351987,False,False,0.19358157649580005,-0.1228486597828019,-0.007248971733359588,-0.026735657546976932,0.040724360749427646
2023-10-10,0.15135898589866978,0.022703847884800465,-0.46532814039422454,-0.11633203509855614,0.2826913253209483,0.08480739759628449,0.5755297447021115,0.17265892341063344,0.16383813379316226,-0.09362818721375567,0.2574663210069179,0.35109450822067356,False,False,0.16383813379316226,-0.12920710505391486,-0.018787796475517426,-0.008615150280466,0.08320226417408905
2023-10-11,0.18015583914192188,0.02702337587128828,-0.5604882382695864,-0.1401220595673966,0.1828496535863818,0.05485489607591454,0.5382807755868406,0.1614842326760522,0.10324044505585842,-0.11309868369610832,0.21633912875196673,0.329437812448075,False,False,0.10324044505585842,-0.14556738473648856,-0.004312102612340163,0.06047362060343375,0.11290125735241574
2023-10-12,0.10582853799111706,0.01587428069866756,-0.5605810934902024,-0.1401452733725506,0.3191719014445264,0.09575157043335791,0.4889694488590126,0.14669083465770377,0.11817141241717866,-0.12427099267388303,0.24244240509106169,0.3667133977649447,False,False,0.11817141241717866,-0.14925178584883492,0.0038255386939205493,0.061147332754600825,0.12080996635603691
2023-10-13,0.16714660483345645,0.025071990725018468,-0.5630746078132789,-0.14076865195331972,0.24913827836857058,0.07474148351057117,0.28600694517837616,0.08580208355351285,0.044846905835782755,-0.11569666122830126,0.16054356706408401,0.27624022829238526,False,False,0.044846905835782755,-0.14599721563681578,-0.00035440399076769324,0.05427741791378149,0.23110676792494966
2023-10-14,0.351419555594869,0.05271293333923035,-0.5265850449915328,-0.1316462612478832,0.1015996338183386,0.03047989014550158,0.3757822949828354,0.1127346884948506,0.06428125073169934,-0.07893332790865284,0.1432145786403522,0.22214790654900504,False,False,0.06428125073169934,-0.1462998776317208,0.011234344090378379,0.0693131509640823,0.26329970267178315
2023-10-15,0.4668665781350525,0.07002998672025787,-0.37556038138397113,-0.09389009534599278,0.12605479659923594,0.03781643897977078,0.291646220260224,0.08749386607806721,0.10145019643210307,-0.023860108625734913,0.125310305057838,0.14917041368357292,False,False,0.10145019643210307,-0.13670911670703745,0.04959205130707445,0.09261530926212003,0.27037856091978574
2023-10-16,0.7888304162753332,0.11832456244129998,0.4811533794425241,0.12028834486063103,0.3866304047709114,0.1159891214312734,0.40840668252386914,0.12252200475716074,0.4771240334903652,0.23861290730193102,0.23851112618843415,-0.0001017811134968738,False,False,0.4771240334903652,-0.09389675092984318,-0.003679548419376566,0.04943794520711364,0.19827106486208468
2023-10-17,0.7365372742527467,0.110480591137912,0.5867704870595939,0.14669262176489847,0.2838971208569714,0.08516913625709141,0.43575719289427245,0.13072715786828173,0.4730695070281836,0.2571732129028105,0.21589629412537314,-0.04127691877743733,False,False,0.4730695070281836,-0.09723080170775122,-0.00267327231280845,0.05622464643675795,0.19355287434000168
2023-10-18,0.5522566369402132,0.08283849554103198,0.5633239813612709,0.14083099534031773,0.002292227921838933,0.0006876683765516798,0.3720166475121369,0.11160499425364108,0.33596215351154246,0.22366949088134971,0.11229266263019276,-0.11137682825115695,False,False,0.33596215351154246,-0.09964414961040213,0.013902189265536657,0.16772563559322018,0.20342514124293776
2023-10-19,0.6936886333280803,0.10405329499921204,0.6140278186525951,0.1535069546631488,-0.24262654285733337,-0.0727879628572,0.44571419758849673,0.133714259276549,0.3184865460817098,0.2575602496623608,0.060926296419349005,-0.1966339532430118,False,False,0.3184865460817098,-0.08712723217195273,0.0332708660775638,0.18141229398778513,0.20241828729202882
2023-10-20,0.8254791845339423,0.12382187768009134,0.7448573720035659,0.18621434300089149,-0.0404263958640877,-0.01212791875922631,0.542523474638243,0.1627570423914729,0.46066534431322936,0.3100362206809828,0.1506291236322466,-0.1594070970487362,False,False,0.46066534431322936,-0.05675516456769081,0.00811485642946308,0.16269518663226057,0.161976592434403
2023-10-21,0.7137663715807715,0.10706495573711572,0.7789342534222202,0.19473356335555506,-0.14386049066336348,-0.043158147199009046,0.5795844587382774,0.1738753376214832,0.43251570951514484,0.30179851909267075,0.13071719042247415,-0.1710813286701966,False,False,0.43251570951514484,-0.049100868150325105,0.002763642685674972,0.14182174404375836,0.15814114437408477
2023-10-22,0.843135631655619,0.12647034474834284,0.7438871940561325,0.18597179851403312,-0.099347808768239,-0.029804342630471697,0.6463582462417898,0.19390747387253696,0.4765452745044412,0.31244214326237596,0.16410313124206527,-0.1483390120203107,False,False,0.4765452745044412,-0.0464729227197741,0.10261012267749958,0.1300180111934799,0.1810111608050824
2023-10-23,0.9225658795129037,0.13838488192693554,0.8937836363543028,0.2234459090885757,0.38462001154956676,0.11538600346487002,0.7709840469048965,0.23129521407146894,0.7085120085518501,0.36183079101551124,0.34668121753633896,-0.015149573479172285,False,False,0.7085120085518501,0.0,0.02578591647593509,0.030571826601701435,0.05659511841400611
2023-10-24,0.9353213259107875,0.14029819888661813,0.9237461894376672,0.2309365473594168,0.5072507012119455,0.15217521036358364,0.7800508364654032,0.23401525093962094,0.7574252075492395,0.3712347462460349,0.38619046130320456,0.014955715057169638,False,False,0.7574252075492395,0.0,0.0169007624091575,0.017780408593294217,0.02340760899845007
2023-10-25,0.9638205772116536,0.14457308658174803,0.9382176534987249,0.23455441337468122,0.5170850768008551,0.15512552304025654,0.8005776478392954,0.2401732943517886,0.7744263173484743,0.37912749995642925,0.39529881739204514,0.016171317435615895,False,False,0.7744263173484743,0.0,-0.009983461874620403,-0.0006180417757974954,0.016408255437941444
2023-10-26,0.9380410938111481,0.14070616407167222,0.9268155382875801,0.23170388457189503,0.5545050514642611,0.1663515154392783,0.8058880663703647,0.2417664199111094,0.780527983993955,0.37241004864356725,0.4081179353503877,0.03570788670682046,False,False,0.780527983993955,-0.009983461874620403,-0.007602558704320916,0.014292423852895864,0.025188233895511836
2023-10-27,0.9266493670237642,0.13899740505356462,0.9187183545308932,0.2296795886327233,0.4834979706270572,0.14504939118811716,0.7758340512658988,0.23275021537976961,0.7464766002541747,0.3686769936862879,0.3777996065678868,0.00912261288159888,False,False,0.7464766002541747,-0.01751012072396707,0.005575943835746777,0.045125961804578285,0.03405137846608142
2023-10-28,0.9354525957737778,0.14031788936606668,0.870097483020832,0.217524370755208,0.5010990741219069,0.15032972223657207,0.7898212534262326,0.23694637602786975,0.7451183583857165,0.3578422601212747,0.3872760982644418,0.029433838143167135,False,False,0.7451183583857165,-0.012031812337934378,0.013053901000557477,0.02525131304832584,0.03867609518500048
2023-10-29,0.9602034469787855,0.14403051704681782,0.909294211102566,0.2273235527756415,0.5336552258125861,0.16009656774377581,0.8510286550925535,0.25530859652776605,0.7867592340940012,0.37135406982245933,0.41540516427154184,0.044051094449082506,False,False,0.7867592340940012,0.0,-0.0014817865665446295,0.005528894403590945,0.03182626139398592
2023-10-30,0.9649677714368566,0.14474516571552848,0.9624462615839813,0.24061156539599532,0.5247819161968386,0.15743457485905157,0.8501097191702035,0.255032915751061,0.7978242217216364,0.3853567311115238,0.41246749061011256,0.027110759498588766,False,False,0.7978242217216364,-0.0014817865665446295,0.004787274621149917,0.0170368266843568,0.06457947603940606
2023-10-31,0.9803974948291554,0.1470596242243733,0.9675815355068706,0.24189538387671766,0.4794496615055289,0.14383489845165867,0.850934917995759,0.2552804753987277,0.7880703819514774,0.38895500810109096,0.3991153738503864,0.010160365749295464,False,False,0.7880703819514774,0.0,0.022565392322177802,0.010742276868466627,0.07684404371045184
2023-11-01,0.9884924279303026,0.14827386418954538,0.9745421261377486,0.24363553153443715,0.5992541927426638,0.17977625782279913,0.8679053441261854,0.2603716032378556,0.8320572567846373,0.39190939572398253,0.44014786106065473,0.0482384653366722,False,False,0.8320572567846373,0.0,-0.013546601591183705,-0.010596410139285806,0.048235489081045024
2023-11-02,0.9819466753912633,0.1472920013086895,0.9665292458251082,0.24163231145627706,0.5823025819656361,0.17469077458969082,0.8647699608728975,0.2594309882618692,0.8230460756165265,0.38892431276496653,0.43412176285156,0.04519745008659348,False,False,0.8230460756165265,-0.013546601591183705,-0.006433880083877019,0.013094137959949848,0.06074537535355429
2023-11-03,0.9791158538191741,0.14686737807287611,0.9660833557247831,0.24152083893119577,0.62721350095735,0.18816405028720498,0.8766644589672302,0.26299933769016903,0.8395516049814459,0.3883882170040719,0.451163387977374,0.0627751709733021,False,False,0.8395516049814459,-0.019893324464879125,0.009945910882288134,0.02615277108072811,0.0502970033511172
2023-11-04,0.9786208373847931,0.14679312560771896,0.9708970139894608,0.2427242534973652,0.6125886055675137,0.1837765816702541,0.9223162608020344,0.27669487824061034,0.8499888390159486,0.38951737910508416,0.46047145991086447,0.0709540808057803,False,False,0.8499888390159486,-0.010145270814871155,-0.0014314614054447006,0.046746241736440375,0.013950117605720402
2023-11-05,0.9578603365708183,0.14367905048562274,0.9708170639823624,0.2427042659955906,0.6142959994819653,0.1842887998445896,0.9263427449774988,0.27790282349324963,0.8485749398190525,0.3863833164812134,0.46219162333783925,0.07580830685662587,False,False,0.8485749398190525,-0.011562209656696631,0.00097709691681791,0.06539923020414795,0.08129583444248056
2023-11-06,0.9620500233813353,0.14430750350720029,0.9633904985892651,0.24084762464731627,0.6298115544017888,0.18894346632053663,0.9203946046855463,0.2761183814056639,0.8502169758807171,0.3851551281545166,0.4650618477262005,0.07990671957168394,False,False,0.8502169758807171,-0.010596410139285806,0.010073306323187703,0.05946198277753667,0.03188429864786646
2023-11-07,0.9710079530509866,0.145651192957648,0.9741268351989555,0.24353170879973887,0.6348146537984576,0.19044439613953726,0.8932551416147754,0.2679765424844326,0.8476038403813567,0.3891829017573869,0.4584209386239698,0.06923803686658292,False,False,0.8476038403813567,-0.0006298447013572961,0.006373039781779832,0.047035350031300105,0.034317237264654965
2023-11-08,0.9666091366546148,0.14499137049819222,0.9764741704389902,0.24411854260974755,0.6332353662736762,0.18997060988210285,0.841340326907573,0.2524020980722719,0.8314826210623145,0.38910991310793974,0.4423727079543747,0.05326279484643498,False,False,0.8314826210623145,0.0,0.030214132209319677,0.02352888668317954,0.026481050237026293
2023-11-09,0.9655149032023064,0.14482723548034596,0.9839252659269109,0.24598131648172772,0.7281521143008801,0.21844563429026403,0.8469920165366993,0.2540976049610098,0.8633517912133475,0.39080855196207365,0.47254323925127384,0.08173468728920019,False,False,0.8633517912133475,0.0,0.016363001752808914,-0.03133149451419548,0.01794960313167815
2023-11-10,0.9702646770057366,0.1455397015508605,0.9921392100964133,0.24803480252410331,0.6875394623164796,0.20626183869494386,0.8731555981101617,0.2619466794330485,0.8617830222029561,0.3935745040749638,0.46820851812799236,0.07463401405302855,False,False,0.8617830222029561,0.0,-0.004601139414014854,0.014920795686408361,0.003944867824810849
2023-11-11,0.964748434341918,0.1447122651512877,0.9882881371313051,0.24707203428282629,0.7706058611756036,0.23118175835268107,0.8469541489990111,0.2540862446997033,0.8770523024864983,0.39178429943411397,0.4852680030523844,0.09348370361827041,False,False,0.8770523024864983,-0.004601139414014854,-0.0017740371667116506,-0.026029894963641165,-0.0373915970913008
2023-11-12,0.9703953825580228,0.14555930738370343,0.9852712435774461,0.24631781089436153,0.7684509937326893,0.23053529811980678,0.7583830733601648,0.2275149220080494,0.8499273384059212,0.39187711827806493,0.4580502201278562,0.06617310184979125,False,False,0.8499273384059212,-0.006367013988396786,-0.016220534516795504,-0.012146784505666197,0.009286876556929835
2023-11-13,0.8685811338077623,0.13028717007116433,0.9771403482857492,0.2442850870714373,0.7352324182744918,0.22056972548234755,0.760750371687233,0.2282251115061699,0.8233670941311191,0.3745722571426017,0.4487948369885174,0.07422257984591574,False,False,0.8233670941311191,-0.022484272135024574,-0.025004573137704433,0.0028842992046991256,0.022799868249753885
2023-11-14,0.4656800242586961,0.06985200363880441,0.9631085266847506,0.24077713167118764,0.6758248409824609,0.20274745229473826,0.658638850073192,0.1975916550219576,0.7109682426266879,0.31062913530999203,0.40033910731669586,0.08970997200670383,False,False,0.7109682426266879,-0.04692663564568078,0.06489262384747163,0.050875090257175515,0.06082440559654967
2023-11-15,0.8402262780993144,0.12603394171489715,0.9784111454007982,0.24460278635019955,0.8111163153063208,0.24333489459189622,0.7648615077100273,0.22945845231300815,0.843430074970001,0.37063672806509673,0.4727933469049044,0.10215661883980764,False,False,0.843430074970001,0.0,-0.044764146208747246,-0.010814565932875775,-0.002047905077367629
2023-11-16,0.5798905544190941,0.08698358316286411,0.9542213328691156,0.2385553332172789,0.7072647460099225,0.21217942380297675,0.6674960421389248,0.20024881264167743,0.7379671528247971,0.325538916380143,0.4124282364446542,0.08688932006451122,False,False,0.7379671528247971,-0.044764146208747246,0.012454819789339933,-0.01166534996188151,0.03550319092366849
2023-11-17,0.6223782753545588,0.09335674130318382,0.9559933683416477,0.23899834208541193,0.7421492987570428,0.22264478962711284,0.7392997534779459,0.22178992604338374,0.7767897990590924,0.33235508338859576,0.4444347156704966,0.11207963228190082,False,False,0.7767897990590924,-0.032866855793460825,-0.0012514366120863762,0.021697212426312174,0.017173249955208192
2023-11-18,0.527499551444449,0.07912493271666736,0.945996520423427,0.23649913010585674,0.7322549604672703,0.2196764881401811,0.6803573447853656,0.20410720343560967,0.7394077543983149,0.3156240628225241,0.42378369157579077,0.10815962875326668,False,False,0.7394077543983149,-0.03407716161888308,0.021651658139197894,0.019858291789838667,0.03420385527276526
2023-11-19,0.6681358468591011,0.10022037702886516,0.9590589472434535,0.23976473681086338,0.7801043394274243,0.2340313018282273,0.7614706305049284,0.22844118915147849,0.8024576048194343,0.3399851138397285,0.4624724909797058,0.12248737713997726,False,False,0.8024576048194343,-0.013163330533411455,0.0023800945720888755,0.009467647898038223,0.013243625645278145
2023-11-20,0.654537695489139,0.09818065432337085,0.9704764631200945,0.24261911578002363,0.7668211151224285,0.23004633453672851,0.7642759814849108,0.22928279444547323,0.8001288990855961,0.34079977010339446,0.45932912898220174,0.11852935887880728,False,False,0.8001288990855961,-0.010814565932875775,-0.04558573069670091,0.008862505000162946,0.007348169953734107
2023-11-21,0.08199010075916528,0.012298515113874793,0.9386110706996714,0.23465276767491786,0.7285267607988101,0.21855802823964302,0.6570497354123063,0.19711492062369187,0.6626242316521275,0.24695128278879264,0.4156729488633349,0.16872166607454225,False,False,0.6626242316521275,-0.05590730673935884,0.046631590875071405,0.04772527289590722,0.08228131605563793
2023-11-22,0.5240180672222154,0.07860271008333232,0.9595512544168481,0.23988781360421202,0.8017061712797705,0.24051185138393114,0.7727730562115639,0.23183191686346916,0.7908342919349446,0.3184905236875443,0.4723437682474003,0.153853244559856,False,False,0.7908342919349446,-0.011882762519084378,-0.003049052697874255,-0.004427889609643132,0.05458702524624193
2023-11-23,0.5456661488970317,0.08184992233455475,0.9641381555044732,0.2410345388761183,0.7897247834044855,0.23691743502134563,0.7621764846813666,0.22865294540440995,0.7884548416364286,0.32288446121067305,0.4655703804257556,0.14268591921508256,False,False,0.7884548416364286,-0.014895584047841637,0.011242742854936427,0.014066232140693025,0.0718067221032288
2023-11-24,0.5530278430148089,0.08295417645222133,0.9675607646957943,0.24189019117394858,0.8143908651755568,0.24431725955266703,0.7251509988964558,0.21754529966893674,0.7867069268477737,0.3248443676261699,0.4618625592216038,0.13701819159543388,False,False,0.7867069268477737,-0.003820308414029139,0.001779200431038408,0.0037405634099343388,0.11342150849150578
2023-11-25,0.5721575822441287,0.08582363733661931,0.9694484375067096,0.2423621093766774,0.8123618728949089,0.24370856186847267,0.7449302983545111,0.2234790895063533,0.7953733980881227,0.3281857467132967,0.467187651374826,0.13900190466152929,False,False,0.7953733980881227,-0.002047905077367629,-0.008820383545342092,-0.0015010321415687145,0.16655739562056482
2023-11-26,0.510523991430307,0.07657859871454605,0.9634914044699796,0.2408728511174949,0.7958299946410017,0.2387489983923005,0.7082228592930202,0.21246685778790605,0.7686673060122475,0.31745144983204093,0.45121585618020654,0.1337644063481656,False,False,0.7686673060122475,-0.01085022531446278,-0.005467130855174918,0.032981969657196686,0.1686433488226029
2023-11-27,0.4063958363862058,0.06095937545793087,0.9498363747305372,0.2374590936826343,0.7906661740469214,0.2371998522140764,0.6999434846017859,0.20998304538053578,0.7456013667351773,0.29841846914056513,0.44718289759461216,0.14876442845404703,False,False,0.7456013667351773,-0.016258036568035483,0.0154706828452289,0.059277388588904634,0.1619227392213778
2023-11-28,0.46600305869811387,0.06990045880471708,0.9596790459983747,0.23991976149959368,0.8168549046922662,0.24505647140767983,0.7389728252809241,0.22169184758427724,0.7765685392962678,0.3098202203043108,0.46674831899195707,0.1569280986876463,False,False,0.7765685392962678,-0.0010388766502368307,0.0009458241348827556,0.05693956482570739,0.16796165512084293
2023-11-29,0.26287741444827534,0.0394316121672413,0.9591478033254309,0.23978695083135773,0.7939373224947182,0.23818119674841542,0.7595449470099062,0.22786348410297183,0.7452632438499863,0.27921856299859904,0.4660446808513873,0.18682611785278824,False,False,0.7452632438499863,-9.403510996286446e-05,-0.0034521527611939273,0.10927220546807459,0.1547752138179097
2023-11-30,0.0984418453899276,0.01476627680848914,0.9389665173093852,0.2347416293273463,0.8175996693956356,0.24527990081869067,0.7363538941126497,0.22090616823379491,0.715693975188321,0.24950790613583543,0.4661860690524856,0.21667816291665018,False,False,0.715693975188321,-0.003545863247592318,0.025409845625962824,0.16831106808511098,0.16078773278309066
2023-12-01,0.33801485423548533,0.0507022281353228,0.9628704381147913,0.24071760952869783,0.8494604155964975,0.25483812467894923,0.7698132005043025,0.23094396015129073,0.7772019224942606,0.29141983766402063,0.48578208483024,0.19436224716621936,False,False,0.7772019224942606,0.0,0.019849534104810163,0.1313298616532741,0.06646102684106436
2023-12-02,0.4856475918060006,0.07284713877090009,0.9709224998479828,0.2427306249619957,0.8741329289586258,0.26223987868758775,0.7994121534872574,0.2398236460461772,0.8176412884666607,0.3155777637328958,0.5020635247337649,0.1864857610008691,False,False,0.8176412884666607,0.0,0.013229540422328379,0.09690129491880306,0.051762278408176376
2023-12-03,0.6588739331181912,0.09883108996772867,0.9710396080450159,0.24275990201125397,0.8882999057004698,0.26648997171014094,0.8188182685074061,0.24564548055222182,0.8537264442413454,0.3415909919789826,0.5121354522623628,0.17054446028338016,False,False,0.8537264442413454,0.0,0.05050602592898157,0.10504109600007605,0.07246950760352289
2023-12-04,0.8829368877980189,0.13244053316970283,0.9841577577146888,0.2460394394286722,0.9211176933718933,0.27633530801156797,0.859796716755665,0.2579390150266995,0.9127542956366426,0.37847997259837507,0.5342743230382675,0.15579435043989243,False,False,0.9127542956366426,0.0,0.04958717442505667,0.0410205972217923,0.024556632238736498
2023-12-05,0.8710938127344159,0.13066407191016238,0.9871259045098936,0.2467814761274734,0.9419123544886271,0.2825737063465881,0.8828299841771811,0.2648489952531543,0.9248682496373781,0.37744554803763575,0.5474227015997424,0.16997715356210663,False,False,0.9248682496373781,0.0,-0.007048028149456376,-0.006439496729540584,-0.04839708013827859
2023-12-06,0.9563685855554903,0.14345528783332354,0.9857641301976462,0.24644103254941155,0.9282665446509706,0.2784799633952912,0.8440480720260094,0.25321442160780283,0.9215907053858291,0.3898963203827351,0.531694385003094,0.14179806462035888,False,False,0.9215907053858291,-0.007048028149456376,-0.011186469570312108,-0.05733856853863417,-0.03392524545451858
2023-12-07,0.9264158785931988,0.13896238178897982,0.9838307581113084,0.2459576895278271,0.9250619023443876,0.27751857070331626,0.8146038630560141,0.2443811589168042,0.9068198009369274,0.38492007131680694,0.5218997296201204,0.1369796583033135,False,False,0.9068198009369274,-0.018155655167343854,0.02074843655902936,-0.04115139321990502,-0.04387224962182079
2023-12-08,0.9510212989317581,0.14265319483976371,0.9888148286468006,0.24720370716170015,0.9384728796694999,0.28154186390084995,0.8446835003312189,0.25340505009936565,0.9248038160016794,0.38985690200146383,0.5349469140002157,0.14509001199875182,False,False,0.9248038160016794,0.0,-0.010354986383596998,-0.029475454364957576,-0.0342575522984655
2023-12-09,0.9081368429253845,0.13622052643880767,0.9883291043678156,0.2470822760919539,0.9331796033860501,0.27995388101581503,0.8189610459688931,0.2456883137906679,0.9089449973372444,0.38330280253076154,0.5256421948064829,0.14233939227572134,False,False,0.9089449973372444,-0.010354986383596998,0.0017365305076681992,-0.015815215402071536,-0.03288701914278391
2023-12-10,0.9069459152013011,0.13604188728019515,0.9912105460694502,0.24780263651736256,0.9340643990376318,0.28021931971128955,0.8175780910757422,0.24527342732272264,0.9093372708315699,0.38384452379755774,0.5254927470340122,0.14164822323645443,False,False,0.9093372708315699,-0.00863643762569044,-0.05791592552645597,-0.04222952026638338,-0.0027536275240348518
2023-12-11,0.85870827037074,0.128806240555611,0.9781946150887892,0.2445486537721973,0.8864587689304675,0.2659376306791402,0.7445838350859385,0.22337515052578155,0.86266767553273,0.37335489432780833,0.4893127812049218,0.11595788687711345,False,False,0.86266767553273,-0.06605217587380308,0.005793219467971067,0.02483746794203623,0.06322872781394984
2023-12-12,0.761196464618916,0.11417946969283739,0.9786426875749049,0.24466067189372623,0.8877108867216827,0.2663132660165048,0.7520207517148295,0.22560622551444884,0.8507596331175173,0.35884014158656363,0.4919194915309536,0.13307934994438997,False,False,0.8507596331175173,-0.06064161115700595,0.033178132182793085,-0.002837628779638779,0.059689258680929225
2023-12-13,0.8627678019521804,0.12941517029282706,0.984226453038043,0.24605661325951075,0.9166113367094125,0.27498340101282376,0.8242913745034756,0.24728741235104265,0.8977425969162043,0.3754717835523378,0.5222708133638664,0.1467990298115286,False,False,0.8977425969162043,-0.029475454364957576,0.0035743752541170792,-0.004927333321980809,0.01943430957033554
2023-12-14,0.8435440000409083,0.12653160000613625,0.9829418494506622,0.24573546236266555,0.9293247532209572,0.27879742596628715,0.7958462725895658,0.2387538817768697,0.8898183701119586,0.3722670623688018,0.5175513077431568,0.14528424537435503,False,False,0.8898183701119586,-0.0260064354455265,-0.02514884155318664,-0.017346136627875985,-0.000714978711020775
2023-12-15,0.7339368634053957,0.11009052951080935,0.9650067075975374,0.24125167689938434,0.9606603203725914,0.28819809611177744,0.8300395428614189,0.24901186285842566,0.8885521653803968,0.3513422064101937,0.5372099589702031,0.18586775256000937,False,False,0.8885521653803968,-0.05050124527433042,0.008052636724105389,0.04121644337308017,0.039003774412676995
2023-12-16,0.7998649727647946,0.11997974591471919,0.9691445121539122,0.24228612803847804,0.9701185271488609,0.29103555814465826,0.8558224577144351,0.2567467373143305,0.9100481694121859,0.3622658739531972,0.5477822954589888,0.18551642150579162,False,False,0.9100481694121859,-0.0428552767325342,-0.02136759919986808,0.03746082776326154,0.005461465446710667
2023-12-17,0.7296146972487724,0.10944220458731585,0.961103836197417,0.24027595904935425,0.9626722827309455,0.28880168481928364,0.8684162107706259,0.2605248632311878,0.8990447116871416,0.3497181636366701,0.5493265480504714,0.19960838441380135,False,False,0.8990447116871416,-0.06330716155558203,0.03101295116695857,0.06270482046373815,0.049648758358076694
2023-12-18,0.7777783496433212,0.11666675244649817,0.9662356033332544,0.2415589008333136,0.9695062672846807,0.2908518801854042,0.8755490760677024,0.2626647228203107,0.9117422562855266,0.35822565327981176,0.5535166030057149,0.19529094972590316,False,False,0.9117422562855266,-0.0342575522984655,-0.00895053190741213,0.02448227522281976,-0.002204520626942763
2023-12-19,0.7382918813530193,0.11074378220295289,0.9497845739955426,0.23744614349888565,0.9676174717812874,0.29028524153438623,0.8749101519547618,0.26247304558642853,0.9009482128226534,0.34818992570183854,0.5527582871208148,0.20456836141897622,False,False,0.9009482128226534,-0.04290146089096036,0.03294872574243679,0.016924736712256916,-0.004944650616106272
2023-12-20,0.8417202998340105,0.12625804497510157,0.9593184407846221,0.23982961019615553,0.9751788300514859,0.2925536490154457,0.8974463376498513,0.2692339012949554,0.9278752054816581,0.3660876551712571,0.5617875503104011,0.195699895139144,False,False,0.9278752054816581,-0.011366283617369577,0.004416641305385882,-0.002125080692382486,-0.03500543750442253
2023-12-21,0.7882006706564548,0.11823010059846822,0.9600034235571555,0.24000085588928888,0.9731300705113148,0.29193902115339443,0.8827952159403009,0.2648385647820902,0.9150085424232418,0.3582309564877571,0.5567775859354847,0.19854662944772755,False,False,0.9150085424232418,-0.006999843109697035,0.0024449520995490914,-0.03084392341399589,-0.03598165145981247
2023-12-22,0.7291238948449681,0.10936858422674521,0.9299068416827249,0.23247671042068122,0.9758897423960012,0.29276692271880034,0.881681532714207,0.26450445981426207,0.8991166771804888,0.3418452946474264,0.5572713825330624,0.215426087885636,False,False,0.8991166771804888,-0.004572005291255565,-0.006069725424980743,-0.012285690112861292,0.0047876869724696736
2023-12-23,0.6416059068213343,0.09624088602320015,0.90193835135382,0.225484587838455,0.9755579459448684,0.2926673837834605,0.8498200089849245,0.25494600269547735,0.8693388603405929,0.3217254738616551,0.5476133864789379,0.22588791261728275,False,False,0.8693388603405929,-0.010613979899476877,-0.016261438793872096,-0.026049055698848744,0.02848257385904951
2023-12-24,0.21285968958446755,0.03192895343767013,0.8572594133012783,0.21431485332531958,0.9719228178540233,0.291576845356207,0.8393630702309537,0.2518089210692861,0.7896295731884828,0.2462438067629897,0.5433857664254931,0.29714195966250334,False,False,0.7896295731884828,-0.026702820108854164,0.013598734633590404,-0.021505413860879563,-0.003402300454740992
2023-12-25,-0.1152011087665118,-0.01728016631497677,0.8901308963707656,0.2225327240926914,0.9741454367638932,0.29224363102916795,0.8538115970939993,0.2561434791281998,0.7536396679350823,0.20525255777771462,0.5483871101573677,0.3431345523796531,True,False,0.7536396679350823,-0.013467210039892707,-0.024490472192000512,-0.03295037902631548,0.01319460906693637
2023-12-26,-0.280517996248322,-0.0420776994372483,0.8634659836834734,0.21586649592086835,0.9670522665789024,0.2901156799736707,0.8295532506610855,0.24886597519832565,0.7127704516556164,0.17378879648362006,0.5389816551719964,0.3651928586883763,True,False,0.7127704516556164,-0.03762786389890738,0.021640629392459365,-0.0053012390572991785,0.03849026545716394
2023-12-27,0.03493488546653803,0.005240232819980704,0.883415278286445,0.22085381957161124,0.9590258282080638,0.28770774846241914,0.8839087688668653,0.2651726306600596,0.7789744315140706,0.22609405239159194,0.5528803791224788,0.3267863267308868,False,False,0.7789744315140706,-0.01680152516391409,-0.01991970775187457,0.017285744384205604,0.012421926898824154
2023-12-28,-0.34713582583536023,-0.052070373875304034,0.8310567102331288,0.2077641775582822,0.9569486624309618,0.28708459872928854,0.8512849379528702,0.25538548138586104,0.6981638837981278,0.15569380368297817,0.5424700801151496,0.3867762764321715,True,False,0.6981638837981278,-0.03638655144473768,-0.011672136108276221,0.05599011929397224,0.032075643693132205
2023-12-29,-0.35812795094059247,-0.05371919264108887,0.8107882121088437,0.20269705302721092,0.9723239134036668,0.2916971740211,0.8285698614289944,0.2485709584286983,0.6892459928359204,0.14897786038612204,0.5402681324497983,0.3912902720636763,True,False,0.6892459928359204,-0.04763397877204023,0.0017431736790995966,0.018500984739801885,0.11610278377681293
2023-12-30,-0.3580707342715828,-0.05371061014073742,0.804805439708722,0.2012013599271805,0.974046115327512,0.29221383459825356,0.836751389918087,0.2510254169754261,0.6907300013601227,0.14749074978644308,0.5432392515736797,0.39574850178723664,True,False,0.6907300013601227,-0.045973839390966775,0.0034005469351414686,0.047717290915010535,0.09420250648548145
2023-12-31,0.2903019426823989,0.04354529140235983,0.7661242567642559,0.19153106419106397,0.9742511761011788,0.29227535283035366,0.8179949268814657,0.2453984780644397,0.7727501864882171,0.2350763555934238,0.5376738308947934,0.3025974753013696,False,False,0.7727501864882171,-0.04272962865446295,0.04483939155577654,0.04402489098605167,0.10335950740216404
2024-01-01,0.5887194728272319,0.08830792092408478,0.8643464210921813,0.21608660527304532,0.9805172752286274,0.2941551825685882,0.8751703907687733,0.262551117230632,0.8611008259963504,0.3043945261971301,0.5567062997992203,0.2523117736020902,False,False,0.8611008259963504,0.0,0.017369122139089255,-0.004781171379065752,0.04888257123488127
2024-01-02,0.48719202446576476,0.07307880366986472,0.8939262671857512,0.2234815667964378,0.9839551076100148,0.29518653228300445,0.8969006970709826,0.26907020912129476,0.8608171118706017,0.2965603704663025,0.5642567414042992,0.26769637093799664,False,False,0.8608171118706017,0.0,-0.04675916542427505,-0.02264649561004317,-0.04814969482885478
2024-01-03,-0.04036748295510864,-0.006055122443266296,0.7912306617969623,0.19780766544924058,0.9733075327371514,0.2919922598211454,0.8806842104954835,0.26420526314864506,0.7479500659757647,0.19175254300597427,0.5561975229697904,0.36444497996381614,True,False,0.7479500659757647,-0.04675916542427505,0.030478772082679795,0.09582887056505474,6.441790603051167e-05
2024-01-04,0.46222058799130555,0.06933308819869582,0.8429562495089822,0.21073906237724555,0.9789302507120671,0.29367907521362013,0.9000289201429474,0.2700086760428842,0.8437599018324458,0.28007215057594137,0.5636877512565044,0.283615600680563,False,False,0.8437599018324458,-0.01770555528733797,-0.00013567045894657959,0.04436809048925161,-0.05478345952875463
2024-01-05,0.3979975832985851,0.05969963749478776,0.8411993991466906,0.21029984978667265,0.9754647945821352,0.29263943837464057,0.9005908907680842,0.27017726723042523,0.8328161928865262,0.2699994872814604,0.5628167056050658,0.2928172183236054,False,False,0.8328161928865262,-0.017838823625472844,-0.00400474707164622,0.05683256877149012,-0.03701451870886718
2024-01-06,0.5437412817699259,0.08156119226548887,0.8178931356295974,0.20447328390739936,0.9774922190825159,0.29324766572475475,0.9120889521089537,0.2736266856326861,0.8529088275303291,0.28603447617288824,0.5668743513574408,0.28083987518455256,False,False,0.8529088275303291,-0.021772130720443372,-0.0008938253724500855,0.053921550789295614,-0.018885643117590223
2024-01-07,0.2981398030184317,0.04472097045276475,0.8046876469928164,0.2011719117482041,0.9773831912960281,0.29321495738880843,0.915069125364256,0.2745207376092768,0.8136285771990541,0.24589288220096883,0.5677356949980852,0.32184281279711635,False,False,0.8136285771990541,-0.02264649561004317,0.06879324874536241,-0.026094140046829972,-0.02624506533494253
2024-01-08,0.723167861961826,0.1084751792942739,0.8482265526722724,0.2120566381680681,0.9850636677378926,0.29551910032136774,0.9395802393362487,0.2818740718008746,0.8979249895845842,0.320531817462342,0.5773931721222423,0.2568613546599003,False,False,0.8979249895845842,0.0,-0.01791312822889546,-0.08738997048840669,-0.11977455664453862
2024-01-09,0.4465244792353057,0.06697867188529585,0.789899364976235,0.19747484124405876,0.9863376920955074,0.2959013076286522,0.9300875922759871,0.27902627768279614,0.839381098440803,0.2644535131293546,0.5749275853114484,0.3104740721820938,False,False,0.839381098440803,-0.01791312822889546,0.011797657774886172,-0.09493927564519633,-0.09652938625027108
2024-01-10,0.49550097743548716,0.07432514661532306,0.8190035816268184,0.2047508954067046,0.9848435914539984,0.2954530774361995,0.9311498267868986,0.2793449480360696,0.8538740674942967,0.2790760420220277,0.5747980254722691,0.2957219834502414,False,False,0.8538740674942967,-0.00632680341053149,-0.006748190240534524,-0.08880033626277195,-0.10627065337819974
2024-01-11,0.4304762548477935,0.06457143822716903,0.8101159865639719,0.20252899664099297,0.9819094555411131,0.2945728366623339,0.930275835882329,0.2790827507646987,0.8407560222951946,0.267100434868162,0.5736555874270326,0.3065551525588706,False,False,0.8407560222951946,-0.013032299178037277,-0.07674783056058854,-0.06908217585299359,-0.10269564661940356
2024-01-12,-0.14999336366239874,-0.02249900454935981,0.6329355671811795,0.15823389179529487,0.9529161491570505,0.2858748447471151,0.869550509159595,0.26086515274787847,0.6824748847409287,0.13573488724593508,0.5467399974949936,0.4110051102490585,True,False,0.6824748847409287,-0.08877992904949494,0.0015253818538460973,-0.0001549690728012143,-0.07514036621786424
2024-01-13,-0.023917739389086083,-0.003587660908362912,0.7061297697106055,0.17653244242765137,0.9524110838002943,0.28572332514008825,0.8861434035502704,0.2658430210650811,0.7245111277244578,0.17294478151928847,0.5515663462051694,0.37862156468588093,True,False,0.7245111277244578,-0.08738997048840669,-0.0260371606696137,-0.035485678558084044,-0.0688571389229693
2024-01-14,-0.2966676394652957,-0.04450014591979435,0.44173480376802066,0.11043370094200516,0.9411975856204631,0.2823592756861389,0.8651129301086453,0.25953387903259356,0.6078267097409433,0.06593355502221082,0.5418931547187325,0.47595959969652163,True,False,0.6078267097409433,-0.11115174445550091,0.018660583456239666,-0.0017569104064353303,-0.039477048380932356
2024-01-15,0.00036286298387997075,5.442944758199561e-05,0.6681703683396367,0.16704259208490918,0.9490443216537426,0.28471329649612276,0.8722777516071429,0.26168332548214285,0.7134936435107568,0.16709702153249117,0.5463966219782657,0.3792996004457745,False,False,0.7134936435107568,-0.0945653174029798,0.014745560571238991,-0.019172874849156973,-0.05998456873616542
2024-01-16,-0.04805382199758883,-0.0072080732996383234,0.6740937379235777,0.16852343448089444,0.9511103630255556,0.28533310890766667,0.8908219130197979,0.26724657390593937,0.7138950439948621,0.1613153611812561,0.552579682813606,0.3912643216323499,True,False,0.7138950439948621,-0.08121417544744491,-0.008388205744593757,-0.03610788180708624,-0.030470618098449198
2024-01-17,0.0359164599043964,0.005387468985659461,0.653486466471505,0.16337161661787625,0.9410153069450539,0.28230459208351616,0.8829099597575634,0.264872987927269,0.7159366656143209,0.1687590856035357,0.5471775800107852,0.3784184944072495,False,False,0.7159366656143209,-0.08892113997900797,-0.0338647048234878,-0.07499701936361669,-0.015323276315512668
2024-01-18,-0.12392326405554187,-0.01858848960833128,0.4596831964302228,0.1149207991075557,0.923015855241313,0.2769047565723939,0.8450969265907862,0.25352907797723584,0.6267661440488541,0.09633230949922442,0.5304338345496298,0.43410152505040533,True,False,0.6267661440488541,-0.11977455664453862,0.008022019236585853,-0.03459923779565666,0.017024015486056365
2024-01-19,-0.08035600674893786,-0.012053401012340679,0.48100574648305305,0.12025143662076326,0.9385998096615604,0.2815799428984681,0.8783181860287741,0.2634954558086322,0.6532734343155229,0.10819803560842259,0.5450753987071003,0.43687736309867775,True,False,0.6532734343155229,-0.11271337120540892,0.0008884028264701804,-0.03778652551439632,0.03945531136946778
2024-01-20,-0.09782653279549919,-0.014673979919324877,0.6535856183082227,0.16339640457705568,0.9388018982579175,0.28164056947737526,0.8751644391497382,0.26254933174492145,0.6929123258800275,0.1487224246577308,0.5441899012222967,0.39546747656456593,True,False,0.6929123258800275,-0.11192510325649874,-0.00277508367701107,-0.04160946699015078,0.029860389619733585
2024-01-21,-0.4221818971723995,-0.06332728457585993,0.5003844729051894,0.12509611822629735,0.9375546877563318,0.28126640632689953,0.8669215554656596,0.26007646663969786,0.6031117066170348,0.06176883365043742,0.5413428729665974,0.47957403931616005,True,False,0.6031117066170348,-0.11438958540641486,-0.048395719803089654,0.005848438432306757,0.024041896733383306
2024-01-22,-0.7197328269824086,-0.10795992404736128,0.2889123545299929,0.07222808863249823,0.9130340389123033,0.27391021167369095,0.8153453273589507,0.2446035982076852,0.4827819744665131,-0.03573183541486305,0.5185138098813762,0.5542456452962392,True,False,0.4827819744665131,-0.15724933888578407,0.008329453937801379,0.0645119467691333,0.08883234490884329
2024-01-23,-0.4864579636325897,-0.07296869454488845,0.27574048129563195,0.06893512032390799,0.9167658475889855,0.2750297542766956,0.7799710977351765,0.23399132932055294,0.5049875093762681,-0.004033574220980468,0.5090210835972486,0.5130546578182291,True,False,0.5049875093762681,-0.1502296860729816,0.004694016682707636,0.05347339188322109,0.08277189605389812
2024-01-24,-0.6318656649280687,-0.0947798497392103,0.2891373002886841,0.07228432507217103,0.9214290410848943,0.2764287123254683,0.7987008258154505,0.23961024774463516,0.4935434354030641,-0.022495524667039274,0.5160389600701034,0.5385344847371427,True,False,0.4935434354030641,-0.1462408500429384,-0.003088196846292135,0.08027515611871605,0.07300034327157778
2024-01-25,-0.6456313681697464,-0.09684470522546196,0.31578177192219115,0.07894544298054779,0.9161724634186342,0.27485173902559024,0.7969745950615407,0.23909237851846218,0.4960448552991382,-0.01789926224491417,0.5139441175440524,0.5318433797889666,True,False,0.4960448552991382,-0.14887742635732892,0.04660583582680067,0.07457279068213607,0.06560857073718473
2024-01-26,-0.3445599361357004,-0.05168399042035506,0.5154108757839138,0.12885271894597844,0.9259563108277902,0.27778689324833705,0.8536372957781491,0.2560911887334447,0.6110468105074052,0.07716872852562337,0.5338780819817818,0.4567093534561584,True,False,0.6110468105074052,-0.10921014742165458,0.007104138318376307,0.018087673655319714,0.02116489027343693
2024-01-27,-0.292481671870993,-0.04387225078064895,0.4857036994810658,0.12142592487026645,0.9318281745888627,0.2795484523766588,0.870373123620336,0.2611119370861008,0.6182140635523772,0.0775536740896175,0.5406603894627596,0.46310671537314213,True,False,0.6182140635523772,-0.10288185309633191,-0.0021265114030820653,0.022846524375347732,0.0232266231535474
2024-01-28,-0.7291497072195936,-0.10937245608293904,0.4739821238929206,0.11849553097323015,0.9296879751517867,0.278906392545536,0.857248588683448,0.2571745766050344,0.5452040440408615,0.009123074890291114,0.5360809691505704,0.5269578942602793,True,False,0.5452040440408615,-0.1047895850656344,0.03025476873531141,0.027811337615563314,0.055162539322110904
2024-01-29,-0.4683688371536194,-0.0702553255730429,0.58683350600791,0.1467083765019775,0.9264464108895332,0.27793392326685995,0.882202698994291,0.2646608096982873,0.6190477838940819,0.07645305092893459,0.5425947329651473,0.46614168203621265,True,False,0.6190477838940819,-0.07770520099235301,-0.008350518558888909,-0.006734222115480137,0.04586203631644237
2024-01-30,-0.5886720208821747,-0.0883008031323262,0.47161064307907874,0.11790266076976968,0.9318582370080776,0.27955747110242324,0.8752864097595389,0.26258592292786165,0.5717452516677284,0.029601857637443482,0.5421433940302849,0.5125415363928414,True,False,0.5717452516677284,-0.08540684082823302,-0.008409193057467013,-0.00834212444487914,0.0976144067105873
2024-01-31,-0.5973338362150353,-0.0896000754322553,0.3587129595271004,0.0896782398817751,0.9286744021826024,0.27860232065478074,0.9058763870357083,0.27176291611071246,0.550443401215013,7.816444951980195e-05,0.5503652367654932,0.5502870723159734,True,False,0.550443401215013,-0.09309783127274707,0.011811648661343321,0.003022545796148357,0.12144410521371518
2024-02-01,0.07404753049834037,0.011107129574751054,0.35282238198188326,0.08820559549547081,0.9281777628375673,0.27845332885127017,0.8826983218076794,0.2648094965423038,0.6425755504637958,0.09931272507022187,0.543262825393574,0.4439501003233521,False,False,0.6425755504637958,-0.08238582148553042,0.0027170847671955656,0.00037160880849818057,0.12109317516399742
2024-02-02,0.08656073318426441,0.01298410997763966,0.1428448005939989,0.035711200148499725,0.9364966830007524,0.28094900490022573,0.9060980168255732,0.27182940504767195,0.601473720074037,0.04869531012613938,0.5527784099478976,0.5040830998217583,False,False,0.601473720074037,-0.07989258597892612,-0.004372916666666726,0.02661111111111114,0.15549236111111098
2024-02-03,0.32271594796672315,0.04840739219500847,-0.1268648622825627,-0.03171621557064067,0.9251323595047635,0.277539707851429,0.9002303608592525,0.27006910825777575,0.5642999927335726,0.016691176624367796,0.5476088161092048,0.530917639484837,False,False,0.5642999927335726,-0.08391613902482253,-0.00995580442160382,0.0529528547172371,0.15550640544101535
2024-02-04,0.018947714672394013,0.002842157200859102,-0.14182816947040927,-0.03545704236760232,0.9186725206603463,0.2756017561981039,0.8945939588094678,0.2683781876428403,0.511365058674201,-0.03261488516674321,0.5439799438409443,0.5765948290076874,False,False,0.511365058674201,-0.09303649077847909,0.0029547085589325395,0.106847869378492,0.21633788038761126
2024-02-05,-0.11344253630042511,-0.017016380445063765,-0.06859454149475427,-0.01714863537368857,0.9212359914927168,0.27637079744781506,0.910829544551632,0.2732488633654896,0.5154546449945523,-0.03416501581875234,0.5496196608133046,0.5837846766320569,True,True,0.5154546449945523,-0.09035667793514268,0.009137482526979213,0.11806470344449727,0.21474079051809114
2024-02-06,0.08537340432976795,0.012806010649465191,-0.128475281829321,-0.03211882045733025,0.9326060158714929,0.27978180476144787,0.9137576590259592,0.27412729770778776,0.5345962926613705,-0.01931280980786506,0.5539091024692356,0.5732219122771007,False,False,0.5345962926613705,-0.08204482797399171,0.029018108329785353,0.1206767218226894,0.20940556556482237
2024-02-07,0.6854057118757451,0.10281085678136176,0.075055055934585,0.01876376398364625,0.9474995539612958,0.2842498661883887,0.9266571299255637,0.2779971389776691,0.6838216259310659,0.12157462076500801,0.5622470051660577,0.4406723844010497,False,False,0.6838216259310659,-0.055407505350254294,0.021173809910348673,0.12554047838086468,0.16444432418781685
2024-02-08,0.7502976803052068,0.11254465204578101,0.17249344183642412,0.04312336045910603,0.9610851404202357,0.2883255421260707,0.9343700912519892,0.28031102737559677,0.7243045820065546,0.15566801250488704,0.5686365695016675,0.4129685569967805,False,False,0.7243045820065546,-0.03540688342579845,0.04071925305788526,0.09739614671667174,0.1512303855380983
2024-02-09,0.8669133671751258,0.13003700507626886,0.6117532411060503,0.15293831027651258,0.9709455734301522,0.29128367202904565,0.9567893172919645,0.28703679518758934,0.8612957825694165,0.2829753153527814,0.578320467216635,0.29534515186385357,False,False,0.8612957825694165,0.0,0.013118685789101692,0.09892055994162874,0.09848689139212508
2024-02-10,0.904227019500071,0.13563405292501066,0.6347669913694246,0.15869174784235615,0.9727927395462846,0.2918378218638854,0.9554688247894016,0.2866406474368205,0.8728042700680727,0.2943258007673668,0.5784784693007059,0.2841526685333391,False,False,0.8728042700680727,0.0,0.011495025558578842,0.08646734556216429,0.09440056761007987
2024-02-11,0.99280064480509,0.1489200967207635,0.5677057569815521,0.14192643924538803,0.9750374825880698,0.29251124477642093,0.9511540730440703,0.28534622191322107,0.8687040026557935,0.2908465359661515,0.577857466689642,0.2870109307234905,False,False,0.8687040026557935,0.0,0.03348406490353306,0.07917434351435682,0.07348655765767242
2024-02-12,0.9951270832642579,0.14926906248963867,0.659398795075875,0.16484969876896874,0.9782349334934893,0.29347048004804677,0.9575942286043272,0.2872782685812981,0.8948675098879523,0.3141187612586074,0.5807487486293449,0.2666299873707375,False,False,0.8948675098879523,0.0,-0.004360815405169416,0.034564590571559695,0.02746844929620562
2024-02-13,0.9931101317611308,0.1489665197641696,0.723029812084318,0.1807574530210795,0.9696063741887236,0.2908819122566171,0.9582032135331847,0.2874609640599554,0.9080668491018216,0.3297239727852491,0.5783428763165726,0.24861890353132343,False,False,0.9080668491018216,-0.004360815405169416,0.04216493536465804,0.04905634030381334,0.02101747720655256
2024-02-14,0.9968996983727523,0.14953495475591283,0.7897404705350586,0.19743511763376465,0.9773446005213903,0.29320338015641706,0.9625859736620769,0.28877579209862303,0.9289492446447175,0.3469700723896775,0.58197917225504,0.23500909986536256,False,False,0.9289492446447175,0.0,0.001637797501195637,-0.00039463139130535563,-0.004381682693579303
2024-02-15,0.994492251295684,0.14917383769435258,0.8348888296716868,0.2087222074179217,0.9780843944835781,0.2934253183450734,0.9514173256852054,0.28542519770556163,0.9367465611629092,0.35789604511227424,0.578850516050635,0.22095447093836074,False,False,0.9367465611629092,0.0,0.004705281418658558,0.0073018504240554005,-0.002913454124903625
2024-02-16,0.9940446154347093,0.1491066923152064,0.7924024870212218,0.19810062175530546,0.9766209270224495,0.29298627810673483,0.9365415355893647,0.2809624606768094,0.9211560528540561,0.34720731407051186,0.5739487387835442,0.22674142471303238,False,False,0.9211560528540561,0.0,-0.00923699224792518,-0.005270497664132789,0.04512997919772643
2024-02-17,0.9918219889824514,0.14877329834736772,0.7917806802403109,0.19794517006007772,0.9687009484108476,0.29061028452325427,0.9342606900963562,0.2802782070289068,0.9176069599596065,0.34671846840744547,0.570888491552161,0.22417002314471557,False,False,0.9176069599596065,-0.00923699224792518,0.009585683458475325,-0.006859060652205207,0.10446212664573307
2024-02-18,0.9884873404395527,0.1482731010659329,0.7464144390014628,0.1866036097503657,0.9690239497683162,0.29070718493049486,0.9278344674049189,0.27835034022147565,0.903934235968269,0.33487671081629855,0.5690575251519705,0.23418081433567195,False,False,0.903934235968269,0.0,-0.0069611856456185395,-0.026727699952836304,0.19744706658352773
2024-02-19,0.9891978835393648,0.14837968253090472,0.717034909285049,0.17925872732126225,0.9666004260947365,0.2899801278284209,0.9270559445226357,0.2781167833567907,0.8957353210373785,0.32763840985216697,0.5680969111852117,0.2404585013330447,False,False,0.8957353210373785,-0.0069611856456185395,0.009349928044047662,-0.003988625339040874,0.18071074441141466
2024-02-20,0.9946193732830702,0.14919290599246052,0.7344109932925793,0.18360274832314483,0.9491532599402203,0.2847459779820661,0.9318415460395749,0.2795524638118725,0.8970940961095439,0.3327956543156053,0.5642984417939385,0.2315027874783332,False,False,0.8970940961095439,0.0,-0.007834658340927003,-0.010141254624578266,0.19382527198279642
2024-02-21,0.9887830372154788,0.14831745558232182,0.7297046319584451,0.1824261579896113,0.9347847265067406,0.28043541795202215,0.9312165049967766,0.27936495149903295,0.8905439830229882,0.3307436135719331,0.5598003694510552,0.22905675587912205,False,False,0.8905439830229882,-0.007834658340927003,-0.010819220824005882,0.05066751990717733,0.19552573328249379
2024-02-22,0.980725968691489,0.14710889530372334,0.7445790302949644,0.1861447575737411,0.9192662002872461,0.27577986008617383,0.9202070383150005,0.27606211149450016,0.8850956244581385,0.33325365287746445,0.5518419715806739,0.2185883187032095,False,False,0.8850956244581385,-0.018569114266261733,-0.010611947102289299,0.11209001954047326,0.230569590562548
2024-02-23,0.9752443820725483,0.14628665731088222,0.6795440042352796,0.1698860010588199,0.9188378933232562,0.2756513679969768,0.9250102661392293,0.2775030798417688,0.8693271062084478,0.3161726583697021,0.5531544478387456,0.23698178946904347,False,False,0.8693271062084478,-0.028984006910221072,0.016239704478250294,0.23033098396563934,0.3448980818478584
2024-02-24,0.9892540022585685,0.14838810033878527,0.7857422008877945,0.1964355502219486,0.9323135566162863,0.2796940669848859,0.9266275452482462,0.27798826357447387,0.9025059811200937,0.3448236505607339,0.5576823305593598,0.2128586799986259,False,False,0.9025059811200937,-0.01321499413878846,0.0031149029382824267,0.1854390165105564,0.23572250506222625
2024-02-25,0.9893118288663909,0.14839677432995863,0.7463934639616732,0.1865983659904183,0.9310296421494934,0.279308892644848,0.9276301647336008,0.27828904942008026,0.8925930823853052,0.3349951403203769,0.5575979420649282,0.22260280174455127,False,False,0.8925930823853052,-0.010141254624578266,0.05311581448263403,0.20605619494730698,0.277315076596522
2024-02-26,0.9921780048262868,0.14882670072394302,0.8681348608454955,0.21703371521137388,0.945671907619427,0.2837015722858281,0.9435327491447808,0.2830598247434342,0.9326218129645791,0.36586041593531693,0.5667613970292623,0.20090098109394539,False,False,0.9326218129645791,0.0,0.04700873606531397,0.13787255304905033,0.22664280560028938
2024-02-27,0.9926443487569464,0.14889665231354196,0.9219272991765027,0.23048182479412568,0.96025841085471,0.288077523256413,0.9553954753844596,0.28661864261533787,0.9540746429794185,0.37937847710766764,0.5746961658717509,0.19531768876408323,False,False,0.9540746429794185,0.0,0.09458295215029322,0.10653775228648477,0.19437880518271022
2024-02-28,0.9910489632900822,0.1486573444935123,0.9551283538765639,0.23878208846914098,0.9739233798193907,0.2921770139458172,0.9668998828906367,0.290069964867191,0.9696864117756614,0.38743943296265326,0.5822469788130082,0.19480754585035498,False,False,0.9696864117756614,0.0,-0.020840561185672013,0.09311892439946767,0.09420106003161854
2024-02-29,0.9726915530403512,0.14590373295605266,0.9418951074569538,0.23547377686423845,0.9639740970602942,0.2891922291180883,0.9650394892371368,0.289511846771141,0.9600815857095204,0.3813775098202911,0.5787040758892292,0.19732656606893811,False,False,0.9600815857095204,-0.020840561185672013,0.02056109684484042,0.04241760887850976,0.12800220117524708
2024-03-01,0.975560052899789,0.14633400793496834,0.9310823946663883,0.23277059866659708,0.971877158941436,0.2915631476824308,0.9703201568489566,0.29109604705468695,0.9617638013386832,0.3791046066015654,0.5826591947371178,0.20355458813555238,False,False,0.9617638013386832,-0.0007079691376711272,-0.006421437490282567,0.05908421344523518,0.15532178515385198
2024-03-02,0.9656032569979305,0.14484048854968956,0.9141244460679542,0.22853111151698854,0.9718799302056523,0.2915639790616957,0.9728090918134812,0.29184272754404433,0.956778306672418,0.37337160006667813,0.58340670660574,0.21003510653906188,False,False,0.956778306672418,-0.007124860448391113,0.018176148396896963,0.07801423130680996,0.1526882612045568
2024-03-03,0.9586222052500225,0.14379333078750337,0.9590797562678093,0.23976993906695232,0.9733700708264874,0.2920110212479462,0.9732519383380354,0.2919755815014106,0.9675498726038125,0.38356326985445566,0.5839866027493568,0.2004233328949011,False,False,0.9675498726038125,0.0,0.08130909844524137,0.07938369270701884,0.1577850355475976
2024-03-04,0.9805738467621568,0.1470860770143235,0.9679801748444553,0.24199504371111383,0.9823782376625131,0.2947134712987539,0.981249214123667,0.2943747642371001,0.9781693562612913,0.3890811207254373,0.589088235535854,0.20000711481041666,False,False,0.9781693562612913,0.0,-0.0662561793261438,0.0009899523354655049,0.04605754706046716
2024-03-05,0.8645425423890195,0.12968138135835292,0.926699939870565,0.23167498496764125,0.9671667466634404,0.2901500239990321,0.9705366969739083,0.29116100909217246,0.9426673994171987,0.36135636632599416,0.5813110330912046,0.21995466676521042,False,False,0.9426673994171987,-0.0662561793261438,0.03687825044280779,0.08210202088663299,0.09063836378156376
2024-03-06,0.9074548209874947,0.13611822314812422,0.9467640316953807,0.23669100792384518,0.971833061467857,0.2915499184403571,0.9743021091863598,0.29229063275590794,0.9566497822682344,0.3728092310719694,0.583840551196265,0.2110313201242956,False,False,0.9566497822682344,-0.03182134085790911,0.011337735667442228,0.09086866793675719,-0.011705202224655764
2024-03-07,0.9147501543185912,0.13721252314778867,0.9521323399894935,0.23803308499737338,0.9727246376656041,0.2918173912996812,0.9748940099618133,0.292468202988544,0.9595312024333873,0.37524560814516206,0.5842855942882252,0.20903998614306318,False,False,0.9595312024333873,-0.02084438714169734,0.01946959415424332,0.06926998524613537,0.023499483786836084
2024-03-08,0.9415630197793461,0.1412344529669019,0.9359566012011312,0.2339891503002828,0.971023602753066,0.2913070808259198,0.9783529340003256,0.29350588020009766,0.960036564293202,0.37522360326718474,0.5848129610260174,0.2095893577588327,False,False,0.960036564293202,-0.0017806247454968949,0.002775519239201163,0.07263528564523125,-0.007547979653042436
2024-03-09,0.9360553446174207,0.1404083016926131,0.947952201215259,0.23698805030381476,0.968370718144315,0.2905112154432945,0.9745978000948773,0.29237934002846316,0.9602869074681855,0.37739635199642785,0.5828905554717576,0.20549420347532976,False,False,0.9602869074681855,0.0,0.009406810711886537,0.04502302407716674,-0.09333281806009286
2024-03-10,0.9492700948119933,0.142390514221799,0.9468737112187802,0.23671842780469504,0.9712610949549269,0.29137832848647804,0.9809210041298424,0.2942763012389527,0.9647635717519247,0.37910894202649403,0.5856546297254308,0.20654568769893678,False,False,0.9647635717519247,0.0,0.04527851721999632,0.007888667362377255,-0.016175125312011263
2024-03-11,0.9649003794022791,0.14473505691034186,0.9647217904541072,0.2411804476135268,0.9781157487041306,0.2934347246112392,0.9846965058094347,0.2954089517428304,0.9747591808779383,0.3859155045238687,0.5888436763540696,0.20292817183020095,False,False,0.9747591808779383,0.0,-0.008686272251904659,-0.0940295318550296,-0.09124588467232086
2024-03-12,0.9644071347077028,0.1446610702061554,0.9876553621431841,0.24691384053579601,0.9793558687366121,0.2938067606209836,0.9840673205603432,0.29522019616810297,0.980601867531038,0.3915749107419514,0.5890269567890866,0.19745204604713518,False,False,0.980601867531038,-0.008686272251904659,0.02267815838910625,-0.04280537384462657,-0.10714002307282877
2024-03-13,0.9779440416257175,0.1466916062438576,0.9898628541343523,0.24746571353358807,0.9853151255300246,0.2955945376590074,0.986096153740153,0.2958288461220459,0.9855807035584989,0.39415731977744567,0.5914233837810533,0.19726606400360763,False,False,0.9855807035584989,0.0,-0.02303838069662678,-0.07475352188329354,-0.12429314976747041
2024-03-14,0.9720901003414127,0.1458135150512119,0.9902987356469849,0.24757468391174622,0.97532446986125,0.292597340958375,0.9848084083919045,0.29544252251757136,0.9814280624389045,0.3933881989629581,0.5880398634759463,0.19465166451298815,False,False,0.9814280624389045,-0.02303838069662678,-0.026461942143979122,-0.13239501805181586,-0.0585377791013566
2024-03-15,0.9462919722774978,0.14194379584162467,0.983766454993237,0.24594161374830925,0.9792391521524134,0.293771745645724,0.9819078395738903,0.29457235187216707,0.9762295071078249,0.3878854095899339,0.5883440975178911,0.20045868792795718,False,False,0.9762295071078249,-0.0488906825435208,-0.06042056205876711,-0.023875447213195566,0.005469939863179452
2024-03-16,0.8543578057054007,0.1281536708558101,0.9576861668243437,0.23942154170608593,0.9614432978757979,0.28843298936273937,0.9731918996626602,0.29195756989879806,0.9479657718234334,0.367575212561896,0.5803905592615375,0.21281534669964147,False,False,0.9479657718234334,-0.10635724208357167,0.04736324902225286,0.003072558411764126,0.07178139016422969
2024-03-17,0.8483535788847442,0.1272530368327116,0.9727414179859979,0.24318535449649947,0.9707868336548421,0.2912360500964526,0.978079404010513,0.29342382120315386,0.9550982626288176,0.3704383913292111,0.5846598712996065,0.21422147997039542,False,False,0.9550982626288176,-0.064031417603443,-0.011455624132592601,-0.06721166988432226,0.0157399506502669
2024-03-18,0.7384897611018433,0.11077346416527649,0.979295435074104,0.244823858768526,0.9636647946181054,0.2890994383854316,0.9770606376272849,0.29311819128818545,0.9378149526074195,0.3555973229338025,0.582217629673617,0.22662030673981454,False,False,0.9378149526074195,-0.07475352188329354,-0.08390165417862072,-0.053542087493283264,0.04689558451347198
2024-03-19,-0.043607548178857355,-0.0065411322268286035,0.9327462831654565,0.23318657079136412,0.9239981822214625,0.27719945466643875,0.956781888316798,0.2870345664950394,0.7908794597260136,0.2266454385645355,0.5642340211614781,0.33758858259694263,True,False,0.7908794597260136,-0.15238323192022818,0.09530768162693293,0.08512772573598504,0.12776028699945408
2024-03-20,0.4736502857756448,0.07104754286634671,0.9596377997381853,0.23990944993454633,0.9646140813748465,0.2893842244124539,0.9746736439624123,0.2924020931887237,0.8927433104020707,0.31095699280089306,0.5817863176011776,0.27082932480028454,False,False,0.8927433104020707,-0.07159884284643148,-0.034481462477213065,0.030063158428496495,0.025673008649256923
2024-03-21,0.2326252539997402,0.03489378809996103,0.9455065836185401,0.23637664590463503,0.9420430988414452,0.28261292965243356,0.9688191733734801,0.290645752012044,0.8445291156690736,0.27127043400459605,0.5732586816644776,0.3019882476598815,False,False,0.8445291156690736,-0.10361147251062341,-0.026024380901316868,0.06849836652022168,0.0882233275782287
2024-03-22,0.13785830841217128,0.02067874626182569,0.9571904407502192,0.2392976101875548,0.9322579933396332,0.27967739800188995,0.9631976729762924,0.2889593018928877,0.8286130563441583,0.2599763564493805,0.5686366998947776,0.3086603434453971,False,False,0.8286130563441583,-0.12693942898557753,0.003031037371247214,0.08892866458170845,0.09174715157412683
2024-03-23,0.06660658623860835,0.009990987935791252,0.9553562127836891,0.23883905319592227,0.928895537071976,0.2786686611215928,0.9645759714946931,0.28937279144840794,0.8168714937017143,0.24883004113171353,0.5680414525700007,0.3192114114382872,False,False,0.8168714937017143,-0.12429314976747041,0.05032004214407837,0.10611953334590818,0.023034533046642602
2024-03-24,-0.07747361482728078,-0.011621042224092116,0.966757654540345,0.24168941363508625,0.9447817522227752,0.2834345256668325,0.97109092333596,0.291327277000788,0.8048301740786147,0.23006837141099415,0.5747618026676204,0.3446934312566263,True,False,0.8048301740786147,-0.08022754415791133,0.039726534701165495,0.03928805821872583,-0.018549474564718782
2024-03-25,0.4564080973264949,0.06846121459897424,0.9754095484901283,0.24385238712253207,0.9578978653433586,0.2873693596030076,0.9756441807720919,0.29269325423162756,0.8923762155561414,0.3123136017215063,0.5800626138346352,0.2677490121131289,False,False,0.8923762155561414,-0.043688171773724305,0.0015453632591067024,-0.0042620199968489425,-0.01992300802475555
2024-03-26,0.3026848786634707,0.045402731799520604,0.966814850453618,0.2417037126134045,0.9597179153932474,0.2879153746179742,0.9761372776852902,0.29284118330558706,0.8678630023364864,0.2871064444129251,0.5807565579235612,0.2936501135106361,False,False,0.8678630023364864,-0.04221032261013424,-0.007401411670572067,0.018460450362919323,-0.03096788020803576
2024-03-27,0.20778984224768157,0.031168476337152234,0.9625548162924757,0.24063870407311894,0.9537476518368956,0.28612429555106866,0.9754067852192816,0.2926220355657845,0.8505535115271243,0.2718071804102712,0.5787463311168531,0.30693915070658195,False,False,0.8505535115271243,-0.04929931830632106,0.018865844086057848,0.0025883118739473687,-0.00826241662047178
2024-03-28,0.20477335279053493,0.03071600291858024,0.9681613094582154,0.24204032736455386,0.9583101101735693,0.28749303305207075,0.9757019606828558,0.29271058820485674,0.8529599515400615,0.2727563302831341,0.5802036212569275,0.30744729097379336,False,False,0.8529599515400615,-0.0313635474729792,-0.01314004119772949,-0.07511394365122659,-0.020064961302955986
2024-03-29,0.11985565869439152,0.017978348804158727,0.9555274436847827,0.23888186092119568,0.9555787640406532,0.28667362921219597,0.9762915152596496,0.2928874545778949,0.8364212935154453,0.2568602097253544,0.5795610837900909,0.32270087406473646,False,False,0.8364212935154453,-0.04409147036480676,-0.0038419173280550556,-0.05565110878169299,0.025332087625951072
2024-03-30,0.04893237196084,0.0073398557941259995,0.9572254579215641,0.23930636448039103,0.9474497644312175,0.2842349293293652,0.9757832716079222,0.29273498148237664,0.8236161310862589,0.24664622027451702,0.5769699108117419,0.3303236905372249,False,False,0.8236161310862589,-0.047763991908847836,0.024400356528065048,-0.01572802116863825,-0.006268558990247142
2024-03-31,-0.061557608071407616,-0.009233641210711142,0.9668196654569711,0.24170491636424277,0.948702609771438,0.2846107829314314,0.9787149299533349,0.29361447898600046,0.8106965370709635,0.23247127515353164,0.5782252619174318,0.34575398676390023,True,False,0.8106965370709635,-0.024529093812562186,-0.022870507453632394,-0.048532400598709224,-0.009103954951745874
2024-04-01,-0.13952158511672513,-0.02092823776750877,0.9552230851191831,0.23880577127979577,0.9355799691413264,0.2806739907423979,0.9760419717539902,0.29281259152619704,0.791364115780882,0.217877533512287,0.573486582268595,0.35560904875630794,True,False,0.791364115780882,-0.04683860844332355,-0.0600979471584987,-0.01082271593026829,0.005117459059466034
2024-04-02,-0.5222860922648936,-0.07834291383973405,0.9179158467560414,0.22947896168901036,0.8730298547007458,0.2619089564102237,0.9654708619278377,0.2896412585783513,0.7026862628378514,0.1511360478492763,0.551550214988575,0.4004141671392987,True,False,0.7026862628378514,-0.10412165138661778,0.007626941162614864,0.05951974513010905,0.025243343706975452
2024-04-03,-0.3950557089513621,-0.059258356342704314,0.9249974639104385,0.23124936597760962,0.8435901146208399,0.25307703438625195,0.9660322974460643,0.2898096892338193,0.7148777332549765,0.1719910096349053,0.5428867236200712,0.37089571398516585,True,False,0.7148777332549765,-0.09728883993288306,0.03827144435510177,0.08575559007981415,-0.030907650438243728
2024-04-04,-0.07627482824798548,-0.011441224237197822,0.9463115227506731,0.23657788068766827,0.8771603068753602,0.26314809206260803,0.9686254006722514,0.29058762020167545,0.7788723687147538,0.22513665645047046,0.5537357122642834,0.328599055813813,True,False,0.7788723687147538,-0.06274078000164507,-0.009741444423889245,0.009610618184642927,-0.04126209941947312
2024-04-05,0.20610488570616617,0.030915732855924923,0.9406312986232913,0.23515782465582283,0.8782422057985149,0.26347266173955447,0.9680614612757628,0.2904184383827288,0.8199646576340311,0.26607355751174777,0.5538911001222833,0.2878175426105355,False,False,0.8199646576340311,-0.07187103860403687,0.01585623959202964,0.04143960936953994,-0.06488631333656336
2024-04-06,0.04164150743200055,0.006246226114800082,0.9433600608726722,0.23584001521816805,0.8750593988196513,0.2625178196458954,0.9710058301934764,0.2913017490580429,0.7959058100369065,0.24208624133296813,0.5538195687039382,0.3117333273709701,False,False,0.7959058100369065,-0.05715440341984068,0.006740449372967916,0.0161145784951231,-0.07406250000000003
2024-04-07,0.14474566716922002,0.021711850075383003,0.934225729493444,0.233556432373361,0.8870100852914009,0.26610302558742027,0.9720859585838071,0.2916257875751421,0.8129970956113064,0.255268282448744,0.5577288131625624,0.3024605307138184,False,False,0.8129970956113064,-0.050799200409566425,0.03257781566683815,-0.03235088499358196,-0.11653654196581065
2024-04-08,0.7463754519707956,0.11195631779561933,0.9387387058419199,0.23468467646047997,0.9041873479819695,0.27125620439459086,0.97587163820572,0.292761491461716,0.9106586901124061,0.3466409942560993,0.5640176958563068,0.2173767016002075,False,False,0.9106586901124061,-0.019876311729693952,-0.034543423624685876,-0.10744889695615745,-0.1137939123149958
2024-04-09,0.14802839762977119,0.022204259644465676,0.8931340374932795,0.22328350937331987,0.9198372080696677,0.2759511624209003,0.9714196351604251,0.2914258905481275,0.8128648219868133,0.24548776901778555,0.5673770529690279,0.3218892839512423,False,False,0.8128648219868133,-0.053733139498204685,0.02147745350417951,-0.05038845341740672,-0.07705420414774533
2024-04-10,0.5447236930578881,0.08170855395868322,0.8988461958091692,0.2247115489522923,0.9265358779443978,0.2779607633833193,0.9735714862609337,0.2920714458782801,0.8764523121725749,0.30642010291097554,0.5700322092615995,0.26361210635062393,False,False,0.8764523121725749,-0.03340973699923133,-0.008846672031632585,-0.10209513998653286,-0.0805663738965906
2024-04-11,0.6487572488947002,0.09731358733420503,0.8827407034090898,0.22068517585227246,0.9070078998347455,0.27210236995042364,0.9734332322070912,0.29202996966212735,0.8821311027990284,0.31799876318647746,0.564132339612551,0.24613357642607359,False,False,0.8821311027990284,-0.04196084404496869,-0.04127789769567636,-0.08874695866353599,-0.07235184639995607
2024-04-12,0.353936727087354,0.0530905090631031,0.7988377753897479,0.19970944384743697,0.8754381559245202,0.26263144677735606,0.9692210071220849,0.29076630213662547,0.8061977018245216,0.2527999529105401,0.5533977489139815,0.30059779600344144,False,False,0.8061977018245216,-0.08150668631293256,-0.047559229828960214,-0.08700019011712767,-0.004428119932320618
2024-04-13,-0.3707226899976656,-0.05560840349964984,0.7229917359236175,0.18074793398090439,0.8548066095952992,0.25644198287858977,0.9742817771332154,0.2922845331399646,0.673866046499809,0.12513953048125454,0.5487265160185544,0.42358698553729984,True,False,0.673866046499809,-0.12518952091493907,0.027177838359652595,-0.0071088538652858135,0.038944217171160034
2024-04-14,-0.4601126061009001,-0.069016890915135,0.6995158862953893,0.17487897157384732,0.8686033407323643,0.2605810022197093,0.9797458852767684,0.2939237655830305,0.6603668484614522,0.10586208065871232,0.5545047678027398,0.4486426871440275,True,False,0.6603668484614522,-0.101414063119035,-0.034142357265650736,-0.028080693443863214,-0.020898744232570987
2024-04-15,-0.6435787693471086,-0.09653681540206628,0.6207981518553272,0.1551995379638318,0.8572411024861526,0.2571723307458458,0.9752947080143666,0.29258841240430994,0.6084234657119212,0.05866272256176551,0.5497607431501557,0.49109802058839014,True,False,0.6084234657119212,-0.1320939052099145,0.005887733504845949,0.023976667293703402,0.017003313939343068
2024-04-16,-0.5776990268048068,-0.08665485402072101,0.6233920320967374,0.15584800802418436,0.8375070370792913,0.25125211112378737,0.9755839778633336,0.29267519335900005,0.6131204584862507,0.06919315400346335,0.5439273044827875,0.4747341504793241,True,False,0.6131204584862507,-0.1269839054165588,-0.03944013635268473,0.017991832696146126,-0.0003664956510384121
2024-04-17,-0.7984452676418959,-0.11976679014628439,0.5452562411843599,0.13631406029608997,0.8039888053015386,0.24119664159046156,0.9699420799738581,0.2909826239921574,0.5487265357324245,0.016547270149805587,0.532179265582619,0.5156319954328134,True,False,0.5487265357324245,-0.16141577922501804,0.03578335689015377,0.09044040238672135,0.03565117106037685
2024-04-18,-0.600137238631487,-0.09002058579472305,0.6035578709023108,0.1508894677255777,0.8065714245493492,0.24197142736480473,0.9746643724107852,0.2923993117232355,0.5952396210188949,0.06086888193085466,0.5343707390880402,0.47350185715718557,True,False,0.5952396210188949,-0.13140842077057535,0.005481795516879773,0.04638279958052682,-0.005537412273625586
2024-04-19,-0.5540518962220796,-0.08310778443331195,0.6312281989268327,0.15780704973170817,0.8076683726087545,0.24230051178262632,0.9735906463312023,0.29207719389936065,0.6090769709803832,0.07469926529839623,0.534377705681987,0.45967844038359074,True,False,0.6090769709803832,-0.12664697934555602,0.017590332258871744,0.007389450094103411,0.0007519820815471423
2024-04-20,-0.5906466340768695,-0.08859699511153042,0.6478408231294407,0.16196020578236017,0.8223471260948453,0.24670413782845357,0.9768234721047996,0.29304704163143985,0.6131143901307232,0.07336321067082975,0.5397511794598935,0.46638796878906374,True,False,0.6131143901307232,-0.11128440953295515,8.623266280816111e-06,-0.0068100705583364896,-0.0657306932382351
2024-04-21,-0.47385675787461373,-0.07107851368119206,0.6641194292888329,0.16602985732220824,0.8282795483599616,0.24848386450798848,0.9773509116733028,0.2932052735019908,0.6366404816509954,0.09495134364101618,0.5416891380099793,0.4467377943689631,True,False,0.6366404816509954,-0.11127674590177061,0.028921107802987844,-0.018033866046412772,-0.10126368258030538
2024-04-22,0.16302499415958308,0.02445374912393746,0.7342525747352476,0.1835631436838119,0.8656223309123557,0.2596866992737067,0.9802724676904484,0.2940817403071345,0.7617853323885906,0.20801689280774938,0.5537684395808412,0.34575154677309183,False,False,0.7617853323885906,-0.08557388486297357,-0.0060659102786441155,-0.0502450488870585,-0.11611477039874107
2024-04-23,0.054611507049645,0.00819172605744675,0.7419773295860228,0.1854943323965057,0.8502177682046606,0.2550653304613982,0.9793346689294397,0.2938004006788319,0.7425517895941824,0.19368605845395245,0.5488657311402301,0.3551796726862776,False,False,0.7425517895941824,-0.09112071163384383,-0.031987382178456425,-0.049618755081759836,-0.05318140753455591
2024-04-24,-0.47583544904636843,-0.07137531735695526,0.6506583567271704,0.1626645891817926,0.8429245415826043,0.25287736247478126,0.9753243595524538,0.2925973078657361,0.6367639421653547,0.09128927182483734,0.5454746703405173,0.45418539851567996,True,False,0.6367639421653547,-0.1201933807848955,0.003247026462604552,-0.006588780547519435,-0.006183738300399755
2024-04-25,-0.3894316884600469,-0.05841475326900703,0.6509260857904476,0.1627315214476119,0.8270837169538202,0.24812511508614604,0.9689054772453856,0.29067164317361566,0.6431135264383665,0.10431676817860489,0.5387967582597617,0.4344799900811568,True,False,0.6431135264383665,-0.11733662541032941,-0.0112922286061935,-0.05932462757956247,-0.007540349100457422
2024-04-26,-0.5645336172340591,-0.08468004258510888,0.5097201240897646,0.12743003102244116,0.8357063660311765,0.25071190980935293,0.9695166663144354,0.2908549998943306,0.5843168981410158,0.042749988437332284,0.5415669097036835,0.4988169212663512,True,False,0.5843168981410158,-0.12730386201851018,-0.004830326982856015,-0.08475833703021218,-0.009484395564623549
2024-04-27,-0.6280617462364168,-0.09420926193546252,0.3676883992624457,0.09192209981561142,0.8420702564041602,0.2526210769212481,0.976565643740858,0.2929696931222574,0.5433036079236544,-0.0022871621198510966,0.5455907700435054,0.5478779321633566,True,False,0.5433036079236544,-0.1315192697216364,-0.0054104835682718955,-0.06935443867336011,-0.018119510295770858
2024-04-28,-0.8031525624714979,-0.12047288437072468,0.041768268766692644,0.010442067191673161,0.835605931088763,0.2506817793266289,0.976544039002313,0.2929632117006939,0.4336141738482713,-0.11003081717905151,0.5436449910273228,0.6536758082063743,True,False,0.4336141738482713,-0.13621817044216822,0.01184087991784355,-0.0037486561017968656,-0.030507479409404126
2024-04-29,-0.6132608423533215,-0.09198912635299822,0.1661232239994656,0.0415308059998664,0.8428858080858639,0.25286574242575915,0.9775671915958785,0.2932701574787635,0.49567757955139086,-0.050458320353131816,0.5461358999045227,0.5965942202576545,True,False,0.49567757955139086,-0.12599023352315875,-0.05001096044843889,0.0004077286819277326,-0.01240080794162779
2024-04-30,-0.8603173470440626,-0.1290476020566094,-0.10471784784403912,-0.02617946196100978,0.7359265782612083,0.2207779734783625,0.9694681700859246,0.2908404510257774,0.3563913604865207,-0.15522706401761918,0.5116184245041399,0.6668454885217591,True,True,0.3563913604865207,-0.16970030138598147,-0.03802462420886077,0.05505010548523215,0.002109539820674966
2024-05-01,-0.9046215198813262,-0.13569322798219893,-0.22093510675760833,-0.05523377668940208,0.6471202014709624,0.1941360604412887,0.9634380712375539,0.28903142137126614,0.2922404771409538,-0.190927004671601,0.48316748181255487,0.6740944864841558,True,True,0.2922404771409538,-0.2012721354065098,0.011918793070569533,0.0822448807906524,0.04216604583194328
2024-05-02,-0.7946595122988119,-0.11919892684482178,-0.24302224883162088,-0.06075556220790522,0.7428371294559067,0.22285113883677202,0.9656563632490603,0.2896969089747181,0.3325935587587632,-0.17995448905272698,0.5125480478114901,0.692502536864217,True,True,0.3325935587587632,-0.19175226326872208,0.06470302287768459,0.05505310561472365,0.0410320855135089
2024-05-03,-0.12769577386628525,-0.019154366079942788,-0.3011047468809245,-0.07527618672023112,0.7782766881474698,0.23348300644424091,0.9736168547269225,0.29208505641807675,0.43113751006214374,-0.0944305528001739,0.5255680628623176,0.6199986156624915,True,True,0.43113751006214374,-0.13945619146816157,0.016062304624168355,-0.026859510375065954,0.0009234755695626262
2024-05-04,-0.21345413291652116,-0.03201811993747817,0.010329821263723005,0.002582455315930751,0.7959799520239221,0.23879398560717663,0.9732521331503785,0.29197563994511355,0.5013339609307428,-0.029435664621547418,0.5307696255522902,0.5602052901738377,True,False,0.5013339609307428,-0.12563387467308118,0.0018775421789631874,-0.012803316344258242,-0.036225952403460604
2024-05-05,0.07660612290289372,0.011490918435434058,-0.1250257483473854,-0.03125643708684635,0.8023244519164924,0.2406973355749477,0.9751999468494278,0.2925599840548283,0.5134918009783638,-0.019765518651412288,0.5332573196297761,0.5530228382811884,False,False,0.5134918009783638,-0.12399221539292327,-0.013228925826407556,-0.050178247828532196,0.034282634506030085
2024-05-06,-0.0811588938970446,-0.01217383408455669,-0.21950879968658193,-0.054877199921645484,0.7884695780753381,0.23654087342260144,0.9735231755871223,0.2920569526761367,0.46154679209253596,-0.06705103400620217,0.5285978260987381,0.5956488601049402,True,True,0.46154679209253596,-0.13558085739884584,-0.013506014942723965,-0.037033055706790496,0.0327715312817074
2024-05-07,0.14426991308116333,0.021640486962174497,-0.34011482665066844,-0.08502870666266711,0.6889919048726124,0.20669757146178372,0.9719690151399242,0.2915907045419772,0.43490005630326833,-0.06338821970049262,0.4982882760037609,0.5616764957042535,False,False,0.43490005630326833,-0.14725571525559378,-0.01795879707433945,-0.013289397497243005,0.07561808240071577
2024-05-08,-0.31833402786765863,-0.04775010418014879,-0.4106025577935691,-0.10265063944839227,0.6889150752189326,0.20667452256567978,0.9732311474276304,0.29196934422828913,0.3482431231654278,-0.15040074362854106,0.4986438667939689,0.6490446104225099,True,True,0.3482431231654278,-0.16256997682162122,0.030738468090238502,0.028549820134744053,0.09351015957209508
2024-05-09,-0.10145041261709814,-0.015217561892564721,-0.3371955722796709,-0.08429889306991772,0.7155865775922513,0.21467597327767537,0.9736400305445767,0.292092009163373,0.40725152747856597,-0.09951645496248245,0.5067679824410484,0.6062844374035308,True,True,0.40725152747856597,-0.13682866077634503,-0.03605320162773862,-0.023726412828358412,0.0507340503640088
2024-05-10,-0.50344494476398,-0.075516741714597,-0.5881859741817764,-0.1470464935454441,0.6663318132709495,0.19989954398128484,0.9657319730347398,0.2897195919104219,0.2670559006316656,-0.22256323526004113,0.48961913589170675,0.7121823711517479,True,True,0.2670559006316656,-0.1679487511086606,0.0004276316492815013,0.08892287646757846,0.17510907485346627
2024-05-11,-0.5007659409053725,-0.07511489113580587,-0.5640275720706156,-0.1410068930176539,0.7911728462229749,0.23735185386689245,0.9639278212424834,0.28917834637274503,0.3104084160861777,-0.21612178415345978,0.5265302002396375,0.7426519843930972,True,True,0.3104084160861777,-0.16759293966081046,0.010817744191257805,0.07248907909267066,0.15326261027564048
2024-05-12,-0.6182560851977156,-0.09273841277965733,-0.5963650674919355,-0.14909126687298388,0.801380407300012,0.2404141221900036,0.9652217070036837,0.2895665121011051,0.2881509546384675,-0.2418296796526412,0.5299806342911088,0.77181031394375,True,True,0.2881509546384675,-0.15858817301906436,0.02368242529478004,0.09010491999624626,0.1249533415121562
2024-05-13,-0.4248577948573188,-0.06372866922859781,-0.46254358658453126,-0.11563589664613282,0.8502983155804541,0.2550894946741362,0.9689581109226273,0.2906874332767882,0.36641236207619376,-0.17936456587473062,0.5457769279509244,0.725141493825655,True,True,0.36641236207619376,-0.1386615002844439,-0.021649003306001613,0.06315721238358751,0.0799104481595827
2024-05-14,-0.3551444974718864,-0.053271674620782965,-0.447681243022249,-0.11192031075556225,0.8115522587865525,0.24346567763596572,0.9655206495886521,0.2896561948765956,0.3679298871362161,-0.16519198537634522,0.5331218725125613,0.6983138578889065,True,True,0.3679298871362161,-0.15730862031237236,0.0751737363767182,0.07627007856279944,0.11323131228635663
2024-05-15,0.18712974336479846,0.028069461504719766,0.05409315310671488,0.01352328827667872,0.8566140460182182,0.25698421380546543,0.9729793476826597,0.2918938043047979,0.5904707678916619,0.041592749781398486,0.5488780181102633,0.5072852683288648,False,False,0.5904707678916619,-0.09396036068880176,-0.014670613912531216,0.07914811989759296,0.046582586301949336
2024-05-16,0.16266424807788937,0.024399637211683405,-0.18652609872325543,-0.04663152468081386,0.8511726866681226,0.2553518060004368,0.968654699843061,0.2905964099529183,0.5237163284842246,-0.022231887469130452,0.5459482159533551,0.5681801034224855,False,False,0.5237163284842246,-0.10725251842658545,0.027420621471134998,0.07531408268632833,0.050164014188043504
2024-05-17,0.36994131980963935,0.0554911979714459,-0.034559332934249024,-0.008639833233562256,0.8957094636093357,0.2687128390828007,0.9726114731295107,0.2917834419388532,0.6073476457595375,0.04685136473788365,0.5604962810216538,0.5136449162837702,False,False,0.6073476457595375,-0.08277282766505178,-0.0016232991167343114,0.03196795177846745,0.03599352470756734
2024-05-18,0.3934854316685803,0.05902281475028704,0.3168675747881049,0.07921689369702622,0.8898385181723443,0.2669515554517033,0.975122877602664,0.2925368632807992,0.6977281271798157,0.13823970844731326,0.5594884187325024,0.4212487102851892,False,False,0.6977281271798157,-0.08426176172374777,-0.009582127827459264,0.01575800416048967,0.02216521806704619
2024-05-19,0.25723389605840064,0.038585084408760094,-0.1070650904335156,-0.0267662726083789,0.8828444108902763,0.2648533232670829,0.9738689348739697,0.2921606804621909,0.5688328155296549,0.011818811800381194,0.5570140037292738,0.5451951919288925,False,False,0.5688328155296549,-0.09303648257940322,0.07804884599558704,0.03434196904638798,0.020798650934204854
2024-05-20,0.8046605701962218,0.12069908552943327,0.3647880846046349,0.09119702115115873,0.9196272271538195,0.27588816814614586,0.9804090270555302,0.2941227081166591,0.7819069829433969,0.211896106680592,0.5700108762628049,0.3581147695822129,False,False,0.7819069829433969,-0.022249026684627027,-0.018171328468722492,-0.03017707485672505,-0.04331135608654402
2024-05-21,0.8616390983572768,0.1292458647535915,0.39636583714619106,0.09909145928654776,0.9349176059062332,0.2804752817718699,0.9798063409471396,0.29394190228414185,0.8027545080961511,0.2283373240401393,0.5744171840560117,0.34607986001587243,False,False,0.8027545080961511,-0.04001606078135378,-0.013994914206095221,-0.023388579116768837,-0.03718306092489143
2024-05-22,0.8011777218987493,0.12017665828481239,0.33004559120414784,0.08251139780103696,0.9256795421628574,0.2777038626488572,0.9781478324880661,0.2934443497464198,0.7738362684811264,0.20268805608584933,0.571148212395277,0.3684601563094277,False,False,0.7738362684811264,-0.05345095364994812,-0.017305602037514634,0.0039008701017917424,-0.02023765220853624
2024-05-23,0.5258231145942242,0.07887346718913361,0.05050885232312848,0.01262721308078212,0.9151823551145908,0.27455470653437725,0.9765460899643497,0.2929638269893049,0.6590192137935978,0.09150068026991573,0.5675185335236821,0.47601785325376633,False,False,0.6590192137935978,-0.06983155475507119,0.008538222574340226,0.006307815326399346,-0.0030016338174463364
2024-05-24,0.4857829503803676,0.07286744255705514,-0.0875239736635669,-0.021880993415891725,0.9206136618389789,0.2761840985516936,0.9768359434775803,0.2930507830432741,0.6202213307361311,0.05098644914116342,0.5692348815949677,0.5182484324538043,False,False,0.6202213307361311,-0.06188956953794189,0.010803502670095222,-0.013093656177046942,0.0037915395757168735
2024-05-25,0.5346144296809678,0.08019216445214518,-0.045643170066186116,-0.011410792516546529,0.905374936014603,0.2716124808043809,0.9754537788509114,0.2926361336552734,0.6330299863952529,0.06878137193559865,0.5642486144596544,0.4954672425240557,False,False,0.6330299863952529,-0.05175469099760077,-0.011298795781301996,-0.013542968401039412,0.018000573526816055
2024-05-26,0.5458601223028383,0.08187901834542574,-0.06348321879347416,-0.01587080469836854,0.894684893150857,0.2684054679452571,0.9745867359497618,0.2923760207849285,0.6267897023772429,0.0660082136470572,0.5607814887301856,0.4947732750831284,False,False,0.6267897023772429,-0.06246872109459656,0.01355702215532939,-0.014124841787788167,0.037956771847590165
2024-05-27,0.6767275274441801,0.101509129116627,-0.0873112392629539,-0.021827809815738473,0.9034958167899754,0.2710487450369926,0.9758601697055258,0.29275805091165774,0.6434881152495389,0.07968131930088854,0.5638067959486504,0.48412547664776184,False,False,0.6434881152495389,-0.049758588775161705,-0.014949501292044975,-0.024044726953848072,0.019624136782377954
2024-05-28,0.6909724588145623,0.10364586882218434,-0.09556870319827984,-0.02389217579956996,0.8762782929168804,0.2628834878750641,0.9695357123387545,0.2908607137016263,0.6334978945993048,0.07975369302261437,0.5537442015766905,0.4739905085540761,False,False,0.6334978945993048,-0.0639642239800221,-0.010906250863507161,-0.009251094945363358,0.013994627651323421
2024-05-29,0.49452511102348773,0.07417876665352316,-0.12750232541773546,-0.031875581354433864,0.8743860898450357,0.2623158269535107,0.9705833283099694,0.29117499849299083,0.5957940107455908,0.042303185299089295,0.5534908254465015,0.5111876401474122,False,False,0.5957940107455908,-0.07417286497051356,0.01034331070492378,0.017109217970325385,0.024508214192485722
2024-05-30,0.7433020456380908,0.11149530684571361,-0.1898500832666725,-0.04746252081666812,0.8870268446703555,0.26610805340110666,0.9722613270554898,0.2916783981166469,0.621819237546799,0.0640327860290455,0.5577864515177535,0.493753665488708,False,False,0.621819237546799,-0.06459674725385411,-0.011881992919902995,0.03197660001138214,0.018960188096442288
2024-05-31,0.6901343110500762,0.10352014665751143,-0.14057755060443833,-0.03514438765110958,0.8707577988473797,0.2612273396542139,0.9688639102819048,0.2906591730845714,0.6202622717451871,0.06837575900640185,0.5518865127387853,0.48351075373238345,False,False,0.6202622717451871,-0.07571120208023807,0.0033586018124664996,0.05282779792303849,0.029611929284582672
2024-06-01,0.6578535990589159,0.09867803985883739,0.16454877541176877,0.04113719385294219,0.8712179399001463,0.2613653819700439,0.9712601471143885,0.2913780441343165,0.69255865981614,0.13981523371177956,0.5527434261043604,0.4129281923925809,False,False,0.69255865981614,-0.07260688404830218,-1.8002902599123516e-05,0.044744738762388936,-0.006678929299502645
2024-06-02,0.5415858226167651,0.08123787339251477,0.1288336753610955,0.032208418840273874,0.8743825830683296,0.26231477492049887,0.9687328973163283,0.29061986919489846,0.666380936348186,0.11344629223278865,0.5529346441153973,0.4394883518826086,False,False,0.666380936348186,-0.07262357981623979,0.015410024226145236,0.023462778992831668,0.007354170543386163
2024-06-03,0.7311764830534155,0.10967647245801233,0.02286126458617758,0.005715316146544395,0.8910509737561272,0.26731529212683813,0.970693257582128,0.2912079772746384,0.6739150580060332,0.11539178860455673,0.5585232694014766,0.44313148079691983,False,False,0.6739150580060332,-0.05833268671445224,0.025111793506457758,0.007274534623651796,-0.029601699755413047
2024-06-04,0.5655409822379839,0.08483114733569758,0.18803366631984852,0.04700841657996213,0.9031670955362805,0.27095012866088414,0.9739026080733035,0.29217078242199107,0.694960474998535,0.1318395639156597,0.5631209110828752,0.4312813471672155,False,False,0.694960474998535,-0.034685731591444835,0.00808303741651284,-0.012613088237462322,-0.06370835852075984
2024-06-05,0.7101486763188778,0.10652230144783166,0.15221357202837302,0.038053393007093254,0.9026049227662015,0.2707814768298604,0.9762470467679026,0.2928741140303708,0.7082312853151561,0.1445756944549249,0.5636555908602312,0.4190798964053063,False,False,0.7082312853151561,-0.02688306024120468,-0.004344658828823844,-0.022050964729706912,-0.06862448669629295
2024-06-06,0.5228679491235371,0.07843019236853056,0.09934955919854607,0.024837389799636518,0.8835175279255147,0.2650552583776544,0.9765811567853182,0.29297434703559544,0.661297187581417,0.10326758216816709,0.5580296054132499,0.45476202324508275,False,False,0.661297187581417,-0.031110921345005704,-0.020388123797123736,-0.04922127497172979,-0.05822379562666513
2024-06-07,0.3526456332346397,0.05289684498519596,-0.15586797292822666,-0.038966993232056664,0.8527896847348936,0.25583690542046805,0.9763821327061395,0.29291463981184185,0.5626813969854492,0.013929851753139294,0.54875154523231,0.5348216934791706,False,False,0.5626813969854492,-0.0508647518263049,-0.0006508486697541782,-0.015739320256763722,-0.041110883620068206
2024-06-08,0.4334499860406259,0.06501749790609389,0.011795768331774283,0.002948942082943571,0.8185984293829062,0.24557952881487183,0.9767920277641137,0.2930376083292341,0.6065835771331434,0.06796643998903745,0.538617137144106,0.4706506971550685,False,False,0.6065835771331434,-0.051482495239995485,0.004871991904252138,-0.036609914289993384,-0.05966112474221075
2024-06-09,-0.4078123136681144,-0.06117184705021715,-0.06985414907231298,-0.017463537268078245,0.8105414506728296,0.24316243520184885,0.9769031692199026,0.2930709507659708,0.45759800164952424,-0.07863538431829539,0.5362333859678197,0.6148687702861151,True,True,0.45759800164952424,-0.046861325635763285,-0.0015526617078359672,-0.05174797202050185,-0.06710545321095429
2024-06-10,-0.15405841829556893,-0.023108762744335338,-0.03338024170286532,-0.00834506042571633,0.796885564071225,0.2390656692213675,0.9767716372320416,0.29303149116961247,0.5006433372209282,-0.031453823170051666,0.53209716039098,0.5635509835610316,True,True,0.5006433372209282,-0.0483412275577062,-0.032006902502156986,-0.04762366983031352,-0.06715573770491812
2024-06-11,-0.4039671942192873,-0.06059507913289309,0.014834894930135916,0.003708723732533979,0.7128142818991708,0.21384428456975124,0.9711727838137425,0.2913518351441227,0.4483097643135149,-0.05688635540035911,0.5051961197138739,0.562082475114233,True,False,0.4483097643135149,-0.07880087710258898,0.014109198885703833,-0.00946857603978013,-0.047102663567173964
2024-06-12,0.0687375210309048,0.01031062815463572,0.3286713105909106,0.08216782764772765,0.738611992631315,0.22158359778939452,0.9669452885905213,0.2900835865771564,0.6041456401689143,0.09247845580236337,0.5116671843665509,0.41918872856418754,False,False,0.6041456401689143,-0.06580349546429354,-0.021841383722223218,-0.025777280232227917,-0.05862505253501882
2024-06-13,-0.3787628546362886,-0.05681442819544329,0.08718668016739717,0.021796670041849292,0.6418738835710038,0.19256216507130114,0.9637923098589513,0.2891376929576854,0.44668209987539254,-0.035017758153593995,0.4816998580289865,0.5167176161825805,True,False,0.44668209987539254,-0.08620763979181756,-0.010917884336799966,-0.023927182554747684,-0.053359882982660145
2024-06-14,-0.6261642580208808,-0.09392463870313213,0.21125124560868566,0.052812811402171415,0.6187561743908536,0.1856268523172561,0.9623191188970139,0.28869573566910417,0.43321076068539954,-0.04111182730096071,0.4743225879863603,0.515434415287321,True,False,0.43321076068539954,-0.09618431908842195,0.0027899586321176173,-0.01619556904420827,-0.08707363077245944
2024-06-15,-0.47959191015332403,-0.07193878652299861,0.19567098204353095,0.04891774551088274,0.6152299630356781,0.18456898891070342,0.9604131134511908,0.28812393403535724,0.4496718819339448,-0.02302104101211587,0.4726929229460607,0.4957139639581766,True,False,0.4496718819339448,-0.09366271072761945,0.006773846508098869,-0.02050877080399982,-0.06677271406084262
2024-06-16,-0.5643218442867015,-0.08464827664300523,0.428384893546376,0.107096223386594,0.6444098539343804,0.19332295618031411,0.9558034240128322,0.28674102720384964,0.5025119301277525,0.02244794674358877,0.4800639833841638,0.45761603664057504,True,False,0.5025119301277525,-0.08752332104552196,-0.002587703951910103,-0.03799383504354659,-0.08716485941826602
2024-06-17,-0.4245500594085218,-0.06368250891127827,0.2521236698373347,0.06303091745933367,0.6227214485870881,0.18681643457612643,0.9535860596902994,0.2860758179070898,0.4722406610312716,-0.0006515914519445998,0.4728922524832162,0.4735438439351608,True,False,0.4722406610312716,-0.08988454055367823,-0.019983811580388866,-0.03371690234305047,-0.07214357320793996
2024-06-18,-0.524027729779552,-0.0786041594669328,0.11489377352448216,0.02872344338112054,0.5970780915627726,0.17912342746883178,0.9481835999656945,0.2844550799897083,0.41369779137272783,-0.049880716085812266,0.4635785074585401,0.5134592235443524,True,False,0.41369779137272783,-0.1080721164116526,-0.0030832222994838787,-0.030154205610344542,-0.07284168301743676
2024-06-19,-0.6677989660696058,-0.10016984491044086,0.002864211621896607,0.0007160529054741517,0.5727500343865033,0.171825010315951,0.924347334385986,0.2773042003157958,0.3496754186267801,-0.0994537920049667,0.44912921063174677,0.5485830026367134,True,False,0.3496754186267801,-0.11082212835186356,-0.0016064796011104887,-0.07204486938465116,-0.061373276878252225
2024-06-20,-0.5718116000945119,-0.08577174001417678,-0.006038197707122058,-0.0015095494267805146,0.5853600318850666,0.17560800956551997,0.9146839250519546,0.27440517751558635,0.362731897640149,-0.0872812894409573,0.4500131870811063,0.5372944765220636,True,True,0.362731897640149,-0.1122505744644251,-0.011198244365383747,-0.047232626365442565,-0.03234130296613269
2024-06-21,-0.7065609671134515,-0.10598414506701773,-0.22375515063936868,-0.05593878765984217,0.5845857554909363,0.17537572664728088,0.9030053847352487,0.2709016154205746,0.2843544093409956,-0.1619229327268599,0.4462773420678555,0.6082002747947154,True,True,0.2843544093409956,-0.12219180946680153,0.0018466390078755168,-0.05111300339426128,-0.019387293128102057
2024-06-22,-0.690492300142961,-0.10357384502144415,-0.1814819819450466,-0.04537049548626165,0.6090185852703295,0.18270557558109884,0.9082551621205625,0.2724765486361687,0.3062377837095618,-0.1489443405077058,0.45518212421726756,0.6041264647249733,True,True,0.3062377837095618,-0.12057081462073038,-0.016370480786393027,-0.0397675080502462,-0.03309171312879877
2024-06-23,-0.8835354631432281,-0.1325303194714842,-0.09523066556048172,-0.02380766639012043,0.5436405553074131,0.16309216659222392,0.9042474204964689,0.27127422614894064,0.27802840687955993,-0.15633798586160463,0.43436639274116456,0.5907043786027693,True,True,0.27802840687955993,-0.13496749320297496,-0.04614316624851034,-0.04401470589863865,-0.04748346029370987
2024-06-24,-0.9815386340123733,-0.147230795101856,-0.35197057063455683,-0.08799264265863921,0.4249804259765246,0.12749412779295738,0.8761023820916812,0.26283071462750435,0.15510140465996652,-0.2352234377604952,0.3903248424204617,0.6255482801809569,True,True,0.15510140465996652,-0.17488283197447574,0.025089189014368074,0.011500116928414794,-0.05379188068989427
2024-06-25,-0.9577236501985333,-0.14365854752978,-0.1676250354124698,-0.04190625885311745,0.3602908363181366,0.10808725089544097,0.8821420028960393,0.26464260086881175,0.18716504538135526,-0.18556480638289746,0.3727298517642527,0.5582946581471502,True,True,0.18716504538135526,-0.1541813113868833,-0.015225380185519222,0.01562954800026728,-0.0837656402670226
2024-06-26,-0.96781419355335,-0.1451721290330025,-0.221618258460121,-0.05540456461503025,0.19320949982006466,0.0579628499460194,0.8743406519781576,0.26230219559344725,0.1196883518914339,-0.20057669364803277,0.32026504553946666,0.5208417391874994,True,True,0.1196883518914339,-0.16705922248903526,0.013825353458531753,0.033434655949175385,-0.04329023959422318
2024-06-27,-0.914765439878489,-0.13721481598177335,-0.12111910228851686,-0.030279775572129214,-0.036557031237212705,-0.01096710937116381,0.8791532471095711,0.2637459741328713,0.08528427320780496,-0.16749459155390256,0.2527788647617075,0.4202734563156101,True,True,0.08528427320780496,-0.15554352182992193,-0.020721165868020086,0.006952269348740936,-0.09478195722425875
2024-06-28,-0.9464035773664695,-0.14196053660497043,-0.28815438574298075,-0.07203859643574519,-0.0361770029254859,-0.010853100877645771,0.8534553432534717,0.2560366029760415,0.031184369057680156,-0.2139991330407156,0.24518350209839576,0.4591826351391114,True,True,0.031184369057680156,-0.17304164458240812,0.009248055201046546,-0.0036284599945983764,-0.061448828884169804
2024-06-29,-0.9379489194064549,-0.14069233791096822,0.02878478882147138,0.007196197205367845,-0.07106287535453307,-0.021318862606359918,0.8677187999815071,0.2603156399944521,0.10550063668249182,-0.13349614070560037,0.2389967773880922,0.37249291809369256,True,False,0.10550063668249182,-0.16539388806253963,0.029274097229099905,-0.06454966887851576,-0.04815280976108227
2024-06-30,-0.8355234955831641,-0.1253285243374746,0.38853961887582705,0.09713490471895676,0.0392469071934497,0.01177407215803491,0.8864733455930419,0.26594200367791254,0.2495224562174296,-0.028193619618517837,0.27771607583594743,0.3059096954544653,True,False,0.2495224562174296,-0.1409615475936814,0.002038806786655245,-0.09786559327955247,-0.08038869553484118
2024-07-01,-0.689696675125084,-0.1034545012687626,0.3412090874389108,0.0853022718597277,-0.01061685639876632,-0.0031850569196298956,0.8824608468880086,0.26473825406640256,0.24340096773773776,-0.018152229409034895,0.26155319714677266,0.27970542655580755,True,False,0.24340096773773776,-0.13921013416691752,-0.01215453293394797,-0.07424261911647367,-0.08839588050808911
2024-07-02,-0.8339736108672396,-0.12509604163008595,-0.07174789629693523,-0.017936974074233808,-0.2934769033630015,-0.08804307100890044,0.876484748032481,0.2629454244097443,0.031869337696524086,-0.14303301570431975,0.17490235340084384,0.3179353691051636,True,True,0.031869337696524086,-0.14967263294039435,-0.031011111688702075,-0.10103182610512162,-0.0683405146850905
2024-07-03,-0.8556754664230285,-0.12835131996345428,-0.33897310336814235,-0.08474327584203559,-0.1844074521802612,-0.05532223565407836,0.8562850459229202,0.2568855137768761,-0.011531317682692166,-0.21309459580548987,0.20156327812279773,0.41465787392828757,False,False,-0.011531317682692166,-0.17604222989223983,-0.05246046327616427,-0.05803093180407182,-0.016684665208845706
2024-07-04,-0.9136064880461288,-0.1370409732069193,-0.573685660251595,-0.14342141506289874,-0.4454317907260273,-0.13362953721780818,0.8070687820046277,0.2421206346013883,-0.17197129088623794,-0.28046238826981806,0.10849109738358012,0.38895348565339816,False,False,-0.17197129088623794,-0.2192674362320881,-0.007383346646214428,0.017528305428868407,0.06569499286678471
2024-07-05,-0.931204517508559,-0.13968067762628386,-0.5514910108350703,-0.1378727527087676,-0.49320188977125895,-0.14796056693137769,0.7954500531580941,0.23863501594742823,-0.1868789813190009,-0.2775534303350514,0.09067444901605054,0.36822787935110196,False,False,-0.1868789813190009,-0.22503185538837434,0.02827784241902398,0.01937283138135215,0.1429546702304605
2024-07-06,-0.8764708481761527,-0.13147062722642291,-0.36308462579642514,-0.09077115644910629,-0.47074544522123973,-0.1412236335663719,0.7939369538131748,0.23818108614395242,-0.1252843310979487,-0.22224178367552921,0.09695745257758051,0.31919923625310975,False,False,-0.1252843310979487,-0.20311742831528345,-0.040740420809639244,-0.015288305212438957,0.1170160533730562
2024-07-07,-0.9297310284595693,-0.1394596542689354,-0.46335221971921464,-0.11583805492980366,-0.5716680159584588,-0.17150040478753764,0.7361893537252998,0.22085680611758993,-0.20594130786868678,-0.25529770919873906,0.049356401330052285,0.3046541105287913,False,False,-0.20594130786868678,-0.23558275962158637,0.015339126256471713,0.03636537128827655,0.14734161615000652
2024-07-08,-0.8609682273612334,-0.129145234104185,-0.5306477050427144,-0.1326619262606786,-0.558419584718847,-0.16752587541565409,0.756509737511739,0.22695292125352168,-0.20238011452699606,-0.2618071603648636,0.05942704583786759,0.32123420620273124,False,False,-0.20238011452699606,-0.22385726705879827,0.023545604290392763,0.04389344405375528,0.1282438284872578
2024-07-09,-0.7665487664851506,-0.11498231497277259,-0.2543871830447263,-0.06359679576118157,-0.6068071774979594,-0.18204215324938783,0.7799131109812902,0.23397393329438707,-0.12664733068895492,-0.17857911073395416,0.05193178004499924,0.2305108907789534,False,False,-0.12664733068895492,-0.20558251739610067,-0.005583979328165345,0.04733695090439283,0.14832041343669244
2024-07-10,-0.7812255159477429,-0.11718382739216143,-0.2856903843166878,-0.07142259607917195,-0.6004275828245664,-0.18012827484736993,0.7898406978626145,0.23695220935878433,-0.13178248895991898,-0.18860642347133338,0.0568239345114144,0.2454303579827478,False,False,-0.13178248895991898,-0.21001852819689404,-0.0066860860429079905,0.12123320834600104,0.1630830901580489
2024-07-11,-0.765294333794682,-0.1147941500692023,-0.3736568557959194,-0.09341421394897985,-0.6589595792442301,-0.19768787377326902,0.8063277873783675,0.24189833621351026,-0.16399790157794092,-0.20820836401818216,0.04421046244024124,0.2524188264584234,False,False,-0.16399790157794092,-0.21530041228967267,0.009578148824491928,0.13435847191196215,0.18879439775695417
2024-07-12,-0.731961176610546,-0.10979417649158191,-0.4418397631009899,-0.11045994077524747,-0.5947889948399091,-0.17843669845197271,0.7624160863727908,0.22872482591183724,-0.1699659898069648,-0.22025411726682936,0.05028812745986452,0.27054224472669386,False,False,-0.1699659898069648,-0.20778444285606568,0.02271446610847283,0.1070821622723448,0.1665755729489662
2024-07-13,-0.5164614452433358,-0.07746921678650037,-0.21893705190338614,-0.054734262975846534,-0.4809141839938882,-0.14427425519816645,0.8239751146120943,0.24719253438362826,-0.029285200576885106,-0.13220347976234692,0.10291827918546181,0.23512175894780873,False,False,-0.029285200576885106,-0.1897896894327148,0.026921989418961845,0.08080363461805473,0.11370832588732993
2024-07-14,0.07676777245954013,0.011515165868931018,-0.48059686584763944,-0.12014921646190986,-0.23308904536296024,-0.06992671360888807,0.833974790470611,0.2501924371411833,0.07163167293931638,-0.10863405059297884,0.1802657235322952,0.288899774125274,False,False,0.07163167293931638,-0.16797721602448856,0.06457837119729937,0.09641926835971826,0.07530012133640773
2024-07-15,0.35864655758351754,0.05379698363752763,-0.045109840427976174,-0.011277460106994043,-0.17950197638001414,-0.05385059291400424,0.8713397061570332,0.2614019118471099,0.25007084246363925,0.042519523530533586,0.2075513189331057,0.1650317954025721,False,False,0.25007084246363925,-0.11424653983630761,0.0049417419837483045,0.037324868279439594,0.016621464572569078
2024-07-16,0.4978819473774241,0.0746822921066136,-0.17248141208842838,-0.043120353022107094,-0.1267110242793249,-0.03801330728379747,0.8620413289246098,0.25861239867738295,0.252161030478092,0.03156193908450651,0.22059909139358547,0.18903715230907897,False,False,0.252161030478092,-0.10986937477496639,-0.014697745325894074,0.04798829223115009,0.04403173913531444
2024-07-17,0.3001292676388798,0.04501939014583197,-0.24487385426318697,-0.061218463565796744,0.11673145380370957,0.03501943614111287,0.8510346334100499,0.255310390023015,0.2741307527441631,-0.016199073419964773,0.29032982616412784,0.30652889958409263,False,False,0.2741307527441631,-0.12295228801130287,-0.001561447004345129,0.053738929868138996,0.05942626691834163
2024-07-18,0.443885166991998,0.0665827750487997,-0.20076393230166703,-0.05019098307541676,-0.20848815785553387,-0.06254644735666016,0.8797631863029924,0.2639289558908977,0.21777430050762048,0.01639179197338294,0.20138250853423756,0.1849907165608546,False,False,0.21777430050762048,-0.12432175153385527,0.041759132036171875,0.030444652678192963,0.06660569682527595
2024-07-19,0.6088142331468153,0.09132213497202228,-0.4078477108642083,-0.10196192771605207,0.06318290573311677,0.01895487171993503,0.8775844836944835,0.26327534510834505,0.27159042408425027,-0.010639792744029791,0.2822302168282801,0.2928700095723099,False,False,0.27159042408425027,-0.08775418793495393,0.007200120012001321,-0.01926192619261924,0.0018705370537053234
2024-07-20,0.4974651097171292,0.07461976645756938,-0.2682771381922573,-0.06706928454806432,0.18301147883150076,0.054903443649450226,0.8830297391660316,0.26490892174980946,0.32736284730876475,0.007550481909505052,0.31981236539925967,0.3122618834897546,False,False,0.32736284730876475,-0.08118590860763997,0.015272276003738927,-0.019958456930865176,-0.014178739457098355
2024-07-21,0.5713445985322884,0.08570168977984326,-0.09112595044594682,-0.022781487611486705,0.22483030511070373,0.06744909153321112,0.8850101781283898,0.26550305343851693,0.3958723471400846,0.06292020216835656,0.33295214497172804,0.2700319428033715,False,False,0.3958723471400846,-0.06715352620777126,-0.009291085469536275,-0.003775379100287468,-0.05189352829458482
2024-07-22,0.5881954765031723,0.08822932147547584,-0.04063143026857091,-0.010157857567142728,0.017562708248305862,0.005268812474491759,0.8790650094094733,0.26371950282284196,0.34705977920566683,0.07807146390833311,0.2689883152973337,0.19091685138900058,False,False,0.34705977920566683,-0.07582068252573038,-0.023633237038257815,0.005397292335886483,-0.032251224271275136
2024-07-23,0.6345936408076736,0.09518904612115103,-0.23773877105280727,-0.05943469276320182,-0.21166374820693376,-0.06349912446208013,0.8702156990068642,0.26106470970205925,0.23331993859792832,0.035754353357949215,0.19756558523997914,0.16181123188202992,False,False,0.23331993859792832,-0.09766203140145524,-0.00849323457697837,0.03509266029291136,-0.06730282890942285
2024-07-24,0.8584878721074417,0.12877318081611625,-0.3479161467624935,-0.08697903669062337,-0.24686769330144448,-0.07406030799043334,0.8684087805014689,0.26052263415044064,0.22825647028550017,0.04179414412549287,0.1864623261600073,0.14466818203451443,False,False,0.22825647028550017,-0.1053257994364768,0.006484795643661334,0.021547509789525243,-0.07155546377875677
2024-07-25,0.8922888467379864,0.13384332701069795,-0.2468559638522999,-0.06171399096307498,-0.19804840922960745,-0.05941452276888223,0.8633038154146122,0.25899114462438366,0.2717059579031244,0.07212933604762298,0.19957662185550143,0.12744728580787845,False,False,0.2717059579031244,-0.09952402007816641,0.0320371064111753,0.005897420894696692,-0.11609355326257842
2024-07-26,0.8969998836375483,0.13454998254563225,-0.13603122555840844,-0.03400780638960211,-0.15134485623967306,-0.045403456871901914,0.8798410246140588,0.2639523073842176,0.3190910266683458,0.10054217615603014,0.21854885051231568,0.11800667435628553,False,False,0.3190910266683458,-0.07067537528870338,-0.00016919953012906053,-0.04830050189970292,-0.20452939337477083
2024-07-27,0.9710076898839035,0.14565115348258553,-0.045452344791394504,-0.011363086197848626,-0.10418792726520988,-0.03125637817956296,0.881601146560752,0.26448034396822556,0.3675120330733995,0.1342880672847369,0.2332239657886626,0.0989358985039257,False,False,0.3675120330733995,-0.07083261657854178,0.005204686544961978,-0.03744640739949778,-0.17489104740303252
2024-07-28,0.9642342182091977,0.14463513273137965,0.05434654950299409,0.013586637375748523,-0.07112145715674266,-0.021336437147022796,0.8711829138836426,0.26135487416509273,0.39824020712519814,0.15822177010712818,0.24001843701806994,0.08179666691094176,False,False,0.39824020712519814,-0.06599659160003069,-0.02146802309396001,-0.09892398345608822,-0.19217205949666138
2024-07-29,0.8972999276087917,0.13459498914131876,-0.14159072508221482,-0.035397681270553705,-0.23576389294192562,-0.07072916788257769,0.845331999518694,0.2535995998556082,0.2820677398437956,0.09919730787076506,0.18287043197303052,0.08367312410226546,False,False,0.2820677398437956,-0.08604779834139864,-0.008934532749946156,-0.09113915180260634,-0.07634534202374832
2024-07-30,0.8886277266309989,0.13329415899464983,-0.12375353207256527,-0.030938383018141318,-0.18641399415873972,-0.05592419824762191,0.8297951694427123,0.24893855083281366,0.29537012856170025,0.10235577597650851,0.19301435258519176,0.09065857660868325,False,False,0.29537012856170025,-0.0942135342190028,-0.023569227050220576,-0.12127575995648754,-0.08083051308394273
2024-07-31,0.8303196852259659,0.12454795278389488,-0.2810552020362615,-0.07026380050906537,-0.04861824663319917,-0.014585473989959751,0.7697754533801413,0.23093263601404238,0.27063131429891213,0.05428415227482951,0.21634716202408263,0.16206300974925314,False,False,0.27063131429891213,-0.11556222109001202,0.011233830537847433,-0.16415779538280628,-0.05732020177013053
2024-08-01,0.8350410050351136,0.12525615075526703,-0.2166148410544515,-0.054153710263612875,-0.03509767108833254,-0.01052930132649976,0.7339574298619989,0.22018722895859966,0.28076036812375404,0.07110244049165415,0.2096579276320999,0.13855548714044574,False,False,0.28076036812375404,-0.10562659696046706,-0.05899698289408972,-0.14279167524813308,-0.10162236385764789
2024-08-02,0.30867439279780023,0.04630115891967004,-0.5675674576332455,-0.14189186440831136,-0.3808281771342651,-0.11424845314027952,0.6644753412267527,0.19934260236802578,-0.010496556260895046,-0.09559070548864132,0.08509414922774626,0.18068485471638757,False,False,-0.010496556260895046,-0.15839192932051926,-0.013014011925201907,-0.10348524911164247,-0.034987779342951275
2024-08-03,-0.01404561556092551,-0.0021068423341388262,-0.7014161115345195,-0.1753540278836299,-0.3911512292228569,-0.11734536876685706,0.6619740976661356,0.19859222929984066,-0.0962140096847851,-0.1774608702177687,0.0812468605329836,0.2587077307507523,False,False,-0.0962140096847851,-0.1693446267886881,-0.04179693594466638,0.016277310006476364,-0.0018260901225888304
2024-08-04,-0.771394888140959,-0.11570923322114385,-0.813065765734622,-0.2032664414336555,-0.5542327877670634,-0.16626983633011902,0.5681035048911351,0.17043105146734053,-0.3148144595175779,-0.31897567465479937,0.004161215137221508,0.3231368897920209,False,False,-0.3148144595175779,-0.2040634762148943,-0.07121937380719046,0.0460272347449322,0.008981791922422211
2024-08-05,-0.9044237199569759,-0.13566355799354637,-0.889654239841245,-0.22241355996031126,-0.7118013174074035,-0.21354039522222104,0.4531537049974369,0.13594611149923105,-0.4356714016768476,-0.35807711795385766,-0.07759428372298999,0.2804828342308677,False,False,-0.4356714016768476,-0.2607495770291415,0.03708337891930613,0.1278202907468715,0.06520413907674016
2024-08-06,-0.7692602283888037,-0.11538903425832055,-0.8005511319337294,-0.20013778298343235,-0.7031703548152045,-0.21095110644456136,0.5130155877936102,0.15390467633808305,-0.3725732473482313,-0.3155268172417529,-0.05704643010647831,0.2584803871352746,False,False,-0.3725732473482313,-0.23333567347785578,-0.01584823536320812,0.04802719502566921,0.0509190941203288
2024-08-07,-0.8096444042748335,-0.12144666064122503,-0.8264579222411542,-0.20661448056028855,-0.6696047084954116,-0.2008814125486235,0.5872413631100438,0.17617240893301314,-0.352770144817124,-0.3280611412015136,-0.024709003615610348,0.30335213758590324,False,False,-0.352770144817124,-0.2454859501691541,0.11883431252058596,0.07640417483462159,0.07904047146088722
2024-08-08,-0.4209278153122323,-0.06313917229683484,-0.49017657065808873,-0.12254414266452218,-0.42161856557266203,-0.1264855696717986,0.712191406033543,0.2136574218100629,-0.09851146282309273,-0.18568331496135704,0.08717185213826428,0.2728551670996213,False,False,-0.09851146282309273,-0.1558237917703823,-0.013747043696631933,-0.0178134451599139,-0.0528262576315951
2024-08-09,-0.5160259015290061,-0.0774038852293509,-0.5297356407916934,-0.13243391019792336,-0.4348441656628448,-0.13045324969885344,0.6575953546639554,0.1972786063991866,-0.14301243872694114,-0.20983779542727427,0.06682535670033316,0.2766631521276074,False,False,-0.14301243872694114,-0.16742871899257195,0.0014057006156844576,-0.035415371217885405,-0.02300355419368716
2024-08-10,-0.5749513095409746,-0.0862426964311462,-0.41707892414658726,-0.10426973103664681,-0.313435009549292,-0.09403050286478759,0.6548257725925332,0.19644773177775995,-0.08809519855482065,-0.190512427467793,0.10241722891297236,0.2929296563807654,False,False,-0.08809519855482065,-0.1662583730302586,-0.03629009556409346,-0.05551961796029159,-0.03134602717407453
2024-08-11,-0.665562127549082,-0.09983431913236229,-0.5815065957624742,-0.14537664894061855,-0.2789585027256728,-0.08368755081770184,0.6389297065440843,0.19167891196322528,-0.13721960692745738,-0.24521096807298084,0.10799136114552345,0.3532023292185043,False,False,-0.13721960692745738,-0.19651493634875328,0.0107992169992841,0.002759374096765299,0.04161696835380635
2024-08-12,-0.5400783865024098,-0.08101175797536146,-0.478576415480181,-0.11964410387004525,-0.3292098083339704,-0.09876294250019112,0.6424864913464285,0.19274594740392856,-0.10667285694166925,-0.2006558618454067,0.09398300490373744,0.29463886674914413,False,False,-0.10667285694166925,-0.18783792679069988,0.02090278404977952,0.002449169826632014,0.017342178091295457
2024-08-13,-0.4069650896915319,-0.06104476345372978,-0.36237093567954387,-0.09059273391988597,-0.153924410986063,-0.046177323295818896,0.6951336814625152,0.20854010443875456,0.010725283769319915,-0.15163749737361576,0.16236278114293567,0.31400027851655143,True,True,0.010725283769319915,-0.17086147836098464,-0.031421844400999266,-0.03564782301197533,0.05694425303055173
2024-08-14,-0.5671538009338094,-0.08507307014007141,-0.4836943671494126,-0.12092359178735315,-0.2747082755766605,-0.08241248267299815,0.6149474824697535,0.18448424474092603,-0.10392489985949668,-0.20599666192742455,0.10207176206792788,0.30806842399535245,False,False,-0.10392489985949668,-0.19691453997480035,-0.019465985179111134,0.012867525206025077,0.09327375258995785
2024-08-15,-0.7407996636364754,-0.11111994954547132,-0.5660253805602297,-0.14150634514005742,-0.21073404482071026,-0.06322021344621308,0.5994441805984432,0.17983325417953294,-0.13601325395220887,-0.2526262946855287,0.11661304073331986,0.36923933541884857,False,False,-0.13601325395220887,-0.21254738963721065,0.023175450712934476,0.025594592800341376,0.11607259233667233
2024-08-16,-0.6681008273699636,-0.10021512410549453,-0.4833935443397208,-0.1208483860849302,-0.25118258382196024,-0.07535477514658807,0.5861530240651922,0.17584590721955765,-0.12057237811745516,-0.22106351019042475,0.10049113207296957,0.3215546422633943,False,False,-0.12057237811745516,-0.1942978204769763,0.010486525598475405,0.03875066667119609,0.06725141232382059
2024-08-17,-0.6501746740493182,-0.09752620110739772,-0.37618045544246015,-0.09404511386061504,-0.23511665666066928,-0.07053499699820077,0.5948916626553893,0.17846749879661677,-0.08363881316959676,-0.19157131496801277,0.107932501798416,0.2995038167664288,False,False,-0.08363881316959676,-0.1858488039466607,-0.017895518371464747,0.014856621874642206,-0.001294123797169977
2024-08-18,-0.6388531483460719,-0.09582797225191078,-0.42954402314761586,-0.10738600578690397,-0.34593660871581144,-0.10378098261474343,0.5638904620750579,0.16916713862251737,-0.13782782203104083,-0.20321397803881475,0.06538615600777394,0.26860013404658867,False,False,-0.13782782203104083,-0.2004184616327832,0.017306107499313272,0.0960147944413019,0.010398383633692054
2024-08-19,-0.5392239594396081,-0.08088359391594122,-0.36002692817676957,-0.09000673204419239,-0.29286928778022137,-0.08786078633406641,0.5982257595268928,0.17946772785806783,-0.07928338443613217,-0.1708903259601336,0.09160694152400142,0.26249726748413504,False,False,-0.07928338443613217,-0.18658081757533385,-0.007145200501358473,0.0793847422125391,-0.0013373486881398389
2024-08-20,-0.4719126239954714,-0.07078689359932071,-0.34477471338916704,-0.08619367834729176,-0.4014257315214915,-0.12042771945644745,0.6116296650953073,0.18348889952859218,-0.09391939187446771,-0.15698057194661247,0.06306118007214473,0.2200417520187572,False,False,-0.09391939187446771,-0.19239286072540918,0.03630049242719502,0.0882200434474647,0.0018671903859774908
2024-08-21,-0.3507591156940184,-0.05261386735410276,-0.20792803550847938,-0.051982008877119845,-0.2731488220033275,-0.08194464660099825,0.6406634563424103,0.19219903690272308,0.005658514070502246,-0.1045958762312226,0.11025439030172483,0.21485026653294742,True,True,0.005658514070502246,-0.16307632388202342,-0.012757368324922358,0.027437523331713898,-0.0356798830793954
2024-08-22,-0.10712353123055444,-0.016068529684583166,-0.19311591786524776,-0.04827897946631194,-0.2112789705788832,-0.06338369117366496,0.656731755833456,0.19701952675003678,0.06928832642547672,-0.0643475091508951,0.13363583557637182,0.19798334472726692,True,True,0.06928832642547672,-0.1737532674781085,0.06064346268308651,-0.015914312744965464,-0.0509140742389671
2024-08-23,0.287877881265183,0.04318168218977745,0.2486870068755882,0.06217175171889705,-0.024011299859747953,-0.007203389957924386,0.6987164499732882,0.20961493499198644,0.3077649789427366,0.1053534339086745,0.20241154503406206,0.09705811112538756,False,False,0.3077649789427366,-0.12364680458739497,0.0018703179587378216,-0.07811610868925634,-0.07659777342059093
2024-08-24,0.5099580190198919,0.07649370285298378,0.15692496390148603,0.039231240975371506,0.02026393821602426,0.006079181464807278,0.7234459412725873,0.2170337823817762,0.33883790767493877,0.11572494382835528,0.22311296384658347,0.10738802001822818,False,False,0.33883790767493877,-0.12200774546781745,0.0009818100937060148,-0.0747852806731486,-0.10395247534135399
2024-08-25,0.8096945052559182,0.12145417578838773,0.2240918519211404,0.0560229629802851,0.039757389629754884,0.011927216888926465,0.7368846969838485,0.22106540909515454,0.4104697647527538,0.17747713876867283,0.232992625984081,0.055515487215408166,False,False,0.4104697647527538,-0.12114572381012212,-0.021582061663033336,-0.07935238243537845,-0.09730769230769232
2024-08-26,0.6335066474286755,0.09502599711430132,0.07654798135736725,0.019136995339341812,-0.01510147402095532,-0.004530442206286595,0.7113180462411257,0.2133954138723377,0.32302796411969426,0.11416299245364313,0.2088649716660511,0.09470197921240799,False,False,0.32302796411969426,-0.1401132109916725,-0.05441321577489899,-0.061431868096890274,-0.10589808065696915
2024-08-27,0.426014482501111,0.06390217237516665,-0.06978677497528143,-0.01744669374382036,-0.2331265575771629,-0.06993796727314887,0.6360456756939207,0.19081370270817619,0.1673312140663736,0.046455478631346296,0.12087573543502732,0.07442025680368103,False,False,0.1673312140663736,-0.18690241638396765,-0.006397374400403888,-0.03556576622065133,-0.09176184465202386
2024-08-28,-0.3554243566298994,-0.05331365349448491,-0.1337681845613973,-0.033442046140349325,-0.09095186338084707,-0.02728555901425412,0.5670621857518218,0.17011865572554652,0.056077397076458174,-0.08675569963483423,0.1428330967112924,0.22958879634612664,True,True,0.056077397076458174,-0.19210410605042316,0.0054901422717748005,0.0016469918641346393,-0.08256200992971952
2024-08-29,-0.20597251232278693,-0.03089587684841804,-0.22887747129210045,-0.057219367823025113,0.0567177679211417,0.017015330376342508,0.549375142749886,0.1648125428249658,0.09371262852986514,-0.08811524467144316,0.1818278732013083,0.2699431178727515,True,True,0.09371262852986514,-0.18766864265185723,-0.003959297838693754,-0.03152478452723517,-0.07562558742135361
2024-08-30,-0.2492206258527259,-0.037383093877908884,-0.2524503740750533,-0.06311259351876332,0.0036085156859336064,0.0010825547057800818,0.6164511045810535,0.18493533137431603,0.08552219868342392,-0.1004956873966722,0.18601788608009612,0.2865135734767683,True,True,0.08552219868342392,-0.19088490443930894,-0.0025370412247210927,-0.019502912438757902,-0.03521396306304769
2024-08-31,0.03973653385345774,0.005960480078018661,-0.21450332724002275,-0.053625831810005686,-0.21739636626903164,-0.06521890988070948,0.5702210868583882,0.17106632605751645,0.058182064444819936,-0.04766535173198703,0.10584741617680697,0.153512767908794,False,False,0.058182064444819936,-0.19293766279229063,-0.028353686091105557,-0.04737664858694479,-0.02268796803472173
2024-09-01,-0.29635615755548056,-0.04445342363332208,-0.20385724632067406,-0.050964311580168516,-0.3572120450006057,-0.1071636135001817,0.5244621741797146,0.15733865225391439,-0.0452426964597579,-0.09541773521349059,0.05017503875373268,0.14559277396722325,False,False,-0.0452426964597579,-0.21582085495743197,0.03194084799341579,-0.058268440151855394,0.0006306950594623384
2024-09-02,-0.2040643384822047,-0.030609650772330705,0.151197047307756,0.037799261826939,-0.2641317528408096,-0.07923952585224288,0.5784792723353843,0.1735437817006153,0.1014938669029807,0.007189611054608292,0.09430425584837242,0.08711464479376413,True,False,0.1014938669029807,-0.19077350808602045,-0.0278089086254798,-0.08407053830125855,-0.016908066731233906
2024-09-03,-0.17491126834424514,-0.02623669025163677,0.0634611222397733,0.015865280559943323,-0.30969961013885666,-0.092909883041657,0.5356611423838447,0.1606983427151534,0.057417049981802956,-0.010371409691693447,0.0677884596734964,0.07815986936518986,True,False,0.057417049981802956,-0.21327721365697394,0.008404750022309004,-0.045536325751599604,0.05236369569645549
2024-09-04,0.06455621802476393,0.009683432703714589,-0.018953160560491303,-0.004738290140122826,-0.24082060839549918,-0.07224618251864975,0.44122911134061615,0.13236873340218483,0.06506769344712685,0.004945142563591763,0.060122550883535075,0.05517740831994331,False,False,0.06506769344712685,-0.20666500530090637,-0.030893086013844884,-0.01602355664652444,0.03488181139157742
2024-09-05,-0.3811079301191361,-0.057166189517870405,0.024598613777279836,0.006149653444319959,-0.2818284185251215,-0.08454852555753646,0.41620713696583056,0.12486214108974916,-0.01070292054133773,-0.051016536073550445,0.0403136155322127,0.09133015160576315,False,False,-0.01070292054133773,-0.23117357152993867,-0.03946297614809535,0.02591651833392672,0.0525453898184407
2024-09-06,-0.6645645387399259,-0.09968468081098888,-0.20709173057534655,-0.05177293264383664,-0.4830907121616465,-0.14492721364849395,0.3141946927489072,0.09425840782467217,-0.20212641927864733,-0.15145761345482553,-0.050668805823821786,0.10078880763100374,False,False,-0.20212641927864733,-0.261513750538678,0.0036671443399056702,0.06254344414327084,0.0787766129254932
2024-09-07,-0.5548641995994883,-0.08322962993992324,-0.2862847105390714,-0.07157117763476785,-0.37431311374495874,-0.11229393412348762,0.3350806963300579,0.10052420889901736,-0.16657053279916134,-0.15480080757469108,-0.011769725224470257,0.14303108235022083,False,False,-0.16657053279916134,-0.2588056148688678,0.013092295801802267,0.07332712220596194,0.11360842497700374
2024-09-08,-0.580600428146596,-0.0870900642219894,-0.211886111332894,-0.0529715278332235,-0.33658421154498197,-0.10097526346349459,0.5117820007628618,0.15353460022885854,-0.08750225528984895,-0.1400615920552129,0.05255933676536395,0.19262092882057685,False,False,-0.08750225528984895,-0.2491016787320961,0.03958541970605056,0.10257071493595316,0.1255703713963654
2024-09-09,-0.25973796134318095,-0.03896069420147714,-0.021784906908309372,-0.005446226727077343,-0.24751179220720917,-0.07425353766216275,0.5699653691024595,0.17098961073073785,0.052329152140020624,-0.04440692092855448,0.0967360730685751,0.14114299399712957,True,True,0.052329152140020624,-0.2193770535281374,0.010413204305599333,0.05173433610322209,0.10353756880894771
2024-09-10,-0.4495473328613498,-0.06743209992920246,-0.01832507661494785,-0.004581269153736962,-0.2890406593586119,-0.08671219780758356,0.6242244814426421,0.1872673444327926,0.028541777542269636,-0.07201336908293943,0.10055514662520905,0.17256851570814846,True,True,0.028541777542269636,-0.21124826730088697,-0.005170207018218909,0.02595617772853398,0.09655529470388213
2024-09-11,-0.3994806928250473,-0.05992210392375709,-0.13373356051563734,-0.033433390128909335,-0.23707217230370545,-0.07112165169111163,0.5906605095077945,0.17719815285233834,0.012721007108560278,-0.09335549405266642,0.1060765011612267,0.19943199521389313,True,True,0.012721007108560278,-0.21532627704492024,0.013853291011196811,0.01527765181903784,0.10483379259827696
2024-09-12,-0.7252385950573121,-0.10878578925859682,-0.18702402136804142,-0.046756005342010354,-0.4255158986373291,-0.12765476959119873,0.5893857192545527,0.17681571577636582,-0.10638084841544013,-0.15554179460060719,0.04916094618516709,0.20470274078577427,False,False,-0.10638084841544013,-0.20445596361198437,0.04069474605520651,0.03752938124609506,0.09369039460320883
2024-09-13,-0.47273500645168537,-0.0709102509677528,-0.2833767073285982,-0.07084417683214955,-0.2552847227509208,-0.07658541682527624,0.6547161442557159,0.19641484327671477,-0.021925001348463813,-0.14175442779990235,0.11982942645143853,0.2615838542513409,False,False,-0.021925001348463813,-0.17208150107544018,-0.008346887500413236,0.0208600284306919,0.04697659426757905
2024-09-14,-0.5336530338834375,-0.08004795508251562,-0.3352600307524351,-0.08381500768810878,-0.367413796843261,-0.11022413905297829,0.6884636899818879,0.20653910699456637,-0.06754799482903631,-0.1638629627706244,0.09631496794158809,0.2601779307122125,False,False,-0.06754799482903631,-0.1789920436454745,-0.014352167243428138,0.04925505512890416,0.07116943418260413
2024-09-15,-0.4896722132227206,-0.07345083198340809,-0.33394373088057916,-0.08348593272014479,-0.40497213457220915,-0.12149164037166274,0.6605004943546526,0.1981501483063958,-0.0802782567688198,-0.1569367647035529,0.07665850793473306,0.23359527263828594,False,False,-0.0802782567688198,-0.19077528714325975,-0.01552475816816612,0.06881299465602386,0.06798366366772646
2024-09-16,-0.20154168230620056,-0.030231252345930083,-0.38613660137652234,-0.09653415034413058,-0.42198795643519976,-0.1265963869305599,0.6385167180060521,0.19155501540181563,-0.06180677421880498,-0.12676540269006067,0.06495862847125572,0.1917240311613164,False,False,-0.06180677421880498,-0.20333830511406437,0.03607380287796791,0.08820852169727589,0.11955888953840832
2024-09-17,0.19926801484992415,0.029890202227488623,-0.407490564953035,-0.10187264123825875,-0.5403792299035094,-0.1621137689710528,0.685677602106753,0.2057032806320259,-0.028392927349797037,-0.07198243901077012,0.04358951166097308,0.1155719506717432,False,False,-0.028392927349797037,-0.1745996881723212,0.023974537250810224,0.05412956430174831,0.09045927818736588
2024-09-18,0.35011520020705916,0.05251728003105887,-0.3445664118543535,-0.08614160296358837,-0.42492773867733435,-0.1274783216032003,0.7660997675644498,0.2298299302693349,0.06872728573360509,-0.0336243229325295,0.1023516086661346,0.1359759315986641,False,False,0.06872728573360509,-0.15481109764957812,0.019235754409934414,0.025582905696714064,0.0663537996039183
2024-09-19,0.5168047481569532,0.07752071222354298,-0.3293001420979174,-0.08232503552447935,-0.3231188760816316,-0.09693566282448947,0.7757315450341665,0.23271946351024994,0.1309794773848241,-0.004804323300936372,0.13578380068576046,0.14058812398669684,False,False,0.1309794773848241,-0.13855325149396336,0.004020144249244684,0.02088565496690209,0.042162108750414484
2024-09-20,0.5599094636686519,0.08398641955029779,-0.27735582318833124,-0.06933895579708281,-0.2535312089590755,-0.07605936268772265,0.775128106442935,0.23253843193288048,0.17112653299837283,0.014647463753214976,0.15647906924515784,0.14183160549194285,False,False,0.17112653299837283,-0.13509011130192639,0.0023403092195461994,-0.0007759364757389253,0.0020021819257749485
2024-09-21,0.7461129561027622,0.11191694341541432,-0.17114189768745347,-0.04278547442186337,-0.27409110313970886,-0.08222733094191266,0.780025863465277,0.2340077590395831,0.2209118970912214,0.06913146899355095,0.15178042809767045,0.0826489591041195,False,False,0.2209118970912214,-0.13306595471532967,0.003627526008319615,0.02880915487799629,-0.04014556829346527
2024-09-22,0.6188181354214971,0.09282272031322457,-0.11984777273327017,-0.029961943183317543,-0.29761473874051897,-0.08928442162215569,0.7420461660101806,0.22261384980305418,0.1961902053108055,0.06286077712990702,0.1333294281808985,0.07046865105099147,False,False,0.1961902053108055,-0.12992112891856178,-0.0037554994781276996,0.03446418269245877,-0.04607639406619446
2024-09-23,0.7703135270090566,0.1155470290513585,-0.16319435173307606,-0.040798587933269015,-0.2728812526684572,-0.08186437580053715,0.7307302657618788,0.21921907972856364,0.21210314504611597,0.07474844111808948,0.13735470392802648,0.062606262809937,False,False,0.21210314504611597,-0.13318870966483798,0.014567574134444872,0.039753874290160196,-0.04084749618684813
2024-09-24,0.7933295099877677,0.11899942649816515,-0.2357861168140636,-0.0589465292035159,-0.2695375808434538,-0.08086127425303614,0.7477152791006558,0.22431458373019675,0.20350620677180986,0.06005289729464925,0.14345330947716062,0.08340041218251137,False,False,0.20350620677180986,-0.12056137193230665,-0.017283587524333677,0.020841172250776863,-0.033871903919380886
2024-09-25,0.8592404813696791,0.12888607220545187,-0.30470298072489216,-0.07617574518122304,-0.277246620887063,-0.0831739862661189,0.6967893183154619,0.20903679549463855,0.17857313625274848,0.05271032702422883,0.12586280922851967,0.07315248220429084,False,False,0.17857313625274848,-0.13576122643279454,0.03201766657941674,0.0027802757188566396,-0.017323439111439187
2024-09-26,0.9822957925200411,0.14734436887800614,-0.19584298867142153,-0.04896074716785538,-0.13160357355760124,-0.039481072067280375,0.7398380685873561,0.22195142057620684,0.2808539702190772,0.09838362171015076,0.18247034850892646,0.0840867267987757,False,False,0.2808539702190772,-0.10809031753571563,0.009144138635673427,-0.06702382346086222,-0.03611993066559216
2024-09-27,0.9847423674486931,0.14771135511730396,-0.0659993597264171,-0.016499839931604275,-0.13576056389760802,-0.0407281691692824,0.7574524105021944,0.2272357231506583,0.3177190691670756,0.13121151518569968,0.1865075539813759,0.05529603879567621,False,False,0.3177190691670756,-0.09993457174876275,0.0013387572896133015,-0.07785728892906252,-0.053914439649110246
2024-09-28,0.9792091908648054,0.1468813786297208,-0.021589134525304064,-0.005397283631326016,-0.08929566086975059,-0.026788698260925177,0.7472786797722561,0.22418360393167683,0.33887900066914645,0.1414840949983948,0.19739490567075166,0.05591081067235687,False,False,0.33887900066914645,-0.0987296025955624,-0.0038869993015275828,-0.07751966351847916,-0.05614367275046317
2024-09-29,0.9538261929807583,0.14307392894711374,0.06487405482528552,0.01621851370632138,-0.11475651403375477,-0.034426954210126426,0.7405215792273253,0.22215647376819758,0.3470219622115063,0.15929244265343512,0.18772951955807116,0.02843707690463604,False,False,0.3470219622115063,-0.10223284000076105,-0.03466997428889751,-0.053596071217939745,-0.07569874764507978
2024-09-30,0.8003548516373812,0.12005322774560717,-0.13454458584599088,-0.03363614646149772,-0.23420537878181744,-0.07026161363454522,0.7055179892898928,0.21165539678696785,0.2278108644365321,0.08641708128410945,0.14139378315242263,0.054976701868313174,False,False,0.2278108644365321,-0.13335840435535118,-0.03982166382772501,-0.02004797592960661,-0.04739166609687806
2024-10-01,0.5426671729329172,0.08140007593993757,-0.04958667387525413,-0.012396668468813533,-0.40707501393524137,-0.12212250418057241,0.6669603036470328,0.20008809109410985,0.1469689943846615,0.06900340747112405,0.07796558691353744,0.008962179442413398,False,False,0.1469689943846615,-0.16786951463623556,-0.002573768480562233,0.033123989199711046,0.02852064392562692
2024-10-02,0.4147303732176375,0.062209555982645624,-0.0035235828209352277,-0.0008808957052338069,-0.48535107854527304,-0.1456053235635819,0.6599495483692323,0.19798486451076966,0.11370820122459957,0.061328660277411816,0.05237954094718775,-0.008949119330224069,False,False,0.11370820122459957,-0.17001122585117978,0.001705378860227258,0.02596436429253579,0.0421594452563987
2024-10-03,0.04800913228899967,0.00720136984334995,0.1924833036234845,0.04812082590587113,-0.5023896903398741,-0.15071690710196223,0.650480870120815,0.1951442610362445,0.09974954968350334,0.05532219574922108,0.044427353934282265,-0.010894841814938813,False,False,0.09974954968350334,-0.16859578054152047,0.021946181495442696,0.023172299638979155,0.03485128482334354
2024-10-04,0.3654933313087491,0.05482399969631237,0.57745058049501,0.1443626451237525,-0.4297072579792417,-0.1289121773937725,0.641772251968717,0.1925316755906151,0.26280614301690747,0.19918664482006487,0.0636194981968426,-0.13556714662322228,False,False,0.26280614301690747,-0.15034963264520773,-0.00045098734014104025,-0.023354379409206594,0.06439438842895351
2024-10-05,0.5000933834433331,0.07501400751649996,0.45486510176124445,0.11371627544031111,-0.37132578851933945,-0.11139773655580183,0.612836431744396,0.18385092952331877,0.261183475924328,0.18873028295681107,0.07245319296751694,-0.11627708998929413,False,False,0.261183475924328,-0.15073281420443096,0.012277385671468632,-0.02790309065712726,0.08082986883238252
2024-10-06,0.7077081012555428,0.10615621518833142,0.5563713242220055,0.13909283105550138,-0.33149783429961216,-0.09944935028988365,0.5736926600059133,0.172107798001774,0.31790749395572315,0.2452490462438328,0.07265844771189035,-0.17259059853194247,False,False,0.31790749395572315,-0.14030603342629588,-0.009486005312646983,-0.004455752961123327,0.07641048833084918
2024-10-07,0.3692478313898878,0.05538717470848317,0.04943979683825775,0.012359949209564437,-0.37551910641534614,-0.11265573192460383,0.5383043831316264,0.16149131493948793,0.1165827069329317,0.0677471239180476,0.048835583014884096,-0.018911540903163507,False,False,0.1165827069329317,-0.14846109496046456,-0.001020667266649511,0.01578522756492684,0.08353336333247618
2024-10-08,0.08373780484611919,0.012560670726917878,0.12231896952576878,0.030579742381442194,-0.3739159524830598,-0.11217478574491795,0.5180107273525294,0.1554032182057588,0.08636884556920094,0.04314041310836007,0.04322843246084086,8.801935248078929e-05,False,False,0.08636884556920094,-0.1493302328471171,-0.02452474232426416,0.01141448531052447,0.1008278731393526
2024-10-09,-0.4447138573092359,-0.06670707859638539,-0.02675777174214536,-0.00668944293553634,-0.35133707314513846,-0.10540112194354154,0.4158726948641306,0.12476180845923918,-0.05403583501622408,-0.07339652153192172,0.01936068651569764,0.09275720804761936,False,False,-0.05403583501622408,-0.17019268968958334,-0.005106370767738344,0.08984709088756171,0.1276795541659892
2024-10-10,-0.5343456616618912,-0.08015184924928369,0.15564604655062417,0.03891151163765604,-0.4092551266535117,-0.12277653799605351,0.4144538413596576,0.12433615240789728,-0.039680723199783885,-0.041240337611627646,0.0015596144118437683,0.042799952023471415,False,False,-0.039680723199783885,-0.174429993481808,0.036693891346722296,0.11185403270442662,0.14430832012324957
2024-10-11,-0.14671852425407836,-0.022007778638111753,0.289059903943017,0.07226497598575425,-0.22511363128141498,-0.0675340893844245,0.4048564682603196,0.12145694047809588,0.10418004844131389,0.0502571973476425,0.053922851093671384,0.0036656537460288824,True,False,0.10418004844131389,-0.14413661736351657,0.010652702270546932,0.08122817396866,0.07735049568276309
2024-10-12,-0.066983741451793,-0.01004756121776895,0.2368573226643763,0.05921433066609408,-0.15238116404101001,-0.045714349212303,0.421688502941876,0.1265065508825628,0.12995897111858493,0.049166769448325126,0.0807922016702598,0.031625432221934674,True,False,0.12995897111858493,-0.135019359564027,-0.005319096759781039,0.06669533473129707,0.06676210031227936
2024-10-13,-0.08473357831645138,-0.012710036747467707,0.38003996016364416,0.09500999004091104,-0.17997212366228224,-0.053991637098684674,0.40271128727026984,0.12081338618108095,0.1491217023758396,0.08229995329344333,0.06682174908239627,-0.015478204211047064,True,False,0.1491217023758396,-0.1396202752858433,0.051120868102157546,0.08840429826489649,0.060420372062868655
2024-10-14,0.27181852016585983,0.040772778024878976,0.652282869060364,0.163070717265091,-0.030756908131159198,-0.009227072439347759,0.5066679690604745,0.15200039071814234,0.34661681356876456,0.20384349528996998,0.14277331827879458,-0.0610701770111754,False,False,0.34661681356876456,-0.09563691686096021,0.014983205463229288,0.03471355164844003,0.031993982203556204
2024-10-15,0.5429792553740709,0.08144688830611063,0.6274474036357162,0.15686185090892904,0.029342351665570043,0.008802705499671012,0.5154571994767156,0.15463715984301468,0.4017486045577254,0.23830873921503967,0.1634398653426857,-0.07486887387235397,False,False,0.4017486045577254,-0.08208665897292844,0.008138307848598592,0.0291893418238387,-0.005602904487482019
2024-10-16,0.37083767726518396,0.05562565158977759,0.619646419788012,0.154911604947003,0.1262712720100342,0.037881381603010265,0.5401108048640373,0.1620332414592112,0.4104518795990021,0.2105372565367806,0.19991462306222146,-0.010622633474559134,False,False,0.4104518795990021,-0.07461639762531447,-0.0029315286998625734,-0.0035863644504045,-0.00779724818141847
2024-10-17,0.2568525045582639,0.03852787568373959,0.6723972453776789,0.16809931134441972,0.12678818004333017,0.03803645401299905,0.5202481070823625,0.15607443212470873,0.40073807316586707,0.2066271870281593,0.19411088613770777,-0.012516300890451526,False,False,0.40073807316586707,-0.07732918621405815,0.014924257413553965,6.259104995454123e-05,0.008898014855140302
2024-10-18,0.38109946047092724,0.057164919070639086,0.6654914331697949,0.16637285829244872,0.1818196819930639,0.054545904597919165,0.5565661785649536,0.16696985356948607,0.44505353553049304,0.2235377773630878,0.22151575816740524,-0.0020220191956825673,False,False,0.44505353553049304,-0.06355900948114346,-0.000730695037119311,-0.02571096627111713,0.022420792657976252
2024-10-19,0.4096574335792794,0.06144861503689191,0.6860429670580093,0.17151074176450232,0.21680762088370106,0.06504228626511031,0.5723729326778861,0.17171187980336583,0.4697135228698704,0.23295935680139424,0.23675416606847616,0.0037948092670819222,False,False,0.4697135228698704,-0.06424326226547072,0.00956433355757702,-0.0026283307496562935,0.06374009184240537
2024-10-20,0.7583973332649212,0.11375959998973817,0.6067707259340096,0.1516926814835024,0.241751478814157,0.0725254436442471,0.602381969200646,0.1807145907601938,0.5186923158776815,0.26545228147324057,0.2532400344044409,-0.012212247068799698,False,False,0.5186923158776815,-0.0552933726970275,-0.023967004283086846,-0.033805486412893604,0.04798862092777556
2024-10-21,0.8606726875527335,0.12910090313291003,0.559700125454311,0.13992503136357776,0.21604350678676262,0.06481305203602879,0.5404642955103791,0.16213928865311372,0.4959782751856303,0.2690259344964878,0.2269523406891425,-0.04207359380734532,False,False,0.4959782751856303,-0.07793516047985827,0.0007198248673518926,-0.004226039850098395,0.04325642833290044
2024-10-22,0.8721834813525678,0.13082752220288518,0.30530320141988077,0.07632580035497019,0.37116109171222533,0.11134832751366759,0.5366298986645053,0.16098896959935158,0.4794906196708746,0.20715332255785537,0.2723372971130192,0.06518397455516381,False,False,0.4794906196708746,-0.07727143527906088,-0.011232313944175898,0.00883487082134482,0.030700471628155146
2024-10-23,0.8187237958340324,0.12280856937510486,0.23001850464802395,0.05750462616200599,0.25869393598438,0.077608180795314,0.4298250607890376,0.12894751823671127,0.3868688945691361,0.18031319553711084,0.20655569903202525,0.026242503494914415,False,False,0.3868688945691361,-0.08763581220326533,0.022943767422919148,0.04940193029257389,0.04059014244326242
2024-10-24,0.8216337512054709,0.12324506268082062,0.3481227666400226,0.08703069166000565,0.3774523807636377,0.1132357142290913,0.3871278918089298,0.11613836754267894,0.4396498361125965,0.2102757543408263,0.22937408177177024,0.019098327430943945,False,False,0.4396498361125965,-0.06670274047345648,-0.02199395644582236,0.06654332044737776,0.008471034753369189
2024-10-25,0.689668385164486,0.1034502577746729,0.3457696966481552,0.0864424241620388,0.2644871703897541,0.07934615111692624,0.1529370568008867,0.04588111704026601,0.3151199500939039,0.18989268193671172,0.12522726815719226,-0.06466541377951945,False,False,0.3151199500939039,-0.08722963975048859,0.005913641316056761,0.08465594266003373,0.017266999038806352
2024-10-26,0.6511089034309957,0.09766633551464936,0.654784895276882,0.1636962238192205,0.34994526354215433,0.1049835790626463,0.2139084690196057,0.0641725407058817,0.4305186791023979,0.26136255933386987,0.169156119768528,-0.09220643956534186,False,False,0.4305186791023979,-0.08183184323604498,0.013845607186230069,0.04768398259365103,0.033971623763875636
2024-10-27,0.785129655958919,0.11776944839383785,0.7223453338920746,0.18058633347301864,0.36360035033448335,0.109080105100345,0.19926946594699554,0.05978083978409866,0.46721672675130016,0.2983557818668565,0.16886094488444367,-0.12949483698241285,False,False,0.46721672675130016,-0.0691192476065865,0.028527808037729363,0.02167411281987941,0.11099825496863502
2024-10-28,0.8756136296866064,0.13134204445299094,0.7795785433874939,0.19489463584687347,0.36148238528666615,0.10844471558599984,0.27491905737051103,0.08247571721115331,0.5171571130970175,0.3262366802998644,0.19092043279715315,-0.13531624750271126,False,False,0.5171571130970175,-0.0425632601962902,0.03965297837218107,-0.008396961731197528,0.0842694934879844
2024-10-29,0.9702527621987196,0.14553791432980792,0.8576868125864645,0.21442170314661613,0.46434488027397225,0.13930346408219166,0.31834030248587397,0.09550209074576219,0.5947651723043779,0.359959617476424,0.23480555482795384,-0.12515406264847018,False,False,0.5947651723043779,-0.004598041860122137,-0.00538492271134583,-0.05444906416895401,0.05187717514829582
2024-10-30,0.9699937023386886,0.1454990553508033,0.8526435896463896,0.2131608974115974,0.48301468956322846,0.14490440686896852,0.13696411619181814,0.04108923485754544,0.5446535944889147,0.3586599527624007,0.18599364172651395,-0.17266631103588675,False,False,0.5446535944889147,-0.0099582044714277,-0.028374281253896405,-0.06212932688679251,0.05988991044822334
2024-10-31,0.8620488886427373,0.1293073332964106,0.8525985450128659,0.21314963625321648,0.4906198103518581,0.1471859431055574,0.23017932098756666,0.06905379629627,0.5586967089514544,0.34245696954962707,0.2162397394018274,-0.12621723014779967,False,False,0.5586967089514544,-0.038049928830867996,-0.011324188908526045,-0.013088258537492403,0.14337333645744366
2024-11-01,0.7777305892978497,0.11665958839467744,0.7666595860324147,0.19166489650810367,0.6021889129221052,0.18065667387663156,0.12045474889955028,0.03613642466986508,0.5251175834492777,0.3083244849027811,0.21679309854649664,-0.09153138635628444,False,False,0.5251175834492777,-0.04894323315735727,-0.0017449922664622974,0.08742919197807208,0.2755838788442677
2024-11-02,0.7943187733125526,0.11914781599688289,0.8339321290105408,0.2084830322526352,0.6149771719034258,0.18449315157102775,0.08961972295519309,0.026885916886557927,0.5390099167071037,0.3276308482495181,0.21137906845758567,-0.11625177979193244,False,False,0.5390099167071037,-0.05060281986046444,-0.008630662976178316,0.09345116104218909,0.2677814720458771
2024-11-03,0.4691937268157426,0.07037905902236138,0.7967433764091493,0.19918584410228732,0.5298921713798882,0.15896765141396646,0.02284998841174384,0.006854996523523151,0.43538755106213833,0.2695649031246487,0.1658226479374896,-0.1037422551871591,False,False,0.43538755106213833,-0.05879674695278281,-0.01346371022794457,0.1124489811051792,0.3140516043462258
2024-11-04,0.1451456254467694,0.02177184381701541,0.8415622889521165,0.21039057223802912,0.6022126390395331,0.18066379171185995,-0.016321295040910358,-0.004896388512273107,0.4079298192546314,0.23216241605504453,0.17576740319958684,-0.0563950128554577,False,False,0.4079298192546314,-0.07146883481740929,0.022431831623900944,0.13010241265992462,0.2870387196700488
2024-11-05,0.30460346640055774,0.04569051996008366,0.9342670275516362,0.23356675688790904,0.6171814321543053,0.18515442964629159,0.014414853849067677,0.004324456154720303,0.4687361626490046,0.2792572768479927,0.18947888580101188,-0.0897783910469808,False,False,0.4687361626490046,-0.050640180062488827,0.0893729329739763,0.1585365625127484,0.31223053793597755
2024-11-06,0.7514256750698664,0.11271385126047995,0.9615918220073726,0.24039795550184315,0.7191533005999019,0.21574599017997056,0.11124229533572559,0.033372688600717675,0.6022304855430113,0.3531118067623231,0.24911867878068825,-0.10399312798163488,False,False,0.6022304855430113,0.0,0.0037831476979763856,0.17302706995012307,0.19868379805798408
2024-11-07,0.7087707471408782,0.10631561207113173,0.9574159646128324,0.2393539911532081,0.7344940690186523,0.2203482207055957,0.14029834731298993,0.042089504193896975,0.6081073281238325,0.3456696032243398,0.2624377248994927,-0.08323187832484713,False,False,0.6081073281238325,0.0,0.008593568843003663,0.15943127339819219,0.18453057420922203
2024-11-08,0.7466977944050827,0.11200466916076239,0.943692337239995,0.23592308430999875,0.7578375498671295,0.22735126496013883,0.10820089938074716,0.032460269814224146,0.6077392882451241,0.34792775347076116,0.259811534774363,-0.08811621869639819,False,False,0.6077392882451241,0.0,0.0021916152418686163,0.18122415199730013,0.18238583354964555
2024-11-09,0.7176047565111755,0.10764071347667632,0.9381322507268318,0.23453306268170795,0.7470190140538444,0.2241057042161533,0.16754511554473683,0.050263534663421046,0.6165430150379586,0.3421737761583843,0.2743692388795744,-0.06780453727880992,False,False,0.6165430150379586,0.0,0.04815691599591321,0.13886910181949164,0.20388429663684726
2024-11-10,0.9014833622350618,0.13522250433525926,0.9624409814095293,0.24061024535238232,0.7782215168513553,0.23346645505540659,0.32975855864924714,0.09892756759477414,0.7082267723378223,0.3758327496876416,0.3323940226501807,-0.04343872703746088,False,False,0.7082267723378223,0.0,0.10299836966550102,0.1326621708769231,0.1731560068239384
2024-11-11,0.9512465566384931,0.14268698349577397,0.9745107676398116,0.2436276919099529,0.8410634419570396,0.25231903258711186,0.6106145808249184,0.1831843742474755,0.8218180822403142,0.38631467540572684,0.4355034068345873,0.04918873142886049,False,False,0.8218180822403142,0.0,-0.00785105223479976,0.021872238727578486,0.10907331345019777
2024-11-12,0.9540365576092334,0.143105483641385,0.9605083232669226,0.24012708081673065,0.7677245298033928,0.23031735894101782,0.5279062859884603,0.1583718857965381,0.7719218091956717,0.38323256445811565,0.38868924473755595,0.005456680279440296,False,False,0.7719218091956717,-0.00785105223479976,0.027551274837266382,0.02164794187193686,0.12438590090209423
2024-11-13,0.9563063112919347,0.14344594669379018,0.9722571732058382,0.24306429330145954,0.7949795355942676,0.23849386067828027,0.589328345460258,0.1767985036380774,0.8018026043116073,0.3865102399952497,0.41529236431635763,0.028782124321107938,False,False,0.8018026043116073,0.0,-0.03374388106471693,0.0009834556382724013,0.08074338977949691
2024-11-14,0.9443059905087361,0.1416458985763104,0.9636711280565226,0.24091778201413064,0.7676338853309514,0.23029016559928542,0.6728013066606121,0.20184039199818363,0.8146942381879101,0.38256368059044105,0.43213055759746904,0.049566877007028,False,False,0.8146942381879101,-0.03374388106471693,0.04244437398018164,0.057087504361550856,0.12109222508545314
2024-11-15,0.9626965845257576,0.14440448767886363,0.9787598171544363,0.24468995428860907,0.8166794620442231,0.24500383861326694,0.6115746303889649,0.18347238911668945,0.817570669697429,0.38909444196747267,0.4284762277299564,0.039381785762483745,False,False,0.817570669697429,0.0,-0.004890034907478302,0.035751027083092746,0.02172794708502157
2024-11-16,0.9512350695677626,0.14268526043516438,0.9692991922451488,0.2423247980612872,0.763794012871799,0.2291382038615397,0.6569618337027635,0.19708855011082904,0.8112368124688203,0.3850100584964516,0.42622675397236875,0.041216695475917164,False,False,0.8112368124688203,-0.004890034907478302,-0.008068824947354392,0.08533461563766598,0.015214558569824455
2024-11-17,0.922077071109759,0.13831156066646386,0.9579194583519735,0.23947986458799336,0.7419141639668951,0.22257424919006855,0.6823482878663476,0.20470448635990426,0.80507016080443,0.3777914252544572,0.4272787355499728,0.04948731029551562,False,False,0.80507016080443,-0.012919403019177711,0.006767384122082332,0.10056101991642397,0.06685274960522936
2024-11-18,0.8893711590146594,0.1334056738521989,0.9527828711725294,0.23819571779313234,0.7296078808708781,0.21888236426126342,0.6871198771772459,0.20613596315317376,0.7966197190597684,0.37160139164533124,0.4250183274144372,0.053416935769105944,False,False,0.7966197190597684,-0.006239449459954138,0.020413737695668788,0.0796815708511045,0.057259190609134425
2024-11-19,0.9206145486285132,0.13809218229427697,0.9594755833059416,0.2398688958264854,0.7714007172708179,0.23142021518124536,0.650773253939924,0.1952319761819772,0.8046132694839849,0.3779610781207624,0.4266521913632226,0.04869111324246017,False,False,0.8046132694839849,0.0,0.02140345673566446,0.06054817643744581,0.05578123640800836
2024-11-20,0.9639278703260739,0.14458918054891107,0.9661084867538168,0.2415271216884542,0.8255087238370312,0.24765261715110937,0.6263529005908425,0.18790587017725274,0.8216747895657273,0.38611630223736526,0.4355584873283621,0.04944218509099685,False,False,0.8216747895657273,0.0,0.04274798019993509,-0.01353904522553373,0.022499813335007834
2024-11-21,0.9825277397252054,0.14737916095878079,0.9752959611952257,0.24382399029880641,0.8691230314111562,0.2607369094233469,0.6806083518463683,0.20418250555391046,0.8561225662348445,0.3912031512575872,0.4649194149772573,0.0737162637196701,False,False,0.8561225662348445,0.0,0.0058472013826280644,-0.06460685585582648,-0.011513152541490212
2024-11-22,0.984661995305686,0.1476992992958529,0.9776956317982489,0.24442390794956223,0.8686231304958294,0.2605869391487488,0.6976922116468638,0.20930766349405913,0.8620178098882232,0.39212320724541516,0.4698946026428079,0.07777139539739275,False,False,0.8620178098882232,0.0,-0.012332645714516866,-0.030628261133357593,-0.030855680944869235
2024-11-23,0.983457037502304,0.14751855562534558,0.9703495278759691,0.24258738196899227,0.8299006002474216,0.24897018007422647,0.6567407741119333,0.19702223223357998,0.8360983499021443,0.39010593759433787,0.44599241230780645,0.05588647471346858,False,False,0.8360983499021443,-0.012332645714516866,0.002330648166728677,-0.020767586339641486,-0.018661464241689463
2024-11-24,0.9878525676533032,0.1481778851479955,0.9763947984130307,0.24409869960325767,0.832442977454117,0.2497328932362351,0.6781083316240989,0.20343249948722966,0.8454419774747179,0.39227658475125315,0.4531653927234648,0.060888807972211634,False,False,0.8454419774747179,-0.01003074060591358,-0.04994921350389636,-0.0044947887661740404,0.007020221850777775
2024-11-25,0.9504743100232669,0.14257114650349004,0.9397103412647619,0.23492758531619048,0.759947028356825,0.2279841085070475,0.6068681886296073,0.1820604565888822,0.7875432969156102,0.3774987318196805,0.4100445650959297,0.03254583327624916,False,False,0.7875432969156102,-0.05947892650568298,-0.011233737099909935,0.03653348709456128,0.04231394018772838
2024-11-26,0.8796804251576962,0.13195206377365443,0.9261330322206072,0.2315332580551518,0.7745963745572936,0.23237891236718805,0.5502558719538223,0.16507676158614668,0.760940995782141,0.3634853218288062,0.3974556739533347,0.03397035212452848,False,False,0.760940995782141,-0.07004449298224324,0.04238507278190995,0.05676084291051087,0.08455027969287499
2024-11-27,0.9219508792117456,0.13829263188176183,0.946716358266589,0.23667908956664724,0.8293789722342483,0.24881369167027448,0.6488891342178245,0.19466674026534733,0.8184521533840309,0.37497172144840907,0.4434804319356218,0.06850871048721274,False,False,0.8184521533840309,-0.030628261133357593,-0.002285863665387078,-0.00023460536592234682,0.04140153600274399
2024-11-28,0.9088580587983648,0.1363287088197547,0.9475738137133867,0.23689345342834667,0.8509986494961488,0.2552995948488446,0.7300896959026147,0.21902690877078443,0.8475486658677304,0.37322216224810134,0.474326503619629,0.10110434137152768,False,False,0.8475486658677304,-0.032844112769485956,0.018987290156683212,0.0021507887898433165,0.0571453634614536
2024-11-29,0.9268545559095185,0.13902818338642778,0.9708606059780991,0.24271515149452477,0.8573131731136161,0.25719395193408484,0.7423255079397801,0.22269765238193404,0.8616349391969714,0.3817433348809526,0.47989160431601885,0.09814826943506627,False,False,0.8616349391969714,-0.014480443311895796,-0.010794274574184248,0.011567001846911618,-0.0018831315411450555
2024-11-30,0.8533215842866493,0.1279982376429974,0.9804375598612957,0.24510938996532391,0.9003316968894081,0.2700995090668224,0.6858203023006054,0.20574609069018163,0.8489532273653253,0.3731076276083213,0.475845599757004,0.10273797214868274,False,False,0.8489532273653253,-0.025118412005015522,0.008061468764155144,0.005576716203708809,0.001919031814686667
2024-12-01,0.6886092542838492,0.10329138814257738,0.982504619676556,0.245626154919139,0.9130391691933836,0.27391175075801505,0.7084269104598632,0.21252807313795893,0.8353573669576905,0.3489175430617164,0.48643982389597396,0.13752228083425755,False,False,0.8353573669576905,-0.017259434534643958,-0.01383503122595442,0.026296807805469946,0.04053930856535959
2024-12-02,0.6545639093968568,0.09818458640952853,0.9790494482820684,0.2447623620705171,0.9297828769793697,0.2789348630938109,0.670168189304539,0.20105045679136171,0.8229322683652182,0.34294694848004564,0.47998531988517257,0.13703837140512692,False,False,0.8229322683652182,-0.030855680944869235,9.463628261174861e-05,0.04164591172302523,0.04344368807296939
2024-12-03,0.5001338807586282,0.07502008211379423,0.97428392385978,0.243570980964945,0.9618638979891345,0.28855916939674037,0.6611421560515767,0.198342646815473,0.8054928792909526,0.31859106307873925,0.4869018162122134,0.16831075313347416,False,False,0.8054928792909526,-0.03076396472919951,0.028561699051921963,0.05487654680990617,0.058159395194705255
2024-12-04,0.8293834102663828,0.12440751153995742,0.9802054435675458,0.24505136089188645,0.9600987029536164,0.2880296108860849,0.6560222752636984,0.19680668257910952,0.8542951658970384,0.3694588724318439,0.4848362934651944,0.11537742103335052,False,False,0.8542951658970384,-0.0030809367795169296,-0.016652141472148774,-0.013296334660481746,0.028732701122213156
2024-12-05,0.5687589784544119,0.08531384676816178,0.9728699482465939,0.24321748706164847,0.9598463807894295,0.28795391423682887,0.6823474861020059,0.20470424583060176,0.8211894938972409,0.32853133382981026,0.49265816006743063,0.16412682623762037,False,False,0.8211894938972409,-0.019681774056546475,0.028832759145512643,-0.0036373996434909683,0.07755233526255911
2024-12-06,0.7444470335607121,0.1116670550341068,0.9811194111795274,0.24527985279488185,0.9443656720752569,0.28330970162257707,0.6912355681034598,0.20737067043103793,0.8476272798826037,0.35694690782898864,0.49068037205361503,0.1337334642246264,False,False,0.8476272798826037,0.0,0.0009138683812970338,0.013877565097707212,0.06334235805513577
2024-12-07,0.7852764767555729,0.11779147151333592,0.9815054669520358,0.24537636673800894,0.950356425848355,0.28510692775450647,0.7037784115931501,0.21113352347794503,0.8594082894837963,0.36316783825134485,0.49624045123245153,0.13307261298110667,False,False,0.8594082894837963,0.0,0.012797501081567075,0.0017258996840590068,0.06312355388287871
2024-12-08,0.8061718935726935,0.12092578403590401,0.9880335540333093,0.24700838850832732,0.954181635734893,0.2862544907204679,0.7680475467651308,0.2304142640295392,0.8846029272942384,0.36793417254423133,0.5166687547500071,0.14873458220577573,False,False,0.8846029272942384,0.0,-0.0379105483466009,0.003112068795848133,-0.008956420454281355
2024-12-09,0.4516372981479625,0.06774559472219437,0.9812333931466465,0.24530834828666162,0.9534542762792567,0.286036282883777,0.7792585151369199,0.23377755454107596,0.8328677804337089,0.313053943008856,0.519813837424853,0.20675989441599701,False,False,0.8328677804337089,-0.0379105483466009,-0.007026056763778543,0.04259539845555671,0.0019058051757017136
2024-12-10,0.22369259243537246,0.033553888865305866,0.9724209369847744,0.2431052342461936,0.9469719504746409,0.28409158514239224,0.7447087485466077,0.2234126245639823,0.7841633328178741,0.2766591231114995,0.5075042097063746,0.23084508659487507,False,False,0.7841633328178741,-0.04467024344575021,0.04691851376393741,0.08148613253548409,0.012552048285072503
2024-12-11,0.2552464213160555,0.038286963197408326,0.9787913467723671,0.24469783669309178,0.9541186639945519,0.28623559919836555,0.8208481480939881,0.2462544444281964,0.8154748435170621,0.2829847998905001,0.5324900436265619,0.2495052437360618,False,False,0.8154748435170621,0.0,-0.011082422744128628,0.04878773794808411,-0.03790368355995055
2024-12-12,0.10273661447130954,0.01541049217069643,0.977362262493677,0.24434056562341924,0.9615656226066381,0.2884696867819914,0.8063817050634002,0.24191451151902005,0.7901352560951271,0.25975105779411567,0.5303841983010115,0.2706331405068958,False,False,0.7901352560951271,-0.011082422744128628,0.014198990863292016,0.06129187057875218,-0.04817813315808739
2024-12-13,0.3343919605317236,0.05015879407975854,0.9708464722347984,0.2427116180586996,0.9703328136972924,0.2910998441091877,0.8504977552072347,0.2551493265621704,0.8391195828098162,0.2928704121384581,0.5462491706713581,0.25337875853290004,False,False,0.8391195828098162,0.0,-4.19031937628489e-05,-0.012031047801684513,-0.06450903013825593
2024-12-14,0.3147897659612076,0.04721846489418114,0.9663375022821061,0.24158437557052653,0.9652338393679568,0.28957015181038703,0.8255819638137704,0.2476745891441311,0.8260475814192257,0.28880284046470767,0.5372447409545181,0.24844190048981046,False,False,0.8260475814192257,-4.19031937628489e-05,0.030013705383553635,-0.03902721356734373,-0.027178268586077636
2024-12-15,0.8356624978422438,0.12534937467633656,0.9719384681224872,0.2429846170306218,0.9692570240871128,0.2907771072261338,0.843038218511673,0.2529114655535019,0.912022564486594,0.36833399170695835,0.5436885727796357,0.17535458107267732,False,False,0.912022564486594,0.0,0.01526526030644626,-0.06374014624561064,-0.048192587704145695
2024-12-16,0.9055166179324293,0.13582749268986438,0.9764914598766391,0.24412286496915978,0.9761662207172521,0.2928498662151756,0.8414496387508623,0.2524348916252587,0.9252351154994585,0.3799503576590242,0.5452847578404343,0.1653344001814101,False,False,0.9252351154994585,0.0,0.0007079101319968917,-0.08265869095460943,-0.09680548481378137
2024-12-17,0.8204521593055706,0.12306782389583558,0.9730725982417715,0.24326814956044288,0.9732226165209159,0.29196678495627476,0.8419616901372635,0.252588507041179,0.9108912654537322,0.36633597345627844,0.5445552919974538,0.17821931854117534,False,False,0.9108912654537322,0.0,-0.0558703575319216,-0.10314787738564568,-0.11150751872119091
2024-12-18,0.40693946490991884,0.06104091973648782,0.9450154586385029,0.23625386465962572,0.9574681551996342,0.2872404465598903,0.7632997840653177,0.22898993521959532,0.8135251661755992,0.29729478439611356,0.5162303817794855,0.21893559738337198,False,False,0.8135251661755992,-0.0558703575319216,-0.027365671293993032,-0.053117035934988954,-0.048940256981731545
2024-12-19,0.00017293039209034935,2.59395588135524e-05,0.920049382163234,0.2300123455408085,0.9335099287374058,0.28005297862122175,0.7388986737312898,0.22166960211938694,0.7317608658402307,0.23003828509962204,0.5017225807406087,0.2716842956409867,False,False,0.7317608658402307,-0.08170709898661821,0.0035252764517319513,0.012330156637683665,-0.038206330148018997
2024-12-20,0.13031375416035249,0.019547063124052872,0.9395798963723052,0.2348949740930763,0.9410806291816174,0.28232418875448523,0.7782161515771939,0.23346484547315816,0.7702310714447725,0.25444203721712916,0.5157890342276434,0.2613469970105143,False,False,0.7702310714447725,-0.07846986264688305,-0.005249707991702657,0.016606029276081236,-0.05125880523619131
2024-12-21,0.01001459791604975,0.0015021896874074625,0.9359955936259797,0.23399889840649493,0.9130597536506984,0.2739179260952095,0.7696978221870302,0.23090934665610904,0.7403283608452209,0.23550108809390238,0.5048272727513186,0.2693261846574162,False,False,0.7403283608452209,-0.08330762677354064,-0.02164330280426996,-0.015421516200871177,-0.038194202832113944
2024-12-22,-0.061626940191322026,-0.009244041028698304,0.9284257427034489,0.23210643567586223,0.8959911530484802,0.2687973459145441,0.7583420743352363,0.22750262230057086,0.7191623628622789,0.22286239464716392,0.4962999682151149,0.27343757356795095,True,False,0.7191623628622789,-0.10314787738564568,-0.003202142493870186,-0.009321092212143722,-0.006245438549068116
2024-12-23,-0.09116208191202313,-0.013674312286803469,0.9105252344673095,0.22763130861682737,0.8928367774144846,0.2678510332243454,0.7600817857122238,0.22802453571366715,0.7098325652680364,0.2139569963300239,0.49587556893801255,0.28191857260798864,True,False,0.7098325652680364,-0.10601972567818685,0.03986141867321402,0.004411082585461523,0.022167869026481046
2024-12-24,0.006752137449038809,0.0010128206173558212,0.9477321990964965,0.23693304977412413,0.9292337932891778,0.2787701379867533,0.8012672304936336,0.24038016914809007,0.7570961775263234,0.23794587039147996,0.5191503071348433,0.2812044367433634,False,False,0.7570961775263234,-0.07038440367785026,0.0077639591022340415,-0.049920953608210916,-0.0049602903117847985
2024-12-25,0.2195827018131949,0.032937405271979234,0.9485877002852945,0.23714692507132362,0.9590121123252993,0.2877036336975898,0.7977502484743936,0.23932507454231805,0.7971130385832108,0.27008433034330287,0.5270287082399079,0.256944377896605,False,False,0.7971130385832108,-0.06316690620720611,-0.03658870195595676,-0.06675627780862037,-0.012160362708891537
2024-12-26,-0.3354250962142772,-0.050313764432141576,0.9139984097354457,0.22849960243386142,0.9465152417050418,0.2839545725115125,0.8115345503324135,0.24346036509972405,0.7056007756129564,0.17818583800171983,0.5274149376112366,0.34922909960951676,True,False,0.7056007756129564,-0.09744441305846752,-0.01558142885179914,-0.02312937668856152,0.026850057833881058
2024-12-27,-0.4536564754968368,-0.06804847132452552,0.8749361463515722,0.21873403658789306,0.9371362471794208,0.2811408741538262,0.8316950425490226,0.24950851276470676,0.6813349521819005,0.15068556526336754,0.5306493869185329,0.3799638216551654,True,False,0.6813349521819005,-0.11150751872119091,0.01061484937862045,0.0031045918499903458,0.08416385619237032
2024-12-28,-0.4692029679619188,-0.07038044519428782,0.8454716101685811,0.21136790254214527,0.9433908037686503,0.28301724113059507,0.8307306506650551,0.24921919519951652,0.6732238936779691,0.14098745734785745,0.5322364363301115,0.3912489789822541,True,False,0.6732238936779691,-0.10207630485837971,-0.01638824763903468,0.017678803777544605,0.017362119622245542
2024-12-29,-0.3216908236310061,-0.04825362354465091,0.8289175462308549,0.20722938655771372,0.9368646960965894,0.2810594088289768,0.7632460867920424,0.2289738260376127,0.6690089978796523,0.15897576301306282,0.5100332348665895,0.35105747185352665,True,False,0.6690089978796523,-0.11679170073531764,-0.010093537106537043,0.04732307639788247,0.014107482328442389
2024-12-30,-0.34587380560323666,-0.051881070840485495,0.8570510295286792,0.2142627573821698,0.9458991784237794,0.2837697535271338,0.7345624671527952,0.22036874014583854,0.6665201802146566,0.1623816865416843,0.5041384936729724,0.3417568071312881,True,False,0.6665201802146566,-0.1257063964767472,0.008448460832582105,0.058501240138567834,-0.0025816866854433407
2024-12-31,-0.6500073815287442,-0.09750110722931161,0.8803384960974736,0.2200846240243684,0.9372047163010074,0.2811614148903022,0.7419779135434779,0.22259337406304336,0.6263383057484024,0.12258351679505679,0.5037547889533456,0.3811712721582888,True,False,0.6263383057484024,-0.11831996121120392,0.010855240659998211,0.05116279815337266,0.012290651449089474
2025-01-01,-0.5020505528259388,-0.07530758292389082,0.8927981533950549,0.22319953834876372,0.9538953047898933,0.286168591436968,0.7682145649870397,0.23046436949611188,0.6645249163579527,0.14789195542487288,0.5166329609330799,0.368741005508207,True,False,0.6645249163579527,-0.10874911220503503,0.025298178626284695,0.08080838728181394,8.668828446967147e-05
2025-01-02,-0.40816701365190716,-0.06122505204778607,0.9198736078577265,0.22996840196443163,0.9587445217695687,0.2876233565308706,0.8047513987921057,0.2414254196376317,0.6977921260851478,0.16874334991664558,0.5290487761685023,0.36030542625185674,True,False,0.6977921260851478,-0.08620208804476326,0.012263675572221189,-0.0003111828153671281,-0.025155800203310208
2025-01-03,-0.3022296979884511,-0.04533445469826767,0.9370786547683558,0.23426966369208896,0.9711421093405598,0.29134263280216793,0.830347019735034,0.2491041059205102,0.7293819477164993,0.1889352089938213,0.5404467387226781,0.3515115297288568,True,False,0.7293819477164993,-0.07499556691397113,0.0004718144831972193,-0.031714754327461625,-0.037057401447101346
2025-01-04,-0.5527505383046756,-0.08291258074570133,0.9241785590929873,0.23104463977324682,0.9800882640818456,0.29402647922455366,0.8065666358249718,0.24196999074749154,0.6841285289995906,0.1481320590275455,0.5359964699720452,0.3878644109444997,True,False,0.6841285289995906,-0.07455913642541956,0.0014570278098766654,-0.05770699599370799,-0.01689708360271025
2025-01-05,-0.6492953034453876,-0.09739429551680813,0.8676217762040324,0.2169054440510081,0.9797444338693719,0.29392333016081157,0.8394304088877824,0.2518291226663347,0.6652636013613462,0.11951114853419996,0.5457524528271462,0.42624130429294627,True,False,0.6652636013613462,-0.07321074335079503,0.039364049367443865,-0.03698013930151611,0.021692371802946253
2025-01-06,-0.33869438564598997,-0.05080415784689849,0.9008393406215125,0.22520983515537812,0.9827021152271378,0.2948106345681413,0.8643750944394137,0.2593125283318241,0.7285288402084451,0.17440567730847964,0.5541231628999654,0.37971748559148577,True,False,0.7285288402084451,-0.036728565298838944,-0.05165509861535522,-0.07468641060452519,-0.0219913611305651
2025-01-07,-0.3075160107695208,-0.04612740161542812,0.8098669964073462,0.20246674910183654,0.9632608679691621,0.28897826039074864,0.8139710606655972,0.24419131819967915,0.6895089260768362,0.15633934748640843,0.5331695785904278,0.37683023110401936,True,False,0.6895089260768362,-0.08648644625168211,-0.01953491432743626,-0.024852351012499607,0.07346602704090088
2025-01-08,-0.24003702633890328,-0.03600555395083549,0.7682205063817971,0.19205512659544927,0.9535287980868972,0.28605863942606913,0.7742514233307034,0.232275426999211,0.6743836390698938,0.15604957264461378,0.5183340664252801,0.36228449378066635,True,False,0.6743836390698938,-0.10433185526110744,-0.026384429891623817,-0.005517637641921258,0.0998901648116921
2025-01-09,-0.48267053475756044,-0.07240058021363406,0.5885174737745864,0.1471293684436466,0.9444771851526554,0.28334315554579664,0.7690177664090944,0.2307053299227283,0.5887772736985375,0.07472878823001254,0.514048485468525,0.43931969723851244,True,False,0.5887772736985375,-0.12796354863213144,0.02348526765730452,0.043309153540871836,0.09485514652280025
2025-01-10,-0.24261730981209284,-0.03639259647181393,0.3416681135663098,0.08541702839157744,0.9477964951170964,0.2843389485351289,0.720123454315056,0.2160370362945168,0.5494004167494092,0.049024431919763516,0.5003759848296457,0.4513515529098822,True,False,0.5494004167494092,-0.10748353916483111,-0.0013314174940783907,0.060925546293413735,0.07953350982110408
2025-01-11,-0.05833999491778937,-0.008750999237668405,0.3727145470190934,0.09317863675477335,0.9317658687378252,0.27952976062134754,0.7364908771657895,0.22094726314973687,0.5849046612881894,0.08442763751710494,0.5004770237710844,0.41604938625397947,True,False,0.5849046612881894,-0.10867185119454004,-0.0005806554525006336,0.05694831468798256,0.12202781416784503
2025-01-12,-0.0335784456576449,-0.005036766848646735,0.24008829516768965,0.06002207379192241,0.9357004781333123,0.2807101434399937,0.703657877979045,0.2110973633937135,0.5467928137769829,0.05498530694327568,0.49180750683370716,0.4368221998904315,True,False,0.5467928137769829,-0.10918940574411118,-9.476962625010188e-05,0.10082409382362223,0.0969019428408
2025-01-13,-0.41279351274942877,-0.06191902691241431,0.4128112640458533,0.10320281601146332,0.9425099959675891,0.2827529987902767,0.7056259076777174,0.2116877723033152,0.5357245601926409,0.041283789099049006,0.4944407710935919,0.4531569819945429,True,False,0.5357245601926409,-0.10927382753118842,0.021417849900725594,0.10599263138631687,0.09916042654604951
2025-01-14,-0.2855170823327356,-0.042827562349910336,0.320935476117825,0.08023386902945626,0.9561971662215452,0.28685914986646355,0.742463334615069,0.22273900038452069,0.5470044569305301,0.03740630667954592,0.5095981502509842,0.4721918435714383,True,False,0.5470044569305301,-0.09019638806660357,0.04076693186038316,0.0494062501100343,0.08605598583111207
2025-01-15,0.4443653691294964,0.06665480536942446,0.5172059252073574,0.12930148130183935,0.9572856369652536,0.2871856910895761,0.7053398604663708,0.21160195813991123,0.6947439359007511,0.1959562866712638,0.4987876492294873,0.3028313625582235,False,False,0.6947439359007511,-0.05310648621258418,-0.005075258203325772,0.01753936795348321,0.042284697059176146
2025-01-16,0.5313528888762709,0.07970293333144063,0.5296033909431005,0.13240084773577512,0.9476689765961968,0.284300692978859,0.7225691908283771,0.21677075724851314,0.7131752312945879,0.21210378106721575,0.5010714502273721,0.28896766916015637,False,False,0.7131752312945879,-0.05791221528610979,0.04090699518838892,0.06157301977351137,0.026330343953682167
2025-01-17,0.6831286117828558,0.10246929176742836,0.6393707558587658,0.15984268896469145,0.9538801070789471,0.28616403212368413,0.7811337370663475,0.23434012111990424,0.7828161339757082,0.2623119807321198,0.5205041532435883,0.25819217251146853,False,False,0.7828161339757082,-0.019374234809778734,0.0045999384304846735,-0.0035629225457802782,-0.019165048961600428
2025-01-18,0.7850220781688356,0.11775331172532534,0.588882351560097,0.14722058789002426,0.9540733612054961,0.28622200836164885,0.8026973072813062,0.24080919218439184,0.7920051001613904,0.2649738996153496,0.5270312005460407,0.2620573009306911,False,False,0.7920051001613904,-0.014863416666556883,-0.030841395103859304,-0.006177441554654384,-0.030803616388999422
2025-01-19,0.6699339521438477,0.10049009282157714,0.36874583969499364,0.09218645992374841,0.9396216816145584,0.28188650448436753,0.7617587774797294,0.2285276332439188,0.7030906904736118,0.19267655274532555,0.5104141377282864,0.3177375849829608,False,False,0.7030906904736118,-0.04524640326440954,0.009162396279856155,0.03492425904384966,0.023701103219855302
2025-01-20,0.6733874778125446,0.10100812167188168,0.21300863051224045,0.05325215762806011,0.9419190659680844,0.2825757197904253,0.7600449407461333,0.22801348222383996,0.6648494813142071,0.1542602792999418,0.5105892020142653,0.3563289227143235,False,False,0.6648494813142071,-0.03649857246150012,0.03797975376689289,0.024318792849717275,0.024084977108842498
2025-01-21,0.7683091013857712,0.11524636520786569,0.36424395573388124,0.09106098893347031,0.9556249935845119,0.28668749807535354,0.8064610500808319,0.24193831502424956,0.7349331672409392,0.206307354141336,0.5286258130996031,0.3223184589582671,False,False,0.7349331672409392,0.0,-0.022960922265658046,-0.033198541375277446,-0.0349927108332827
2025-01-22,0.5245496757984709,0.07868245136977063,0.3108283418338267,0.07770708545845667,0.9410453234609073,0.2823135970382722,0.7705189797849009,0.23115569393547025,0.6698588278019697,0.15638953682822732,0.5134692909737424,0.35707975414551507,False,False,0.6698588278019697,-0.022960922265658046,0.0019640011547956693,-0.01565791435188446,-0.029612466547471628
2025-01-23,0.4584052334393689,0.06876078501590534,0.30905846357873845,0.07726461589468461,0.9491897513726282,0.28475692541178843,0.7879250265764043,0.23637750797292129,0.6671598342952997,0.14602540091058996,0.5211344333847097,0.3751090324741197,False,False,0.6671598342952997,-0.021042016388707396,0.009240273874573157,-0.024779247185602427,-0.05976065519562346
2025-01-24,0.5158680184284251,0.07738020276426376,0.5855399112962443,0.14638497782406107,0.9414258720865135,0.28242776162595407,0.8067764789294308,0.24203294367882924,0.7482258858931081,0.22376518058832484,0.5244607053047833,0.30069552471645844,False,False,0.7482258858931081,-0.011996176508439316,-0.0011790732379457491,-0.010844422406682486,-0.0337747984418878
2025-01-25,0.4985526677272939,0.07478290015909408,0.622672589264912,0.155668147316228,0.936967382990233,0.28109021489706987,0.7964043850745879,0.23892131552237636,0.7504625778947683,0.23045104747532208,0.5200115304194463,0.2895604829441242,False,False,0.7504625778947683,-0.01316110537570625,-0.020304667873067395,-0.00022826462084546417,-0.0666723629397925
2025-01-26,0.03385942304990983,0.005078913457486475,0.37015928185274627,0.09253982046318657,0.9254502001883363,0.2776350600565009,0.7878731166142565,0.23636193498427693,0.6116157289614509,0.09761873392067304,0.5139969950407779,0.41637826112010484,False,False,0.6116157289614509,-0.033198541375277446,-0.0052345546677060595,-0.0018557786006626609,-0.05854190216332111
2025-01-27,0.4908862950404669,0.07363294425607003,0.35534058095993737,0.08883514523998434,0.9246990926450279,0.27740972779350836,0.7793557635202303,0.23380672905606908,0.6736845463456318,0.16246808949605437,0.5112164568495774,0.348748367353523,False,False,0.6736845463456318,-0.038259316463266635,-0.0073206238502596666,-0.014176527041815046,-0.05415680580172
2025-01-28,0.5930319670851136,0.08895479506276704,0.21967926101111454,0.054919815252778635,0.9401704606697797,0.2820511382009339,0.7718114228134735,0.23154342684404203,0.6574691753605216,0.1438746103155457,0.5135945650449759,0.3697199547294302,False,False,0.6574691753605216,-0.04529985824893057,0.023661199942527578,-0.03587024569469821,-0.04765081385085901
2025-01-29,0.8523949804478654,0.1278592470671798,0.39428927773848677,0.09857231943462169,0.9639691845015764,0.2891907553504729,0.7796327043548515,0.23388981130645545,0.7495121331587299,0.2264315665018015,0.5230805666569284,0.29664900015512685,False,False,0.7495121331587299,-0.022710507309799066,0.00954081835292131,-0.023181768929612212,-0.0702619526778494
2025-01-30,0.8127552434027296,0.12191328651040945,0.4011859931062964,0.1002964982765741,0.9670547821595127,0.2901164346478538,0.7645346258087223,0.2293603877426167,0.741686607177454,0.22220978478698356,0.5194768223904704,0.2972670376034869,False,False,0.741686607177454,-0.013386365781823284,-0.021899499765762886,-0.0664592686187,-0.07887660525955442
2025-01-31,0.6969248737043147,0.10453873105564719,0.3595660341671521,0.08989150854178803,0.9599957896406565,0.2879987368921969,0.7299024785223746,0.21897074355671237,0.7013997200463444,0.19443023959743522,0.5069694804489093,0.3125392408514741,False,False,0.7013997200463444,-0.0349927108332827,-0.01751359666096397,-0.05679151604282984,-0.04880173262483989
2025-02-01,0.5775764236417781,0.08663646354626671,0.26760922856620667,0.06690230714155167,0.9464970176671104,0.2839491053001331,0.7132060432514631,0.21396181297543893,0.6514496889633904,0.15353877068781838,0.49791091827557205,0.3443721475877537,False,False,0.6514496889633904,-0.05189345927063882,-0.029165211334154395,-0.04055521080253355,-0.04826768645107371
2025-02-02,0.3171189564419816,0.04756784346629724,-0.05071791694319144,-0.01267947923579786,0.9323037308332666,0.27969111924997997,0.7010999820939247,0.2103299946281774,0.5249094781086567,0.03488836423049938,0.4900211138781574,0.455132749647658,False,False,0.5249094781086567,-0.0795451868983047,0.03713314320824468,-0.012218861728470531,0.0017338687514580897
2025-02-03,0.43120891207297707,0.06468133681094655,0.23971504636094682,0.059928761590236704,0.9417578139609266,0.28252734418827796,0.7442130072567791,0.2232639021770337,0.6304013447664949,0.12461009840118326,0.5057912463653117,0.38118114796412844,False,False,0.6304013447664949,-0.045365806506681206,-0.03518644109279401,-0.048197486749041674,-0.046584910151653336
2025-02-04,-0.2609430146599414,-0.03914145219899121,-0.1094374423581793,-0.027359360589544825,0.9276805896020245,0.2783041768806073,0.6927721384330514,0.20783164152991543,0.41963500562198675,-0.06650081278853603,0.4861358184105228,0.5526366311990588,True,True,0.41963500562198675,-0.07895598632120082,-0.011770285996367091,-0.0133013335395461,-0.0026865956521646694
2025-02-05,-0.3194037546277896,-0.047910563194168435,-0.17759218929564266,-0.044398047323910665,0.921645407893874,0.27649362236816216,0.6788325367624986,0.20364976102874957,0.3878347728788326,-0.09230861051807909,0.48014338339691176,0.5724519939149908,True,True,0.3878347728788326,-0.08979693777744213,-0.0006011648811647952,0.00847085618279153,0.009907938347063716
2025-02-06,-0.663025061650388,-0.0994537592475582,-0.24783785045134568,-0.06195946261283642,0.9350039143255362,0.28050117429766086,0.7214093580876052,0.21642280742628156,0.33551075986354784,-0.1614132218603946,0.4969239817239424,0.658337203584337,True,True,0.33551075986354784,-0.09034411989317892,-0.0004924687494659574,-0.008038477810683897,-0.004517973555826393
2025-02-07,-0.6938443750170254,-0.10407665625255381,-0.04459480028379733,-0.011148700070949332,0.9371799889042765,0.28115399667128294,0.7036013492573225,0.21108040477719675,0.37700904512497657,-0.11522535632350314,0.4922344014484797,0.6074597577719828,True,True,0.37700904512497657,-0.0907920969868995,-0.0006430634939713631,0.014125325883771911,-0.007531075530428977
2025-02-08,-0.5038013010127927,-0.07557019515191891,-0.008635542697134716,-0.002158885674283679,0.9203757082271633,0.276112712468149,0.7306808998183674,0.2192042699455102,0.4175879015874566,-0.0777290808262026,0.4953169824136592,0.5730460632398617,True,True,0.4175879015874566,-0.09137677539775746,0.00018673905907151678,0.001694234439327591,-0.00801495239657446
2025-02-09,-0.5786014027288415,-0.08679021040932623,-0.26825489687689863,-0.06706372421922466,0.9143831770624895,0.2743149531187468,0.7437906957230574,0.22313720871691722,0.34359822720711314,-0.1538539346285509,0.49745216183566404,0.651306096464215,True,True,0.34359822720711314,-0.09120709995174481,0.010035687350816946,0.010757831390873607,0.0018827993189081127
2025-02-10,-0.7945844512476241,-0.11918766768714362,-0.15072203863179676,-0.03768050965794919,0.9232125746546876,0.2769637723964063,0.7517285166445671,0.22551855499337012,0.3456141500446836,-0.1568681773450928,0.5024823273897764,0.6593505047348692,True,True,0.3456141500446836,-0.08208673854021831,-0.016961983897908373,0.0014250111001836707,0.008972314920473679
2025-02-11,-0.7712357355292572,-0.11568536032938857,-0.3215629162273939,-0.08039072905684848,0.8811022497721935,0.26433067493165807,0.7238066086401134,0.21714198259203402,0.28539656813745506,-0.19607608938623705,0.48147265752369206,0.6775487469099291,True,True,0.28539656813745506,-0.09765636850077575,0.021839938524633062,0.0035490330785084012,0.004215781879383762
2025-02-12,-0.6250435563595669,-0.09375653345393503,-0.2027767652167858,-0.05069419130419645,0.8861553548607656,0.26584660645822966,0.7511371340723269,0.22534114022169804,0.34673702192179623,-0.14445072475813148,0.4911877466799277,0.6356384714380592,True,True,0.34673702192179623,-0.07794923906073858,-0.0128931248485874,-0.021354758491341497,-0.013476858432293848
2025-02-13,-0.7660183881965672,-0.11490275822948508,-0.4278949368743157,-0.10697373421857892,0.8675959049866575,0.26027877149599726,0.7593161480896111,0.22779484442688333,0.2661971234748166,-0.221876492448064,0.48807361592288057,0.7099501083709445,True,True,0.2661971234748166,-0.08983735463826348,0.009236695789816451,-0.009692765019593486,-0.0036243322767626207
2025-02-14,-0.7021869777736425,-0.10532804666604637,-0.45702166547715456,-0.11425541636928864,0.878291049839944,0.2634873149519832,0.7721068833710546,0.23163206501131636,0.27553591692796453,-0.219583463035335,0.4951193799632996,0.7147028429986346,True,True,0.27553591692796453,-0.08143045916380254,0.0007095349684433927,-0.008780572157183197,-0.06100072532976242
2025-02-15,-0.5566300271826006,-0.08349450407739008,-0.457014083396202,-0.1142535208490505,0.8660736223948582,0.25982208671845747,0.774473777429358,0.23234213322880737,0.2944161950208243,-0.19774802492644056,0.49216421994726484,0.6899122448737054,True,True,0.2944161950208243,-0.08077870195363235,-0.014876960727340904,0.007536564132743617,-0.09110680512774161
2025-02-16,-0.6294725166779547,-0.0944208775016932,-0.25250634936885497,-0.06312658734221374,0.8514859149195914,0.2554457744758774,0.770530141550382,0.2311590424651146,0.3290573520970851,-0.15754746484390694,0.486604816940992,0.6441522817848989,True,True,0.3290573520970851,-0.09445392110440354,-0.0035177550289164916,0.0006643908557513178,-0.12347338878454972
2025-02-17,-0.6009154957170257,-0.09013732435755385,-0.10906218800289115,-0.027265547000722788,0.8376546388882694,0.2512963916664808,0.764926312535653,0.22947789376069588,0.36337141406890006,-0.11740287135827664,0.4807742854271767,0.5981771567854534,True,True,0.36337141406890006,-0.09763941037735413,-0.0011302986009604776,0.008049801628732478,-0.11559219043641678
2025-02-18,-0.7852023891205955,-0.11778035836808931,-0.13790324267350892,-0.03447581066837723,0.8631185496979035,0.25893556490937103,0.7809891389107826,0.23429674167323478,0.34097613754613926,-0.15225616903646655,0.4932323065826058,0.6454884756190724,True,True,0.34097613754613926,-0.09865934728936643,0.01016632497746972,0.006127828343040376,-0.11834006572891853
2025-02-19,-0.7814442022131186,-0.11721663033196779,-0.0419296922699461,-0.010482423067486524,0.8716712815414205,0.26150138446242616,0.8342593871115652,0.25027781613346956,0.3840801471964414,-0.1276990533994543,0.5117792005958957,0.63947825399535,True,True,0.3840801471964414,-0.08949602529850542,0.017182894357943512,-0.052682737752856035,-0.10947187094292199
2025-02-20,-0.4894003523425476,-0.07341005285138213,0.20060086701438054,0.050150216753595135,0.894818655340026,0.2684455966020078,0.8285187177954757,0.2485556153386427,0.4937413758428635,-0.023259836097787,0.5170012119406505,0.5402610480384376,True,False,0.4937413758428635,-0.07385093168872203,-0.02159625654849706,-0.09790549819439509,-0.04104572503941817
2025-02-21,-0.5240745934812376,-0.07861118902218564,0.08484444685013261,0.021211111712533152,0.8558964559331926,0.25676893677995777,0.8229308633832164,0.2468792590149649,0.4462481184852702,-0.05740007730965249,0.5036481957949227,0.5610482731045752,True,False,0.4462481184852702,-0.09385228457012396,0.0038367893861199764,-0.1240553583945766,-0.10356794484788101
2025-02-22,-0.16201139192615877,-0.024301708788923813,-0.13858965588377886,-0.034647413970944715,0.8811298929900796,0.2643389678970239,0.8147881601925125,0.24443644805775375,0.4498262931949091,-0.05894912275986853,0.5087754159547776,0.5677245387146461,True,True,0.4498262931949091,-0.0903755866333058,-0.003034768875022631,-0.12265464649204594,-0.09600137792447738
2025-02-23,-0.686532058569538,-0.1029798087854307,-0.20618403609600705,-0.05154600902400176,0.8733832729804318,0.26201498189412953,0.8301647868259522,0.24904943604778565,0.35653860013248273,-0.15452581780943248,0.5110644179419152,0.6655902357513477,True,True,0.35653860013248273,-0.09313608649095173,-0.04888030085811046,-0.12370982152132803,-0.058717093644164664
2025-02-24,-0.7328812032722116,-0.10993218049083174,-0.2779272773379284,-0.0694818193344821,0.7963523310191365,0.23890569930574093,0.773250116910635,0.2319750350731905,0.2914667345536176,-0.17941399982531384,0.4708807343789314,0.6502947342042452,True,True,0.2914667345536176,-0.13746386742063743,-0.0313750916410277,-0.059947322246989954,-0.017705505277387235
2025-02-25,-0.8129467226495357,-0.12194200839743036,-0.3642359294877564,-0.0910589823719391,0.6992410154363825,0.20977230463091476,0.703189482083339,0.2109568446250017,0.207728158486547,-0.21300099076936946,0.4207291492559164,0.6337301400252859,True,True,0.207728158486547,-0.16452601762401253,-0.04995816437454048,0.06303083883248162,-0.0211845007465008
2025-02-26,-0.9116617619121734,-0.13674926428682602,-0.624972622547302,-0.1562431556368255,0.4866420087663326,0.14599260262989977,0.6245278194767186,0.18735834584301558,0.040358528549263806,-0.29299241992365155,0.33335094847291535,0.6263433683965669,True,True,0.040358528549263806,-0.20626476416620398,0.005442011990729023,0.023388936439118435,0.023410776178399262
2025-02-27,-0.8976499114254861,-0.1346474867138229,-0.5401017183273358,-0.13502542958183394,0.5160376095536994,0.15481128286610982,0.6510076084207878,0.19530228252623633,0.08044064909668933,-0.2696729162956568,0.35011356539234617,0.619786481688003,True,True,0.08044064909668933,-0.20194524749533227,-0.0042338096093689215,0.030379449165597983,-0.0469162627917975
2025-02-28,-0.9057367897469996,-0.13586051846204994,-0.515185731341077,-0.12879643283526926,0.5807533480729578,0.17422600442188732,0.6901311450748296,0.20703934352244888,0.116608396647017,-0.2646569512973192,0.3812653479443362,0.6459222992416553,True,True,0.116608396647017,-0.2053240593752892,0.02032710396711601,0.07416804327305981,-0.06821676458809578
2025-03-01,-0.8419007429391484,-0.12628511144087226,-0.4593618709435635,-0.11484046773589088,0.65121678166069,0.195365034498207,0.7792611861322616,0.23377835583967846,0.18801781116112232,-0.24112557917676314,0.42914339033788546,0.6702689695146486,True,True,0.18801781116112232,-0.18917059891004495,0.09534090292481712,0.04493558496165617,-0.03638595365593689
2025-03-02,-0.24173198833167164,-0.036259798249750744,-0.017753088092447893,-0.004438272023111973,0.785851433470426,0.23575543004112778,0.8515407488393044,0.2554622246517913,0.45051958442005635,-0.040698070272862714,0.4912176546929191,0.5319157249657819,True,True,0.45051958442005635,-0.11186539169214005,-0.08538654927336375,-0.07922191577384108,-0.11233563169619187
2025-03-03,-0.5777914266463173,-0.0866687139969476,-0.5082839372317863,-0.12707098430794658,0.6325055360362292,0.18975166081086875,0.7396423335308513,0.22189270005925538,0.19790466256522993,-0.2137396983048942,0.4116443608701241,0.6253840591750184,True,True,0.19790466256522993,-0.1877001411857987,0.012309933784973248,2.1340605221853437e-05,-0.05920660964936342
2025-03-04,-0.6195117187019802,-0.09292675780529702,-0.5081162664266177,-0.12702906660665442,0.681155553714019,0.2043466661142057,0.7952619841784686,0.23857859525354058,0.22296943695579485,-0.21995582441195144,0.4429252613677463,0.6628810857796977,True,True,0.22296943695579485,-0.17770078371025289,0.038083806073143656,-0.07501674457889251,-0.03779451382748189
2025-03-05,-0.37316470020760284,-0.05597470503114042,-0.36081826923990484,-0.09020456730997621,0.705103241616548,0.2115309724849644,0.8130052151087105,0.24390156453261314,0.3092532646764609,-0.14617927234111663,0.4554325370175776,0.6016118093586942,True,True,0.3092532646764609,-0.1463844998229762,-0.007440124556858829,-0.13255356901821402,-0.06917388813391068
2025-03-06,-0.4584980571202928,-0.06877470856804392,-0.3964900231034145,-0.09912250577585363,0.5330870650479786,0.1599261195143936,0.7866039317909674,0.23598117953729023,0.22801008470778628,-0.16789721434389754,0.3959072990516838,0.5638045133955814,True,True,0.22801008470778628,-0.15273550546795855,-0.034805673493573885,-0.07782445137092076,-0.08181035670439041
2025-03-07,-0.6072498532452888,-0.09108747798679331,-0.647356216821209,-0.16183905420530226,0.4275543568147811,0.1282663070444343,0.7557379147667754,0.22672137443003262,0.10206114928237134,-0.2529265321920956,0.3549876814744669,0.6079142136665625,True,True,0.10206114928237134,-0.18222511682733866,-0.006673828580645025,-0.035962754207144454,-0.03216202438314897
2025-03-08,-0.5754766245198422,-0.08632149367797633,-0.5147022137203671,-0.12867555343009177,0.3843705058667525,0.11531115176002574,0.7557509661332487,0.2267252898399746,0.12703939449193222,-0.2149970471080681,0.34203644160000035,0.5570334887080685,True,True,0.12703939449193222,-0.18768280621518996,-0.0636502442229373,-0.05922668632125394,-0.04067873274303846
2025-03-09,-0.7484015723985917,-0.11226023585978875,-0.6406981092617929,-0.16017452731544823,0.16884832589148996,0.05065449776744699,0.6605839039624976,0.19817517118874925,-0.023605094219040723,-0.27243476317523696,0.24882966895619624,0.5212644321314333,False,False,-0.023605094219040723,-0.2393869939860842,-0.026488223045525672,0.04024097791312431,0.07569972986721774
2025-03-10,-0.8042511818935121,-0.1206376772840268,-0.6409649330176459,-0.16024123325441147,-0.07428177630888999,-0.022284532892666995,0.5885971632510548,0.17657914897531643,-0.12658429445578886,-0.2808789105384383,0.15429461608264944,0.4351735266210877,False,False,-0.12658429445578886,-0.25953428094070863,0.055182677560879245,0.07306466269342948,0.07160084513357323
2025-03-11,-0.673430016538576,-0.1010145024807864,-0.5382905446713249,-0.13457263616783122,-0.22706696376123567,-0.0681200891283707,0.6266133706376295,0.18798401119128882,-0.1157232165856995,-0.23558713864861763,0.11986392206291813,0.35545106071153576,False,False,-0.1157232165856995,-0.21867339992097512,0.009008839546240877,-0.004322284774732066,0.013936552872385155
2025-03-12,-0.6985445757736165,-0.10478168636604247,-0.5038242970455751,-0.12595607426139377,-0.17092996592233475,-0.05127898977670042,0.5478017441232003,0.16434052323696008,-0.11767622716717657,-0.23073776062743623,0.11306153346025966,0.3437992940876959,False,False,-0.11767622716717657,-0.2116345539476534,-0.030644554525017353,0.003942513466759001,0.0019176597739105627
2025-03-13,-0.7209718943500764,-0.10814578415251146,-0.5957907464971676,-0.1489476866242919,-0.35784727917079545,-0.10735418375123863,0.4833454885805006,0.14500364657415016,-0.2194440079538918,-0.25709347077680333,0.037649462822911525,0.2947429335997149,False,False,-0.2194440079538918,-0.23579366184484418,0.03534971863674374,0.019715645956927208,0.06123000974656234
2025-03-14,-0.6209966416080536,-0.09314949624120804,-0.48019517351328117,-0.12004879337832029,-0.13427424758278367,-0.0402822742748351,0.567639055474859,0.1702917166424577,-0.0831888472519057,-0.21319828961952833,0.1300094423676226,0.34320773198715093,False,False,-0.0831888472519057,-0.20877918281064323,0.004229893597767154,0.0340870555063395,0.04185313253126832
2025-03-15,-0.5965302187526508,-0.08947953281289761,-0.537953132635832,-0.134488283158958,-0.2610178167818935,-0.07830534503456806,0.5769013759276681,0.17307041277830043,-0.12920274822812322,-0.2239678159718556,0.09476506774373238,0.318732883715588,False,False,-0.12920274822812322,-0.20543240294159382,-0.020914662400679962,-0.001364146645349451,0.03621634452807032
2025-03-16,-0.501023604483016,-0.07515354067245239,-0.7094278503718746,-0.17735696259296865,-0.3123985056185225,-0.09371955168555675,0.471197388013753,0.14135921640412588,-0.20487083854685187,-0.252510503265421,0.04763966471856913,0.30015016798399013,False,False,-0.20487083854685187,-0.22205051598858994,0.017384295133135996,0.018338100138141744,0.05249366844715908
2025-03-17,-0.2822242508541295,-0.042333637628119425,-0.6538742127552017,-0.16346855318880044,-0.2301957798724971,-0.06905873396174912,0.4894225659672993,0.14682676979018977,-0.1280341549884792,-0.20580219081691986,0.07776803582844065,0.2835702266453605,False,False,-0.1280341549884792,-0.2085264125598646,-0.015414826063030795,-0.002016902029436274,0.03835232531163246
2025-03-18,-0.10179203237377511,-0.015268804856066267,-0.7821293504462455,-0.19553233761156139,-0.301988838731492,-0.0905966516194476,0.43164860795678556,0.12949458238703565,-0.17190321170003958,-0.21080114246762766,0.038897930767588046,0.2496990732352157,False,False,-0.17190321170003958,-0.22072684024373723,0.04994146771149088,0.04071170620381803,0.02066553079893718
2025-03-19,0.13267450932239955,0.01990117639835993,-0.6782475940595171,-0.16956189851487927,-0.20683459307063434,-0.0620503779211903,0.5348074712636884,0.16044224137910654,-0.05126885865860312,-0.14966072211651935,0.09839186345791623,0.24805258557443557,False,False,-0.05126885865860312,-0.18180879489733837,-0.030197727147636355,0.007510080494263827,-0.048331562765052793
2025-03-20,-0.007927939405766233,-0.001189190910864935,-0.6768155703150759,-0.16920389257876897,-0.36892527783674994,-0.11067758335102498,0.5228256188557603,0.15684768565672808,-0.12422298118393083,-0.17039308348963392,0.04617010230570309,0.216563185795337,False,False,-0.12422298118393083,-0.20651630966362433,-0.0015981308755205204,0.03763182650330266,-0.021768299756160348
2025-03-21,-0.12278942219846285,-0.01841841332976943,-0.7025120144588819,-0.17562800361472047,-0.4946793391315137,-0.1484038017394541,0.5347608560797578,0.16042825682392733,-0.18202196186001665,-0.1940464169444899,0.012024455084473223,0.20607087202896313,False,False,-0.18202196186001665,-0.20778440044837287,-0.0029516419489445944,0.03354049927463576,-0.018299466551962462
2025-03-22,-0.6213254617814421,-0.0931988192672163,-0.7893945772063711,-0.19734864430159277,-0.5174731811825336,-0.15524195435476007,0.51864039662731,0.155592118988193,-0.29019729893537616,-0.29054746356880906,0.00035016463343293114,0.29089762820224196,False,False,-0.29019729893537616,-0.21012273724461783,0.02674015056430301,0.04045081266722961,0.01571732737090703
2025-03-23,-0.01160873063484212,-0.0017413095952263178,-0.6859933185262699,-0.17149832963156747,-0.4108068893108672,-0.12324206679326015,0.5100038792699855,0.15300116378099562,-0.1434805422390583,-0.17323963922679378,0.029759096987735476,0.20299873621452924,False,False,-0.1434805422390583,-0.1890013003112193,0.01644538669299811,-0.019261987047309193,-0.041427816338977186
2025-03-24,0.017855053634297187,0.002678258045144578,-0.648571796118268,-0.162142949029567,-0.36926880378545324,-0.11078064113563597,0.5380785590761326,0.16142356772283975,-0.10882176439721866,-0.15946469098442242,0.050642926587203776,0.21010761757162622,False,False,-0.10882176439721866,-0.17566411308731866,-0.0012033395902268929,-0.05542539408828717,-0.04897325840909117
2025-03-25,-0.2652552541658569,-0.03978828812487853,-0.6755115516996165,-0.16887788792490413,-0.2149008300423448,-0.06447024901270344,0.5272308158381102,0.15816924475143304,-0.11496718031105305,-0.20866617604978266,0.0936989957387296,0.30236517178851224,False,False,-0.11496718031105305,-0.17665606909568554,-0.005534776464029556,-0.05724585998834908,-0.040083361491618286
2025-03-26,-0.2519172830108795,-0.03778759245163193,-0.6860560243355877,-0.1715140060838969,-0.19571710729943675,-0.05871513218983102,0.5549062650315947,0.1664718795094784,-0.10154485121588147,-0.20930159853552885,0.10775674731964738,0.3170583458551762,False,False,-0.10154485121588147,-0.18121309370625638,0.003714682811951864,-0.050157653099206945,-0.0387896927332293
2025-03-27,0.038605570480744186,0.005790835572111627,-0.6251612685281627,-0.15629031713204067,-0.32255304918634914,-0.09676591475590474,0.5755184021290397,0.1726555206387119,-0.07460987567712188,-0.15049948155992904,0.07588960588280716,0.2263890874427362,False,False,-0.07460987567712188,-0.17817156005879575,-0.0321857767578666,-0.023771892909494996,-0.10090344129408457
2025-03-28,-0.15821645944585827,-0.02373246891687874,-0.6909158831690186,-0.17272897079225466,-0.4132805292183143,-0.12398415876549429,0.5606267278151729,0.16818801834455185,-0.15225758013007587,-0.1964614397091334,0.044203859579057564,0.24066529928819097,False,False,-0.15225758013007587,-0.20462274676000924,-0.02103468216171689,-0.022601172789187274,-0.0623177807168972
2025-03-29,0.19997929439065198,0.029996894158597798,-0.7207052195557281,-0.18017630488893202,-0.5231798116623161,-0.15695394349869482,0.5051605226180349,0.15154815678541048,-0.15558519744361857,-0.15017941073033422,-0.005405786713284344,0.14477362401704988,False,False,-0.15558519744361857,-0.22135325448057186,-0.0031283069247198814,0.006830731674146939,-0.07654242894066843
2025-03-30,0.39796946110319353,0.059695419165479026,-0.775922833444596,-0.193980708361149,-0.5033745068552936,-0.15101235205658808,0.6046342398081808,0.18139027194245422,-0.10390736930980388,-0.13428528919566998,0.030377919885866134,0.16466320908153612,False,False,-0.10390736930980388,-0.22378910048649092,0.0019422262340362817,0.01820463869457911,0.0027337058785903423
2025-03-31,-0.04718345598955073,-0.0070775183984326095,-0.789682781121486,-0.1974206952803715,-0.5194266685835223,-0.15582800057505666,0.6272539310275367,0.188176179308261,-0.1721500349455998,-0.2044982136788041,0.032348178733204336,0.23684639241200844,False,False,-0.1721500349455998,-0.22228152331431084,0.031596967704788925,0.011968260209780812,-0.035647603192295096
2025-04-01,0.1690233951539197,0.025353509273087955,-0.6771144277118551,-0.1692786069279638,-0.39224354059502375,-0.11767306217850712,0.7242672144350406,0.21728016433051217,-0.0443179955028708,-0.14392509765487582,0.09960710215200505,0.24353219980688087,False,False,-0.0443179955028708,-0.19770797772305548,-0.0310251468030025,-0.07900975993660742,-0.020367940474180224
2025-04-02,0.16509839340457733,0.024764759010686598,-0.7065579469975007,-0.17663948674937519,-0.47949798207551597,-0.14384939462265478,0.7748269959239549,0.23244809877718645,-0.06327602358415693,-0.1518747277386886,0.08859870415453167,0.24047343189322026,False,False,-0.06327602358415693,-0.22259920549307544,0.008444393222235336,-0.04063500673624554,0.03345533348627283
2025-04-03,-0.09488280155715237,-0.014232420233572855,-0.6143529377282714,-0.15358823443206784,-0.5327966092208547,-0.1598389827662564,0.7475645638936711,0.22426936916810133,-0.10339026826379574,-0.1678206546656407,0.06443038640184492,0.23225104106748562,False,False,-0.10339026826379574,-0.2160345274929808,0.00813309540602325,-0.0828075246334441,0.006572403452389519
2025-04-04,-0.05488212592454202,-0.008232318888681303,-0.6935805910657018,-0.17339514776642545,-0.4678361308983923,-0.1403508392695177,0.7727483304176156,0.23182449912528466,-0.09015380679933979,-0.18162746665510676,0.09147365985576697,0.2731011265108737,False,False,-0.09015380679933979,-0.20965846151005318,-0.004194546969735313,-0.015194325608085868,0.008364657139175558
2025-04-05,0.12190111869758476,0.018285167804637712,-0.6168394189142725,-0.15420985472856813,-0.5546982430416717,-0.1664094729125015,0.6474925889446057,0.1942477766833817,-0.10808638315305022,-0.13592468692393042,0.0278383037708802,0.16376299069481062,False,False,-0.10808638315305022,-0.2129735862153821,-0.061145713465215135,-0.04705272415580031,0.0012688837737178105
2025-04-06,-0.545704192984857,-0.08185562894772853,-0.7261574277094252,-0.1815393569273563,-0.6812815632608445,-0.20438446897825335,0.5633454327491584,0.1690036298247475,-0.2987758250285907,-0.2633949858750848,-0.035380839153505844,0.22801414672157896,False,False,-0.2987758250285907,-0.26109687780221214,0.009348973607038236,0.06367257427004969,0.0714060946066557
2025-04-07,-0.37240119513268244,-0.05586017926990237,-0.7041474488678772,-0.1760368622169693,-0.6877666226033585,-0.20632998678100756,0.5766418898720571,0.17299256696161713,-0.26523446130626205,-0.23189704148687165,-0.033337419819390424,0.19855962166748123,False,False,-0.26523446130626205,-0.2541888920146269,-0.03588559538492875,0.07722852172296113,0.07307267868268141
2025-04-08,-0.8476722384517278,-0.12715083576775915,-0.7713278539484045,-0.19283196348710113,-0.6843266454211283,-0.2052979936263385,0.5773887215318223,0.1732166164595467,-0.3520641764216521,-0.3199827992548603,-0.0320813771667918,0.28790142208806846,False,False,-0.3520641764216521,-0.2809527676693755,0.0824502158081466,0.09744947814809857,0.10681356801841457
2025-04-09,-0.1459843660484427,-0.021897654907266403,-0.5613041928463435,-0.14032604821158587,-0.4773232568734771,-0.14319697706204312,0.672425253045985,0.2017275759137955,-0.1036931042670999,-0.16222370311885226,0.05853059885175238,0.22075430197060464,False,False,-0.1036931042670999,-0.2216671681874649,-0.036408787630172745,0.023922468523354334,0.029798262354079563
2025-04-10,-0.38223476106648707,-0.05733521415997306,-0.6526494282889905,-0.16316235707224763,-0.6638306906966133,-0.19914920720898396,0.5853450790929235,0.17560352372787705,-0.24404325471332763,-0.2204975712322207,-0.023545683481106916,0.19695188775111377,False,False,-0.24404325471332763,-0.25000532296651845,0.047942085713244875,0.05070753561545227,0.06999282729096445
2025-04-11,-0.03441086785952663,-0.005161630178928994,-0.5500401893848575,-0.1375100473462144,-0.5358156026068899,-0.16074468078206697,0.697007052046227,0.2091021156138681,-0.09431424269334227,-0.14267167752514337,0.04835743483180113,0.1910291123569445,False,False,-0.09431424269334227,-0.21404901387570197,0.022212595344448305,0.0072705835646023065,0.04905540190909452
2025-04-12,-0.06521852723522607,-0.00978277908528391,-0.4312002759347285,-0.10780006898368212,-0.5163356811119175,-0.15490070433357525,0.74583034456024,0.223749103368072,-0.0487344490344693,-0.11758284806896603,0.06884839903449674,0.18643124710346276,False,False,-0.0487344490344693,-0.1965910026603528,-0.017787935537056265,-0.003857902902192678,0.09575969576755261
2025-04-13,-0.2945599208165904,-0.044183988122488554,-0.5512120217919438,-0.13780300544798596,-0.5576419381814853,-0.1672925814544456,0.6981184393829419,0.2094355318148826,-0.13984404321003754,-0.18198699357047451,0.042142950360437,0.2241299439309115,False,False,-0.13984404321003754,-0.21088199011492148,0.009928127984718316,0.008532593123209198,0.11856590257879662
2025-04-14,-0.2219489064059342,-0.03329233596089013,-0.484550128037125,-0.12113753200928125,-0.6027196212454815,-0.18081588637364446,0.6974364620219091,0.20923093860657274,-0.12601481573724313,-0.15442986797017139,0.028415052232928284,0.18284492020309967,False,False,-0.12601481573724313,-0.2030475255177363,-0.011201942320973268,0.005738514400605688,0.11099083383949093
2025-04-15,-0.2587716238283109,-0.038815743574246636,-0.5445869604905771,-0.13614674012264427,-0.6559002698686746,-0.19677008096060236,0.7061750479536392,0.21185251438609173,-0.15988005027140154,-0.1749624836968909,0.015082433425489372,0.19004491712238028,False,False,-0.15988005027140154,-0.2119749411694435,0.004619459210398746,0.01835457634194637,0.13144626410098303
2025-04-16,-0.25288283408659756,-0.03793242511298963,-0.5334284183651287,-0.13335710459128217,-0.6483937929442719,-0.19451813788328157,0.6907326748621063,0.2072198024586319,-0.15858786512892145,-0.1712895297042718,0.012701664575350324,0.18399119427962213,False,False,-0.15858786512892145,-0.20833469155340367,0.010919027142326287,0.04148321119100018,0.12611653071186857
2025-04-17,0.04369074501805738,0.006553611752708606,-0.45575660898178494,-0.11393915224544623,-0.5046724309620941,-0.15140172928862825,0.7131434185386353,0.2139430255615906,-0.044844244219775314,-0.10738554049273763,0.06254129627296234,0.16992683676569997,False,False,-0.044844244219775314,-0.19969047656283712,-0.005570707978571843,0.10000340208487768,0.10360925889759964
2025-04-18,0.15512529203414022,0.023268793805121032,-0.4622062764719424,-0.1155515691179856,-0.44856195956310224,-0.13456858786893067,0.6612776710390215,0.19838330131170642,-0.028468061870088796,-0.09228277531286457,0.06381471344277576,0.15609748875564033,False,False,-0.028468061870088796,-0.20414876721037556,0.007130183016948566,0.10910238321087662,0.12472954917028978
2025-04-19,0.22561893866440347,0.03384284079966052,-0.4357801280828531,-0.10894503202071328,-0.4387360413254459,-0.13162081239763376,0.6882417031527738,0.20647251094583213,-0.0002504926728543744,-0.07510219122105276,0.07485169854819837,0.14995388976925111,False,False,-0.0002504926728543744,-0.1984742022663214,0.0012016172171542827,0.10465177372829637,0.1079000072992693
2025-04-20,0.22059266022135307,0.03308889903320296,-0.46450081517015507,-0.11612520379253877,-0.4209711636760223,-0.12629134910280668,0.61053476741815,0.183160430225445,-0.026167223636697462,-0.08303630475933581,0.05686908112263833,0.13990538588197415,False,False,-0.026167223636697462,-0.1975110750677712,0.02743614523914495,0.11105335055818744,0.10557455079430156
2025-04-21,0.19406158534724222,0.02910923780208633,-0.4311339882044977,-0.10778349705112443,-0.2757421032232783,-0.08272263096698348,0.6474337092206306,0.19423011276618918,0.0328332225501676,-0.07867425924903809,0.1115074817992057,0.19018174104824379,False,False,0.0328332225501676,-0.17549387237052527,0.0677218385664009,0.08126229843310218,0.10253732364842505
2025-04-22,0.6848865548029724,0.10273298322044587,-0.11065643441695094,-0.027664108604237736,-0.050198642167654656,-0.015059592650296397,0.725660787766183,0.2176982363298549,0.2777075182957667,0.07506887461620813,0.20263864367955853,0.12756976906335038,False,False,0.2777075182957667,-0.11965680149819369,0.0026549878166355345,0.003278041509587881,0.036858302586421976
2025-04-23,0.6636624040038587,0.0995493606005788,-0.11513667816681927,-0.028784169541704818,-0.16985241639857426,-0.05095572491957228,0.7535495216479817,0.2260648564943945,0.2458743226336962,0.07076519105887398,0.17510913157482222,0.10434394051594824,False,False,0.2458743226336962,-0.1173195010317134,0.0030887678955136,0.014089921900782842,0.02311148510615957
2025-04-24,0.6442954795821549,0.09664432193732324,-0.09183423515879387,-0.022958558789698467,-0.18484417674930317,-0.05545325302479095,0.8136148218260928,0.24408444654782782,0.2623169566706616,0.07368576314762477,0.18863119352303687,0.11494543037541209,False,False,0.2623169566706616,-0.11459310584450422,0.007003689170739236,0.0029405045537653773,0.0031618271328073266
2025-04-25,0.687347821432151,0.10310217321482265,0.1292063771001031,0.032301594275025776,-0.04044726403112031,-0.012134179209336094,0.8246020691655803,0.2473806207496741,0.3706502090301864,0.13540376748984842,0.235246441540338,0.09984267405048958,False,False,0.3706502090301864,-0.10839199116820941,-0.0001128502637609552,-0.00493117613221139,0.0010038178892604055
2025-04-26,0.8964008229742646,0.1344601234461397,0.2511017213791628,0.0627754303447907,0.011654722021726403,0.003496416606517921,0.8201231183778225,0.24603693551334674,0.44676890591079504,0.19723555379093038,0.24953335211986466,0.052297798328934275,False,False,0.44676890591079504,-0.10849260936717753,-0.009285835059390402,0.01967610009722276,0.0233125501965592
2025-04-27,0.8606318046053768,0.12909477069080652,0.40657505163503266,0.10164376290875816,-0.05485931790990646,-0.01645779537297194,0.8156103173786485,0.24468309521359455,0.4589638334401873,0.2307385335995647,0.22822529984062262,-0.0025132337589420795,False,False,0.4589638334401873,-0.11677099995082152,0.013460153835815225,0.03347054324672283,0.03499972799796902
2025-04-28,0.9468750729992718,0.14203126094989077,0.4326256526165242,0.10815641315413105,0.04514411851479513,0.013543235554438537,0.8282789942616133,0.248483698278484,0.5122146079369443,0.2501876741040218,0.2620269338329225,0.011839259728900708,False,False,0.5122146079369443,-0.10488260173790631,-0.007939697201950202,0.008896216213712949,0.08683630705354894
2025-04-29,0.868577470886546,0.1302866206329819,0.4201358095078559,0.10503395237696397,0.052417566589398175,0.015725269976819452,0.844722633685548,0.25341679010566437,0.5044626330924298,0.23532057300994588,0.2691420600824838,0.03382148707253793,False,False,0.5044626330924298,-0.11198956284030481,-0.0008998818334843284,0.00022067368706046864,0.09246195659900258
2025-04-30,0.9559531126503574,0.1433929668975536,0.34879905098410086,0.08719976274602521,0.021272891449225145,0.006381867434767543,0.8210777945363505,0.24632333836090514,0.4832979354392515,0.2305927296435788,0.2527052057956727,0.022112476152093885,False,False,0.4832979354392515,-0.11278866730064929,0.024613579407891883,0.005964405555791474,0.11295852270313889
2025-05-01,0.9468298878007065,0.14202448317010596,0.10034696423758921,0.025086741059397302,0.06630464487831145,0.019891393463493435,0.8598418753134186,0.25795256259402555,0.44495518028702225,0.16711122422950325,0.277843956057519,0.11073273182801574,False,False,0.44495518028702225,-0.09095122071167216,0.004116803508263045,0.0035662796244706474,0.07905583081173972
2025-05-02,0.922901334529923,0.13843520017948843,0.49978560788251514,0.12494640197062878,-0.0033783209337430544,-0.0010134962801229162,0.8570806607582978,0.25712419822748933,0.5194923040974836,0.2633816021501172,0.2561107019473664,-0.007270900202750785,False,False,0.5194923040974836,-0.08720884550791563,-0.010638357164841517,0.0014796597360600128,0.06093873758684598
2025-05-03,0.9407302079259326,0.1411095311888899,0.41435941490749,0.1035898537268725,-0.07997083034590573,-0.023991249103771716,0.8711692223107529,0.2613507666932259,0.48205890250521655,0.24469938491576237,0.23735951758945417,-0.007339867326308203,False,False,0.48205890250521655,-0.09691944382631046,-0.016470466975503584,0.07725283293492513,0.08603805566700706
2025-05-04,0.8726094682487798,0.13089142023731698,0.1868074221557323,0.04670185553893307,-0.13637021737183247,-0.04091106521154974,0.8861228491414083,0.26583685474242247,0.4025190653071228,0.17759327577625006,0.22492578953087272,0.04733251375462266,False,False,0.4025190653071228,-0.11179360230298863,0.0048374152847727725,0.09222093217881411,0.09790446555608856
2025-05-05,0.9187659741836635,0.13781489612754952,0.24273103489888978,0.060682758724722445,-0.12526065340096995,-0.037578196020290985,0.8867465961759944,0.2660239788527983,0.4269434376847793,0.19849765485227197,0.22844578283250733,0.029948127980235356,False,False,0.4269434376847793,-0.10749697909873612,0.022170995574119168,0.10635974449636088,0.0953201649086155
2025-05-06,0.9432779248784369,0.1414916887317655,0.4826453099791609,0.12066132749479022,-0.18083162205349382,-0.05424948661604814,0.8911963702718688,0.2673589110815606,0.47526244069206824,0.26215301622655574,0.21310942446551248,-0.049043591761043254,False,False,0.47526244069206824,-0.08770929857244636,0.0020290389679165077,0.0752212910297434,0.06846643359430904
2025-05-07,0.9296645375209829,0.13944968062814742,0.5145571731016692,0.1286392932754173,0.002678547874433633,0.0008035643623300899,0.8718921869750795,0.26156765609252386,0.5304601943584186,0.2680889739035647,0.26237122045485395,-0.005717753448710727,False,False,0.5304601943584186,-0.08585822518918207,0.06421795208723036,0.05937122863429556,0.06282715228716729
2025-05-08,0.9693853639433831,0.14540780459150746,0.8346075704689379,0.20865189261723446,0.2707919541881274,0.08123758625643822,0.896784107549565,0.2690352322648695,0.7043325157300496,0.3540596972087419,0.3502728185213077,-0.003786878687434214,False,False,0.7043325157300496,-0.02715391249344523,-0.002804624371499198,0.008155209681043107,0.030918172873555916
2025-05-09,0.9612772394923806,0.14419158592385709,0.8706243672942636,0.2176560918235659,0.3448210140894458,0.10344630422683375,0.8979656755763903,0.26938970267291706,0.7346836846471738,0.361847677747423,0.3728360068997508,0.010988329152327836,False,False,0.7346836846471738,-0.029882380340183756,0.017845046988020696,0.00520364809886642,0.02526657977572344
2025-05-10,0.9723651230349584,0.14585476845524376,0.8310849080558476,0.2077712270139619,0.32868436951785107,0.09860531085535532,0.8997573192460114,0.2699271957738034,0.7221585020983644,0.35362599546920565,0.3685325066291587,0.014906511159953062,False,False,0.7221585020983644,-0.012570585833447612,-0.006597968715249425,-0.009978291096238934,0.019468267818775642
2025-05-11,0.9459735019179629,0.14189602528769443,0.8044523414572036,0.2011130853643009,0.31259183379887573,0.09377755013966271,0.8765182346924609,0.26295547040773826,0.6997421311993963,0.34300911065199535,0.35673302054740097,0.013723909895405617,False,False,0.6997421311993963,-0.01908561421663557,-0.01274208110028996,-0.006282295088265277,0.053074300313106226
2025-05-12,0.8381849772196903,0.12572774658295355,0.8394666732247001,0.20986666830617504,0.2745863596262008,0.08237590788786024,0.8737987261958148,0.2621396178587444,0.6801099406357332,0.33559441488912856,0.34451552574660466,0.0089211108574761,False,False,0.6801099406357332,-0.03158450487272835,0.012767615008738131,0.0032622404304174513,0.08663075831694744
2025-05-13,0.8709149149546794,0.13063723724320192,0.8072814426341759,0.20182036065854397,0.31368597226047984,0.09410579167814395,0.889116156243282,0.2667348468729846,0.6932982364528744,0.3324575979017459,0.3608406385511286,0.028383040649382685,False,False,0.6932982364528744,-0.019220148662446923,-0.005724099004339123,0.022578828114883764,0.030878627584105534
2025-05-14,0.8376965293859137,0.12565447940788704,0.7879559235700347,0.19698898089250869,0.23024453287139057,0.06907335986141717,0.894439945407267,0.2683319836221801,0.6600488037839929,0.3226434603003957,0.33740534348359724,0.01476188318320154,False,False,0.6600488037839929,-0.024834229632964,0.0024721803627976158,0.01995907169139488,0.04109921356666568
2025-05-15,0.8199720767255493,0.12299581150883239,0.8333549947583154,0.20833874868957886,0.10848781645918174,0.03254634493775452,0.8777163076419318,0.26331489229257954,0.6271957974287453,0.33133456019841123,0.2958612372303341,-0.03547332296807715,False,False,0.6271957974287453,-0.022423443964990186,-0.002889353127408567,0.029743346686428307,0.0505039767756954
2025-05-16,0.8071066713782301,0.12106600070673451,0.7988922307238222,0.19972305768095555,0.11587961394455094,0.03476388418336528,0.861881820848767,0.2585645462546301,0.6141174888256855,0.32078905838769006,0.2933284304379954,-0.02746062794969467,False,False,0.6141174888256855,-0.025248007844451137,-0.00325959102643536,0.059731848499815055,0.057709887216700784
2025-05-17,0.8360645422328804,0.12540968133493205,0.8227630687671236,0.2056907671917809,-0.031539823188219324,-0.009461946956465796,0.8469848039910736,0.2540954411973221,0.5757339427675692,0.33110044852671294,0.2446334942408563,-0.08646695428585666,False,False,0.5757339427675692,-0.02842530069108129,0.0322672170578604,0.08309743407741843,0.056353231681626426
2025-05-18,0.8784782334565029,0.13177173501847542,0.7987554661375348,0.1996888665343837,0.06140792668024142,0.018422378004072426,0.8647099590940494,0.2594129877282148,0.6092959672851463,0.3314606015528591,0.27783536573228723,-0.05362523582057188,False,False,0.6092959672851463,0.0,-0.008271345834351629,0.008116537562705473,0.01247033232864525
2025-05-19,0.8773349840063709,0.13160024760095562,0.8438256226176901,0.21095640565442253,0.14000747581290204,0.04200224274387061,0.8576785981655249,0.2573035794496575,0.6418624754489062,0.34255665325537815,0.2993058221935281,-0.04325083106185007,False,False,0.6418624754489062,-0.008271345834351629,0.012088706907607882,0.020726460955158066,0.0001516475593268396
2025-05-20,0.9088309686320436,0.13632464529480653,0.863762718333247,0.21594067958331176,0.14969691990347214,0.04490907597104164,0.8630599503140047,0.2589179850942014,0.6560923859433614,0.3522653248781183,0.30382706106524304,-0.04843826381287525,False,False,0.6560923859433614,0.0,0.02614880918566298,0.020160975213942445,-0.02680870629936427
2025-05-21,0.9108098745553929,0.1366214811833089,0.8968626558952405,0.22421566397381013,0.11146358128931572,0.033439074386794714,0.8803451673464905,0.26410355020394716,0.6583797697478609,0.36083714515711907,0.2975426245907419,-0.06329452056637719,False,False,0.6583797697478609,0.0,0.018717122570968137,-0.0019079933154567685,-0.04607740013839334
2025-05-22,0.933961170098358,0.1400941755147537,0.8894767788674705,0.2223691947168676,0.25092565334436745,0.07527769600331023,0.8825170392698932,0.26475511178096794,0.7024961780158996,0.36246337023162134,0.3400328077842782,-0.02243056244734315,False,False,0.7024961780158996,0.0,-0.03919479452346686,-0.024692332891151914,-0.05419413962210551
2025-05-23,0.8297031221813194,0.1244554683271979,0.7947045782516196,0.1986761445629049,0.10996240348804943,0.03298872104641483,0.867929313770314,0.2603787941310942,0.6164991280676118,0.3231316128901028,0.29336751517750903,-0.02976409771259375,False,False,0.6164991280676118,-0.03919479452346686,0.004133591381898505,0.004318741538022808,-0.013607278534974898
2025-05-24,0.8955187309329209,0.13432780963993812,0.8050164709757038,0.20125411774392596,0.09282104379939832,0.027846313139819494,0.8509515363042347,0.2552854608912704,0.618713701414954,0.33558192738386405,0.2831317740310899,-0.05245015335277414,False,False,0.618713701414954,-0.03522321840642584,0.011528006509906819,-0.020157029510705637,-0.022132310015663292
2025-05-25,0.9086010205255107,0.1362901530788266,0.8347052401055679,0.20867631002639198,0.13542151439860842,0.040626454319582526,0.8525318114957724,0.2557595434487317,0.6413524608735328,0.3449664631052186,0.2963859977683142,-0.04858046533690441,False,False,0.6413524608735328,-0.02410126538760804,0.003950306864350717,-0.046041441159280216,-0.039515270009345516
2025-05-26,0.8725859986119355,0.13088789979179033,0.8350829117803777,0.20877072794509444,0.2169543479294252,0.06508630437882755,0.8543010855108727,0.2562903256532618,0.6610352577689742,0.33965862773688477,0.3213766300320894,-0.018281997704795383,False,False,0.6610352577689742,-0.020246165917357506,-0.004538044985511469,-0.044253842859295345,-0.072427698723596
2025-05-27,0.8521614308145622,0.12782421462218432,0.8809159138055928,0.2202289784513982,0.21924967877441792,0.06577490363232537,0.8538490978083929,0.2561547293425179,0.6699828260484257,0.3480531930735825,0.3219296329748432,-0.026123560098739285,False,False,0.6699828260484257,-0.024692332891151914,-0.010615103962183348,-0.03024871814901986,-0.042682284822665895
2025-05-28,0.5396314647152868,0.08094471970729301,0.8949869491104965,0.22374673727762412,0.20829607109104545,0.062488821327313634,0.8709629762247523,0.2612888928674257,0.6284691711796564,0.3046914569849171,0.32377771419473933,0.01908625720982221,False,False,0.6284691711796564,-0.03504532517262682,-0.02033766746104948,-0.017848935135418964,-0.020686520486115634
2025-05-29,0.32513030467795195,0.04876954570169279,0.871736077796531,0.21793401944913274,0.060761774306068,0.0182285322918204,0.8839194884782058,0.2651758465434617,0.5501079439861076,0.26670356515082555,0.28340437883528213,0.016700813684456584,False,False,0.5501079439861076,-0.05467025246425106,-0.015193425498213675,-0.002015915370573329,0.00136613639107952
2025-05-30,-0.10618533368267367,-0.01592780005240105,0.8455455520794093,0.21138638801985232,-0.024210993874541287,-0.007263298162362385,0.8763979487273204,0.2629193846181961,0.451114674423285,0.19545858796745127,0.2556560864558337,0.060197498488382434,True,False,0.451114674423285,-0.06903304955468059,0.005831583409529939,0.006841147437123052,0.06036939003407027
2025-05-31,0.061288818630403606,0.009193322794560541,0.8064455186615996,0.2016113796653999,0.07165687376679634,0.021497062130038904,0.8787688431375231,0.2636306529412569,0.4959324175312563,0.21080470245996044,0.2851277150712958,0.07432301261133537,False,False,0.4959324175312563,-0.06360403813164295,0.0100490592577549,-0.029478387806013306,0.054330317037995624
2025-06-01,0.35698162984974985,0.05354724447746247,0.8780804721225537,0.21952011803063842,0.16553563840159013,0.049660691520477036,0.8721916346690215,0.26165749040070646,0.5843855444292844,0.2730673625081009,0.3113181819211835,0.038250819413082615,False,False,0.5843855444292844,-0.05419413962210551,0.0020357254385126033,-0.012821397513302468,0.028418276547233168
2025-06-02,0.22705688013714562,0.03405853202057184,0.8698216081837465,0.21745540204593664,0.27051053991294177,0.08115316197388253,0.8736919666596985,0.26210758999790956,0.5947746860383005,0.25151393406650846,0.34326075197179207,0.0917468179052836,False,False,0.5947746860383005,-0.05226873857223979,-0.004544767948078454,-0.0028891536670969664,-0.0017595270796282314
2025-06-03,0.24288011017338237,0.03643201652600735,0.851403612913051,0.21285090322826275,0.13573059693495718,0.04071917908048715,0.863357949958148,0.25900738498744436,0.5490094838222016,0.2492829197542701,0.2997265640679315,0.05044364431366141,False,False,0.5490094838222016,-0.0565759572325687,-0.00645331248625769,0.0033888834639170806,0.006545078337385046
2025-06-04,0.12276530589568686,0.01841479588435303,0.8476851072149547,0.21192127680373868,0.23621104565302195,0.07086331369590658,0.8653763990891393,0.2596129197267418,0.5608123061107401,0.2303360726880917,0.33047623342264837,0.10014016073455667,False,False,0.5608123061107401,-0.0626641673875954,-0.030451534076571196,0.053164536166605325,0.0068557930008597
2025-06-05,-0.23678972658847294,-0.03551845898827094,0.9059572730198218,0.22648931825495544,0.17110588017822212,0.051331764053466636,0.8438971831636546,0.25316915494909636,0.4954717782692475,0.1909708592666845,0.304500919002563,0.11353005973587849,True,False,0.4954717782692475,-0.09120748143558333,0.027384456186406947,0.08635429009617712,0.0402461149135227
2025-06-06,0.13294095591848606,0.01994114338777291,0.9208295317672248,0.2302073829418062,0.261937558184795,0.0785812674554385,0.8776747830524111,0.2633024349157233,0.5920322287007409,0.2501485263295791,0.34188370237116184,0.09173517604158271,False,False,0.5920322287007409,-0.06632069252842154,0.012117450409652175,0.04177529168141736,0.024030371918498217
2025-06-07,-0.10843514867804538,-0.016265272301706806,0.9588470038726808,0.2397117509681702,0.3018745800980926,0.09056237402942778,0.8871956490899308,0.26615869472697923,0.5801675474228705,0.22344647866646342,0.356721068756407,0.1332745900899436,True,False,0.5801675474228705,-0.05500687982161623,0.0017228450581063814,0.0011328997088169146,-0.009483274381431372
2025-06-08,0.019506239651215573,0.002925935947682336,0.9278871458894001,0.23197178647235003,0.3093319986372033,0.09279959959116098,0.8685193106334773,0.2605557931900432,0.5882531152012365,0.23489772242003237,0.35335539278120415,0.11845767036117177,False,False,0.5882531152012365,-0.053378803094572325,0.042834093101556725,0.0031455350218472233,-0.008012748973840078
2025-06-09,0.3438759159393617,0.05158138739090425,0.9751405855976005,0.24378514639940013,0.4303530464345801,0.12910591393037402,0.885242236500023,0.26557267095000686,0.6900451186706853,0.29536653379030436,0.3946785848803809,0.09931205109007651,False,False,0.6900451186706853,-0.0128311426144182,0.00010311707406529536,-0.04397104305686539,-0.05082782967489918
2025-06-10,0.06821168878393562,0.010231753317590343,0.9605118808293809,0.24012797020734522,0.40239827162229674,0.12071948148668901,0.8882156072568343,0.26646468217705027,0.6375438871886749,0.2503597235249356,0.3871841636637393,0.13682444013880374,False,False,0.6375438871886749,-0.012729348650236227,-0.014774690660270262,-0.042443036864679096,-0.06326400898703677
2025-06-11,-0.32213966247911385,-0.048320949371867074,0.9344163171967552,0.2336040792991888,0.40895800419909834,0.12268740125972949,0.8506475371432421,0.2551942611429726,0.5631647923300238,0.18528312992732174,0.3778816624027021,0.19259853247538036,True,False,0.5631647923300238,-0.027315967121892548,-0.027367911232460296,-0.017033346734763533,-0.06005893315778932
2025-06-12,-0.19651937374713568,-0.02947790606207035,0.9220987499826228,0.2305246874956557,0.2577349697616905,0.07732049092850715,0.8170746533791545,0.24512239601374636,0.5234896683758388,0.20104678143358534,0.32244288694225354,0.1213961055086682,True,False,0.5234896683758388,-0.0539362973909322,0.003736666372359032,-0.010604160639747229,-0.04455174529649508
2025-06-13,-0.20147290789629133,-0.030220936184443697,0.9157173749263404,0.2289293437315851,0.31082519553421517,0.09324755866026455,0.8134116316275524,0.2440234894882657,0.5359794556956716,0.19870840754714142,0.33727104814853026,0.13856264060138884,True,False,0.5359794556956716,-0.050401172967283414,-0.0061466103511010894,-0.01112329528082312,-0.006907547419031768
2025-06-14,-0.4108150813128378,-0.06162226219692567,0.921970592633781,0.23049264815844525,0.26235483143442984,0.07870644943032895,0.8105815783993305,0.24317447351979915,0.4907513089116477,0.1688703859615196,0.3218809229501281,0.1530105369886085,True,False,0.4907513089116477,-0.056237986946916174,0.0017015663099546607,-0.007172153697057704,0.00634029580710993
2025-06-15,-0.4355146557308248,-0.06532719835962372,0.9188693316836581,0.22971733292091454,0.26552613911511036,0.07965784173453311,0.7991281227387145,0.23973843682161433,0.48378641311743825,0.1643901345612908,0.31939627855614744,0.15500614399485663,True,False,0.48378641311743825,-0.05463211330089013,0.011369205507016922,-0.021743847023140694,0.0165404268670164
2025-06-16,-0.250685505547838,-0.037602825832175696,0.9193091900597985,0.22982729751494962,0.3477194461103734,0.10431583383311202,0.8097519122445664,0.24292557367336992,0.5394658791892559,0.19222447168277393,0.3472414075064819,0.15501693582370799,True,False,0.5394658791892559,-0.0438840315172736,-0.02100631933114927,-0.043771155694959374,0.0014282566719474588
2025-06-17,-0.3644423823346687,-0.054666357350200305,0.8971398811939325,0.22428497029848313,0.2922382983164373,0.08767148949493118,0.7806583097062297,0.23419749291186892,0.4914875953550829,0.16961861294828282,0.3218689824068001,0.1522503694585173,True,False,0.4914875953550829,-0.06396850886883276,0.0032100071190022117,-0.03431142855694491,0.02387749462775024
2025-06-18,-0.08631458761943749,-0.012947188142915622,0.8919006821995081,0.22297517054987703,0.3057967846252659,0.09173903538757976,0.8071328210814623,0.2421398463244387,0.5439068641189799,0.2100279824069614,0.33387888171201846,0.12385089930505705,True,False,0.5439068641189799,-0.060963841118691575,-0.002175583996381625,0.004263168342092172,0.022977252233312928
2025-06-19,0.08512301592388764,0.012768452388583146,0.8868874119814096,0.2217218529953524,0.2671597648037971,0.08014792944113913,0.804546131035166,0.2413638393105498,0.5560020741356245,0.23449030538393556,0.32151176875168896,0.0870214633677534,False,False,0.5560020741356245,-0.06300679315797741,-0.013000366238452021,0.013610062967597925,0.03533718541402098
2025-06-20,-0.1612412911002376,-0.02418619366503564,0.8148534848280676,0.2037133712070169,0.16873315850922982,0.05061994755276895,0.8028813901906379,0.24086441705719136,0.4710115421519416,0.17952717754198128,0.2914843646099603,0.11195718706797902,True,False,0.4710115421519416,-0.07518804800986534,-0.011403706887229914,0.03913522421878679,0.03725638804782161
2025-06-21,-0.41688561423005965,-0.06253284213450895,0.5895895284491853,0.14739738211229633,0.2035531196554723,0.061065935896641686,0.7703602532755163,0.23110807598265487,0.3770385518570839,0.08486453997778738,0.29217401187929654,0.20730947190150917,True,False,0.3770385518570839,-0.08573433243616779,-0.01132138549535977,0.04726840508535002,0.03487200990285855
2025-06-22,-0.5480805205552566,-0.08221207808328848,0.5133857321443208,0.1283464330360802,0.1526832227349961,0.04580496682049883,0.7818154305432369,0.23454462916297106,0.3264839509362616,0.04613435495279172,0.28034959598346987,0.23421524103067815,True,False,0.3264839509362616,-0.09608508650383041,0.043283404251441615,0.0602564065739557,0.07810447440257606
2025-06-23,-0.0045882277479805025,-0.0006882341621970753,0.6784201554507051,0.16960503886267628,0.2977843320435021,0.08933529961305062,0.813218986000149,0.24396569580004468,0.5022178001135745,0.1689168047004792,0.3333009954130953,0.16438419071261612,True,False,0.5022178001135745,-0.05696057189406889,0.007111383767794521,0.018634641278456154,0.040355942287542135
2025-06-24,0.1469297922073044,0.02203946883109566,0.6788250125259141,0.16970625313147852,0.46977652997809816,0.14093295899342945,0.8075956528380177,0.2422786958514053,0.5749573768074089,0.1917457219625742,0.38321165484483477,0.19146593288226058,False,False,0.5749573768074089,-0.05025425661264604,0.01185467982617383,0.021435385500032877,0.017922192999821007
2025-06-25,0.5871997834344317,0.08807996751516475,0.7215656096338398,0.18039140240845994,0.5816268971842768,0.17448806915528306,0.7935437195410239,0.23806311586230716,0.681022554941215,0.2684713699236247,0.41255118501759025,0.14407981509396556,False,False,0.681022554941215,-0.03899532490851754,-0.0036660878858676416,-0.0018080766845121055,0.007988963726486276
2025-06-26,0.3078750371367539,0.046181255570513086,0.7417059629642607,0.18542649074106518,0.6884864252537495,0.20654592757612483,0.75207099383582,0.225621298150746,0.6637749720384492,0.23160774631157827,0.43216722572687083,0.20055947941529256,False,False,0.6637749720384492,-0.04251845250613251,0.0009399977895605538,-0.01183688452959808,0.021101842350785605
2025-06-27,0.17777629635377332,0.026666444453065995,0.6999057727631409,0.17497644319078523,0.6800630872124822,0.20401892616374465,0.7590372391448966,0.22771117174346897,0.6333729855510648,0.20164288764385122,0.4317300979072136,0.2300872102633624,False,False,0.6333729855510648,-0.0416184219679433,0.002327936574751499,0.01683372787747972,0.01135336162168632
2025-06-28,0.18521047985069078,0.027781571977603618,0.7372973303410139,0.18432433258525346,0.6924821951892204,0.2077446585567661,0.7917440714157227,0.2375232214247168,0.65737378454434,0.21210590456285708,0.4452678799814829,0.2331619754186258,False,False,0.65737378454434,-0.0393873704398745,0.009880444699230884,0.021323937090755418,0.01515599860909167
2025-06-29,-0.2576369311854667,-0.03864553967782001,0.7704569097402163,0.19261422743505408,0.6737765757398124,0.20213297272194372,0.8111847323536306,0.24335541970608918,0.599457080185267,0.15396868775723407,0.4454883924280329,0.2915197046707988,True,False,0.599457080185267,-0.02989609047612285,-0.011170766835125301,-0.0034394662159585865,0.026551693555733058
2025-06-30,-0.4051497367762868,-0.060772460516443014,0.6465283398077442,0.16163208495193604,0.4454786868337752,0.13364360605013254,0.8025618050476997,0.2407685415143099,0.4752717719999354,0.10085962443549303,0.3744121475644424,0.2735525231289494,True,False,0.4752717719999354,-0.04073289505525757,-0.013676228341569674,0.009814786297265954,0.0827231874116281
2025-07-01,-0.3923328670551059,-0.05884993005826588,0.5608208640971715,0.14020521602429287,0.6687033480427969,0.20061100441283905,0.7977224625929858,0.23931673877789575,0.5212830291567617,0.08135528596602698,0.4399277431907348,0.3585724572247078,True,False,0.5212830291567617,-0.05385205102303836,0.02998131927797143,0.03333328917534395,0.11209682257401843
2025-07-02,0.41286866920965976,0.06193030038144896,0.7223758406059934,0.18059396015149834,0.7026691698060518,0.21080075094181552,0.8336092323931498,0.2500827697179449,0.7034077811927077,0.2425242605329473,0.46088352065976046,0.21835926012681317,False,False,0.7034077811927077,-0.025485287280562208,0.006754090047184302,-0.0053896385471329245,0.07873616439564302
2025-07-03,0.44809699133489694,0.06721454870023454,0.7968282787874266,0.19920706969685664,0.640457453197257,0.1921372359591771,0.8217169700944786,0.24651509102834357,0.7050739453846118,0.26642161839709116,0.43865232698752066,0.1722307085904295,False,False,0.7050739453846118,-0.018903327158549144,-0.014605495398174795,-0.00603915981763159,0.08670784391774111
2025-07-04,0.3345637794715087,0.05018456692072631,0.735773860430153,0.18394346510753826,0.6224306772957036,0.18672920318871106,0.729527886456166,0.2188583659368498,0.6397156011538254,0.23412803202826457,0.4055875691255608,0.17145953709729625,False,False,0.6397156011538254,-0.03323273009889949,0.001980659399927198,0.030094669370271054,0.1098025045136215
2025-07-05,0.3381213320489256,0.05071819980733883,0.6674993222889877,0.16687483057224692,0.7103335454099617,0.21310006362298853,0.7273423607884651,0.21820270823653953,0.6488958022391138,0.21759303037958574,0.43130277185952803,0.2137097414799423,False,False,0.6488958022391138,-0.03131789341822799,0.009295170747883663,0.07219977574471725,0.08835615628071913
2025-07-06,0.31279892297344786,0.04691983844601718,0.6949542252565496,0.1737385563141374,0.7408121234125692,0.22224363702377076,0.7281773528950698,0.21845320586852093,0.6613552376524463,0.22065839476015459,0.4406968428922917,0.22003844813213713,False,False,0.6613552376524463,-0.022313827837130873,-0.00861599738617247,0.07622277751405093,0.08632104878363256
2025-07-07,0.4860620241781897,0.07290930362672846,0.3643987224278558,0.09109968060696395,0.8421793330104673,0.2526537999031402,0.7145128703169502,0.21435386109508506,0.6310166452319177,0.16400898423369242,0.4670076609982252,0.3029986767645328,False,False,0.6310166452319177,-0.03073756934098304,0.006096638424931022,0.08458166755863084,0.10081584704793722
2025-07-08,0.5179119413782123,0.07768679120673185,0.424777321752216,0.106194330438054,0.8802607761322371,0.26407823283967113,0.6615198868364561,0.19845596605093682,0.6464153205353939,0.18388112164478584,0.462534198890608,0.2786530772458221,False,False,0.6464153205353939,-0.024828326762385333,0.02121691859697572,0.09331052088365555,0.08264426845464556
2025-07-09,0.7120214581887211,0.10680321872830816,0.4448653030971883,0.11121632577429708,0.8524296278164794,0.2557288883449438,0.5463719743702283,0.1639115923110685,0.6376600251586175,0.21801954450260524,0.4196404806560123,0.20162093615340704,False,False,0.6376600251586175,-0.004138188753226246,0.04293660597808269,0.07737913564010412,0.05938841176154863
2025-07-10,0.908457898500332,0.1362686847750498,0.6790696023589947,0.16976740058974868,0.8827096793600296,0.26481290380800887,0.6313889307623727,0.1894166792287118,0.7602656684015192,0.3060360853647985,0.4542295830367207,0.1481934976719222,False,False,0.7602656684015192,0.0,0.013082148090681978,0.015068442375657298,0.010819067321782505
2025-07-11,0.9550555444633971,0.14325833166950958,0.7730967885598699,0.19327419713996746,0.9202605543958952,0.2760781663187685,0.6087984838461359,0.18263954515384076,0.7952502402820862,0.33653252880947704,0.4587177114726093,0.12218518266313227,False,False,0.7952502402820862,0.0,-0.000916039679510372,0.00938306778166087,-0.0012533219839483412
2025-07-12,0.9694621888864144,0.14541932833296217,0.7289330924957573,0.18223327312393933,0.8959378584288235,0.268781357528647,0.6643656226470284,0.19930968679410851,0.7957436457796571,0.3276526014569015,0.4680910443227555,0.140438442865854,False,False,0.7957436457796571,-0.000916039679510372,0.014193834099812674,0.0149681485266564,0.021584227559189317
2025-07-13,0.95994648722809,0.1439919730842135,0.7919092423479348,0.1979773105869837,0.903734721877622,0.2711204165632866,0.6232143414916513,0.1869643024474954,0.8000540026819791,0.34196928367119717,0.458084719010782,0.11611543533958485,False,False,0.8000540026819791,0.0,0.006336059191862198,-0.00975592224283095,-0.0027765499135754546
2025-07-14,0.9589953106896444,0.14384929660344664,0.8024849620175524,0.2006212405043881,0.9245829479521003,0.27737488438563007,0.6415275570684882,0.19245826712054645,0.8143036886140113,0.3444705371078347,0.46983315150617655,0.12536261439834184,False,False,0.8143036886140113,0.0,-0.01738208852749945,-0.0166986005978913,-0.012518151106322484
2025-07-15,0.8815582808958681,0.13223374213438022,0.7541367332959011,0.18853418332397529,0.8987149045716719,0.2696144713715016,0.6257523349838258,0.18772570049514772,0.7781080973250049,0.32076792545835553,0.4573401718666493,0.1365722464082938,False,False,0.7781080973250049,-0.01738208852749945,0.007407898684498093,-0.004186294122127787,-0.001220977683996094
2025-07-16,0.9154407128316073,0.13731610692474108,0.7869706453494547,0.19674266133736368,0.916981654242395,0.2750944962727185,0.6267896150119785,0.18803688450359354,0.7971901490384168,0.3340587682621048,0.463131380776312,0.1290726125142072,False,False,0.7971901490384168,-0.010102954593738112,0.004612054428193568,-0.010537515543018738,-0.0059886826676762706
2025-07-17,0.924445731604094,0.1386668597406141,0.7064416774946861,0.17661041937367153,0.8866805332283987,0.2660041599685196,0.6009522870439067,0.180285686113172,0.7615671251959771,0.3152772791142856,0.44628984608169164,0.13101256696740604,False,False,0.7615671251959771,-0.005537495542016435,-0.010511374792368633,0.006518509021329111,0.001996936336001509
2025-07-18,0.8822186479677266,0.132332797195159,0.6968032864981635,0.17420082162454087,0.9068739393386587,0.2720621818015976,0.5433763124503218,0.16301289373509653,0.741608694356394,0.30653361881969987,0.4350750755366941,0.12854145671699424,False,False,0.741608694356394,-0.015990663643331904,-0.0007194412983727583,0.007048133370374021,0.0011658273184853574
2025-07-19,0.8429179248187685,0.12643768872281527,0.6435958843118423,0.16089897107796058,0.9075910194004428,0.2722773058201328,0.45907922057084477,0.13772376617125343,0.6973377317921621,0.28733665980077583,0.41000107199138625,0.12266441219061042,False,False,0.6973377317921621,-0.0166986005978913,-0.004878479293957905,0.00425144263408006,0.0009399185336047555
2025-07-20,0.8737098310093747,0.1310564746514062,0.4883642875980205,0.12209107189950512,0.9059781913783098,0.2717934574134929,0.43558473737928305,0.13067542121378492,0.6556164251781892,0.2531475465509113,0.40246887862727787,0.14932133207636655,False,False,0.6556164251781892,-0.021495616114594274,0.00098273041463659,0.002977782310716215,0.004904953834524717
2025-07-21,0.9266594662067364,0.13899891993101046,0.3785310347220143,0.09463275868050358,0.8850538345268764,0.2655161503580629,0.4650828604161964,0.1395248581248589,0.6386726870944359,0.23363167861151404,0.4050410084829218,0.17140932987140775,False,False,0.6386726870944359,-0.020534010095694888,0.02192922223104432,0.004597276750556878,-0.013769594845338684
2025-07-22,0.918353451229383,0.13775301768440745,0.732329260376139,0.18308231509403475,0.8896662822306074,0.2668998846691822,0.5049617780798784,0.1514885334239635,0.739223750871588,0.32083533277844223,0.4183884180931457,0.09755308531470347,False,False,0.739223750871588,0.0,-0.009990711471907332,-0.004492289654687176,-0.055491827645867575
2025-07-23,0.8538838047884646,0.12808257071826967,0.6701698542743691,0.1675424635685923,0.8806141567534242,0.2641842470260273,0.5884678568707261,0.17654035706121782,0.736349638374107,0.29562503428686193,0.4407246040872451,0.1450995698003832,False,False,0.736349638374107,-0.009990711471907332,-0.0034945605691132364,-0.005841136939703007,-0.05228906769250119
2025-07-24,0.9066519575952959,0.13599779363929437,0.596662064499717,0.14916551612492926,0.8827566758907285,0.26482700276721854,0.6025985453225775,0.18077956359677325,0.7307698761282155,0.28516330976422366,0.44560656636399176,0.1604432565997681,False,False,0.7307698761282155,-0.013450358894653403,-0.0061405604262733116,-0.0032975049473560336,-0.03491765617306397
2025-07-25,0.8750302132112002,0.13125453198168002,0.5387185149191451,0.13467962872978628,0.8723280421608417,0.2616984126482525,0.5145518944631475,0.15436556833894424,0.681998141698663,0.2659341607114663,0.41606398098719677,0.15012982027573046,False,False,0.681998141698663,-0.019508326579379065,0.0025990034716014687,0.0019214498643915778,-0.021759937204920088
2025-07-26,0.8484422740477939,0.12726634110716908,0.5802235230011117,0.14505588075027792,0.9088486665670917,0.27265459997012753,0.5244835835009836,0.15734507505029507,0.7023218968778696,0.27232222185744703,0.4299996750204226,0.15767745316297554,False,False,0.7023218968778696,-0.0169600253162826,0.01268283689644134,-0.018282820410686962,-0.032142472196614036
2025-07-27,0.9246150985092711,0.13869226477639066,0.6953792615248392,0.1738448153812098,0.9333336277133457,0.2800000883140037,0.5121527299834298,0.1536458189950289,0.746182987466633,0.31253708015760046,0.43364590730903263,0.12110882715143217,False,False,0.746182987466633,-0.004492289654687176,-0.011332108758030257,-0.05122967653710098,-0.037041072121679286
2025-07-28,0.8580754460235128,0.1287113169035269,0.7379410039431927,0.18448525098579818,0.9278763788192927,0.2783629136457878,0.5110137572559882,0.15330412717679645,0.7448636087119093,0.3131965678893251,0.4316670408225842,0.11847047293325913,False,False,0.7448636087119093,-0.01577349129777783,-0.0009449246804570377,-0.04672083353943923,-0.004999986447835503
2025-07-29,0.7504875496520431,0.11257313244780646,0.7928815822785787,0.1982203955696447,0.925986332880463,0.2777958998641389,0.49239597860803247,0.14771879358240975,0.7363082214639998,0.31079352801745114,0.42551469344654863,0.1147211654290975,False,False,0.7363082214639998,-0.016703511217010636,-0.000936492482117024,-0.03172476379126332,-0.010818243138068673
2025-07-30,0.3418399686787896,0.051275995301818436,0.7704889802967464,0.1926222450741866,0.90433917376486,0.27130175212945795,0.51966747690973,0.155900243072919,0.6711002355783819,0.24389824037600505,0.42720199520237695,0.1833037548263719,False,False,0.6711002355783819,-0.01762436098644793,-0.017618930026484958,-0.02363597173462728,-0.011694216664417834
2025-07-31,-0.3193615475922303,-0.04790423213883454,0.6496092597865528,0.1624023149466382,0.917265638458463,0.2751796915375389,0.4818372136468765,0.14455116409406293,0.5342289384394054,0.11449808280780366,0.41973085563160184,0.3052327728237982,True,False,0.5342289384394054,-0.034932768629951205,-0.021303240176054672,-0.014117764335880412,0.03049244636160009
2025-08-01,-0.6119192482680235,-0.09178788724020352,0.511265718499888,0.127816429624972,0.8904248560908181,0.2671274568272454,0.3691708625396023,0.11075125876188069,0.4139072579738946,0.03602854238476848,0.3778787155891261,0.3418501732043576,True,False,0.4139072579738946,-0.055491827645867575,-0.00663366047376146,0.014954730417404916,0.04755664997586462
2025-08-02,-0.8303356702242742,-0.12455035053364114,0.497850320392068,0.124462580098017,0.8752565845868086,0.2625769753760426,0.39364658075268644,0.11809397422580592,0.38058317916622436,-8.777043562413489e-05,0.3806709496018485,0.38075872003747263,True,False,0.38058317916622436,-0.061757374175957724,0.014771247579330682,0.04376561301188353,0.06741871237938857
2025-08-03,-0.7466785895691611,-0.11200178843537416,0.6162433526261583,0.15406083815653956,0.8938081837194625,0.26814245511583873,0.36147780932766027,0.10844334279829808,0.41864484763530224,0.042059049721165406,0.3765857979141368,0.3345267481929714,True,False,0.41864484763530224,-0.04789836006042958,0.00740949909288946,0.02159150608359428,0.07965787224802279
2025-08-04,-0.44846179425025406,-0.06726926913753811,0.7913783625121708,0.1978445906280427,0.9520504111979091,0.2856151233593727,0.3770298124686245,0.11310894374058734,0.5292993885904647,0.13057532149050458,0.39872406709996006,0.26814874560945545,True,False,0.5292993885904647,-0.040843763822958734,-0.008042064740672372,0.012230842927944963,0.028160959151459997
2025-08-05,-0.670116134548921,-0.10051742018233815,0.6584335200009194,0.16460838000022984,0.9433210224243865,0.28299630672731596,0.326219507147055,0.0978658521441165,0.4449531186893242,0.06409095981789169,0.3808621588714325,0.3167711990535408,True,False,0.4449531186893242,-0.04855736037071412,0.007557363439418818,0.045249025779869,0.028146035542879977
2025-08-06,-0.6301415831422341,-0.09452123747133512,0.6367520261262958,0.15918800653157394,0.9652631098603054,0.2895789329580916,0.43854664908118973,0.13156399472435693,0.48580969674268737,0.06466676906023883,0.42114292768244854,0.3564761586222097,True,False,0.48580969674268737,-0.0413669625512757,0.021564406024856986,0.032121550431172485,0.020770004801192288
2025-08-07,-0.07321415976649402,-0.010982123964974102,0.7217069117596617,0.18042672793991543,0.9527965776156111,0.28583897328468333,0.500111358408567,0.1500334075225701,0.6053169847821948,0.16944460397494132,0.43587238080725343,0.2664277768323121,True,False,0.6053169847821948,-0.020694610502889343,-0.006786893320374743,0.022661313107692704,-0.0005703486302822691
2025-08-08,-0.18577533164723725,-0.02786629974708559,0.47897598459373847,0.11974399614843462,0.9684032456550835,0.290520973696525,0.3840349741154248,0.11521049223462744,0.49760916233250146,0.09187769640134903,0.40573146593115245,0.31385376952980343,True,False,0.49760916233250146,-0.027341051709474207,-0.0018212168289383213,0.05683912387548484,-0.003837077331391492
2025-08-09,-0.1296488080207909,-0.019447321203118633,0.46504469740001303,0.11626117435000326,0.9522786110807601,0.285683583324228,0.4064851839363139,0.12194555518089416,0.5044429916520068,0.09681385314688462,0.40762913850512217,0.31081528535823755,True,False,0.5044429916520068,-0.02911247455491839,0.024314831629991707,0.01573763172186693,-0.030819514477867238
2025-08-10,0.271516324559344,0.040727448683901595,0.6927333286426387,0.17318333216065968,0.9531111822973579,0.2859333546892074,0.4291231425976333,0.12873694277929,0.6285810783130586,0.21391078084456128,0.4146702974684974,0.2007595166239361,False,False,0.6285810783130586,-0.005505507842062052,-0.005096735368355865,-0.01636259859149669,-0.04210412576457101
2025-08-11,-0.1944965842628864,-0.02917448763943296,0.8000475854644669,0.20001189636611671,0.9601035520365225,0.28803106561095676,0.4173131206605025,0.12519393619815075,0.5840624105357913,0.17083740872668376,0.4132250018091075,0.24238759308242372,True,False,0.5840624105357913,-0.010574183093878475,0.012200933555769122,-0.010998264327721885,-0.05212072190485817
2025-08-12,0.20896534025312355,0.03134480103796853,0.8251959187886201,0.20629897969715502,0.9609883018089934,0.288296490542698,0.37672815184792485,0.11301844555437746,0.6389587168321991,0.23764378073512354,0.40131493609707547,0.16367115536195193,False,False,0.6389587168321991,0.0,0.02640674486373884,-0.02271686768650505,-0.026621005463229097
2025-08-13,0.5960438921438761,0.08940658382158141,0.8946639927408985,0.22366599818522462,0.9735520254516145,0.29206560763548434,0.4023356072516581,0.12070068217549743,0.7258388718177878,0.31307258200680604,0.41276628981098173,0.09969370780417569,False,False,0.7258388718177878,0.0,-0.0406413517932519,-0.057412902149547196,-0.0638115952266235
2025-08-14,0.07810034068668643,0.011715051103002964,0.7485773196401649,0.18714432991004123,0.9511867409450616,0.2853560222835185,0.2957467902444179,0.08872403707332537,0.572939440369888,0.1988593810130442,0.37408005935684385,0.17522067834379965,False,False,0.572939440369888,-0.0406413517932519,-0.008056462867562786,-0.0458357992711278,-0.040589174073074386
2025-08-15,-0.06614557428729785,-0.009921836143094677,0.6662604320406796,0.1665651080101699,0.9402941981187053,0.28208825943561155,0.42156503184996397,0.12646950955498917,0.565201040857676,0.15664327186707525,0.4085577689906007,0.2519144971235254,True,False,0.565201040857676,-0.04837038911920477,0.00032903805583761603,-0.026169731992921497,-0.06161533738331659
2025-08-16,-0.23137899634968165,-0.03470684945245225,0.7648744273872952,0.1912186068468238,0.9440566740323778,0.28321700220971335,0.4863729331622847,0.1459118799486854,0.5856406395527702,0.15651175739437154,0.42912888215839873,0.2726171247640272,True,False,0.5856406395527702,-0.04805726676216304,0.0002074447357851561,-0.041579762799084596,-0.047856606020105885
2025-08-17,-0.0772906414136467,-0.011593596212047004,0.7538061963029796,0.1884515490757449,0.9399046611994385,0.28197139835983154,0.4791283856805912,0.14373851570417734,0.6025678669277068,0.1768579528636979,0.4257099140640089,0.24885196120031097,True,False,0.6025678669277068,-0.04785979125338391,-0.010033302667407429,-0.003994889144849911,-0.05232315043455127
2025-08-18,-0.19962742486464888,-0.02994411372969733,0.7204042769584573,0.18010106923961433,0.9318743965540116,0.2795623189662035,0.46831570269279804,0.1404947108078394,0.5702139852839598,0.150156955509917,0.4200570297740429,0.2699000742641259,True,False,0.5702139852839598,-0.057412902149547196,-0.028858256318128994,-0.006788436943035214,-0.031491378297909156
2025-08-19,-0.5012883751260392,-0.07519325626890587,0.6335646594060006,0.15839116485150015,0.8767349823102222,0.26302049469306665,0.4510319052350496,0.13530957157051487,0.4815279748461758,0.08319790858259428,0.39833006626358153,0.31513215768098723,True,False,0.4815279748461758,-0.08461432222147691,0.012388265956393196,0.005498660706454439,-0.0398283237771605
2025-08-20,-0.1656805763203298,-0.024852086448049468,0.7397357560446438,0.18493393901116095,0.8156727719934018,0.24470183159802053,0.48537713429611123,0.14561314028883338,0.5503968244499653,0.16008185256311147,0.39031497188685393,0.23023311932374246,True,False,0.5503968244499653,-0.07327428099248345,-0.01550031311465605,-0.03639813482377552,-0.04773650832877985
2025-08-21,-0.09254120313815226,-0.013881180470722837,0.7210483882432072,0.1802620970608018,0.7758721995433613,0.23276165986300837,0.3591608137849773,0.10774824413549318,0.5068908205885805,0.16638091659007895,0.34050990399850156,0.17412898740842261,True,False,0.5068908205885805,-0.08763881980850463,0.03943102222222228,-0.006549155555555575,-0.03781022222222219
2025-08-22,0.4212993997509963,0.06319490996264944,0.7103634947884884,0.1775908736971221,0.8366319392345456,0.2509895817703637,0.4316266088309248,0.12948798264927744,0.6212633480794126,0.24078578365977155,0.3804775644196411,0.13969178075986954,False,False,0.6212633480794126,-0.05166348583768088,-0.012809914210329953,-0.04852210170709648,-0.06583576194121254
2025-08-23,0.12488161850647966,0.01873224277597195,0.6128504495953927,0.15321261239884817,0.7993004969821756,0.23979014909465268,0.48849476910082307,0.14654843073024693,0.5582834349997197,0.1719448551748201,0.3863385798248996,0.2143937246500795,False,False,0.5582834349997197,-0.0638115952266235,-0.01684418612407268,-0.02487178187781247,-0.036366172159006616
2025-08-24,-0.15632897609970559,-0.023449346414955836,0.435700190609353,0.10892504765233825,0.7608743244202275,0.22826229732606823,0.485618728833929,0.14568561865017868,0.45942361721362934,0.0854757012373824,0.3739479159762469,0.2884722147388645,True,False,0.45942361721362934,-0.07958092696382502,-0.029795603434519924,-0.04507910975412799,-0.015753136366555953
2025-08-25,-0.37321343950340236,-0.05598201592551035,0.23218738582620702,0.058046846456551754,0.7022501863875067,0.210675055916252,0.39021545938144314,0.11706463781443294,0.32980452426172635,0.002064830531041402,0.3277396937306849,0.3256748631996435,True,False,0.32980452426172635,-0.10700536865757937,0.01499600679235824,-0.011766657905888156,0.005620551006348284
2025-08-26,-0.2986391292914069,-0.04479586939371103,0.33391405300871174,0.08347851325217794,0.7061327128461542,0.21183981385384626,0.46355521756786777,0.13906656527036032,0.3895890229826735,0.038682643858466904,0.3509063791242066,0.31222373526573965,True,False,0.3895890229826735,-0.093614015100429,-0.004484570147495814,-0.03146714992642474,-0.009871136497319966
2025-08-27,-0.5427141476777543,-0.08140712215166314,0.28403524508760686,0.07100881127190171,0.7157908785924255,0.21473726357772766,0.4762668974556767,0.142880069236703,0.34721902193466925,-0.010398310879761424,0.35761733281443064,0.36801564369419204,True,False,0.34721902193466925,-0.09767876663041819,0.011728082208833035,-0.01819659738306001,-0.009653250017683468
2025-08-28,-0.3771544517171399,-0.056573167757570986,0.29716220225504736,0.07429055056376184,0.7467719187969766,0.22403157563909296,0.4833012278958124,0.1449903683687437,0.38673932681402756,0.017717382806190854,0.36902194400783667,0.3513045612016458,True,False,0.38673932681402756,-0.08709626902668421,-0.03721786777462999,-0.011787568103945323,-0.012699647942690073
2025-08-29,-0.6287972446904141,-0.09431958670356211,0.08781436987200195,0.021953592468000487,0.5509018478953216,0.16527055436859647,0.3679541367369231,0.11038624102107693,0.2032908011541118,-0.07236599423556161,0.2756567953896734,0.34802278962523503,True,False,0.2032908011541118,-0.12107259937701542,0.004050014117334522,0.030710369505081436,0.034027666284668134
2025-08-30,-0.7553530767386544,-0.11330296151079815,0.22280545315821315,0.05570136328955329,0.5506572474238051,0.1651971742271415,0.31618885192296964,0.0948566555768909,0.20245223158278752,-0.05760159822124486,0.2600538298040324,0.31765542802527724,True,False,0.20245223158278752,-0.11751293099638027,-0.005238000583184466,0.017594234247745755,0.025088697624704004
2025-08-31,-0.7560016977147451,-0.11340025465721176,-0.044185810830003704,-0.011046452707500926,0.5711771149323501,0.17135313447970504,0.2709769972582647,0.0812930991774794,0.12819952629247175,-0.1244467073647127,0.2526462336571844,0.3770929410218971,True,True,0.12819952629247175,-0.12213539877847401,0.009155689776144893,0.022297657149640715,0.05278376591912792
2025-09-01,-0.7718302624561604,-0.11577453936842405,-0.02522224532947563,-0.006305561332368908,0.6581264884172953,0.19743794652518856,0.29352348662003724,0.08805704598601118,0.16341489181040678,-0.12208010070079296,0.28549499251119975,0.4075750932119927,True,True,0.16341489181040678,-0.11409794282423058,0.018332454208457083,0.008701688487333437,0.057171526021028374
2025-09-02,-0.8144698048348926,-0.12217047072523389,0.2310444084630187,0.05776110211575468,0.6950373945318521,0.20851121835955563,0.335942130845761,0.10078263925372831,0.24488448900380472,-0.06440936860947921,0.30929385761328393,0.37370322622276314,True,False,0.24488448900380472,-0.0978571839278779,0.004186443348935365,-0.0009229592841639711,0.04305474262362985
2025-09-03,-0.6028565669816184,-0.09042848504724275,0.24737986871161372,0.06184496717790343,0.6454644525253453,0.1936393357576036,0.24789891752983897,0.07436967525895169,0.23942549314721595,-0.028583517869339325,0.2680090110165553,0.2965925288858946,True,False,0.23942549314721595,-0.09408041413574286,-0.008726859173089796,0.0032184567825583876,0.03771141152945523
2025-09-04,-0.6078089907595031,-0.09117134861392547,0.10949692803646235,0.02737423200911559,0.6097392436197971,0.18292177308593913,0.3662588341883657,0.10987765025650971,0.22900230673763894,-0.06379711660480988,0.29279942334244885,0.3565965399472587,True,False,0.22900230673763894,-0.10198624678372403,-0.0006401105671796081,0.007364883884683593,0.040974481641840255
2025-09-05,-0.615377343371146,-0.0923066015056719,0.17208607680729654,0.043021519201824135,0.3742179563593747,0.11226538690781242,0.41367657717648926,0.12410297315294677,0.18708327775691141,-0.04928508230384776,0.23636836006075918,0.28565344236460694,True,False,0.18708327775691141,-0.10256107487663046,-0.004265498307021387,0.02982116662038381,0.04237954476590855
2025-09-06,-0.6484564989249935,-0.09726847483874902,0.09142783711936837,0.022856959279842094,0.3669640996711845,0.11008922990135535,0.46732979108555983,0.14019893732566793,0.17587665166811633,-0.07441151555890693,0.2502881672270233,0.3246996827859302,True,False,0.17587665166811633,-0.10638909909239924,0.008615913334277803,0.048051706551994755,0.05990663046065747
2025-09-07,-0.49470072198690224,-0.07420510829803534,-0.006984302722144367,-0.0017460756805360918,0.3224678710843834,0.09674036132531502,0.43416154119512945,0.13024846235853882,0.15103763970528242,-0.07595118397857142,0.22698882368385384,0.30294000766242524,True,True,0.15103763970528242,-0.09868982501561352,0.008349039125823854,0.04401832903324854,0.047780970824027325
2025-09-08,-0.09175312418497333,-0.013762968627746,-0.2868314658324058,-0.07170786645810145,0.39653233199050597,0.11895969959715179,0.45657498915708383,0.13697249674712514,0.17046136125842948,-0.08547083508584745,0.25593219634427694,0.3414030314301244,True,True,0.17046136125842948,-0.09116475110016564,-0.0046298035528057335,0.03438229681052718,0.04469093580586958
2025-09-09,-0.3036013282984892,-0.04554019924477338,-0.42062083433420455,-0.10515520858355114,0.4360797958479666,0.13082393875438997,0.44713057928841143,0.13413917378652343,0.11426770471258887,-0.15069540782832452,0.2649631125409134,0.41565852036923795,True,True,0.11426770471258887,-0.09537247976443719,0.02163772399985331,0.03336387667946927,0.036630410002511216
2025-09-10,0.16263740809267896,0.024395611213901842,-0.24700215940495657,-0.06175053985123914,0.4736995856631809,0.14210987569895425,0.49501522501943,0.148504567505829,0.25325951456744594,-0.037354928637337304,0.29061444320478325,0.32796937184212055,False,False,0.25325951456744594,-0.0757983991589084,0.013361618111618068,0.012194717444717451,0.015142418392418477
2025-09-11,-0.17882601863026043,-0.026823902794539063,-0.2536955124415399,-0.06342387811038498,0.5524560154583052,0.16573680463749157,0.47790076635034817,0.14337022990510445,0.21885925363767197,-0.09024778090492405,0.309107034542596,0.39935481544752005,True,True,0.21885925363767197,-0.06344957031032361,0.004734302604139096,0.011311392209516491,-0.0021682903299188316
2025-09-12,0.074861002897961,0.011229150434694149,-0.2664076969796269,-0.06660192424490673,0.5612044386582844,0.16836133159748531,0.39739790995313296,0.11921937298593988,0.2322079307732126,-0.05537277381021258,0.2875807045834252,0.34295347839363777,False,False,0.2322079307732126,-0.05901565717213608,-0.0009577743299932218,0.0036039997442027794,-0.029117011875091636
2025-09-13,0.3110876643239236,0.04666314964858854,-0.1336260244455399,-0.03340650611138497,0.5687669263066837,0.1706300778920051,0.4075723971847153,0.12227171915541457,0.30615844058462327,0.013256643537203565,0.2929017970474197,0.2796451535102161,False,False,0.30615844058462327,-0.0599169078206222,-0.005609813602322822,0.00996598552307848,-0.033812524322089255
2025-09-14,0.6621349034598502,0.09932023551897752,-0.24092780714996273,-0.06023195178749068,0.559445876261993,0.16783376287859791,0.29211367191963306,0.08763410157588991,0.29455614818597464,0.03908828373148684,0.2554678644544878,0.21637958072300098,False,False,0.29455614818597464,-0.06519059873844368,0.000708782948538822,0.0031610678452764773,-0.01701261260604736
2025-09-15,0.5116902221676931,0.07675353332515396,-0.2722463374758387,-0.06806158436895968,0.43251547537671925,0.12975464261301578,0.2816411722352401,0.08449235167057202,0.22293894323978208,0.008691948956194281,0.2142469942835878,0.2055550453273935,False,False,0.22293894323978208,-0.06452802177469563,0.012477274541912609,0.0029121876422575355,-0.055095240378150945
2025-09-16,0.6951030851324449,0.10426546276986673,-0.082437157649584,-0.020609289412396,0.5240582650017092,0.15721747950051274,0.3968451303616001,0.11905353910848002,0.3599271919664635,0.08365617335747073,0.2762710186089927,0.192614845251522,False,False,0.3599271919664635,-0.0528558810761125,-0.0029229646363835293,-0.013328913965840683,-0.061183009078940365
2025-09-17,0.541614376343881,0.08124215645158214,-0.10109567398512173,-0.025273918496280433,0.4595358063119295,0.13786074189357883,0.36649496919171876,0.10994849075751563,0.30377747060639615,0.05596823795530171,0.24780923265109445,0.19184099469579274,False,False,0.30377747060639615,-0.055624349841285614,0.005375293726559649,-0.03260350858270222,-0.05849618699708592
2025-09-18,0.9688227240258865,0.145323408603883,-0.013950246624719206,-0.0034875616561798016,0.3649394231480053,0.10948182694440159,0.28366079799736166,0.08509823939920849,0.33641591329131326,0.14183584694770318,0.19458006634361008,0.0527442193959069,False,False,0.33641591329131326,-0.050548053333471676,-0.01230978514101344,-0.043346519063702904,-0.04193586714264108
2025-09-19,0.90435203532629,0.1356528052989435,-0.1266281904925044,-0.0316570476231261,0.19993370645499553,0.05998011193649866,0.3135664011727299,0.09406992035181896,0.258045789964135,0.1039957576758174,0.15405003228831762,0.05005427461250023,False,False,0.258045789964135,-0.06223560279865359,0.0004605111474831336,-0.020110111025994692,-0.01141911980018051
2025-09-20,0.9316209624664431,0.13974314436996646,-0.3032757338230522,-0.07581893345576304,0.4237764689555814,0.1271329406866744,0.30952718559236464,0.09285815567770939,0.2839153072785872,0.06392421091420342,0.2199910963643838,0.15606688545018038,False,False,0.2839153072785872,-0.06180375184002962,-0.003918723526854739,-0.0578389900284072,-0.014147824582880442
2025-09-21,0.8712155978293165,0.13068233967439746,-0.2552923798876562,-0.06382309497191405,0.38313013298686754,0.11493903989606026,0.2738023284082221,0.08214069852246662,0.26393898312101033,0.06685924470248342,0.19707973841852688,0.13022049371604347,False,False,0.26393898312101033,-0.06548028355050095,-0.022400839209218093,-0.04850055483580151,0.029181924615053756
2025-09-22,0.2793590638323619,0.041903859574854284,-0.3965360774670616,-0.0991340193667654,0.19424775777621267,0.0582743273328638,0.21310492949766469,0.06393147884929941,0.06497564639025209,-0.057230159791911116,0.1222058061821632,0.17943596597407432,False,False,0.06497564639025209,-0.08641430945653028,-0.005789474198140687,-0.02676532181386071,0.06993600322553761
2025-09-23,0.059208080321150984,0.008881212048172648,-0.3940461435251005,-0.09851153588127512,0.13752875460560987,0.04125862638168296,0.25488984162274464,0.07646695248682339,0.02809525503540388,-0.08963032383310247,0.11772557886850635,0.2073559027016088,False,False,0.02809525503540388,-0.09170349023972224,0.011680482290881589,0.0014745693703861473,0.0913688360946725
2025-09-24,0.4744924740665637,0.07117387110998455,-0.325726715596815,-0.08143167889920375,0.2303345381325723,0.06910036143977169,0.30112392894332,0.090337178682996,0.14917973233354848,-0.010257807789219198,0.15943754012276767,0.16969534791198687,False,False,0.14917973233354848,-0.0810941489425977,-0.03806040226993912,0.008869354938353391,0.08017156927639069
2025-09-25,-0.24790116610438964,-0.037185174915658446,-0.6296633895690474,-0.15741584739226186,0.06502795065776754,0.01950838519733026,0.21235477274153663,0.06370643182246098,-0.11138620528812908,-0.1946010223079203,0.08321481701979125,0.2778158393277116,False,False,-0.11138620528812908,-0.11606807528204321,0.0059541541962351285,0.046373353368596826,0.13292249910981724
2025-09-26,-0.08218944698840004,-0.012328417048260007,-0.5378810812203605,-0.13447027030509012,0.21724636817283327,0.06517391045184998,0.1628933371917376,0.048868001157521275,-0.03275677574397889,-0.14679868735335014,0.11404191160937124,0.2608405989627214,False,False,-0.03275677574397889,-0.11080500830329765,-6.940678449951498e-05,0.08164216999354079,0.1369446020765852
2025-09-27,-0.2250031074132046,-0.03375046611198069,-0.5327849037683133,-0.13319622594207833,0.3017140737569914,0.09051422212709741,0.1352050742059678,0.04056152226179034,-0.035870947665171266,-0.16694669205405901,0.13107574438888775,0.2980224364429468,False,False,-0.035870947665171266,-0.11086672446846435,0.02305906325348861,0.09936074741975376,0.10669046666760917
2025-09-28,0.013895993482511693,0.002084399022376754,-0.3745761583888952,-0.0936440395972238,0.3867945850982257,0.11603837552946769,0.2630504868962423,0.07891514606887268,0.10339388102349333,-0.09155964057484704,0.19495352159834037,0.2865131621731874,False,False,0.10339388102349333,-0.09036414402720117,0.01915062727373651,0.08976190656623628,0.0993371756255017
2025-09-29,0.3555521091804448,0.053332816377066716,-0.1000731686786142,-0.02501829216965355,0.428809751003195,0.1286429253009585,0.3610326836093765,0.10830980508281295,0.2652672545911846,0.028314524207413167,0.23695273038377146,0.20863820617635828,False,False,0.2652672545911846,-0.07294404679463984,-0.002300984079006363,0.07067536940141683,0.06430158314143153
2025-09-30,0.012499857916123779,0.0018749786874185667,0.05329065186739198,0.013322662966847995,0.4079719728992676,0.12239159186978028,0.43081908911961747,0.12924572673588525,0.2668349602599321,0.015197641654266562,0.2516373186056655,0.23643967695139895,False,False,0.2668349602599321,-0.07507718778331351,0.03986061070454605,0.08271344588677865,-0.011174414350051287
2025-10-01,0.3504860875184881,0.052572913127773215,0.3832307400104586,0.09580768500261465,0.585382603580254,0.1756147810740762,0.4368401602999521,0.13105204808998563,0.4550474272944497,0.14838059813038787,0.30666682916406185,0.15828623103367398,False,False,0.4550474272944497,-0.038209199633790325,0.01631063841735636,0.05112821376349874,-0.067039847130136
2025-10-02,0.472592781191713,0.07088891717875695,0.39269446032409394,0.09817361508102349,0.6623333281053135,0.19869999843159405,0.555403391019681,0.16662101730590428,0.5343835479972787,0.16906253225978043,0.3653210157374983,0.19625848347771788,False,False,0.5343835479972787,-0.022521777655877262,0.014126434764644369,0.006667255734806421,-0.04621737361066003
2025-10-03,0.608801552123946,0.0913202328185919,0.43363584939564087,0.10840896234891022,0.7881981575369363,0.2364594472610809,0.6065880139384944,0.1819764041815483,0.6181650466101314,0.19972919516750212,0.4184358514426292,0.21870665627512706,False,False,0.6181650466101314,-0.008713495314072395,0.0013008050265068682,0.008786569801688682,-0.0578081026245173
2025-10-04,0.6665759318316979,0.09998638977475469,0.4912144870856354,0.12280362177140886,0.7302023681518506,0.21906071044555517,0.6101747029251796,0.1830524108775539,0.6249031328692726,0.22279001154616354,0.40211312132310906,0.17932310977694552,False,False,0.6249031328692726,-0.007424024846068411,0.008916587003946264,-0.005953052103504386,-0.07649957921742612
2025-10-05,0.7220517809366943,0.10830776714050415,0.49880895309940365,0.12470223827485091,0.7219329695865043,0.21657989087595128,0.6273451775354556,0.18820355326063667,0.637793449551943,0.23301000541535505,0.40478344413658796,0.1717734387212329,False,False,0.637793449551943,0.0,0.009525493975614863,-0.08671533598618297,-0.1030028511776302
2025-10-06,0.7046703799825007,0.1057005569973751,0.43114232982948064,0.10778558245737016,0.7423442662002446,0.22270327986007338,0.6452182372987014,0.19356547118961043,0.629754890504429,0.21348613945474526,0.4162687510496838,0.20278261159493854,False,False,0.629754890504429,0.0,-0.02667759465175834,-0.11242021605579533,-0.1320748662706943
2025-10-07,0.47189065435469535,0.0707835981532043,0.2891595068587445,0.07228987671468612,0.5107670294627934,0.153230108838838,0.5936410526873629,0.17809231580620885,0.47439589951293726,0.1430734748678904,0.33132242464504685,0.18824894977715645,False,False,0.47439589951293726,-0.02667759465175834,0.016261452474369165,-0.05253436927067212,-0.12281305284343624
2025-10-08,0.5631328128563199,0.08446992192844797,0.4063818994979964,0.1015954748744991,0.5753954286718025,0.17261862860154073,0.6050720711731014,0.1815216213519304,0.5402056467564182,0.1860653968029471,0.35414024995347115,0.16807485315052406,False,False,0.5402056467564182,-0.010849958614949196,-0.013329440578722873,-0.06601463026941101,-0.1307397044750459
2025-10-09,0.5533066686488357,0.08299600029732536,0.14888825827460353,0.03722206456865088,0.5814599267736049,0.17443797803208147,0.6122234004448105,0.18366702013344313,0.47832306303150085,0.12021806486597625,0.3581049981655246,0.23788693329954835,False,False,0.47832306303150085,-0.02403477531503262,-0.07305379476321361,-0.07096900932416261,-0.10701432817370027
2025-10-10,-0.22141535462151773,-0.03321230319322766,-0.32493115160108144,-0.08123278790027036,0.3384623875319749,0.10153871625959246,0.3904306981536096,0.11712920944608288,0.10422283461217732,-0.11444509109349801,0.21866792570567534,0.3331130167991734,True,True,0.10422283461217732,-0.09533273853520174,-0.01888813517240162,-0.017833996160479537,-0.019884016333479693
2025-10-11,-0.3404443797330257,-0.051066656959953854,-0.49393446690947346,-0.12348361672736836,0.22377394019620497,0.06713218205886148,0.3750185237175299,0.11250555711525898,0.005087465486798226,-0.17455027368732223,0.17963773917412046,0.3541880128614427,True,True,0.005087465486798226,-0.11242021605579533,0.03899338782622541,-0.022144094052658714,-0.021209659051881435
2025-10-12,0.16859627700377927,0.02528944155056689,-0.4243882315176783,-0.10609705787941957,0.4282655374090885,0.12847966122272655,0.44303183204160235,0.1329095496124807,0.18058159450635458,-0.08080761632885268,0.2613892108352073,0.34219682716405997,False,False,0.18058159450635458,-0.07781047331374158,0.0018023848543999854,-0.0741754437241865,-0.06429573029641922
2025-10-13,0.2302927517027905,0.03454391275541858,-0.1777468327397112,-0.0444367081849278,0.42869841173231704,0.1286095235196951,0.44556135732863994,0.13366840719859197,0.2523851352887778,-0.009892795429509223,0.2622779307182871,0.2721707261477963,False,False,0.2523851352887778,-0.07614833287795597,-0.018563291249153346,-0.06929988017296773,-0.04417814285466204
2025-10-14,-0.020524420387664312,-0.0030786630581496467,-0.24441170373678076,-0.06110292593419519,0.28997588743743774,0.08699276623123132,0.43662764421002126,0.13098829326300637,0.15379947050189285,-0.06418158899234483,0.21798105949423768,0.2821626484865825,True,True,0.15379947050189285,-0.09329806044575839,-0.020038018850880857,-0.03879883363558845,-0.01790040957941974
2025-10-15,0.13898174300136734,0.0208472614502051,-0.36549828882119434,-0.09137457220529858,0.29489618800926815,0.08846885640278045,0.3961204226099906,0.11883612678299717,0.13677767243068412,-0.07052731075509348,0.2073049831857776,0.2778322939408711,False,False,0.13677767243068412,-0.11146657100267654,-0.023193607123227156,-0.0020872440758344935,0.007971865766344344
2025-10-16,-0.11282144401497875,-0.016923216602246813,-0.48822865656943243,-0.12205716414235811,0.16080617977715106,0.04824185393314532,0.33973631873629945,0.10192089562088984,0.01118236880943023,-0.13898038074460492,0.15016274955403516,0.2891431302986401,True,True,0.01118236880943023,-0.1320748662706943,-0.016291064555353674,0.0009555958041405077,0.05883046682319981
2025-10-17,-0.24524995214473352,-0.036787492821710024,-0.5177733102503557,-0.12944332756258892,0.08722766941820831,0.026168300825462492,0.2703463556797593,0.08110390670392778,-0.058958612854908665,-0.16623082038429893,0.10727220752939028,0.2735030279136892,False,False,-0.058958612854908665,-0.14621429065349234,0.007078061719969053,0.010671258783099269,0.07212110153668538
2025-10-18,-0.37228703888843834,-0.05584305583326575,-0.32931864398657557,-0.08232966099664389,0.19027691229126764,0.05708307368738029,0.24377601343326258,0.07313280402997877,-0.007956839112550587,-0.13817271682990964,0.13021587771735904,0.2683885945472687,False,False,-0.007956839112550587,-0.14017114270711017,0.01360050253295686,0.026992300509184997,0.05330446860060012
2025-10-19,-0.4149980907621806,-0.06224971361432709,-0.32202295501287626,-0.08050573875321906,0.3119861021004914,0.09359583063014741,0.33719803476268867,0.10115941042880659,0.05199978869140784,-0.14275545236754617,0.194755241058954,0.3375106934265002,True,True,0.05199978869140784,-0.12847703815558886,0.017390110967337113,0.021741987824685616,0.012688463973399733
2025-10-20,-0.261777002453485,-0.03926655036802275,-0.11590341448841426,-0.028975853622103566,0.43910055871099046,0.13173016761329714,0.3706063397394523,0.11118190192183568,0.1746696655450065,-0.06824240399012632,0.24291206953513284,0.31115447352525916,True,True,0.1746696655450065,-0.11332115713853219,-0.0202151248565009,0.010080149574662078,-0.01998704629578607
2025-10-21,-0.678071958445322,-0.1017107937667983,-0.47767400334753574,-0.11941850083688393,0.1459951726656936,0.043798551799708076,0.326145538258873,0.0978436614776619,-0.07948708132631228,-0.22112929460368225,0.14164221327736998,0.3627715078810522,False,False,-0.07948708132631228,-0.13124548065459452,-0.006742804346575482,0.05781961883390463,0.012099429285967078
2025-10-22,-0.7837249081514894,-0.1175587362227234,-0.44595091818666827,-0.11148772954666707,0.07350722849966947,0.02205216854990084,0.43652252884725606,0.1309567586541768,-0.07603753856531284,-0.22904646576939047,0.15300892720407763,0.38205539297346813,False,False,-0.07603753856531284,-0.1371033224037438,0.02334107793213258,0.0608010193419124,0.023526264081398685
2025-10-23,-0.7409310995078252,-0.11113966492617378,-0.20317152661647842,-0.050792881654119604,0.13195338291016132,0.03958601487304839,0.5573313365089505,0.16719940095268515,0.04485286924544016,-0.16193254658029338,0.20678541582573354,0.36871796240602694,True,True,0.04485286924544016,-0.11696238380459134,0.008418652997351561,0.025620608916317567,0.004201559291768797
2025-10-24,-0.7077896609134368,-0.10616844913701551,0.055479285718972954,0.013869821429743238,0.19365178866129787,0.058095536598389355,0.6705642493179578,0.20116927479538732,0.1669661836865044,-0.09229862770727226,0.25926481139377666,0.3515634391010489,True,False,0.1669661836865044,-0.10952839653023372,0.005777943656356088,-0.008860870903975582,-0.03983473160506723
2025-10-25,-0.7230086755045957,-0.10845130132568935,-0.007231767425758883,-0.0018079418564397208,0.2178828924609581,0.06536486773828742,0.6710992715204395,0.20132978145613184,0.1564354060122902,-0.11025924318212907,0.26669464919441926,0.3769538923765483,True,True,0.1564354060122902,-0.10438330177780031,0.026092497313165763,-0.029767138660342196,-0.09090361908194522
2025-10-26,-0.6311494162950494,-0.0946724124442574,0.19615313036060464,0.04903828259015116,0.32905030111215666,0.09871509033364699,0.7157177304148649,0.21471531912445946,0.2677962796040002,-0.045634129854106247,0.31343040945810646,0.3590645393122127,True,False,0.2677962796040002,-0.08101442548581106,-0.0039433691168074825,-0.043221158630369905,-0.0931764656588634
2025-10-27,-0.5024977236328274,-0.0753746585449241,0.09247772860336213,0.023119432150840533,0.2637094478822978,0.07911283436468933,0.6801054885787132,0.20403164657361397,0.2308892545442197,-0.05225522639408357,0.2831444809383033,0.3353997073323869,True,False,0.2308892545442197,-0.08463832481914191,-0.010597010805147522,-0.03513831018341007,-0.11183833862146841
2025-10-28,-0.6672370495136116,-0.10008555742704174,0.2804471755497496,0.0701117938874374,0.2665722833920531,0.07997168501761592,0.500227466355041,0.1500682399065123,0.20006616138452388,-0.029973763539604334,0.23003992492412823,0.2600136884637326,True,False,0.20006616138452388,-0.09433842238165147,-0.02548449513700146,-0.020883989107024936,-0.08467228735204069
2025-10-29,-0.718457786931073,-0.10776866803966094,0.07620699391124636,0.01905174847781159,0.20587436944416115,0.061762310833248346,0.6469651345952862,0.19408954037858583,0.16713493164998483,-0.08871691956184935,0.2558518512118342,0.34456877077368353,True,False,0.16713493164998483,-0.11741875045223538,-0.015437103127948992,-0.0312507697373845,-0.07006234884175588
2025-10-30,-0.44706178221933274,-0.06705926733289991,0.0048744794677749075,0.0012186198669437269,-0.025380435136002397,-0.007614130540800719,0.5926671947082539,0.17780015841247618,0.10434538040571928,-0.06584064746595618,0.17018602787167547,0.23602667533763166,True,False,0.10434538040571928,-0.13104324822029834,0.011863883235009975,-0.06301217249762936,-0.03323323752101126
2025-10-31,-0.11318474398346846,-0.01697771159752027,0.023323227735273615,0.005830806933818404,0.0011078381431878631,0.0003323514429563589,0.5403829493835267,0.162114884815058,0.1513003315943125,-0.011146904663701865,0.16244723625801435,0.1735941409217162,True,False,0.1513003315943125,-0.12073404678091049,0.004471297307560018,-0.052211968815052745,-0.03281584986352726
2025-11-01,-0.5347182883893562,-0.08020774325840342,-0.07148898749233906,-0.017872246873084766,0.10125811580857384,0.03037743474257215,0.5667793871084698,0.17003381613254093,0.10233126074362489,-0.09807999013148819,0.20041125087511308,0.2984912410066013,True,True,0.10233126074362489,-0.11680258729165272,0.004019869552698729,-0.07949328825838053,-0.06393489079284742
2025-11-02,-0.5116288369760489,-0.07674432554640732,-0.07263684806322754,-0.018159212015806885,0.11177517461834079,0.033532552385502234,0.648795417431841,0.1946386252295523,0.13326764005284034,-0.0949035375622142,0.22817117761505454,0.3230747151772687,True,True,0.13326764005284034,-0.11325224890328411,-0.03580256607793619,-0.06514886646255469,-0.0803895000464987
2025-11-03,-0.632493279763762,-0.0948739919645643,-0.2518005945996058,-0.06295014864990145,-0.1245108199580344,-0.03735324598741032,0.5872138787443089,0.17616416362329265,-0.019013222978583433,-0.15782414061446576,0.13881091763588232,0.2966350582503481,False,False,-0.019013222978583433,-0.14500009385638557,-0.04771697260652341,-0.04006359736033038,-0.06465400123696974
2025-11-04,-0.7499057711789202,-0.11248586567683803,-0.5035150727670831,-0.12587876819177077,-0.3120012909259414,-0.09360038727778243,0.6257199813510576,0.18771599440531725,-0.14424902674107395,-0.2383646338686088,0.09411560712753482,0.3324802409961436,False,False,-0.14424902674107395,-0.18579810095642058,0.023527146851904046,0.03178156012548916,-0.068013882547719
2025-11-05,-0.4171398174236119,-0.06257097261354178,-0.35659915982278184,-0.08914978995569546,-0.2310637520341502,-0.06931912561024506,0.7145548326847693,0.21436644980543076,-0.006673438374051516,-0.15172076256923722,0.1450473241951857,0.2967680867644229,False,False,-0.006673438374051516,-0.16664225331052318,-0.024441604556416086,0.020464616890420118,-0.07978925960166017
2025-11-06,-0.4816860509664723,-0.07225290764497085,-0.5216929303852318,-0.13042323259630795,-0.4316509352455826,-0.1294952805736748,0.5726767943202974,0.1718030382960892,-0.16036838251886434,-0.20267614024127878,0.04230775772241441,0.2449838979636932,False,False,-0.16036838251886434,-0.1870108538091333,0.01966569192047385,0.016901992421213707,-0.06990505006411685
2025-11-07,-0.36545194673319437,-0.054817792009979154,-0.46618686337767345,-0.11654671584441836,-0.5258110934766547,-0.1577433280429964,0.5945120953847077,0.17835362861541232,-0.15075420728198158,-0.17136450785439752,0.02061030057241592,0.19197480842681344,False,False,-0.15075420728198158,-0.17102285972545472,-0.009929834869828569,-0.016302738518670812,-0.10764504580454948
2025-11-08,-0.5626729261645229,-0.08440093892467844,-0.4913119166577756,-0.1228279791644439,-0.6053106434965829,-0.18159319304897487,0.6392229339385004,0.1917668801815501,-0.19705523095654712,-0.20722891808912236,0.010173687132575243,0.2174026052216976,False,False,-0.19705523095654712,-0.17925446583924365,0.023555378234659363,-0.025616701074174908,-0.09140691294766823
2025-11-09,-0.5105035214935605,-0.07657552822403407,-0.48169948366731974,-0.12042487091682993,-0.5187791893523283,-0.15563375680569846,0.6181403351374145,0.18544210054122434,-0.1671920554053381,-0.197000399140864,0.029808343735525877,0.22680874287638988,False,False,-0.1671920554053381,-0.15992149434767955,0.012300740926345144,-0.09672148304440598,-0.1257412892072569
2025-11-10,-0.2208675432883772,-0.03313013149325658,-0.48691820242596684,-0.12172955060649171,-0.5258866699220808,-0.15776600097662422,0.6337792618457391,0.1901337785537217,-0.1224919045226508,-0.1548596820997483,0.032367777577097495,0.1872274596768458,False,False,-0.1224919045226508,-0.14958790629185925,-0.027847453375886122,-0.0982433636920953,-0.1827534523969323
2025-11-11,-0.40836635605265525,-0.061254953407898285,-0.621553875355345,-0.15538846883883625,-0.6361098048272856,-0.1908329414481857,0.6188034508980387,0.1856410352694116,-0.22183532842550865,-0.21664342224673455,-0.005191906178774103,0.21145151606796045,False,False,-0.22183532842550865,-0.1732697174216864,-0.013629281637633106,-0.08536421713428399,-0.1739737600766319
2025-11-12,-0.6817128682669157,-0.10225693024003735,-0.6661618319620242,-0.16654045799050604,-0.6252805359277934,-0.18758416077833803,0.5526824413607332,0.16580473240821994,-0.2905768166006615,-0.2687973882305434,-0.021779428370118092,0.2470179598604253,False,False,-0.2905768166006615,-0.18453745728130622,-0.0193041381300183,-0.09285611626927592,-0.16639353527054457
2025-11-13,-0.8077746824586246,-0.12116620236879369,-0.7083793757529842,-0.17709484393824604,-0.6987983723707271,-0.2096395117112181,0.5433136567813385,0.16299409703440154,-0.3449064609838563,-0.29826104630703976,-0.04664541467681657,0.25161563163022316,False,False,-0.3449064609838563,-0.2002792588458039,-0.05113769386957956,-0.06751984762672081,-0.12901754824508527
2025-11-14,-0.9160841371323389,-0.13741262056985085,-0.8196155325806177,-0.20490388314515443,-0.8055100351903475,-0.24165301055710423,0.2710312117938477,0.08130936353815431,-0.5026601507339552,-0.34231650371500527,-0.16034364701894993,0.18197285669605534,False,False,-0.5026601507339552,-0.24117513328810036,0.010595175169672455,-0.03212719622809046,-0.06653688394612767
2025-11-15,-0.9443790095725101,-0.1416568514358765,-0.8234992793742829,-0.20587481984357073,-0.7663443295337198,-0.22990329886011593,0.3917845908245651,0.11753537724736954,-0.4598995928921936,-0.34753167127944723,-0.11236792161274639,0.23516374966670084,False,False,-0.4598995928921936,-0.23313525090218434,-0.013962892264381965,-0.09371717967150184,-0.08605233846017368
2025-11-16,-0.9542173405818954,-0.14313260108728432,-0.8426146211371212,-0.2106536552842803,-0.7908961732134389,-0.23726885196403164,0.3564107384799159,0.10692322154397477,-0.4841318867916214,-0.3537862563715646,-0.13034563042005687,0.2234406259515077,False,False,-0.4841318867916214,-0.24384290077518955,-0.02170877083991085,-0.09687959360688747,-0.040073862652639236
2025-11-17,-0.9620907273867272,-0.14431360910800908,-0.8816557101091126,-0.22041392752727815,-0.8179579860271472,-0.24538739580814414,0.3004046235235311,0.09012138705705933,-0.5199935453863721,-0.36472753663528723,-0.15526600875108482,0.20946152788420241,False,False,-0.5199935453863721,-0.26025814196123265,0.0080864161785148,-0.08106477960126712,-0.009555806129015298
2025-11-18,-0.9275916334421841,-0.13913874501632761,-0.8519593549516372,-0.2129898387379093,-0.8060237828667003,-0.24180713486001007,0.2459515101759497,0.07378545305278492,-0.520150265561462,-0.35212858375423695,-0.16802168180722515,0.1841069019470118,False,False,-0.520150265561462,-0.2542762814324634,-0.015123251373723723,-0.06595068051780517,-0.022268841618561352
2025-11-19,-0.9272082426135476,-0.13908123639203213,-0.8744103224602432,-0.2186025806150608,-0.8612366418387453,-0.25837099255162355,0.1469828532051486,0.044094855961544575,-0.5719599535971719,-0.35768381700709295,-0.21427613659007896,0.143407680417014,False,False,-0.5719599535971719,-0.26555404868370824,-0.05371341978632305,-0.035551869609249054,-0.008219325310174441
2025-11-20,-0.9722031583624214,-0.1458304737543632,-0.9185766909249642,-0.22964417273124105,-0.8994289091262521,-0.2698286727378756,-0.027908294055641814,-0.008372488216692543,-0.6536758074401724,-0.37547464648560425,-0.27820116095456815,0.0972734855310361,False,False,-0.6536758074401724,-0.30500365237712557,-0.01740360350856096,0.008457449528338046,0.042969633262744056
2025-11-21,-0.9822034596080127,-0.1473305189412019,-0.9146738482672092,-0.2286684620668023,-0.9105992542573367,-0.27317977627720097,-0.06631932023297042,-0.019895796069891124,-0.6690745533550964,-0.3759989810080042,-0.2930755723470921,0.08292340866091213,False,False,-0.6690745533550964,-0.317099093251052,-0.00457761786963673,0.06289939918545229,0.013586135840448987
2025-11-22,-0.9854869939841565,-0.14782304909762348,-0.9135672018058293,-0.22839180045145732,-0.9093671950478259,-0.27281015851434776,-0.09277627888133612,-0.027832883664400836,-0.6768578917278294,-0.3762148495490808,-0.3006430421787486,0.0755718073703322,False,False,-0.6768578917278294,-0.3202251526449772,0.02466682102163631,0.07781720831336036,0.07715553528958186
2025-11-23,-0.9507621750033755,-0.14261432625050632,-0.8985644558988743,-0.2246411139747186,-0.8878956753575932,-0.26636870260727796,0.09016229032072433,0.027048687096217296,-0.6065754557362856,-0.36725544022522494,-0.23932001551106066,0.12793542471416428,False,False,-0.6065754557362856,-0.30345726815026064,0.01692974778302414,0.04676609466774151,0.07601001957848674
2025-11-24,-0.8631238272587817,-0.12946857408881723,-0.8252281843605288,-0.2063070460901322,-0.8832672584275358,-0.26498017752826075,0.20987602788007692,0.06296280836402307,-0.5377929893431872,-0.33577562017894946,-0.20201736916423768,0.13375825101471178,False,False,-0.5377929893431872,-0.29166497537994585,-0.010532841389259029,0.028340087390703594,0.04278651837072278
2025-11-25,-0.9353613596168466,-0.140304203942527,-0.8526885269525031,-0.21317213173812577,-0.8824912737520245,-0.26474738212560733,0.18670756673677782,0.056012270021033345,-0.5622114477852267,-0.35347633568065273,-0.208735112104574,0.14474122357607874,False,False,-0.5622114477852267,-0.2991257558447258,0.035642227603171595,0.034222746582463826,0.022434255435163086
2025-11-26,-0.7771632027655033,-0.11657448041482549,-0.7803421079815419,-0.19508552699538548,-0.8346863635291004,-0.2504059090587301,0.28543285218973014,0.08562985565691904,-0.47643606081202194,-0.31166000741021094,-0.16477605340181106,0.14688395400839988,False,False,-0.47643606081202194,-0.27414503651334265,0.009393150304329856,-0.046395043014225146,-0.01378398086203525
2025-11-27,-0.8184231612995897,-0.12276347419493845,-0.8104873043253504,-0.2026218260813376,-0.8194449489650976,-0.24583348468952926,0.22125891544374418,0.06637767463312325,-0.504841110332682,-0.32538530027627605,-0.179455810056406,0.14592949021987003,False,False,-0.504841110332682,-0.2673269717421687,-0.004853069422706469,-0.0006139009645371729,-0.010277010903393502
2025-11-28,-0.802296129039521,-0.12034441935592814,-0.8536118900402785,-0.21340297251006962,-0.8002545373436172,-0.24007636120308515,0.3024637349725883,0.0907391204917765,-0.48308463257730644,-0.3337473918659978,-0.14933724071130866,0.18441015115468912,False,False,-0.48308463257730644,-0.2708826848124485,-0.000971056444718732,0.02793740173637116,-0.002820530593339088
2025-11-29,-0.8825310450395727,-0.1323796567559359,-0.8515668222433145,-0.21289170556082862,-0.7657265653911116,-0.22971796961733348,0.27477517110662625,0.08243255133198787,-0.49255678060211006,-0.34527136231676453,-0.1472854182853456,0.19798594403141892,False,False,-0.49255678060211006,-0.2715906988803173,-0.004872556288134988,0.014048300904689226,0.02066420241570599
2025-11-30,-0.9192387123825609,-0.13788580685738414,-0.9139701863764305,-0.22849254659410762,-0.7624239154740526,-0.22872717464221579,0.23559731786323893,0.07067919535897167,-0.5244263327347358,-0.3663783534514917,-0.1580479792832441,0.20833037416824762,False,False,-0.5244263327347358,-0.27513991420082407,-0.0450862107127048,-0.011398406374502068,0.0183197211155377
2025-12-01,-0.9321565946144551,-0.13982348919216825,-0.95347772394838,-0.238369430987095,-0.8504267696861897,-0.2551280309058569,0.10308201478753348,0.030924604436260043,-0.6023963466488601,-0.37819292017926326,-0.22420342646959684,0.15398949370966641,False,False,-0.6023963466488601,-0.307821108766395,0.05785259974357393,0.03419766425634929,0.07217125928061807
2025-12-02,-0.6996808236192126,-0.10495212354288189,-0.9139284886805737,-0.22848212217014344,-0.7637828180827306,-0.22913484542481918,0.45195464641320987,0.13558639392396296,-0.4269826972138815,-0.3334342457130253,-0.09354845150085622,0.2398857942121691,False,False,-0.4269826972138815,-0.2677767604209065,0.023577125147954625,-0.009669045775383966,-0.011059196379232361
2025-12-03,-0.47225090415328236,-0.07083763562299235,-0.8893644719136443,-0.22234111797841108,-0.6983859239002652,-0.20951577717007955,0.4860706173852532,0.14582118521557597,-0.356873345555907,-0.29317875360140344,-0.06369459195450358,0.22948416164689986,False,False,-0.356873345555907,-0.25051304146510944,-0.014469557138797606,-0.029921989683179717,-0.03414258489916777
2025-12-04,-0.22793049201227764,-0.03418957380184164,-0.9127894601832303,-0.22819736504580757,-0.743779985867643,-0.2231339957602929,0.5405326899419763,0.16215980698259289,-0.3233611276253492,-0.2623869388476492,-0.06097418877770003,0.20141275006994916,False,False,-0.3233611276253492,-0.26135778583641356,-0.029844460232980596,0.0065242469270097025,-0.04241933420404387
2025-12-05,-0.5153616261388624,-0.07730424392082935,-0.9405958083317502,-0.23514895208293754,-0.8271123052715815,-0.24813369158147444,0.2534112658683497,0.07602337976050491,-0.48456350782473645,-0.31245319600376686,-0.17211031182096953,0.14034288418279733,False,False,-0.48456350782473645,-0.28340216402341956,-0.0010438817669845557,0.030060772389668644,-0.03244104670724424
2025-12-06,-0.4321823671815558,-0.06482735507723336,-0.9242500144119092,-0.2310625036029773,-0.8191777458172196,-0.24575332374516587,0.36401723902793887,0.10920517170838166,-0.4324380107169949,-0.29588985868021067,-0.13654815203678422,0.15934170664342645,False,False,-0.4324380107169949,-0.28415020743865604,0.01298253780755676,0.0367179276618983,-0.015390177078310363
2025-12-07,-0.16789163405340346,-0.025183745108010518,-0.9271045553713984,-0.2317761388428496,-0.7963734566490084,-0.2389120369947025,0.2647452076460557,0.07942356229381671,-0.41644835865174595,-0.2569598839508601,-0.15948847470088579,0.09747140924997433,False,False,-0.41644835865174595,-0.2748566604421967,0.0026442743544992098,-0.0014037232683863365,-0.04593258212179363
2025-12-08,-0.21280335922025365,-0.03192050388303805,-0.9142666661940404,-0.2285666665485101,-0.8299133833010124,-0.2489740149903037,0.20355667579368975,0.06106700273810692,-0.44839418268374487,-0.2604871704315481,-0.18790701225219678,0.07258015817935135,False,False,-0.44839418268374487,-0.2729391825060682,0.022557233825501566,-0.004350779185902431,-0.05646789064718727
2025-12-09,0.10252931788533592,0.015379397682800389,-0.8030910661298742,-0.20077276653246856,-0.7869712912584411,-0.23609138737753232,0.32974081426056684,0.09892224427817005,-0.32256251194903046,-0.18539336884966817,-0.1371691430993623,0.04822422575030588,False,False,-0.32256251194903046,-0.2565387016404973,-0.007158379262571457,-0.0486263309408409,-0.04900646102452777
2025-12-10,0.5238330935209012,0.07857496402813519,-0.7795455169044045,-0.19488637922610114,-0.8172103322450088,-0.24516309967350264,0.2773667396656586,0.08321002189969758,-0.278264492971771,-0.11631141519796595,-0.16195307777380508,-0.045641662575839126,False,False,-0.278264492971771,-0.2618606795811984,0.005412247975528528,-0.06067779763315617,-0.03971586486040324
2025-12-11,0.6758141249952505,0.10137211874928757,-0.8524071363315021,-0.21310178408287553,-0.8471810677334988,-0.25415432032004964,0.3287833971831123,0.09863501915493368,-0.26724896649870394,-0.11172966533358795,-0.15551930116511598,-0.04378963583152802,False,False,-0.26724896649870394,-0.25786568653860364,-0.02426632774632176,-0.050262567425382265,-0.04166445977868283
2025-12-12,0.5384681339074268,0.08077022008611401,-0.8872384807366837,-0.2218096201841709,-0.8288377944279621,-0.24865133832838862,0.2371754823391547,0.07115264470174641,-0.3185380937246991,-0.1410394000980569,-0.17749869362664222,-0.03645929352858532,False,False,-0.3185380937246991,-0.2758745610208494,-0.00031472800786813693,-0.04459145291343303,-0.018252562745642464
2025-12-13,0.3586962882741717,0.05380444324112576,-0.8634782388858029,-0.21586955972145072,-0.8179862310274775,-0.24539586930824323,0.20138920494533277,0.060416761483599826,-0.34704422430496834,-0.16206511648032496,-0.18497910782464339,-0.02291399134431843,False,False,-0.34704422430496834,-0.27610246357770596,-0.022914891077693733,-0.05234485235540187,-0.030518724454928536
2025-12-14,-0.01389119708753281,-0.0020836795631299213,-0.8671656480801113,-0.21679141202002783,-0.8478714606150607,-0.2543614381845182,0.1433163314907437,0.0429948994472231,-0.4302416303204528,-0.21887509158315774,-0.21136653873729508,0.007508552845862659,False,False,-0.4302416303204528,-0.2926904967762337,-0.019735138649757622,-0.0003995591806348342,-0.005701572276150202
2025-12-15,-0.1017590376163158,-0.01526385564244737,-0.862719603077953,-0.21567990076948826,-0.8698851991825534,-0.260965559754766,0.053074375739206606,0.01592231272176198,-0.47598700344493966,-0.23094375641193562,-0.245043247033004,-0.014099490621068383,False,False,-0.47598700344493966,-0.3066493478906459,0.016560286412174774,0.02231601970009267,0.009177032416667563
2025-12-16,-0.2840500935309878,-0.04260751402964817,-0.8036481650985965,-0.20091204127464912,-0.8378228598954458,-0.2513468579686337,0.10377281360407573,0.031131844081222715,-0.4637345691917083,-0.2435195553042973,-0.220215013887411,0.023304541416886315,False,False,-0.4637345691917083,-0.2951672625076469,-0.018439983328670806,0.00905314179666572,-0.005620769143746096
2025-12-17,-0.5123656473405832,-0.07685484710108748,-0.8495888231420664,-0.2123972057855166,-0.825130271101179,-0.24753908133035368,-0.049253765961127356,-0.014776129788338206,-0.551567264005296,-0.28925205288660405,-0.2623152111186919,0.026936841767912167,False,False,-0.551567264005296,-0.30816436643650724,-0.008427445079160933,0.02756819608544281,0.018943981915331864
2025-12-18,-0.5374898601324111,-0.08062347901986165,-0.8827394618204573,-0.22068486545511432,-0.8525360171303697,-0.2557608051391109,-0.2965075453558826,-0.08895226360676477,-0.6460214132208517,-0.30130834447497595,-0.3447130687458757,-0.04340472427089975,False,False,-0.6460214132208517,-0.31399477324217007,0.03064359226492308,0.023031719876921875,0.028489268901723097
2025-12-19,-0.27197481347179614,-0.04079622202076942,-0.8610104091548824,-0.2152526022887206,-0.7843610361867092,-0.23530831085601273,-0.2065763425454956,-0.061972902763648675,-0.5533300379291514,-0.25604882430949,-0.2972812136196614,-0.041232389310171425,False,False,-0.5533300379291514,-0.29297310878179705,0.002541045786250251,-0.005304132410315243,-0.010209226687470596
2025-12-20,-0.20646297960954452,-0.030969446941431677,-0.8244346837175778,-0.20610867092939444,-0.8432679738739219,-0.25298039216217655,-0.20837295287578075,-0.06251188586273422,-0.5525703958957369,-0.2370781178708261,-0.31549227802491076,-0.07841416015408464,False,False,-0.5525703958957369,-0.2911765210791014,0.003372079732098854,-0.012852177829786648,0.0014100127997791478
2025-12-21,0.27601456081490044,0.041402184122235064,-0.804629600545131,-0.20115740013628275,-0.8216215268365912,-0.24648645805097735,-0.22024450499701365,-0.0660733514991041,-0.47231502556412913,-0.15975521601404769,-0.31255980955008145,-0.15280459353603376,False,False,-0.47231502556412913,-0.2887863117921965,-0.00042939870871350205,-0.014542257818338733,-0.011399199132495097
2025-12-22,-0.3687137473817674,-0.055307062107265104,-0.8514842623568574,-0.21287106558921434,-0.7973256584219569,-0.23919769752658707,-0.22127779803872613,-0.06638333941161784,-0.5737591646346842,-0.2681781276964794,-0.30558103693820493,-0.03740290924172551,False,False,-0.5737591646346842,-0.2890917060315322,-0.012805008847246668,-0.008392838745851838,0.002462740402111141
2025-12-23,-0.7197504505961718,-0.10796256758942577,-0.8824757237509857,-0.22061893093774643,-0.7704694820362217,-0.23114084461086648,-0.23275368441954672,-0.06982610532586402,-0.6295484484639027,-0.3285814985271722,-0.3009669499367305,0.027614548590441712,False,False,-0.6295484484639027,-0.2981948930253795,0.002096906933680698,0.0053346821205679795,0.028680360286217343
2025-12-24,-0.594654514549807,-0.08919817718247104,-0.8874135072078844,-0.2218533768019711,-0.7936291284497187,-0.23808873853491558,-0.26925352987844486,-0.08077605896353346,-0.6299163514828912,-0.3110515539844421,-0.31886479749844904,-0.007813243514006918,False,False,-0.6299163514828912,-0.29672327303047186,-0.00506653115766087,-0.004931250281597466,0.033746761272028136
2025-12-25,-0.3487576345337787,-0.05231364518006681,-0.9238660726612102,-0.23096651816530256,-0.7945780256537419,-0.23837340769612256,-0.2600742940637767,-0.078022288219133,-0.5996758592606249,-0.2832801633453694,-0.31639569591525557,-0.0331155325698862,False,False,-0.5996758592606249,-0.3002864464801207,0.0016542224518192317,0.014447877318121138,0.049348772437161736
2025-12-26,-0.3118050907335875,-0.04677076361003812,-0.9186869214733516,-0.2296717303683379,-0.8111086551489104,-0.2433325965446731,-0.2518777398317288,-0.07556332194951863,-0.5953384124725678,-0.276442493978376,-0.31889591849419174,-0.04245342451581574,False,False,-0.5953384124725678,-0.2991289646100459,0.005808086935541468,0.0031894403497052526,0.07428388102217753
2025-12-27,-0.41291397936184215,-0.06193709690427632,-0.9017603128766453,-0.22544007821916132,-0.7384560454747693,-0.22153681364243077,-0.3114102654835986,-0.09342307964507958,-0.602337068410948,-0.28737717512343763,-0.31495989328751034,-0.027582718164072706,False,False,-0.602337068410948,-0.29505824470589825,0.0008614312207482211,0.010947459409463178,0.06680882747376149
2025-12-28,-0.43614330623528214,-0.06542149593529231,-0.8703827744690239,-0.21759569361725598,-0.7450372994543435,-0.22351118983630305,-0.32151009806188385,-0.09645302941856515,-0.6029814088074165,-0.2830171895525483,-0.3199642192548682,-0.03694702970231989,False,False,-0.6029814088074165,-0.2944509858690788,-0.008135963064696994,0.023221797259004306,0.03878732105014149
2025-12-29,-0.7692782036574568,-0.11539173054861851,-0.8600257375217838,-0.21500643438044595,-0.750718719249109,-0.2252156157747327,-0.3137643442037949,-0.09412930326113847,-0.6497430839649356,-0.3303981649290645,-0.31934491903587114,0.011053245893193342,False,False,-0.6497430839649356,-0.3001913065883812,0.014309961824741313,0.03886968771210131,0.044279998665705866
2025-12-30,-0.5612098535609941,-0.0841814780341491,-0.8557269246177662,-0.21393173115444156,-0.7398973186901967,-0.221969195607059,-0.21516766008129698,-0.0645502980243891,-0.5846327028200387,-0.29811320918859063,-0.2865194936314481,0.011593715557142559,False,False,-0.5846327028200387,-0.29017707090103884,-0.009462229344042727,0.03440383276399328,0.024363203503760866
2025-12-31,-0.7051108744711271,-0.10576663117066906,-0.876693972610388,-0.219173493152597,-0.7927809897884702,-0.23783429693654107,-0.26167120501870217,-0.07850136150561064,-0.6412757827654177,-0.324940124323266,-0.3163356584421517,0.008604465881114298,False,False,-0.6412757827654177,-0.2968935782498334,0.013586356916318376,0.0708684101057615,0.03259027964287231
2026-01-01,-0.2638813675169475,-0.039582205127542125,-0.861499389323685,-0.21537484733092124,-0.7757292899033629,-0.23271878697100884,-0.2890297443651757,-0.08670892330955271,-0.5743847627390248,-0.25495705245846334,-0.31942771028056155,-0.06447065782209821,False,False,-0.5743847627390248,-0.28734092345378026,0.013013310364452524,0.05525645031733806,0.024478089812767
2026-01-02,-0.04478519763250855,-0.006717779644876283,-0.7703317513810248,-0.1925829378452562,-0.7328879850955066,-0.21986639552865198,-0.25392365770241054,-0.07617709731072315,-0.4953442103295076,-0.19930071749013248,-0.29604349283937514,-0.09674277534924267,False,False,-0.4953442103295076,-0.2780668697066402,0.007032380529924165,0.015212267597146667,0.014457115623923045
2026-01-03,0.4554638827426846,0.0683195824114027,-0.6117190244394765,-0.1529297561098691,-0.716183173658624,-0.2148549520975872,-0.43080239415209204,-0.1292407182456276,-0.4287058440416812,-0.08461017369846642,-0.3440956703432148,-0.2594854966447484,False,False,-0.4287058440416812,-0.27298996121725794,0.00994968332637991,0.005207882198892122,0.05280917014507991
2026-01-04,0.8033400327157934,0.120501004907369,-0.6660508023054597,-0.1665127005763649,-0.6830595722500199,-0.20491787167500597,-0.3933265683413608,-0.11799797050240823,-0.36892753784641014,-0.04601169566899592,-0.3229158421774142,-0.27690414650841827,False,False,-0.36892753784641014,-0.26575644155627043,0.025455991184503812,-0.009706682189491889,0.059238129512673154
2026-01-05,0.8352858457607133,0.12529287686410698,-0.45036579261626003,-0.11259144815406501,-0.6385060565111428,-0.19155181695334283,-0.37019168015353543,-0.11105750404606063,-0.2899078922893615,0.01270142871004197,-0.30260932099940346,-0.31531074970944545,False,False,-0.2899078922893615,-0.24706554400524816,-0.0011905001624232803,-0.035744943171036936,0.018592535604467608
2026-01-06,0.9314104135711363,0.13971156203567045,-0.5520788686138138,-0.13801971715345346,-0.6634358804258675,-0.19903076412776025,-0.35365163415982126,-0.10609549024794637,-0.30343440949348965,0.0016918448822169918,-0.3051262543757066,-0.3068180992579236,False,False,-0.30343440949348965,-0.24796191259740408,-0.02542785726453589,-0.029166711556527614,0.019232096438994928
2026-01-07,0.8206250286282065,0.12309375429423097,-0.613512305133902,-0.1533780762834755,-0.7105548275765231,-0.21316644827295692,-0.3917950321883495,-0.11753850965650484,-0.3609892799187063,-0.030284321989244523,-0.33070495792946175,-0.30042063594021723,False,False,-0.3609892799187063,-0.2670846297413718,-0.0028913963637382523,-0.0007438365328374941,0.041412409417434626
2026-01-08,0.5809034678417022,0.08713552017625532,-0.7121371240336128,-0.1780342810084032,-0.7623662131601495,-0.22870986394804485,-0.43750432559338964,-0.13125129767801688,-0.4508599224582096,-0.09089876083214789,-0.35996116162606173,-0.26906240079391386,False,False,-0.4508599224582096,-0.2692037785778655,-0.0050352365571061375,0.04735467040117114,0.028245337897402578
2026-01-09,0.4676957928872469,0.07015436893308703,-0.7642684542852565,-0.19106711357131412,-0.7955083403806098,-0.23865250211418293,-0.43554893529345723,-0.13066468058803715,-0.4902299273404472,-0.12091274463822708,-0.3693171827022201,-0.24840443806399298,False,False,-0.4902299273404472,-0.27288351042776526,-0.0015068189681346489,0.06962059670825482,0.021951587621004576
2026-01-10,0.3884044668336793,0.05826067002505189,-0.6892758386535975,-0.17231895966339938,-0.8057236964465619,-0.24171710893396858,-0.44683061383490585,-0.13404918415047176,-0.48982458272278784,-0.1140582896383475,-0.3757662930844403,-0.2617080034460928,False,False,-0.48982458272278784,-0.27397914334629625,0.005623464858730998,0.05635176957660759,-0.022949526378188034
2026-01-11,0.48396826622280253,0.07259523993342037,-0.618043197708261,-0.15451079942706525,-0.7949083308996823,-0.23847249926990466,-0.4225146523181214,-0.12675439569543642,-0.4471424544589859,-0.08191555949364487,-0.3652268949653411,-0.28331133547169624,False,False,-0.4471424544589859,-0.2698963905721983,0.003104479383037706,0.04985285174256848,-0.017128419748026813
2026-01-12,0.7087819530737322,0.10631729296105982,-0.5212507300157562,-0.13031268250393904,-0.7799988171009199,-0.23399964513027596,-0.4039489040777444,-0.12118467122332333,-0.37917970589647854,-0.02399538954287922,-0.35518431635359926,-0.33118892681072004,False,False,-0.37917970589647854,-0.2676297989692483,0.04510373925749378,0.04218762664820663,-0.01902083547836597
2026-01-13,0.8679181430898271,0.13018772146347404,0.05751660861870573,0.014379152154676432,-0.6821921104304753,-0.2046576331291426,-0.36501880543381293,-0.10950564163014388,-0.169596401141136,0.1445668736181505,-0.31416327475928646,-0.458730148377437,False,False,-0.169596401141136,-0.23459716438199896,0.01611692204498283,-0.01824533087387592,-0.06093172909635913
2026-01-14,0.9285862309512813,0.1392879346426922,0.09335688384658944,0.02333922096164736,-0.6731868136136303,-0.2019560440840891,-0.28891374689563,-0.08667412406868899,-0.12600301254843851,0.16262715560433957,-0.2886301681527781,-0.4512573237571177,False,False,-0.12600301254843851,-0.22226122654733482,-0.013893298297359746,-0.044566278205516174,-0.07969363739376423
2026-01-15,0.8730686912273292,0.1309603036840994,0.09382631094868375,0.023456577737170938,-0.698213281542809,-0.2094639844628427,-0.3697105825883312,-0.11091317477649937,-0.16596027781807174,0.15441688142127033,-0.32037715923934207,-0.47479404066061237,False,False,-0.16596027781807174,-0.23306658332433539,-0.0005633608354392861,-0.07507091694140877,-0.09345179321540342
2026-01-16,0.8476301821175808,0.12714452731763712,0.23455734484735574,0.058639336211838936,-0.7114773708321713,-0.2134432112496514,-0.44799372494289963,-0.1343981174828699,-0.16205746520304523,0.18578386352947607,-0.34784132873252127,-0.5336251922619973,False,False,-0.16205746520304523,-0.23349864357467998,-0.00421942473825998,-0.06380062823034505,-0.07539287420929608
2026-01-17,0.8223077566775849,0.12334616350163774,0.15525738420874552,0.03881434605218638,-0.6938388450329382,-0.20815165350988146,-0.5103717636773714,-0.1531115291032114,-0.19910267305926876,0.1621605095538241,-0.36126318261309287,-0.523423692166917,False,False,-0.19910267305926876,-0.2367328383598909,-0.015498313833314237,-0.05873075112532855,-0.06198537285739858
2026-01-18,0.7724605874429543,0.11586908811644314,0.15271255388053404,0.03817813847013351,-0.7278600293129589,-0.21835800879388767,-0.4475423165576341,-0.13426269496729024,-0.19857347717460125,0.15404722658657666,-0.35262070376117793,-0.5066679303477546,False,False,-0.19857347717460125,-0.24856219236965227,-0.011125280950334271,-0.043479699730360366,-0.046685207734041945
2026-01-19,0.5750751602011285,0.08626127403016927,0.45004703687469466,0.11251175921867367,-0.742119967422456,-0.2226359902267368,-0.4896139208353781,-0.14688417625061342,-0.1707471332285073,0.19877303324884293,-0.3695201664773502,-0.5682931997261931,False,False,-0.1707471332285073,-0.2569221490962432,-0.045377249516900364,-0.03676587751400717,-0.0861573339378825
2026-01-20,0.10420551172529935,0.015630826758794902,0.25660716258113925,0.06415179064528481,-0.7793516370773605,-0.23380549112320814,-0.6240650001838097,-0.1872195000551429,-0.34124237377427136,0.07978261740407971,-0.421024991178351,-0.5008076085824307,False,False,-0.34124237377427136,-0.29064097814718504,0.01161480468893994,-0.019872741176233832,-0.04712518684764466
2026-01-21,0.08168735699494109,0.012253103549241163,0.3567014180725995,0.08917535451814987,-0.7475552874208141,-0.22426658622624424,-0.6071985886757609,-0.18215957660272827,-0.3049977047615815,0.10142845806739104,-0.4064261628289725,-0.5078546208963635,False,False,-0.3049977047615815,-0.28240191165402706,0.0011731073359675381,-0.012382240715499315,-0.11976605373466553
2026-01-22,-0.05814463849392251,-0.008721695774088377,0.21291081064924694,0.053227702662311735,-0.7674000423054519,-0.23022001269163556,-0.5944513284546431,-0.17833539853639294,-0.36404940433980515,0.04450600688822336,-0.4085554112280285,-0.4530614181162519,False,False,-0.36404940433980515,-0.28156009207231203,0.0004532173912654702,-0.003457694741394235,-0.1405929700276921
2026-01-23,-0.1365800109127824,-0.02048700163691736,0.10244090979325542,0.025610227448313854,-0.6940575994500849,-0.20821727983502547,-0.5689875355687879,-0.17069626067063637,-0.3737903146942654,0.005123225811396494,-0.37891354050566184,-0.38403676631705835,False,False,-0.3737903146942654,-0.2812344826114601,-0.004184362857875601,-0.003351217954054908,-0.1212234205570385
2026-01-24,-0.3002618135905731,-0.04503927203858596,0.14707095979414136,0.03676773994853534,-0.7165069374664683,-0.2149520812399405,-0.5300527762605989,-0.15901583287817966,-0.3822394462081708,-0.008271532090050618,-0.37396791411812014,-0.36569638202806953,False,False,-0.3822394462081708,-0.2842420583459424,-0.02863513885181046,-0.051276688886811694,-0.15079942536503632
2026-01-25,-0.7503435902838455,-0.11255153854257681,-0.29747312675067555,-0.07436828168766889,-0.7698095074489483,-0.23094285223468447,-0.562223335402764,-0.1686670006208292,-0.5865296730857593,-0.1869198202302457,-0.39960985285551365,-0.21269003262526795,False,False,-0.5865296730857593,-0.3047378863894924,0.019345944795891024,-0.027805007386608294,-0.15581485988981703
2026-01-26,-0.6029513814656133,-0.090442707219842,-0.2308477843412939,-0.05771194608532348,-0.7768120727244737,-0.23304362181734212,-0.5285990891267365,-0.15857972673802093,-0.5397780018605285,-0.14815465330516547,-0.39162334855536307,-0.2434686952501976,False,False,-0.5397780018605285,-0.291287383920909,0.010220145363038613,-0.10873013573283918,-0.28792372085189455
2026-01-27,-0.2765517794659507,-0.041482766919892604,-0.12779054989998198,-0.031947637474995495,-0.7926545619336127,-0.2377963685800838,-0.5281642232483811,-0.1584492669745143,-0.46967603994948626,-0.0734304043948881,-0.39624563555459813,-0.32281523115971,False,False,-0.46967603994948626,-0.2840442379639614,0.0005601120448179842,-0.13761109243697467,-0.20918476190476198
2026-01-28,-0.23742702560916448,-0.03561405384137467,-0.11714921327012894,-0.029287303317532234,-0.7879438367664702,-0.23638315102994104,-0.5318722776936604,-0.1595616833080981,-0.46084619149694606,-0.06490135715890691,-0.3959448343380392,-0.3310434771791323,False,False,-0.46084619149694606,-0.28364322251808816,-0.052069770668507376,-0.11826854627867267,-0.22408300381668578
2026-01-29,-0.6040761813566121,-0.09061142720349182,-0.40633053708739675,-0.10158263427184919,-0.8970808971196774,-0.2691242691359032,-0.6355660982381944,-0.19066982947145833,-0.6519881600827026,-0.19219406147534102,-0.45979409860736153,-0.2676000371320205,False,False,-0.6519881600827026,-0.3209437556384023,-0.004603299036883057,-0.10490175092403842,-0.16916424020935106
2026-01-30,-0.6239352965352389,-0.09359029448028584,-0.1631004020847663,-0.04077510052119158,-0.9141475892268687,-0.27424427676806057,-0.6317955301732002,-0.18953865905196007,-0.5981483308214981,-0.13436539500147743,-0.4637829358200206,-0.3294175408185432,False,False,-0.5981483308214981,-0.32406965459406145,-0.06550401024252306,-0.1316709646478439,-0.1676051254864528
2026-01-31,-0.8471256749918094,-0.1270688512487714,-0.7606620440796948,-0.1901655110199237,-0.9508708742332743,-0.2852612622699823,-0.6925768182512311,-0.20777304547536932,-0.8102686700140468,-0.3172343622686951,-0.4930343077453516,-0.1757999454766565,False,False,-0.8102686700140468,-0.3683458028627642,-0.02251530935119128,-0.20105423991463667,-0.1257259710273252
2026-02-01,-0.8981753928758186,-0.13472630893137277,-0.866223803145889,-0.21655595078647225,-0.9592015588089484,-0.28776046764268454,-0.7706724317816356,-0.23120172953449067,-0.8702444568950202,-0.351282259717845,-0.5189621971771752,-0.1676799374593302,False,False,-0.8702444568950202,-0.38256769251428735,0.023001704210088736,-0.08299465454633814,-0.12843861121364264
2026-02-02,-0.9441722357731932,-0.14162583536597897,-0.7822759319910245,-0.19556898299775613,-0.9535082745358873,-0.2860524823607662,-0.754692537997805,-0.2264077613993415,-0.8496550621238428,-0.3371948183637351,-0.5124602437601077,-0.17526542539637258,False,False,-0.8496550621238428,-0.3683656972077485,-0.03769942090671896,-0.12000757950896002,-0.15832689959855784
2026-02-03,-0.979094926836377,-0.14686423902545653,-0.7979601242644189,-0.19949003106610472,-0.9674045658351526,-0.29022136975054574,-0.8040543612510009,-0.24121630837530028,-0.8777919482174072,-0.3463542700915613,-0.5314376781258461,-0.1850834080342848,False,False,-0.8777919482174072,-0.3921779446478355,-0.03437208369885747,-0.07179378280725368,-0.09127927717238737
2026-02-04,-0.9842024305419392,-0.1476303645812909,-0.8589144814165905,-0.21472862035414764,-0.9689781919758301,-0.290693457592749,-0.8791761196614434,-0.263752835898433,-0.9168052784266205,-0.3623589849354385,-0.554446293491182,-0.19208730855574352,False,False,-0.9168052784266205,-0.41307005520841167,-0.14017431361060217,-0.04138311558824659,-0.0456890873786302
2026-02-05,-0.9830221383395847,-0.1474533207509377,-0.9360546455239278,-0.23401366138098195,-0.98274589991667,-0.294823769975001,-0.9328412216784465,-0.27985236650353396,-0.9561431186104545,-0.38146698213191965,-0.5746761364785349,-0.19320915434661523,False,False,-0.9561431186104545,-0.4953425573570812,0.12192683309102881,0.09428458432430142,0.09414613225971258
2026-02-06,-0.8730882360051847,-0.1309632354007777,-0.7709126172686429,-0.19272815431716073,-0.943268968400877,-0.2829806905202631,-0.8393033911200671,-0.2517910173360201,-0.8584630975742216,-0.3236913897179384,-0.5347717078562833,-0.21108031813834482,False,False,-0.8584630975742216,-0.43381127357981253,-0.01828953307907888,-0.04955691577220023,-0.02391362684127263
2026-02-07,-0.8760568470569886,-0.13140852705854827,-0.8319995233700358,-0.20799988084250895,-0.925147865746336,-0.2775443597239008,-0.8319566879701246,-0.24958700639103737,-0.8665397740159954,-0.3394084079010572,-0.5271313661149382,-0.18772295821388096,False,False,-0.8665397740159954,-0.44416660102067607,0.015023947392803993,-0.04354505697698563,-0.025773935341895093
2026-02-08,-0.8425311695204999,-0.126379675428075,-0.8006035703530465,-0.20015089258826163,-0.906814395678327,-0.2720443187034981,-0.8215788652380246,-0.24647365957140738,-0.845048546291242,-0.3265305680163366,-0.5185179782749054,-0.1919874102585688,False,False,-0.845048546291242,-0.43581578927524733,-0.0027353755233514576,-0.020992635046191976,-0.055017191717149916
2026-02-09,-0.7803217027944773,-0.11704825541917159,-0.8125635433898936,-0.2031408858474734,-0.9305488688063454,-0.2791646606419036,-0.8184338369970449,-0.24553015109911344,-0.8448839530076621,-0.320189141266645,-0.5246948117410171,-0.20450567047437207,False,False,-0.8448839530076621,-0.43735904495592515,-0.01848798083777703,-0.0044918589067267645,-0.04468718811485939
2026-02-10,-0.830384794063484,-0.1245577191095226,-0.8048557153701151,-0.20121392884252878,-0.939009400537024,-0.2817028201611072,-0.8361679924307481,-0.2508503977292244,-0.858324865842383,-0.3257716479520514,-0.5325532178903316,-0.20678156993828023,False,False,-0.858324865842383,-0.4477611401513286,-0.025548184817570818,-0.00012652290507619846,-0.011930049538583565
2026-02-11,-0.865110663124676,-0.1297665994687014,-0.8375008257271119,-0.20937520643177798,-0.9414951891035588,-0.2824485567310676,-0.8645805488834738,-0.25937416466504215,-0.8809645272965891,-0.3391418059004794,-0.5418227213961098,-0.2026809154956304,False,False,-0.8809645272965891,-0.4618698406061871,-0.01207989801217968,0.026980351960540272,0.01331807451479139
2026-02-12,-0.8795923012876122,-0.13193884519314183,-0.8244202271878883,-0.20610505679697208,-0.9385566086021009,-0.28156698258063023,-0.8583363650493743,-0.25750090951481225,-0.8771117940855564,-0.3380439019901139,-0.5390678920954425,-0.20102399010532856,False,False,-0.8771117940855564,-0.4683703980489423,0.03895737833844892,0.01858019738903982,0.020690887291000104
2026-02-13,-0.8171561025408923,-0.12257341538113384,-0.7258489693194321,-0.18146224232985803,-0.9063193105230223,-0.27189579315690665,-0.8276783783082644,-0.2483035134924793,-0.8242349643603779,-0.30403565771099184,-0.520199306649386,-0.21616364893839413,False,False,-0.8242349643603779,-0.4476595025098159,0.014073119396473155,-0.034754137597895696,-0.06096875183359107
2026-02-14,-0.7415433439340409,-0.11123150159010613,-0.7308408864674718,-0.18271022161686795,-0.8862190075313722,-0.26586570225941164,-0.8124870335012859,-0.24374611005038577,-0.8035535355167716,-0.2939417232069741,-0.5096118123097975,-0.21567008910282337,False,False,-0.8035535355167716,-0.4398863487411292,-0.014184018291979905,-0.04037669562801349,-0.08256311141250827
2026-02-15,-0.8048729612196971,-0.12073094418295456,-0.7229733735113195,-0.18074334337782988,-0.9005449110375663,-0.2701634733112699,-0.8135832039613895,-0.24407496118841684,-0.8157127220604712,-0.3014742875607844,-0.5142384344996868,-0.21276414693890233,False,False,-0.8157127220604712,-0.4478310110161726,0.0008695010415125104,-0.011805020238962571,-0.012269480527971055
2026-02-16,-0.8203375524992333,-0.12305063287488499,-0.704430996764974,-0.1761077491912435,-0.9086182707215914,-0.2725854812164774,-0.8017001172595631,-0.24051003517786892,-0.8122538984604749,-0.2991583820661285,-0.5130955163943464,-0.21393713432821787,False,False,-0.8122538984604749,-0.44735089950516027,-0.02016056045635184,-0.013303348423041594,-0.020426772578641783
2026-02-17,-0.8492364698363498,-0.12738547047545246,-0.7965685097053883,-0.19914212742634707,-0.9283976209588062,-0.27851928628764183,-0.8101248030056543,-0.24303744090169627,-0.8480843250911376,-0.3265275979017995,-0.5215567271893381,-0.19502912928753857,False,False,-0.8480843250911376,-0.45849261510683503,-0.015443935368111283,0.002072188235517025,-0.02416792487265851
2026-02-18,-0.8014756501352989,-0.12022134752029483,-0.8218176075457926,-0.20545440188644815,-0.9262999701546996,-0.2778899910464099,-0.861382648188296,-0.2584147944564888,-0.8619805349096417,-0.325675749406743,-0.5363047855028986,-0.21062903609615563,False,False,-0.8619805349096417,-0.46685562016048,0.008166142549765887,-0.02715848392290221,0.007707678187207412
2026-02-19,-0.7781640853098217,-0.11672461279647325,-0.8150777070708216,-0.2037694267677054,-0.9187026430463477,-0.27561079291390433,-0.8605923025385742,-0.25817769076157226,-0.8542825232396553,-0.32049403956417866,-0.5337884836754766,-0.21329444411129794,False,False,-0.8542825232396553,-0.4625018871551039,0.01516751380855963,-0.04396143319185353,-0.018316293734692013
2026-02-20,-0.5953500029996791,-0.08930250044995186,-0.7915263306608759,-0.19788158266521896,-0.9232741178974834,-0.276982235369245,-0.858046957605634,-0.2574140872816902,-0.821580405766106,-0.28718408311517085,-0.5343963226509352,-0.24721223953576432,False,False,-0.821580405766106,-0.4543493771064542,-0.0006480445974648141,-0.0004700087518364482,0.011908995602911698
2026-02-21,-0.5253553048516407,-0.07880329572774611,-0.7724076862361331,-0.19310192155903327,-0.9277961607764038,-0.27833884823292115,-0.8557840500568563,-0.2567352150170569,-0.8069792805367574,-0.2719052172867794,-0.535074063249978,-0.26316884596319856,False,False,-0.8069792805367574,-0.4547029830447237,-0.004891878639983305,-0.00721946724377287,0.005326444228126226
2026-02-22,-0.6175015999045378,-0.09262523998568066,-0.7837771432930375,-0.19594428582325937,-0.9327263334264383,-0.2798179000279315,-0.8601292627509213,-0.25803877882527637,-0.8264262046621479,-0.28856952580894,-0.5378566788532079,-0.24928715304426785,False,False,-0.8264262046621479,-0.45737050987441374,-0.04416365824308055,-0.026185851095598234,0.0742625296776922
2026-02-23,-0.6344844855283484,-0.09517267282925225,-0.8341756304631452,-0.2085439076157863,-0.9569679733497481,-0.2870903920049244,-0.8890395680274956,-0.2667118704082487,-0.8575188428582117,-0.3037165804450386,-0.5538022624131731,-0.2500856819681345,False,False,-0.8575188428582117,-0.48133501322893724,-0.009246934778849636,0.035839508834598854,0.09642876254987565
2026-02-24,-0.560325423085084,-0.0840488134627626,-0.8471333973934027,-0.21178334934835066,-0.9584255924407773,-0.2875276777322332,-0.8998379518233409,-0.26995138554700226,-0.8533112260903487,-0.29583216281111324,-0.5574790632792355,-0.2616469004681222,False,False,-0.8533112260903487,-0.4861310745336821,0.06134879012272432,0.02682437753822109,0.0633154407362686
2026-02-25,0.45975013175572577,0.06896251976335886,-0.7606673818893857,-0.1901668454723464,-0.929497283037787,-0.2788491849113361,-0.8497018086911168,-0.25491054260733503,-0.6549640532276586,-0.12120432570898755,-0.5337597275186712,-0.41255540180968364,False,False,-0.6549640532276586,-0.4546058376746591,-0.007396300878801609,0.01238482533104368,-0.010665552353031349
2026-02-26,-0.4076734177857517,-0.061151012667862756,-0.7739691914538733,-0.19349229786346833,-0.9214602843801009,-0.27643808531403025,-0.8449101319718784,-0.2534730395915635,-0.7845544354369247,-0.2546433105313311,-0.5299111249055937,-0.27526781437426256,False,False,-0.7845544354369247,-0.4586397369967593,-0.023902729458526895,0.012637144925745192,-0.02243425889950945
2026-02-27,-0.4486798985290552,-0.06730198477935828,-0.7966404330991701,-0.19916010827479252,-0.9252712262806194,-0.2775813678841858,-0.8829678731562054,-0.2648903619468616,-0.8089338228851983,-0.2664620930541508,-0.5424717298310474,-0.2760096367768966,False,False,-0.8089338228851983,-0.47157972490292277,0.016716637240956178,0.10314943655963593,0.03886410179727062
2026-02-28,-0.43477974423997684,-0.06521696163599652,-0.7929670590781338,-0.19824176476953345,-0.9227658403824252,-0.27682975211472755,-0.8764932733532381,-0.2629479820059714,-0.803236460526229,-0.26345872640553,-0.539777734120699,-0.276319007715169,False,False,-0.803236460526229,-0.4627463148533586,-0.01786966917841526,0.058492897015913536,0.04442623817326519
2026-03-01,-0.5404333472584628,-0.08106500208876942,-0.8044496259573992,-0.2011124064893498,-0.9328200908540747,-0.2798460272562224,-0.8784871735306764,-0.2635461520592029,-0.8255695878935445,-0.28217740857811924,-0.5433921793154253,-0.26121477073730603,False,False,-0.8255695878935445,-0.4723468604718136,0.04642374393153048,0.035537784256284954,0.06712719609307105
2026-03-02,-0.0014152564446047763,-0.00021228846669071644,-0.7494915465584291,-0.18737288663960727,-0.9096372696515768,-0.27289118089547304,-0.845090050089193,-0.2535270150267579,-0.714003371028529,-0.187585175106298,-0.5264181959222309,-0.3388330208159329,False,False,-0.714003371028529,-0.4478512262376889,-0.007148911391331003,-0.022768395087843785,0.024862392971907843
2026-03-03,0.16358142394247102,0.024537213591370653,-0.7820508963857935,-0.19551272409644838,-0.8935109431364362,-0.26805328294093084,-0.8575934878753321,-0.2572780463625996,-0.6963068398086081,-0.17097551050507773,-0.5253313293035304,-0.3543558187984527,False,False,-0.6963068398086081,-0.4517984888961478,0.06334352775907992,-0.034633732330475064,0.03792911703590973
2026-03-04,0.6218969728170566,0.09328454592255848,-0.6740182541956581,-0.16850456354891452,-0.7895016441606565,-0.23685049324819693,-0.7918244842018286,-0.23754734526054858,-0.5496178561351015,-0.07522001762635604,-0.4743978385087455,-0.39917782088238946,False,False,-0.5496178561351015,-0.4170734712599714,-0.02444102029029227,-0.058274366674065714,-0.02002043024617728
2026-03-05,0.22985959408728487,0.03447893911309273,-0.7374247524183636,-0.1843561881045909,-0.8411779089960475,-0.25235337269881425,-0.820233541959847,-0.24607006258795408,-0.6483006842782665,-0.14987724899149818,-0.49842343528676836,-0.3485461862952702,False,False,-0.6483006842782665,-0.43132079037665605,-0.0391687374595715,-0.013289327573482113,0.027147700009253706
2026-03-06,-0.18778421925592206,-0.02816763288838831,-0.8283039427908429,-0.2070759856977107,-0.8532955985592965,-0.2559886795677889,-0.8661298342113154,-0.2598389502633946,-0.7510712484172826,-0.23524361858609902,-0.5158276298311835,-0.2805840112450845,False,False,-0.7510712484172826,-0.45359523703710947,-0.012495371731106153,0.030505320343741316,0.09940170907545887
2026-03-07,-0.17531363557887925,-0.026297045336831887,-0.8409532340367493,-0.21023830850918732,-0.8794997236049487,-0.2638499170814846,-0.9003294953701264,-0.2700988486110379,-0.7704841195385417,-0.2365353538460192,-0.5339487656925225,-0.2974134118465033,False,False,-0.7704841195385417,-0.4604227676659778,-0.01920389706600567,0.048740531743274085,0.09881300110268798
2026-03-08,-0.3181484043012986,-0.04772226064519479,-0.8344926919025755,-0.20862317297564387,-0.8858159859736294,-0.2657447957920888,-0.9156179721126837,-0.2746853916338051,-0.7967756210467326,-0.25634543362083867,-0.5404301874258939,-0.2840847538050552,False,False,-0.7967756210467326,-0.47078475329488056,0.03730355064027946,0.07516613310050446,0.0799642874466433
2026-03-09,0.10053178498496958,0.015079767747745436,-0.7795739003904042,-0.19489347509760105,-0.8748289943281895,-0.26244869829845685,-0.896023172551463,-0.2688069517654389,-0.7110693574137513,-0.1798137073498556,-0.5312556500638957,-0.35144194271404017,False,False,-0.7110693574137513,-0.4510431455398082,0.022160194855752158,0.04062110563220567,0.021887954435458434
2026-03-10,0.35952690613413807,0.05392903592012071,-0.7358680366053797,-0.18396700915134492,-0.866730363728625,-0.2600191091185875,-0.8914602886979451,-0.2674380866093835,-0.6574951689591952,-0.1300379732312242,-0.527457195727971,-0.39741922249674677,False,False,-0.6574951689591952,-0.4388781546775695,0.0034772661022810514,0.040981646102289604,0.00803589720055986
2026-03-11,0.32957034027741733,0.049435551041612597,-0.7273111171085913,-0.18182777927714783,-0.8404459294292832,-0.25213377882878496,-0.893060825677348,-0.2679182477032044,-0.6524442547675245,-0.13239222823553523,-0.5200520265319893,-0.38765979829645414,False,False,-0.6524442547675245,-0.43692698470558056,0.0049789249066771735,0.06685689765166503,-0.018146548616891023
2026-03-12,0.26296481025652707,0.03944472153847906,-0.7284414998934788,-0.1821103749733697,-0.8221677172784522,-0.24665031518353564,-0.8803513005828671,-0.2641053901748601,-0.6534213587932864,-0.14266565343489065,-0.5107557053583958,-0.3680900519235051,False,False,-0.6534213587932864,-0.4341234864454533,0.005509677020595349,0.04774533628082489,-0.03802507862765292
2026-03-13,0.30469735337655734,0.0457046030064836,-0.7242139040158243,-0.18105347600395608,-0.7950567005343566,-0.23851701016030696,-0.8815229035885839,-0.2644568710765752,-0.6383227542343546,-0.13534887299747247,-0.5029738812368821,-0.3676250082394097,False,False,-0.6383227542343546,-0.4310056896222272,0.0039750458198222205,0.00446270971380236,-0.0003320174820246047
2026-03-14,0.3634559446593877,0.05451839169890815,-0.7928088028351967,-0.19820220070879918,-0.7242948080351871,-0.21728844241055612,-0.8819115191901729,-0.2645734557570518,-0.625545707177499,-0.14368380900989103,-0.48186189816760794,-0.3381780891577169,False,False,-0.625545707177499,-0.4287439111672574,0.022514339236602954,-0.018001894344980007,-0.009200843397772274
2026-03-15,0.7351339034585239,0.11027008551877858,-0.7832074954049324,-0.1958018738512331,-0.7047865188185324,-0.2114359556455597,-0.8600679469183282,-0.25802038407549843,-0.5549881280535127,-0.08553178833245452,-0.46945633972105816,-0.38392455138860365,False,False,-0.5549881280535127,-0.41588245779230204,0.028420286742171008,-0.031648731776479866,-0.020307699322284822
2026-03-16,0.8418213720600836,0.12627320580901252,-0.7129202771039551,-0.17823006927598878,-0.6280888293420437,-0.1884266488026131,-0.837445048931692,-0.2512335146795076,-0.4916170269490969,-0.051956863466976255,-0.43966016348212067,-0.3877033000151444,False,False,-0.4916170269490969,-0.39928166975162716,-0.013024161019872249,-0.07967652124259883,-0.080982663073764
2026-03-17,0.6152509408885148,0.09228764113327723,-0.7345517719766016,-0.1836379429941504,-0.6112541252855835,-0.18337623758567506,-0.8437423927254191,-0.2531227178176257,-0.527849257264174,-0.09135030186087317,-0.43649895540330075,-0.3451486535424276,False,False,-0.527849257264174,-0.4071055220123707,-0.03602818371042593,-0.08186189137613964,-0.10150378788288794
2026-03-18,0.4145024896578751,0.062175373448681265,-0.781746175562475,-0.19543654389061876,-0.690980592101891,-0.2072941776305673,-0.869019123976958,-0.2607057371930874,-0.6012610852655922,-0.1332611704419375,-0.46799991482365466,-0.33473874438171713,False,False,-0.6012610852655922,-0.42846643318620614,-0.018478651735228002,-0.004773424786663316,-0.06834731904173863
2026-03-19,0.45478125587818646,0.06821718838172797,-0.7857859662150782,-0.19644649155376956,-0.6964056952529463,-0.20892170857588388,-0.893289402128138,-0.26798682063844137,-0.6051378323863669,-0.1282293031720416,-0.47690852921432525,-0.34867922604228363,False,False,-0.6051378323863669,-0.4390276029223509,0.008304447304447349,0.008962390962391042,-0.056042757042757185
2026-03-20,0.40107847580242156,0.06016177137036323,-0.7568943101024055,-0.18922357752560137,-0.5830212337416302,-0.17490637012248905,-0.8829373393972341,-0.2648812018191702,-0.5688493780968974,-0.12906180615523816,-0.43978757194165924,-0.3107257657864211,False,False,-0.5688493780968974,-0.43436903721157005,-0.022586775090826627,0.011711692674292395,-0.05266375770042375
2026-03-21,0.36459596736917577,0.05468939510537636,-0.7221604392373779,-0.18054010980934448,-0.5937580702466835,-0.17812742107400503,-0.8933568224662531,-0.2680070467398759,-0.571985182517849,-0.12585071470396814,-0.44613446781388094,-0.3202837531099128,False,False,-0.571985182517849,-0.44714481655248006,-0.015367801675379322,-0.0014192203733938147,-0.009194098736297507
2026-03-22,-0.12353984092456932,-0.018530976138685398,-0.7665771450065572,-0.1916442862516393,-0.6156885049708948,-0.18470655149126844,-0.8980973989709763,-0.26942921969129285,-0.664311033572886,-0.2101752623903247,-0.4541357711825613,-0.24396050879223663,False,False,-0.664311033572886,-0.455640985366907,0.044908560397294295,-0.021393182923414744,0.0037566129769079915
2026-03-23,0.2923726145758123,0.04385589218637185,-0.6870293022657463,-0.17175732556643658,-0.5716773084010793,-0.17150319252032378,-0.872247831056071,-0.26167434931682126,-0.5610789752172098,-0.12790143338006474,-0.4331775418371451,-0.3052761084570803,False,False,-0.5610789752172098,-0.4311946056804451,-0.004931991377371103,-0.06387881497381409,-0.056475257187463046
2026-03-24,-0.2727329273236587,-0.04090993909854881,-0.6972238418782636,-0.1743059604695659,-0.6175235539674633,-0.185257066190239,-0.8831121242328677,-0.2649336372698603,-0.665406603028214,-0.2152158995681147,-0.45019070346009926,-0.23497480389198455,False,False,-0.665406603028214,-0.4339999489806313,0.011051956198656399,-0.06442772157557186,-0.050915617700024174
2026-03-25,0.060768196486010076,0.00911522947290151,-0.6673402093481626,-0.16683505233704066,-0.5725729165835821,-0.17177187497507462,-0.8692977411390814,-0.2607893223417244,-0.5902810201809382,-0.15771982286413916,-0.43256119731679904,-0.2748413744526599,False,False,-0.5902810201809382,-0.42774454120832794,-0.035272531478612756,-0.06363023264518197,-0.056578445853758264
2026-03-26,0.10134723339702052,0.015202085009553078,-0.6796593050699337,-0.16991482626748342,-0.7065305543390894,-0.21195916630172681,-0.8889479718910056,-0.26668439156730167,-0.6333562991269588,-0.15471274125793033,-0.47864355786902846,-0.3239308166110981,False,False,-0.6333562991269588,-0.4479294398923651,-0.035062759816106626,-0.007785928310988455,0.003107658189857032
2026-03-27,-0.11901741124243427,-0.01785261168636514,-0.7709344828443625,-0.19273362071109063,-0.7698555869757687,-0.2309566760927306,-0.9055988812909792,-0.27167966438729374,-0.7132225728774801,-0.21058623239745577,-0.5026363404800244,-0.2920501080825686,False,False,-0.7132225728774801,-0.46728655734296265,-0.00045552234634516076,0.025699591972446312,0.036839033310805736
2026-03-28,0.058216900458427145,0.008732535068764072,-0.7864720188700656,-0.1966180047175164,-0.7640456556631264,-0.22921369669893793,-0.8973222354999553,-0.2691966706499866,-0.6862958369976768,-0.18788546964875233,-0.4984103673489245,-0.3105248977001722,False,False,-0.6862958369976768,-0.4675292202202913,-0.00551546220130672,0.007908760003272342,0.08357092807557076
2026-03-29,-0.3515002819935914,-0.05272504229903871,-0.7947437667488264,-0.1986859416872066,-0.7700394126369529,-0.23101182379108584,-0.8892034560597123,-0.2667610368179137,-0.7491838445952448,-0.2514109839862453,-0.4977728606089995,-0.24636187662275422,False,False,-0.7491838445952448,-0.4704660426794667,0.01191378458082637,0.014442608216548525,0.0766388232978994
2026-03-30,-0.4462109596492899,-0.06693164394739348,-0.6972584153949929,-0.17431460384874822,-0.7468885820095174,-0.2240665746028552,-0.8783961843776066,-0.26351885531328195,-0.7288316777122789,-0.2412462477961417,-0.4875854299161372,-0.24633918211999548,False,False,-0.7288316777122789,-0.46415728918371735,0.022263002270897836,0.0075309851271090356,0.07471252236427883
2026-03-31,-0.2714045564339222,-0.040710683465088326,-0.6420425810238223,-0.16051064525595557,-0.6370678659167441,-0.19112035977502323,-0.8735805997198505,-0.2620741799159551,-0.6544158684120223,-0.2012213287210439,-0.45319453969097834,-0.2519732109699344,False,False,-0.6544158684120223,-0.4522278216959704,-0.0024977857340350296,0.010979068742999809,0.0685107362610069
2026-04-01,-0.3404771525402775,-0.051071572881041624,-0.4934576808448599,-0.12336442021121498,-0.7440963208876293,-0.2232288962662888,-0.8796761453892163,-0.2639028436167649,-0.6615677329753102,-0.1744359930922566,-0.4871317398830537,-0.3126957467907971,False,False,-0.6615677329753102,-0.4535960392284395,-0.01779269200774225,0.010860335156162026,0.0723675865373774
2026-04-02,-0.5272606689227867,-0.079089100338418,-0.4802355722467149,-0.12005889306167873,-0.7995760346438953,-0.23987281039316857,-0.8851787095033562,-0.26555361285100687,-0.7045744166442722,-0.19914799340009673,-0.5054264232441754,-0.3062784298440787,False,False,-0.7045744166442722,-0.4633180366142584,0.0009313624303253221,0.07506846956271396,0.05738229909155157
2026-04-03,-0.5496481122834693,-0.08244721684252039,-0.5423074529303026,-0.13557686323257565,-0.7807191706883725,-0.23421575120651172,-0.888950890719911,-0.2666852672159733,-0.718925098497581,-0.21802408007509605,-0.500901018422485,-0.282876938347389,False,False,-0.718925098497581,-0.4628181911965277,0.0050193909291964545,0.06131072825371109,0.1113084135875384
2026-04-04,-0.6736346163572857,-0.10104519245359285,-0.42071052976970635,-0.10517763244242659,-0.7328117966072198,-0.21984353898216594,-0.8980862586826984,-0.2694258776048095,-0.6954922414829949,-0.20622282489601945,-0.4892694165869754,-0.283046591690956,False,False,-0.6954922414829949,-0.4601218656980901,0.025761503420038023,0.06667937584936334,0.1015020411462515
2026-04-05,-0.6920879698779554,-0.10381319548169331,-0.2170850073613947,-0.05427125184034867,-0.687828455997888,-0.2063485367993664,-0.8796120155817722,-0.26388360467453165,-0.62831658879594,-0.15808444732204197,-0.470232141473898,-0.31214769415185606,False,False,-0.62831658879594,-0.44621379329486777,-0.0026149365430282456,0.05690688293827795,0.0836659463471574
2026-04-06,-0.6326076883720629,-0.09489115325580944,0.39709124573960947,0.09927281143490237,-0.714318217099323,-0.21429546512979689,-0.8800824024060829,-0.26402472072182487,-0.4739385276725288,0.0043816581790929315,-0.4783201858516217,-0.48270184403071464,False,False,-0.4739385276725288,-0.447661909083806,0.04459545069935267,0.06084643866426265,0.09150755384681064
2026-04-07,0.09498552467397475,0.014247828701096213,0.10081294891814191,0.025203237229535477,-0.6366856306245074,-0.19100568918735222,-0.8663887605091148,-0.2599166281527344,-0.41147125140945495,0.03945106593063169,-0.45092231734008664,-0.49037338327071833,False,False,-0.41147125140945495,-0.4230301429809782,-0.011877640105099618,-0.016451203780868284,0.07157227426310642
2026-04-08,0.16314361136381728,0.02447154170457259,0.13563337663160385,0.03390834415790096,-0.6995282474571427,-0.2098584742371428,-0.8706680547388174,-0.2612004164216452,-0.4126790047963145,0.05837988586247356,-0.47105889065878803,-0.5294387765212616,False,False,-0.4126790047963145,-0.429883183294141,0.010103288409036182,0.047109375230846684,0.06503214509990385
2026-04-09,0.1804677326223816,0.027070159893357242,0.1100790323824526,0.02751975809561315,-0.6693633180043579,-0.20080899540130737,-0.8720294428411342,-0.2616088328523402,-0.4078279102646772,0.05458991798897039,-0.4624178282536476,-0.5170077462426179,False,False,-0.4078279102646772,-0.4241231286681201,0.01636388380950171,0.0326458597450241,0.028052332445115624
2026-04-10,0.5319437975197486,0.07979156962796229,0.20888222190769987,0.05222055547692497,-0.6487305898869853,-0.19461917696609557,-0.8785207331616501,-0.26355621994849504,-0.3261632718097034,0.13201212510488725,-0.45817539691459064,-0.5901875220194779,False,False,-0.3261632718097034,-0.41469954645706586,0.0011027552434326182,0.025318279065879024,0.03944851273321848
2026-04-11,0.6532082864396691,0.09798124296595036,0.309419177164727,0.07735479429118175,-0.5988749003129737,-0.1796624700938921,-0.852378838804555,-0.2557136516413665,-0.26004008447812654,0.1753360372571321,-0.43537612173525864,-0.6107121589923907,False,False,-0.26004008447812654,-0.4140541033129378,-0.03151807780495819,0.02890250093232538,0.04508279762266576
2026-04-12,-0.025761599391724493,-0.0038642399087586736,0.277685914914119,0.06942147872852975,-0.659029580162317,-0.1977088740486951,-0.8676878420275927,-0.26030635260827784,-0.39245798783720187,0.06555723881977107,-0.4580152266569729,-0.523572465476744,False,False,-0.39245798783720187,-0.4325219916742167,0.0519784995910435,0.08949579154826526,0.1051335449409947
2026-04-13,0.47297670762934907,0.07094650614440236,0.5392161924280442,0.13480404810701105,-0.4964017246917294,-0.1489205174075188,-0.8277007555435762,-0.24831022666307287,-0.19148018981917825,0.20575055425141342,-0.39723074407059167,-0.6029812983220051,False,False,-0.19148018981917825,-0.4030253362505287,-0.0038490692909066704,0.017116425745978825,0.051593573005666915
2026-04-14,0.35519596885504057,0.05327939532825608,0.3724930248024086,0.09312325620060215,-0.4572077763596059,-0.13716233290788177,-0.8309887417513983,-0.24929662252541945,-0.240056303904443,0.14640265152885823,-0.3864589554333012,-0.5328616069621595,False,False,-0.240056303904443,-0.40532313309621626,0.009151838859432937,-0.004448308446268978,0.044590730937097645
2026-04-15,0.7025876626588463,0.10538814939882694,0.3505451208380941,0.08763628020952352,-0.4760452788341962,-0.14281358365025884,-0.8148800385658894,-0.24446401156976683,-0.1942531656116752,0.19302442960835048,-0.3872775952200257,-0.5803020248283761,False,False,-0.1942531656116752,-0.3998807462368803,0.004602326507462173,0.013781314500910913,0.037628797972035555
2026-04-16,0.8935210900242925,0.13402816350364385,0.4364119006744818,0.10910297516862046,-0.416761185687228,-0.12502835570616838,-0.7841994336568022,-0.23525983009704066,-0.11715704713094471,0.24313113867226432,-0.36028818580320904,-0.6034193244754733,False,False,-0.11715704713094471,-0.3971188014876478,0.02551697314950352,0.015725782254080167,0.04661423852184643
2026-04-17,0.9358245978282602,0.14037368967423902,0.5317657885122549,0.13294144712806372,-0.3222267358582445,-0.09666802075747336,-0.7702361958366779,-0.23107085875100336,-0.05442374270617398,0.27331513680230274,-0.3277388795084767,-0.6010540163107794,False,False,-0.05442374270617398,-0.38173509813286755,-0.017908449242267088,0.014353202200539705,0.0038836412705003376
2026-04-18,0.9072832021344511,0.13609248032016766,0.5409965829214389,0.13524914573035973,-0.4549848767104717,-0.1364954630131415,-0.7727018412944642,-0.23181055238833925,-0.09696438935095339,0.27134162605052736,-0.3683060154014808,-0.6396476414520081,False,False,-0.09696438935095339,-0.3928072637462303,-0.024969296525804152,0.03389695258770575,0.008600804103379378
2026-04-19,0.7781919817966028,0.11672879726949041,0.5010915204072296,0.1252728801018074,-0.5219563877147899,-0.15658691631443697,-0.8327805831189384,-0.24983417493568152,-0.1644194138788207,0.2420016773712978,-0.4064210912501185,-0.6484227686214163,False,False,-0.1644194138788207,-0.40796843922606507,0.027630495141107048,0.04925815484963181,0.026804363417201715
2026-04-20,0.7942382724280849,0.11913574086421272,0.5688582243314845,0.14221455608287112,-0.4622112805696171,-0.1386633841708851,-0.7968905978966216,-0.23906717936898647,-0.11638026659278775,0.26135029694708384,-0.37773056353987156,-0.6390808604869553,False,False,-0.11638026659278775,-0.39161031406271885,0.006529188643024986,0.02352330145566439,0.006666581400528004
2026-04-21,0.8274169603830214,0.1241125440574532,0.5388522403015202,0.13471306007538006,-0.44444269844843254,-0.13333280953452975,-0.7737672086418675,-0.23213016259256025,-0.10663736799425672,0.2588256041328333,-0.36546297212709,-0.6242885762599233,False,False,-0.10663736799425672,-0.3876380230347636,0.02413116197240761,0.03041023158752454,0.024824149501907256
2026-04-22,0.9277936416602518,0.13916904624903775,0.6205042881611808,0.1551260720402952,-0.34455650423002265,-0.10336695126900679,-0.711272123676793,-0.2133816371030379,-0.02245347008271173,0.29429511828933297,-0.31674858837204467,-0.6110437066613776,False,False,-0.02245347008271173,-0.3728610169828718,0.001013709315240252,-0.010321415565432868,0.006505903241861732
2026-04-23,0.927929273213165,0.13918939098197475,0.6393468425792903,0.15983671064482258,-0.34760572209258545,-0.10428171662777563,-0.7290086683454869,-0.21870260050364607,-0.023958215504624375,0.2990261016267973,-0.3229843171314217,-0.622010418758219,False,False,-0.023958215504624375,-0.37222528035383695,-0.010482704017558353,-0.024466798573120285,0.003975211059696893
2026-04-24,0.8962322330919266,0.13443483496378897,0.7466780734235027,0.18666951835587567,-0.36271243876108233,-0.1088137316283247,-0.7361805405719402,-0.22085416217158205,-0.008563540480242104,0.32110435331966464,-0.32966789379990674,-0.6507722471195714,False,False,-0.008563540480242104,-0.37880605692959335,0.0024260971448708535,-0.021399682555384048,0.031301263360354215
2026-04-25,0.8451103008042639,0.12676654512063956,0.7740660251840628,0.1935165062960157,-0.3605669497862175,-0.10817008493586525,-0.7472145113356533,-0.224164353400696,-0.012051386919905982,0.32028305141665525,-0.33233443833656123,-0.6526174897532164,False,False,-0.012051386919905982,-0.3772989800778992,0.01330177133655397,-0.016469307568437896,0.042261127214170635
2026-04-26,0.8871825617820706,0.13307738426731058,0.6751246787595714,0.16878116968989285,-0.3395273169601463,-0.10185819508804389,-0.6841025967660954,-0.2052307790298286,-0.0052304201606691025,0.3018585539572034,-0.3070889741178725,-0.6089475280750759,False,False,-0.0052304201606691025,-0.3690159534998564,-0.016352276418474698,-0.005421221484777972,0.03546334712942367
2026-04-27,0.6767463130399577,0.10151194695599365,0.6445498446739344,0.1611374611684836,-0.38711661319807256,-0.11613498395942176,-0.7112833488205013,-0.21338500464615037,-0.0668705804810949,0.26264940812447723,-0.32951998860557213,-0.5921693967300494,False,False,-0.0668705804810949,-0.37933397904387445,-0.013293685567210223,0.017002811894639924,0.03405241115183233
2026-04-28,0.6664941340431697,0.09997412010647545,0.6818611125348409,0.17046527813371024,-0.40096258920381145,-0.12028877676114343,-0.7214160778162195,-0.21642482334486585,-0.06627420186582356,0.2704393982401857,-0.33671360010600926,-0.607152998346195,False,False,-0.06627420186582356,-0.38758491796871675,-0.007371621438415188,0.029155347651126595,0.05043568631318984
2026-04-29,0.5411027960934179,0.08116541941401269,0.6034295178259051,0.1508573794564763,-0.4574696287228609,-0.13724088861685826,-0.7415467365064015,-0.22246402095192044,-0.12768211069828972,0.232022798870489,-0.3597049095687787,-0.5917277084392677,False,False,-0.12768211069828972,-0.3920994101166274,0.007476510952758142,0.053853391396146755,0.06463974663499594
2026-04-30,0.4722794162073507,0.0708419124311026,0.6899814274882411,0.17249535687206027,-0.4136786740956227,-0.1241036022286868,-0.7543177585624176,-0.22629532756872525,-0.10706166049424917,0.24333726930316288,-0.35039892979741205,-0.593736199100575,False,False,-0.10706166049424917,-0.3875544346981762,0.024684278547156602,0.059713881055822204,0.0768010927013485
2026-05-01,0.6371834871979162,0.09557752307968742,0.632422489974247,0.15810562249356175,-0.38372965867427694,-0.11511889760228308,-0.7297092065120875,-0.21891276195362624,-0.08034851398266016,0.25368314557324917,-0.3340316595559093,-0.5877148051291585,False,False,-0.08034851398266016,-0.37243665776929513,0.005825302536215382,0.04110742104837284,0.044924827239488874
2026-05-02,0.8568432755368119,0.1285264913305218,0.6762189372194821,0.16905473430487053,-0.4031452872140122,-0.12094358616420366,-0.7114603095875038,-0.21343809287625115,-0.03680045340506244,0.29758122563539235,-0.3343816790404548,-0.6319629046758471,False,False,-0.03680045340506244,-0.3687809114401628,-0.0015031736560809916,0.016764554687346056,0.023099412417703746
2026-05-03,0.6620943376371223,0.09931415064556835,0.4510115211019594,0.11275288027548985,-0.42571096479325715,-0.12771328943797713,-0.7125711358144734,-0.213771340744342,-0.12941759926126092,0.21206703092105822,-0.3414846301823191,-0.5535516611033773,False,False,-0.12941759926126092,-0.3697297433453014,0.01644983483853646,0.02067747955702881,0.009482672269585546
2026-05-04,0.7923974826185375,0.11885962239278061,0.6343322707822411,0.15858306769556027,-0.4085036549684615,-0.12255109649053846,-0.684677518425529,-0.2054032555276587,-0.05051166192985629,0.2774426900883409,-0.32795435201819717,-0.605397042106538,False,False,-0.05051166192985629,-0.3593619017196896,0.013079098298406366,0.010235157306425213,0.015388986440316943
2026-05-05,0.8100282468278148,0.12150423702417222,0.8075229348806153,0.20188073372015383,-0.441128548710456,-0.13233856461313678,-0.6783621007371183,-0.2035086302211355,-0.012462224089946239,0.32338497074432604,-0.3358471948342723,-0.6592321655785983,False,False,-0.012462224089946239,-0.3509829330585774,0.006692868422327525,0.016124363331451397,-0.022153123791800566
2026-05-06,0.8197821285103498,0.12296731927655247,0.8486510940829403,0.21216277352073507,-0.4205970449305103,-0.1261791134791531,-0.6807082029618645,-0.20421246088855935,0.004738518429575123,0.33513009279728756,-0.33039157436771244,-0.6655216671649999,False,False,0.004738518429575123,-0.34663914722569344,-0.017692607745821376,0.0036666784943977238,-0.040504372106477504
2026-05-07,0.4936703025016856,0.07405054537525284,0.8519516444844262,0.21298791112110654,-0.4002310146421391,-0.12006930439264173,-0.6983340821929828,-0.20950022465789483,-0.04253107255417718,0.2870384564963594,-0.32956952905053655,-0.616607985546896,False,False,-0.04253107255417718,-0.3581988045103047,0.0023394495412842886,0.006230407719421072,-0.031851736119791085
2026-05-08,0.7053273120867717,0.10579909681301575,0.7877136399873383,0.19692840999683459,-0.386090700115703,-0.1158272100347109,-0.7236179330088537,-0.2170853799026561,-0.030185083127516693,0.30272750680985033,-0.332912589937367,-0.6356400967472173,False,False,-0.030185083127516693,-0.35669734299792055,0.006050764672352882,-0.010968016353512411,-0.03979515961272018
2026-05-09,0.9079701672261018,0.13619552508391528,0.7472854065717808,0.1868213516429452,-0.3555226418386359,-0.10665679255159077,-0.7327168774389485,-0.21981506323168457,-0.0034549790564148697,0.32301687672686047,-0.3264718557832753,-0.6494887325101357,False,False,-0.0034549790564148697,-0.35280487000730154,0.018984883190544366,0.005101613319054454,-0.047646458035855876
2026-05-10,0.894440137341981,0.13416602060129715,0.7872336968047654,0.19680842420119135,-0.29705214732243024,-0.08911564419672907,-0.7147022279069938,-0.21441066837209813,0.0274481322336613,0.3309744448024885,-0.30352631256882723,-0.6345007573713157,False,False,0.0274481322336613,-0.340517946062901,-0.005649186285816454,-0.037670081049681614,-0.056657779272052844
2026-05-11,0.8365137972617392,0.1254770695892609,0.757842163299201,0.18946054082480024,-0.3294712481316783,-0.09884137443950348,-0.7206164599861824,-0.21618493799585473,-8.870202129709903e-05,0.3149376104140611,-0.3150263124353582,-0.6299639228494194,False,False,-8.870202129709903e-05,-0.34424348303774455,-0.015183437895472052,-0.04400968124909388,-0.05052415633125418
2026-05-12,0.4858253363251227,0.0728738004487684,0.6887257416829408,0.1721814354207352,-0.3803603974315701,-0.11410811922947102,-0.732244784678138,-0.2196734354034414,-0.08872631876340883,0.2450552358695036,-0.3337815546329124,-0.578836790502416,False,False,-0.08872631876340883,-0.35420012138759205,-0.014792470529897295,-0.03784634567496692,-0.06167322137516096
2026-05-13,0.22846136767282535,0.0342692051509238,0.6137976836367544,0.1534494209091886,-0.5328363427376195,-0.15985090282128583,-0.7502722878028526,-0.22508168634085576,-0.1972139631020292,0.1877186260601124,-0.38493258916214157,-0.5726512152222539,False,False,-0.1972139631020292,-0.36375309706017733,0.02239691271145028,-0.029146826124797576,-0.03229710512483297
2026-05-14,0.6446727654064409,0.09670091481096614,0.6133692621166154,0.15334231552915384,-0.5179501855468965,-0.15538505566406896,-0.7384481115171908,-0.22153443345515725,-0.12687625877910622,0.25004323034012,-0.37691948911922624,-0.6269627194593462,False,False,-0.12687625877910622,-0.3495031307121036,-0.024377608136343376,-0.05248033696884169,-0.049636582764407744
2026-05-15,0.28030609927607214,0.04204591489141082,0.3494488932166858,0.08736222330417145,-0.5417650852193074,-0.16252952556579223,-0.7623175378191009,-0.22869526134573026,-0.26181664871594024,0.12940813819558228,-0.3912247869115225,-0.5206329251071048,False,False,-0.26181664871594024,-0.36536068848552206,-0.012199732509905803,-0.01973096528380036,-0.022640972348360155
2026-05-16,-0.09833590985180364,-0.014750386477770546,0.3544728124865075,0.08861820312162688,-0.5674808253142404,-0.17024424759427212,-0.7807153695415877,-0.2342146108624763,-0.3305910418128921,0.07386781664385633,-0.40445885845674845,-0.4783266751006048,False,False,-0.3305910418128921,-0.3731031183262694,-0.008834257540655255,-0.006814373487246339,-0.028382538015983894
2026-05-17,0.017338249307222758,0.0026007373960834136,0.5174146712461426,0.12935366781153565,-0.5773776012989256,-0.17321328038967768,-0.7772235449809988,-0.2331670634942996,-0.2744259386763582,0.13195440520761906,-0.40638034388397726,-0.5383347490915963,False,False,-0.2744259386763582,-0.3786412868304089,-0.005884504400919921,-0.02476410664043982,-0.03883889097102966
2026-05-18,0.13538696008759057,0.020308044013138585,0.5821992333199102,0.14554980832997755,-0.5566618853833313,-0.16699856561499937,-0.783649855290855,-0.2350949565872565,-0.23623566985913974,0.16585785234311612,-0.40209352220225586,-0.5679513745453719,False,False,-0.23623566985913974,-0.38229767491260525,-0.0021754017142699977,-0.0032448562612830134,-0.043951659875273164
2026-05-19,0.2170854838249208,0.03256282257373812,0.532792827306086,0.1331982068265215,-0.5366206450335178,-0.16098619351005533,-0.7819016262474757,-0.2345704878742427,-0.22979565198403842,0.1657610294002596,-0.395556681384298,-0.5613177107845576,False,False,-0.22979565198403842,-0.383641425609509,0.009343085567446563,0.0030012614148149375,-0.04390717902771624
2026-05-20,0.24416952073177434,0.03662542810976615,0.6790812715260782,0.16977031788151956,-0.40110377000409486,-0.12033113100122846,-0.7480423366934925,-0.22441270100804775,-0.13834808601799048,0.2063957459912857,-0.3447438320092762,-0.5511395780005619,False,False,-0.13834808601799048,-0.3778827347087492,0.000816095165800057,-0.0029685800137533302,-0.04729522284530041
2026-05-21,-0.13590175655513276,-0.020385263483269914,0.7393372841905819,0.18483432104764547,-0.43016495905876645,-0.12904948771762992,-0.7403970202740128,-0.22211910608220384,-0.1867195362354582,0.16444905756437556,-0.3511685937998338,-0.5156176513642093,False,False,-0.1867195362354582,-0.3773750278159843,-0.026747485554435513,-0.021716146461429497,-0.050777602211516504
2026-05-22,-0.5690505379145004,-0.08535758068717507,0.42882954176413013,0.10720738544103253,-0.5004055995941056,-0.15012167987823166,-0.7818574598234131,-0.23455723794702393,-0.36282911307139815,0.021849804753857463,-0.3846789178252556,-0.40652872257911304,False,False,-0.36282911307139815,-0.39402868026530713,0.01605133737978126,-0.014432184486262156,-0.05468132566405659
2026-05-23,-0.34178443119990914,-0.05126766467998637,0.5418311783620607,0.13545779459051518,-0.4614148840212776,-0.13842446520638327,-0.7219496714190082,-0.21658490142570247,-0.27081923672155694,0.08419012991052882,-0.3550093666320857,-0.43919949654261453,False,False,-0.27081923672155694,-0.38430203016977416,0.0040774176467823775,-0.04083932134155188,-0.13017483190342494
2026-05-24,-0.5098422633405582,-0.07647633950108372,0.5065700332168454,0.12664250830421134,-0.44014901388261685,-0.13204470416478506,-0.72430144214552,-0.21729043264365597,-0.2991689680053134,0.05016616880312762,-0.349335136808441,-0.39950130561156866,False,False,-0.2991689680053134,-0.3817915724025004,0.003335497741126403,-0.04676807721693499,-0.16767944861062678
2026-05-25,-0.6256656500347844,-0.09384984750521765,0.7038556772623316,0.1759639193155829,-0.35353878976849534,-0.1060616369305486,-0.7200420732844681,-0.21601262198534044,-0.2399601871055238,0.08211407181036524,-0.32207425891588903,-0.40418833072625426,False,False,-0.2399601871055238,-0.3797295395887037,-0.018002635989416205,-0.04445862180768434,-0.17376708132652008
2026-05-26,-0.8058606190107052,-0.12087909285160577,0.7768027848999456,0.1942006962249864,-0.4547193044102695,-0.13641579132308085,-0.767949169544958,-0.23038475086348736,-0.2934789388131876,0.07332160337338063,-0.3668005421865682,-0.44012214555994883,False,False,-0.2934789388131876,-0.3908960429024758,-0.019500985183592,-0.02970656793012405,-0.19588486818321238
2026-05-27,-0.81304876049813,-0.12195731407471949,0.7043905357438524,0.1760976339359631,-0.5275476406029306,-0.15826429218087917,-0.8062849632117776,-0.24188548896353326,-0.34600946128316884,0.054140319861243597,-0.40014978114441246,-0.45429010100565603,False,False,-0.34600946128316884,-0.402774170145102,-0.011172569789104858,-0.04083853038242147,-0.18220023559657372
2026-05-28,-0.8735073761414268,-0.131026106421214,0.6802355241757583,0.17005888104393957,-0.5543336274304814,-0.1663000882291444,-0.81415396178999,-0.24424618853699698,-0.37151350214341583,0.03903277462272556,-0.4105462767661414,-0.449579051388867,False,False,-0.37151350214341583,-0.40944671740901184,-0.0021289771957785364,-0.0931392545061629,-0.13971540194717258
2026-05-29,-0.9045983409603491,-0.13568975114405235,0.6200841599073015,0.15502103997682537,-0.43435834467490103,-0.1303075034024703,-0.8493132450465477,-0.2547939735139643,-0.3657701880836616,0.01933128883277302,-0.3851014769164346,-0.4044327657492076,False,False,-0.3657701880836616,-0.4107039918805402,0.0057663422577327594,-0.12684360280410856,-0.14122896598702062
2026-05-30,-0.9487789419929519,-0.1423168412989428,0.542998063335948,0.135749515833987,-0.4062930245664543,-0.12188790736993628,-0.8570637742015741,-0.2571191322604722,-0.3855743650953643,-0.006567325464955781,-0.3790070396304085,-0.37243971416545274,False,False,-0.3855743650953643,-0.4073059094066078,-0.0028421433596654833,-0.13532481425708665,-0.1645054069615256
2026-05-31,-0.9435903613121925,-0.14153855419682887,0.541080275374559,0.13527006884363976,-0.22006173408778124,-0.06601852022633437,-0.868653922069047,-0.2605961766207141,-0.3328831822002376,-0.006268485353189107,-0.32661469684704847,-0.32034621149385933,False,False,-0.3328831822002376,-0.4089904309805008,-0.030750034034893292,-0.1712660260912917,-0.16509671814045557
2026-06-01,-0.9549818877482183,-0.14324728316223276,0.45664011453060555,0.11416002863265139,-0.24636376206035104,-0.07390912861810531,-0.8872469048839261,-0.2661740714651778,-0.36917045461286446,-0.02908725452958137,-0.3400832000832831,-0.3109959455537017,False,False,-0.36917045461286446,-0.42716399534279803,-0.06509090603552203,-0.1473805085920662,-0.10899075605421726
2026-06-02,-0.9606578856870787,-0.1440986828530618,-0.02043917997586197,-0.005109794993965492,-0.4944980164603801,-0.14834940493811402,-0.9195263747809923,-0.2758579124342977,-0.573415795219439,-0.1492084778470273,-0.4242073173724117,-0.2749988395253844,False,False,-0.573415795219439,-0.46445040989570385,-0.039215809629688625,-0.05135975691135053,-0.04764500381436243
2026-06-03,-0.9907833162906817,-0.14861749744360225,-0.3022514463594646,-0.07556286158986615,-0.4981344178152028,-0.14944032534456084,-0.9362142224241065,-0.2808642667272319,-0.6544849511052611,-0.2241803590334684,-0.4303045920717927,-0.20612423303832433,False,False,-0.6544849511052611,-0.4854524206684917,-0.004002946552806086,-0.016475127742418327,0.004914974802296523
2026-06-04,-0.985876708737325,-0.14788150631059874,-0.47057709921451385,-0.11764427480362846,-0.4202022007356934,-0.12606066022070803,-0.9289349660242849,-0.2786804898072855,-0.6702669311422207,-0.2655257811142272,-0.4047411500279935,-0.1392153689137663,False,False,-0.6702669311422207,-0.4875121271274314,-0.04429014874779269,-0.03374746168917475,0.029121564837611524
2026-06-05,-0.9900668788586443,-0.14851003182879663,-0.6415304031580903,-0.16038260078952257,-0.1118404568545104,-0.03355213705635312,-0.9468057368244978,-0.2840417210473493,-0.6264864907220217,-0.30889263261831923,-0.31759385810370244,-0.008701225485383213,False,False,-0.6264864907220217,-0.5102102912483975,-0.0028146075264422477,0.007444256112415282,0.08635071762255508
2026-06-06,-0.9884231801367243,-0.14826347702050863,-0.8017430258164011,-0.20043575645410028,-0.5489599061546188,-0.16468797184638562,-0.9439912971002745,-0.28319738913008236,-0.7965845944510768,-0.3486992334746089,-0.44788536097646797,-0.09918612750185907,False,False,-0.7965845944510768,-0.5115888570490237,0.040197179517585946,0.04502565672578718,0.07867980452206136
2026-06-07,-0.949923704964378,-0.1424885557446567,-0.6271545162076394,-0.15678862905190985,-0.35487053643845323,-0.10646116093153597,-0.9044234588125051,-0.2713270376437515,-0.677065383371854,-0.2992771847965665,-0.37778819857528745,-0.07851101377872094,False,False,-0.677065383371854,-0.49195610665743394,-0.003884607483640612,0.003915871294784434,0.018590756870025205
2026-06-08,-0.9516561481854195,-0.14274842222781292,-0.6795577412102204,-0.1698894353025551,-0.4215113706288262,-0.12645341118864786,-0.8972665409087769,-0.2691799622726331,-0.7082712309916489,-0.312637857530368,-0.3956333734612809,-0.08299551593091292,False,False,-0.7082712309916489,-0.4939296577675304,-0.021494312762627588,0.02174841038398556,-0.0020286596120627776
2026-06-09,-0.9741479437415069,-0.14612219156122602,-0.7898917677136794,-0.19747294192841985,-0.48241083808928875,-0.14472325142678663,-0.9247321007699227,-0.2774196302309768,-0.7657380151474094,-0.3435951334896459,-0.4221428816577635,-0.0785477481681176,False,False,-0.7657380151474094,-0.504807291983365,-0.003547869755386346,0.0650647983152437,0.02938457800097205
2026-06-10,-0.9766201155876054,-0.1464930173381408,-0.8009727393597129,-0.20024318483992823,-0.4342286772395179,-0.13026860317185537,-0.9267428209201124,-0.2780228462760337,-0.7550276516259581,-0.346736202178069,-0.4082914494478891,-0.06155524726982009,False,False,-0.7550276516259581,-0.5065641712152251,0.03438409949181431,0.07832340204571575,0.045309301638617905
2026-06-11,-0.9090960604892961,-0.13636440907339442,-0.587265463024263,-0.14681636575606574,-0.21413125590702672,-0.06423937677210802,-0.9037796942005093,-0.27113390826015277,-0.618554059861721,-0.28318077482946014,-0.33537328503226077,-0.052192510202800635,False,False,-0.618554059861721,-0.48959782458546364,-0.0007226606611543396,0.03220413544842282,-0.004935090204490344
2026-06-12,-0.9365874555164428,-0.1404881183274664,-0.7867316859803706,-0.19668292149509264,-0.16906428143236535,-0.050719284429709605,-0.8943667915350177,-0.2683100374605053,-0.656200361712774,-0.337171039822559,-0.31902932189021493,0.018141717932344092,False,False,-0.656200361712774,-0.48996667215900325,0.013809371845018514,0.01461764475972882,0.0069204141364558325
2026-06-13,-0.9213591171830893,-0.1382038675774634,-0.7345340747253786,-0.18363351868134464,-0.2679145194191845,-0.08037435582575535,-0.8734747318568913,-0.26204241955706736,-0.6642541616416308,-0.32183738625880803,-0.3424167753828227,-0.02057938912401469,False,False,-0.6642541616416308,-0.4829234322814947,0.019988826834709927,-0.02327096353114222,-0.026737406258741214
2026-06-14,-0.887899430492691,-0.13318491457390366,-0.6961629870559698,-0.17404074676399245,-0.2448829512557976,-0.07346488537673927,-0.8488886274905807,-0.2546665882471742,-0.6353571349618096,-0.3072256613378961,-0.3281314736239135,-0.0209058122860174,False,False,-0.6353571349618096,-0.4725876783090833,0.00885659986204601,-0.03350051599744164,-0.0710070277558712
2026-06-15,-0.8242882399781084,-0.12364323599671626,-0.6806304511190439,-0.17015761277976096,-0.15290059106989648,-0.045870177320968944,-0.8475603522053032,-0.25426810566159097,-0.5939391317590371,-0.2938008487764772,-0.3001382829825599,-0.006337434206082682,False,False,-0.5939391317590371,-0.46208019074497586,-0.009855908615179598,-0.03061614015282066,-0.0985204905143684
2026-06-16,-0.7977290428447668,-0.119659356426715,-0.7934988898764714,-0.19837472246911786,-0.19618618129190704,-0.05885585438757211,-0.8640432362995338,-0.2592129708898601,-0.6361029041732651,-0.31803407889583285,-0.31806882527743224,-3.474638159939314e-05,False,False,-0.6361029041732651,-0.46738187922728824,-0.01774815108516914,-0.03598050460898283,-0.08492941226807571
2026-06-17,-0.8162577923908898,-0.12243866885863347,-0.7931367536281778,-0.19828418840704445,-0.18648721490221326,-0.05594616447066398,-0.8855912643247782,-0.26567737929743346,-0.6423464010337754,-0.32072285726567795,-0.32162354376809743,-0.0009006865024194788,False,False,-0.6423464010337754,-0.4697671589579031,-0.024049053316260838,-0.007586336254871373,-0.06945344399420861
2026-06-18,-0.8677921376497488,-0.13016882064746232,-0.7911514397074488,-0.1977878599268622,-0.2208367893143656,-0.06625103679430967,-0.8876117791952093,-0.2662835337585628,-0.660491251127197,-0.32795668057432453,-0.33253457055287244,-0.004577889978547911,False,False,-0.660491251127197,-0.45332815240609203,0.009306202657930251,-0.0035490321247447776,-0.05370245978232158
2026-06-19,-0.8587635660359605,-0.12881453490539407,-0.8390048305170508,-0.2097512076292627,-0.2163366116341442,-0.06490098349024326,-0.8783164690711297,-0.2634949407213389,-0.6669616667462389,-0.33856574253465677,-0.32839592421158215,0.01016981832307462,False,False,-0.6669616667462389,-0.44824071340499794,0.011867384301658568,-0.038806551249364496,-0.05167607721967382
2026-06-20,-0.8172537997678339,-0.12258806996517507,-0.8267490523951136,-0.2066872630987784,-0.22933983488165938,-0.06880195046449782,-0.8853020259331241,-0.2655906077799372,-0.6636678913083885,-0.3292753330639535,-0.33439255824443503,-0.005117225180481522,False,False,-0.6636678913083885,-0.4416927739089662,-0.015335155784759191,-0.07004897974291902,-0.08823445702285349
2026-06-21,-0.7764322248845371,-0.11646483373268056,-0.8991986822686373,-0.22479967056715933,-0.28613989196796347,-0.08584196759038903,-0.8979501859253002,-0.26938505577759003,-0.696491527667819,-0.3412645042998399,-0.35522702336797907,-0.013962519068139168,False,False,-0.696491527667819,-0.45025450219682894,0.011183031839624658,-0.05077584830298343,-0.05193313304478342
2026-06-22,-0.4050726254937565,-0.060760893824063474,-0.8834131017396225,-0.22085327543490563,-0.2239058963571764,-0.06717176890715292,-0.8951011549881192,-0.26853034649643576,-0.6173162846625577,-0.2816141692589691,-0.3357021154035887,-0.05408794614461959,False,False,-0.6173162846625577,-0.44116318695803225,-0.02007872226199281,-0.06234004024679163,-0.038425642232795654
2026-06-23,-0.23850095494571136,-0.035775143241856704,-0.8957657295882155,-0.22394143239705389,-0.12591100130092242,-0.03777330039027672,-0.9169208731271096,-0.27507626193813284,-0.5725661379673201,-0.2597165756389106,-0.31284956232840955,-0.05313298668949895,False,False,-0.5725661379673201,-0.4523839161168791,-0.02640617445851623,-0.050332057747426995,-0.002411907820520587
2026-06-24,-0.44149736995546524,-0.06622460549331978,-0.9263696925564118,-0.23159242313910294,-0.1962222807835051,-0.05886668423505152,-0.9254255631212146,-0.27762766893636437,-0.6343113818038386,-0.2978170286324227,-0.3364943531714159,-0.038677324538993196,False,False,-0.6343113818038386,-0.4668443619641862,-0.021022139071701584,-0.01338911120028674,0.03382593304069115
2026-06-25,-0.238416420179902,-0.0357624630269853,-0.9533749232412603,-0.23834373081031507,-0.5018006936605046,-0.15054020809815138,-0.9290659629033562,-0.27871978887100685,-0.7033661908064586,-0.2741061938373004,-0.42925999696915823,-0.15515380313185784,False,False,-0.7033661908064586,-0.4780524339338369,0.005071913569923314,-0.01955530655249693,0.06448807572666149
2026-06-26,-0.14996670307914947,-0.02249500546187242,-0.9382415251150877,-0.23456038127877193,-0.460624334822079,-0.1381873004466237,-0.91763859070594,-0.275291577211782,-0.6705342643990501,-0.2570553867406444,-0.4134788776584057,-0.1564234909177613,False,False,-0.6705342643990501,-0.4754051609907175,-0.0011359917014532872,-0.0012191901562249585,0.06563942089216357
2026-06-27,-0.6125242606454283,-0.09187863909681425,-0.927839515847659,-0.23195987896191475,-0.380878158706444,-0.11426344761193319,-0.911651538842768,-0.2734954616528304,-0.7115974273234926,-0.323838518058729,-0.3877589092647636,-0.0639203912060346,False,False,-0.7115974273234926,-0.4760010963744572,-0.0075295273950923836,0.02550433956920828,0.055556314448016675
2026-06-28,-0.6412013732535068,-0.09618020598802601,-0.9279846026224643,-0.23199615065561607,-0.4672503578002157,-0.1401751073400647,-0.9199313833428174,-0.27597941500284523,-0.7443308789865519,-0.3281763566436421,-0.41615452234290995,-0.08797816569926786,False,False,-0.7443308789865519,-0.47994656047430406,0.01146751070589147,0.05045990055560012,0.045537532011089565
2026-06-29,-0.31533668981010293,-0.04730050347151544,-0.923544925133139,-0.23088623128328475,-0.36241354922986885,-0.10872406476896065,-0.9169807777140826,-0.2750942333142248,-0.6620050328379856,-0.2781867347548002,-0.38381829808318546,-0.10563156332838525,False,False,-0.6620050328379856,-0.4739828420889076,-0.027140628949019585,0.047855790744838034,0.0492827688453128
2026-06-30,-0.5464167375499045,-0.08196251063248568,-0.9625887905513483,-0.24064719763783707,-0.6077832080893821,-0.18233496242681463,-0.928663176620313,-0.2785989529860939,-0.7835436236832314,-0.32260970827032276,-0.4609339154129085,-0.13832420714258575,False,False,-0.7835436236832314,-0.48825927859259033,0.023868604211432443,0.08571965643838575,0.09444839897715496
2026-07-01,-0.6573794100273304,-0.09860691150409955,-0.9496408204543916,-0.2374102051135979,-0.5131466631569629,-0.15394399894708885,-0.9042202342614093,-0.27126607027842276,-0.761227185843209,-0.33601711661769745,-0.42521006922551163,-0.08919295260781418,False,False,-0.761227185843209,-0.476044741854444,0.02558976409436231,0.06694022391043575,0.06322471011595354
2026-07-02,-0.38676955441003297,-0.05801543316150494,-0.9239285741311469,-0.23098214353278673,-0.6343195479129247,-0.19029586437387738,-0.8638057990486672,-0.25914173971460014,-0.7384351807827692,-0.28899757669429166,-0.44943760408847755,-0.1604400273941859,False,False,-0.7384351807827692,-0.4626368504024986,0.016622157244964297,0.029304580896686083,0.03606237816764124
2026-07-03,-0.35410211397786556,-0.05311531709667983,-0.9237275277466839,-0.23093188193667097,-0.5108854619243702,-0.15326563857731107,-0.8685666472802118,-0.2605699941840635,-0.6978828317947254,-0.2840471990333508,-0.4138356327613746,-0.1297884337280238,False,False,-0.6978828317947254,-0.4537047156322397,0.008960063761459525,-0.0046859176079994125,-0.003974545269773477
2026-07-04,-0.4790871805308251,-0.07186307707962376,-0.9282136708831794,-0.23205341772079485,-0.3345866915508219,-0.10037600746524657,-0.8456660055227267,-0.253699801656818,-0.6579923039224831,-0.3039164948004186,-0.35407580912206454,-0.05015931432164594,False,False,-0.6579923039224831,-0.4488098750517199,0.008013269983962124,0.0013618077154111674,0.030089473253282373
2026-07-05,-0.4879927135810029,-0.07319890703715043,-0.9268447432436157,-0.2317111858109039,-0.24845811035859172,-0.07453743310757752,-0.8544652278115883,-0.2563395683434765,-0.6357870942991084,-0.30491009284805437,-0.33087700145105403,-0.02596690860299966,False,False,-0.6357870942991084,-0.44219340245811734,0.006158994501178183,0.008039591516103783,0.01738067556952072
2026-07-06,-0.31493311865930707,-0.04723996779889606,-0.901369665776434,-0.2253424164441085,-0.1360367450998347,-0.04081102352995041,-0.8426181066367565,-0.25278543199102693,-0.566178839763982,-0.27258238424300457,-0.29359645552097735,-0.02101407127797278,False,False,-0.566178839763982,-0.4327466851847833,-0.010587267547151002,-0.0034824010860369237,-0.0033075159090859563
2026-07-07,-0.231703488385531,-0.03475552325782965,-0.9162999106253824,-0.2290749776563456,-0.3450667417578008,-0.10352002252734023,-0.8672322515712888,-0.26016967547138664,-0.6275201989129021,-0.26383050091417526,-0.36368969799872686,-0.0998591970845516,False,False,-0.6275201989129021,-0.42678125374296594,-0.016949532376354437,0.006565400947762257,0.008959031778144055
2026-07-08,-0.14339334762258665,-0.021509002143388,-0.9374579415581645,-0.23436448538954113,-0.4958426393822161,-0.14875279181466483,-0.8851058643936227,-0.2655317593180868,-0.6701580386656808,-0.25587348753292916,-0.41428455113275164,-0.1584110635998225,False,False,-0.6701580386656808,-0.43649704344138285,0.015090704768020657,0.0007147214641194388,0.040844758388184355
2026-07-09,-0.066031691782961,-0.00990475376744415,-0.9411972698050233,-0.23529931745125582,-0.45306985320364773,-0.13592095596109433,-0.8583141827044282,-0.2574942548113284,-0.6386192819911227,-0.24520407121869997,-0.39341521077242275,-0.14821113955372278,False,False,-0.6386192819911227,-0.42799338668805,0.014735410406452543,0.028688597184880704,0.02360493436659805
2026-07-10,-0.028127033869899756,-0.0042190550804849635,-0.9217570904259468,-0.2304392726064867,-0.41560443431096317,-0.12468133029328894,-0.8371710309316178,-0.2511513092794853,-0.6104909672597458,-0.23465832768697165,-0.37583263957277424,-0.1411743118858026,False,False,-0.6104909672597458,-0.41956463448569337,-0.005341502690389244,0.009266584499293407,0.01704739212103412
2026-07-11,0.10748903935789977,0.016123355903684966,-0.9119880542954427,-0.22799701357386068,-0.45668025709288756,-0.13700407712786628,-0.826071026254443,-0.24782130787633289,-0.5966990426743748,-0.2118736576701757,-0.38482538500419916,-0.17295172733402345,False,False,-0.5966990426743748,-0.42266503155218504,-0.0006111032764537505,0.0001754963255455877,0.04288942164559151
2026-07-12,-0.05136989783270562,-0.0077054846749058424,-0.8953380453420211,-0.22383451133550528,-0.473531633573683,-0.1420594900721049,-0.7811627385622087,-0.2343488215686626,-0.6079483076511787,-0.23153999601041111,-0.3764083116407675,-0.14486831563035638,False,False,-0.6079483076511787,-0.4015933491857616,-0.022663530887425565,0.0023780181875194817,0.03660222640326127
2026-07-13,-0.0863965373016356,-0.01295948059524534,-0.9425735658327017,-0.23564339145817542,-0.6207087296982065,-0.18621261890946192,-0.8131108746540642,-0.24393326239621924,-0.6787487533591019,-0.24860287205342077,-0.43014588130568115,-0.18154300925226038,False,False,-0.6787487533591019,-0.4120002305418309,0.043466445237727136,0.04010137561017557,0.04434862095673475
2026-07-14,0.6563274947047905,0.09844912420571857,-0.8516855987198595,-0.21292139967996487,-0.5721653208465566,-0.17164959625396697,-0.7528505648882875,-0.22585516946648623,-0.5119770411946996,-0.11447227547424631,-0.39750476572045323,-0.2830324902462069,False,False,-0.5119770411946996,-0.3864419707628812,-0.004423161067327097,-0.004941887012449131,-0.013898134769735893
2026-07-15,0.7798588766207761,0.11697883149311641,-0.8378112185355128,-0.2094528046338782,-0.5452039948426384,-0.16356119845279152,-0.732731748538823,-0.21981952456164688,-0.47585469615520015,-0.09247397314076178,-0.3833807230144384,-0.2909067498736766,False,False,-0.47585469615520015,-0.3891558367503488,-0.01430100679038393,0.007709368110706771,-0.005887923148148677
2026-07-16,0.6458264285765413,0.09687396428648119,-0.8474476353823326,-0.21186190884558315,-0.47347645384845727,-0.14204293615453717,-0.7589434624953472,-0.22768303874860413,-0.48471391946224324,-0.11498794455910195,-0.3697259749031413,-0.25473803034403936,False,False,-0.48471391946224324,-0.3978915232768484,0.0015896863866946553,0.04270643049841616,0.02459321763052591
2026-07-17,0.666216859164586,0.09993252887468788,-0.8331580601924126,-0.20828951504810314,-0.39798342585775187,-0.11939502775732555,-0.7397081486119941,-0.2219124445835982,-0.449664458514339,-0.10835698617341526,-0.34130747234092373,-0.23295048616750846,False,False,-0.449664458514339,-0.3969343596280881,0.014117416297744212,0.034143015503896645,-0.002749967269742748
2026-07-18,0.7936179496556746,0.11904269244835118,-0.7959437927150064,-0.1989859481787516,-0.37450347409718315,-0.11235104222915494,-0.6492564627214404,-0.19477693881643213,-0.3870712367759875,-0.07994325573040041,-0.3071279810455871,-0.2271847253151867,False,False,-0.3870712367759875,-0.3884206309280922,-0.0017225471363733202,0.004083491711630138,-0.014178006614408267
2026-07-19,0.7236457932395937,0.10854686898593904,-0.8215688482484604,-0.2053922120621151,-0.2878416960171897,-0.0863525088051569,-0.6245572939318447,-0.1873671881795534,-0.37056504006088636,-0.09684534307617607,-0.27371969698471027,-0.1768743539085342,False,False,-0.37056504006088636,-0.389474105218952,0.008234689182470278,-0.009000728339771613,-0.011406536270053724
2026-07-20,0.9070867483944048,0.13606301225916073,-0.8046342612544866,-0.20115856531362164,-0.1827383712622201,-0.054821511378666025,-0.6031451611989397,-0.1809435483596819,-0.30086061279280885,-0.06509555305446091,-0.23576505973834794,-0.17066950668388703,False,False,-0.30086061279280885,-0.3668139965276198,0.01993165021620391,-0.013493266698858086,-0.007286587753279505
2026-07-21,0.9007463605006973,0.1351119540751046,-0.671398430315672,-0.167849607578918,-0.2954292273137996,-0.08862876819413988,-0.6113024873605796,-0.18339074620817386,-0.30475716790612717,-0.03273765350381341,-0.27201951440231376,-0.23928186089850034,False,False,-0.30475716790612717,-0.3452700557782218,-0.006636049916341258,-0.01737134474104285,-0.055115559551512705
2026-07-22,0.7842700671413416,0.11764051007120124,-0.7463656090280669,-0.18659140225701673,-0.3028746181209506,-0.09086238543628518,-0.6495396764146938,-0.19486190292440814,-0.3546751805465088,-0.06895089218581549,-0.2857242883606933,-0.2167733961748778,False,False,-0.3546751805465088,-0.33681261549319597,-0.015360021683597735,-0.0356749329836773,-0.049775019061630954
2026-07-23,0.518130246776203,0.07771953701643045,-0.7962719833596317,-0.19906799583990792,-0.4132537859267245,-0.12397613577801735,-0.6568568847229285,-0.19705706541687854,-0.4423816600183733,-0.12134845882347747,-0.32103320119489587,-0.1996847423714184,False,False,-0.4423816600183733,-0.328542807568876,-0.014731108648877278,-0.01818723091932173,-0.02348685393947092
2026-07-24,0.21916936603127407,0.03287540490469111,-0.8345552121099987,-0.20863880302749968,-0.32970274329787347,-0.09891082298936203,-0.7280038835144039,-0.21840116505432117,-0.49307538616649177,-0.17576339812280856,-0.3173119880436832,-0.14154858992087466,False,False,-0.49307538616649177,-0.33843411642364896,0.0036640167857837636,-0.0024276586260770783,
2026-07-25,0.16059782207395595,0.024089673311093393,-0.7882324069531771,-0.19705810173829427,-0.15221309339349995,-0.045663928018049985,-0.735253279740203,-0.2205759839220609,-0.43920834036731177,-0.1729684284272009,-0.2662399119401109,-0.09327148351290998,False,False,-0.43920834036731177,-0.33601012792132334,0.015922174757281526,0.006291572815533941,
2026-07-26,0.28578946093908303,0.04286841914086245,-0.6840985756143941,-0.17102464390359853,-0.07283207178151606,-0.021849621534454817,-0.7082329646634219,-0.21246988939902656,-0.3624757356962175,-0.12815622476273608,-0.23431951093348138,-0.1061632861707453,False,False,-0.3624757356962175,-0.32543796514102163,-0.025139606290459637,-0.03841147376322229,
2026-07-27,0.08163279957500587,0.01224491993625088,-0.7257828560360788,-0.1814457140090197,-0.1681515451531458,-0.05044546354594374,-0.7386027892798878,-0.2215808367839663,-0.4412270944026789,-0.16920079407276883,-0.27202630032991004,-0.10282550625714121,False,False,-0.4412270944026789,-0.34239618911586767,0.0024960842815076045,-0.014621714772571459,
2026-07-28,0.3383792479116831,0.05075688718675247,-0.7112707230831399,-0.17781768077078497,-0.21250680643980627,-0.06375204193194188,-0.7294823837077727,-0.2188447151123318,-0.4096575506283062,-0.1270607935840325,-0.28259675704427367,-0.15553596346024118,False,False,-0.4096575506283062,-0.3407547545800603,0.001083939607290807,-0.005397793945083329,
2026-07-29,0.16395415863025586,0.024593123794538378,-0.7261859958955328,-0.1815464989738832,-0.3096559340696978,-0.09289678022090934,-0.6679093085136925,-0.20037279255410773,-0.4502229479543619,-0.15695337517934482,-0.2932695727750171,-0.13631619759567226,False,False,-0.4502229479543619,-0.3400401725476314,0.01243649221339993,,
2026-07-30,0.1338091837643217,0.020071377564648253,-0.674887495908617,-0.16872187397715424,-0.2416575660304203,-0.07249726980912609,-0.7334456374335826,-0.22003369123007477,-0.44118145745170684,-0.148650496412506,-0.29253096103920084,-0.14388046462669485,False,False,-0.44118145745170684,-0.3318325872923633,-0.029208697373047987,,
2026-07-31,-0.18805358371232417,-0.028208037556848625,-0.6701685347697843,-0.16754213369244608,-0.29311258329604467,-0.0879337749888134,-0.7931960259252263,-0.2379588077775679,-0.5216427540156761,-0.1957501712492947,-0.3258925827663813,-0.13014241151708658,False,False,-0.5216427540156761,-0.35134888704467315,-0.0010215004862621502,,
2026-08-01,-0.19317794213366027,-0.028976691320049038,-0.4038132818284323,-0.10095332045710807,-0.3018064843665398,-0.09054194530996193,-0.7793326825229413,-0.2337998047568824,-0.4542717618440014,-0.1299300117771571,-0.3243417500668443,-0.1944117382896872,False,False,-0.4542717618440014,-0.3520114844719715,0.01188024125950049,,
2026-08-02,0.25753251558483814,0.03862987733772572,-0.0654497382385928,-0.0163624345596482,-0.2709588910428433,-0.08128766731285299,-0.7310537012115575,-0.21931611036346726,-0.2783363348982427,0.02226744277807752,-0.30060377767632024,-0.32287122045439776,False,False,-0.2783363348982427,-0.34431322457411306,,,
