date,fred_rate_percent,source_observation_date,rf_daily_return
2020-09-15,0.11,2020-09-15,3.0136986301369864e-06
2020-09-16,0.12,2020-09-16,3.287671232876712e-06
2020-09-17,0.09,2020-09-17,2.465753424657534e-06
2020-09-18,0.1,2020-09-18,2.7397260273972604e-06
2020-09-19,0.1,2020-09-18,2.7397260273972604e-06
2020-09-20,0.1,2020-09-18,2.7397260273972604e-06
2020-09-21,0.1,2020-09-21,2.7397260273972604e-06
2020-09-22,0.1,2020-09-22,2.7397260273972604e-06
2020-09-23,0.11,2020-09-23,3.0136986301369864e-06
2020-09-24,0.1,2020-09-24,2.7397260273972604e-06
2020-09-25,0.1,2020-09-25,2.7397260273972604e-06
2020-09-26,0.1,2020-09-25,2.7397260273972604e-06
2020-09-27,0.1,2020-09-25,2.7397260273972604e-06
2020-09-28,0.11,2020-09-28,3.0136986301369864e-06
2020-09-29,0.09,2020-09-29,2.465753424657534e-06
2020-09-30,0.1,2020-09-30,2.7397260273972604e-06
2020-10-01,0.09,2020-10-01,2.465753424657534e-06
2020-10-02,0.09,2020-10-02,2.465753424657534e-06
2020-10-03,0.09,2020-10-02,2.465753424657534e-06
2020-10-04,0.09,2020-10-02,2.465753424657534e-06
2020-10-05,0.1,2020-10-05,2.7397260273972604e-06
2020-10-06,0.1,2020-10-06,2.7397260273972604e-06
2020-10-07,0.1,2020-10-07,2.7397260273972604e-06
2020-10-08,0.09,2020-10-08,2.465753424657534e-06
2020-10-09,0.1,2020-10-09,2.7397260273972604e-06
2020-10-10,0.1,2020-10-09,2.7397260273972604e-06
2020-10-11,0.1,2020-10-09,2.7397260273972604e-06
2020-10-12,0.1,2020-10-09,2.7397260273972604e-06
2020-10-13,0.11,2020-10-13,3.0136986301369864e-06
2020-10-14,0.12,2020-10-14,3.287671232876712e-06
2020-10-15,0.11,2020-10-15,3.0136986301369864e-06
2020-10-16,0.11,2020-10-16,3.0136986301369864e-06
2020-10-17,0.11,2020-10-16,3.0136986301369864e-06
2020-10-18,0.11,2020-10-16,3.0136986301369864e-06
2020-10-19,0.11,2020-10-19,3.0136986301369864e-06
2020-10-20,0.1,2020-10-20,2.7397260273972604e-06
2020-10-21,0.1,2020-10-21,2.7397260273972604e-06
2020-10-22,0.09,2020-10-22,2.465753424657534e-06
2020-10-23,0.1,2020-10-23,2.7397260273972604e-06
2020-10-24,0.1,2020-10-23,2.7397260273972604e-06
2020-10-25,0.1,2020-10-23,2.7397260273972604e-06
2020-10-26,0.11,2020-10-26,3.0136986301369864e-06
2020-10-27,0.1,2020-10-27,2.7397260273972604e-06
2020-10-28,0.1,2020-10-28,2.7397260273972604e-06
2020-10-29,0.09,2020-10-29,2.465753424657534e-06
2020-10-30,0.09,2020-10-30,2.465753424657534e-06
2020-10-31,0.09,2020-10-30,2.465753424657534e-06
2020-11-01,0.09,2020-10-30,2.465753424657534e-06
2020-11-02,0.09,2020-11-02,2.465753424657534e-06
2020-11-03,0.1,2020-11-03,2.7397260273972604e-06
2020-11-04,0.1,2020-11-04,2.7397260273972604e-06
2020-11-05,0.1,2020-11-05,2.7397260273972604e-06
2020-11-06,0.1,2020-11-06,2.7397260273972604e-06
2020-11-07,0.1,2020-11-06,2.7397260273972604e-06
2020-11-08,0.1,2020-11-06,2.7397260273972604e-06
2020-11-09,0.11,2020-11-09,3.0136986301369864e-06
2020-11-10,0.1,2020-11-10,2.7397260273972604e-06
2020-11-11,0.1,2020-11-10,2.7397260273972604e-06
2020-11-12,0.1,2020-11-12,2.7397260273972604e-06
2020-11-13,0.09,2020-11-13,2.465753424657534e-06
2020-11-14,0.09,2020-11-13,2.465753424657534e-06
2020-11-15,0.09,2020-11-13,2.465753424657534e-06
2020-11-16,0.09,2020-11-16,2.465753424657534e-06
2020-11-17,0.09,2020-11-17,2.465753424657534e-06
2020-11-18,0.09,2020-11-18,2.465753424657534e-06
2020-11-19,0.07,2020-11-19,1.9178082191780823e-06
2020-11-20,0.07,2020-11-20,1.9178082191780823e-06
2020-11-21,0.07,2020-11-20,1.9178082191780823e-06
2020-11-22,0.07,2020-11-20,1.9178082191780823e-06
2020-11-23,0.08,2020-11-23,2.191780821917808e-06
2020-11-24,0.09,2020-11-24,2.465753424657534e-06
2020-11-25,0.09,2020-11-25,2.465753424657534e-06
2020-11-26,0.09,2020-11-25,2.465753424657534e-06
2020-11-27,0.09,2020-11-27,2.465753424657534e-06
2020-11-28,0.09,2020-11-27,2.465753424657534e-06
2020-11-29,0.09,2020-11-27,2.465753424657534e-06
2020-11-30,0.08,2020-11-30,2.191780821917808e-06
2020-12-01,0.09,2020-12-01,2.465753424657534e-06
2020-12-02,0.09,2020-12-02,2.465753424657534e-06
2020-12-03,0.08,2020-12-03,2.191780821917808e-06
2020-12-04,0.09,2020-12-04,2.465753424657534e-06
2020-12-05,0.09,2020-12-04,2.465753424657534e-06
2020-12-06,0.09,2020-12-04,2.465753424657534e-06
2020-12-07,0.08,2020-12-07,2.191780821917808e-06
2020-12-08,0.09,2020-12-08,2.465753424657534e-06
2020-12-09,0.08,2020-12-09,2.191780821917808e-06
2020-12-10,0.08,2020-12-10,2.191780821917808e-06
2020-12-11,0.08,2020-12-11,2.191780821917808e-06
2020-12-12,0.08,2020-12-11,2.191780821917808e-06
2020-12-13,0.08,2020-12-11,2.191780821917808e-06
2020-12-14,0.09,2020-12-14,2.465753424657534e-06
2020-12-15,0.08,2020-12-15,2.191780821917808e-06
2020-12-16,0.09,2020-12-16,2.465753424657534e-06
2020-12-17,0.08,2020-12-17,2.191780821917808e-06
2020-12-18,0.08,2020-12-18,2.191780821917808e-06
2020-12-19,0.08,2020-12-18,2.191780821917808e-06
2020-12-20,0.08,2020-12-18,2.191780821917808e-06
2020-12-21,0.09,2020-12-21,2.465753424657534e-06
2020-12-22,0.09,2020-12-22,2.465753424657534e-06
2020-12-23,0.09,2020-12-23,2.465753424657534e-06
2020-12-24,0.09,2020-12-24,2.465753424657534e-06
2020-12-25,0.09,2020-12-24,2.465753424657534e-06
2020-12-26,0.09,2020-12-24,2.465753424657534e-06
2020-12-27,0.09,2020-12-24,2.465753424657534e-06
2020-12-28,0.11,2020-12-28,3.0136986301369864e-06
2020-12-29,0.1,2020-12-29,2.7397260273972604e-06
2020-12-30,0.08,2020-12-30,2.191780821917808e-06
2020-12-31,0.09,2020-12-31,2.465753424657534e-06
2021-01-01,0.09,2020-12-31,2.465753424657534e-06
2021-01-02,0.09,2020-12-31,2.465753424657534e-06
2021-01-03,0.09,2020-12-31,2.465753424657534e-06
2021-01-04,0.09,2021-01-04,2.465753424657534e-06
2021-01-05,0.09,2021-01-05,2.465753424657534e-06
2021-01-06,0.09,2021-01-06,2.465753424657534e-06
2021-01-07,0.09,2021-01-07,2.465753424657534e-06
2021-01-08,0.08,2021-01-08,2.191780821917808e-06
2021-01-09,0.08,2021-01-08,2.191780821917808e-06
2021-01-10,0.08,2021-01-08,2.191780821917808e-06
2021-01-11,0.08,2021-01-11,2.191780821917808e-06
2021-01-12,0.09,2021-01-12,2.465753424657534e-06
2021-01-13,0.09,2021-01-13,2.465753424657534e-06
2021-01-14,0.09,2021-01-14,2.465753424657534e-06
2021-01-15,0.09,2021-01-15,2.465753424657534e-06
2021-01-16,0.09,2021-01-15,2.465753424657534e-06
2021-01-17,0.09,2021-01-15,2.465753424657534e-06
2021-01-18,0.09,2021-01-15,2.465753424657534e-06
2021-01-19,0.09,2021-01-19,2.465753424657534e-06
2021-01-20,0.08,2021-01-20,2.191780821917808e-06
2021-01-21,0.09,2021-01-21,2.465753424657534e-06
2021-01-22,0.08,2021-01-22,2.191780821917808e-06
2021-01-23,0.08,2021-01-22,2.191780821917808e-06
2021-01-24,0.08,2021-01-22,2.191780821917808e-06
2021-01-25,0.09,2021-01-25,2.465753424657534e-06
2021-01-26,0.07,2021-01-26,1.9178082191780823e-06
2021-01-27,0.08,2021-01-27,2.191780821917808e-06
2021-01-28,0.07,2021-01-28,1.9178082191780823e-06
2021-01-29,0.06,2021-01-29,1.643835616438356e-06
2021-01-30,0.06,2021-01-29,1.643835616438356e-06
2021-01-31,0.06,2021-01-29,1.643835616438356e-06
2021-02-01,0.07,2021-02-01,1.9178082191780823e-06
2021-02-02,0.07,2021-02-02,1.9178082191780823e-06
2021-02-03,0.04,2021-02-03,1.095890410958904e-06
2021-02-04,0.04,2021-02-04,1.095890410958904e-06
2021-02-05,0.03,2021-02-05,8.21917808219178e-07
2021-02-06,0.03,2021-02-05,8.21917808219178e-07
2021-02-07,0.03,2021-02-05,8.21917808219178e-07
2021-02-08,0.05,2021-02-08,1.3698630136986302e-06
2021-02-09,0.04,2021-02-09,1.095890410958904e-06
2021-02-10,0.05,2021-02-10,1.3698630136986302e-06
2021-02-11,0.05,2021-02-11,1.3698630136986302e-06
2021-02-12,0.04,2021-02-12,1.095890410958904e-06
2021-02-13,0.04,2021-02-12,1.095890410958904e-06
2021-02-14,0.04,2021-02-12,1.095890410958904e-06
2021-02-15,0.04,2021-02-12,1.095890410958904e-06
2021-02-16,0.04,2021-02-16,1.095890410958904e-06
2021-02-17,0.04,2021-02-17,1.095890410958904e-06
2021-02-18,0.03,2021-02-18,8.21917808219178e-07
2021-02-19,0.04,2021-02-19,1.095890410958904e-06
2021-02-20,0.04,2021-02-19,1.095890410958904e-06
2021-02-21,0.04,2021-02-19,1.095890410958904e-06
2021-02-22,0.03,2021-02-22,8.21917808219178e-07
2021-02-23,0.04,2021-02-23,1.095890410958904e-06
2021-02-24,0.03,2021-02-24,8.21917808219178e-07
2021-02-25,0.04,2021-02-25,1.095890410958904e-06
2021-02-26,0.04,2021-02-26,1.095890410958904e-06
2021-02-27,0.04,2021-02-26,1.095890410958904e-06
2021-02-28,0.04,2021-02-26,1.095890410958904e-06
2021-03-01,0.05,2021-03-01,1.3698630136986302e-06
2021-03-02,0.04,2021-03-02,1.095890410958904e-06
2021-03-03,0.05,2021-03-03,1.3698630136986302e-06
2021-03-04,0.04,2021-03-04,1.095890410958904e-06
2021-03-05,0.04,2021-03-05,1.095890410958904e-06
2021-03-06,0.04,2021-03-05,1.095890410958904e-06
2021-03-07,0.04,2021-03-05,1.095890410958904e-06
2021-03-08,0.05,2021-03-08,1.3698630136986302e-06
2021-03-09,0.05,2021-03-09,1.3698630136986302e-06
2021-03-10,0.04,2021-03-10,1.095890410958904e-06
2021-03-11,0.04,2021-03-11,1.095890410958904e-06
2021-03-12,0.04,2021-03-12,1.095890410958904e-06
2021-03-13,0.04,2021-03-12,1.095890410958904e-06
2021-03-14,0.04,2021-03-12,1.095890410958904e-06
2021-03-15,0.04,2021-03-15,1.095890410958904e-06
2021-03-16,0.02,2021-03-16,5.47945205479452e-07
2021-03-17,0.02,2021-03-17,5.47945205479452e-07
2021-03-18,0.01,2021-03-18,2.73972602739726e-07
2021-03-19,0.01,2021-03-19,2.73972602739726e-07
2021-03-20,0.01,2021-03-19,2.73972602739726e-07
2021-03-21,0.01,2021-03-19,2.73972602739726e-07
2021-03-22,0.03,2021-03-22,8.21917808219178e-07
2021-03-23,0.01,2021-03-23,2.73972602739726e-07
2021-03-24,0.02,2021-03-24,5.47945205479452e-07
2021-03-25,0.02,2021-03-25,5.47945205479452e-07
2021-03-26,0.02,2021-03-26,5.47945205479452e-07
2021-03-27,0.02,2021-03-26,5.47945205479452e-07
2021-03-28,0.02,2021-03-26,5.47945205479452e-07
2021-03-29,0.03,2021-03-29,8.21917808219178e-07
2021-03-30,0.02,2021-03-30,5.47945205479452e-07
2021-03-31,0.03,2021-03-31,8.21917808219178e-07
2021-04-01,0.02,2021-04-01,5.47945205479452e-07
2021-04-02,0.02,2021-04-02,5.47945205479452e-07
2021-04-03,0.02,2021-04-02,5.47945205479452e-07
2021-04-04,0.02,2021-04-02,5.47945205479452e-07
2021-04-05,0.03,2021-04-05,8.21917808219178e-07
2021-04-06,0.02,2021-04-06,5.47945205479452e-07
2021-04-07,0.02,2021-04-07,5.47945205479452e-07
2021-04-08,0.01,2021-04-08,2.73972602739726e-07
2021-04-09,0.02,2021-04-09,5.47945205479452e-07
2021-04-10,0.02,2021-04-09,5.47945205479452e-07
2021-04-11,0.02,2021-04-09,5.47945205479452e-07
2021-04-12,0.02,2021-04-12,5.47945205479452e-07
2021-04-13,0.03,2021-04-13,8.21917808219178e-07
2021-04-14,0.02,2021-04-14,5.47945205479452e-07
2021-04-15,0.02,2021-04-15,5.47945205479452e-07
2021-04-16,0.02,2021-04-16,5.47945205479452e-07
2021-04-17,0.02,2021-04-16,5.47945205479452e-07
2021-04-18,0.02,2021-04-16,5.47945205479452e-07
2021-04-19,0.02,2021-04-19,5.47945205479452e-07
2021-04-20,0.03,2021-04-20,8.21917808219178e-07
2021-04-21,0.03,2021-04-21,8.21917808219178e-07
2021-04-22,0.03,2021-04-22,8.21917808219178e-07
2021-04-23,0.03,2021-04-23,8.21917808219178e-07
2021-04-24,0.03,2021-04-23,8.21917808219178e-07
2021-04-25,0.03,2021-04-23,8.21917808219178e-07
2021-04-26,0.03,2021-04-26,8.21917808219178e-07
2021-04-27,0.01,2021-04-27,2.73972602739726e-07
2021-04-28,0.01,2021-04-28,2.73972602739726e-07
2021-04-29,0.01,2021-04-29,2.73972602739726e-07
2021-04-30,0.01,2021-04-30,2.73972602739726e-07
2021-05-01,0.01,2021-04-30,2.73972602739726e-07
2021-05-02,0.01,2021-04-30,2.73972602739726e-07
2021-05-03,0.04,2021-05-03,1.095890410958904e-06
2021-05-04,0.02,2021-05-04,5.47945205479452e-07
2021-05-05,0.02,2021-05-05,5.47945205479452e-07
2021-05-06,0.02,2021-05-06,5.47945205479452e-07
2021-05-07,0.02,2021-05-07,5.47945205479452e-07
2021-05-08,0.02,2021-05-07,5.47945205479452e-07
2021-05-09,0.02,2021-05-07,5.47945205479452e-07
2021-05-10,0.02,2021-05-10,5.47945205479452e-07
2021-05-11,0.01,2021-05-11,2.73972602739726e-07
2021-05-12,0.02,2021-05-12,5.47945205479452e-07
2021-05-13,0.02,2021-05-13,5.47945205479452e-07
2021-05-14,0.01,2021-05-14,2.73972602739726e-07
2021-05-15,0.01,2021-05-14,2.73972602739726e-07
2021-05-16,0.01,2021-05-14,2.73972602739726e-07
2021-05-17,0.02,2021-05-17,5.47945205479452e-07
2021-05-18,0.02,2021-05-18,5.47945205479452e-07
2021-05-19,0.01,2021-05-19,2.73972602739726e-07
2021-05-20,0.01,2021-05-20,2.73972602739726e-07
2021-05-21,0.01,2021-05-21,2.73972602739726e-07
2021-05-22,0.01,2021-05-21,2.73972602739726e-07
2021-05-23,0.01,2021-05-21,2.73972602739726e-07
2021-05-24,0.02,2021-05-24,5.47945205479452e-07
2021-05-25,0.02,2021-05-25,5.47945205479452e-07
2021-05-26,0.02,2021-05-26,5.47945205479452e-07
2021-05-27,0.02,2021-05-27,5.47945205479452e-07
2021-05-28,0.01,2021-05-28,2.73972602739726e-07
2021-05-29,0.01,2021-05-28,2.73972602739726e-07
2021-05-30,0.01,2021-05-28,2.73972602739726e-07
2021-05-31,0.01,2021-05-28,2.73972602739726e-07
2021-06-01,0.02,2021-06-01,5.47945205479452e-07
2021-06-02,0.02,2021-06-02,5.47945205479452e-07
2021-06-03,0.02,2021-06-03,5.47945205479452e-07
2021-06-04,0.02,2021-06-04,5.47945205479452e-07
2021-06-05,0.02,2021-06-04,5.47945205479452e-07
2021-06-06,0.02,2021-06-04,5.47945205479452e-07
2021-06-07,0.02,2021-06-07,5.47945205479452e-07
2021-06-08,0.02,2021-06-08,5.47945205479452e-07
2021-06-09,0.03,2021-06-09,8.21917808219178e-07
2021-06-10,0.03,2021-06-10,8.21917808219178e-07
2021-06-11,0.03,2021-06-11,8.21917808219178e-07
2021-06-12,0.03,2021-06-11,8.21917808219178e-07
2021-06-13,0.03,2021-06-11,8.21917808219178e-07
2021-06-14,0.03,2021-06-14,8.21917808219178e-07
2021-06-15,0.03,2021-06-15,8.21917808219178e-07
2021-06-16,0.04,2021-06-16,1.095890410958904e-06
2021-06-17,0.04,2021-06-17,1.095890410958904e-06
2021-06-18,0.05,2021-06-18,1.3698630136986302e-06
2021-06-19,0.05,2021-06-18,1.3698630136986302e-06
2021-06-20,0.05,2021-06-18,1.3698630136986302e-06
2021-06-21,0.05,2021-06-21,1.3698630136986302e-06
2021-06-22,0.04,2021-06-22,1.095890410958904e-06
2021-06-23,0.05,2021-06-23,1.3698630136986302e-06
2021-06-24,0.05,2021-06-24,1.3698630136986302e-06
2021-06-25,0.06,2021-06-25,1.643835616438356e-06
2021-06-26,0.06,2021-06-25,1.643835616438356e-06
2021-06-27,0.06,2021-06-25,1.643835616438356e-06
2021-06-28,0.05,2021-06-28,1.3698630136986302e-06
2021-06-29,0.04,2021-06-29,1.095890410958904e-06
2021-06-30,0.05,2021-06-30,1.3698630136986302e-06
2021-07-01,0.05,2021-07-01,1.3698630136986302e-06
2021-07-02,0.05,2021-07-02,1.3698630136986302e-06
2021-07-03,0.05,2021-07-02,1.3698630136986302e-06
2021-07-04,0.05,2021-07-02,1.3698630136986302e-06
2021-07-05,0.05,2021-07-02,1.3698630136986302e-06
2021-07-06,0.05,2021-07-06,1.3698630136986302e-06
2021-07-07,0.05,2021-07-07,1.3698630136986302e-06
2021-07-08,0.06,2021-07-08,1.643835616438356e-06
2021-07-09,0.06,2021-07-09,1.643835616438356e-06
2021-07-10,0.06,2021-07-09,1.643835616438356e-06
2021-07-11,0.06,2021-07-09,1.643835616438356e-06
2021-07-12,0.05,2021-07-12,1.3698630136986302e-06
2021-07-13,0.05,2021-07-13,1.3698630136986302e-06
2021-07-14,0.06,2021-07-14,1.643835616438356e-06
2021-07-15,0.05,2021-07-15,1.3698630136986302e-06
2021-07-16,0.05,2021-07-16,1.3698630136986302e-06
2021-07-17,0.05,2021-07-16,1.3698630136986302e-06
2021-07-18,0.05,2021-07-16,1.3698630136986302e-06
2021-07-19,0.05,2021-07-19,1.3698630136986302e-06
2021-07-20,0.05,2021-07-20,1.3698630136986302e-06
2021-07-21,0.05,2021-07-21,1.3698630136986302e-06
2021-07-22,0.05,2021-07-22,1.3698630136986302e-06
2021-07-23,0.05,2021-07-23,1.3698630136986302e-06
2021-07-24,0.05,2021-07-23,1.3698630136986302e-06
2021-07-25,0.05,2021-07-23,1.3698630136986302e-06
2021-07-26,0.05,2021-07-26,1.3698630136986302e-06
2021-07-27,0.05,2021-07-27,1.3698630136986302e-06
2021-07-28,0.05,2021-07-28,1.3698630136986302e-06
2021-07-29,0.06,2021-07-29,1.643835616438356e-06
2021-07-30,0.06,2021-07-30,1.643835616438356e-06
2021-07-31,0.06,2021-07-30,1.643835616438356e-06
2021-08-01,0.06,2021-07-30,1.643835616438356e-06
2021-08-02,0.05,2021-08-02,1.3698630136986302e-06
2021-08-03,0.05,2021-08-03,1.3698630136986302e-06
2021-08-04,0.05,2021-08-04,1.3698630136986302e-06
2021-08-05,0.05,2021-08-05,1.3698630136986302e-06
2021-08-06,0.06,2021-08-06,1.643835616438356e-06
2021-08-07,0.06,2021-08-06,1.643835616438356e-06
2021-08-08,0.06,2021-08-06,1.643835616438356e-06
2021-08-09,0.06,2021-08-09,1.643835616438356e-06
2021-08-10,0.05,2021-08-10,1.3698630136986302e-06
2021-08-11,0.05,2021-08-11,1.3698630136986302e-06
2021-08-12,0.06,2021-08-12,1.643835616438356e-06
2021-08-13,0.06,2021-08-13,1.643835616438356e-06
2021-08-14,0.06,2021-08-13,1.643835616438356e-06
2021-08-15,0.06,2021-08-13,1.643835616438356e-06
2021-08-16,0.06,2021-08-16,1.643835616438356e-06
2021-08-17,0.07,2021-08-17,1.9178082191780823e-06
2021-08-18,0.07,2021-08-18,1.9178082191780823e-06
2021-08-19,0.06,2021-08-19,1.643835616438356e-06
2021-08-20,0.05,2021-08-20,1.3698630136986302e-06
2021-08-21,0.05,2021-08-20,1.3698630136986302e-06
2021-08-22,0.05,2021-08-20,1.3698630136986302e-06
2021-08-23,0.05,2021-08-23,1.3698630136986302e-06
2021-08-24,0.05,2021-08-24,1.3698630136986302e-06
2021-08-25,0.06,2021-08-25,1.643835616438356e-06
2021-08-26,0.05,2021-08-26,1.3698630136986302e-06
2021-08-27,0.05,2021-08-27,1.3698630136986302e-06
2021-08-28,0.05,2021-08-27,1.3698630136986302e-06
2021-08-29,0.05,2021-08-27,1.3698630136986302e-06
2021-08-30,0.05,2021-08-30,1.3698630136986302e-06
2021-08-31,0.04,2021-08-31,1.095890410958904e-06
2021-09-01,0.05,2021-09-01,1.3698630136986302e-06
2021-09-02,0.05,2021-09-02,1.3698630136986302e-06
2021-09-03,0.05,2021-09-03,1.3698630136986302e-06
2021-09-04,0.05,2021-09-03,1.3698630136986302e-06
2021-09-05,0.05,2021-09-03,1.3698630136986302e-06
2021-09-06,0.05,2021-09-03,1.3698630136986302e-06
2021-09-07,0.05,2021-09-07,1.3698630136986302e-06
2021-09-08,0.05,2021-09-08,1.3698630136986302e-06
2021-09-09,0.04,2021-09-09,1.095890410958904e-06
2021-09-10,0.05,2021-09-10,1.3698630136986302e-06
2021-09-11,0.05,2021-09-10,1.3698630136986302e-06
2021-09-12,0.05,2021-09-10,1.3698630136986302e-06
2021-09-13,0.06,2021-09-13,1.643835616438356e-06
2021-09-14,0.04,2021-09-14,1.095890410958904e-06
2021-09-15,0.04,2021-09-15,1.095890410958904e-06
2021-09-16,0.04,2021-09-16,1.095890410958904e-06
2021-09-17,0.04,2021-09-17,1.095890410958904e-06
2021-09-18,0.04,2021-09-17,1.095890410958904e-06
2021-09-19,0.04,2021-09-17,1.095890410958904e-06
2021-09-20,0.04,2021-09-20,1.095890410958904e-06
2021-09-21,0.03,2021-09-21,8.21917808219178e-07
2021-09-22,0.03,2021-09-22,8.21917808219178e-07
2021-09-23,0.03,2021-09-23,8.21917808219178e-07
2021-09-24,0.03,2021-09-24,8.21917808219178e-07
2021-09-25,0.03,2021-09-24,8.21917808219178e-07
2021-09-26,0.03,2021-09-24,8.21917808219178e-07
2021-09-27,0.04,2021-09-27,1.095890410958904e-06
2021-09-28,0.04,2021-09-28,1.095890410958904e-06
2021-09-29,0.04,2021-09-29,1.095890410958904e-06
2021-09-30,0.04,2021-09-30,1.095890410958904e-06
2021-10-01,0.04,2021-10-01,1.095890410958904e-06
2021-10-02,0.04,2021-10-01,1.095890410958904e-06
2021-10-03,0.04,2021-10-01,1.095890410958904e-06
2021-10-04,0.04,2021-10-04,1.095890410958904e-06
2021-10-05,0.04,2021-10-05,1.095890410958904e-06
2021-10-06,0.04,2021-10-06,1.095890410958904e-06
2021-10-07,0.05,2021-10-07,1.3698630136986302e-06
2021-10-08,0.05,2021-10-08,1.3698630136986302e-06
2021-10-09,0.05,2021-10-08,1.3698630136986302e-06
2021-10-10,0.05,2021-10-08,1.3698630136986302e-06
2021-10-11,0.05,2021-10-08,1.3698630136986302e-06
2021-10-12,0.06,2021-10-12,1.643835616438356e-06
2021-10-13,0.05,2021-10-13,1.3698630136986302e-06
2021-10-14,0.05,2021-10-14,1.3698630136986302e-06
2021-10-15,0.05,2021-10-15,1.3698630136986302e-06
2021-10-16,0.05,2021-10-15,1.3698630136986302e-06
2021-10-17,0.05,2021-10-15,1.3698630136986302e-06
2021-10-18,0.06,2021-10-18,1.643835616438356e-06
2021-10-19,0.05,2021-10-19,1.3698630136986302e-06
2021-10-20,0.05,2021-10-20,1.3698630136986302e-06
2021-10-21,0.06,2021-10-21,1.643835616438356e-06
2021-10-22,0.06,2021-10-22,1.643835616438356e-06
2021-10-23,0.06,2021-10-22,1.643835616438356e-06
2021-10-24,0.06,2021-10-22,1.643835616438356e-06
2021-10-25,0.06,2021-10-25,1.643835616438356e-06
2021-10-26,0.06,2021-10-26,1.643835616438356e-06
2021-10-27,0.06,2021-10-27,1.643835616438356e-06
2021-10-28,0.06,2021-10-28,1.643835616438356e-06
2021-10-29,0.05,2021-10-29,1.3698630136986302e-06
2021-10-30,0.05,2021-10-29,1.3698630136986302e-06
2021-10-31,0.05,2021-10-29,1.3698630136986302e-06
2021-11-01,0.05,2021-11-01,1.3698630136986302e-06
2021-11-02,0.05,2021-11-02,1.3698630136986302e-06
2021-11-03,0.05,2021-11-03,1.3698630136986302e-06
2021-11-04,0.04,2021-11-04,1.095890410958904e-06
2021-11-05,0.05,2021-11-05,1.3698630136986302e-06
2021-11-06,0.05,2021-11-05,1.3698630136986302e-06
2021-11-07,0.05,2021-11-05,1.3698630136986302e-06
2021-11-08,0.06,2021-11-08,1.643835616438356e-06
2021-11-09,0.04,2021-11-09,1.095890410958904e-06
2021-11-10,0.05,2021-11-10,1.3698630136986302e-06
2021-11-11,0.05,2021-11-10,1.3698630136986302e-06
2021-11-12,0.05,2021-11-12,1.3698630136986302e-06
2021-11-13,0.05,2021-11-12,1.3698630136986302e-06
2021-11-14,0.05,2021-11-12,1.3698630136986302e-06
2021-11-15,0.05,2021-11-15,1.3698630136986302e-06
2021-11-16,0.05,2021-11-16,1.3698630136986302e-06
2021-11-17,0.05,2021-11-17,1.3698630136986302e-06
2021-11-18,0.05,2021-11-18,1.3698630136986302e-06
2021-11-19,0.05,2021-11-19,1.3698630136986302e-06
2021-11-20,0.05,2021-11-19,1.3698630136986302e-06
2021-11-21,0.05,2021-11-19,1.3698630136986302e-06
2021-11-22,0.05,2021-11-22,1.3698630136986302e-06
2021-11-23,0.06,2021-11-23,1.643835616438356e-06
2021-11-24,0.06,2021-11-24,1.643835616438356e-06
2021-11-25,0.06,2021-11-24,1.643835616438356e-06
2021-11-26,0.06,2021-11-26,1.643835616438356e-06
2021-11-27,0.06,2021-11-26,1.643835616438356e-06
2021-11-28,0.06,2021-11-26,1.643835616438356e-06
2021-11-29,0.06,2021-11-29,1.643835616438356e-06
2021-11-30,0.05,2021-11-30,1.3698630136986302e-06
2021-12-01,0.06,2021-12-01,1.643835616438356e-06
2021-12-02,0.05,2021-12-02,1.3698630136986302e-06
2021-12-03,0.06,2021-12-03,1.643835616438356e-06
2021-12-04,0.06,2021-12-03,1.643835616438356e-06
2021-12-05,0.06,2021-12-03,1.643835616438356e-06
2021-12-06,0.06,2021-12-06,1.643835616438356e-06
2021-12-07,0.06,2021-12-07,1.643835616438356e-06
2021-12-08,0.07,2021-12-08,1.9178082191780823e-06
2021-12-09,0.06,2021-12-09,1.643835616438356e-06
2021-12-10,0.06,2021-12-10,1.643835616438356e-06
2021-12-11,0.06,2021-12-10,1.643835616438356e-06
2021-12-12,0.06,2021-12-10,1.643835616438356e-06
2021-12-13,0.05,2021-12-13,1.3698630136986302e-06
2021-12-14,0.05,2021-12-14,1.3698630136986302e-06
2021-12-15,0.06,2021-12-15,1.643835616438356e-06
2021-12-16,0.05,2021-12-16,1.3698630136986302e-06
2021-12-17,0.05,2021-12-17,1.3698630136986302e-06
2021-12-18,0.05,2021-12-17,1.3698630136986302e-06
2021-12-19,0.05,2021-12-17,1.3698630136986302e-06
2021-12-20,0.07,2021-12-20,1.9178082191780823e-06
2021-12-21,0.07,2021-12-21,1.9178082191780823e-06
2021-12-22,0.08,2021-12-22,2.191780821917808e-06
2021-12-23,0.08,2021-12-23,2.191780821917808e-06
2021-12-24,0.08,2021-12-23,2.191780821917808e-06
2021-12-25,0.08,2021-12-23,2.191780821917808e-06
2021-12-26,0.08,2021-12-23,2.191780821917808e-06
2021-12-27,0.06,2021-12-27,1.643835616438356e-06
2021-12-28,0.06,2021-12-28,1.643835616438356e-06
2021-12-29,0.05,2021-12-29,1.3698630136986302e-06
2021-12-30,0.05,2021-12-30,1.3698630136986302e-06
2021-12-31,0.06,2021-12-31,1.643835616438356e-06
2022-01-01,0.06,2021-12-31,1.643835616438356e-06
2022-01-02,0.06,2021-12-31,1.643835616438356e-06
2022-01-03,0.09,2022-01-03,2.465753424657534e-06
2022-01-04,0.08,2022-01-04,2.191780821917808e-06
2022-01-05,0.09,2022-01-05,2.465753424657534e-06
2022-01-06,0.1,2022-01-06,2.7397260273972604e-06
2022-01-07,0.1,2022-01-07,2.7397260273972604e-06
2022-01-08,0.1,2022-01-07,2.7397260273972604e-06
2022-01-09,0.1,2022-01-07,2.7397260273972604e-06
2022-01-10,0.13,2022-01-10,3.561643835616438e-06
2022-01-11,0.12,2022-01-11,3.287671232876712e-06
2022-01-12,0.12,2022-01-12,3.287671232876712e-06
2022-01-13,0.12,2022-01-13,3.287671232876712e-06
2022-01-14,0.13,2022-01-14,3.561643835616438e-06
2022-01-15,0.13,2022-01-14,3.561643835616438e-06
2022-01-16,0.13,2022-01-14,3.561643835616438e-06
2022-01-17,0.13,2022-01-14,3.561643835616438e-06
2022-01-18,0.17,2022-01-18,4.657534246575343e-06
2022-01-19,0.17,2022-01-19,4.657534246575343e-06
2022-01-20,0.18,2022-01-20,4.931506849315068e-06
2022-01-21,0.17,2022-01-21,4.657534246575343e-06
2022-01-22,0.17,2022-01-21,4.657534246575343e-06
2022-01-23,0.17,2022-01-21,4.657534246575343e-06
2022-01-24,0.2,2022-01-24,5.479452054794521e-06
2022-01-25,0.2,2022-01-25,5.479452054794521e-06
2022-01-26,0.19,2022-01-26,5.2054794520547945e-06
2022-01-27,0.2,2022-01-27,5.479452054794521e-06
2022-01-28,0.19,2022-01-28,5.2054794520547945e-06
2022-01-29,0.19,2022-01-28,5.2054794520547945e-06
2022-01-30,0.19,2022-01-28,5.2054794520547945e-06
2022-01-31,0.24,2022-01-31,6.575342465753424e-06
2022-02-01,0.2,2022-02-01,5.479452054794521e-06
2022-02-02,0.2,2022-02-02,5.479452054794521e-06
2022-02-03,0.21,2022-02-03,5.753424657534246e-06
2022-02-04,0.23,2022-02-04,6.301369863013698e-06
2022-02-05,0.23,2022-02-04,6.301369863013698e-06
2022-02-06,0.23,2022-02-04,6.301369863013698e-06
2022-02-07,0.28,2022-02-07,7.671232876712329e-06
2022-02-08,0.27,2022-02-08,7.3972602739726036e-06
2022-02-09,0.27,2022-02-09,7.3972602739726036e-06
2022-02-10,0.41,2022-02-10,1.1232876712328766e-05
2022-02-11,0.37,2022-02-11,1.0136986301369864e-05
2022-02-12,0.37,2022-02-11,1.0136986301369864e-05
2022-02-13,0.37,2022-02-11,1.0136986301369864e-05
2022-02-14,0.45,2022-02-14,1.2328767123287673e-05
2022-02-15,0.41,2022-02-15,1.1232876712328766e-05
2022-02-16,0.39,2022-02-16,1.0684931506849316e-05
2022-02-17,0.37,2022-02-17,1.0136986301369864e-05
2022-02-18,0.35,2022-02-18,9.58904109589041e-06
2022-02-19,0.35,2022-02-18,9.58904109589041e-06
2022-02-20,0.35,2022-02-18,9.58904109589041e-06
2022-02-21,0.35,2022-02-18,9.58904109589041e-06
2022-02-22,0.39,2022-02-22,1.0684931506849316e-05
2022-02-23,0.36,2022-02-23,9.863013698630136e-06
2022-02-24,0.33,2022-02-24,9.041095890410958e-06
2022-02-25,0.33,2022-02-25,9.041095890410958e-06
2022-02-26,0.33,2022-02-25,9.041095890410958e-06
2022-02-27,0.33,2022-02-25,9.041095890410958e-06
2022-02-28,0.37,2022-02-28,1.0136986301369864e-05
2022-03-01,0.32,2022-03-01,8.767123287671233e-06
2022-03-02,0.33,2022-03-02,9.041095890410958e-06
2022-03-03,0.37,2022-03-03,1.0136986301369864e-05
2022-03-04,0.33,2022-03-04,9.041095890410958e-06
2022-03-05,0.33,2022-03-04,9.041095890410958e-06
2022-03-06,0.33,2022-03-04,9.041095890410958e-06
2022-03-07,0.38,2022-03-07,1.0410958904109589e-05
2022-03-08,0.36,2022-03-08,9.863013698630136e-06
2022-03-09,0.38,2022-03-09,1.0410958904109589e-05
2022-03-10,0.38,2022-03-10,1.0410958904109589e-05
2022-03-11,0.39,2022-03-11,1.0684931506849316e-05
2022-03-12,0.39,2022-03-11,1.0684931506849316e-05
2022-03-13,0.39,2022-03-11,1.0684931506849316e-05
2022-03-14,0.45,2022-03-14,1.2328767123287673e-05
2022-03-15,0.46,2022-03-15,1.2602739726027396e-05
2022-03-16,0.43,2022-03-16,1.178082191780822e-05
2022-03-17,0.4,2022-03-17,1.0958904109589042e-05
2022-03-18,0.41,2022-03-18,1.1232876712328766e-05
2022-03-19,0.41,2022-03-18,1.1232876712328766e-05
2022-03-20,0.41,2022-03-18,1.1232876712328766e-05
2022-03-21,0.55,2022-03-21,1.5068493150684933e-05
2022-03-22,0.51,2022-03-22,1.3972602739726029e-05
2022-03-23,0.5,2022-03-23,1.3698630136986302e-05
2022-03-24,0.5,2022-03-24,1.3698630136986302e-05
2022-03-25,0.53,2022-03-25,1.452054794520548e-05
2022-03-26,0.53,2022-03-25,1.452054794520548e-05
2022-03-27,0.53,2022-03-25,1.452054794520548e-05
2022-03-28,0.6,2022-03-28,1.6438356164383563e-05
2022-03-29,0.56,2022-03-29,1.5342465753424658e-05
2022-03-30,0.55,2022-03-30,1.5068493150684933e-05
2022-03-31,0.51,2022-03-31,1.3972602739726029e-05
2022-04-01,0.52,2022-04-01,1.4246575342465753e-05
2022-04-02,0.52,2022-04-01,1.4246575342465753e-05
2022-04-03,0.52,2022-04-01,1.4246575342465753e-05
2022-04-04,0.67,2022-04-04,1.8356164383561645e-05
2022-04-05,0.65,2022-04-05,1.7808219178082194e-05
2022-04-06,0.67,2022-04-06,1.8356164383561645e-05
2022-04-07,0.68,2022-04-07,1.863013698630137e-05
2022-04-08,0.69,2022-04-08,1.8904109589041096e-05
2022-04-09,0.69,2022-04-08,1.8904109589041096e-05
2022-04-10,0.69,2022-04-08,1.8904109589041096e-05
2022-04-11,0.78,2022-04-11,2.1369863013698632e-05
2022-04-12,0.74,2022-04-12,2.0273972602739727e-05
2022-04-13,0.75,2022-04-13,2.0547945205479453e-05
2022-04-14,0.78,2022-04-14,2.1369863013698632e-05
2022-04-15,0.78,2022-04-14,2.1369863013698632e-05
2022-04-16,0.78,2022-04-14,2.1369863013698632e-05
2022-04-17,0.78,2022-04-14,2.1369863013698632e-05
2022-04-18,0.82,2022-04-18,2.246575342465753e-05
2022-04-19,0.82,2022-04-19,2.246575342465753e-05
2022-04-20,0.82,2022-04-20,2.246575342465753e-05
2022-04-21,0.82,2022-04-21,2.246575342465753e-05
2022-04-22,0.82,2022-04-22,2.246575342465753e-05
2022-04-23,0.82,2022-04-22,2.246575342465753e-05
2022-04-24,0.82,2022-04-22,2.246575342465753e-05
2022-04-25,0.93,2022-04-25,2.547945205479452e-05
2022-04-26,0.84,2022-04-26,2.3013698630136985e-05
2022-04-27,0.82,2022-04-27,2.246575342465753e-05
2022-04-28,0.81,2022-04-28,2.2191780821917812e-05
2022-04-29,0.83,2022-04-29,2.273972602739726e-05
2022-04-30,0.83,2022-04-29,2.273972602739726e-05
2022-05-01,0.83,2022-04-29,2.273972602739726e-05
2022-05-02,0.9,2022-05-02,2.4657534246575345e-05
2022-05-03,0.9,2022-05-03,2.4657534246575345e-05
2022-05-04,0.88,2022-05-04,2.410958904109589e-05
2022-05-05,0.84,2022-05-05,2.3013698630136985e-05
2022-05-06,0.84,2022-05-06,2.3013698630136985e-05
2022-05-07,0.84,2022-05-06,2.3013698630136985e-05
2022-05-08,0.84,2022-05-06,2.3013698630136985e-05
2022-05-09,0.92,2022-05-09,2.5205479452054793e-05
2022-05-10,0.89,2022-05-10,2.4383561643835616e-05
2022-05-11,0.9,2022-05-11,2.4657534246575345e-05
2022-05-12,0.95,2022-05-12,2.6027397260273973e-05
2022-05-13,1.01,2022-05-13,2.767123287671233e-05
2022-05-14,1.01,2022-05-13,2.767123287671233e-05
2022-05-15,1.01,2022-05-13,2.767123287671233e-05
2022-05-16,1.07,2022-05-16,2.931506849315069e-05
2022-05-17,1.06,2022-05-17,2.904109589041096e-05
2022-05-18,1.02,2022-05-18,2.7945205479452058e-05
2022-05-19,1.04,2022-05-19,2.8493150684931505e-05
2022-05-20,1.01,2022-05-20,2.767123287671233e-05
2022-05-21,1.01,2022-05-20,2.767123287671233e-05
2022-05-22,1.01,2022-05-20,2.767123287671233e-05
2022-05-23,1.07,2022-05-23,2.931506849315069e-05
2022-05-24,1.05,2022-05-24,2.8767123287671234e-05
2022-05-25,1.05,2022-05-25,2.8767123287671234e-05
2022-05-26,1.06,2022-05-26,2.904109589041096e-05
2022-05-27,1.06,2022-05-27,2.904109589041096e-05
2022-05-28,1.06,2022-05-27,2.904109589041096e-05
2022-05-29,1.06,2022-05-27,2.904109589041096e-05
2022-05-30,1.06,2022-05-27,2.904109589041096e-05
2022-05-31,1.13,2022-05-31,3.095890410958904e-05
2022-06-01,1.12,2022-06-01,3.0684931506849316e-05
2022-06-02,1.13,2022-06-02,3.095890410958904e-05
2022-06-03,1.17,2022-06-03,3.205479452054794e-05
2022-06-04,1.17,2022-06-03,3.205479452054794e-05
2022-06-05,1.17,2022-06-03,3.205479452054794e-05
2022-06-06,1.23,2022-06-06,3.36986301369863e-05
2022-06-07,1.24,2022-06-07,3.397260273972603e-05
2022-06-08,1.25,2022-06-08,3.424657534246576e-05
2022-06-09,1.26,2022-06-09,3.452054794520548e-05
2022-06-10,1.34,2022-06-10,3.671232876712329e-05
2022-06-11,1.34,2022-06-10,3.671232876712329e-05
2022-06-12,1.34,2022-06-10,3.671232876712329e-05
2022-06-13,1.69,2022-06-13,4.630136986301369e-05
2022-06-14,1.78,2022-06-14,4.876712328767123e-05
2022-06-15,1.69,2022-06-15,4.630136986301369e-05
2022-06-16,1.54,2022-06-16,4.219178082191781e-05
2022-06-17,1.58,2022-06-17,4.3287671232876716e-05
2022-06-18,1.58,2022-06-17,4.3287671232876716e-05
2022-06-19,1.58,2022-06-17,4.3287671232876716e-05
2022-06-20,1.58,2022-06-17,4.3287671232876716e-05
2022-06-21,1.66,2022-06-21,4.547945205479452e-05
2022-06-22,1.57,2022-06-22,4.3013698630136994e-05
2022-06-23,1.59,2022-06-23,4.356164383561644e-05
2022-06-24,1.66,2022-06-24,4.547945205479452e-05
2022-06-25,1.66,2022-06-24,4.547945205479452e-05
2022-06-26,1.66,2022-06-24,4.547945205479452e-05
2022-06-27,1.75,2022-06-27,4.794520547945206e-05
2022-06-28,1.75,2022-06-28,4.794520547945206e-05
2022-06-29,1.73,2022-06-29,4.73972602739726e-05
2022-06-30,1.66,2022-06-30,4.547945205479452e-05
2022-07-01,1.66,2022-07-01,4.547945205479452e-05
2022-07-02,1.66,2022-07-01,4.547945205479452e-05
2022-07-03,1.66,2022-07-01,4.547945205479452e-05
2022-07-04,1.66,2022-07-01,4.547945205479452e-05
2022-07-05,1.86,2022-07-05,5.095890410958904e-05
2022-07-06,1.85,2022-07-06,5.068493150684932e-05
2022-07-07,1.89,2022-07-07,5.1780821917808216e-05
2022-07-08,1.91,2022-07-08,5.232876712328767e-05
2022-07-09,1.91,2022-07-08,5.232876712328767e-05
2022-07-10,1.91,2022-07-08,5.232876712328767e-05
2022-07-11,2.13,2022-07-11,5.835616438356164e-05
2022-07-12,2.16,2022-07-12,5.917808219178083e-05
2022-07-13,2.33,2022-07-13,6.383561643835617e-05
2022-07-14,2.33,2022-07-14,6.383561643835617e-05
2022-07-15,2.29,2022-07-15,6.273972602739726e-05
2022-07-16,2.29,2022-07-15,6.273972602739726e-05
2022-07-17,2.29,2022-07-15,6.273972602739726e-05
2022-07-18,2.44,2022-07-18,6.684931506849314e-05
2022-07-19,2.46,2022-07-19,6.73972602739726e-05
2022-07-20,2.44,2022-07-20,6.684931506849314e-05
2022-07-21,2.4,2022-07-21,6.575342465753425e-05
2022-07-22,2.41,2022-07-22,6.602739726027398e-05
2022-07-23,2.41,2022-07-22,6.602739726027398e-05
2022-07-24,2.41,2022-07-22,6.602739726027398e-05
2022-07-25,2.55,2022-07-25,6.986301369863013e-05
2022-07-26,2.48,2022-07-26,6.794520547945206e-05
2022-07-27,2.37,2022-07-27,6.493150684931507e-05
2022-07-28,2.35,2022-07-28,6.438356164383562e-05
2022-07-29,2.34,2022-07-29,6.410958904109588e-05
2022-07-30,2.34,2022-07-29,6.410958904109588e-05
2022-07-31,2.34,2022-07-29,6.410958904109588e-05
2022-08-01,2.48,2022-08-01,6.794520547945206e-05
2022-08-02,2.48,2022-08-02,6.794520547945206e-05
2022-08-03,2.44,2022-08-03,6.684931506849314e-05
2022-08-04,2.41,2022-08-04,6.602739726027398e-05
2022-08-05,2.48,2022-08-05,6.794520547945206e-05
2022-08-06,2.48,2022-08-05,6.794520547945206e-05
2022-08-07,2.48,2022-08-05,6.794520547945206e-05
2022-08-08,2.57,2022-08-08,7.041095890410958e-05
2022-08-09,2.58,2022-08-09,7.068493150684932e-05
2022-08-10,2.56,2022-08-10,7.013698630136986e-05
2022-08-11,2.52,2022-08-11,6.904109589041096e-05
2022-08-12,2.53,2022-08-12,6.931506849315068e-05
2022-08-13,2.53,2022-08-12,6.931506849315068e-05
2022-08-14,2.53,2022-08-12,6.931506849315068e-05
2022-08-15,2.63,2022-08-15,7.205479452054794e-05
2022-08-16,2.61,2022-08-16,7.150684931506849e-05
2022-08-17,2.59,2022-08-17,7.095890410958904e-05
2022-08-18,2.61,2022-08-18,7.150684931506849e-05
2022-08-19,2.64,2022-08-19,7.232876712328767e-05
2022-08-20,2.64,2022-08-19,7.232876712328767e-05
2022-08-21,2.64,2022-08-19,7.232876712328767e-05
2022-08-22,2.74,2022-08-22,7.506849315068493e-05
2022-08-23,2.71,2022-08-23,7.424657534246575e-05
2022-08-24,2.73,2022-08-24,7.47945205479452e-05
2022-08-25,2.78,2022-08-25,7.616438356164383e-05
2022-08-26,2.78,2022-08-26,7.616438356164383e-05
2022-08-27,2.78,2022-08-26,7.616438356164383e-05
2022-08-28,2.78,2022-08-26,7.616438356164383e-05
2022-08-29,2.89,2022-08-29,7.917808219178083e-05
2022-08-30,2.88,2022-08-30,7.890410958904109e-05
2022-08-31,2.87,2022-08-31,7.863013698630137e-05
2022-09-01,2.88,2022-09-01,7.890410958904109e-05
2022-09-02,2.85,2022-09-02,7.808219178082192e-05
2022-09-03,2.85,2022-09-02,7.808219178082192e-05
2022-09-04,2.85,2022-09-02,7.808219178082192e-05
2022-09-05,2.85,2022-09-02,7.808219178082192e-05
2022-09-06,2.96,2022-09-06,8.109589041095891e-05
2022-09-07,2.98,2022-09-07,8.164383561643835e-05
2022-09-08,2.97,2022-09-08,8.136986301369863e-05
2022-09-09,2.98,2022-09-09,8.164383561643835e-05
2022-09-10,2.98,2022-09-09,8.164383561643835e-05
2022-09-11,2.98,2022-09-09,8.164383561643835e-05
2022-09-12,3.09,2022-09-12,8.465753424657534e-05
2022-09-13,3.19,2022-09-13,8.73972602739726e-05
2022-09-14,3.14,2022-09-14,8.602739726027399e-05
2022-09-15,3.12,2022-09-15,8.547945205479453e-05
2022-09-16,3.1,2022-09-16,8.493150684931507e-05
2022-09-17,3.1,2022-09-16,8.493150684931507e-05
2022-09-18,3.1,2022-09-16,8.493150684931507e-05
2022-09-19,3.29,2022-09-19,9.013698630136986e-05
2022-09-20,3.26,2022-09-20,8.931506849315068e-05
2022-09-21,3.21,2022-09-21,8.794520547945204e-05
2022-09-22,3.19,2022-09-22,8.73972602739726e-05
2022-09-23,3.12,2022-09-23,8.547945205479453e-05
2022-09-24,3.12,2022-09-23,8.547945205479453e-05
2022-09-25,3.12,2022-09-23,8.547945205479453e-05
2022-09-26,3.3,2022-09-26,9.04109589041096e-05
2022-09-27,3.26,2022-09-27,8.931506849315068e-05
2022-09-28,3.29,2022-09-28,9.013698630136986e-05
2022-09-29,3.26,2022-09-29,8.931506849315068e-05
2022-09-30,3.22,2022-09-30,8.821917808219178e-05
2022-10-01,3.22,2022-09-30,8.821917808219178e-05
2022-10-02,3.22,2022-09-30,8.821917808219178e-05
2022-10-03,3.34,2022-10-03,9.150684931506848e-05
2022-10-04,3.32,2022-10-04,9.095890410958904e-05
2022-10-05,3.33,2022-10-05,9.123287671232878e-05
2022-10-06,3.32,2022-10-06,9.095890410958904e-05
2022-10-07,3.31,2022-10-07,9.06849315068493e-05
2022-10-08,3.31,2022-10-07,9.06849315068493e-05
2022-10-09,3.31,2022-10-07,9.06849315068493e-05
2022-10-10,3.31,2022-10-07,9.06849315068493e-05
2022-10-11,3.53,2022-10-11,9.671232876712329e-05
2022-10-12,3.56,2022-10-12,9.753424657534247e-05
2022-10-13,3.64,2022-10-13,9.972602739726028e-05
2022-10-14,3.65,2022-10-14,9.999999999999999e-05
2022-10-15,3.65,2022-10-14,9.999999999999999e-05
2022-10-16,3.65,2022-10-14,9.999999999999999e-05
2022-10-17,3.82,2022-10-17,0.00010465753424657533
2022-10-18,3.89,2022-10-18,0.00010657534246575343
2022-10-19,3.91,2022-10-19,0.00010712328767123289
2022-10-20,3.91,2022-10-20,0.00010712328767123289
2022-10-21,3.9,2022-10-21,0.00010684931506849315
2022-10-22,3.9,2022-10-21,0.00010684931506849315
2022-10-23,3.9,2022-10-21,0.00010684931506849315
2022-10-24,4.0,2022-10-24,0.00010958904109589041
2022-10-25,3.97,2022-10-25,0.00010876712328767123
2022-10-26,3.94,2022-10-26,0.00010794520547945205
2022-10-27,3.95,2022-10-27,0.00010821917808219178
2022-10-28,3.99,2022-10-28,0.00010931506849315069
2022-10-29,3.99,2022-10-28,0.00010931506849315069
2022-10-30,3.99,2022-10-28,0.00010931506849315069
2022-10-31,4.06,2022-10-31,0.00011123287671232876
2022-11-01,4.06,2022-11-01,0.00011123287671232876
2022-11-02,4.04,2022-11-02,0.00011068493150684932
2022-11-03,4.06,2022-11-03,0.00011123287671232876
2022-11-04,4.02,2022-11-04,0.00011013698630136984
2022-11-05,4.02,2022-11-04,0.00011013698630136984
2022-11-06,4.02,2022-11-04,0.00011013698630136984
2022-11-07,4.12,2022-11-07,0.00011287671232876712
2022-11-08,4.1,2022-11-08,0.00011232876712328766
2022-11-09,4.11,2022-11-09,0.00011260273972602741
2022-11-10,4.09,2022-11-10,0.00011205479452054794
2022-11-11,4.09,2022-11-10,0.00011205479452054794
2022-11-12,4.09,2022-11-10,0.00011205479452054794
2022-11-13,4.09,2022-11-10,0.00011205479452054794
2022-11-14,4.16,2022-11-14,0.00011397260273972602
2022-11-15,4.14,2022-11-15,0.00011342465753424658
2022-11-16,4.14,2022-11-16,0.00011342465753424658
2022-11-17,4.13,2022-11-17,0.00011315068493150684
2022-11-18,4.15,2022-11-18,0.00011369863013698631
2022-11-19,4.15,2022-11-18,0.00011369863013698631
2022-11-20,4.15,2022-11-18,0.00011369863013698631
2022-11-21,4.23,2022-11-21,0.00011589041095890412
2022-11-22,4.21,2022-11-22,0.00011534246575342466
2022-11-23,4.21,2022-11-23,0.00011534246575342466
2022-11-24,4.21,2022-11-23,0.00011534246575342466
2022-11-25,4.22,2022-11-25,0.00011561643835616437
2022-11-26,4.22,2022-11-25,0.00011561643835616437
2022-11-27,4.22,2022-11-25,0.00011561643835616437
2022-11-28,4.3,2022-11-28,0.00011780821917808219
2022-11-29,4.27,2022-11-29,0.000116986301369863
2022-11-30,4.27,2022-11-30,0.000116986301369863
2022-12-01,4.22,2022-12-01,0.00011561643835616437
2022-12-02,4.22,2022-12-02,0.00011561643835616437
2022-12-03,4.22,2022-12-02,0.00011561643835616437
2022-12-04,4.22,2022-12-02,0.00011561643835616437
2022-12-05,4.27,2022-12-05,0.000116986301369863
2022-12-06,4.27,2022-12-06,0.000116986301369863
2022-12-07,4.2,2022-12-07,0.00011506849315068494
2022-12-08,4.17,2022-12-08,0.00011424657534246576
2022-12-09,4.19,2022-12-09,0.00011479452054794523
2022-12-10,4.19,2022-12-09,0.00011479452054794523
2022-12-11,4.19,2022-12-09,0.00011479452054794523
2022-12-12,4.29,2022-12-12,0.00011753424657534246
2022-12-13,4.26,2022-12-13,0.00011671232876712328
2022-12-14,4.23,2022-12-14,0.00011589041095890412
2022-12-15,4.22,2022-12-15,0.00011561643835616437
2022-12-16,4.2,2022-12-16,0.00011506849315068494
2022-12-17,4.2,2022-12-16,0.00011506849315068494
2022-12-18,4.2,2022-12-16,0.00011506849315068494
2022-12-19,4.28,2022-12-19,0.00011726027397260275
2022-12-20,4.25,2022-12-20,0.00011643835616438358
2022-12-21,4.22,2022-12-21,0.00011561643835616437
2022-12-22,4.24,2022-12-22,0.00011616438356164384
2022-12-23,4.23,2022-12-23,0.00011589041095890412
2022-12-24,4.23,2022-12-23,0.00011589041095890412
2022-12-25,4.23,2022-12-23,0.00011589041095890412
2022-12-26,4.23,2022-12-23,0.00011589041095890412
2022-12-27,4.35,2022-12-27,0.00011917808219178081
2022-12-28,4.35,2022-12-28,0.00011917808219178081
2022-12-29,4.34,2022-12-29,0.0001189041095890411
2022-12-30,4.3,2022-12-30,0.00011780821917808219
2022-12-31,4.3,2022-12-30,0.00011780821917808219
2023-01-01,4.3,2022-12-30,0.00011780821917808219
2023-01-02,4.3,2022-12-30,0.00011780821917808219
2023-01-03,4.4,2023-01-03,0.00012054794520547946
2023-01-04,4.41,2023-01-04,0.00012082191780821918
2023-01-05,4.51,2023-01-05,0.00012356164383561644
2023-01-06,4.51,2023-01-06,0.00012356164383561644
2023-01-07,4.51,2023-01-06,0.00012356164383561644
2023-01-08,4.51,2023-01-06,0.00012356164383561644
2023-01-09,4.55,2023-01-09,0.00012465753424657533
2023-01-10,4.57,2023-01-10,0.0001252054794520548
2023-01-11,4.57,2023-01-11,0.0001252054794520548
2023-01-12,4.5,2023-01-12,0.0001232876712328767
2023-01-13,4.51,2023-01-13,0.00012356164383561644
2023-01-14,4.51,2023-01-13,0.00012356164383561644
2023-01-15,4.51,2023-01-13,0.00012356164383561644
2023-01-16,4.51,2023-01-13,0.00012356164383561644
2023-01-17,4.56,2023-01-17,0.00012493150684931504
2023-01-18,4.54,2023-01-18,0.00012438356164383562
2023-01-19,4.55,2023-01-19,0.00012465753424657533
2023-01-20,4.57,2023-01-20,0.0001252054794520548
2023-01-21,4.57,2023-01-20,0.0001252054794520548
2023-01-22,4.57,2023-01-20,0.0001252054794520548
2023-01-23,4.58,2023-01-23,0.0001254794520547945
2023-01-24,4.57,2023-01-24,0.0001252054794520548
2023-01-25,4.56,2023-01-25,0.00012493150684931504
2023-01-26,4.55,2023-01-26,0.00012465753424657533
2023-01-27,4.57,2023-01-27,0.0001252054794520548
2023-01-28,4.57,2023-01-27,0.0001252054794520548
2023-01-29,4.57,2023-01-27,0.0001252054794520548
2023-01-30,4.59,2023-01-30,0.00012575342465753425
2023-01-31,4.58,2023-01-31,0.0001254794520547945
2023-02-01,4.54,2023-02-01,0.00012438356164383562
2023-02-02,4.53,2023-02-02,0.0001241095890410959
2023-02-03,4.57,2023-02-03,0.0001252054794520548
2023-02-04,4.57,2023-02-03,0.0001252054794520548
2023-02-05,4.57,2023-02-03,0.0001252054794520548
2023-02-06,4.59,2023-02-06,0.00012575342465753425
2023-02-07,4.59,2023-02-07,0.00012575342465753425
2023-02-08,4.59,2023-02-08,0.00012575342465753425
2023-02-09,4.64,2023-02-09,0.00012712328767123287
2023-02-10,4.66,2023-02-10,0.00012767123287671234
2023-02-11,4.66,2023-02-10,0.00012767123287671234
2023-02-12,4.66,2023-02-10,0.00012767123287671234
2023-02-13,4.68,2023-02-13,0.00012821917808219176
2023-02-14,4.67,2023-02-14,0.00012794520547945205
2023-02-15,4.66,2023-02-15,0.00012767123287671234
2023-02-16,4.7,2023-02-16,0.00012876712328767123
2023-02-17,4.7,2023-02-17,0.00012876712328767123
2023-02-18,4.7,2023-02-17,0.00012876712328767123
2023-02-19,4.7,2023-02-17,0.00012876712328767123
2023-02-20,4.7,2023-02-17,0.00012876712328767123
2023-02-21,4.72,2023-02-21,0.00012931506849315068
2023-02-22,4.71,2023-02-22,0.00012904109589041097
2023-02-23,4.71,2023-02-23,0.00012904109589041097
2023-02-24,4.72,2023-02-24,0.00012931506849315068
2023-02-25,4.72,2023-02-24,0.00012931506849315068
2023-02-26,4.72,2023-02-24,0.00012931506849315068
2023-02-27,4.74,2023-02-27,0.00012986301369863015
2023-02-28,4.72,2023-02-28,0.00012931506849315068
2023-03-01,4.73,2023-03-01,0.0001295890410958904
2023-03-02,4.74,2023-03-02,0.00012986301369863015
2023-03-03,4.74,2023-03-03,0.00012986301369863015
2023-03-04,4.74,2023-03-03,0.00012986301369863015
2023-03-05,4.74,2023-03-03,0.00012986301369863015
2023-03-06,4.76,2023-03-06,0.0001304109589041096
2023-03-07,4.87,2023-03-07,0.00013342465753424658
2023-03-08,4.89,2023-03-08,0.00013397260273972602
2023-03-09,4.87,2023-03-09,0.00013342465753424658
2023-03-10,4.83,2023-03-10,0.0001323287671232877
2023-03-11,4.83,2023-03-10,0.0001323287671232877
2023-03-12,4.83,2023-03-10,0.0001323287671232877
2023-03-13,4.7,2023-03-13,0.00012876712328767123
2023-03-14,4.71,2023-03-14,0.00012904109589041097
2023-03-15,4.59,2023-03-15,0.00012575342465753425
2023-03-16,4.57,2023-03-16,0.0001252054794520548
2023-03-17,4.36,2023-03-17,0.00011945205479452055
2023-03-18,4.36,2023-03-17,0.00011945205479452055
2023-03-19,4.36,2023-03-17,0.00011945205479452055
2023-03-20,4.65,2023-03-20,0.0001273972602739726
2023-03-21,4.62,2023-03-21,0.00012657534246575343
2023-03-22,4.63,2023-03-22,0.00012684931506849316
2023-03-23,4.57,2023-03-23,0.0001252054794520548
2023-03-24,4.57,2023-03-24,0.0001252054794520548
2023-03-25,4.57,2023-03-24,0.0001252054794520548
2023-03-26,4.57,2023-03-24,0.0001252054794520548
2023-03-27,4.75,2023-03-27,0.00013013698630136986
2023-03-28,4.64,2023-03-28,0.00012712328767123287
2023-03-29,4.64,2023-03-29,0.00012712328767123287
2023-03-30,4.8,2023-03-30,0.0001315068493150685
2023-03-31,4.68,2023-03-31,0.00012821917808219176
2023-04-01,4.68,2023-03-31,0.00012821917808219176
2023-04-02,4.68,2023-03-31,0.00012821917808219176
2023-04-03,4.77,2023-04-03,0.0001306849315068493
2023-04-04,4.74,2023-04-04,0.00012986301369863015
2023-04-05,4.72,2023-04-05,0.00012931506849315068
2023-04-06,4.77,2023-04-06,0.0001306849315068493
2023-04-07,4.81,2023-04-07,0.00013178082191780822
2023-04-08,4.81,2023-04-07,0.00013178082191780822
2023-04-09,4.81,2023-04-07,0.00013178082191780822
2023-04-10,4.94,2023-04-10,0.00013534246575342467
2023-04-11,4.89,2023-04-11,0.00013397260273972602
2023-04-12,4.87,2023-04-12,0.00013342465753424658
2023-04-13,4.95,2023-04-13,0.00013561643835616438
2023-04-14,4.98,2023-04-14,0.00013643835616438356
2023-04-15,4.98,2023-04-14,0.00013643835616438356
2023-04-16,4.98,2023-04-14,0.00013643835616438356
2023-04-17,5.06,2023-04-17,0.00013863013698630136
2023-04-18,5.04,2023-04-18,0.00013808219178082192
2023-04-19,5.01,2023-04-19,0.00013726027397260274
2023-04-20,4.97,2023-04-20,0.00013616438356164382
2023-04-21,4.98,2023-04-21,0.00013643835616438356
2023-04-22,4.98,2023-04-21,0.00013643835616438356
2023-04-23,4.98,2023-04-21,0.00013643835616438356
2023-04-24,5.04,2023-04-24,0.00013808219178082192
2023-04-25,4.97,2023-04-25,0.00013616438356164382
2023-04-26,5.0,2023-04-26,0.00013698630136986303
2023-04-27,5.03,2023-04-27,0.0001378082191780822
2023-04-28,4.95,2023-04-28,0.00013561643835616438
2023-04-29,4.95,2023-04-28,0.00013561643835616438
2023-04-30,4.95,2023-04-28,0.00013561643835616438
2023-05-01,5.1,2023-05-01,0.00013972602739726025
2023-05-02,5.08,2023-05-02,0.0001391780821917808
2023-05-03,5.09,2023-05-03,0.00013945205479452054
2023-05-04,5.1,2023-05-04,0.00013972602739726025
2023-05-05,5.1,2023-05-05,0.00013972602739726025
2023-05-06,5.1,2023-05-05,0.00013972602739726025
2023-05-07,5.1,2023-05-05,0.00013972602739726025
2023-05-08,5.15,2023-05-08,0.0001410958904109589
2023-05-09,5.13,2023-05-09,0.00014054794520547946
2023-05-10,5.08,2023-05-10,0.0001391780821917808
2023-05-11,5.04,2023-05-11,0.00013808219178082192
2023-05-12,5.08,2023-05-12,0.0001391780821917808
2023-05-13,5.08,2023-05-12,0.0001391780821917808
2023-05-14,5.08,2023-05-12,0.0001391780821917808
2023-05-15,5.06,2023-05-15,0.00013863013698630136
2023-05-16,5.07,2023-05-16,0.0001389041095890411
2023-05-17,5.1,2023-05-17,0.00013972602739726025
2023-05-18,5.14,2023-05-18,0.00014082191780821917
2023-05-19,5.12,2023-05-19,0.00014027397260273972
2023-05-20,5.12,2023-05-19,0.00014027397260273972
2023-05-21,5.12,2023-05-19,0.00014027397260273972
2023-05-22,5.24,2023-05-22,0.00014356164383561644
2023-05-23,5.18,2023-05-23,0.00014191780821917808
2023-05-24,5.21,2023-05-24,0.00014273972602739726
2023-05-25,5.21,2023-05-25,0.00014273972602739726
2023-05-26,5.16,2023-05-26,0.00014136986301369864
2023-05-27,5.16,2023-05-26,0.00014136986301369864
2023-05-28,5.16,2023-05-26,0.00014136986301369864
2023-05-29,5.16,2023-05-26,0.00014136986301369864
2023-05-30,5.28,2023-05-30,0.00014465753424657533
2023-05-31,5.26,2023-05-31,0.0001441095890410959
2023-06-01,5.24,2023-06-01,0.00014356164383561644
2023-06-02,5.23,2023-06-02,0.00014328767123287673
2023-06-03,5.23,2023-06-02,0.00014328767123287673
2023-06-04,5.23,2023-06-02,0.00014328767123287673
2023-06-05,5.2,2023-06-05,0.00014246575342465755
2023-06-06,5.18,2023-06-06,0.00014191780821917808
2023-06-07,5.16,2023-06-07,0.00014136986301369864
2023-06-08,5.12,2023-06-08,0.00014027397260273972
2023-06-09,5.11,2023-06-09,0.00014000000000000001
2023-06-10,5.11,2023-06-09,0.00014000000000000001
2023-06-11,5.11,2023-06-09,0.00014000000000000001
2023-06-12,5.14,2023-06-12,0.00014082191780821917
2023-06-13,5.11,2023-06-13,0.00014000000000000001
2023-06-14,5.1,2023-06-14,0.00013972602739726025
2023-06-15,5.07,2023-06-15,0.0001389041095890411
2023-06-16,5.09,2023-06-16,0.00013945205479452054
2023-06-17,5.09,2023-06-16,0.00013945205479452054
2023-06-18,5.09,2023-06-16,0.00013945205479452054
2023-06-19,5.09,2023-06-16,0.00013945205479452054
2023-06-20,5.14,2023-06-20,0.00014082191780821917
2023-06-21,5.15,2023-06-21,0.0001410958904109589
2023-06-22,5.15,2023-06-22,0.0001410958904109589
2023-06-23,5.15,2023-06-23,0.0001410958904109589
2023-06-24,5.15,2023-06-23,0.0001410958904109589
2023-06-25,5.15,2023-06-23,0.0001410958904109589
2023-06-26,5.24,2023-06-26,0.00014356164383561644
2023-06-27,5.19,2023-06-27,0.00014219178082191782
2023-06-28,5.18,2023-06-28,0.00014191780821917808
2023-06-29,5.2,2023-06-29,0.00014246575342465755
2023-06-30,5.17,2023-06-30,0.00014164383561643835
2023-07-01,5.17,2023-06-30,0.00014164383561643835
2023-07-02,5.17,2023-06-30,0.00014164383561643835
2023-07-03,5.21,2023-07-03,0.00014273972602739726
2023-07-04,5.21,2023-07-03,0.00014273972602739726
2023-07-05,5.21,2023-07-05,0.00014273972602739726
2023-07-06,5.23,2023-07-06,0.00014328767123287673
2023-07-07,5.22,2023-07-07,0.00014301369863013697
2023-07-08,5.22,2023-07-07,0.00014301369863013697
2023-07-09,5.22,2023-07-07,0.00014301369863013697
2023-07-10,5.25,2023-07-10,0.00014383561643835615
2023-07-11,5.25,2023-07-11,0.00014383561643835615
2023-07-12,5.24,2023-07-12,0.00014356164383561644
2023-07-13,5.24,2023-07-13,0.00014356164383561644
2023-07-14,5.25,2023-07-14,0.00014383561643835615
2023-07-15,5.25,2023-07-14,0.00014383561643835615
2023-07-16,5.25,2023-07-14,0.00014383561643835615
2023-07-17,5.26,2023-07-17,0.0001441095890410959
2023-07-18,5.25,2023-07-18,0.00014383561643835615
2023-07-19,5.26,2023-07-19,0.0001441095890410959
2023-07-20,5.26,2023-07-20,0.0001441095890410959
2023-07-21,5.27,2023-07-21,0.0001443835616438356
2023-07-22,5.27,2023-07-21,0.0001443835616438356
2023-07-23,5.27,2023-07-21,0.0001443835616438356
2023-07-24,5.28,2023-07-24,0.00014465753424657533
2023-07-25,5.28,2023-07-25,0.00014465753424657533
2023-07-26,5.28,2023-07-26,0.00014465753424657533
2023-07-27,5.28,2023-07-27,0.00014465753424657533
2023-07-28,5.28,2023-07-28,0.00014465753424657533
2023-07-29,5.28,2023-07-28,0.00014465753424657533
2023-07-30,5.28,2023-07-28,0.00014465753424657533
2023-07-31,5.28,2023-07-31,0.00014465753424657533
2023-08-01,5.27,2023-08-01,0.0001443835616438356
2023-08-02,5.27,2023-08-02,0.0001443835616438356
2023-08-03,5.27,2023-08-03,0.0001443835616438356
2023-08-04,5.28,2023-08-04,0.00014465753424657533
2023-08-05,5.28,2023-08-04,0.00014465753424657533
2023-08-06,5.28,2023-08-04,0.00014465753424657533
2023-08-07,5.29,2023-08-07,0.00014493150684931507
2023-08-08,5.3,2023-08-08,0.0001452054794520548
2023-08-09,5.28,2023-08-09,0.00014465753424657533
2023-08-10,5.28,2023-08-10,0.00014465753424657533
2023-08-11,5.28,2023-08-11,0.00014465753424657533
2023-08-12,5.28,2023-08-11,0.00014465753424657533
2023-08-13,5.28,2023-08-11,0.00014465753424657533
2023-08-14,5.29,2023-08-14,0.00014493150684931507
2023-08-15,5.29,2023-08-15,0.00014493150684931507
2023-08-16,5.29,2023-08-16,0.00014493150684931507
2023-08-17,5.29,2023-08-17,0.00014493150684931507
2023-08-18,5.28,2023-08-18,0.00014465753424657533
2023-08-19,5.28,2023-08-18,0.00014465753424657533
2023-08-20,5.28,2023-08-18,0.00014465753424657533
2023-08-21,5.3,2023-08-21,0.0001452054794520548
2023-08-22,5.3,2023-08-22,0.0001452054794520548
2023-08-23,5.3,2023-08-23,0.0001452054794520548
2023-08-24,5.31,2023-08-24,0.0001454794520547945
2023-08-25,5.34,2023-08-25,0.0001463013698630137
2023-08-26,5.34,2023-08-25,0.0001463013698630137
2023-08-27,5.34,2023-08-25,0.0001463013698630137
2023-08-28,5.34,2023-08-28,0.0001463013698630137
2023-08-29,5.33,2023-08-29,0.00014602739726027398
2023-08-30,5.32,2023-08-30,0.00014575342465753425
2023-08-31,5.32,2023-08-31,0.00014575342465753425
2023-09-01,5.3,2023-09-01,0.0001452054794520548
2023-09-02,5.3,2023-09-01,0.0001452054794520548
2023-09-03,5.3,2023-09-01,0.0001452054794520548
2023-09-04,5.3,2023-09-01,0.0001452054794520548
2023-09-05,5.32,2023-09-05,0.00014575342465753425
2023-09-06,5.31,2023-09-06,0.0001454794520547945
2023-09-07,5.3,2023-09-07,0.0001452054794520548
2023-09-08,5.31,2023-09-08,0.0001454794520547945
2023-09-09,5.31,2023-09-08,0.0001454794520547945
2023-09-10,5.31,2023-09-08,0.0001454794520547945
2023-09-11,5.32,2023-09-11,0.00014575342465753425
2023-09-12,5.32,2023-09-12,0.00014575342465753425
2023-09-13,5.31,2023-09-13,0.0001454794520547945
2023-09-14,5.31,2023-09-14,0.0001454794520547945
2023-09-15,5.32,2023-09-15,0.00014575342465753425
2023-09-16,5.32,2023-09-15,0.00014575342465753425
2023-09-17,5.32,2023-09-15,0.00014575342465753425
2023-09-18,5.31,2023-09-18,0.0001454794520547945
2023-09-19,5.31,2023-09-19,0.0001454794520547945
2023-09-20,5.33,2023-09-20,0.00014602739726027398
2023-09-21,5.33,2023-09-21,0.00014602739726027398
2023-09-22,5.32,2023-09-22,0.00014575342465753425
2023-09-23,5.32,2023-09-22,0.00014575342465753425
2023-09-24,5.32,2023-09-22,0.00014575342465753425
2023-09-25,5.35,2023-09-25,0.00014657534246575343
2023-09-26,5.34,2023-09-26,0.0001463013698630137
2023-09-27,5.34,2023-09-27,0.0001463013698630137
2023-09-28,5.32,2023-09-28,0.00014575342465753425
2023-09-29,5.32,2023-09-29,0.00014575342465753425
2023-09-30,5.32,2023-09-29,0.00014575342465753425
2023-10-01,5.32,2023-09-29,0.00014575342465753425
2023-10-02,5.35,2023-10-02,0.00014657534246575343
2023-10-03,5.35,2023-10-03,0.00014657534246575343
2023-10-04,5.34,2023-10-04,0.0001463013698630137
2023-10-05,5.34,2023-10-05,0.0001463013698630137
2023-10-06,5.36,2023-10-06,0.00014684931506849316
2023-10-07,5.36,2023-10-06,0.00014684931506849316
2023-10-08,5.36,2023-10-06,0.00014684931506849316
2023-10-09,5.36,2023-10-06,0.00014684931506849316
2023-10-10,5.34,2023-10-10,0.0001463013698630137
2023-10-11,5.34,2023-10-11,0.0001463013698630137
2023-10-12,5.35,2023-10-12,0.00014657534246575343
2023-10-13,5.35,2023-10-13,0.00014657534246575343
2023-10-14,5.35,2023-10-13,0.00014657534246575343
2023-10-15,5.35,2023-10-13,0.00014657534246575343
2023-10-16,5.34,2023-10-16,0.0001463013698630137
2023-10-17,5.35,2023-10-17,0.00014657534246575343
2023-10-18,5.34,2023-10-18,0.0001463013698630137
2023-10-19,5.33,2023-10-19,0.00014602739726027398
2023-10-20,5.31,2023-10-20,0.0001454794520547945
2023-10-21,5.31,2023-10-20,0.0001454794520547945
2023-10-22,5.31,2023-10-20,0.0001454794520547945
2023-10-23,5.32,2023-10-23,0.00014575342465753425
2023-10-24,5.31,2023-10-24,0.0001454794520547945
2023-10-25,5.32,2023-10-25,0.00014575342465753425
2023-10-26,5.32,2023-10-26,0.00014575342465753425
2023-10-27,5.32,2023-10-27,0.00014575342465753425
2023-10-28,5.32,2023-10-27,0.00014575342465753425
2023-10-29,5.32,2023-10-27,0.00014575342465753425
2023-10-30,5.33,2023-10-30,0.00014602739726027398
2023-10-31,5.33,2023-10-31,0.00014602739726027398
2023-11-01,5.31,2023-11-01,0.0001454794520547945
2023-11-02,5.28,2023-11-02,0.00014465753424657533
2023-11-03,5.27,2023-11-03,0.0001443835616438356
2023-11-04,5.27,2023-11-03,0.0001443835616438356
2023-11-05,5.27,2023-11-03,0.0001443835616438356
2023-11-06,5.29,2023-11-06,0.00014493150684931507
2023-11-07,5.28,2023-11-07,0.00014465753424657533
2023-11-08,5.28,2023-11-08,0.00014465753424657533
2023-11-09,5.27,2023-11-09,0.0001443835616438356
2023-11-10,5.26,2023-11-10,0.0001441095890410959
2023-11-11,5.26,2023-11-10,0.0001441095890410959
2023-11-12,5.26,2023-11-10,0.0001441095890410959
2023-11-13,5.28,2023-11-13,0.00014465753424657533
2023-11-14,5.26,2023-11-14,0.0001441095890410959
2023-11-15,5.26,2023-11-15,0.0001441095890410959
2023-11-16,5.25,2023-11-16,0.00014383561643835615
2023-11-17,5.25,2023-11-17,0.00014383561643835615
2023-11-18,5.25,2023-11-17,0.00014383561643835615
2023-11-19,5.25,2023-11-17,0.00014383561643835615
2023-11-20,5.27,2023-11-20,0.0001443835616438356
2023-11-21,5.26,2023-11-21,0.0001441095890410959
2023-11-22,5.27,2023-11-22,0.0001443835616438356
2023-11-23,5.27,2023-11-22,0.0001443835616438356
2023-11-24,5.28,2023-11-24,0.00014465753424657533
2023-11-25,5.28,2023-11-24,0.00014465753424657533
2023-11-26,5.28,2023-11-24,0.00014465753424657533
2023-11-27,5.28,2023-11-27,0.00014465753424657533
2023-11-28,5.27,2023-11-28,0.0001443835616438356
2023-11-29,5.25,2023-11-29,0.00014383561643835615
2023-11-30,5.25,2023-11-30,0.00014383561643835615
2023-12-01,5.23,2023-12-01,0.00014328767123287673
2023-12-02,5.23,2023-12-01,0.00014328767123287673
2023-12-03,5.23,2023-12-01,0.00014328767123287673
2023-12-04,5.26,2023-12-04,0.0001441095890410959
2023-12-05,5.25,2023-12-05,0.00014383561643835615
2023-12-06,5.25,2023-12-06,0.00014383561643835615
2023-12-07,5.24,2023-12-07,0.00014356164383561644
2023-12-08,5.24,2023-12-08,0.00014356164383561644
2023-12-09,5.24,2023-12-08,0.00014356164383561644
2023-12-10,5.24,2023-12-08,0.00014356164383561644
2023-12-11,5.26,2023-12-11,0.0001441095890410959
2023-12-12,5.26,2023-12-12,0.0001441095890410959
2023-12-13,5.24,2023-12-13,0.00014356164383561644
2023-12-14,5.23,2023-12-14,0.00014328767123287673
2023-12-15,5.24,2023-12-15,0.00014356164383561644
2023-12-16,5.24,2023-12-15,0.00014356164383561644
2023-12-17,5.24,2023-12-15,0.00014356164383561644
2023-12-18,5.26,2023-12-18,0.0001441095890410959
2023-12-19,5.23,2023-12-19,0.00014328767123287673
2023-12-20,5.24,2023-12-20,0.00014356164383561644
2023-12-21,5.22,2023-12-21,0.00014301369863013697
2023-12-22,5.24,2023-12-22,0.00014356164383561644
2023-12-23,5.24,2023-12-22,0.00014356164383561644
2023-12-24,5.24,2023-12-22,0.00014356164383561644
2023-12-25,5.24,2023-12-22,0.00014356164383561644
2023-12-26,5.25,2023-12-26,0.00014383561643835615
2023-12-27,5.24,2023-12-27,0.00014356164383561644
2023-12-28,5.25,2023-12-28,0.00014383561643835615
2023-12-29,5.2,2023-12-29,0.00014246575342465755
2023-12-30,5.2,2023-12-29,0.00014246575342465755
2023-12-31,5.2,2023-12-29,0.00014246575342465755
2024-01-01,5.2,2023-12-29,0.00014246575342465755
2024-01-02,5.22,2024-01-02,0.00014301369863013697
2024-01-03,5.24,2024-01-03,0.00014356164383561644
2024-01-04,5.24,2024-01-04,0.00014356164383561644
2024-01-05,5.24,2024-01-05,0.00014356164383561644
2024-01-06,5.24,2024-01-05,0.00014356164383561644
2024-01-07,5.24,2024-01-05,0.00014356164383561644
2024-01-08,5.25,2024-01-08,0.00014383561643835615
2024-01-09,5.24,2024-01-09,0.00014356164383561644
2024-01-10,5.23,2024-01-10,0.00014328767123287673
2024-01-11,5.23,2024-01-11,0.00014328767123287673
2024-01-12,5.22,2024-01-12,0.00014301369863013697
2024-01-13,5.22,2024-01-12,0.00014301369863013697
2024-01-14,5.22,2024-01-12,0.00014301369863013697
2024-01-15,5.22,2024-01-12,0.00014301369863013697
2024-01-16,5.22,2024-01-16,0.00014301369863013697
2024-01-17,5.24,2024-01-17,0.00014356164383561644
2024-01-18,5.22,2024-01-18,0.00014301369863013697
2024-01-19,5.22,2024-01-19,0.00014301369863013697
2024-01-20,5.22,2024-01-19,0.00014301369863013697
2024-01-21,5.22,2024-01-19,0.00014301369863013697
2024-01-22,5.22,2024-01-22,0.00014301369863013697
2024-01-23,5.21,2024-01-23,0.00014273972602739726
2024-01-24,5.21,2024-01-24,0.00014273972602739726
2024-01-25,5.21,2024-01-25,0.00014273972602739726
2024-01-26,5.21,2024-01-26,0.00014273972602739726
2024-01-27,5.21,2024-01-26,0.00014273972602739726
2024-01-28,5.21,2024-01-26,0.00014273972602739726
2024-01-29,5.22,2024-01-29,0.00014301369863013697
2024-01-30,5.21,2024-01-30,0.00014273972602739726
2024-01-31,5.22,2024-01-31,0.00014301369863013697
2024-02-01,5.22,2024-02-01,0.00014301369863013697
2024-02-02,5.23,2024-02-02,0.00014328767123287673
2024-02-03,5.23,2024-02-02,0.00014328767123287673
2024-02-04,5.23,2024-02-02,0.00014328767123287673
2024-02-05,5.22,2024-02-05,0.00014301369863013697
2024-02-06,5.23,2024-02-06,0.00014328767123287673
2024-02-07,5.23,2024-02-07,0.00014328767123287673
2024-02-08,5.23,2024-02-08,0.00014328767123287673
2024-02-09,5.24,2024-02-09,0.00014356164383561644
2024-02-10,5.24,2024-02-09,0.00014356164383561644
2024-02-11,5.24,2024-02-09,0.00014356164383561644
2024-02-12,5.23,2024-02-12,0.00014328767123287673
2024-02-13,5.25,2024-02-13,0.00014383561643835615
2024-02-14,5.23,2024-02-14,0.00014328767123287673
2024-02-15,5.23,2024-02-15,0.00014328767123287673
2024-02-16,5.24,2024-02-16,0.00014356164383561644
2024-02-17,5.24,2024-02-16,0.00014356164383561644
2024-02-18,5.24,2024-02-16,0.00014356164383561644
2024-02-19,5.24,2024-02-16,0.00014356164383561644
2024-02-20,5.24,2024-02-20,0.00014356164383561644
2024-02-21,5.24,2024-02-21,0.00014356164383561644
2024-02-22,5.25,2024-02-22,0.00014383561643835615
2024-02-23,5.26,2024-02-23,0.0001441095890410959
2024-02-24,5.26,2024-02-23,0.0001441095890410959
2024-02-25,5.26,2024-02-23,0.0001441095890410959
2024-02-26,5.26,2024-02-26,0.0001441095890410959
2024-02-27,5.25,2024-02-27,0.00014383561643835615
2024-02-28,5.24,2024-02-28,0.00014356164383561644
2024-02-29,5.25,2024-02-29,0.00014383561643835615
2024-03-01,5.23,2024-03-01,0.00014328767123287673
2024-03-02,5.23,2024-03-01,0.00014328767123287673
2024-03-03,5.23,2024-03-01,0.00014328767123287673
2024-03-04,5.24,2024-03-04,0.00014356164383561644
2024-03-05,5.23,2024-03-05,0.00014328767123287673
2024-03-06,5.24,2024-03-06,0.00014356164383561644
2024-03-07,5.24,2024-03-07,0.00014356164383561644
2024-03-08,5.24,2024-03-08,0.00014356164383561644
2024-03-09,5.24,2024-03-08,0.00014356164383561644
2024-03-10,5.24,2024-03-08,0.00014356164383561644
2024-03-11,5.24,2024-03-11,0.00014356164383561644
2024-03-12,5.25,2024-03-12,0.00014383561643835615
2024-03-13,5.25,2024-03-13,0.00014383561643835615
2024-03-14,5.25,2024-03-14,0.00014383561643835615
2024-03-15,5.25,2024-03-15,0.00014383561643835615
2024-03-16,5.25,2024-03-15,0.00014383561643835615
2024-03-17,5.25,2024-03-15,0.00014383561643835615
2024-03-18,5.25,2024-03-18,0.00014383561643835615
2024-03-19,5.24,2024-03-19,0.00014356164383561644
2024-03-20,5.24,2024-03-20,0.00014356164383561644
2024-03-21,5.25,2024-03-21,0.00014383561643835615
2024-03-22,5.24,2024-03-22,0.00014356164383561644
2024-03-23,5.24,2024-03-22,0.00014356164383561644
2024-03-24,5.24,2024-03-22,0.00014356164383561644
2024-03-25,5.23,2024-03-25,0.00014328767123287673
2024-03-26,5.22,2024-03-26,0.00014301369863013697
2024-03-27,5.22,2024-03-27,0.00014301369863013697
2024-03-28,5.23,2024-03-28,0.00014328767123287673
2024-03-29,5.23,2024-03-28,0.00014328767123287673
2024-03-30,5.23,2024-03-28,0.00014328767123287673
2024-03-31,5.23,2024-03-28,0.00014328767123287673
2024-04-01,5.23,2024-04-01,0.00014328767123287673
2024-04-02,5.22,2024-04-02,0.00014301369863013697
2024-04-03,5.22,2024-04-03,0.00014301369863013697
2024-04-04,5.21,2024-04-04,0.00014273972602739726
2024-04-05,5.23,2024-04-05,0.00014328767123287673
2024-04-06,5.23,2024-04-05,0.00014328767123287673
2024-04-07,5.23,2024-04-05,0.00014328767123287673
2024-04-08,5.23,2024-04-08,0.00014328767123287673
2024-04-09,5.23,2024-04-09,0.00014328767123287673
2024-04-10,5.25,2024-04-10,0.00014383561643835615
2024-04-11,5.25,2024-04-11,0.00014383561643835615
2024-04-12,5.25,2024-04-12,0.00014383561643835615
2024-04-13,5.25,2024-04-12,0.00014383561643835615
2024-04-14,5.25,2024-04-12,0.00014383561643835615
2024-04-15,5.25,2024-04-15,0.00014383561643835615
2024-04-16,5.25,2024-04-16,0.00014383561643835615
2024-04-17,5.25,2024-04-17,0.00014383561643835615
2024-04-18,5.25,2024-04-18,0.00014383561643835615
2024-04-19,5.25,2024-04-19,0.00014383561643835615
2024-04-20,5.25,2024-04-19,0.00014383561643835615
2024-04-21,5.25,2024-04-19,0.00014383561643835615
2024-04-22,5.22,2024-04-22,0.00014301369863013697
2024-04-23,5.25,2024-04-23,0.00014383561643835615
2024-04-24,5.26,2024-04-24,0.0001441095890410959
2024-04-25,5.26,2024-04-25,0.0001441095890410959
2024-04-26,5.25,2024-04-26,0.00014383561643835615
2024-04-27,5.25,2024-04-26,0.00014383561643835615
2024-04-28,5.25,2024-04-26,0.00014383561643835615
2024-04-29,5.25,2024-04-29,0.00014383561643835615
2024-04-30,5.25,2024-04-30,0.00014383561643835615
2024-05-01,5.26,2024-05-01,0.0001441095890410959
2024-05-02,5.25,2024-05-02,0.00014383561643835615
2024-05-03,5.25,2024-05-03,0.00014383561643835615
2024-05-04,5.25,2024-05-03,0.00014383561643835615
2024-05-05,5.25,2024-05-03,0.00014383561643835615
2024-05-06,5.25,2024-05-06,0.00014383561643835615
2024-05-07,5.25,2024-05-07,0.00014383561643835615
2024-05-08,5.25,2024-05-08,0.00014383561643835615
2024-05-09,5.25,2024-05-09,0.00014383561643835615
2024-05-10,5.26,2024-05-10,0.0001441095890410959
2024-05-11,5.26,2024-05-10,0.0001441095890410959
2024-05-12,5.26,2024-05-10,0.0001441095890410959
2024-05-13,5.25,2024-05-13,0.00014383561643835615
2024-05-14,5.24,2024-05-14,0.00014356164383561644
2024-05-15,5.25,2024-05-15,0.00014383561643835615
2024-05-16,5.25,2024-05-16,0.00014383561643835615
2024-05-17,5.25,2024-05-17,0.00014383561643835615
2024-05-18,5.25,2024-05-17,0.00014383561643835615
2024-05-19,5.25,2024-05-17,0.00014383561643835615
2024-05-20,5.25,2024-05-20,0.00014383561643835615
2024-05-21,5.25,2024-05-21,0.00014383561643835615
2024-05-22,5.25,2024-05-22,0.00014383561643835615
2024-05-23,5.26,2024-05-23,0.0001441095890410959
2024-05-24,5.26,2024-05-24,0.0001441095890410959
2024-05-25,5.26,2024-05-24,0.0001441095890410959
2024-05-26,5.26,2024-05-24,0.0001441095890410959
2024-05-27,5.26,2024-05-24,0.0001441095890410959
2024-05-28,5.26,2024-05-28,0.0001441095890410959
2024-05-29,5.26,2024-05-29,0.0001441095890410959
2024-05-30,5.26,2024-05-30,0.0001441095890410959
2024-05-31,5.25,2024-05-31,0.00014383561643835615
2024-06-01,5.25,2024-05-31,0.00014383561643835615
2024-06-02,5.25,2024-05-31,0.00014383561643835615
2024-06-03,5.26,2024-06-03,0.0001441095890410959
2024-06-04,5.25,2024-06-04,0.00014383561643835615
2024-06-05,5.25,2024-06-05,0.00014383561643835615
2024-06-06,5.25,2024-06-06,0.00014383561643835615
2024-06-07,5.26,2024-06-07,0.0001441095890410959
2024-06-08,5.26,2024-06-07,0.0001441095890410959
2024-06-09,5.26,2024-06-07,0.0001441095890410959
2024-06-10,5.25,2024-06-10,0.00014383561643835615
2024-06-11,5.25,2024-06-11,0.00014383561643835615
2024-06-12,5.25,2024-06-12,0.00014383561643835615
2024-06-13,5.25,2024-06-13,0.00014383561643835615
2024-06-14,5.25,2024-06-14,0.00014383561643835615
2024-06-15,5.25,2024-06-14,0.00014383561643835615
2024-06-16,5.25,2024-06-14,0.00014383561643835615
2024-06-17,5.25,2024-06-17,0.00014383561643835615
2024-06-18,5.24,2024-06-18,0.00014356164383561644
2024-06-19,5.24,2024-06-18,0.00014356164383561644
2024-06-20,5.24,2024-06-20,0.00014356164383561644
2024-06-21,5.23,2024-06-21,0.00014328767123287673
2024-06-22,5.23,2024-06-21,0.00014328767123287673
2024-06-23,5.23,2024-06-21,0.00014328767123287673
2024-06-24,5.24,2024-06-24,0.00014356164383561644
2024-06-25,5.23,2024-06-25,0.00014328767123287673
2024-06-26,5.24,2024-06-26,0.00014356164383561644
2024-06-27,5.23,2024-06-27,0.00014328767123287673
2024-06-28,5.22,2024-06-28,0.00014301369863013697
2024-06-29,5.22,2024-06-28,0.00014301369863013697
2024-06-30,5.22,2024-06-28,0.00014301369863013697
2024-07-01,5.24,2024-07-01,0.00014356164383561644
2024-07-02,5.24,2024-07-02,0.00014356164383561644
2024-07-03,5.24,2024-07-03,0.00014356164383561644
2024-07-04,5.24,2024-07-03,0.00014356164383561644
2024-07-05,5.23,2024-07-05,0.00014328767123287673
2024-07-06,5.23,2024-07-05,0.00014328767123287673
2024-07-07,5.23,2024-07-05,0.00014328767123287673
2024-07-08,5.23,2024-07-08,0.00014328767123287673
2024-07-09,5.23,2024-07-09,0.00014328767123287673
2024-07-10,5.23,2024-07-10,0.00014328767123287673
2024-07-11,5.21,2024-07-11,0.00014273972602739726
2024-07-12,5.21,2024-07-12,0.00014273972602739726
2024-07-13,5.21,2024-07-12,0.00014273972602739726
2024-07-14,5.21,2024-07-12,0.00014273972602739726
2024-07-15,5.2,2024-07-15,0.00014246575342465755
2024-07-16,5.2,2024-07-16,0.00014246575342465755
2024-07-17,5.2,2024-07-17,0.00014246575342465755
2024-07-18,5.21,2024-07-18,0.00014273972602739726
2024-07-19,5.2,2024-07-19,0.00014246575342465755
2024-07-20,5.2,2024-07-19,0.00014246575342465755
2024-07-21,5.2,2024-07-19,0.00014246575342465755
2024-07-22,5.19,2024-07-22,0.00014219178082191782
2024-07-23,5.18,2024-07-23,0.00014191780821917808
2024-07-24,5.18,2024-07-24,0.00014191780821917808
2024-07-25,5.17,2024-07-25,0.00014164383561643835
2024-07-26,5.16,2024-07-26,0.00014136986301369864
2024-07-27,5.16,2024-07-26,0.00014136986301369864
2024-07-28,5.16,2024-07-26,0.00014136986301369864
2024-07-29,5.15,2024-07-29,0.0001410958904109589
2024-07-30,5.14,2024-07-30,0.00014082191780821917
2024-07-31,5.15,2024-07-31,0.0001410958904109589
2024-08-01,5.12,2024-08-01,0.00014027397260273972
2024-08-02,5.05,2024-08-02,0.00013835616438356163
2024-08-03,5.05,2024-08-02,0.00013835616438356163
2024-08-04,5.05,2024-08-02,0.00013835616438356163
2024-08-05,5.09,2024-08-05,0.00013945205479452054
2024-08-06,5.09,2024-08-06,0.00013945205479452054
2024-08-07,5.09,2024-08-07,0.00013945205479452054
2024-08-08,5.09,2024-08-08,0.00013945205479452054
2024-08-09,5.09,2024-08-09,0.00013945205479452054
2024-08-10,5.09,2024-08-09,0.00013945205479452054
2024-08-11,5.09,2024-08-09,0.00013945205479452054
2024-08-12,5.07,2024-08-12,0.0001389041095890411
2024-08-13,5.06,2024-08-13,0.00013863013698630136
2024-08-14,5.07,2024-08-14,0.0001389041095890411
2024-08-15,5.09,2024-08-15,0.00013945205479452054
2024-08-16,5.08,2024-08-16,0.0001391780821917808
2024-08-17,5.08,2024-08-16,0.0001391780821917808
2024-08-18,5.08,2024-08-16,0.0001391780821917808
2024-08-19,5.06,2024-08-19,0.00013863013698630136
2024-08-20,5.04,2024-08-20,0.00013808219178082192
2024-08-21,5.02,2024-08-21,0.00013753424657534245
2024-08-22,5.04,2024-08-22,0.00013808219178082192
2024-08-23,5.01,2024-08-23,0.00013726027397260274
2024-08-24,5.01,2024-08-23,0.00013726027397260274
2024-08-25,5.01,2024-08-23,0.00013726027397260274
2024-08-26,4.98,2024-08-26,0.00013643835616438356
2024-08-27,4.98,2024-08-27,0.00013643835616438356
2024-08-28,4.96,2024-08-28,0.00013589041095890412
2024-08-29,4.98,2024-08-29,0.00013643835616438356
2024-08-30,4.98,2024-08-30,0.00013643835616438356
2024-08-31,4.98,2024-08-30,0.00013643835616438356
2024-09-01,4.98,2024-08-30,0.00013643835616438356
2024-09-02,4.98,2024-08-30,0.00013643835616438356
2024-09-03,4.97,2024-09-03,0.00013616438356164382
2024-09-04,4.96,2024-09-04,0.00013589041095890412
2024-09-05,4.94,2024-09-05,0.00013534246575342467
2024-09-06,4.93,2024-09-06,0.00013506849315068494
2024-09-07,4.93,2024-09-06,0.00013506849315068494
2024-09-08,4.93,2024-09-06,0.00013506849315068494
2024-09-09,4.89,2024-09-09,0.00013397260273972602
2024-09-10,4.85,2024-09-10,0.0001328767123287671
2024-09-11,4.89,2024-09-11,0.00013397260273972602
2024-09-12,4.85,2024-09-12,0.0001328767123287671
2024-09-13,4.78,2024-09-13,0.00013095890410958904
2024-09-14,4.78,2024-09-13,0.00013095890410958904
2024-09-15,4.78,2024-09-13,0.00013095890410958904
2024-09-16,4.75,2024-09-16,0.00013013698630136986
2024-09-17,4.75,2024-09-17,0.00013013698630136986
2024-09-18,4.65,2024-09-18,0.0001273972602739726
2024-09-19,4.61,2024-09-19,0.0001263013698630137
2024-09-20,4.56,2024-09-20,0.00012493150684931504
2024-09-21,4.56,2024-09-20,0.00012493150684931504
2024-09-22,4.56,2024-09-20,0.00012493150684931504
2024-09-23,4.53,2024-09-23,0.0001241095890410959
2024-09-24,4.5,2024-09-24,0.0001232876712328767
2024-09-25,4.51,2024-09-25,0.00012356164383561644
2024-09-26,4.5,2024-09-26,0.0001232876712328767
2024-09-27,4.5,2024-09-27,0.0001232876712328767
2024-09-28,4.5,2024-09-27,0.0001232876712328767
2024-09-29,4.5,2024-09-27,0.0001232876712328767
2024-09-30,4.52,2024-09-30,0.00012383561643835615
2024-10-01,4.5,2024-10-01,0.0001232876712328767
2024-10-02,4.48,2024-10-02,0.00012273972602739726
2024-10-03,4.48,2024-10-03,0.00012273972602739726
2024-10-04,4.53,2024-10-04,0.0001241095890410959
2024-10-05,4.53,2024-10-04,0.0001241095890410959
2024-10-06,4.53,2024-10-04,0.0001241095890410959
2024-10-07,4.55,2024-10-07,0.00012465753424657533
2024-10-08,4.53,2024-10-08,0.0001241095890410959
2024-10-09,4.54,2024-10-09,0.00012438356164383562
2024-10-10,4.54,2024-10-10,0.00012438356164383562
2024-10-11,4.53,2024-10-11,0.0001241095890410959
2024-10-12,4.53,2024-10-11,0.0001241095890410959
2024-10-13,4.53,2024-10-11,0.0001241095890410959
2024-10-14,4.53,2024-10-11,0.0001241095890410959
2024-10-15,4.52,2024-10-15,0.00012383561643835615
2024-10-16,4.51,2024-10-16,0.00012356164383561644
2024-10-17,4.54,2024-10-17,0.00012438356164383562
2024-10-18,4.53,2024-10-18,0.0001241095890410959
2024-10-19,4.53,2024-10-18,0.0001241095890410959
2024-10-20,4.53,2024-10-18,0.0001241095890410959
2024-10-21,4.51,2024-10-21,0.00012356164383561644
2024-10-22,4.51,2024-10-22,0.00012356164383561644
2024-10-23,4.52,2024-10-23,0.00012383561643835615
2024-10-24,4.5,2024-10-24,0.0001232876712328767
2024-10-25,4.52,2024-10-25,0.00012383561643835615
2024-10-26,4.52,2024-10-25,0.00012383561643835615
2024-10-27,4.52,2024-10-25,0.00012383561643835615
2024-10-28,4.49,2024-10-28,0.000123013698630137
2024-10-29,4.49,2024-10-29,0.000123013698630137
2024-10-30,4.47,2024-10-30,0.00012246575342465753
2024-10-31,4.44,2024-10-31,0.00012164383561643836
2024-11-01,4.41,2024-11-01,0.00012082191780821918
2024-11-02,4.41,2024-11-01,0.00012082191780821918
2024-11-03,4.41,2024-11-01,0.00012082191780821918
2024-11-04,4.44,2024-11-04,0.00012164383561643836
2024-11-05,4.43,2024-11-05,0.00012136986301369863
2024-11-06,4.44,2024-11-06,0.00012164383561643836
2024-11-07,4.43,2024-11-07,0.00012136986301369863
2024-11-08,4.43,2024-11-08,0.00012136986301369863
2024-11-09,4.43,2024-11-08,0.00012136986301369863
2024-11-10,4.43,2024-11-08,0.00012136986301369863
2024-11-11,4.43,2024-11-08,0.00012136986301369863
2024-11-12,4.43,2024-11-12,0.00012136986301369863
2024-11-13,4.4,2024-11-13,0.00012054794520547946
2024-11-14,4.41,2024-11-14,0.00012082191780821918
2024-11-15,4.41,2024-11-15,0.00012082191780821918
2024-11-16,4.41,2024-11-15,0.00012082191780821918
2024-11-17,4.41,2024-11-15,0.00012082191780821918
2024-11-18,4.42,2024-11-18,0.00012109589041095889
2024-11-19,4.41,2024-11-19,0.00012082191780821918
2024-11-20,4.42,2024-11-20,0.00012109589041095889
2024-11-21,4.43,2024-11-21,0.00012136986301369863
2024-11-22,4.43,2024-11-22,0.00012136986301369863
2024-11-23,4.43,2024-11-22,0.00012136986301369863
2024-11-24,4.43,2024-11-22,0.00012136986301369863
2024-11-25,4.42,2024-11-25,0.00012109589041095889
2024-11-26,4.4,2024-11-26,0.00012054794520547946
2024-11-27,4.4,2024-11-27,0.00012054794520547946
2024-11-28,4.4,2024-11-27,0.00012054794520547946
2024-11-29,4.39,2024-11-29,0.00012027397260273971
2024-11-30,4.39,2024-11-29,0.00012027397260273971
2024-12-01,4.39,2024-11-29,0.00012027397260273971
2024-12-02,4.38,2024-12-02,0.00012
2024-12-03,4.36,2024-12-03,0.00011945205479452055
2024-12-04,4.35,2024-12-04,0.00011917808219178081
2024-12-05,4.34,2024-12-05,0.0001189041095890411
2024-12-06,4.31,2024-12-06,0.00011808219178082192
2024-12-07,4.31,2024-12-06,0.00011808219178082192
2024-12-08,4.31,2024-12-06,0.00011808219178082192
2024-12-09,4.3,2024-12-09,0.00011780821917808219
2024-12-10,4.29,2024-12-10,0.00011753424657534246
2024-12-11,4.26,2024-12-11,0.00011671232876712328
2024-12-12,4.23,2024-12-12,0.00011589041095890412
2024-12-13,4.23,2024-12-13,0.00011589041095890412
2024-12-14,4.23,2024-12-13,0.00011589041095890412
2024-12-15,4.23,2024-12-13,0.00011589041095890412
2024-12-16,4.25,2024-12-16,0.00011643835616438358
2024-12-17,4.26,2024-12-17,0.00011671232876712328
2024-12-18,4.25,2024-12-18,0.00011643835616438358
2024-12-19,4.23,2024-12-19,0.00011589041095890412
2024-12-20,4.23,2024-12-20,0.00011589041095890412
2024-12-21,4.23,2024-12-20,0.00011589041095890412
2024-12-22,4.23,2024-12-20,0.00011589041095890412
2024-12-23,4.24,2024-12-23,0.00011616438356164384
2024-12-24,4.28,2024-12-24,0.00011726027397260275
2024-12-25,4.28,2024-12-24,0.00011726027397260275
2024-12-26,4.24,2024-12-26,0.00011616438356164384
2024-12-27,4.19,2024-12-27,0.00011479452054794523
2024-12-28,4.19,2024-12-27,0.00011479452054794523
2024-12-29,4.19,2024-12-27,0.00011479452054794523
2024-12-30,4.23,2024-12-30,0.00011589041095890412
2024-12-31,4.23,2024-12-31,0.00011589041095890412
2025-01-01,4.23,2024-12-31,0.00011589041095890412
2025-01-02,4.22,2025-01-02,0.00011561643835616437
2025-01-03,4.2,2025-01-03,0.00011506849315068494
2025-01-04,4.2,2025-01-03,0.00011506849315068494
2025-01-05,4.2,2025-01-03,0.00011506849315068494
2025-01-06,4.21,2025-01-06,0.00011534246575342466
2025-01-07,4.21,2025-01-07,0.00011534246575342466
2025-01-08,4.21,2025-01-08,0.00011534246575342466
2025-01-09,4.21,2025-01-09,0.00011534246575342466
2025-01-10,4.22,2025-01-10,0.00011561643835616437
2025-01-11,4.22,2025-01-10,0.00011561643835616437
2025-01-12,4.22,2025-01-10,0.00011561643835616437
2025-01-13,4.23,2025-01-13,0.00011589041095890412
2025-01-14,4.22,2025-01-14,0.00011561643835616437
2025-01-15,4.21,2025-01-15,0.00011534246575342466
2025-01-16,4.21,2025-01-16,0.00011534246575342466
2025-01-17,4.2,2025-01-17,0.00011506849315068494
2025-01-18,4.2,2025-01-17,0.00011506849315068494
2025-01-19,4.2,2025-01-17,0.00011506849315068494
2025-01-20,4.2,2025-01-17,0.00011506849315068494
2025-01-21,4.22,2025-01-21,0.00011561643835616437
2025-01-22,4.22,2025-01-22,0.00011561643835616437
2025-01-23,4.22,2025-01-23,0.00011561643835616437
2025-01-24,4.21,2025-01-24,0.00011534246575342466
2025-01-25,4.21,2025-01-24,0.00011534246575342466
2025-01-26,4.21,2025-01-24,0.00011534246575342466
2025-01-27,4.2,2025-01-27,0.00011506849315068494
2025-01-28,4.2,2025-01-28,0.00011506849315068494
2025-01-29,4.2,2025-01-29,0.00011506849315068494
2025-01-30,4.19,2025-01-30,0.00011479452054794523
2025-01-31,4.2,2025-01-31,0.00011506849315068494
2025-02-01,4.2,2025-01-31,0.00011506849315068494
2025-02-02,4.2,2025-01-31,0.00011506849315068494
2025-02-03,4.22,2025-02-03,0.00011561643835616437
2025-02-04,4.22,2025-02-04,0.00011561643835616437
2025-02-05,4.22,2025-02-05,0.00011561643835616437
2025-02-06,4.22,2025-02-06,0.00011561643835616437
2025-02-07,4.24,2025-02-07,0.00011616438356164384
2025-02-08,4.24,2025-02-07,0.00011616438356164384
2025-02-09,4.24,2025-02-07,0.00011616438356164384
2025-02-10,4.23,2025-02-10,0.00011589041095890412
2025-02-11,4.23,2025-02-11,0.00011589041095890412
2025-02-12,4.23,2025-02-12,0.00011589041095890412
2025-02-13,4.22,2025-02-13,0.00011561643835616437
2025-02-14,4.22,2025-02-14,0.00011561643835616437
2025-02-15,4.22,2025-02-14,0.00011561643835616437
2025-02-16,4.22,2025-02-14,0.00011561643835616437
2025-02-17,4.22,2025-02-14,0.00011561643835616437
2025-02-18,4.23,2025-02-18,0.00011589041095890412
2025-02-19,4.22,2025-02-19,0.00011561643835616437
2025-02-20,4.21,2025-02-20,0.00011534246575342466
2025-02-21,4.21,2025-02-21,0.00011534246575342466
2025-02-22,4.21,2025-02-21,0.00011534246575342466
2025-02-23,4.21,2025-02-21,0.00011534246575342466
2025-02-24,4.19,2025-02-24,0.00011479452054794523
2025-02-25,4.19,2025-02-25,0.00011479452054794523
2025-02-26,4.2,2025-02-26,0.00011506849315068494
2025-02-27,4.2,2025-02-27,0.00011506849315068494
2025-02-28,4.2,2025-02-28,0.00011506849315068494
2025-03-01,4.2,2025-02-28,0.00011506849315068494
2025-03-02,4.2,2025-02-28,0.00011506849315068494
2025-03-03,4.21,2025-03-03,0.00011534246575342466
2025-03-04,4.2,2025-03-04,0.00011506849315068494
2025-03-05,4.21,2025-03-05,0.00011534246575342466
2025-03-06,4.2,2025-03-06,0.00011506849315068494
2025-03-07,4.2,2025-03-07,0.00011506849315068494
2025-03-08,4.2,2025-03-07,0.00011506849315068494
2025-03-09,4.2,2025-03-07,0.00011506849315068494
2025-03-10,4.19,2025-03-10,0.00011479452054794523
2025-03-11,4.2,2025-03-11,0.00011506849315068494
2025-03-12,4.21,2025-03-12,0.00011534246575342466
2025-03-13,4.2,2025-03-13,0.00011506849315068494
2025-03-14,4.2,2025-03-14,0.00011506849315068494
2025-03-15,4.2,2025-03-14,0.00011506849315068494
2025-03-16,4.2,2025-03-14,0.00011506849315068494
2025-03-17,4.2,2025-03-17,0.00011506849315068494
2025-03-18,4.2,2025-03-18,0.00011506849315068494
2025-03-19,4.2,2025-03-19,0.00011506849315068494
2025-03-20,4.19,2025-03-20,0.00011479452054794523
2025-03-21,4.19,2025-03-21,0.00011479452054794523
2025-03-22,4.19,2025-03-21,0.00011479452054794523
2025-03-23,4.19,2025-03-21,0.00011479452054794523
2025-03-24,4.19,2025-03-24,0.00011479452054794523
2025-03-25,4.19,2025-03-25,0.00011479452054794523
2025-03-26,4.2,2025-03-26,0.00011506849315068494
2025-03-27,4.2,2025-03-27,0.00011506849315068494
2025-03-28,4.2,2025-03-28,0.00011506849315068494
2025-03-29,4.2,2025-03-28,0.00011506849315068494
2025-03-30,4.2,2025-03-28,0.00011506849315068494
2025-03-31,4.21,2025-03-31,0.00011534246575342466
2025-04-01,4.2,2025-04-01,0.00011506849315068494
2025-04-02,4.21,2025-04-02,0.00011534246575342466
2025-04-03,4.2,2025-04-03,0.00011506849315068494
2025-04-04,4.17,2025-04-04,0.00011424657534246576
2025-04-05,4.17,2025-04-04,0.00011424657534246576
2025-04-06,4.17,2025-04-04,0.00011424657534246576
2025-04-07,4.17,2025-04-07,0.00011424657534246576
2025-04-08,4.19,2025-04-08,0.00011479452054794523
2025-04-09,4.24,2025-04-09,0.00011616438356164384
2025-04-10,4.22,2025-04-10,0.00011561643835616437
2025-04-11,4.23,2025-04-11,0.00011589041095890412
2025-04-12,4.23,2025-04-11,0.00011589041095890412
2025-04-13,4.23,2025-04-11,0.00011589041095890412
2025-04-14,4.22,2025-04-14,0.00011561643835616437
2025-04-15,4.22,2025-04-15,0.00011561643835616437
2025-04-16,4.21,2025-04-16,0.00011534246575342466
2025-04-17,4.23,2025-04-17,0.00011589041095890412
2025-04-18,4.23,2025-04-17,0.00011589041095890412
2025-04-19,4.23,2025-04-17,0.00011589041095890412
2025-04-20,4.23,2025-04-17,0.00011589041095890412
2025-04-21,4.22,2025-04-21,0.00011561643835616437
2025-04-22,4.22,2025-04-22,0.00011561643835616437
2025-04-23,4.22,2025-04-23,0.00011561643835616437
2025-04-24,4.21,2025-04-24,0.00011534246575342466
2025-04-25,4.21,2025-04-25,0.00011534246575342466
2025-04-26,4.21,2025-04-25,0.00011534246575342466
2025-04-27,4.21,2025-04-25,0.00011534246575342466
2025-04-28,4.2,2025-04-28,0.00011506849315068494
2025-04-29,4.2,2025-04-29,0.00011506849315068494
2025-04-30,4.2,2025-04-30,0.00011506849315068494
2025-05-01,4.2,2025-05-01,0.00011506849315068494
2025-05-02,4.22,2025-05-02,0.00011561643835616437
2025-05-03,4.22,2025-05-02,0.00011561643835616437
2025-05-04,4.22,2025-05-02,0.00011561643835616437
2025-05-05,4.22,2025-05-05,0.00011561643835616437
2025-05-06,4.22,2025-05-06,0.00011561643835616437
2025-05-07,4.22,2025-05-07,0.00011561643835616437
2025-05-08,4.23,2025-05-08,0.00011589041095890412
2025-05-09,4.22,2025-05-09,0.00011561643835616437
2025-05-10,4.22,2025-05-09,0.00011561643835616437
2025-05-11,4.22,2025-05-09,0.00011561643835616437
2025-05-12,4.31,2025-05-12,0.00011808219178082192
2025-05-13,4.29,2025-05-13,0.00011753424657534246
2025-05-14,4.29,2025-05-14,0.00011753424657534246
2025-05-15,4.27,2025-05-15,0.000116986301369863
2025-05-16,4.25,2025-05-16,0.00011643835616438358
2025-05-17,4.25,2025-05-16,0.00011643835616438358
2025-05-18,4.25,2025-05-16,0.00011643835616438358
2025-05-19,4.28,2025-05-19,0.00011726027397260275
2025-05-20,4.26,2025-05-20,0.00011671232876712328
2025-05-21,4.24,2025-05-21,0.00011616438356164384
2025-05-22,4.25,2025-05-22,0.00011643835616438358
2025-05-23,4.24,2025-05-23,0.00011616438356164384
2025-05-24,4.24,2025-05-23,0.00011616438356164384
2025-05-25,4.24,2025-05-23,0.00011616438356164384
2025-05-26,4.24,2025-05-23,0.00011616438356164384
2025-05-27,4.24,2025-05-27,0.00011616438356164384
2025-05-28,4.24,2025-05-28,0.00011616438356164384
2025-05-29,4.25,2025-05-29,0.00011643835616438358
2025-05-30,4.25,2025-05-30,0.00011643835616438358
2025-05-31,4.25,2025-05-30,0.00011643835616438358
2025-06-01,4.25,2025-05-30,0.00011643835616438358
2025-06-02,4.25,2025-06-02,0.00011643835616438358
2025-06-03,4.24,2025-06-03,0.00011616438356164384
2025-06-04,4.25,2025-06-04,0.00011643835616438358
2025-06-05,4.25,2025-06-05,0.00011643835616438358
2025-06-06,4.25,2025-06-06,0.00011643835616438358
2025-06-07,4.25,2025-06-06,0.00011643835616438358
2025-06-08,4.25,2025-06-06,0.00011643835616438358
2025-06-09,4.25,2025-06-09,0.00011643835616438358
2025-06-10,4.26,2025-06-10,0.00011671232876712328
2025-06-11,4.26,2025-06-11,0.00011671232876712328
2025-06-12,4.27,2025-06-12,0.000116986301369863
2025-06-13,4.26,2025-06-13,0.00011671232876712328
2025-06-14,4.26,2025-06-13,0.00011671232876712328
2025-06-15,4.26,2025-06-13,0.00011671232876712328
2025-06-16,4.24,2025-06-16,0.00011616438356164384
2025-06-17,4.23,2025-06-17,0.00011589041095890412
2025-06-18,4.23,2025-06-18,0.00011589041095890412
2025-06-19,4.23,2025-06-18,0.00011589041095890412
2025-06-20,4.21,2025-06-20,0.00011534246575342466
2025-06-21,4.21,2025-06-20,0.00011534246575342466
2025-06-22,4.21,2025-06-20,0.00011534246575342466
2025-06-23,4.19,2025-06-23,0.00011479452054794523
2025-06-24,4.19,2025-06-24,0.00011479452054794523
2025-06-25,4.19,2025-06-25,0.00011479452054794523
2025-06-26,4.21,2025-06-26,0.00011534246575342466
2025-06-27,4.2,2025-06-27,0.00011506849315068494
2025-06-28,4.2,2025-06-27,0.00011506849315068494
2025-06-29,4.2,2025-06-27,0.00011506849315068494
2025-06-30,4.24,2025-06-30,0.00011616438356164384
2025-07-01,4.24,2025-07-01,0.00011616438356164384
2025-07-02,4.24,2025-07-02,0.00011616438356164384
2025-07-03,4.26,2025-07-03,0.00011671232876712328
2025-07-04,4.26,2025-07-03,0.00011671232876712328
2025-07-05,4.26,2025-07-03,0.00011671232876712328
2025-07-06,4.26,2025-07-03,0.00011671232876712328
2025-07-07,4.26,2025-07-07,0.00011671232876712328
2025-07-08,4.26,2025-07-08,0.00011671232876712328
2025-07-09,4.26,2025-07-09,0.00011671232876712328
2025-07-10,4.25,2025-07-10,0.00011643835616438358
2025-07-11,4.25,2025-07-11,0.00011643835616438358
2025-07-12,4.25,2025-07-11,0.00011643835616438358
2025-07-13,4.25,2025-07-11,0.00011643835616438358
2025-07-14,4.26,2025-07-14,0.00011671232876712328
2025-07-15,4.25,2025-07-15,0.00011643835616438358
2025-07-16,4.24,2025-07-16,0.00011616438356164384
2025-07-17,4.24,2025-07-17,0.00011616438356164384
2025-07-18,4.24,2025-07-18,0.00011616438356164384
2025-07-19,4.24,2025-07-18,0.00011616438356164384
2025-07-20,4.24,2025-07-18,0.00011616438356164384
2025-07-21,4.24,2025-07-21,0.00011616438356164384
2025-07-22,4.24,2025-07-22,0.00011616438356164384
2025-07-23,4.25,2025-07-23,0.00011643835616438358
2025-07-24,4.25,2025-07-24,0.00011643835616438358
2025-07-25,4.25,2025-07-25,0.00011643835616438358
2025-07-26,4.25,2025-07-25,0.00011643835616438358
2025-07-27,4.25,2025-07-25,0.00011643835616438358
2025-07-28,4.24,2025-07-28,0.00011616438356164384
2025-07-29,4.24,2025-07-29,0.00011616438356164384
2025-07-30,4.25,2025-07-30,0.00011643835616438358
2025-07-31,4.24,2025-07-31,0.00011616438356164384
2025-08-01,4.19,2025-08-01,0.00011479452054794523
2025-08-02,4.19,2025-08-01,0.00011479452054794523
2025-08-03,4.19,2025-08-01,0.00011479452054794523
2025-08-04,4.16,2025-08-04,0.00011397260273972602
2025-08-05,4.16,2025-08-05,0.00011397260273972602
2025-08-06,4.14,2025-08-06,0.00011342465753424658
2025-08-07,4.14,2025-08-07,0.00011342465753424658
2025-08-08,4.14,2025-08-08,0.00011342465753424658
2025-08-09,4.14,2025-08-08,0.00011342465753424658
2025-08-10,4.14,2025-08-08,0.00011342465753424658
2025-08-11,4.15,2025-08-11,0.00011369863013698631
2025-08-12,4.14,2025-08-12,0.00011342465753424658
2025-08-13,4.11,2025-08-13,0.00011260273972602741
2025-08-14,4.12,2025-08-14,0.00011287671232876712
2025-08-15,4.12,2025-08-15,0.00011287671232876712
2025-08-16,4.12,2025-08-15,0.00011287671232876712
2025-08-17,4.12,2025-08-15,0.00011287671232876712
2025-08-18,4.14,2025-08-18,0.00011342465753424658
2025-08-19,4.12,2025-08-19,0.00011287671232876712
2025-08-20,4.12,2025-08-20,0.00011287671232876712
2025-08-21,4.14,2025-08-21,0.00011342465753424658
2025-08-22,4.1,2025-08-22,0.00011232876712328766
2025-08-23,4.1,2025-08-22,0.00011232876712328766
2025-08-24,4.1,2025-08-22,0.00011232876712328766
2025-08-25,4.1,2025-08-25,0.00011232876712328766
2025-08-26,4.1,2025-08-26,0.00011232876712328766
2025-08-27,4.08,2025-08-27,0.00011178082191780823
2025-08-28,4.08,2025-08-28,0.00011178082191780823
2025-08-29,4.05,2025-08-29,0.00011095890410958904
2025-08-30,4.05,2025-08-29,0.00011095890410958904
2025-08-31,4.05,2025-08-29,0.00011095890410958904
2025-09-01,4.05,2025-08-29,0.00011095890410958904
2025-09-02,4.05,2025-09-02,0.00011095890410958904
2025-09-03,4.03,2025-09-03,0.0001104109589041096
2025-09-04,4.01,2025-09-04,0.00010986301369863012
2025-09-05,3.92,2025-09-05,0.0001073972602739726
2025-09-06,3.92,2025-09-05,0.0001073972602739726
2025-09-07,3.92,2025-09-05,0.0001073972602739726
2025-09-08,3.95,2025-09-08,0.00010821917808219178
2025-09-09,3.95,2025-09-09,0.00010821917808219178
2025-09-10,3.94,2025-09-10,0.00010794520547945205
2025-09-11,3.94,2025-09-11,0.00010794520547945205
2025-09-12,3.94,2025-09-12,0.00010794520547945205
2025-09-13,3.94,2025-09-12,0.00010794520547945205
2025-09-14,3.94,2025-09-12,0.00010794520547945205
2025-09-15,3.91,2025-09-15,0.00010712328767123289
2025-09-16,3.9,2025-09-16,0.00010684931506849315
2025-09-17,3.88,2025-09-17,0.00010630136986301371
2025-09-18,3.89,2025-09-18,0.00010657534246575343
2025-09-19,3.89,2025-09-19,0.00010657534246575343
2025-09-20,3.89,2025-09-19,0.00010657534246575343
2025-09-21,3.89,2025-09-19,0.00010657534246575343
2025-09-22,3.86,2025-09-22,0.00010575342465753424
2025-09-23,3.86,2025-09-23,0.00010575342465753424
2025-09-24,3.87,2025-09-24,0.00010602739726027397
2025-09-25,3.89,2025-09-25,0.00010657534246575343
2025-09-26,3.87,2025-09-26,0.00010602739726027397
2025-09-27,3.87,2025-09-26,0.00010602739726027397
2025-09-28,3.87,2025-09-26,0.00010602739726027397
2025-09-29,3.86,2025-09-29,0.00010575342465753424
2025-09-30,3.86,2025-09-30,0.00010575342465753424
2025-10-01,3.85,2025-10-01,0.00010547945205479451
2025-10-02,3.86,2025-10-02,0.00010575342465753424
2025-10-03,3.87,2025-10-03,0.00010602739726027397
2025-10-04,3.87,2025-10-03,0.00010602739726027397
2025-10-05,3.87,2025-10-03,0.00010602739726027397
2025-10-06,3.86,2025-10-06,0.00010575342465753424
2025-10-07,3.85,2025-10-07,0.00010547945205479451
2025-10-08,3.85,2025-10-08,0.00010547945205479451
2025-10-09,3.87,2025-10-09,0.00010602739726027397
2025-10-10,3.86,2025-10-10,0.00010575342465753424
2025-10-11,3.86,2025-10-10,0.00010575342465753424
2025-10-12,3.86,2025-10-10,0.00010575342465753424
2025-10-13,3.86,2025-10-10,0.00010575342465753424
2025-10-14,3.85,2025-10-14,0.00010547945205479451
2025-10-15,3.87,2025-10-15,0.00010602739726027397
2025-10-16,3.86,2025-10-16,0.00010575342465753424
2025-10-17,3.84,2025-10-17,0.00010520547945205478
2025-10-18,3.84,2025-10-17,0.00010520547945205478
2025-10-19,3.84,2025-10-17,0.00010520547945205478
2025-10-20,3.81,2025-10-20,0.00010438356164383563
2025-10-21,3.8,2025-10-21,0.00010410958904109589
2025-10-22,3.8,2025-10-22,0.00010410958904109589
2025-10-23,3.8,2025-10-23,0.00010410958904109589
2025-10-24,3.77,2025-10-24,0.00010328767123287671
2025-10-25,3.77,2025-10-24,0.00010328767123287671
2025-10-26,3.77,2025-10-24,0.00010328767123287671
2025-10-27,3.73,2025-10-27,0.00010219178082191781
2025-10-28,3.73,2025-10-28,0.00010219178082191781
2025-10-29,3.77,2025-10-29,0.00010328767123287671
2025-10-30,3.76,2025-10-30,0.00010301369863013698
2025-10-31,3.73,2025-10-31,0.00010219178082191781
2025-11-01,3.73,2025-10-31,0.00010219178082191781
2025-11-02,3.73,2025-10-31,0.00010219178082191781
2025-11-03,3.82,2025-11-03,0.00010465753424657533
2025-11-04,3.8,2025-11-04,0.00010410958904109589
2025-11-05,3.8,2025-11-05,0.00010410958904109589
2025-11-06,3.77,2025-11-06,0.00010328767123287671
2025-11-07,3.77,2025-11-07,0.00010328767123287671
2025-11-08,3.77,2025-11-07,0.00010328767123287671
2025-11-09,3.77,2025-11-07,0.00010328767123287671
2025-11-10,3.79,2025-11-10,0.00010383561643835617
2025-11-11,3.79,2025-11-10,0.00010383561643835617
2025-11-12,3.79,2025-11-12,0.00010383561643835617
2025-11-13,3.8,2025-11-13,0.00010410958904109589
2025-11-14,3.8,2025-11-14,0.00010410958904109589
2025-11-15,3.8,2025-11-14,0.00010410958904109589
2025-11-16,3.8,2025-11-14,0.00010410958904109589
2025-11-17,3.8,2025-11-17,0.00010410958904109589
2025-11-18,3.78,2025-11-18,0.00010356164383561643
2025-11-19,3.79,2025-11-19,0.00010383561643835617
2025-11-20,3.78,2025-11-20,0.00010356164383561643
2025-11-21,3.75,2025-11-21,0.00010273972602739725
2025-11-22,3.75,2025-11-21,0.00010273972602739725
2025-11-23,3.75,2025-11-21,0.00010273972602739725
2025-11-24,3.75,2025-11-24,0.00010273972602739725
2025-11-25,3.74,2025-11-25,0.00010246575342465754
2025-11-26,3.76,2025-11-26,0.00010301369863013698
2025-11-27,3.76,2025-11-26,0.00010301369863013698
2025-11-28,3.73,2025-11-28,0.00010219178082191781
2025-11-29,3.73,2025-11-28,0.00010219178082191781
2025-11-30,3.73,2025-11-28,0.00010219178082191781
2025-12-01,3.71,2025-12-01,0.00010164383561643836
2025-12-02,3.68,2025-12-02,0.00010082191780821917
2025-12-03,3.64,2025-12-03,9.972602739726028e-05
2025-12-04,3.63,2025-12-04,9.945205479452055e-05
2025-12-05,3.62,2025-12-05,9.917808219178082e-05
2025-12-06,3.62,2025-12-05,9.917808219178082e-05
2025-12-07,3.62,2025-12-05,9.917808219178082e-05
2025-12-08,3.64,2025-12-08,9.972602739726028e-05
2025-12-09,3.64,2025-12-09,9.972602739726028e-05
2025-12-10,3.6,2025-12-10,9.863013698630138e-05
2025-12-11,3.58,2025-12-11,9.808219178082191e-05
2025-12-12,3.54,2025-12-12,9.698630136986302e-05
2025-12-13,3.54,2025-12-12,9.698630136986302e-05
2025-12-14,3.54,2025-12-12,9.698630136986302e-05
2025-12-15,3.56,2025-12-15,9.753424657534247e-05
2025-12-16,3.56,2025-12-16,9.753424657534247e-05
2025-12-17,3.55,2025-12-17,9.726027397260273e-05
2025-12-18,3.53,2025-12-18,9.671232876712329e-05
2025-12-19,3.54,2025-12-19,9.698630136986302e-05
2025-12-20,3.54,2025-12-19,9.698630136986302e-05
2025-12-21,3.54,2025-12-19,9.698630136986302e-05
2025-12-22,3.56,2025-12-22,9.753424657534247e-05
2025-12-23,3.56,2025-12-23,9.753424657534247e-05
2025-12-24,3.6,2025-12-24,9.863013698630138e-05
2025-12-25,3.6,2025-12-24,9.863013698630138e-05
2025-12-26,3.56,2025-12-26,9.753424657534247e-05
2025-12-27,3.56,2025-12-26,9.753424657534247e-05
2025-12-28,3.56,2025-12-26,9.753424657534247e-05
2025-12-29,3.57,2025-12-29,9.780821917808217e-05
2025-12-30,3.55,2025-12-30,9.726027397260273e-05
2025-12-31,3.57,2025-12-31,9.780821917808217e-05
2026-01-01,3.57,2025-12-31,9.780821917808217e-05
2026-01-02,3.54,2026-01-02,9.698630136986302e-05
2026-01-03,3.54,2026-01-02,9.698630136986302e-05
2026-01-04,3.54,2026-01-02,9.698630136986302e-05
2026-01-05,3.54,2026-01-05,9.698630136986302e-05
2026-01-06,3.53,2026-01-06,9.671232876712329e-05
2026-01-07,3.52,2026-01-07,9.643835616438356e-05
2026-01-08,3.52,2026-01-08,9.643835616438356e-05
2026-01-09,3.52,2026-01-09,9.643835616438356e-05
2026-01-10,3.52,2026-01-09,9.643835616438356e-05
2026-01-11,3.52,2026-01-09,9.643835616438356e-05
2026-01-12,3.56,2026-01-12,9.753424657534247e-05
2026-01-13,3.57,2026-01-13,9.780821917808217e-05
2026-01-14,3.57,2026-01-14,9.780821917808217e-05
2026-01-15,3.57,2026-01-15,9.780821917808217e-05
2026-01-16,3.57,2026-01-16,9.780821917808217e-05
2026-01-17,3.57,2026-01-16,9.780821917808217e-05
2026-01-18,3.57,2026-01-16,9.780821917808217e-05
2026-01-19,3.57,2026-01-16,9.780821917808217e-05
2026-01-20,3.59,2026-01-20,9.835616438356165e-05
2026-01-21,3.59,2026-01-21,9.835616438356165e-05
2026-01-22,3.6,2026-01-22,9.863013698630138e-05
2026-01-23,3.59,2026-01-23,9.835616438356165e-05
2026-01-24,3.59,2026-01-23,9.835616438356165e-05
2026-01-25,3.59,2026-01-23,9.835616438356165e-05
2026-01-26,3.59,2026-01-26,9.835616438356165e-05
2026-01-27,3.58,2026-01-27,9.808219178082191e-05
2026-01-28,3.59,2026-01-28,9.835616438356165e-05
2026-01-29,3.59,2026-01-29,9.835616438356165e-05
2026-01-30,3.58,2026-01-30,9.808219178082191e-05
2026-01-31,3.58,2026-01-30,9.808219178082191e-05
2026-02-01,3.58,2026-01-30,9.808219178082191e-05
2026-02-02,3.6,2026-02-02,9.863013698630138e-05
2026-02-03,3.6,2026-02-03,9.863013698630138e-05
2026-02-04,3.6,2026-02-04,9.863013698630138e-05
2026-02-05,3.59,2026-02-05,9.835616438356165e-05
2026-02-06,3.6,2026-02-06,9.863013698630138e-05
2026-02-07,3.6,2026-02-06,9.863013698630138e-05
2026-02-08,3.6,2026-02-06,9.863013698630138e-05
2026-02-09,3.6,2026-02-09,9.863013698630138e-05
2026-02-10,3.6,2026-02-10,9.863013698630138e-05
2026-02-11,3.61,2026-02-11,9.89041095890411e-05
2026-02-12,3.61,2026-02-12,9.89041095890411e-05
2026-02-13,3.6,2026-02-13,9.863013698630138e-05
2026-02-14,3.6,2026-02-13,9.863013698630138e-05
2026-02-15,3.6,2026-02-13,9.863013698630138e-05
2026-02-16,3.6,2026-02-13,9.863013698630138e-05
2026-02-17,3.61,2026-02-17,9.89041095890411e-05
2026-02-18,3.61,2026-02-18,9.89041095890411e-05
2026-02-19,3.61,2026-02-19,9.89041095890411e-05
2026-02-20,3.6,2026-02-20,9.863013698630138e-05
2026-02-21,3.6,2026-02-20,9.863013698630138e-05
2026-02-22,3.6,2026-02-20,9.863013698630138e-05
2026-02-23,3.6,2026-02-23,9.863013698630138e-05
2026-02-24,3.6,2026-02-24,9.863013698630138e-05
2026-02-25,3.6,2026-02-25,9.863013698630138e-05
2026-02-26,3.6,2026-02-26,9.863013698630138e-05
2026-02-27,3.59,2026-02-27,9.835616438356165e-05
2026-02-28,3.59,2026-02-27,9.835616438356165e-05
2026-03-01,3.59,2026-02-27,9.835616438356165e-05
2026-03-02,3.61,2026-03-02,9.89041095890411e-05
2026-03-03,3.6,2026-03-03,9.863013698630138e-05
2026-03-04,3.6,2026-03-04,9.863013698630138e-05
2026-03-05,3.59,2026-03-05,9.835616438356165e-05
2026-03-06,3.58,2026-03-06,9.808219178082191e-05
2026-03-07,3.58,2026-03-06,9.808219178082191e-05
2026-03-08,3.58,2026-03-06,9.808219178082191e-05
2026-03-09,3.61,2026-03-09,9.89041095890411e-05
2026-03-10,3.6,2026-03-10,9.863013698630138e-05
2026-03-11,3.61,2026-03-11,9.89041095890411e-05
2026-03-12,3.61,2026-03-12,9.89041095890411e-05
2026-03-13,3.61,2026-03-13,9.89041095890411e-05
2026-03-14,3.61,2026-03-13,9.89041095890411e-05
2026-03-15,3.61,2026-03-13,9.89041095890411e-05
2026-03-16,3.61,2026-03-16,9.89041095890411e-05
2026-03-17,3.61,2026-03-17,9.89041095890411e-05
2026-03-18,3.62,2026-03-18,9.917808219178082e-05
2026-03-19,3.62,2026-03-19,9.917808219178082e-05
2026-03-20,3.63,2026-03-20,9.945205479452055e-05
2026-03-21,3.63,2026-03-20,9.945205479452055e-05
2026-03-22,3.63,2026-03-20,9.945205479452055e-05
2026-03-23,3.63,2026-03-23,9.945205479452055e-05
2026-03-24,3.63,2026-03-24,9.945205479452055e-05
2026-03-25,3.63,2026-03-25,9.945205479452055e-05
2026-03-26,3.63,2026-03-26,9.945205479452055e-05
2026-03-27,3.62,2026-03-27,9.917808219178082e-05
2026-03-28,3.62,2026-03-27,9.917808219178082e-05
2026-03-29,3.62,2026-03-27,9.917808219178082e-05
2026-03-30,3.62,2026-03-30,9.917808219178082e-05
2026-03-31,3.61,2026-03-31,9.89041095890411e-05
2026-04-01,3.61,2026-04-01,9.89041095890411e-05
2026-04-02,3.61,2026-04-02,9.89041095890411e-05
2026-04-03,3.62,2026-04-03,9.917808219178082e-05
2026-04-04,3.62,2026-04-03,9.917808219178082e-05
2026-04-05,3.62,2026-04-03,9.917808219178082e-05
2026-04-06,3.64,2026-04-06,9.972602739726028e-05
2026-04-07,3.62,2026-04-07,9.917808219178082e-05
2026-04-08,3.61,2026-04-08,9.89041095890411e-05
2026-04-09,3.6,2026-04-09,9.863013698630138e-05
2026-04-10,3.6,2026-04-10,9.863013698630138e-05
2026-04-11,3.6,2026-04-10,9.863013698630138e-05
2026-04-12,3.6,2026-04-10,9.863013698630138e-05
2026-04-13,3.62,2026-04-13,9.917808219178082e-05
2026-04-14,3.62,2026-04-14,9.917808219178082e-05
2026-04-15,3.62,2026-04-15,9.917808219178082e-05
2026-04-16,3.62,2026-04-16,9.917808219178082e-05
2026-04-17,3.61,2026-04-17,9.89041095890411e-05
2026-04-18,3.61,2026-04-17,9.89041095890411e-05
2026-04-19,3.61,2026-04-17,9.89041095890411e-05
2026-04-20,3.62,2026-04-20,9.917808219178082e-05
2026-04-21,3.6,2026-04-21,9.863013698630138e-05
2026-04-22,3.6,2026-04-22,9.863013698630138e-05
2026-04-23,3.6,2026-04-23,9.863013698630138e-05
2026-04-24,3.6,2026-04-24,9.863013698630138e-05
2026-04-25,3.6,2026-04-24,9.863013698630138e-05
2026-04-26,3.6,2026-04-24,9.863013698630138e-05
2026-04-27,3.6,2026-04-27,9.863013698630138e-05
2026-04-28,3.6,2026-04-28,9.863013698630138e-05
2026-04-29,3.6,2026-04-29,9.863013698630138e-05
2026-04-30,3.59,2026-04-30,9.835616438356165e-05
2026-05-01,3.59,2026-05-01,9.835616438356165e-05
2026-05-02,3.59,2026-05-01,9.835616438356165e-05
2026-05-03,3.59,2026-05-01,9.835616438356165e-05
2026-05-04,3.61,2026-05-04,9.89041095890411e-05
2026-05-05,3.61,2026-05-05,9.89041095890411e-05
2026-05-06,3.61,2026-05-06,9.89041095890411e-05
2026-05-07,3.61,2026-05-07,9.89041095890411e-05
2026-05-08,3.6,2026-05-08,9.863013698630138e-05
2026-05-09,3.6,2026-05-08,9.863013698630138e-05
2026-05-10,3.6,2026-05-08,9.863013698630138e-05
2026-05-11,3.61,2026-05-11,9.89041095890411e-05
2026-05-12,3.61,2026-05-12,9.89041095890411e-05
2026-05-13,3.61,2026-05-13,9.89041095890411e-05
2026-05-14,3.6,2026-05-14,9.863013698630138e-05
2026-05-15,3.6,2026-05-15,9.863013698630138e-05
2026-05-16,3.6,2026-05-15,9.863013698630138e-05
2026-05-17,3.6,2026-05-15,9.863013698630138e-05
2026-05-18,3.6,2026-05-18,9.863013698630138e-05
2026-05-19,3.59,2026-05-19,9.835616438356165e-05
2026-05-20,3.57,2026-05-20,9.780821917808217e-05
2026-05-21,3.59,2026-05-21,9.835616438356165e-05
2026-05-22,3.59,2026-05-22,9.835616438356165e-05
2026-05-23,3.59,2026-05-22,9.835616438356165e-05
2026-05-24,3.59,2026-05-22,9.835616438356165e-05
2026-05-25,3.59,2026-05-22,9.835616438356165e-05
2026-05-26,3.6,2026-05-26,9.863013698630138e-05
2026-05-27,3.59,2026-05-27,9.835616438356165e-05
2026-05-28,3.6,2026-05-28,9.863013698630138e-05
2026-05-29,3.6,2026-05-29,9.863013698630138e-05
2026-05-30,3.6,2026-05-29,9.863013698630138e-05
2026-05-31,3.6,2026-05-29,9.863013698630138e-05
2026-06-01,3.63,2026-06-01,9.945205479452055e-05
2026-06-02,3.63,2026-06-02,9.945205479452055e-05
2026-06-03,3.63,2026-06-03,9.945205479452055e-05
2026-06-04,3.63,2026-06-04,9.945205479452055e-05
2026-06-05,3.63,2026-06-05,9.945205479452055e-05
2026-06-06,3.63,2026-06-05,9.945205479452055e-05
2026-06-07,3.63,2026-06-05,9.945205479452055e-05
2026-06-08,3.65,2026-06-08,9.999999999999999e-05
2026-06-09,3.64,2026-06-09,9.972602739726028e-05
2026-06-10,3.64,2026-06-10,9.972602739726028e-05
2026-06-11,3.63,2026-06-11,9.945205479452055e-05
2026-06-12,3.63,2026-06-12,9.945205479452055e-05
2026-06-13,3.63,2026-06-12,9.945205479452055e-05
2026-06-14,3.63,2026-06-12,9.945205479452055e-05
2026-06-15,3.64,2026-06-15,9.972602739726028e-05
2026-06-16,3.64,2026-06-16,9.972602739726028e-05
2026-06-17,3.68,2026-06-17,0.00010082191780821917
2026-06-18,3.67,2026-06-18,0.00010054794520547945
2026-06-19,3.67,2026-06-18,0.00010054794520547945
2026-06-20,3.67,2026-06-18,0.00010054794520547945
2026-06-21,3.67,2026-06-18,0.00010054794520547945
2026-06-22,3.7,2026-06-22,0.00010136986301369864
2026-06-23,3.7,2026-06-23,0.00010136986301369864
2026-06-24,3.7,2026-06-24,0.00010136986301369864
2026-06-25,3.69,2026-06-25,0.0001010958904109589
2026-06-26,3.67,2026-06-26,0.00010054794520547945
2026-06-27,3.67,2026-06-26,0.00010054794520547945
2026-06-28,3.67,2026-06-26,0.00010054794520547945
2026-06-29,3.74,2026-06-29,0.00010246575342465754
2026-06-30,3.74,2026-06-30,0.00010246575342465754
2026-07-01,3.71,2026-07-01,0.00010164383561643836
2026-07-02,3.68,2026-07-02,0.00010082191780821917
2026-07-03,3.68,2026-07-02,0.00010082191780821917
2026-07-04,3.68,2026-07-02,0.00010082191780821917
2026-07-05,3.68,2026-07-02,0.00010082191780821917
2026-07-06,3.74,2026-07-06,0.00010246575342465754
2026-07-07,3.73,2026-07-07,0.00010219178082191781
2026-07-08,3.73,2026-07-08,0.00010219178082191781
2026-07-09,3.69,2026-07-09,0.0001010958904109589
2026-07-10,3.71,2026-07-10,0.00010164383561643836
2026-07-11,3.71,2026-07-10,0.00010164383561643836
2026-07-12,3.71,2026-07-10,0.00010164383561643836
2026-07-13,3.76,2026-07-13,0.00010301369863013698
2026-07-14,3.71,2026-07-14,0.00010164383561643836
2026-07-15,3.7,2026-07-15,0.00010136986301369864
2026-07-16,3.7,2026-07-16,0.00010136986301369864
2026-07-17,3.71,2026-07-17,0.00010164383561643836
2026-07-18,3.71,2026-07-17,0.00010164383561643836
2026-07-19,3.71,2026-07-17,0.00010164383561643836
2026-07-20,3.73,2026-07-20,0.00010219178082191781
2026-07-21,3.74,2026-07-21,0.00010246575342465754
2026-07-22,3.75,2026-07-22,0.00010273972602739725
2026-07-23,3.81,2026-07-23,0.00010438356164383563
2026-07-24,3.81,2026-07-24,0.00010438356164383563
2026-07-25,3.81,2026-07-24,0.00010438356164383563
2026-07-26,3.81,2026-07-24,0.00010438356164383563
2026-07-27,3.82,2026-07-27,0.00010465753424657533
2026-07-28,3.77,2026-07-28,0.00010328767123287671
2026-07-29,3.7,2026-07-29,0.00010136986301369864
2026-07-30,3.69,2026-07-30,0.0001010958904109589
