completion_boundary,close
2020-10-01 04:00:00,10798.18
2020-10-01 08:00:00,10824.75
2020-10-01 12:00:00,10903.16
2020-10-01 16:00:00,10716.23
2020-10-01 20:00:00,10617.74
2020-10-02 00:00:00,10619.13
2020-10-02 04:00:00,10649.06
2020-10-02 08:00:00,10490.88
2020-10-02 12:00:00,10436.63
2020-10-02 16:00:00,10512.74
2020-10-02 20:00:00,10515.04
2020-10-03 00:00:00,10570.4
2020-10-03 04:00:00,10552.24
2020-10-03 08:00:00,10527.75
2020-10-03 12:00:00,10536.65
2020-10-03 16:00:00,10541.98
2020-10-03 20:00:00,10582.62
2020-10-04 00:00:00,10542.06
2020-10-04 04:00:00,10545.49
2020-10-04 08:00:00,10612.83
2020-10-04 12:00:00,10600.75
2020-10-04 16:00:00,10591.45
2020-10-04 20:00:00,10673.26
2020-10-05 00:00:00,10666.63
2020-10-05 04:00:00,10665.88
2020-10-05 08:00:00,10686.31
2020-10-05 12:00:00,10666.53
2020-10-05 16:00:00,10726.02
2020-10-05 20:00:00,10730.78
2020-10-06 00:00:00,10792.21
2020-10-06 04:00:00,10765.29
2020-10-06 08:00:00,10711.15
2020-10-06 12:00:00,10697.33
2020-10-06 16:00:00,10735.01
2020-10-06 20:00:00,10571.36
2020-10-07 00:00:00,10599.66
2020-10-07 04:00:00,10575.51
2020-10-07 08:00:00,10618.69
2020-10-07 12:00:00,10600.41
2020-10-07 16:00:00,10629.6
2020-10-07 20:00:00,10650.34
2020-10-08 00:00:00,10666.39
2020-10-08 04:00:00,10639.8
2020-10-08 08:00:00,10592.21
2020-10-08 12:00:00,10606.17
2020-10-08 16:00:00,10896.96
2020-10-08 20:00:00,10878.83
2020-10-09 00:00:00,10925.57
2020-10-09 04:00:00,10887.19
2020-10-09 08:00:00,10894
2020-10-09 12:00:00,11050.43
2020-10-09 16:00:00,11086.58
2020-10-09 20:00:00,11034.28
2020-10-10 00:00:00,11050.64
2020-10-10 04:00:00,11412.96
2020-10-10 08:00:00,11381.3
2020-10-10 12:00:00,11317.46
2020-10-10 16:00:00,11349.2
2020-10-10 20:00:00,11351.09
2020-10-11 00:00:00,11293.22
2020-10-11 04:00:00,11332
2020-10-11 08:00:00,11350.01
2020-10-11 12:00:00,11372.5
2020-10-11 16:00:00,11405.47
2020-10-11 20:00:00,11334.02
2020-10-12 00:00:00,11369.02
2020-10-12 04:00:00,11385
2020-10-12 08:00:00,11379.34
2020-10-12 12:00:00,11244.41
2020-10-12 16:00:00,11549.38
2020-10-12 20:00:00,11546.93
2020-10-13 00:00:00,11528.25
2020-10-13 04:00:00,11458.24
2020-10-13 08:00:00,11452
2020-10-13 12:00:00,11486.36
2020-10-13 16:00:00,11385.15
2020-10-13 20:00:00,11387.83
2020-10-14 00:00:00,11420.56
2020-10-14 04:00:00,11390
2020-10-14 08:00:00,11415.04
2020-10-14 12:00:00,11362.92
2020-10-14 16:00:00,11320.76
2020-10-14 20:00:00,11342.25
2020-10-15 00:00:00,11417.89
2020-10-15 04:00:00,11378.96
2020-10-15 08:00:00,11396.83
2020-10-15 12:00:00,11315.37
2020-10-15 16:00:00,11398.22
2020-10-15 20:00:00,11520.93
2020-10-16 00:00:00,11505.12
2020-10-16 04:00:00,11507.97
2020-10-16 08:00:00,11305.87
2020-10-16 12:00:00,11369.34
2020-10-16 16:00:00,11331.19
2020-10-16 20:00:00,11308.11
2020-10-17 00:00:00,11319.32
2020-10-17 04:00:00,11363.01
2020-10-17 08:00:00,11344.98
2020-10-17 12:00:00,11343.13
2020-10-17 16:00:00,11337.54
2020-10-17 20:00:00,11342.21
2020-10-18 00:00:00,11360.2
2020-10-18 04:00:00,11368.02
2020-10-18 08:00:00,11455.4
2020-10-18 12:00:00,11420.62
2020-10-18 16:00:00,11446.68
2020-10-18 20:00:00,11432.24
2020-10-19 00:00:00,11503.14
2020-10-19 04:00:00,11416.71
2020-10-19 08:00:00,11462.39
2020-10-19 12:00:00,11477
2020-10-19 16:00:00,11800
2020-10-19 20:00:00,11689.99
2020-10-20 00:00:00,11751.47
2020-10-20 04:00:00,11741
2020-10-20 08:00:00,11735.46
2020-10-20 12:00:00,11778.86
2020-10-20 16:00:00,11926.4
2020-10-20 20:00:00,11912.35
2020-10-21 00:00:00,11909.99
2020-10-21 04:00:00,12182.31
2020-10-21 08:00:00,12198.15
2020-10-21 12:00:00,12335
2020-10-21 16:00:00,12735
2020-10-21 20:00:00,12680.75
2020-10-22 00:00:00,12780.96
2020-10-22 04:00:00,12718.26
2020-10-22 08:00:00,12751.55
2020-10-22 12:00:00,12967.01
2020-10-22 16:00:00,12930
2020-10-22 20:00:00,13072.48
2020-10-23 00:00:00,12968.52
2020-10-23 04:00:00,12960.01
2020-10-23 08:00:00,12883.62
2020-10-23 12:00:00,12968.96
2020-10-23 16:00:00,12921.09
2020-10-23 20:00:00,12918.99
2020-10-24 00:00:00,12923.07
2020-10-24 04:00:00,12967.74
2020-10-24 08:00:00,12924.79
2020-10-24 12:00:00,12990.9
2020-10-24 16:00:00,13100
2020-10-24 20:00:00,13118.24
2020-10-25 00:00:00,13111.73
2020-10-25 04:00:00,13295.5
2020-10-25 08:00:00,13027.24
2020-10-25 12:00:00,12951.73
2020-10-25 16:00:00,12940.74
2020-10-25 20:00:00,13042.16
2020-10-26 00:00:00,13028.83
2020-10-26 04:00:00,13094.53
2020-10-26 08:00:00,13037.08
2020-10-26 12:00:00,13145
2020-10-26 16:00:00,12978.41
2020-10-26 20:00:00,13004.5
2020-10-27 00:00:00,13052.19
2020-10-27 04:00:00,13083.24
2020-10-27 08:00:00,13144.58
2020-10-27 12:00:00,13449.8
2020-10-27 16:00:00,13609.24
2020-10-27 20:00:00,13656.89
2020-10-28 00:00:00,13636.17
2020-10-28 04:00:00,13779.99
2020-10-28 08:00:00,13664.37
2020-10-28 12:00:00,13318.33
2020-10-28 16:00:00,13221.26
2020-10-28 20:00:00,13165.31
2020-10-29 00:00:00,13266.4
2020-10-29 04:00:00,13280.99
2020-10-29 08:00:00,13138.87
2020-10-29 12:00:00,13052.06
2020-10-29 16:00:00,13436.95
2020-10-29 20:00:00,13492.51
2020-10-30 00:00:00,13455.7
2020-10-30 04:00:00,13432.34
2020-10-30 08:00:00,13218.96
2020-10-30 12:00:00,13347.79
2020-10-30 16:00:00,13549.98
2020-10-30 20:00:00,13536.44
2020-10-31 00:00:00,13560.1
2020-10-31 04:00:00,13491.54
2020-10-31 08:00:00,13576.14
2020-10-31 12:00:00,13940
2020-10-31 16:00:00,13852.02
2020-10-31 20:00:00,13781.87
2020-11-01 00:00:00,13791
2020-11-01 04:00:00,13690.01
2020-11-01 08:00:00,13792.51
2020-11-01 12:00:00,13696.58
2020-11-01 16:00:00,13800.01
2020-11-01 20:00:00,13789.88
2020-11-02 00:00:00,13761.5
2020-11-02 04:00:00,13697.54
2020-11-02 08:00:00,13740.99
2020-11-02 12:00:00,13402.18
2020-11-02 16:00:00,13499
2020-11-02 20:00:00,13553.65
2020-11-03 00:00:00,13549.37
2020-11-03 04:00:00,13391.96
2020-11-03 08:00:00,13444.3
2020-11-03 12:00:00,13532.14
2020-11-03 16:00:00,13710.38
2020-11-03 20:00:00,13721.27
2020-11-04 00:00:00,14023.53
2020-11-04 04:00:00,13897.51
2020-11-04 08:00:00,13600.46
2020-11-04 12:00:00,13720.99
2020-11-04 16:00:00,13911.47
2020-11-04 20:00:00,14102.26
2020-11-05 00:00:00,14144.01
2020-11-05 04:00:00,14311.29
2020-11-05 08:00:00,14475.87
2020-11-05 12:00:00,14717.6
2020-11-05 16:00:00,15080.26
2020-11-05 20:00:00,15120.88
2020-11-06 00:00:00,15590.02
2020-11-06 04:00:00,15430.48
2020-11-06 08:00:00,15733.3
2020-11-06 12:00:00,15572.36
2020-11-06 16:00:00,15411.27
2020-11-06 20:00:00,15435.99
2020-11-07 00:00:00,15579.92
2020-11-07 04:00:00,15545.2
2020-11-07 08:00:00,15444.41
2020-11-07 12:00:00,15515.95
2020-11-07 16:00:00,15337.91
2020-11-07 20:00:00,14643.52
2020-11-08 00:00:00,14818.3
2020-11-08 04:00:00,14957.41
2020-11-08 08:00:00,14931.53
2020-11-08 12:00:00,15171
2020-11-08 16:00:00,15353.48
2020-11-08 20:00:00,15339.47
2020-11-09 00:00:00,15475.1
2020-11-09 04:00:00,15434.08
2020-11-09 08:00:00,15303.26
2020-11-09 12:00:00,15802.39
2020-11-09 16:00:00,15000.96
2020-11-09 20:00:00,15360
2020-11-10 00:00:00,15328.41
2020-11-10 04:00:00,15334.91
2020-11-10 08:00:00,15274.74
2020-11-10 12:00:00,15279.24
2020-11-10 16:00:00,15167.49
2020-11-10 20:00:00,15297.94
2020-11-11 00:00:00,15297.21
2020-11-11 04:00:00,15401.9
2020-11-11 08:00:00,15400.51
2020-11-11 12:00:00,15574.48
2020-11-11 16:00:00,15667.27
2020-11-11 20:00:00,15807.58
2020-11-12 00:00:00,15684.24
2020-11-12 04:00:00,15628.14
2020-11-12 08:00:00,15862.75
2020-11-12 12:00:00,15762.55
2020-11-12 16:00:00,16125.01
2020-11-12 20:00:00,16063.81
2020-11-13 00:00:00,16291.86
2020-11-13 04:00:00,16432.99
2020-11-13 08:00:00,16253.3
2020-11-13 12:00:00,16225
2020-11-13 16:00:00,16100.17
2020-11-13 20:00:00,16282
2020-11-14 00:00:00,16320.7
2020-11-14 04:00:00,16178.62
2020-11-14 08:00:00,16089
2020-11-14 12:00:00,15925.44
2020-11-14 16:00:00,15951.92
2020-11-14 20:00:00,15881.33
2020-11-15 00:00:00,16070.45
2020-11-15 04:00:00,15929.47
2020-11-15 08:00:00,16030.9
2020-11-15 12:00:00,15953.72
2020-11-15 16:00:00,16027.19
2020-11-15 20:00:00,15855.29
2020-11-16 00:00:00,15957
2020-11-16 04:00:00,16006.5
2020-11-16 08:00:00,16235.71
2020-11-16 12:00:00,16235.68
2020-11-16 16:00:00,16450
2020-11-16 20:00:00,16779.01
2020-11-17 00:00:00,16713.57
2020-11-17 04:00:00,16573.58
2020-11-17 08:00:00,16750
2020-11-17 12:00:00,16995.06
2020-11-17 16:00:00,17322.19
2020-11-17 20:00:00,17685.22
2020-11-18 00:00:00,17659.38
2020-11-18 04:00:00,18030.71
2020-11-18 08:00:00,18063.7
2020-11-18 12:00:00,18249.99
2020-11-18 16:00:00,17873.88
2020-11-18 20:00:00,17659.9
2020-11-19 00:00:00,17776.12
2020-11-19 04:00:00,17915.46
2020-11-19 08:00:00,17649.94
2020-11-19 12:00:00,17765.33
2020-11-19 16:00:00,18045
2020-11-19 20:00:00,17955.8
2020-11-20 00:00:00,17802.82
2020-11-20 04:00:00,17955.06
2020-11-20 08:00:00,18212
2020-11-20 12:00:00,18263.5
2020-11-20 16:00:00,18668.56
2020-11-20 20:00:00,18627.38
2020-11-21 00:00:00,18655.67
2020-11-21 04:00:00,18659.48
2020-11-21 08:00:00,18669.99
2020-11-21 12:00:00,18531.06
2020-11-21 16:00:00,18790.01
2020-11-21 20:00:00,18679.97
2020-11-22 00:00:00,18703.8
2020-11-22 04:00:00,18559.91
2020-11-22 08:00:00,18498.31
2020-11-22 12:00:00,17887.82
2020-11-22 16:00:00,18295.4
2020-11-22 20:00:00,18573.58
2020-11-23 00:00:00,18414.43
2020-11-23 04:00:00,18369
2020-11-23 08:00:00,18458.13
2020-11-23 12:00:00,18567.7
2020-11-23 16:00:00,18261.86
2020-11-23 20:00:00,18444.44
2020-11-24 00:00:00,18368
2020-11-24 04:00:00,18338.52
2020-11-24 08:00:00,18369.36
2020-11-24 12:00:00,19064.99
2020-11-24 16:00:00,19358.57
2020-11-24 20:00:00,19160.01
2020-11-25 00:00:00,19160.01
2020-11-25 04:00:00,18808.03
2020-11-25 08:00:00,18975.13
2020-11-25 12:00:00,19281.55
2020-11-25 16:00:00,19126.84
2020-11-25 20:00:00,18981.29
2020-11-26 00:00:00,18719.11
2020-11-26 04:00:00,17927.98
2020-11-26 08:00:00,17619.9
2020-11-26 12:00:00,17100
2020-11-26 16:00:00,16905.18
2020-11-26 20:00:00,16516.87
2020-11-27 00:00:00,17149.47
2020-11-27 04:00:00,17078.11
2020-11-27 08:00:00,17094.18
2020-11-27 12:00:00,16789.37
2020-11-27 16:00:00,16498.85
2020-11-27 20:00:00,16803.14
2020-11-28 00:00:00,17139.52
2020-11-28 04:00:00,16990.27
2020-11-28 08:00:00,17014.72
2020-11-28 12:00:00,17160.29
2020-11-28 16:00:00,17517.04
2020-11-28 20:00:00,17814.5
2020-11-29 00:00:00,17719.85
2020-11-29 04:00:00,17867.48
2020-11-29 08:00:00,17817.34
2020-11-29 12:00:00,18090.44
2020-11-29 16:00:00,18119.97
2020-11-29 20:00:00,18042.86
2020-11-30 00:00:00,18184.99
2020-11-30 04:00:00,18579.5
2020-11-30 08:00:00,18623
2020-11-30 12:00:00,18600.95
2020-11-30 16:00:00,19291.88
2020-11-30 20:00:00,19259.98
2020-12-01 00:00:00,19695.87
2020-12-01 04:00:00,19419.74
2020-12-01 08:00:00,19515.63
2020-12-01 12:00:00,19425
2020-12-01 16:00:00,19263.37
2020-12-01 20:00:00,19069.79
2020-12-02 00:00:00,18764.96
2020-12-02 04:00:00,18618.25
2020-12-02 08:00:00,19124.48
2020-12-02 12:00:00,19127.31
2020-12-02 16:00:00,18891.57
2020-12-02 20:00:00,19101.1
2020-12-03 00:00:00,19204.09
2020-12-03 04:00:00,19087
2020-12-03 08:00:00,19208.11
2020-12-03 12:00:00,19396.5
2020-12-03 16:00:00,19535
2020-12-03 20:00:00,19414.29
2020-12-04 00:00:00,19421.9
2020-12-04 04:00:00,19162.62
2020-12-04 08:00:00,19283.94
2020-12-04 12:00:00,18833.25
2020-12-04 16:00:00,18943.35
2020-12-04 20:00:00,19038.73
2020-12-05 00:00:00,18650.52
2020-12-05 04:00:00,18818.85
2020-12-05 08:00:00,18911.31
2020-12-05 12:00:00,19013.43
2020-12-05 16:00:00,19110.78
2020-12-05 20:00:00,19119.19
2020-12-06 00:00:00,19147.66
2020-12-06 04:00:00,19183.39
2020-12-06 08:00:00,19230.99
2020-12-06 12:00:00,19089.16
2020-12-06 16:00:00,19125.83
2020-12-06 20:00:00,19132.62
2020-12-07 00:00:00,19359.4
2020-12-07 04:00:00,19282.68
2020-12-07 08:00:00,19371.3
2020-12-07 12:00:00,19103.58
2020-12-07 16:00:00,19213.9
2020-12-07 20:00:00,18967.01
2020-12-08 00:00:00,19166.9
2020-12-08 04:00:00,19154.73
2020-12-08 08:00:00,19143.1
2020-12-08 12:00:00,18762.96
2020-12-08 16:00:00,18809.91
2020-12-08 20:00:00,18795.74
2020-12-09 00:00:00,18324.11
2020-12-09 04:00:00,18300.01
2020-12-09 08:00:00,17924.07
2020-12-09 12:00:00,18244.95
2020-12-09 16:00:00,18349.5
2020-12-09 20:00:00,18260.03
2020-12-10 00:00:00,18541.28
2020-12-10 04:00:00,18409.77
2020-12-10 08:00:00,18335.91
2020-12-10 12:00:00,18192.49
2020-12-10 16:00:00,18134.08
2020-12-10 20:00:00,18403.1
2020-12-11 00:00:00,18254.63
2020-12-11 04:00:00,17990.88
2020-12-11 08:00:00,17811.95
2020-12-11 12:00:00,17647.71
2020-12-11 16:00:00,18104.74
2020-12-11 20:00:00,17977
2020-12-12 00:00:00,18036.53
2020-12-12 04:00:00,18282.02
2020-12-12 08:00:00,18380.85
2020-12-12 12:00:00,18506.1
2020-12-12 16:00:00,18399.01
2020-12-12 20:00:00,18805.29
2020-12-13 00:00:00,18808.69
2020-12-13 04:00:00,18784.42
2020-12-13 08:00:00,19247.68
2020-12-13 12:00:00,19316.81
2020-12-13 16:00:00,19211.34
2020-12-13 20:00:00,19193.78
2020-12-14 00:00:00,19174.99
2020-12-14 04:00:00,19260.68
2020-12-14 08:00:00,19155.8
2020-12-14 12:00:00,19106.44
2020-12-14 16:00:00,19200.07
2020-12-14 20:00:00,19175.88
2020-12-15 00:00:00,19273.14
2020-12-15 04:00:00,19479.7
2020-12-15 08:00:00,19197.6
2020-12-15 12:00:00,19293.54
2020-12-15 16:00:00,19403.31
2020-12-15 20:00:00,19530.38
2020-12-16 00:00:00,19426.43
2020-12-16 04:00:00,19346.52
2020-12-16 08:00:00,19423.96
2020-12-16 12:00:00,19739.78
2020-12-16 16:00:00,20661.37
2020-12-16 20:00:00,20736.87
2020-12-17 00:00:00,21335.52
2020-12-17 04:00:00,21753.26
2020-12-17 08:00:00,22478.76
2020-12-17 12:00:00,22752.16
2020-12-17 16:00:00,23333.8
2020-12-17 20:00:00,22899.08
2020-12-18 00:00:00,22797.16
2020-12-18 04:00:00,22811.59
2020-12-18 08:00:00,23055.98
2020-12-18 12:00:00,22886.17
2020-12-18 16:00:00,22549
2020-12-18 20:00:00,22762.28
2020-12-19 00:00:00,23107.39
2020-12-19 04:00:00,23098.04
2020-12-19 08:00:00,22853.75
2020-12-19 12:00:00,22888.54
2020-12-19 16:00:00,23552.01
2020-12-19 20:00:00,23791.91
2020-12-20 00:00:00,23821.61
2020-12-20 04:00:00,23346.48
2020-12-20 08:00:00,23628.88
2020-12-20 12:00:00,23553.02
2020-12-20 16:00:00,23868.09
2020-12-20 20:00:00,23930
2020-12-21 00:00:00,23455.52
2020-12-21 04:00:00,23945.29
2020-12-21 08:00:00,23980
2020-12-21 12:00:00,22645.85
2020-12-21 16:00:00,22681.32
2020-12-21 20:00:00,22816.62
2020-12-22 00:00:00,22719.71
2020-12-22 04:00:00,22851.2
2020-12-22 08:00:00,22655.83
2020-12-22 12:00:00,23119.48
2020-12-22 16:00:00,23342.58
2020-12-22 20:00:00,23404.27
2020-12-23 00:00:00,23810.79
2020-12-23 04:00:00,23706.72
2020-12-23 08:00:00,23555.73
2020-12-23 12:00:00,23064.01
2020-12-23 16:00:00,23449.66
2020-12-23 20:00:00,23556.91
2020-12-24 00:00:00,23232.76
2020-12-24 04:00:00,22894.28
2020-12-24 08:00:00,23173.38
2020-12-24 12:00:00,23218.68
2020-12-24 16:00:00,23232.12
2020-12-24 20:00:00,23287.15
2020-12-25 00:00:00,23729.2
2020-12-25 04:00:00,23481.21
2020-12-25 08:00:00,23649.82
2020-12-25 12:00:00,24574.4
2020-12-25 16:00:00,24025.13
2020-12-25 20:00:00,24449.66
2020-12-26 00:00:00,24712.47
2020-12-26 04:00:00,24909.79
2020-12-26 08:00:00,24784.48
2020-12-26 12:00:00,24834.36
2020-12-26 16:00:00,25629.99
2020-12-26 20:00:00,25931.02
2020-12-27 00:00:00,26493.39
2020-12-27 04:00:00,26568.08
2020-12-27 08:00:00,27639.38
2020-12-27 12:00:00,27646.48
2020-12-27 16:00:00,27359.62
2020-12-27 20:00:00,27081.67
2020-12-28 00:00:00,26281.66
2020-12-28 04:00:00,27275.65
2020-12-28 08:00:00,27001.31
2020-12-28 12:00:00,26859.07
2020-12-28 16:00:00,26916.32
2020-12-28 20:00:00,26996.74
2020-12-29 00:00:00,27079.41
2020-12-29 04:00:00,26444.6
2020-12-29 08:00:00,26435.63
2020-12-29 12:00:00,26876.4
2020-12-29 16:00:00,26614.97
2020-12-29 20:00:00,26931.62
2020-12-30 00:00:00,27385
2020-12-30 04:00:00,28065.54
2020-12-30 08:00:00,28386.62
2020-12-30 12:00:00,27838.82
2020-12-30 16:00:00,28153.76
2020-12-30 20:00:00,28776.46
2020-12-31 00:00:00,28875.54
2020-12-31 04:00:00,29024
2020-12-31 08:00:00,29155.25
2020-12-31 12:00:00,28910.3
2020-12-31 16:00:00,28770
2020-12-31 20:00:00,28897.83
2021-01-01 00:00:00,28923.63
2021-01-01 04:00:00,29278.4
2021-01-01 08:00:00,29092.83
2021-01-01 12:00:00,29313.49
2021-01-01 16:00:00,29188.67
2021-01-01 20:00:00,29029.04
2021-01-02 00:00:00,29331.69
2021-01-02 04:00:00,29351.95
2021-01-02 08:00:00,29750
2021-01-02 12:00:00,29755
2021-01-02 16:00:00,31691.29
2021-01-02 20:00:00,33027.2
2021-01-03 00:00:00,32178.33
2021-01-03 04:00:00,32573.87
2021-01-03 08:00:00,34452.34
2021-01-03 12:00:00,34413.53
2021-01-03 16:00:00,33506.62
2021-01-03 20:00:00,32772.21
2021-01-04 00:00:00,33000.05
2021-01-04 04:00:00,33505.16
2021-01-04 08:00:00,32068.84
2021-01-04 12:00:00,30743.06
2021-01-04 16:00:00,31745.72
2021-01-04 20:00:00,31665.51
2021-01-05 00:00:00,31988.71
2021-01-05 04:00:00,31200
2021-01-05 08:00:00,30817.77
2021-01-05 12:00:00,31776.66
2021-01-05 16:00:00,32099.98
2021-01-05 20:00:00,33697.75
2021-01-06 00:00:00,33949.53
2021-01-06 04:00:00,34117.59
2021-01-06 08:00:00,34676.4
2021-01-06 12:00:00,34918.53
2021-01-06 16:00:00,34566.19
2021-01-06 20:00:00,34816.72
2021-01-07 00:00:00,36769.36
2021-01-07 04:00:00,37454.48
2021-01-07 08:00:00,36859.85
2021-01-07 12:00:00,37822.09
2021-01-07 16:00:00,38970.42
2021-01-07 20:00:00,39062
2021-01-08 00:00:00,39432.28
2021-01-08 04:00:00,38347.1
2021-01-08 08:00:00,38930.55
2021-01-08 12:00:00,41286.67
2021-01-08 16:00:00,40829.08
2021-01-08 20:00:00,40365.09
2021-01-09 00:00:00,40582.81
2021-01-09 04:00:00,40211.59
2021-01-09 08:00:00,39638.61
2021-01-09 12:00:00,40565.77
2021-01-09 16:00:00,40525.15
2021-01-09 20:00:00,40665.91
2021-01-10 00:00:00,40088.22
2021-01-10 04:00:00,40316.64
2021-01-10 08:00:00,40978.57
2021-01-10 12:00:00,39181.76
2021-01-10 16:00:00,39671.81
2021-01-10 20:00:00,37456.77
2021-01-11 00:00:00,38150.02
2021-01-11 04:00:00,35438.23
2021-01-11 08:00:00,34375.34
2021-01-11 12:00:00,34198.56
2021-01-11 16:00:00,31580
2021-01-11 20:00:00,32254.62
2021-01-12 00:00:00,35404.47
2021-01-12 04:00:00,34984.96
2021-01-12 08:00:00,36413.6
2021-01-12 12:00:00,35410.99
2021-01-12 16:00:00,33829.4
2021-01-12 20:00:00,34685.11
2021-01-13 00:00:00,34051.24
2021-01-13 04:00:00,33818.5
2021-01-13 08:00:00,34986.9
2021-01-13 12:00:00,34385.48
2021-01-13 16:00:00,34673.9
2021-01-13 20:00:00,36002.25
2021-01-14 00:00:00,37371.38
2021-01-14 04:00:00,37045.13
2021-01-14 08:00:00,38198.34
2021-01-14 12:00:00,38365.86
2021-01-14 16:00:00,39546.01
2021-01-14 20:00:00,39876.98
2021-01-15 00:00:00,39144.5
2021-01-15 04:00:00,38700
2021-01-15 08:00:00,38473.08
2021-01-15 12:00:00,38108.88
2021-01-15 16:00:00,35610.72
2021-01-15 20:00:00,35217.26
2021-01-16 00:00:00,36742.22
2021-01-16 04:00:00,36532.92
2021-01-16 08:00:00,36574.86
2021-01-16 12:00:00,37680
2021-01-16 16:00:00,37461.99
2021-01-16 20:00:00,36376.39
2021-01-17 00:00:00,35994.98
2021-01-17 04:00:00,36177
2021-01-17 08:00:00,34760.9
2021-01-17 12:00:00,35267.17
2021-01-17 16:00:00,35728.47
2021-01-17 20:00:00,35633.91
2021-01-18 00:00:00,35828.61
2021-01-18 04:00:00,35106.25
2021-01-18 08:00:00,36104.61
2021-01-18 12:00:00,36442.08
2021-01-18 16:00:00,36405.98
2021-01-18 20:00:00,35956.14
2021-01-19 00:00:00,36631.27
2021-01-19 04:00:00,36465.3
2021-01-19 08:00:00,37168.82
2021-01-19 12:00:00,37266.49
2021-01-19 16:00:00,37329.4
2021-01-19 20:00:00,36279.82
2021-01-20 00:00:00,35891.49
2021-01-20 04:00:00,35062.49
2021-01-20 08:00:00,35677.14
2021-01-20 12:00:00,34426.17
2021-01-20 16:00:00,34192.17
2021-01-20 20:00:00,35197.12
2021-01-21 00:00:00,35468.23
2021-01-21 04:00:00,34571.09
2021-01-21 08:00:00,34624.27
2021-01-21 12:00:00,32208.62
2021-01-21 16:00:00,31384.09
2021-01-21 20:00:00,32468.66
2021-01-22 00:00:00,30850.13
2021-01-22 04:00:00,30943.4
2021-01-22 08:00:00,30842.45
2021-01-22 12:00:00,31710.88
2021-01-22 16:00:00,32458.42
2021-01-22 20:00:00,33589.52
2021-01-23 00:00:00,32945.17
2021-01-23 04:00:00,32365.01
2021-01-23 08:00:00,32931.18
2021-01-23 12:00:00,31645.49
2021-01-23 16:00:00,31877.1
2021-01-23 20:00:00,32348.79
2021-01-24 00:00:00,32078
2021-01-24 04:00:00,32480.05
2021-01-24 08:00:00,32801.15
2021-01-24 12:00:00,32833.37
2021-01-24 16:00:00,31957.05
2021-01-24 20:00:00,31306.29
2021-01-25 00:00:00,32259.9
2021-01-25 04:00:00,33568.18
2021-01-25 08:00:00,33346.95
2021-01-25 12:00:00,33185.26
2021-01-25 16:00:00,34458.31
2021-01-25 20:00:00,33411.54
2021-01-26 00:00:00,32254.2
2021-01-26 04:00:00,31518.66
2021-01-26 08:00:00,31643.61
2021-01-26 12:00:00,31796.95
2021-01-26 16:00:00,31750.23
2021-01-26 20:00:00,32208.33
2021-01-27 00:00:00,32467.77
2021-01-27 04:00:00,31800.86
2021-01-27 08:00:00,31743.33
2021-01-27 12:00:00,30639.05
2021-01-27 16:00:00,30322.61
2021-01-27 20:00:00,30740.33
2021-01-28 00:00:00,30366.15
2021-01-28 04:00:00,31404.25
2021-01-28 08:00:00,31170.53
2021-01-28 12:00:00,31437.37
2021-01-28 16:00:00,31926.49
2021-01-28 20:00:00,32564.71
2021-01-29 00:00:00,33364.86
2021-01-29 04:00:00,33733.58
2021-01-29 08:00:00,32266.35
2021-01-29 12:00:00,37025.32
2021-01-29 16:00:00,37129.4
2021-01-29 20:00:00,34318.57
2021-01-30 00:00:00,34252.2
2021-01-30 04:00:00,33273.36
2021-01-30 08:00:00,34046.8
2021-01-30 12:00:00,33660.4
2021-01-30 16:00:00,34210.2
2021-01-30 20:00:00,34286.5
2021-01-31 00:00:00,34262.88
2021-01-31 04:00:00,33930.21
2021-01-31 08:00:00,33607.98
2021-01-31 12:00:00,33563.23
2021-01-31 16:00:00,32862.66
2021-01-31 20:00:00,32808.8
2021-02-01 00:00:00,33092.98
2021-02-01 04:00:00,33573.97
2021-02-01 08:00:00,33803.97
2021-02-01 12:00:00,34183.33
2021-02-01 16:00:00,33160.17
2021-02-01 20:00:00,33838.13
2021-02-02 00:00:00,33526.37
2021-02-02 04:00:00,33550.32
2021-02-02 08:00:00,34223.38
2021-02-02 12:00:00,34720.15
2021-02-02 16:00:00,34708.47
2021-02-02 20:00:00,35762.03
2021-02-03 00:00:00,35466.24
2021-02-03 04:00:00,36403.47
2021-02-03 08:00:00,36297.57
2021-02-03 12:00:00,35969.41
2021-02-03 16:00:00,36850
2021-02-03 20:00:00,36788.89
2021-02-04 00:00:00,37618.87
2021-02-04 04:00:00,37498.78
2021-02-04 08:00:00,37843.4
2021-02-04 12:00:00,37321.75
2021-02-04 16:00:00,36564.23
2021-02-04 20:00:00,37467.18
2021-02-05 00:00:00,36936.66
2021-02-05 04:00:00,37366.02
2021-02-05 08:00:00,37653.98
2021-02-05 12:00:00,37691.32
2021-02-05 16:00:00,37960.76
2021-02-05 20:00:00,37608.92
2021-02-06 00:00:00,38290.24
2021-02-06 04:00:00,39384.74
2021-02-06 08:00:00,39359.12
2021-02-06 12:00:00,40199.99
2021-02-06 16:00:00,40864.73
2021-02-06 20:00:00,40179.42
2021-02-07 00:00:00,39186.94
2021-02-07 04:00:00,38841.46
2021-02-07 08:00:00,39030
2021-02-07 12:00:00,39046.6
2021-02-07 16:00:00,37921.11
2021-02-07 20:00:00,38050
2021-02-08 00:00:00,38795.69
2021-02-08 04:00:00,38076.06
2021-02-08 08:00:00,39269.95
2021-02-08 12:00:00,39423.08
2021-02-08 16:00:00,43716.32
2021-02-08 20:00:00,43051.95
2021-02-09 00:00:00,46374.87
2021-02-09 04:00:00,46599.51
2021-02-09 08:00:00,47505.4
2021-02-09 12:00:00,46380.92
2021-02-09 16:00:00,46773.63
2021-02-09 20:00:00,47060.18
2021-02-10 00:00:00,46420.42
2021-02-10 04:00:00,46221.07
2021-02-10 08:00:00,46563.69
2021-02-10 12:00:00,46586.56
2021-02-10 16:00:00,44353.04
2021-02-10 20:00:00,45190.05
2021-02-11 00:00:00,44807.58
2021-02-11 04:00:00,44582.07
2021-02-11 08:00:00,44700.01
2021-02-11 12:00:00,46061.49
2021-02-11 16:00:00,47960.85
2021-02-11 20:00:00,47754.03
2021-02-12 00:00:00,47969.51
2021-02-12 04:00:00,47587.31
2021-02-12 08:00:00,47318.81
2021-02-12 12:00:00,47562.42
2021-02-12 16:00:00,47021.05
2021-02-12 20:00:00,47272.95
2021-02-13 00:00:00,47287.6
2021-02-13 04:00:00,47829.22
2021-02-13 08:00:00,46995.72
2021-02-13 12:00:00,46589.2
2021-02-13 16:00:00,47076.01
2021-02-13 20:00:00,46870.15
2021-02-14 00:00:00,47153.69
2021-02-14 04:00:00,47267.21
2021-02-14 08:00:00,48725.18
2021-02-14 12:00:00,49055.16
2021-02-14 16:00:00,48541.18
2021-02-14 20:00:00,48693.39
2021-02-15 00:00:00,48577.79
2021-02-15 04:00:00,47120.3
2021-02-15 08:00:00,47267.06
2021-02-15 12:00:00,47802.66
2021-02-15 16:00:00,47938.83
2021-02-15 20:00:00,48657.31
2021-02-16 00:00:00,47911.1
2021-02-16 04:00:00,49624.03
2021-02-16 08:00:00,49163.46
2021-02-16 12:00:00,48915.48
2021-02-16 16:00:00,48956.91
2021-02-16 20:00:00,48537.39
2021-02-17 00:00:00,49133.45
2021-02-17 04:00:00,49657.38
2021-02-17 08:00:00,51112.39
2021-02-17 12:00:00,51273.46
2021-02-17 16:00:00,51169.97
2021-02-17 20:00:00,52142.35
2021-02-18 00:00:00,52119.71
2021-02-18 04:00:00,52032.64
2021-02-18 08:00:00,51901.96
2021-02-18 12:00:00,51374.07
2021-02-18 16:00:00,51585.29
2021-02-18 20:00:00,51760.01
2021-02-19 00:00:00,51552.6
2021-02-19 04:00:00,51245
2021-02-19 08:00:00,51727.08
2021-02-19 12:00:00,52710
2021-02-19 16:00:00,53863.19
2021-02-19 20:00:00,54990.01
2021-02-20 00:00:00,55906
2021-02-20 04:00:00,55706.07
2021-02-20 08:00:00,55207.92
2021-02-20 12:00:00,56355.91
2021-02-20 16:00:00,56145.97
2021-02-20 20:00:00,56975.12
2021-02-21 00:00:00,55841.19
2021-02-21 04:00:00,56505.22
2021-02-21 08:00:00,56091.76
2021-02-21 12:00:00,57284.79
2021-02-21 16:00:00,57313.99
2021-02-21 20:00:00,58072.62
2021-02-22 00:00:00,57408.57
2021-02-22 04:00:00,55860.12
2021-02-22 08:00:00,56422.92
2021-02-22 12:00:00,54524.94
2021-02-22 16:00:00,53236.69
2021-02-22 20:00:00,53581.69
2021-02-23 00:00:00,54087.67
2021-02-23 04:00:00,51906.36
2021-02-23 08:00:00,49640.33
2021-02-23 12:00:00,46369.29
2021-02-23 16:00:00,48602.03
2021-02-23 20:00:00,45523
2021-02-24 00:00:00,48891
2021-02-24 04:00:00,50874.99
2021-02-24 08:00:00,50090.57
2021-02-24 12:00:00,50360.02
2021-02-24 16:00:00,49819.5
2021-02-24 20:00:00,48959.93
2021-02-25 00:00:00,49676.2
2021-02-25 04:00:00,50206.97
2021-02-25 08:00:00,50395.99
2021-02-25 12:00:00,50294.8
2021-02-25 16:00:00,50849.99
2021-02-25 20:00:00,49443.86
2021-02-26 00:00:00,47073.73
2021-02-26 04:00:00,47330.24
2021-02-26 08:00:00,44973.68
2021-02-26 12:00:00,46427.65
2021-02-26 16:00:00,47594.65
2021-02-26 20:00:00,46959.17
2021-02-27 00:00:00,46276.87
2021-02-27 04:00:00,47423.08
2021-02-27 08:00:00,47158.53
2021-02-27 12:00:00,47299.99
2021-02-27 16:00:00,46528.64
2021-02-27 20:00:00,47405.39
2021-02-28 00:00:00,46106.43
2021-02-28 04:00:00,44629.17
2021-02-28 08:00:00,44400.83
2021-02-28 12:00:00,45284.86
2021-02-28 16:00:00,43391.14
2021-02-28 20:00:00,44405.32
2021-03-01 00:00:00,45135.66
2021-03-01 04:00:00,46336.37
2021-03-01 08:00:00,46288.18
2021-03-01 12:00:00,47722.78
2021-03-01 16:00:00,49188
2021-03-01 20:00:00,48262.83
2021-03-02 00:00:00,49587.03
2021-03-02 04:00:00,48974.75
2021-03-02 08:00:00,48331.61
2021-03-02 12:00:00,48844.13
2021-03-02 16:00:00,48676.08
2021-03-02 20:00:00,47467.43
2021-03-03 00:00:00,48440.65
2021-03-03 04:00:00,48704.75
2021-03-03 08:00:00,49752.97
2021-03-03 12:00:00,51666.33
2021-03-03 16:00:00,50767.36
2021-03-03 20:00:00,50857.17
2021-03-04 00:00:00,50349.37
2021-03-04 04:00:00,49574.89
2021-03-04 08:00:00,49696.49
2021-03-04 12:00:00,49323.32
2021-03-04 16:00:00,49412.6
2021-03-04 20:00:00,48000.36
2021-03-05 00:00:00,48374.09
2021-03-05 04:00:00,47289.81
2021-03-05 08:00:00,47380
2021-03-05 12:00:00,47478.87
2021-03-05 16:00:00,47867.45
2021-03-05 20:00:00,49295.47
2021-03-06 00:00:00,48751.71
2021-03-06 04:00:00,48657.72
2021-03-06 08:00:00,48820.12
2021-03-06 12:00:00,48171.01
2021-03-06 16:00:00,47267.88
2021-03-06 20:00:00,48341.01
2021-03-07 00:00:00,48882.2
2021-03-07 04:00:00,49551.44
2021-03-07 08:00:00,50052.68
2021-03-07 12:00:00,50705.52
2021-03-07 16:00:00,50585.23
2021-03-07 20:00:00,50381.68
2021-03-08 00:00:00,50971.75
2021-03-08 04:00:00,50598.49
2021-03-08 08:00:00,49755.24
2021-03-08 12:00:00,50496.82
2021-03-08 16:00:00,51054.99
2021-03-08 20:00:00,51310.82
2021-03-09 00:00:00,52375.17
2021-03-09 04:00:00,53840.62
2021-03-09 08:00:00,53546.9
2021-03-09 12:00:00,54233.32
2021-03-09 16:00:00,54097.02
2021-03-09 20:00:00,54108.79
2021-03-10 00:00:00,54884.5
2021-03-10 04:00:00,53467.8
2021-03-10 08:00:00,54173.38
2021-03-10 12:00:00,54858.47
2021-03-10 16:00:00,56328.81
2021-03-10 20:00:00,56739.4
2021-03-11 00:00:00,55851.59
2021-03-11 04:00:00,55992.6
2021-03-11 08:00:00,55034.2
2021-03-11 12:00:00,56227.34
2021-03-11 16:00:00,56347.19
2021-03-11 20:00:00,56827.84
2021-03-12 00:00:00,57773.16
2021-03-12 04:00:00,57104.17
2021-03-12 08:00:00,56670.9
2021-03-12 12:00:00,56500
2021-03-12 16:00:00,56956.95
2021-03-12 20:00:00,56942.41
2021-03-13 00:00:00,57221.72
2021-03-13 04:00:00,56694.32
2021-03-13 08:00:00,57343.7
2021-03-13 12:00:00,59849.74
2021-03-13 16:00:00,59692.99
2021-03-13 20:00:00,60773.56
2021-03-14 00:00:00,61188.39
2021-03-14 04:00:00,61356.31
2021-03-14 08:00:00,60494.8
2021-03-14 12:00:00,60308.31
2021-03-14 16:00:00,59681.26
2021-03-14 20:00:00,59931.7
2021-03-15 00:00:00,58968.31
2021-03-15 04:00:00,60379.99
2021-03-15 08:00:00,57789.76
2021-03-15 12:00:00,56150.79
2021-03-15 16:00:00,56224.13
2021-03-15 20:00:00,56570.36
2021-03-16 00:00:00,55605.2
2021-03-16 04:00:00,54272.86
2021-03-16 08:00:00,55239.81
2021-03-16 12:00:00,55471.21
2021-03-16 16:00:00,55844.92
2021-03-16 20:00:00,55731.36
2021-03-17 00:00:00,56900.75
2021-03-17 04:00:00,55506.23
2021-03-17 08:00:00,55821.01
2021-03-17 12:00:00,54840
2021-03-17 16:00:00,54930
2021-03-17 20:00:00,57867.42
2021-03-18 00:00:00,58912.97
2021-03-18 04:00:00,58712.33
2021-03-18 08:00:00,58355.15
2021-03-18 12:00:00,58170.37
2021-03-18 16:00:00,59533.68
2021-03-18 20:00:00,57293.79
2021-03-19 00:00:00,57648.16
2021-03-19 04:00:00,57779.84
2021-03-19 08:00:00,57834.04
2021-03-19 12:00:00,58831.33
2021-03-19 16:00:00,58971.5
2021-03-19 20:00:00,58826.56
2021-03-20 00:00:00,58030.01
2021-03-20 04:00:00,58367.74
2021-03-20 08:00:00,58402.41
2021-03-20 12:00:00,59242.47
2021-03-20 16:00:00,59244.52
2021-03-20 20:00:00,59272.82
2021-03-21 00:00:00,58102.28
2021-03-21 04:00:00,57790
2021-03-21 08:00:00,56972.68
2021-03-21 12:00:00,56267.65
2021-03-21 16:00:00,57159.04
2021-03-21 20:00:00,57513.18
2021-03-22 00:00:00,57351.56
2021-03-22 04:00:00,57563.63
2021-03-22 08:00:00,57576.5
2021-03-22 12:00:00,57713.79
2021-03-22 16:00:00,57083
2021-03-22 20:00:00,55524.99
2021-03-23 00:00:00,54083.25
2021-03-23 04:00:00,54684.83
2021-03-23 08:00:00,54161.34
2021-03-23 12:00:00,54249.81
2021-03-23 16:00:00,55165.19
2021-03-23 20:00:00,55008.46
2021-03-24 00:00:00,54340.89
2021-03-24 04:00:00,54350.54
2021-03-24 08:00:00,55464.2
2021-03-24 12:00:00,56541.03
2021-03-24 16:00:00,56298.12
2021-03-24 20:00:00,54736.53
2021-03-25 00:00:00,52303.65
2021-03-25 04:00:00,52122.86
2021-03-25 08:00:00,52270.71
2021-03-25 12:00:00,52163.19
2021-03-25 16:00:00,50996.15
2021-03-25 20:00:00,52195.19
2021-03-26 00:00:00,51293.78
2021-03-26 04:00:00,52407.19
2021-03-26 08:00:00,53569.85
2021-03-26 12:00:00,52710.96
2021-03-26 16:00:00,53308.27
2021-03-26 20:00:00,53778.55
2021-03-27 00:00:00,55025.59
2021-03-27 04:00:00,54760.97
2021-03-27 08:00:00,54950.28
2021-03-27 12:00:00,54442.89
2021-03-27 16:00:00,54961.85
2021-03-27 20:00:00,55765.01
2021-03-28 00:00:00,55817.14
2021-03-28 04:00:00,56052.05
2021-03-28 08:00:00,56200.66
2021-03-28 12:00:00,55787.03
2021-03-28 16:00:00,56354.35
2021-03-28 20:00:00,55208.69
2021-03-29 00:00:00,55777.63
2021-03-29 04:00:00,55371.6
2021-03-29 08:00:00,55911.99
2021-03-29 12:00:00,57854.32
2021-03-29 16:00:00,57719.74
2021-03-29 20:00:00,57676.42
2021-03-30 00:00:00,57635.47
2021-03-30 04:00:00,57181.33
2021-03-30 08:00:00,58116.17
2021-03-30 12:00:00,59240.34
2021-03-30 16:00:00,58526.42
2021-03-30 20:00:00,59060
2021-03-31 00:00:00,58746.57
2021-03-31 04:00:00,58608.63
2021-03-31 08:00:00,58173.83
2021-03-31 12:00:00,58015.02
2021-03-31 16:00:00,59304.75
2021-03-31 20:00:00,58553.12
2021-04-01 00:00:00,58740.55
2021-04-01 04:00:00,59119.02
2021-04-01 08:00:00,58817.77
2021-04-01 12:00:00,58584.32
2021-04-01 16:00:00,58974.65
2021-04-01 20:00:00,58918.99
2021-04-02 00:00:00,58720.44
2021-04-02 04:00:00,59869.79
2021-04-02 08:00:00,59417.63
2021-04-02 12:00:00,59542.78
2021-04-02 16:00:00,59480.06
2021-04-02 20:00:00,58850
2021-04-03 00:00:00,58950.01
2021-04-03 04:00:00,59221.53
2021-04-03 08:00:00,59298.85
2021-04-03 12:00:00,59255.02
2021-04-03 16:00:00,58829.99
2021-04-03 20:00:00,58597.04
2021-04-04 00:00:00,57051.94
2021-04-04 04:00:00,57492.42
2021-04-04 08:00:00,57614.52
2021-04-04 12:00:00,57275.55
2021-04-04 16:00:00,57918.11
2021-04-04 20:00:00,57953.86
2021-04-05 00:00:00,58202.01
2021-04-05 04:00:00,57467.12
2021-04-05 08:00:00,57250
2021-04-05 12:00:00,57756.36
2021-04-05 16:00:00,59018.29
2021-04-05 20:00:00,59005.2
2021-04-06 00:00:00,59129.99
2021-04-06 04:00:00,58608.7
2021-04-06 08:00:00,58576.59
2021-04-06 12:00:00,58541.34
2021-04-06 16:00:00,57818.53
2021-04-06 20:00:00,58225
2021-04-07 00:00:00,57991.15
2021-04-07 04:00:00,57922.75
2021-04-07 08:00:00,57850.57
2021-04-07 12:00:00,56320.47
2021-04-07 16:00:00,56451.45
2021-04-07 20:00:00,56153.83
2021-04-08 00:00:00,55953.45
2021-04-08 04:00:00,56540.62
2021-04-08 08:00:00,57025.71
2021-04-08 12:00:00,56421.18
2021-04-08 16:00:00,57768.13
2021-04-08 20:00:00,57734.94
2021-04-09 00:00:00,58077.52
2021-04-09 04:00:00,57985.71
2021-04-09 08:00:00,58051.42
2021-04-09 12:00:00,58527.19
2021-04-09 16:00:00,58240
2021-04-09 20:00:00,58370.59
2021-04-10 00:00:00,58142.54
2021-04-10 04:00:00,59229.5
2021-04-10 08:00:00,60480.4
2021-04-10 12:00:00,60575.94
2021-04-10 16:00:00,60247.26
2021-04-10 20:00:00,59567.38
2021-04-11 00:00:00,59769.13
2021-04-11 04:00:00,60268.58
2021-04-11 08:00:00,59655.49
2021-04-11 12:00:00,59721.84
2021-04-11 16:00:00,59645.46
2021-04-11 20:00:00,59705.53
2021-04-12 00:00:00,60002.43
2021-04-12 04:00:00,60368.96
2021-04-12 08:00:00,60711.01
2021-04-12 12:00:00,60241.5
2021-04-12 16:00:00,59986.83
2021-04-12 20:00:00,60090.41
2021-04-13 00:00:00,59860
2021-04-13 04:00:00,60493.43
2021-04-13 08:00:00,61050.99
2021-04-13 12:00:00,62942.21
2021-04-13 16:00:00,63331.83
2021-04-13 20:00:00,62997.02
2021-04-14 00:00:00,63575
2021-04-14 04:00:00,63749.19
2021-04-14 08:00:00,64288.8
2021-04-14 12:00:00,64511.21
2021-04-14 16:00:00,63045.02
2021-04-14 20:00:00,62150.04
2021-04-15 00:00:00,62959.53
2021-04-15 04:00:00,63056.61
2021-04-15 08:00:00,62842.56
2021-04-15 12:00:00,62361.12
2021-04-15 16:00:00,62715.18
2021-04-15 20:00:00,63363.29
2021-04-16 00:00:00,63159.98
2021-04-16 04:00:00,62937.91
2021-04-16 08:00:00,61414.83
2021-04-16 12:00:00,60853.81
2021-04-16 16:00:00,61551.62
2021-04-16 20:00:00,61713.43
2021-04-17 00:00:00,61334.8
2021-04-17 04:00:00,62372.27
2021-04-17 08:00:00,62114.99
2021-04-17 12:00:00,60886.91
2021-04-17 16:00:00,60264.66
2021-04-17 20:00:00,60705.02
2021-04-18 00:00:00,60006.66
2021-04-18 04:00:00,55014.46
2021-04-18 08:00:00,56180.34
2021-04-18 12:00:00,53308.92
2021-04-18 16:00:00,55452.45
2021-04-18 20:00:00,55720.66
2021-04-19 00:00:00,56150.01
2021-04-19 04:00:00,57030.9
2021-04-19 08:00:00,57323.35
2021-04-19 12:00:00,57107.4
2021-04-19 16:00:00,54585.22
2021-04-19 20:00:00,55930.94
2021-04-20 00:00:00,55633.14
2021-04-20 04:00:00,54764.12
2021-04-20 08:00:00,54410.57
2021-04-20 12:00:00,56266.83
2021-04-20 16:00:00,55323.19
2021-04-20 20:00:00,56572.44
2021-04-21 00:00:00,56425
2021-04-21 04:00:00,55204.6
2021-04-21 08:00:00,55304.04
2021-04-21 12:00:00,54563.37
2021-04-21 16:00:00,56153.75
2021-04-21 20:00:00,55478.7
2021-04-22 00:00:00,53787.63
2021-04-22 04:00:00,53497.09
2021-04-22 08:00:00,54144.99
2021-04-22 12:00:00,54866.62
2021-04-22 16:00:00,54651.64
2021-04-22 20:00:00,52923.54
2021-04-23 00:00:00,51690.96
2021-04-23 04:00:00,50298.76
2021-04-23 08:00:00,47942.44
2021-04-23 12:00:00,50070.36
2021-04-23 16:00:00,49836.62
2021-04-23 20:00:00,50876.72
2021-04-24 00:00:00,51125.14
2021-04-24 04:00:00,50109.93
2021-04-24 08:00:00,49805.2
2021-04-24 12:00:00,49073.71
2021-04-24 16:00:00,50212.03
2021-04-24 20:00:00,50667.75
2021-04-25 00:00:00,50047.84
2021-04-25 04:00:00,49615.54
2021-04-25 08:00:00,49683.94
2021-04-25 12:00:00,49550.73
2021-04-25 16:00:00,50257.97
2021-04-25 20:00:00,49333.01
2021-04-26 00:00:00,49066.77
2021-04-26 04:00:00,52398.99
2021-04-26 08:00:00,52801.37
2021-04-26 12:00:00,53598.39
2021-04-26 16:00:00,53571.12
2021-04-26 20:00:00,54036.19
2021-04-27 00:00:00,54001.39
2021-04-27 04:00:00,53460.3
2021-04-27 08:00:00,54545.01
2021-04-27 12:00:00,55152.43
2021-04-27 16:00:00,54981.87
2021-04-27 20:00:00,54761.7
2021-04-28 00:00:00,55011.97
2021-04-28 04:00:00,54774.05
2021-04-28 08:00:00,54255.98
2021-04-28 12:00:00,54853.26
2021-04-28 16:00:00,54338.14
2021-04-28 20:00:00,55411.97
2021-04-29 00:00:00,54846.22
2021-04-29 04:00:00,54265.1
2021-04-29 08:00:00,54465.14
2021-04-29 12:00:00,54300.16
2021-04-29 16:00:00,53703.11
2021-04-29 20:00:00,52860.02
2021-04-30 00:00:00,53555
2021-04-30 04:00:00,53679.03
2021-04-30 08:00:00,54343.11
2021-04-30 12:00:00,54230.63
2021-04-30 16:00:00,57180.06
2021-04-30 20:00:00,57007.38
2021-05-01 00:00:00,57694.27
2021-05-01 04:00:00,58178.67
2021-05-01 08:00:00,57725.14
2021-05-01 12:00:00,57816.9
2021-05-01 16:00:00,57356.58
2021-05-01 20:00:00,57770.31
2021-05-02 00:00:00,57800.37
2021-05-02 04:00:00,56450.19
2021-05-02 08:00:00,56633.02
2021-05-02 12:00:00,57090
2021-05-02 16:00:00,56595.2
2021-05-02 20:00:00,56836.4
2021-05-03 00:00:00,56578.21
2021-05-03 04:00:00,57925.8
2021-05-03 08:00:00,58787.87
2021-05-03 12:00:00,58657.63
2021-05-03 16:00:00,57601.83
2021-05-03 20:00:00,57564.87
2021-05-04 00:00:00,57169.39
2021-05-04 04:00:00,55452.17
2021-05-04 08:00:00,55917.97
2021-05-04 12:00:00,56143.42
2021-05-04 16:00:00,53799.33
2021-05-04 20:00:00,54541.13
2021-05-05 00:00:00,53200.01
2021-05-05 04:00:00,54795.19
2021-05-05 08:00:00,54858.35
2021-05-05 12:00:00,55108.95
2021-05-05 16:00:00,57636.74
2021-05-05 20:00:00,57136.04
2021-05-06 00:00:00,57436.11
2021-05-06 04:00:00,56797.09
2021-05-06 08:00:00,56814.79
2021-05-06 12:00:00,57988
2021-05-06 16:00:00,57088.49
2021-05-06 20:00:00,56128.42
2021-05-07 00:00:00,56393.68
2021-05-07 04:00:00,55705.67
2021-05-07 08:00:00,55766.34
2021-05-07 12:00:00,56464.74
2021-05-07 16:00:00,57519.24
2021-05-07 20:00:00,57584.01
2021-05-08 00:00:00,57314.75
2021-05-08 04:00:00,58099.98
2021-05-08 08:00:00,58463.06
2021-05-08 12:00:00,58556.09
2021-05-08 16:00:00,57599.87
2021-05-08 20:00:00,59030.56
2021-05-09 00:00:00,58862.05
2021-05-09 04:00:00,58632.78
2021-05-09 08:00:00,57965.59
2021-05-09 12:00:00,57907.49
2021-05-09 16:00:00,57379.58
2021-05-09 20:00:00,57266.97
2021-05-10 00:00:00,58240.84
2021-05-10 04:00:00,59356.76
2021-05-10 08:00:00,58370.17
2021-05-10 12:00:00,58070.63
2021-05-10 16:00:00,58296.36
2021-05-10 20:00:00,55733.76
2021-05-11 00:00:00,55816.14
2021-05-11 04:00:00,55142.46
2021-05-11 08:00:00,55740.09
2021-05-11 12:00:00,55210.47
2021-05-11 16:00:00,56052.82
2021-05-11 20:00:00,56608.94
2021-05-12 00:00:00,56670.02
2021-05-12 04:00:00,57756.94
2021-05-12 08:00:00,57101.07
2021-05-12 12:00:00,56421.46
2021-05-12 16:00:00,55479.13
2021-05-12 20:00:00,54432.39
2021-05-13 00:00:00,49631.32
2021-05-13 04:00:00,50461.99
2021-05-13 08:00:00,50879.72
2021-05-13 12:00:00,49777.01
2021-05-13 16:00:00,49627.64
2021-05-13 20:00:00,48568.85
2021-05-14 00:00:00,49670.97
2021-05-14 04:00:00,49157.93
2021-05-14 08:00:00,49987.2
2021-05-14 12:00:00,50538.14
2021-05-14 16:00:00,51211.98
2021-05-14 20:00:00,50138.09
2021-05-15 00:00:00,49841.45
2021-05-15 04:00:00,49627.01
2021-05-15 08:00:00,48469.28
2021-05-15 12:00:00,48929.74
2021-05-15 16:00:00,48982.99
2021-05-15 20:00:00,48108.4
2021-05-16 00:00:00,46762.99
2021-05-16 04:00:00,48383.46
2021-05-16 08:00:00,49375.28
2021-05-16 12:00:00,49014.99
2021-05-16 16:00:00,47727.26
2021-05-16 20:00:00,45549.26
2021-05-17 00:00:00,46431.5
2021-05-17 04:00:00,42915.46
2021-05-17 08:00:00,45149.18
2021-05-17 12:00:00,45731.39
2021-05-17 16:00:00,43362.75
2021-05-17 20:00:00,44197.73
2021-05-18 00:00:00,43538.04
2021-05-18 04:00:00,44779.83
2021-05-18 08:00:00,45172.7
2021-05-18 12:00:00,45321.02
2021-05-18 16:00:00,42969.47
2021-05-18 20:00:00,43262.71
2021-05-19 00:00:00,42849.78
2021-05-19 04:00:00,40591.15
2021-05-19 08:00:00,40371.44
2021-05-19 12:00:00,38700
2021-05-19 16:00:00,37318.52
2021-05-19 20:00:00,39342.93
2021-05-20 00:00:00,36690.09
2021-05-20 04:00:00,38341.04
2021-05-20 08:00:00,39959.68
2021-05-20 12:00:00,40475.17
2021-05-20 16:00:00,41432.88
2021-05-20 20:00:00,40116.04
2021-05-21 00:00:00,40526.64
2021-05-21 04:00:00,40666.91
2021-05-21 08:00:00,39842.57
2021-05-21 12:00:00,41124.29
2021-05-21 16:00:00,36794.57
2021-05-21 20:00:00,36062.12
2021-05-22 00:00:00,37252.01
2021-05-22 04:00:00,36951.85
2021-05-22 08:00:00,36269.28
2021-05-22 12:00:00,38157.76
2021-05-22 16:00:00,38162.4
2021-05-22 20:00:00,37286.65
2021-05-23 00:00:00,37449.73
2021-05-23 04:00:00,37421.59
2021-05-23 08:00:00,35927.69
2021-05-23 12:00:00,35389.1
2021-05-23 16:00:00,33318.09
2021-05-23 20:00:00,33051.73
2021-05-24 00:00:00,34655.25
2021-05-24 04:00:00,35251.37
2021-05-24 08:00:00,36645.79
2021-05-24 12:00:00,37600.01
2021-05-24 16:00:00,37539.63
2021-05-24 20:00:00,39606.1
2021-05-25 00:00:00,38796.29
2021-05-25 04:00:00,38304.51
2021-05-25 08:00:00,38985.06
2021-05-25 12:00:00,36537.16
2021-05-25 16:00:00,38277.57
2021-05-25 20:00:00,37292.69
2021-05-26 00:00:00,38324.72
2021-05-26 04:00:00,39503.98
2021-05-26 08:00:00,40445.79
2021-05-26 12:00:00,39850.65
2021-05-26 16:00:00,38758.61
2021-05-26 20:00:00,38485.1
2021-05-27 00:00:00,39241.91
2021-05-27 04:00:00,37621.56
2021-05-27 08:00:00,38275.47
2021-05-27 12:00:00,39690.01
2021-05-27 16:00:00,39667
2021-05-27 20:00:00,38768.35
2021-05-28 00:00:00,38529.98
2021-05-28 04:00:00,38237.18
2021-05-28 08:00:00,36975.93
2021-05-28 12:00:00,35351.65
2021-05-28 16:00:00,36749.31
2021-05-28 20:00:00,35789.3
2021-05-29 00:00:00,35663.49
2021-05-29 04:00:00,36458.77
2021-05-29 08:00:00,36145.02
2021-05-29 12:00:00,35375
2021-05-29 16:00:00,34416.27
2021-05-29 20:00:00,34025.43
2021-05-30 00:00:00,34605.15
2021-05-30 04:00:00,34770.12
2021-05-30 08:00:00,35998.33
2021-05-30 12:00:00,36359.44
2021-05-30 16:00:00,35477
2021-05-30 20:00:00,36077.59
2021-05-31 00:00:00,35641.27
2021-05-31 04:00:00,34489.57
2021-05-31 08:00:00,35850.17
2021-05-31 12:00:00,36836.46
2021-05-31 16:00:00,36961.16
2021-05-31 20:00:00,36863.67
2021-06-01 00:00:00,37253.81
2021-06-01 04:00:00,36704.99
2021-06-01 08:00:00,36831.58
2021-06-01 12:00:00,36596.62
2021-06-01 16:00:00,36235.29
2021-06-01 20:00:00,35973.87
2021-06-02 00:00:00,36693.09
2021-06-02 04:00:00,36472.39
2021-06-02 08:00:00,37220
2021-06-02 12:00:00,37203.08
2021-06-02 16:00:00,38040.7
2021-06-02 20:00:00,37884.57
2021-06-03 00:00:00,37568.68
2021-06-03 04:00:00,37634.57
2021-06-03 08:00:00,38634.09
2021-06-03 12:00:00,38781.75
2021-06-03 16:00:00,38535.61
2021-06-03 20:00:00,38596.64
2021-06-04 00:00:00,39246.79
2021-06-04 04:00:00,37933.72
2021-06-04 08:00:00,36610.29
2021-06-04 12:00:00,36585.66
2021-06-04 16:00:00,36948.85
2021-06-04 20:00:00,36800.99
2021-06-05 00:00:00,36829
2021-06-05 04:00:00,37410
2021-06-05 08:00:00,37582.14
2021-06-05 12:00:00,35869.42
2021-06-05 16:00:00,36321.42
2021-06-05 20:00:00,35778.94
2021-06-06 00:00:00,35513.2
2021-06-06 04:00:00,35989.67
2021-06-06 08:00:00,36132.57
2021-06-06 12:00:00,35868.13
2021-06-06 16:00:00,36157.47
2021-06-06 20:00:00,35747.15
2021-06-07 00:00:00,35796.31
2021-06-07 04:00:00,36392.93
2021-06-07 08:00:00,36139.99
2021-06-07 12:00:00,36376.47
2021-06-07 16:00:00,36035.51
2021-06-07 20:00:00,35634.46
2021-06-08 00:00:00,33552.79
2021-06-08 04:00:00,32817.09
2021-06-08 08:00:00,32966.7
2021-06-08 12:00:00,33089.99
2021-06-08 16:00:00,31705.24
2021-06-08 20:00:00,32864.18
2021-06-09 00:00:00,33380.81
2021-06-09 04:00:00,32863.07
2021-06-09 08:00:00,34169.05
2021-06-09 12:00:00,34972.42
2021-06-09 16:00:00,36357.11
2021-06-09 20:00:00,36260.45
2021-06-10 00:00:00,37388.05
2021-06-10 04:00:00,36959.69
2021-06-10 08:00:00,36962.14
2021-06-10 12:00:00,37818.54
2021-06-10 16:00:00,36896.75
2021-06-10 20:00:00,36675.09
2021-06-11 00:00:00,36675.72
2021-06-11 04:00:00,36754.4
2021-06-11 08:00:00,37147.55
2021-06-11 12:00:00,37378.82
2021-06-11 16:00:00,36818.41
2021-06-11 20:00:00,37246.77
2021-06-12 00:00:00,37331.98
2021-06-12 04:00:00,35571.19
2021-06-12 08:00:00,35289.06
2021-06-12 12:00:00,35596.7
2021-06-12 16:00:00,35384.96
2021-06-12 20:00:00,35730
2021-06-13 00:00:00,35546.11
2021-06-13 04:00:00,34867.8
2021-06-13 08:00:00,35280.02
2021-06-13 12:00:00,35904.03
2021-06-13 16:00:00,36034.97
2021-06-13 20:00:00,37650
2021-06-14 00:00:00,39020.57
2021-06-14 04:00:00,38975.14
2021-06-14 08:00:00,39555.24
2021-06-14 12:00:00,39166.33
2021-06-14 16:00:00,40685.37
2021-06-14 20:00:00,39716.06
2021-06-15 00:00:00,40516.29
2021-06-15 04:00:00,40404.86
2021-06-15 08:00:00,40365.74
2021-06-15 12:00:00,39839.9
2021-06-15 16:00:00,40065.01
2021-06-15 20:00:00,39958.01
2021-06-16 00:00:00,40144.04
2021-06-16 04:00:00,40013.63
2021-06-16 08:00:00,40126.87
2021-06-16 12:00:00,39080.01
2021-06-16 16:00:00,38775.66
2021-06-16 20:00:00,38680.11
2021-06-17 00:00:00,38349.01
2021-06-17 04:00:00,38865.05
2021-06-17 08:00:00,39207.36
2021-06-17 12:00:00,39146.36
2021-06-17 16:00:00,39007.91
2021-06-17 20:00:00,37702.53
2021-06-18 00:00:00,38092.97
2021-06-18 04:00:00,37926.79
2021-06-18 08:00:00,37715.03
2021-06-18 12:00:00,37821.95
2021-06-18 16:00:00,36355.1
2021-06-18 20:00:00,35327.24
2021-06-19 00:00:00,35819.84
2021-06-19 04:00:00,35103.44
2021-06-19 08:00:00,35785.96
2021-06-19 12:00:00,35940.22
2021-06-19 16:00:00,36114.85
2021-06-19 20:00:00,35943.65
2021-06-20 00:00:00,35483.72
2021-06-20 04:00:00,35527.24
2021-06-20 08:00:00,35637.71
2021-06-20 12:00:00,33872.9
2021-06-20 16:00:00,34422.71
2021-06-20 20:00:00,35502.82
2021-06-21 00:00:00,35600.16
2021-06-21 04:00:00,34649.63
2021-06-21 08:00:00,33025.5
2021-06-21 12:00:00,32520.56
2021-06-21 16:00:00,32687.99
2021-06-21 20:00:00,32563.89
2021-06-22 00:00:00,31608.93
2021-06-22 04:00:00,33018.22
2021-06-22 08:00:00,32648.98
2021-06-22 12:00:00,31243.41
2021-06-22 16:00:00,31708.08
2021-06-22 20:00:00,32404.06
2021-06-23 00:00:00,32509.56
2021-06-23 04:00:00,33966.43
2021-06-23 08:00:00,33982.26
2021-06-23 12:00:00,33911.39
2021-06-23 16:00:00,33490.14
2021-06-23 20:00:00,32879.97
2021-06-24 00:00:00,33678.07
2021-06-24 04:00:00,32589.2
2021-06-24 08:00:00,32853.74
2021-06-24 12:00:00,33850.77
2021-06-24 16:00:00,33886.52
2021-06-24 20:00:00,34857.73
2021-06-25 00:00:00,34663.09
2021-06-25 04:00:00,35052.07
2021-06-25 08:00:00,34283.82
2021-06-25 12:00:00,33311.96
2021-06-25 16:00:00,32607.07
2021-06-25 20:00:00,32220.74
2021-06-26 00:00:00,31584.45
2021-06-26 04:00:00,31977.59
2021-06-26 08:00:00,30720.37
2021-06-26 12:00:00,31777.73
2021-06-26 16:00:00,31523.5
2021-06-26 20:00:00,31573.98
2021-06-27 00:00:00,32283.65
2021-06-27 04:00:00,33146.91
2021-06-27 08:00:00,33283.17
2021-06-27 12:00:00,33246.55
2021-06-27 16:00:00,33200.02
2021-06-27 20:00:00,32815.19
2021-06-28 00:00:00,34700.34
2021-06-28 04:00:00,34398.36
2021-06-28 08:00:00,35028.69
2021-06-28 12:00:00,34107.2
2021-06-28 16:00:00,34969.99
2021-06-28 20:00:00,34441.77
2021-06-29 00:00:00,34494.89
2021-06-29 04:00:00,34577.16
2021-06-29 08:00:00,34849.27
2021-06-29 12:00:00,35555.62
2021-06-29 16:00:00,36248.99
2021-06-29 20:00:00,36382.39
2021-06-30 00:00:00,35911.73
2021-06-30 04:00:00,35119.99
2021-06-30 08:00:00,35250.54
2021-06-30 12:00:00,34849.99
2021-06-30 16:00:00,34193.44
2021-06-30 20:00:00,34743.56
2021-07-01 00:00:00,35045
2021-07-01 04:00:00,34120.01
2021-07-01 08:00:00,33348.3
2021-07-01 12:00:00,33717.52
2021-07-01 16:00:00,33432.54
2021-07-01 20:00:00,33091.48
2021-07-02 00:00:00,33504.69
2021-07-02 04:00:00,32907.22
2021-07-02 08:00:00,33358.26
2021-07-02 12:00:00,33023.01
2021-07-02 16:00:00,33704.91
2021-07-02 20:00:00,33327.71
2021-07-03 00:00:00,33786.55
2021-07-03 04:00:00,33524.47
2021-07-03 08:00:00,34499.54
2021-07-03 12:00:00,34608.04
2021-07-03 16:00:00,34608.48
2021-07-03 20:00:00,34745.98
2021-07-04 00:00:00,34669.13
2021-07-04 04:00:00,34641.61
2021-07-04 08:00:00,35600.63
2021-07-04 12:00:00,35512.34
2021-07-04 16:00:00,35513.29
2021-07-04 20:00:00,35575.01
2021-07-05 00:00:00,35286.51
2021-07-05 04:00:00,34350.89
2021-07-05 08:00:00,34256.17
2021-07-05 12:00:00,33379.96
2021-07-05 16:00:00,33585.91
2021-07-05 20:00:00,34117.97
2021-07-06 00:00:00,33690.14
2021-07-06 04:00:00,33920.69
2021-07-06 08:00:00,34874.85
2021-07-06 12:00:00,34067.31
2021-07-06 16:00:00,34042.43
2021-07-06 20:00:00,34019.99
2021-07-07 00:00:00,34220.01
2021-07-07 04:00:00,34446.5
2021-07-07 08:00:00,34710.38
2021-07-07 12:00:00,34827.96
2021-07-07 16:00:00,34528.6
2021-07-07 20:00:00,34628.72
2021-07-08 00:00:00,33862.12
2021-07-08 04:00:00,33305.65
2021-07-08 08:00:00,32487.57
2021-07-08 12:00:00,32696.44
2021-07-08 16:00:00,32900.01
2021-07-08 20:00:00,33003.52
2021-07-09 00:00:00,32875.71
2021-07-09 04:00:00,32941.81
2021-07-09 08:00:00,32910.21
2021-07-09 12:00:00,32774.99
2021-07-09 16:00:00,33558.67
2021-07-09 20:00:00,33445.31
2021-07-10 00:00:00,33815.81
2021-07-10 04:00:00,33800.03
2021-07-10 08:00:00,33766.01
2021-07-10 12:00:00,33793.94
2021-07-10 16:00:00,33862.54
2021-07-10 20:00:00,33409.92
2021-07-11 00:00:00,33502.87
2021-07-11 04:00:00,33448.97
2021-07-11 08:00:00,33508.83
2021-07-11 12:00:00,33814.84
2021-07-11 16:00:00,33948.68
2021-07-11 20:00:00,33894.57
2021-07-12 00:00:00,34258.99
2021-07-12 04:00:00,34447.92
2021-07-12 08:00:00,34281.74
2021-07-12 12:00:00,33530
2021-07-12 16:00:00,33337.49
2021-07-12 20:00:00,32822.85
2021-07-13 00:00:00,33086.63
2021-07-13 04:00:00,33071.14
2021-07-13 08:00:00,33180.08
2021-07-13 12:00:00,33042.61
2021-07-13 16:00:00,32790.08
2021-07-13 20:00:00,32309.69
2021-07-14 00:00:00,32729.77
2021-07-14 04:00:00,31830.01
2021-07-14 08:00:00,31920.01
2021-07-14 12:00:00,32451.99
2021-07-14 16:00:00,32786
2021-07-14 20:00:00,32729.76
2021-07-15 00:00:00,32820.02
2021-07-15 04:00:00,32641.65
2021-07-15 08:00:00,32469.5
2021-07-15 12:00:00,31880.5
2021-07-15 16:00:00,31677.01
2021-07-15 20:00:00,31533.62
2021-07-16 00:00:00,31880
2021-07-16 04:00:00,31914.89
2021-07-16 08:00:00,31774.49
2021-07-16 12:00:00,31086.53
2021-07-16 16:00:00,32127.39
2021-07-16 20:00:00,31911.34
2021-07-17 00:00:00,31383.87
2021-07-17 04:00:00,31306.56
2021-07-17 08:00:00,31513.64
2021-07-17 12:00:00,31391.33
2021-07-17 16:00:00,31764.75
2021-07-17 20:00:00,31834.33
2021-07-18 00:00:00,31520.07
2021-07-18 04:00:00,32166
2021-07-18 08:00:00,31712.1
2021-07-18 12:00:00,31801.01
2021-07-18 16:00:00,31365.6
2021-07-18 20:00:00,31643.8
2021-07-19 00:00:00,31778.56
2021-07-19 04:00:00,31541.57
2021-07-19 08:00:00,31604.33
2021-07-19 12:00:00,31265.92
2021-07-19 16:00:00,30687.96
2021-07-19 20:00:00,30744.97
2021-07-20 00:00:00,30839.65
2021-07-20 04:00:00,29600.46
2021-07-20 08:00:00,29821.73
2021-07-20 12:00:00,29692.79
2021-07-20 16:00:00,29888.36
2021-07-20 20:00:00,29780.86
2021-07-21 00:00:00,29790.35
2021-07-21 04:00:00,29845.1
2021-07-21 08:00:00,30817.84
2021-07-21 12:00:00,31534.11
2021-07-21 16:00:00,31933
2021-07-21 20:00:00,31627.57
2021-07-22 00:00:00,32144.51
2021-07-22 04:00:00,31929.64
2021-07-22 08:00:00,32129.75
2021-07-22 12:00:00,31913.64
2021-07-22 16:00:00,32504.82
2021-07-22 20:00:00,32376.93
2021-07-23 00:00:00,32287.83
2021-07-23 04:00:00,32594.46
2021-07-23 08:00:00,32490
2021-07-23 12:00:00,32296.51
2021-07-23 16:00:00,32315
2021-07-23 20:00:00,32248.63
2021-07-24 00:00:00,33634.09
2021-07-24 04:00:00,33669.98
2021-07-24 08:00:00,33806.5
2021-07-24 12:00:00,33867
2021-07-24 16:00:00,33847.51
2021-07-24 20:00:00,33846.16
2021-07-25 00:00:00,34258.14
2021-07-25 04:00:00,34160.85
2021-07-25 08:00:00,34695.51
2021-07-25 12:00:00,34399.04
2021-07-25 16:00:00,34174.08
2021-07-25 20:00:00,34353.25
2021-07-26 00:00:00,35381.02
2021-07-26 04:00:00,38283.98
2021-07-26 08:00:00,38150
2021-07-26 12:00:00,38473.61
2021-07-26 16:00:00,38562.21
2021-07-26 20:00:00,39365.15
2021-07-27 00:00:00,37237.6
2021-07-27 04:00:00,36823.8
2021-07-27 08:00:00,37115.11
2021-07-27 12:00:00,38064.87
2021-07-27 16:00:00,38209.58
2021-07-27 20:00:00,37800.49
2021-07-28 00:00:00,39457.87
2021-07-28 04:00:00,39817.56
2021-07-28 08:00:00,39895.88
2021-07-28 12:00:00,40750.84
2021-07-28 16:00:00,39689.04
2021-07-28 20:00:00,40388.61
2021-07-29 00:00:00,40019.56
2021-07-29 04:00:00,39609.78
2021-07-29 08:00:00,39934.62
2021-07-29 12:00:00,39769.99
2021-07-29 16:00:00,39939.33
2021-07-29 20:00:00,39659.84
2021-07-30 00:00:00,40016.48
2021-07-30 04:00:00,39969.99
2021-07-30 08:00:00,39726.01
2021-07-30 12:00:00,38642.46
2021-07-30 16:00:00,39073.85
2021-07-30 20:00:00,39853.72
2021-07-31 00:00:00,42206.37
2021-07-31 04:00:00,41810.01
2021-07-31 08:00:00,41540.32
2021-07-31 12:00:00,41592.15
2021-07-31 16:00:00,41537.83
2021-07-31 20:00:00,41303.63
2021-08-01 00:00:00,41461.83
2021-08-01 04:00:00,42435.13
2021-08-01 08:00:00,41701.26
2021-08-01 12:00:00,41587.01
2021-08-01 16:00:00,41286.98
2021-08-01 20:00:00,41263.35
2021-08-02 00:00:00,39845.44
2021-08-02 04:00:00,39785.59
2021-08-02 08:00:00,40104.45
2021-08-02 12:00:00,39542.42
2021-08-02 16:00:00,39705.12
2021-08-02 20:00:00,39177.85
2021-08-03 00:00:00,39147.82
2021-08-03 04:00:00,38655.74
2021-08-03 08:00:00,38593.44
2021-08-03 12:00:00,38490.01
2021-08-03 16:00:00,38169.44
2021-08-03 20:00:00,38011.37
2021-08-04 00:00:00,38207.05
2021-08-04 04:00:00,37976.81
2021-08-04 08:00:00,37828.84
2021-08-04 12:00:00,38160.06
2021-08-04 16:00:00,39302
2021-08-04 20:00:00,39752.17
2021-08-05 00:00:00,39723.18
2021-08-05 04:00:00,39435.09
2021-08-05 08:00:00,38870.59
2021-08-05 12:00:00,38008.38
2021-08-05 16:00:00,38750.01
2021-08-05 20:00:00,40692.24
2021-08-06 00:00:00,40862.46
2021-08-06 04:00:00,40219.47
2021-08-06 08:00:00,40729.59
2021-08-06 12:00:00,40507.56
2021-08-06 16:00:00,42199.98
2021-08-06 20:00:00,42901.17
2021-08-07 00:00:00,42836.87
2021-08-07 04:00:00,43691.86
2021-08-07 08:00:00,43207.89
2021-08-07 12:00:00,43800.03
2021-08-07 16:00:00,43370.23
2021-08-07 20:00:00,43931.41
2021-08-08 00:00:00,44572.54
2021-08-08 04:00:00,44322.42
2021-08-08 08:00:00,44804.51
2021-08-08 12:00:00,44452.06
2021-08-08 16:00:00,43984.55
2021-08-08 20:00:00,43715.1
2021-08-09 00:00:00,43794.37
2021-08-09 04:00:00,43496.09
2021-08-09 08:00:00,43800.74
2021-08-09 12:00:00,45930.01
2021-08-09 16:00:00,45870.75
2021-08-09 20:00:00,45979.85
2021-08-10 00:00:00,46253.4
2021-08-10 04:00:00,45708.76
2021-08-10 08:00:00,45948
2021-08-10 12:00:00,45345.05
2021-08-10 16:00:00,45165.73
2021-08-10 20:00:00,45495.73
2021-08-11 00:00:00,45584.99
2021-08-11 04:00:00,45585.66
2021-08-11 08:00:00,46349.25
2021-08-11 12:00:00,45924.08
2021-08-11 16:00:00,46456.02
2021-08-11 20:00:00,46448
2021-08-12 00:00:00,45511
2021-08-12 04:00:00,45927
2021-08-12 08:00:00,45243.61
2021-08-12 12:00:00,44752.56
2021-08-12 16:00:00,44196.19
2021-08-12 20:00:00,44371.32
2021-08-13 00:00:00,44399
2021-08-13 04:00:00,44847.26
2021-08-13 08:00:00,46103.51
2021-08-13 12:00:00,46138.47
2021-08-13 16:00:00,46357.15
2021-08-13 20:00:00,46459.86
2021-08-14 00:00:00,47800
2021-08-14 04:00:00,47540
2021-08-14 08:00:00,47616.12
2021-08-14 12:00:00,46569.99
2021-08-14 16:00:00,46944.47
2021-08-14 20:00:00,47033.76
2021-08-15 00:00:00,47068.51
2021-08-15 04:00:00,46874.81
2021-08-15 08:00:00,45742.92
2021-08-15 12:00:00,45923.57
2021-08-15 16:00:00,46167.9
2021-08-15 20:00:00,46341.8
2021-08-16 00:00:00,46973.82
2021-08-16 04:00:00,47357.62
2021-08-16 08:00:00,47309.85
2021-08-16 12:00:00,47516.95
2021-08-16 16:00:00,46344.03
2021-08-16 20:00:00,46092.99
2021-08-17 00:00:00,45901.29
2021-08-17 04:00:00,46417
2021-08-17 08:00:00,45947.49
2021-08-17 12:00:00,46849.43
2021-08-17 16:00:00,45730
2021-08-17 20:00:00,45465.01
2021-08-18 00:00:00,44695.95
2021-08-18 04:00:00,45055.78
2021-08-18 08:00:00,44951.32
2021-08-18 12:00:00,44746.59
2021-08-18 16:00:00,45820
2021-08-18 20:00:00,44901.12
2021-08-19 00:00:00,44705.29
2021-08-19 04:00:00,44046.97
2021-08-19 08:00:00,44660.01
2021-08-19 12:00:00,44215.25
2021-08-19 16:00:00,45779.58
2021-08-19 20:00:00,46710
2021-08-20 00:00:00,46760.62
2021-08-20 04:00:00,47054.74
2021-08-20 08:00:00,46833.48
2021-08-20 12:00:00,46922.34
2021-08-20 16:00:00,48718.38
2021-08-20 20:00:00,48684.16
2021-08-21 00:00:00,49322.47
2021-08-21 04:00:00,48828.17
2021-08-21 08:00:00,48944.23
2021-08-21 12:00:00,48501.87
2021-08-21 16:00:00,49180.98
2021-08-21 20:00:00,48978.68
2021-08-22 00:00:00,48821.87
2021-08-22 04:00:00,48790
2021-08-22 08:00:00,49195.01
2021-08-22 12:00:00,49132.04
2021-08-22 16:00:00,48526.61
2021-08-22 20:00:00,48647.85
2021-08-23 00:00:00,49239.22
2021-08-23 04:00:00,50260
2021-08-23 08:00:00,50130.05
2021-08-23 12:00:00,50394.85
2021-08-23 16:00:00,49537.97
2021-08-23 20:00:00,49239.69
2021-08-24 00:00:00,49488.85
2021-08-24 04:00:00,49331.16
2021-08-24 08:00:00,49770.13
2021-08-24 12:00:00,49429.99
2021-08-24 16:00:00,48310.74
2021-08-24 20:00:00,48243.2
2021-08-25 00:00:00,47674.01
2021-08-25 04:00:00,47975.93
2021-08-25 08:00:00,48144.58
2021-08-25 12:00:00,47570.01
2021-08-25 16:00:00,48822.49
2021-08-25 20:00:00,48652.14
2021-08-26 00:00:00,48973.32
2021-08-26 04:00:00,47911.79
2021-08-26 08:00:00,46891.75
2021-08-26 12:00:00,46835.89
2021-08-26 16:00:00,46800
2021-08-26 20:00:00,46939.75
2021-08-27 00:00:00,46843.87
2021-08-27 04:00:00,46822.23
2021-08-27 08:00:00,47483.44
2021-08-27 12:00:00,47453.83
2021-08-27 16:00:00,48184.67
2021-08-27 20:00:00,48293.69
2021-08-28 00:00:00,49069.9
2021-08-28 04:00:00,48852.99
2021-08-28 08:00:00,48950
2021-08-28 12:00:00,48674.72
2021-08-28 16:00:00,48811.12
2021-08-28 20:00:00,48651.93
2021-08-29 00:00:00,48895.35
2021-08-29 04:00:00,48227.31
2021-08-29 08:00:00,48480.1
2021-08-29 12:00:00,48159.98
2021-08-29 16:00:00,48474.95
2021-08-29 20:00:00,48799.27
2021-08-30 00:00:00,48767.83
2021-08-30 04:00:00,47964.04
2021-08-30 08:00:00,47930.4
2021-08-30 12:00:00,47902.76
2021-08-30 16:00:00,48019.64
2021-08-30 20:00:00,48619.99
2021-08-31 00:00:00,46982.91
2021-08-31 04:00:00,47150.68
2021-08-31 08:00:00,47761.26
2021-08-31 12:00:00,47969.51
2021-08-31 16:00:00,47397.13
2021-08-31 20:00:00,47300.01
2021-09-01 00:00:00,47100.89
2021-09-01 04:00:00,47043.65
2021-09-01 08:00:00,47171.01
2021-09-01 12:00:00,47713.31
2021-09-01 16:00:00,47488.49
2021-09-01 20:00:00,48150
2021-09-02 00:00:00,48810.52
2021-09-02 04:00:00,49561.24
2021-09-02 08:00:00,49846.27
2021-09-02 12:00:00,50072.61
2021-09-02 16:00:00,49540.7
2021-09-02 20:00:00,49340.05
2021-09-03 00:00:00,49246.64
2021-09-03 04:00:00,49476.83
2021-09-03 08:00:00,49305.11
2021-09-03 12:00:00,50168.54
2021-09-03 16:00:00,50550.44
2021-09-03 20:00:00,50528.49
2021-09-04 00:00:00,49999.14
2021-09-04 04:00:00,50277.43
2021-09-04 08:00:00,50187.29
2021-09-04 12:00:00,49902.94
2021-09-04 16:00:00,49873.53
2021-09-04 20:00:00,49974.82
2021-09-05 00:00:00,49915.64
2021-09-05 04:00:00,49663.21
2021-09-05 08:00:00,49857.14
2021-09-05 12:00:00,50198.78
2021-09-05 16:00:00,50214.95
2021-09-05 20:00:00,50684.56
2021-09-06 00:00:00,51756.88
2021-09-06 04:00:00,51595.29
2021-09-06 08:00:00,51796.19
2021-09-06 12:00:00,51400.67
2021-09-06 16:00:00,51604.45
2021-09-06 20:00:00,51715.39
2021-09-07 00:00:00,52663.9
2021-09-07 04:00:00,52654.16
2021-09-07 08:00:00,52344.08
2021-09-07 12:00:00,50941.48
2021-09-07 16:00:00,46656.07
2021-09-07 20:00:00,46694.59
2021-09-08 00:00:00,46863.73
2021-09-08 04:00:00,46450.41
2021-09-08 08:00:00,45080.3
2021-09-08 12:00:00,46394.09
2021-09-08 16:00:00,46087.35
2021-09-08 20:00:00,46436.32
2021-09-09 00:00:00,46048.31
2021-09-09 04:00:00,46001.11
2021-09-09 08:00:00,46275
2021-09-09 12:00:00,46293.15
2021-09-09 16:00:00,47001.65
2021-09-09 20:00:00,46574.75
2021-09-10 00:00:00,46395.14
2021-09-10 04:00:00,46719.71
2021-09-10 08:00:00,46160.55
2021-09-10 12:00:00,46331.86
2021-09-10 16:00:00,45420.86
2021-09-10 20:00:00,45649.78
2021-09-11 00:00:00,44850.91
2021-09-11 04:00:00,45191.88
2021-09-11 08:00:00,45043.97
2021-09-11 12:00:00,45555.04
2021-09-11 16:00:00,45573.99
2021-09-11 20:00:00,45357.06
2021-09-12 00:00:00,45173.69
2021-09-12 04:00:00,45316.28
2021-09-12 08:00:00,45357.02
2021-09-12 12:00:00,46085.9
2021-09-12 16:00:00,45886.99
2021-09-12 20:00:00,45902.87
2021-09-13 00:00:00,46025.24
2021-09-13 04:00:00,44617.79
2021-09-13 08:00:00,44470.63
2021-09-13 12:00:00,44859.24
2021-09-13 16:00:00,44361.31
2021-09-13 20:00:00,44741.66
2021-09-14 00:00:00,44940.73
2021-09-14 04:00:00,45186.85
2021-09-14 08:00:00,45720.02
2021-09-14 12:00:00,45973.8
2021-09-14 16:00:00,46754.42
2021-09-14 20:00:00,46474.89
2021-09-15 00:00:00,47111.52
2021-09-15 04:00:00,47075.48
2021-09-15 08:00:00,47172.84
2021-09-15 12:00:00,47560.74
2021-09-15 16:00:00,48288
2021-09-15 20:00:00,48075.44
2021-09-16 00:00:00,48121.41
2021-09-16 04:00:00,47615.08
2021-09-16 08:00:00,48343.52
2021-09-16 12:00:00,47895.01
2021-09-16 16:00:00,48020.24
2021-09-16 20:00:00,47430.01
2021-09-17 00:00:00,47737.82
2021-09-17 04:00:00,47899.83
2021-09-17 08:00:00,47719.73
2021-09-17 12:00:00,47403.56
2021-09-17 16:00:00,47527.52
2021-09-17 20:00:00,47501.68
2021-09-18 00:00:00,47299.98
2021-09-18 04:00:00,47924.57
2021-09-18 08:00:00,48622.01
2021-09-18 12:00:00,48367.16
2021-09-18 16:00:00,48414.99
2021-09-18 20:00:00,48266
2021-09-19 00:00:00,48292.74
2021-09-19 04:00:00,47844.88
2021-09-19 08:00:00,48157.7
2021-09-19 12:00:00,47327.73
2021-09-19 16:00:00,47646.72
2021-09-19 20:00:00,47376.72
2021-09-20 00:00:00,47241.75
2021-09-20 04:00:00,45542.76
2021-09-20 08:00:00,44824.89
2021-09-20 12:00:00,43739.75
2021-09-20 16:00:00,43844.88
2021-09-20 20:00:00,43850.25
2021-09-21 00:00:00,43015.62
2021-09-21 04:00:00,42683.01
2021-09-21 08:00:00,43301.07
2021-09-21 12:00:00,43288.97
2021-09-21 16:00:00,43072.81
2021-09-21 20:00:00,42013.63
2021-09-22 00:00:00,40734.38
2021-09-22 04:00:00,42052.09
2021-09-22 08:00:00,42540
2021-09-22 12:00:00,41928.32
2021-09-22 16:00:00,43222.96
2021-09-22 20:00:00,43384.9
2021-09-23 00:00:00,43543.61
2021-09-23 04:00:00,44074.57
2021-09-23 08:00:00,44229.99
2021-09-23 12:00:00,43648.15
2021-09-23 16:00:00,43747.63
2021-09-23 20:00:00,44767.57
2021-09-24 00:00:00,44865.26
2021-09-24 04:00:00,44283.03
2021-09-24 08:00:00,44818.46
2021-09-24 12:00:00,41527.5
2021-09-24 16:00:00,41944.01
2021-09-24 20:00:00,42371.43
2021-09-25 00:00:00,42810.57
2021-09-25 04:00:00,42608.11
2021-09-25 08:00:00,42372.02
2021-09-25 12:00:00,42485.03
2021-09-25 16:00:00,42669.96
2021-09-25 20:00:00,42665.95
2021-09-26 00:00:00,42670.64
2021-09-26 04:00:00,42212.4
2021-09-26 08:00:00,41231.34
2021-09-26 12:00:00,43063.57
2021-09-26 16:00:00,43343.73
2021-09-26 20:00:00,43252.54
2021-09-27 00:00:00,43160.9
2021-09-27 04:00:00,44038.75
2021-09-27 08:00:00,43688.03
2021-09-27 12:00:00,43747.69
2021-09-27 16:00:00,43293.26
2021-09-27 20:00:00,43011.82
2021-09-28 00:00:00,42147.35
2021-09-28 04:00:00,42558.4
2021-09-28 08:00:00,41775.25
2021-09-28 12:00:00,42101.49
2021-09-28 16:00:00,41447.18
2021-09-28 20:00:00,41601.99
2021-09-29 00:00:00,41026.54
2021-09-29 04:00:00,42199.99
2021-09-29 08:00:00,42450.25
2021-09-29 12:00:00,42399.98
2021-09-29 16:00:00,41698.98
2021-09-29 20:00:00,41207.86
2021-09-30 00:00:00,41524.28
2021-09-30 04:00:00,43591.23
2021-09-30 08:00:00,43286.88
2021-09-30 12:00:00,43072.29
2021-09-30 16:00:00,43149.02
2021-09-30 20:00:00,43532.31
2021-10-01 00:00:00,43824.1
2021-10-01 04:00:00,43635.79
2021-10-01 08:00:00,44788.42
2021-10-01 12:00:00,47488.08
2021-10-01 16:00:00,47363.68
2021-10-01 20:00:00,48030
2021-10-02 00:00:00,48141.61
2021-10-02 04:00:00,47520.84
2021-10-02 08:00:00,47725.01
2021-10-02 12:00:00,47683.45
2021-10-02 16:00:00,47828.52
2021-10-02 20:00:00,48239.99
2021-10-03 00:00:00,47634.9
2021-10-03 04:00:00,47898.66
2021-10-03 08:00:00,47895.99
2021-10-03 12:00:00,47974.86
2021-10-03 16:00:00,47879.82
2021-10-03 20:00:00,48774.76
2021-10-04 00:00:00,48200.01
2021-10-04 04:00:00,47468.79
2021-10-04 08:00:00,47838.54
2021-10-04 12:00:00,47585.85
2021-10-04 16:00:00,47758.23
2021-10-04 20:00:00,49380
2021-10-05 00:00:00,49224.94
2021-10-05 04:00:00,49306.68
2021-10-05 08:00:00,49476.51
2021-10-05 12:00:00,49877.06
2021-10-05 16:00:00,49793.57
2021-10-05 20:00:00,51190.11
2021-10-06 00:00:00,51471.99
2021-10-06 04:00:00,51513.81
2021-10-06 08:00:00,51449.99
2021-10-06 12:00:00,51306.56
2021-10-06 16:00:00,54984.19
2021-10-06 20:00:00,55049.99
2021-10-07 00:00:00,55315
2021-10-07 04:00:00,54810.94
2021-10-07 08:00:00,54755.92
2021-10-07 12:00:00,54305.54
2021-10-07 16:00:00,53899.99
2021-10-07 20:00:00,53962.76
2021-10-08 00:00:00,53785.22
2021-10-08 04:00:00,53815.22
2021-10-08 08:00:00,54829.39
2021-10-08 12:00:00,55242.72
2021-10-08 16:00:00,54324.84
2021-10-08 20:00:00,54686.48
2021-10-09 00:00:00,53951.43
2021-10-09 04:00:00,54560.58
2021-10-09 08:00:00,54917.55
2021-10-09 12:00:00,54792.68
2021-10-09 16:00:00,54977.29
2021-10-09 20:00:00,54656.81
2021-10-10 00:00:00,54949.72
2021-10-10 04:00:00,55049.15
2021-10-10 08:00:00,55668.81
2021-10-10 12:00:00,55144.99
2021-10-10 16:00:00,55373.01
2021-10-10 20:00:00,55450.25
2021-10-11 00:00:00,54659
2021-10-11 04:00:00,56507.09
2021-10-11 08:00:00,56789.76
2021-10-11 12:00:00,56407.51
2021-10-11 16:00:00,57490.18
2021-10-11 20:00:00,57488.33
2021-10-12 00:00:00,57471.35
2021-10-12 04:00:00,56711.35
2021-10-12 08:00:00,57342.79
2021-10-12 12:00:00,57240.14
2021-10-12 16:00:00,56303.2
2021-10-12 20:00:00,55329.78
2021-10-13 00:00:00,55996.93
2021-10-13 04:00:00,56277.78
2021-10-13 08:00:00,54612.61
2021-10-13 12:00:00,55210.79
2021-10-13 16:00:00,56168.85
2021-10-13 20:00:00,57259.77
2021-10-14 00:00:00,57367
2021-10-14 04:00:00,58065.99
2021-10-14 08:00:00,57367.3
2021-10-14 12:00:00,57622.42
2021-10-14 16:00:00,57331.31
2021-10-14 20:00:00,57833.12
2021-10-15 00:00:00,57347.94
2021-10-15 04:00:00,59431.71
2021-10-15 08:00:00,59231.5
2021-10-15 12:00:00,59527.99
2021-10-15 16:00:00,60038.36
2021-10-15 20:00:00,61446.32
2021-10-16 00:00:00,61672.42
2021-10-16 04:00:00,61655.99
2021-10-16 08:00:00,61733.96
2021-10-16 12:00:00,61597.26
2021-10-16 16:00:00,60941.04
2021-10-16 20:00:00,60834.34
2021-10-17 00:00:00,60875.57
2021-10-17 04:00:00,61115.85
2021-10-17 08:00:00,60329.54
2021-10-17 12:00:00,60939.89
2021-10-17 16:00:00,60764.12
2021-10-17 20:00:00,60519.48
2021-10-18 00:00:00,61528.33
2021-10-18 04:00:00,62123.87
2021-10-18 08:00:00,61885.42
2021-10-18 12:00:00,60933.04
2021-10-18 16:00:00,62003.03
2021-10-18 20:00:00,61434.63
2021-10-19 00:00:00,62009.84
2021-10-19 04:00:00,62588.86
2021-10-19 08:00:00,62297.06
2021-10-19 12:00:00,62128.39
2021-10-19 16:00:00,62395.99
2021-10-19 20:00:00,64177.15
2021-10-20 00:00:00,64280.59
2021-10-20 04:00:00,63844.67
2021-10-20 08:00:00,63999.97
2021-10-20 12:00:00,63791.1
2021-10-20 16:00:00,66875.83
2021-10-20 20:00:00,66397.59
2021-10-21 00:00:00,66001.41
2021-10-21 04:00:00,65069.02
2021-10-21 08:00:00,65100.7
2021-10-21 12:00:00,64827.9
2021-10-21 16:00:00,62971.2
2021-10-21 20:00:00,62802.07
2021-10-22 00:00:00,62193.15
2021-10-22 04:00:00,63237.9
2021-10-22 08:00:00,63371.33
2021-10-22 12:00:00,63376.8
2021-10-22 16:00:00,60690.94
2021-10-22 20:00:00,61032.7
2021-10-23 00:00:00,60688.22
2021-10-23 04:00:00,61236.52
2021-10-23 08:00:00,60880
2021-10-23 12:00:00,61552.23
2021-10-23 16:00:00,61446.87
2021-10-23 20:00:00,61008.02
2021-10-24 00:00:00,61286.75
2021-10-24 04:00:00,61227.76
2021-10-24 08:00:00,60687.82
2021-10-24 12:00:00,60281
2021-10-24 16:00:00,59859.97
2021-10-24 20:00:00,60643.09
2021-10-25 00:00:00,60852.22
2021-10-25 04:00:00,62084.26
2021-10-25 08:00:00,62660.65
2021-10-25 12:00:00,62759.19
2021-10-25 16:00:00,63606.87
2021-10-25 20:00:00,62688
2021-10-26 00:00:00,63078.78
2021-10-26 04:00:00,62758.02
2021-10-26 08:00:00,62432.54
2021-10-26 12:00:00,62739.98
2021-10-26 16:00:00,62514.59
2021-10-26 20:00:00,62000
2021-10-27 00:00:00,60328.81
2021-10-27 04:00:00,60714.34
2021-10-27 08:00:00,59949.93
2021-10-27 12:00:00,58564
2021-10-27 16:00:00,58819.14
2021-10-27 20:00:00,59062.32
2021-10-28 00:00:00,58413.44
2021-10-28 04:00:00,58839.8
2021-10-28 08:00:00,58993.71
2021-10-28 12:00:00,60960.61
2021-10-28 16:00:00,61138.62
2021-10-28 20:00:00,61289.13
2021-10-29 00:00:00,60575.89
2021-10-29 04:00:00,61642.99
2021-10-29 08:00:00,60569.05
2021-10-29 12:00:00,60940.91
2021-10-29 16:00:00,62299.99
2021-10-29 20:00:00,62545.11
2021-10-30 00:00:00,62253.71
2021-10-30 04:00:00,61679.95
2021-10-30 08:00:00,61597.19
2021-10-30 12:00:00,61595.01
2021-10-30 16:00:00,61377.19
2021-10-30 20:00:00,61730.85
2021-10-31 00:00:00,61859.19
2021-10-31 04:00:00,61697.84
2021-10-31 08:00:00,61362.61
2021-10-31 12:00:00,60467.81
2021-10-31 16:00:00,60460.23
2021-10-31 20:00:00,60689.95
2021-11-01 00:00:00,61299.8
2021-11-01 04:00:00,59922.98
2021-11-01 08:00:00,62178.31
2021-11-01 12:00:00,61807.99
2021-11-01 16:00:00,61550.89
2021-11-01 20:00:00,61435.98
2021-11-02 00:00:00,60911.11
2021-11-02 04:00:00,61074.5
2021-11-02 08:00:00,61521.13
2021-11-02 12:00:00,62913.3
2021-11-02 16:00:00,64018.73
2021-11-02 20:00:00,63576.05
2021-11-03 00:00:00,63219.99
2021-11-03 04:00:00,63210.41
2021-11-03 08:00:00,63394.63
2021-11-03 12:00:00,63108.43
2021-11-03 16:00:00,62190
2021-11-03 20:00:00,62800
2021-11-04 00:00:00,62896.48
2021-11-04 04:00:00,62420
2021-11-04 08:00:00,61853.79
2021-11-04 12:00:00,61447.22
2021-11-04 16:00:00,61035.01
2021-11-04 20:00:00,61249.34
2021-11-05 00:00:00,61395.01
2021-11-05 04:00:00,62203.8
2021-11-05 08:00:00,62128.71
2021-11-05 12:00:00,61259.63
2021-11-05 16:00:00,60782.17
2021-11-05 20:00:00,61090.69
2021-11-06 00:00:00,60937.12
2021-11-06 04:00:00,61109.52
2021-11-06 08:00:00,60790.88
2021-11-06 12:00:00,60327.47
2021-11-06 16:00:00,60648.59
2021-11-06 20:00:00,61175.4
2021-11-07 00:00:00,61470.61
2021-11-07 04:00:00,62133.04
2021-11-07 08:00:00,61759.87
2021-11-07 12:00:00,61911.4
2021-11-07 16:00:00,61938.01
2021-11-07 20:00:00,62265.57
2021-11-08 00:00:00,63273.59
2021-11-08 04:00:00,65199.99
2021-11-08 08:00:00,65941.89
2021-11-08 12:00:00,66037.21
2021-11-08 16:00:00,66379.41
2021-11-08 20:00:00,65835.01
2021-11-09 00:00:00,67525.83
2021-11-09 04:00:00,68490
2021-11-09 08:00:00,67852.56
2021-11-09 12:00:00,67594.98
2021-11-09 16:00:00,66771.1
2021-11-09 20:00:00,66800.21
2021-11-10 00:00:00,66947.66
2021-11-10 04:00:00,66487.23
2021-11-10 08:00:00,66426.43
2021-11-10 12:00:00,66546.8
2021-11-10 16:00:00,68348.63
2021-11-10 20:00:00,66650.99
2021-11-11 00:00:00,64882.43
2021-11-11 04:00:00,64746.18
2021-11-11 08:00:00,65228.4
2021-11-11 12:00:00,65255.88
2021-11-11 16:00:00,64799.6
2021-11-11 20:00:00,65119.99
2021-11-12 00:00:00,64774.26
2021-11-12 04:00:00,64826.63
2021-11-12 08:00:00,64488.12
2021-11-12 12:00:00,63753.19
2021-11-12 16:00:00,63155.94
2021-11-12 20:00:00,63845.01
2021-11-13 00:00:00,64122.23
2021-11-13 04:00:00,63773.94
2021-11-13 08:00:00,64029.99
2021-11-13 12:00:00,63554.23
2021-11-13 16:00:00,64688.99
2021-11-13 20:00:00,63941.65
2021-11-14 00:00:00,64380
2021-11-14 04:00:00,64637.81
2021-11-14 08:00:00,64627.58
2021-11-14 12:00:00,64445.07
2021-11-14 16:00:00,64070.41
2021-11-14 20:00:00,64170
2021-11-15 00:00:00,65519.1
2021-11-15 04:00:00,65712.65
2021-11-15 08:00:00,65579.71
2021-11-15 12:00:00,65733.06
2021-11-15 16:00:00,64288.16
2021-11-15 20:00:00,64265.9
2021-11-16 00:00:00,63606.74
2021-11-16 04:00:00,60907.41
2021-11-16 08:00:00,60805.27
2021-11-16 12:00:00,60574.49
2021-11-16 16:00:00,60669.14
2021-11-16 20:00:00,60204.47
2021-11-17 00:00:00,60058.87
2021-11-17 04:00:00,59039.99
2021-11-17 08:00:00,59688
2021-11-17 12:00:00,60762.83
2021-11-17 16:00:00,59664.49
2021-11-17 20:00:00,60212.49
2021-11-18 00:00:00,60344.87
2021-11-18 04:00:00,59840.01
2021-11-18 08:00:00,59734.2
2021-11-18 12:00:00,59213.49
2021-11-18 16:00:00,58100.04
2021-11-18 20:00:00,57928
2021-11-19 00:00:00,56891.62
2021-11-19 04:00:00,55900
2021-11-19 08:00:00,55987.83
2021-11-19 12:00:00,56989.59
2021-11-19 16:00:00,57887.98
2021-11-19 20:00:00,58033.05
2021-11-20 00:00:00,58052.24
2021-11-20 04:00:00,58513.1
2021-11-20 08:00:00,58380.06
2021-11-20 12:00:00,58625.67
2021-11-20 16:00:00,57588.37
2021-11-20 20:00:00,59430.04
2021-11-21 00:00:00,59707.51
2021-11-21 04:00:00,58674.67
2021-11-21 08:00:00,58982.74
2021-11-21 12:00:00,58692.91
2021-11-21 16:00:00,59199.26
2021-11-21 20:00:00,59314.13
2021-11-22 00:00:00,58622.02
2021-11-22 04:00:00,57383.39
2021-11-22 08:00:00,57259.54
2021-11-22 12:00:00,57180.51
2021-11-22 16:00:00,58194.79
2021-11-22 20:00:00,55993.03
2021-11-23 00:00:00,56247.18
2021-11-23 04:00:00,56947.82
2021-11-23 08:00:00,56006.74
2021-11-23 12:00:00,56149.51
2021-11-23 16:00:00,56883.07
2021-11-23 20:00:00,57778.2
2021-11-24 00:00:00,57541.27
2021-11-24 04:00:00,56399.99
2021-11-24 08:00:00,56497.47
2021-11-24 12:00:00,56613.63
2021-11-24 16:00:00,56727.53
2021-11-24 20:00:00,56825.13
2021-11-25 00:00:00,57138.29
2021-11-25 04:00:00,57749.99
2021-11-25 08:00:00,57648.89
2021-11-25 12:00:00,58009.99
2021-11-25 16:00:00,59048.5
2021-11-25 20:00:00,58853.83
2021-11-26 00:00:00,58960.36
2021-11-26 04:00:00,57900.91
2021-11-26 08:00:00,56957.86
2021-11-26 12:00:00,53719.3
2021-11-26 16:00:00,54341.55
2021-11-26 20:00:00,54326.76
2021-11-27 00:00:00,53726.53
2021-11-27 04:00:00,54347.07
2021-11-27 08:00:00,54394.56
2021-11-27 12:00:00,54605.73
2021-11-27 16:00:00,54898.22
2021-11-27 20:00:00,54935.91
2021-11-28 00:00:00,54721.03
2021-11-28 04:00:00,54137.31
2021-11-28 08:00:00,54515.61
2021-11-28 12:00:00,54493.09
2021-11-28 16:00:00,54296.14
2021-11-28 20:00:00,54617.85
2021-11-29 00:00:00,57274.88
2021-11-29 04:00:00,57359.02
2021-11-29 08:00:00,57515.13
2021-11-29 12:00:00,56883.29
2021-11-29 16:00:00,57125.93
2021-11-29 20:00:00,57880.67
2021-11-30 00:00:00,57776.25
2021-11-30 04:00:00,57092.92
2021-11-30 08:00:00,56510.08
2021-11-30 12:00:00,57602.45
2021-11-30 16:00:00,57238.84
2021-11-30 20:00:00,57629.99
2021-12-01 00:00:00,56950.56
2021-12-01 04:00:00,57362.01
2021-12-01 08:00:00,57163.87
2021-12-01 12:00:00,57157.93
2021-12-01 16:00:00,58614.49
2021-12-01 20:00:00,57427.9
2021-12-02 00:00:00,57184.07
2021-12-02 04:00:00,56300.12
2021-12-02 08:00:00,56810.43
2021-12-02 12:00:00,56314.2
2021-12-02 16:00:00,56520.81
2021-12-02 20:00:00,56616.28
2021-12-03 00:00:00,56480.34
2021-12-03 04:00:00,56323.01
2021-12-03 08:00:00,56733.69
2021-12-03 12:00:00,56959.77
2021-12-03 16:00:00,55975.32
2021-12-03 20:00:00,53838.65
2021-12-04 00:00:00,53601.05
2021-12-04 04:00:00,52000
2021-12-04 08:00:00,47242.74
2021-12-04 12:00:00,46489.67
2021-12-04 16:00:00,48203.73
2021-12-04 20:00:00,49250
2021-12-05 00:00:00,49152.47
2021-12-05 04:00:00,49170.79
2021-12-05 08:00:00,49289.18
2021-12-05 12:00:00,49242.58
2021-12-05 16:00:00,47951.57
2021-12-05 20:00:00,48902.45
2021-12-06 00:00:00,49396.33
2021-12-06 04:00:00,49018.47
2021-12-06 08:00:00,48412.66
2021-12-06 12:00:00,48577.78
2021-12-06 16:00:00,48942.68
2021-12-06 20:00:00,49103
2021-12-07 00:00:00,50441.92
2021-12-07 04:00:00,50945.03
2021-12-07 08:00:00,50907.27
2021-12-07 12:00:00,51456.2
2021-12-07 16:00:00,51734.15
2021-12-07 20:00:00,50884.48
2021-12-08 00:00:00,50588.95
2021-12-08 04:00:00,50110.91
2021-12-08 08:00:00,50480.93
2021-12-08 12:00:00,49186.51
2021-12-08 16:00:00,50640.1
2021-12-08 20:00:00,50423.21
2021-12-09 00:00:00,50471.19
2021-12-09 04:00:00,49513.35
2021-12-09 08:00:00,50016.89
2021-12-09 12:00:00,49160.53
2021-12-09 16:00:00,48464.09
2021-12-09 20:00:00,47613.53
2021-12-10 00:00:00,47545.59
2021-12-10 04:00:00,48373.48
2021-12-10 08:00:00,47694.62
2021-12-10 12:00:00,48711
2021-12-10 16:00:00,47979.22
2021-12-10 20:00:00,48098.84
2021-12-11 00:00:00,47140.54
2021-12-11 04:00:00,48296.99
2021-12-11 08:00:00,48021.76
2021-12-11 12:00:00,48240.44
2021-12-11 16:00:00,48747.02
2021-12-11 20:00:00,48407.25
2021-12-12 00:00:00,49389.99
2021-12-12 04:00:00,49305.7
2021-12-12 08:00:00,49301.21
2021-12-12 12:00:00,49124.33
2021-12-12 16:00:00,49623.26
2021-12-12 20:00:00,50221.05
2021-12-13 00:00:00,50053.9
2021-12-13 04:00:00,48873.19
2021-12-13 08:00:00,48740.01
2021-12-13 12:00:00,48847.26
2021-12-13 16:00:00,47252.02
2021-12-13 20:00:00,46739.36
2021-12-14 00:00:00,46702.75
2021-12-14 04:00:00,46952
2021-12-14 08:00:00,47000
2021-12-14 12:00:00,47622
2021-12-14 16:00:00,46853.86
2021-12-14 20:00:00,46859.4
2021-12-15 00:00:00,48343.28
2021-12-15 04:00:00,48262.41
2021-12-15 08:00:00,48209.51
2021-12-15 12:00:00,48132.54
2021-12-15 16:00:00,46632.31
2021-12-15 20:00:00,48674.9
2021-12-16 00:00:00,48864.98
2021-12-16 04:00:00,48819.6
2021-12-16 08:00:00,48712.23
2021-12-16 12:00:00,49207.79
2021-12-16 16:00:00,48585.81
2021-12-16 20:00:00,47866.01
2021-12-17 00:00:00,47632.38
2021-12-17 04:00:00,47766.07
2021-12-17 08:00:00,47007.25
2021-12-17 12:00:00,47112.43
2021-12-17 16:00:00,46528.83
2021-12-17 20:00:00,46765.66
2021-12-18 00:00:00,46131.2
2021-12-18 04:00:00,46283.05
2021-12-18 08:00:00,46364.08
2021-12-18 12:00:00,47070.44
2021-12-18 16:00:00,46858.55
2021-12-18 20:00:00,46643.68
2021-12-19 00:00:00,46834.48
2021-12-19 04:00:00,47712.38
2021-12-19 08:00:00,47515.09
2021-12-19 12:00:00,47152.72
2021-12-19 16:00:00,47239.8
2021-12-19 20:00:00,46673.93
2021-12-20 00:00:00,46681.23
2021-12-20 04:00:00,46687.22
2021-12-20 08:00:00,46429.19
2021-12-20 12:00:00,46092.6
2021-12-20 16:00:00,45974.08
2021-12-20 20:00:00,46585.55
2021-12-21 00:00:00,46914.16
2021-12-21 04:00:00,47928.47
2021-12-21 08:00:00,48579.77
2021-12-21 12:00:00,48866.92
2021-12-21 16:00:00,48418.49
2021-12-21 20:00:00,48619.79
2021-12-22 00:00:00,48889.88
2021-12-22 04:00:00,49249
2021-12-22 08:00:00,49206.42
2021-12-22 12:00:00,48981.99
2021-12-22 16:00:00,48879.28
2021-12-22 20:00:00,48931.99
2021-12-23 00:00:00,48588.16
2021-12-23 04:00:00,48524.11
2021-12-23 08:00:00,48129.6
2021-12-23 12:00:00,48354.77
2021-12-23 16:00:00,48819.33
2021-12-23 20:00:00,51109.99
2021-12-24 00:00:00,50838.81
2021-12-24 04:00:00,51029.99
2021-12-24 08:00:00,50994.75
2021-12-24 12:00:00,50993.88
2021-12-24 16:00:00,50956.68
2021-12-24 20:00:00,51126.4
2021-12-25 00:00:00,50820
2021-12-25 04:00:00,50844.14
2021-12-25 08:00:00,50919.17
2021-12-25 12:00:00,50682.97
2021-12-25 16:00:00,50659.91
2021-12-25 20:00:00,50889.15
2021-12-26 00:00:00,50399.66
2021-12-26 04:00:00,49675.56
2021-12-26 08:00:00,49930.39
2021-12-26 12:00:00,49748.89
2021-12-26 16:00:00,50049.34
2021-12-26 20:00:00,50342.51
2021-12-27 00:00:00,50775.49
2021-12-27 04:00:00,51009.02
2021-12-27 08:00:00,50694.83
2021-12-27 12:00:00,50759.45
2021-12-27 16:00:00,51450.57
2021-12-27 20:00:00,51204.64
2021-12-28 00:00:00,50701.44
2021-12-28 04:00:00,49828.06
2021-12-28 08:00:00,49227.13
2021-12-28 12:00:00,49200.39
2021-12-28 16:00:00,48937.48
2021-12-28 20:00:00,47689.46
2021-12-29 00:00:00,47543.74
2021-12-29 04:00:00,48001.01
2021-12-29 08:00:00,47570.03
2021-12-29 12:00:00,47737.95
2021-12-29 16:00:00,47959.36
2021-12-29 20:00:00,47148.61
2021-12-30 00:00:00,46464.66
2021-12-30 04:00:00,46504
2021-12-30 08:00:00,46980.71
2021-12-30 12:00:00,47515.45
2021-12-30 16:00:00,47159.41
2021-12-30 20:00:00,47558.35
2021-12-31 00:00:00,47120.87
2021-12-31 04:00:00,47201.85
2021-12-31 08:00:00,47191.09
2021-12-31 12:00:00,47975.76
2021-12-31 16:00:00,48005.37
2021-12-31 20:00:00,45728.28
2022-01-01 00:00:00,46216.93
2022-01-01 04:00:00,46813.2
2022-01-01 08:00:00,47194.73
2022-01-01 12:00:00,46758.87
2022-01-01 16:00:00,47219.04
2022-01-01 20:00:00,47329.78
2022-01-02 00:00:00,47722.65
2022-01-02 04:00:00,47329.47
2022-01-02 08:00:00,47173.45
2022-01-02 12:00:00,47235.5
2022-01-02 16:00:00,47340.47
2022-01-02 20:00:00,46907.68
2022-01-03 00:00:00,47286.18
2022-01-03 04:00:00,46793.26
2022-01-03 08:00:00,47051.37
2022-01-03 12:00:00,47378
2022-01-03 16:00:00,46693.45
2022-01-03 20:00:00,46360.01
2022-01-04 00:00:00,46446.1
2022-01-04 04:00:00,46313.97
2022-01-04 08:00:00,46550
2022-01-04 12:00:00,46733.77
2022-01-04 16:00:00,46925.35
2022-01-04 20:00:00,46052.36
2022-01-05 00:00:00,45832.01
2022-01-05 04:00:00,46422.55
2022-01-05 08:00:00,46407.51
2022-01-05 12:00:00,46270.99
2022-01-05 16:00:00,46622.53
2022-01-05 20:00:00,44685.93
2022-01-06 00:00:00,43451.13
2022-01-06 04:00:00,42835
2022-01-06 08:00:00,43245.25
2022-01-06 12:00:00,42878.34
2022-01-06 16:00:00,42950.01
2022-01-06 20:00:00,43438.1
2022-01-07 00:00:00,43082.31
2022-01-07 04:00:00,41803.11
2022-01-07 08:00:00,41706.71
2022-01-07 12:00:00,42258.62
2022-01-07 16:00:00,41319.11
2022-01-07 20:00:00,41775.38
2022-01-08 00:00:00,41566.48
2022-01-08 04:00:00,41810.91
2022-01-08 08:00:00,41913.58
2022-01-08 12:00:00,41940.22
2022-01-08 16:00:00,41613.33
2022-01-08 20:00:00,40831.07
2022-01-09 00:00:00,41679.74
2022-01-09 04:00:00,41833.89
2022-01-09 08:00:00,41791.51
2022-01-09 12:00:00,41857.62
2022-01-09 16:00:00,41621.11
2022-01-09 20:00:00,42695.26
2022-01-10 00:00:00,41864.62
2022-01-10 04:00:00,41967.59
2022-01-10 08:00:00,42042.38
2022-01-10 12:00:00,41565.34
2022-01-10 16:00:00,40984.33
2022-01-10 20:00:00,41297.15
2022-01-11 00:00:00,41822.49
2022-01-11 04:00:00,42277.98
2022-01-11 08:00:00,42211.05
2022-01-11 12:00:00,41809.99
2022-01-11 16:00:00,41733.93
2022-01-11 20:00:00,42972.05
2022-01-12 00:00:00,42729.29
2022-01-12 04:00:00,42605.02
2022-01-12 08:00:00,42561.67
2022-01-12 12:00:00,42935.92
2022-01-12 16:00:00,43560.29
2022-01-12 20:00:00,43743.11
2022-01-13 00:00:00,43902.66
2022-01-13 04:00:00,43509.93
2022-01-13 08:00:00,43699.99
2022-01-13 12:00:00,43602.31
2022-01-13 16:00:00,43200
2022-01-13 20:00:00,42700.67
2022-01-14 00:00:00,42560.11
2022-01-14 04:00:00,42623.87
2022-01-14 08:00:00,42660.01
2022-01-14 12:00:00,42012.94
2022-01-14 16:00:00,43109
2022-01-14 20:00:00,43077.93
2022-01-15 00:00:00,43059.96
2022-01-15 04:00:00,42927.96
2022-01-15 08:00:00,43088.12
2022-01-15 12:00:00,43017.59
2022-01-15 16:00:00,43401.21
2022-01-15 20:00:00,43528.34
2022-01-16 00:00:00,43084.29
2022-01-16 04:00:00,42977.22
2022-01-16 08:00:00,43202.21
2022-01-16 12:00:00,42968.29
2022-01-16 16:00:00,43219.53
2022-01-16 20:00:00,42824.79
2022-01-17 00:00:00,43071.66
2022-01-17 04:00:00,42647.4
2022-01-17 08:00:00,42656.03
2022-01-17 12:00:00,42671.31
2022-01-17 16:00:00,42477.66
2022-01-17 20:00:00,42238.31
2022-01-18 00:00:00,42201.62
2022-01-18 04:00:00,42040.54
2022-01-18 08:00:00,42061.94
2022-01-18 12:00:00,41854.14
2022-01-18 16:00:00,41587.27
2022-01-18 20:00:00,41699.61
2022-01-19 00:00:00,42352.12
2022-01-19 04:00:00,41706.41
2022-01-19 08:00:00,41287.1
2022-01-19 12:00:00,42033
2022-01-19 16:00:00,41981.27
2022-01-19 20:00:00,41873.79
2022-01-20 00:00:00,41660.01
2022-01-20 04:00:00,41924.97
2022-01-20 08:00:00,42058.31
2022-01-20 12:00:00,42129.44
2022-01-20 16:00:00,43308.69
2022-01-20 20:00:00,42917.32
2022-01-21 00:00:00,40680.91
2022-01-21 04:00:00,38465.65
2022-01-21 08:00:00,39134.55
2022-01-21 12:00:00,38898.18
2022-01-21 16:00:00,38857.26
2022-01-21 20:00:00,37984.12
2022-01-22 00:00:00,36445.31
2022-01-22 04:00:00,36341.64
2022-01-22 08:00:00,35400.02
2022-01-22 12:00:00,35406.76
2022-01-22 16:00:00,34838.68
2022-01-22 20:00:00,34528.62
2022-01-23 00:00:00,35071.42
2022-01-23 04:00:00,35051
2022-01-23 08:00:00,35571.19
2022-01-23 12:00:00,35686.29
2022-01-23 16:00:00,35287.58
2022-01-23 20:00:00,34775.45
2022-01-24 00:00:00,36244.55
2022-01-24 04:00:00,35338.26
2022-01-24 08:00:00,34888.81
2022-01-24 12:00:00,33697.11
2022-01-24 16:00:00,34233.95
2022-01-24 20:00:00,36066.4
2022-01-25 00:00:00,36660.35
2022-01-25 04:00:00,36424.49
2022-01-25 08:00:00,36044.01
2022-01-25 12:00:00,36406
2022-01-25 16:00:00,36530
2022-01-25 20:00:00,37067.13
2022-01-26 00:00:00,36958.32
2022-01-26 04:00:00,37389.76
2022-01-26 08:00:00,37338.59
2022-01-26 12:00:00,38072.77
2022-01-26 16:00:00,37985
2022-01-26 20:00:00,37579.9
2022-01-27 00:00:00,36809.34
2022-01-27 04:00:00,35745.7
2022-01-27 08:00:00,36173.87
2022-01-27 12:00:00,36679.98
2022-01-27 16:00:00,36639.43
2022-01-27 20:00:00,36209.2
2022-01-28 00:00:00,37160.1
2022-01-28 04:00:00,37351.83
2022-01-28 08:00:00,36799.82
2022-01-28 12:00:00,36448.28
2022-01-28 16:00:00,37188.98
2022-01-28 20:00:00,37222.86
2022-01-29 00:00:00,37716.56
2022-01-29 04:00:00,37737.73
2022-01-29 08:00:00,37836.99
2022-01-29 12:00:00,37736.07
2022-01-29 16:00:00,37566.82
2022-01-29 20:00:00,37853
2022-01-30 00:00:00,38166.84
2022-01-30 04:00:00,37917.13
2022-01-30 08:00:00,38244.98
2022-01-30 12:00:00,38110.02
2022-01-30 16:00:00,37980.09
2022-01-30 20:00:00,37512.37
2022-01-31 00:00:00,37881.76
2022-01-31 04:00:00,37025.68
2022-01-31 08:00:00,37121.83
2022-01-31 12:00:00,37265.16
2022-01-31 16:00:00,37722.91
2022-01-31 20:00:00,38415.79
2022-02-01 00:00:00,38466.9
2022-02-01 04:00:00,38596.82
2022-02-01 08:00:00,38440.77
2022-02-01 12:00:00,38425.06
2022-02-01 16:00:00,38630.33
2022-02-01 20:00:00,38378.09
2022-02-02 00:00:00,38694.59
2022-02-02 04:00:00,38552.87
2022-02-02 08:00:00,38284.69
2022-02-02 12:00:00,38490
2022-02-02 16:00:00,37429.78
2022-02-02 20:00:00,37566.56
2022-02-03 00:00:00,36896.36
2022-02-03 04:00:00,36820.83
2022-02-03 08:00:00,37024.16
2022-02-03 12:00:00,36785
2022-02-03 16:00:00,36910.05
2022-02-03 20:00:00,36551.7
2022-02-04 00:00:00,37311.61
2022-02-04 04:00:00,37297.62
2022-02-04 08:00:00,37869.31
2022-02-04 12:00:00,37810
2022-02-04 16:00:00,39490.87
2022-02-04 20:00:00,40727.91
2022-02-05 00:00:00,41574.25
2022-02-05 04:00:00,41447.85
2022-02-05 08:00:00,41379.99
2022-02-05 12:00:00,41430
2022-02-05 16:00:00,41761.85
2022-02-05 20:00:00,41544.9
2022-02-06 00:00:00,41382.59
2022-02-06 04:00:00,41444.04
2022-02-06 08:00:00,41612.33
2022-02-06 12:00:00,41522
2022-02-06 16:00:00,41519.49
2022-02-06 20:00:00,41717.94
2022-02-07 00:00:00,42380.87
2022-02-07 04:00:00,42818.99
2022-02-07 08:00:00,42723.92
2022-02-07 12:00:00,42720.03
2022-02-07 16:00:00,43835.59
2022-02-07 20:00:00,44252.8
2022-02-08 00:00:00,43839.99
2022-02-08 04:00:00,44178.57
2022-02-08 08:00:00,44855
2022-02-08 12:00:00,43988.3
2022-02-08 16:00:00,43429.31
2022-02-08 20:00:00,42998.65
2022-02-09 00:00:00,44042.99
2022-02-09 04:00:00,43343.28
2022-02-09 08:00:00,43807.75
2022-02-09 12:00:00,43715.45
2022-02-09 16:00:00,43867.63
2022-02-09 20:00:00,44463.43
2022-02-10 00:00:00,44372.72
2022-02-10 04:00:00,43775.42
2022-02-10 08:00:00,44092.42
2022-02-10 12:00:00,44834.09
2022-02-10 16:00:00,44947.1
2022-02-10 20:00:00,44373.97
2022-02-11 00:00:00,43495.44
2022-02-11 04:00:00,43343.71
2022-02-11 08:00:00,43359.25
2022-02-11 12:00:00,43357.53
2022-02-11 16:00:00,43669.01
2022-02-11 20:00:00,42742.63
2022-02-12 00:00:00,42373.73
2022-02-12 04:00:00,42288.46
2022-02-12 08:00:00,42103.94
2022-02-12 12:00:00,42406.48
2022-02-12 16:00:00,42123.93
2022-02-12 20:00:00,42662.47
2022-02-13 00:00:00,42217.87
2022-02-13 04:00:00,42230
2022-02-13 08:00:00,42412.4
2022-02-13 12:00:00,42470.73
2022-02-13 16:00:00,42559.97
2022-02-13 20:00:00,42031.16
2022-02-14 00:00:00,42053.66
2022-02-14 04:00:00,41916.43
2022-02-14 08:00:00,42314.42
2022-02-14 12:00:00,42117.87
2022-02-14 16:00:00,42584.97
2022-02-14 20:00:00,42119.31
2022-02-15 00:00:00,42535.94
2022-02-15 04:00:00,43567.76
2022-02-15 08:00:00,43691.57
2022-02-15 12:00:00,44233.6
2022-02-15 16:00:00,44198.96
2022-02-15 20:00:00,43993.95
2022-02-16 00:00:00,44544.86
2022-02-16 04:00:00,43971.26
2022-02-16 08:00:00,44184.2
2022-02-16 12:00:00,44173.15
2022-02-16 16:00:00,43598.63
2022-02-16 20:00:00,44220
2022-02-17 00:00:00,43873.56
2022-02-17 04:00:00,43583.05
2022-02-17 08:00:00,43919.46
2022-02-17 12:00:00,43164.05
2022-02-17 16:00:00,41925.44
2022-02-17 20:00:00,41201.62
2022-02-18 00:00:00,40515.7
2022-02-18 04:00:00,40691.98
2022-02-18 08:00:00,40665.81
2022-02-18 12:00:00,40178.94
2022-02-18 16:00:00,39832.03
2022-02-18 20:00:00,40216.8
2022-02-19 00:00:00,39974.44
2022-02-19 04:00:00,40125.12
2022-02-19 08:00:00,40263.71
2022-02-19 12:00:00,39842.54
2022-02-19 16:00:00,39969.93
2022-02-19 20:00:00,39974.66
2022-02-20 00:00:00,40079.17
2022-02-20 04:00:00,39794.59
2022-02-20 08:00:00,38796.64
2022-02-20 12:00:00,38343.99
2022-02-20 16:00:00,38335.04
2022-02-20 20:00:00,38397.22
2022-02-21 00:00:00,38386.89
2022-02-21 04:00:00,38919.25
2022-02-21 08:00:00,39294.07
2022-02-21 12:00:00,37577.33
2022-02-21 16:00:00,38827.94
2022-02-21 20:00:00,38135.21
2022-02-22 00:00:00,37008.16
2022-02-22 04:00:00,36591.06
2022-02-22 08:00:00,36771.66
2022-02-22 12:00:00,37519.48
2022-02-22 16:00:00,37759.9
2022-02-22 20:00:00,38065.32
2022-02-23 00:00:00,38230.33
2022-02-23 04:00:00,37750.67
2022-02-23 08:00:00,38151.17
2022-02-23 12:00:00,38782.91
2022-02-23 16:00:00,38512.51
2022-02-23 20:00:00,37615.81
2022-02-24 00:00:00,37250.01
2022-02-24 04:00:00,34936.89
2022-02-24 08:00:00,35312.05
2022-02-24 12:00:00,35442.22
2022-02-24 16:00:00,35919.96
2022-02-24 20:00:00,37300
2022-02-25 00:00:00,38327.21
2022-02-25 04:00:00,38923.36
2022-02-25 08:00:00,38466.24
2022-02-25 12:00:00,38745.01
2022-02-25 16:00:00,39410.92
2022-02-25 20:00:00,38676.14
2022-02-26 00:00:00,39219.17
2022-02-26 04:00:00,39390.33
2022-02-26 08:00:00,39200
2022-02-26 12:00:00,38928.21
2022-02-26 16:00:00,39215.66
2022-02-26 20:00:00,39254.12
2022-02-27 00:00:00,39116.72
2022-02-27 04:00:00,38606.81
2022-02-27 08:00:00,38790.93
2022-02-27 12:00:00,39479.8
2022-02-27 16:00:00,39357.03
2022-02-27 20:00:00,37606.49
2022-02-28 00:00:00,37699.07
2022-02-28 04:00:00,37793.8
2022-02-28 08:00:00,38347.58
2022-02-28 12:00:00,38333.65
2022-02-28 16:00:00,40824.96
2022-02-28 20:00:00,41329.44
2022-03-01 00:00:00,43160
2022-03-01 04:00:00,43147.71
2022-03-01 08:00:00,43492.96
2022-03-01 12:00:00,43609.96
2022-03-01 16:00:00,43643.69
2022-03-01 20:00:00,43719.49
2022-03-02 00:00:00,44421.2
2022-03-02 04:00:00,44324.65
2022-03-02 08:00:00,43973.09
2022-03-02 12:00:00,44103.28
2022-03-02 16:00:00,44126.52
2022-03-02 20:00:00,43704.42
2022-03-03 00:00:00,43892.98
2022-03-03 04:00:00,43305.77
2022-03-03 08:00:00,43477.05
2022-03-03 12:00:00,43382.23
2022-03-03 16:00:00,42547.34
2022-03-03 20:00:00,42226.74
2022-03-04 00:00:00,42454
2022-03-04 04:00:00,41449.94
2022-03-04 08:00:00,41436.98
2022-03-04 12:00:00,41662.07
2022-03-04 16:00:00,40694.32
2022-03-04 20:00:00,39782.13
2022-03-05 00:00:00,39148.66
2022-03-05 04:00:00,39050.62
2022-03-05 08:00:00,39016.73
2022-03-05 12:00:00,39129.59
2022-03-05 16:00:00,39160.01
2022-03-05 20:00:00,39433.71
2022-03-06 00:00:00,39397.96
2022-03-06 04:00:00,39300.54
2022-03-06 08:00:00,39387.57
2022-03-06 12:00:00,38352.48
2022-03-06 16:00:00,38862.61
2022-03-06 20:00:00,38670.66
2022-03-07 00:00:00,38420.81
2022-03-07 04:00:00,37869.45
2022-03-07 08:00:00,37895.24
2022-03-07 12:00:00,38337.05
2022-03-07 16:00:00,39071.48
2022-03-07 20:00:00,37308.94
2022-03-08 00:00:00,37988
2022-03-08 04:00:00,38695.87
2022-03-08 08:00:00,38547.79
2022-03-08 12:00:00,38983.05
2022-03-08 16:00:00,38658.34
2022-03-08 20:00:00,38764.88
2022-03-09 00:00:00,38730.63
2022-03-09 04:00:00,41217.73
2022-03-09 08:00:00,41791.1
2022-03-09 12:00:00,42151.66
2022-03-09 16:00:00,42520.99
2022-03-09 20:00:00,42204.65
2022-03-10 00:00:00,41941.71
2022-03-10 04:00:00,40768.51
2022-03-10 08:00:00,39238.9
2022-03-10 12:00:00,39076.38
2022-03-10 16:00:00,39179.54
2022-03-10 20:00:00,39430.56
2022-03-11 00:00:00,39422
2022-03-11 04:00:00,38714.97
2022-03-11 08:00:00,39132.09
2022-03-11 12:00:00,39893.68
2022-03-11 16:00:00,39080.26
2022-03-11 20:00:00,38792.59
2022-03-12 00:00:00,38729.57
2022-03-12 04:00:00,39088.94
2022-03-12 08:00:00,39104.99
2022-03-12 12:00:00,39079.16
2022-03-12 16:00:00,39042.04
2022-03-12 20:00:00,39030.08
2022-03-13 00:00:00,38807.36
2022-03-13 04:00:00,39194.08
2022-03-13 08:00:00,39089.77
2022-03-13 12:00:00,38741.12
2022-03-13 16:00:00,38936
2022-03-13 20:00:00,38869.02
2022-03-14 00:00:00,37777.34
2022-03-14 04:00:00,38144.05
2022-03-14 08:00:00,39078.92
2022-03-14 12:00:00,38897.64
2022-03-14 16:00:00,38964.25
2022-03-14 20:00:00,38813
2022-03-15 00:00:00,39671.37
2022-03-15 04:00:00,38768.41
2022-03-15 08:00:00,38439.5
2022-03-15 12:00:00,38645.01
2022-03-15 16:00:00,39017.11
2022-03-15 20:00:00,39735.71
2022-03-16 00:00:00,39280.33
2022-03-16 04:00:00,39160
2022-03-16 08:00:00,39581
2022-03-16 12:00:00,40521.6
2022-03-16 16:00:00,40611.67
2022-03-16 20:00:00,40880.17
2022-03-17 00:00:00,41114
2022-03-17 04:00:00,41014.71
2022-03-17 08:00:00,40726.05
2022-03-17 12:00:00,40748.51
2022-03-17 16:00:00,40798.56
2022-03-17 20:00:00,40871.85
2022-03-18 00:00:00,40917.9
2022-03-18 04:00:00,40522.19
2022-03-18 08:00:00,40570.67
2022-03-18 12:00:00,40390.41
2022-03-18 16:00:00,40931.08
2022-03-18 20:00:00,42042.72
2022-03-19 00:00:00,41757.51
2022-03-19 04:00:00,41793.66
2022-03-19 08:00:00,41610
2022-03-19 12:00:00,41721.78
2022-03-19 16:00:00,41937.68
2022-03-19 20:00:00,42034.88
2022-03-20 00:00:00,42201.13
2022-03-20 04:00:00,41942.34
2022-03-20 08:00:00,41863.99
2022-03-20 12:00:00,41586.86
2022-03-20 16:00:00,41340.3
2022-03-20 20:00:00,41379.03
2022-03-21 00:00:00,41262.11
2022-03-21 04:00:00,40832.93
2022-03-21 08:00:00,41102.01
2022-03-21 12:00:00,41244.28
2022-03-21 16:00:00,41224.48
2022-03-21 20:00:00,41180.55
2022-03-22 00:00:00,41002.25
2022-03-22 04:00:00,42236.46
2022-03-22 08:00:00,42215.94
2022-03-22 12:00:00,42983
2022-03-22 16:00:00,42573.81
2022-03-22 20:00:00,42284.41
2022-03-23 00:00:00,42364.13
2022-03-23 04:00:00,42073.94
2022-03-23 08:00:00,42107.74
2022-03-23 12:00:00,42039.78
2022-03-23 16:00:00,42618.18
2022-03-23 20:00:00,42216.79
2022-03-24 00:00:00,42882.76
2022-03-24 04:00:00,42712.87
2022-03-24 08:00:00,43077.74
2022-03-24 12:00:00,42968.42
2022-03-24 16:00:00,44000.01
2022-03-24 20:00:00,43908.3
2022-03-25 00:00:00,43991.46
2022-03-25 04:00:00,43968.16
2022-03-25 08:00:00,43904.97
2022-03-25 12:00:00,44585.28
2022-03-25 16:00:00,44318.21
2022-03-25 20:00:00,44444.95
2022-03-26 00:00:00,44313.16
2022-03-26 04:00:00,44394.03
2022-03-26 08:00:00,44510.07
2022-03-26 12:00:00,44334.49
2022-03-26 16:00:00,44205.31
2022-03-26 20:00:00,44367.49
2022-03-27 00:00:00,44511.27
2022-03-27 04:00:00,44713.01
2022-03-27 08:00:00,44734.06
2022-03-27 12:00:00,44569.5
2022-03-27 16:00:00,44857.52
2022-03-27 20:00:00,44830.66
2022-03-28 00:00:00,46827.76
2022-03-28 04:00:00,47049.4
2022-03-28 08:00:00,46989.24
2022-03-28 12:00:00,47252.54
2022-03-28 16:00:00,47422.51
2022-03-28 20:00:00,47956.28
2022-03-29 00:00:00,47122.21
2022-03-29 04:00:00,47335.06
2022-03-29 08:00:00,47344.44
2022-03-29 12:00:00,47896.1
2022-03-29 16:00:00,47440
2022-03-29 20:00:00,47701.49
2022-03-30 00:00:00,47434.8
2022-03-30 04:00:00,47435.46
2022-03-30 08:00:00,47384.44
2022-03-30 12:00:00,47319.91
2022-03-30 16:00:00,47160.81
2022-03-30 20:00:00,47073.89
2022-03-31 00:00:00,47067.99
2022-03-31 04:00:00,47095.56
2022-03-31 08:00:00,47160.76
2022-03-31 12:00:00,47152.01
2022-03-31 16:00:00,46453.81
2022-03-31 20:00:00,45581.97
2022-04-01 00:00:00,45510.34
2022-04-01 04:00:00,44599.98
2022-04-01 08:00:00,45015.69
2022-04-01 12:00:00,45064.26
2022-04-01 16:00:00,46532
2022-04-01 20:00:00,46361.68
2022-04-02 00:00:00,46283.49
2022-04-02 04:00:00,46599.93
2022-04-02 08:00:00,46584.49
2022-04-02 12:00:00,46542.84
2022-04-02 16:00:00,46295.06
2022-04-02 20:00:00,46120.24
2022-04-03 00:00:00,45811
2022-04-03 04:00:00,45943.25
2022-04-03 08:00:00,46363.82
2022-04-03 12:00:00,46252.59
2022-04-03 16:00:00,46412.49
2022-04-03 20:00:00,46405.5
2022-04-04 00:00:00,46407.35
2022-04-04 04:00:00,46005.44
2022-04-04 08:00:00,46173.99
2022-04-04 12:00:00,46160.09
2022-04-04 16:00:00,45633.88
2022-04-04 20:00:00,45925.76
2022-04-05 00:00:00,46580.51
2022-04-05 04:00:00,46645.82
2022-04-05 08:00:00,46709.99
2022-04-05 12:00:00,46683.37
2022-04-05 16:00:00,45763.72
2022-04-05 20:00:00,46032.5
2022-04-06 00:00:00,45497.55
2022-04-06 04:00:00,45215.88
2022-04-06 08:00:00,45276.04
2022-04-06 12:00:00,44819.19
2022-04-06 16:00:00,44168.35
2022-04-06 20:00:00,43754.57
2022-04-07 00:00:00,43170.47
2022-04-07 04:00:00,43294.04
2022-04-07 08:00:00,43445.33
2022-04-07 12:00:00,43766.74
2022-04-07 16:00:00,43331.81
2022-04-07 20:00:00,43388.92
2022-04-08 00:00:00,43444.19
2022-04-08 04:00:00,43605.96
2022-04-08 08:00:00,43763.52
2022-04-08 12:00:00,43298.79
2022-04-08 16:00:00,43648.01
2022-04-08 20:00:00,42730.84
2022-04-09 00:00:00,42252.01
2022-04-09 04:00:00,42380
2022-04-09 08:00:00,42481.09
2022-04-09 12:00:00,42445.1
2022-04-09 16:00:00,42260.77
2022-04-09 20:00:00,42511.94
2022-04-10 00:00:00,42753.97
2022-04-10 04:00:00,42785.72
2022-04-10 08:00:00,42633.59
2022-04-10 12:00:00,42680.36
2022-04-10 16:00:00,42747.47
2022-04-10 20:00:00,43235.77
2022-04-11 00:00:00,42158.85
2022-04-11 04:00:00,42111.22
2022-04-11 08:00:00,42305.75
2022-04-11 12:00:00,41067.63
2022-04-11 16:00:00,40581.51
2022-04-11 20:00:00,39985.33
2022-04-12 00:00:00,39530.45
2022-04-12 04:00:00,39747.13
2022-04-12 08:00:00,40183.97
2022-04-12 12:00:00,40378
2022-04-12 16:00:00,40179.13
2022-04-12 20:00:00,39303.1
2022-04-13 00:00:00,40074.94
2022-04-13 04:00:00,40076.05
2022-04-13 08:00:00,40130
2022-04-13 12:00:00,39722.64
2022-04-13 16:00:00,41158.18
2022-04-13 20:00:00,41059.3
2022-04-14 00:00:00,41147.79
2022-04-14 04:00:00,41320
2022-04-14 08:00:00,41271.66
2022-04-14 12:00:00,40919.99
2022-04-14 16:00:00,39964.02
2022-04-14 20:00:00,39775.82
2022-04-15 00:00:00,39942.38
2022-04-15 04:00:00,40200.94
2022-04-15 08:00:00,40239.43
2022-04-15 12:00:00,40220
2022-04-15 16:00:00,40412.2
2022-04-15 20:00:00,40313.35
2022-04-16 00:00:00,40551.9
2022-04-16 04:00:00,40434.12
2022-04-16 08:00:00,40393.77
2022-04-16 12:00:00,40416.95
2022-04-16 16:00:00,40062.68
2022-04-16 20:00:00,40210
2022-04-17 00:00:00,40378.71
2022-04-17 04:00:00,40230.86
2022-04-17 08:00:00,40285.15
2022-04-17 12:00:00,40464.77
2022-04-17 16:00:00,40445.3
2022-04-17 20:00:00,40370.46
2022-04-18 00:00:00,39678.12
2022-04-18 04:00:00,39813.17
2022-04-18 08:00:00,38919.85
2022-04-18 12:00:00,38998.54
2022-04-18 16:00:00,39254.5
2022-04-18 20:00:00,40680.68
2022-04-19 00:00:00,40801.13
2022-04-19 04:00:00,40693.79
2022-04-19 08:00:00,40683.14
2022-04-19 12:00:00,40687.3
2022-04-19 16:00:00,41445.87
2022-04-19 20:00:00,41417.24
2022-04-20 00:00:00,41493.18
2022-04-20 04:00:00,41386.14
2022-04-20 08:00:00,41340.05
2022-04-20 12:00:00,42090
2022-04-20 16:00:00,41261.73
2022-04-20 20:00:00,41193.89
2022-04-21 00:00:00,41358.19
2022-04-21 04:00:00,41693.58
2022-04-21 08:00:00,41855.69
2022-04-21 12:00:00,42440
2022-04-21 16:00:00,42135.33
2022-04-21 20:00:00,41218.81
2022-04-22 00:00:00,40480.01
2022-04-22 04:00:00,40502.11
2022-04-22 08:00:00,40709.59
2022-04-22 12:00:00,40585.54
2022-04-22 16:00:00,39433.6
2022-04-22 20:00:00,39502.92
2022-04-23 00:00:00,39709.18
2022-04-23 04:00:00,39463.02
2022-04-23 08:00:00,39600.98
2022-04-23 12:00:00,39602.93
2022-04-23 16:00:00,39792.65
2022-04-23 20:00:00,39755.32
2022-04-24 00:00:00,39441.6
2022-04-24 04:00:00,39776.57
2022-04-24 08:00:00,39751.38
2022-04-24 12:00:00,39609.11
2022-04-24 16:00:00,39656.49
2022-04-24 20:00:00,39703.74
2022-04-25 00:00:00,39450.13
2022-04-25 04:00:00,39253.71
2022-04-25 08:00:00,38453.92
2022-04-25 12:00:00,38832.29
2022-04-25 16:00:00,38976.76
2022-04-25 20:00:00,40225.97
2022-04-26 00:00:00,40426.08
2022-04-26 04:00:00,40535.29
2022-04-26 08:00:00,40584.5
2022-04-26 12:00:00,40467.03
2022-04-26 16:00:00,38563.94
2022-04-26 20:00:00,38270.03
2022-04-27 00:00:00,38112.65
2022-04-27 04:00:00,38343.18
2022-04-27 08:00:00,39112.74
2022-04-27 12:00:00,39017.19
2022-04-27 16:00:00,39005.76
2022-04-27 20:00:00,38858.26
2022-04-28 00:00:00,39235.72
2022-04-28 04:00:00,39342.07
2022-04-28 08:00:00,39385.01
2022-04-28 12:00:00,39679.31
2022-04-28 16:00:00,39438.01
2022-04-28 20:00:00,39983.77
2022-04-29 00:00:00,39742.07
2022-04-29 04:00:00,39533.01
2022-04-29 08:00:00,39610.14
2022-04-29 12:00:00,38749.54
2022-04-29 16:00:00,39004.86
2022-04-29 20:00:00,38331.54
2022-04-30 00:00:00,38596.11
2022-04-30 04:00:00,38656.37
2022-04-30 08:00:00,38650.34
2022-04-30 12:00:00,38580.01
2022-04-30 16:00:00,38466.56
2022-04-30 20:00:00,38466.83
2022-05-01 00:00:00,37630.8
2022-05-01 04:00:00,38041.44
2022-05-01 08:00:00,37970.27
2022-05-01 12:00:00,37942.78
2022-05-01 16:00:00,38490
2022-05-01 20:00:00,37807.87
2022-05-02 00:00:00,38468.35
2022-05-02 04:00:00,38674.1
2022-05-02 08:00:00,38881.47
2022-05-02 12:00:00,38528.77
2022-05-02 16:00:00,38696.05
2022-05-02 20:00:00,38563.38
2022-05-03 00:00:00,38525.16
2022-05-03 04:00:00,38521.64
2022-05-03 08:00:00,38559.99
2022-05-03 12:00:00,38570.01
2022-05-03 16:00:00,38326.36
2022-05-03 20:00:00,37717.49
2022-05-04 00:00:00,37728.95
2022-05-04 04:00:00,38013.62
2022-05-04 08:00:00,38701.32
2022-05-04 12:00:00,39002.3
2022-05-04 16:00:00,38973.2
2022-05-04 20:00:00,39859.22
2022-05-05 00:00:00,39690
2022-05-05 04:00:00,39729.41
2022-05-05 08:00:00,39588.84
2022-05-05 12:00:00,39492.83
2022-05-05 16:00:00,36909.67
2022-05-05 20:00:00,36316
2022-05-06 00:00:00,36552.97
2022-05-06 04:00:00,36461.82
2022-05-06 08:00:00,36371.94
2022-05-06 12:00:00,35780.84
2022-05-06 16:00:00,36004.34
2022-05-06 20:00:00,36001.35
2022-05-07 00:00:00,36013.77
2022-05-07 04:00:00,35812.21
2022-05-07 08:00:00,35921.6
2022-05-07 12:00:00,36055.86
2022-05-07 16:00:00,35962.47
2022-05-07 20:00:00,35876.36
2022-05-08 00:00:00,35472.39
2022-05-08 04:00:00,34480.24
2022-05-08 08:00:00,34596.55
2022-05-08 12:00:00,34786.24
2022-05-08 16:00:00,34357.92
2022-05-08 20:00:00,34587.64
2022-05-09 00:00:00,34038.4
2022-05-09 04:00:00,33563.15
2022-05-09 08:00:00,33523.27
2022-05-09 12:00:00,33122.31
2022-05-09 16:00:00,32341.53
2022-05-09 20:00:00,30944.82
2022-05-10 00:00:00,30076.31
2022-05-10 04:00:00,30642.55
2022-05-10 08:00:00,31609.78
2022-05-10 12:00:00,31622.24
2022-05-10 16:00:00,31320
2022-05-10 20:00:00,31330.03
2022-05-11 00:00:00,31017.1
2022-05-11 04:00:00,31205.96
2022-05-11 08:00:00,30614.99
2022-05-11 12:00:00,31533.15
2022-05-11 16:00:00,30977.61
2022-05-11 20:00:00,29372.22
2022-05-12 00:00:00,29103.94
2022-05-12 04:00:00,28406.15
2022-05-12 08:00:00,28193.4
2022-05-12 12:00:00,28472.98
2022-05-12 16:00:00,29021.27
2022-05-12 20:00:00,28641.15
2022-05-13 00:00:00,29029.75
2022-05-13 04:00:00,30582.54
2022-05-13 08:00:00,30171.13
2022-05-13 12:00:00,30668.08
2022-05-13 16:00:00,30339.99
2022-05-13 20:00:00,30084.11
2022-05-14 00:00:00,29287.05
2022-05-14 04:00:00,29569.89
2022-05-14 08:00:00,29431.59
2022-05-14 12:00:00,29074.24
2022-05-14 16:00:00,28818.06
2022-05-14 20:00:00,29338.78
2022-05-15 00:00:00,30086.74
2022-05-15 04:00:00,29721.65
2022-05-15 08:00:00,29825.99
2022-05-15 12:00:00,30241.46
2022-05-15 16:00:00,30013.47
2022-05-15 20:00:00,30457.88
2022-05-16 00:00:00,31328.89
2022-05-16 04:00:00,30323.23
2022-05-16 08:00:00,29593.89
2022-05-16 12:00:00,29950.95
2022-05-16 16:00:00,29676.56
2022-05-16 20:00:00,29576.7
2022-05-17 00:00:00,29874.01
2022-05-17 04:00:00,30363.59
2022-05-17 08:00:00,30412.06
2022-05-17 12:00:00,30319.47
2022-05-17 16:00:00,30153.74
2022-05-17 20:00:00,30097.09
2022-05-18 00:00:00,30444.93
2022-05-18 04:00:00,29831.4
2022-05-18 08:00:00,29910.25
2022-05-18 12:00:00,29833.58
2022-05-18 16:00:00,28984.99
2022-05-18 20:00:00,29276.55
2022-05-19 00:00:00,28715.32
2022-05-19 04:00:00,29196.78
2022-05-19 08:00:00,29192.13
2022-05-19 12:00:00,29500.2
2022-05-19 16:00:00,30389.45
2022-05-19 20:00:00,29967.4
2022-05-20 00:00:00,30319.23
2022-05-20 04:00:00,30175.03
2022-05-20 08:00:00,30256.74
2022-05-20 12:00:00,30414.07
2022-05-20 16:00:00,29152.9
2022-05-20 20:00:00,29291.55
2022-05-21 00:00:00,29201.01
2022-05-21 04:00:00,29258.18
2022-05-21 08:00:00,29423.18
2022-05-21 12:00:00,29288
2022-05-21 16:00:00,29552.47
2022-05-21 20:00:00,29464.31
2022-05-22 00:00:00,29445.06
2022-05-22 04:00:00,29363.5
2022-05-22 08:00:00,29441.78
2022-05-22 12:00:00,29897.52
2022-05-22 16:00:00,29844.01
2022-05-22 20:00:00,29936.01
2022-05-23 00:00:00,30293.94
2022-05-23 04:00:00,30171.32
2022-05-23 08:00:00,30457.01
2022-05-23 12:00:00,30397.11
2022-05-23 16:00:00,30373.53
2022-05-23 20:00:00,29089.9
2022-05-24 00:00:00,29109.15
2022-05-24 04:00:00,29299.92
2022-05-24 08:00:00,29404.55
2022-05-24 12:00:00,29295.74
2022-05-24 16:00:00,29382.31
2022-05-24 20:00:00,29391.62
2022-05-25 00:00:00,29654.58
2022-05-25 04:00:00,30198.09
2022-05-25 08:00:00,29701.46
2022-05-25 12:00:00,29409.01
2022-05-25 16:00:00,29629.36
2022-05-25 20:00:00,29599.1
2022-05-26 00:00:00,29542.15
2022-05-26 04:00:00,29837.16
2022-05-26 08:00:00,29733.7
2022-05-26 12:00:00,28998.4
2022-05-26 16:00:00,29393.1
2022-05-26 20:00:00,29379.76
2022-05-27 00:00:00,29201.35
2022-05-27 04:00:00,29020.01
2022-05-27 08:00:00,28992.99
2022-05-27 12:00:00,28912.96
2022-05-27 16:00:00,28850.45
2022-05-27 20:00:00,28880
2022-05-28 00:00:00,28629.8
2022-05-28 04:00:00,28819.2
2022-05-28 08:00:00,28885.72
2022-05-28 12:00:00,28828.02
2022-05-28 16:00:00,28988.21
2022-05-28 20:00:00,29019.82
2022-05-29 00:00:00,29031.33
2022-05-29 04:00:00,28984.32
2022-05-29 08:00:00,29008.35
2022-05-29 12:00:00,29213.85
2022-05-29 16:00:00,29215.98
2022-05-29 20:00:00,29126.41
2022-05-30 00:00:00,29468.1
2022-05-30 04:00:00,30353.07
2022-05-30 08:00:00,30636.12
2022-05-30 12:00:00,30665.37
2022-05-30 16:00:00,30634.08
2022-05-30 20:00:00,30643.11
2022-05-31 00:00:00,31734.22
2022-05-31 04:00:00,31772.82
2022-05-31 08:00:00,31573.77
2022-05-31 12:00:00,31767
2022-05-31 16:00:00,32058.53
2022-05-31 20:00:00,31625.71
2022-06-01 00:00:00,31801.04
2022-06-01 04:00:00,31627.3
2022-06-01 08:00:00,31482.43
2022-06-01 12:00:00,31609.16
2022-06-01 16:00:00,30742.59
2022-06-01 20:00:00,30126.72
2022-06-02 00:00:00,29805.83
2022-06-02 04:00:00,29730.12
2022-06-02 08:00:00,29968.26
2022-06-02 12:00:00,30173.67
2022-06-02 16:00:00,30212.73
2022-06-02 20:00:00,30293.01
2022-06-03 00:00:00,30452.62
2022-06-03 04:00:00,30529.96
2022-06-03 08:00:00,30443.74
2022-06-03 12:00:00,29758.19
2022-06-03 16:00:00,29506.24
2022-06-03 20:00:00,29572.52
2022-06-04 00:00:00,29700.21
2022-06-04 04:00:00,29560.12
2022-06-04 08:00:00,29700.96
2022-06-04 12:00:00,29681.69
2022-06-04 16:00:00,29858.8
2022-06-04 20:00:00,29655.41
2022-06-05 00:00:00,29864.04
2022-06-05 04:00:00,29766.95
2022-06-05 08:00:00,29645.67
2022-06-05 12:00:00,29718.69
2022-06-05 16:00:00,29972.22
2022-06-05 20:00:00,30049.86
2022-06-06 00:00:00,29919.21
2022-06-06 04:00:00,31251
2022-06-06 08:00:00,31292.77
2022-06-06 12:00:00,31396.71
2022-06-06 16:00:00,31541.42
2022-06-06 20:00:00,31470.72
2022-06-07 00:00:00,31373.1
2022-06-07 04:00:00,29563.62
2022-06-07 08:00:00,29585.12
2022-06-07 12:00:00,29521.5
2022-06-07 16:00:00,29891.17
2022-06-07 20:00:00,31059.71
2022-06-08 00:00:00,31125.33
2022-06-08 04:00:00,30026.72
2022-06-08 08:00:00,30561.77
2022-06-08 12:00:00,30410.85
2022-06-08 16:00:00,30476.77
2022-06-08 20:00:00,30140.14
2022-06-09 00:00:00,30204.77
2022-06-09 04:00:00,30293.49
2022-06-09 08:00:00,30487.54
2022-06-09 12:00:00,30299.47
2022-06-09 16:00:00,30302.24
2022-06-09 20:00:00,30017.12
2022-06-10 00:00:00,30109.93
2022-06-10 04:00:00,30114.38
2022-06-10 08:00:00,30052.43
2022-06-10 12:00:00,30020.56
2022-06-10 16:00:00,29454.53
2022-06-10 20:00:00,28980.02
2022-06-11 00:00:00,29091.88
2022-06-11 04:00:00,29272.43
2022-06-11 08:00:00,29326.83
2022-06-11 12:00:00,28734.01
2022-06-11 16:00:00,28405.54
2022-06-11 20:00:00,28595.28
2022-06-12 00:00:00,28424.7
2022-06-12 04:00:00,27553.23
2022-06-12 08:00:00,27645.89
2022-06-12 12:00:00,27457.39
2022-06-12 16:00:00,28094.42
2022-06-12 20:00:00,27424.71
2022-06-13 00:00:00,26574.53
2022-06-13 04:00:00,25520.05
2022-06-13 08:00:00,24811.59
2022-06-13 12:00:00,23729.43
2022-06-13 16:00:00,23271.54
2022-06-13 20:00:00,23218.22
2022-06-14 00:00:00,22487.41
2022-06-14 04:00:00,22127.91
2022-06-14 08:00:00,22877.52
2022-06-14 12:00:00,21994.56
2022-06-14 16:00:00,22680.38
2022-06-14 20:00:00,22196.28
2022-06-15 00:00:00,22136.41
2022-06-15 04:00:00,21455.8
2022-06-15 08:00:00,20722.92
2022-06-15 12:00:00,21177.03
2022-06-15 16:00:00,21419.1
2022-06-15 20:00:00,21632.04
2022-06-16 00:00:00,22583.72
2022-06-16 04:00:00,22211.62
2022-06-16 08:00:00,21764.17
2022-06-16 12:00:00,21044.55
2022-06-16 16:00:00,21074.77
2022-06-16 20:00:00,20875.48
2022-06-17 00:00:00,20401.31
2022-06-17 04:00:00,20383.38
2022-06-17 08:00:00,21100.64
2022-06-17 12:00:00,20972.04
2022-06-17 16:00:00,20663.7
2022-06-17 20:00:00,20515.59
2022-06-18 00:00:00,20468.81
2022-06-18 04:00:00,20459.65
2022-06-18 08:00:00,19258.58
2022-06-18 12:00:00,19243.98
2022-06-18 16:00:00,18953.76
2022-06-18 20:00:00,18067.6
2022-06-19 00:00:00,18970.79
2022-06-19 04:00:00,18311.09
2022-06-19 08:00:00,18306.93
2022-06-19 12:00:00,19692.5
2022-06-19 16:00:00,19824.97
2022-06-19 20:00:00,20124.08
2022-06-20 00:00:00,20574
2022-06-20 04:00:00,19980.49
2022-06-20 08:00:00,20086.63
2022-06-20 12:00:00,20801.79
2022-06-20 16:00:00,20824.74
2022-06-20 20:00:00,20072.81
2022-06-21 00:00:00,20573.89
2022-06-21 04:00:00,20614.04
2022-06-21 08:00:00,21120.28
2022-06-21 12:00:00,20962.42
2022-06-21 16:00:00,21392.19
2022-06-21 20:00:00,20888.64
2022-06-22 00:00:00,20723.52
2022-06-22 04:00:00,20317.88
2022-06-22 08:00:00,20099.62
2022-06-22 12:00:00,20506.3
2022-06-22 16:00:00,20080.1
2022-06-22 20:00:00,20117.34
2022-06-23 00:00:00,19987.99
2022-06-23 04:00:00,20213.79
2022-06-23 08:00:00,20461.83
2022-06-23 12:00:00,20638.79
2022-06-23 16:00:00,20351.91
2022-06-23 20:00:00,20910.06
2022-06-24 00:00:00,21110.13
2022-06-24 04:00:00,21073.73
2022-06-24 08:00:00,20913.72
2022-06-24 12:00:00,21169.53
2022-06-24 16:00:00,20884.17
2022-06-24 20:00:00,21253.61
2022-06-25 00:00:00,21237.69
2022-06-25 04:00:00,21300.62
2022-06-25 08:00:00,21508.13
2022-06-25 12:00:00,21340.22
2022-06-25 16:00:00,20961.89
2022-06-25 20:00:00,21206.2
2022-06-26 00:00:00,21491.19
2022-06-26 04:00:00,21426.23
2022-06-26 08:00:00,21396.52
2022-06-26 12:00:00,21708.6
2022-06-26 16:00:00,21326.11
2022-06-26 20:00:00,21283.6
2022-06-27 00:00:00,21038.07
2022-06-27 04:00:00,21171.32
2022-06-27 08:00:00,21363.22
2022-06-27 12:00:00,21304.55
2022-06-27 16:00:00,20754.73
2022-06-27 20:00:00,20855.37
2022-06-28 00:00:00,20742.56
2022-06-28 04:00:00,20735.03
2022-06-28 08:00:00,20879.39
2022-06-28 12:00:00,20998.13
2022-06-28 16:00:00,20606.4
2022-06-28 20:00:00,20255.01
2022-06-29 00:00:00,20281.29
2022-06-29 04:00:00,20282.96
2022-06-29 08:00:00,20093.75
2022-06-29 12:00:00,20104.8
2022-06-29 16:00:00,20084.48
2022-06-29 20:00:00,20223.63
2022-06-30 00:00:00,20123.01
2022-06-30 04:00:00,20077.01
2022-06-30 08:00:00,19435.9
2022-06-30 12:00:00,19101.36
2022-06-30 16:00:00,19143.98
2022-06-30 20:00:00,18927.34
2022-07-01 00:00:00,19942.21
2022-07-01 04:00:00,19730.76
2022-07-01 08:00:00,19579.11
2022-07-01 12:00:00,19191.03
2022-07-01 16:00:00,19290.94
2022-07-01 20:00:00,19390.17
2022-07-02 00:00:00,19279.8
2022-07-02 04:00:00,19130.9
2022-07-02 08:00:00,19126.81
2022-07-02 12:00:00,19195.21
2022-07-02 16:00:00,19229.39
2022-07-02 20:00:00,19273.27
2022-07-03 00:00:00,19252.81
2022-07-03 04:00:00,19264.29
2022-07-03 08:00:00,19139.74
2022-07-03 12:00:00,19089.8
2022-07-03 16:00:00,19046.78
2022-07-03 20:00:00,19492.16
2022-07-04 00:00:00,19315.83
2022-07-04 04:00:00,19103.54
2022-07-04 08:00:00,19120.6
2022-07-04 12:00:00,19806.49
2022-07-04 16:00:00,19801.47
2022-07-04 20:00:00,19829.99
2022-07-05 00:00:00,20236.71
2022-07-05 04:00:00,20312.98
2022-07-05 08:00:00,20215.69
2022-07-05 12:00:00,19520.39
2022-07-05 16:00:00,19519.98
2022-07-05 20:00:00,20398.21
2022-07-06 00:00:00,20175.83
2022-07-06 04:00:00,19951.47
2022-07-06 08:00:00,20162.22
2022-07-06 12:00:00,20103.43
2022-07-06 16:00:00,20148.86
2022-07-06 20:00:00,20328.55
2022-07-07 00:00:00,20564.51
2022-07-07 04:00:00,20480.61
2022-07-07 08:00:00,20440.01
2022-07-07 12:00:00,20507.83
2022-07-07 16:00:00,20888.44
2022-07-07 20:00:00,21812.47
2022-07-08 00:00:00,21624.98
2022-07-08 04:00:00,22130.56
2022-07-08 08:00:00,21797.64
2022-07-08 12:00:00,21583.98
2022-07-08 16:00:00,21962.52
2022-07-08 20:00:00,21811.9
2022-07-09 00:00:00,21594.75
2022-07-09 04:00:00,21612.62
2022-07-09 08:00:00,21654.72
2022-07-09 12:00:00,21447.29
2022-07-09 16:00:00,21546.9
2022-07-09 20:00:00,21621.4
2022-07-10 00:00:00,21591.83
2022-07-10 04:00:00,21294.98
2022-07-10 08:00:00,21338.12
2022-07-10 12:00:00,21301.84
2022-07-10 16:00:00,20899.76
2022-07-10 20:00:00,20920.54
2022-07-11 00:00:00,20862.47
2022-07-11 04:00:00,20540.69
2022-07-11 08:00:00,20439.91
2022-07-11 12:00:00,20473.06
2022-07-11 16:00:00,20437.44
2022-07-11 20:00:00,20509.47
2022-07-12 00:00:00,19963.61
2022-07-12 04:00:00,19942.33
2022-07-12 08:00:00,19730.99
2022-07-12 12:00:00,19773.9
2022-07-12 16:00:00,19886.33
2022-07-12 20:00:00,19398.74
2022-07-13 00:00:00,19328.75
2022-07-13 04:00:00,19473.68
2022-07-13 08:00:00,19705.25
2022-07-13 12:00:00,19843.89
2022-07-13 16:00:00,19456.2
2022-07-13 20:00:00,19652.15
2022-07-14 00:00:00,20234.87
2022-07-14 04:00:00,20224.24
2022-07-14 08:00:00,19990.72
2022-07-14 12:00:00,19738.13
2022-07-14 16:00:00,20390.5
2022-07-14 20:00:00,20605.75
2022-07-15 00:00:00,20588.84
2022-07-15 04:00:00,20611.83
2022-07-15 08:00:00,20835.38
2022-07-15 12:00:00,20769.74
2022-07-15 16:00:00,20792.19
2022-07-15 20:00:00,21165.85
2022-07-16 00:00:00,20830.04
2022-07-16 04:00:00,20738
2022-07-16 08:00:00,20546.18
2022-07-16 12:00:00,20616.69
2022-07-16 16:00:00,20943.02
2022-07-16 20:00:00,21192.04
2022-07-17 00:00:00,21195.6
2022-07-17 04:00:00,21324.18
2022-07-17 08:00:00,21467.61
2022-07-17 12:00:00,21456.79
2022-07-17 16:00:00,21170.09
2022-07-17 20:00:00,21026.85
2022-07-18 00:00:00,20798.16
2022-07-18 04:00:00,21280.02
2022-07-18 08:00:00,22245.93
2022-07-18 12:00:00,22133.31
2022-07-18 16:00:00,22675.83
2022-07-18 20:00:00,21617.92
2022-07-19 00:00:00,22432.58
2022-07-19 04:00:00,21903.55
2022-07-19 08:00:00,21764.88
2022-07-19 12:00:00,21974.49
2022-07-19 16:00:00,23136.08
2022-07-19 20:00:00,23401.99
2022-07-20 00:00:00,23396.62
2022-07-20 04:00:00,23436.85
2022-07-20 08:00:00,23381.18
2022-07-20 12:00:00,23728.55
2022-07-20 16:00:00,24172.63
2022-07-20 20:00:00,23660.38
2022-07-21 00:00:00,23223.3
2022-07-21 04:00:00,22777.2
2022-07-21 08:00:00,22931.56
2022-07-21 12:00:00,22606.04
2022-07-21 16:00:00,22642.34
2022-07-21 20:00:00,23194.4
2022-07-22 00:00:00,23152.19
2022-07-22 04:00:00,22909.9
2022-07-22 08:00:00,23118.79
2022-07-22 12:00:00,23610.58
2022-07-22 16:00:00,23290.68
2022-07-22 20:00:00,22586.26
2022-07-23 00:00:00,22684.83
2022-07-23 04:00:00,22808.55
2022-07-23 08:00:00,22770.52
2022-07-23 12:00:00,22227.53
2022-07-23 16:00:00,22215.61
2022-07-23 20:00:00,22272.5
2022-07-24 00:00:00,22451.07
2022-07-24 04:00:00,22331.86
2022-07-24 08:00:00,22701.6
2022-07-24 12:00:00,22657.63
2022-07-24 16:00:00,22847.08
2022-07-24 20:00:00,22700.4
2022-07-25 00:00:00,22579.68
2022-07-25 04:00:00,21867.75
2022-07-25 08:00:00,21962.33
2022-07-25 12:00:00,21941.25
2022-07-25 16:00:00,21895.79
2022-07-25 20:00:00,21890.17
2022-07-26 00:00:00,21310.9
2022-07-26 04:00:00,21141.53
2022-07-26 08:00:00,21066.86
2022-07-26 12:00:00,21090.22
2022-07-26 16:00:00,20746.81
2022-07-26 20:00:00,20915.57
2022-07-27 00:00:00,21254.67
2022-07-27 04:00:00,21076.86
2022-07-27 08:00:00,21347.36
2022-07-27 12:00:00,21200.23
2022-07-27 16:00:00,21530.86
2022-07-27 20:00:00,22773.62
2022-07-28 00:00:00,22952.45
2022-07-28 04:00:00,23133.45
2022-07-28 08:00:00,22925.1
2022-07-28 12:00:00,23114.52
2022-07-28 16:00:00,23745.57
2022-07-28 20:00:00,23794.26
2022-07-29 00:00:00,23842.93
2022-07-29 04:00:00,23912.85
2022-07-29 08:00:00,23943.26
2022-07-29 12:00:00,23720.56
2022-07-29 16:00:00,24010.74
2022-07-29 20:00:00,23895.13
2022-07-30 00:00:00,23773.75
2022-07-30 04:00:00,23801.35
2022-07-30 08:00:00,23880.76
2022-07-30 12:00:00,23956.38
2022-07-30 16:00:00,24529.1
2022-07-30 20:00:00,23920.65
2022-07-31 00:00:00,23643.51
2022-07-31 04:00:00,23737.4
2022-07-31 08:00:00,23713.1
2022-07-31 12:00:00,23801.07
2022-07-31 16:00:00,23774.97
2022-07-31 20:00:00,23845.88
2022-08-01 00:00:00,23293.32
2022-08-01 04:00:00,23375.62
2022-08-01 08:00:00,23322.05
2022-08-01 12:00:00,23227.79
2022-08-01 16:00:00,23326.73
2022-08-01 20:00:00,22953.59
2022-08-02 00:00:00,23268.01
2022-08-02 04:00:00,22853.11
2022-08-02 08:00:00,22887.8
2022-08-02 12:00:00,22882.61
2022-08-02 16:00:00,22979.5
2022-08-02 20:00:00,22951.21
2022-08-03 00:00:00,22987.79
2022-08-03 04:00:00,22862.72
2022-08-03 08:00:00,22989.96
2022-08-03 12:00:00,23402.83
2022-08-03 16:00:00,23352.76
2022-08-03 20:00:00,23462
2022-08-04 00:00:00,22818.37
2022-08-04 04:00:00,23095.74
2022-08-04 08:00:00,22947.92
2022-08-04 12:00:00,22885.01
2022-08-04 16:00:00,22931.68
2022-08-04 20:00:00,22451.24
2022-08-05 00:00:00,22622.98
2022-08-05 04:00:00,23175.32
2022-08-05 08:00:00,23186.08
2022-08-05 12:00:00,23405.13
2022-08-05 16:00:00,22988.25
2022-08-05 20:00:00,22932.83
2022-08-06 00:00:00,23312.42
2022-08-06 04:00:00,23173.65
2022-08-06 08:00:00,23205.87
2022-08-06 12:00:00,23157.42
2022-08-06 16:00:00,23202.21
2022-08-06 20:00:00,23185.12
2022-08-07 00:00:00,22954.21
2022-08-07 04:00:00,22990.1
2022-08-07 08:00:00,23015.95
2022-08-07 12:00:00,23038.48
2022-08-07 16:00:00,23023.14
2022-08-07 20:00:00,23161.02
2022-08-08 00:00:00,23174.39
2022-08-08 04:00:00,23306.63
2022-08-08 08:00:00,23807.68
2022-08-08 12:00:00,24166.12
2022-08-08 16:00:00,23991.38
2022-08-08 20:00:00,23926.83
2022-08-09 00:00:00,23810
2022-08-09 04:00:00,23828.96
2022-08-09 08:00:00,23878.12
2022-08-09 12:00:00,23263.92
2022-08-09 16:00:00,23075
2022-08-09 20:00:00,23053.82
2022-08-10 00:00:00,23149.95
2022-08-10 04:00:00,22863.75
2022-08-10 08:00:00,22963.67
2022-08-10 12:00:00,23123.95
2022-08-10 16:00:00,23997.1
2022-08-10 20:00:00,23638.95
2022-08-11 00:00:00,23954.05
2022-08-11 04:00:00,24324.38
2022-08-11 08:00:00,24431.88
2022-08-11 12:00:00,24559.37
2022-08-11 16:00:00,24343.68
2022-08-11 20:00:00,24221.81
2022-08-12 00:00:00,23934.39
2022-08-12 04:00:00,24010.11
2022-08-12 08:00:00,23960.99
2022-08-12 12:00:00,23672.99
2022-08-12 16:00:00,23980.66
2022-08-12 20:00:00,24177.57
2022-08-13 00:00:00,24403.68
2022-08-13 04:00:00,24796.53
2022-08-13 08:00:00,24572.12
2022-08-13 12:00:00,24435.91
2022-08-13 16:00:00,24512.66
2022-08-13 20:00:00,24398.56
2022-08-14 00:00:00,24441.38
2022-08-14 04:00:00,24570.02
2022-08-14 08:00:00,24873.32
2022-08-14 12:00:00,24564.49
2022-08-14 16:00:00,24524.54
2022-08-14 20:00:00,24284.07
2022-08-15 00:00:00,24305.24
2022-08-15 04:00:00,24867.39
2022-08-15 08:00:00,24027.05
2022-08-15 12:00:00,24049.48
2022-08-15 16:00:00,24226
2022-08-15 20:00:00,23982.54
2022-08-16 00:00:00,24094.82
2022-08-16 04:00:00,24083.42
2022-08-16 08:00:00,24066.93
2022-08-16 12:00:00,24038.03
2022-08-16 16:00:00,23901.27
2022-08-16 20:00:00,23930.24
2022-08-17 00:00:00,23854.74
2022-08-17 04:00:00,24006.66
2022-08-17 08:00:00,23786.42
2022-08-17 12:00:00,23746.65
2022-08-17 16:00:00,23391.9
2022-08-17 20:00:00,23275.04
2022-08-18 00:00:00,23342.66
2022-08-18 04:00:00,23433.31
2022-08-18 08:00:00,23414.21
2022-08-18 12:00:00,23534.43
2022-08-18 16:00:00,23452.28
2022-08-18 20:00:00,23344.88
2022-08-19 00:00:00,23191.2
2022-08-19 04:00:00,22769.05
2022-08-19 08:00:00,21905.88
2022-08-19 12:00:00,21467.91
2022-08-19 16:00:00,21443.36
2022-08-19 20:00:00,21329.66
2022-08-20 00:00:00,20834.39
2022-08-20 04:00:00,21140.34
2022-08-20 08:00:00,21307.25
2022-08-20 12:00:00,21233.66
2022-08-20 16:00:00,21299.44
2022-08-20 20:00:00,20988.36
2022-08-21 00:00:00,21140.07
2022-08-21 04:00:00,21208.72
2022-08-21 08:00:00,21251.38
2022-08-21 12:00:00,21524.39
2022-08-21 16:00:00,21420.2
2022-08-21 20:00:00,21512.01
2022-08-22 00:00:00,21515.61
2022-08-22 04:00:00,21414.86
2022-08-22 08:00:00,21097.72
2022-08-22 12:00:00,21248.71
2022-08-22 16:00:00,21400.47
2022-08-22 20:00:00,21057.25
2022-08-23 00:00:00,21399.83
2022-08-23 04:00:00,21239.18
2022-08-23 08:00:00,21305.34
2022-08-23 12:00:00,21456.34
2022-08-23 16:00:00,21474.67
2022-08-23 20:00:00,21522.01
2022-08-24 00:00:00,21529.12
2022-08-24 04:00:00,21264.01
2022-08-24 08:00:00,21317.85
2022-08-24 12:00:00,21438.92
2022-08-24 16:00:00,21618.45
2022-08-24 20:00:00,21707.58
2022-08-25 00:00:00,21368.08
2022-08-25 04:00:00,21468.93
2022-08-25 08:00:00,21743.29
2022-08-25 12:00:00,21720.31
2022-08-25 16:00:00,21565.12
2022-08-25 20:00:00,21605.2
2022-08-26 00:00:00,21559.04
2022-08-26 04:00:00,21552.17
2022-08-26 08:00:00,21452.9
2022-08-26 12:00:00,21189.77
2022-08-26 16:00:00,20781.08
2022-08-26 20:00:00,20644.47
2022-08-27 00:00:00,20241.05
2022-08-27 04:00:00,20203.18
2022-08-27 08:00:00,20272.25
2022-08-27 12:00:00,20211.21
2022-08-27 16:00:00,19977.36
2022-08-27 20:00:00,20018
2022-08-28 00:00:00,20037.6
2022-08-28 04:00:00,19990.58
2022-08-28 08:00:00,20056.62
2022-08-28 12:00:00,20034.97
2022-08-28 16:00:00,20022.03
2022-08-28 20:00:00,19973.76
2022-08-29 00:00:00,19555.61
2022-08-29 04:00:00,19868.14
2022-08-29 08:00:00,19897.01
2022-08-29 12:00:00,19825.09
2022-08-29 16:00:00,20262.28
2022-08-29 20:00:00,20098.65
2022-08-30 00:00:00,20285.73
2022-08-30 04:00:00,20273.36
2022-08-30 08:00:00,20434.16
2022-08-30 12:00:00,20403.8
2022-08-30 16:00:00,19756.24
2022-08-30 20:00:00,19947.2
2022-08-31 00:00:00,19811.66
2022-08-31 04:00:00,20402.87
2022-08-31 08:00:00,20258.09
2022-08-31 12:00:00,20314.78
2022-08-31 16:00:00,20140.63
2022-08-31 20:00:00,20228.57
2022-09-01 00:00:00,20050.02
2022-09-01 04:00:00,20022.97
2022-09-01 08:00:00,19895.66
2022-09-01 12:00:00,20074.01
2022-09-01 16:00:00,19782.59
2022-09-01 20:00:00,19871.68
2022-09-02 00:00:00,20131.46
2022-09-02 04:00:00,20157.01
2022-09-02 08:00:00,20111.24
2022-09-02 12:00:00,20090.81
2022-09-02 16:00:00,20355.85
2022-09-02 20:00:00,19910.43
2022-09-03 00:00:00,19951.86
2022-09-03 04:00:00,19899.69
2022-09-03 08:00:00,19815.63
2022-09-03 12:00:00,19798.76
2022-09-03 16:00:00,19772.95
2022-09-03 20:00:00,19710
2022-09-04 00:00:00,19831.9
2022-09-04 04:00:00,19772.79
2022-09-04 08:00:00,19632.4
2022-09-04 12:00:00,19850.79
2022-09-04 16:00:00,19789.9
2022-09-04 20:00:00,19882.69
2022-09-05 00:00:00,20000.3
2022-09-05 04:00:00,19884.91
2022-09-05 08:00:00,19750
2022-09-05 12:00:00,19701.95
2022-09-05 16:00:00,19854.59
2022-09-05 20:00:00,19708.64
2022-09-06 00:00:00,19796.84
2022-09-06 04:00:00,19790.01
2022-09-06 08:00:00,19905.79
2022-09-06 12:00:00,19918.33
2022-09-06 16:00:00,19818.37
2022-09-06 20:00:00,18824.41
2022-09-07 00:00:00,18790.61
2022-09-07 04:00:00,18745.85
2022-09-07 08:00:00,18800.43
2022-09-07 12:00:00,18739.59
2022-09-07 16:00:00,18871.35
2022-09-07 20:00:00,18992.38
2022-09-08 00:00:00,19292.84
2022-09-08 04:00:00,19218.4
2022-09-08 08:00:00,19171.66
2022-09-08 12:00:00,19311.15
2022-09-08 16:00:00,19250.81
2022-09-08 20:00:00,19352.38
2022-09-09 00:00:00,19319.77
2022-09-09 04:00:00,19950.73
2022-09-09 08:00:00,20631.76
2022-09-09 12:00:00,20937.72
2022-09-09 16:00:00,21266.79
2022-09-09 20:00:00,21291.62
2022-09-10 00:00:00,21360.11
2022-09-10 04:00:00,21303.07
2022-09-10 08:00:00,21283.87
2022-09-10 12:00:00,21285.11
2022-09-10 16:00:00,21219.36
2022-09-10 20:00:00,21579.1
2022-09-11 00:00:00,21648.34
2022-09-11 04:00:00,21542.42
2022-09-11 08:00:00,21611.49
2022-09-11 12:00:00,21613.03
2022-09-11 16:00:00,21643.16
2022-09-11 20:00:00,21617.99
2022-09-12 00:00:00,21826.87
2022-09-12 04:00:00,21656.87
2022-09-12 08:00:00,22193.64
2022-09-12 12:00:00,22312.75
2022-09-12 16:00:00,22114.5
2022-09-12 20:00:00,22426.08
2022-09-13 00:00:00,22395.74
2022-09-13 04:00:00,22231.58
2022-09-13 08:00:00,22273.09
2022-09-13 12:00:00,22522.74
2022-09-13 16:00:00,20829.77
2022-09-13 20:00:00,20283.58
2022-09-14 00:00:00,20173.57
2022-09-14 04:00:00,20323.04
2022-09-14 08:00:00,20243.89
2022-09-14 12:00:00,20225.35
2022-09-14 16:00:00,20178.79
2022-09-14 20:00:00,19952.11
2022-09-15 00:00:00,20226.71
2022-09-15 04:00:00,20023.59
2022-09-15 08:00:00,20204.23
2022-09-15 12:00:00,20148.35
2022-09-15 16:00:00,19737.36
2022-09-15 20:00:00,19782.36
2022-09-16 00:00:00,19701.88
2022-09-16 04:00:00,19744.77
2022-09-16 08:00:00,19739.1
2022-09-16 12:00:00,19867.82
2022-09-16 16:00:00,19661.24
2022-09-16 20:00:00,19618.91
2022-09-17 00:00:00,19803.3
2022-09-17 04:00:00,19884.93
2022-09-17 08:00:00,19842.09
2022-09-17 12:00:00,19810.22
2022-09-17 16:00:00,19963.34
2022-09-17 20:00:00,20009.21
2022-09-18 00:00:00,20113.62
2022-09-18 04:00:00,20000.33
2022-09-18 08:00:00,20053.17
2022-09-18 12:00:00,19922.92
2022-09-18 16:00:00,19814.63
2022-09-18 20:00:00,19725.87
2022-09-19 00:00:00,19416.18
2022-09-19 04:00:00,18776.93
2022-09-19 08:00:00,18468.74
2022-09-19 12:00:00,18684.87
2022-09-19 16:00:00,19080.49
2022-09-19 20:00:00,19514.8
2022-09-20 00:00:00,19537.02
2022-09-20 04:00:00,19364.19
2022-09-20 08:00:00,19357.93
2022-09-20 12:00:00,19219.49
2022-09-20 16:00:00,19238.1
2022-09-20 20:00:00,18993.33
2022-09-21 00:00:00,18875
2022-09-21 04:00:00,19021.17
2022-09-21 08:00:00,18947.82
2022-09-21 12:00:00,19165.93
2022-09-21 16:00:00,19191.17
2022-09-21 20:00:00,19001.03
2022-09-22 00:00:00,18461.36
2022-09-22 04:00:00,18690.39
2022-09-22 08:00:00,18934.29
2022-09-22 12:00:00,19229.81
2022-09-22 16:00:00,18986.89
2022-09-22 20:00:00,19311.19
2022-09-23 00:00:00,19401.63
2022-09-23 04:00:00,19394.62
2022-09-23 08:00:00,19223.27
2022-09-23 12:00:00,18862.72
2022-09-23 16:00:00,18711.86
2022-09-23 20:00:00,18807.57
2022-09-24 00:00:00,19289.91
2022-09-24 04:00:00,19121.92
2022-09-24 08:00:00,18997.14
2022-09-24 12:00:00,19051.63
2022-09-24 16:00:00,19124.14
2022-09-24 20:00:00,19103.3
2022-09-25 00:00:00,18920.5
2022-09-25 04:00:00,19053.67
2022-09-25 08:00:00,19098.09
2022-09-25 12:00:00,19117.94
2022-09-25 16:00:00,18988.74
2022-09-25 20:00:00,18915.49
2022-09-26 00:00:00,18807.38
2022-09-26 04:00:00,18868.39
2022-09-26 08:00:00,18911.18
2022-09-26 12:00:00,18876.62
2022-09-26 16:00:00,19113.48
2022-09-26 20:00:00,19202.77
2022-09-27 00:00:00,19227.82
2022-09-27 04:00:00,20099.04
2022-09-27 08:00:00,20183.74
2022-09-27 12:00:00,20229.26
2022-09-27 16:00:00,19887.73
2022-09-27 20:00:00,19077.59
2022-09-28 00:00:00,19079.13
2022-09-28 04:00:00,18745.65
2022-09-28 08:00:00,18781.48
2022-09-28 12:00:00,18955.43
2022-09-28 16:00:00,19487.79
2022-09-28 20:00:00,19546.72
2022-09-29 00:00:00,19412.82
2022-09-29 04:00:00,19507.5
2022-09-29 08:00:00,19359.71
2022-09-29 12:00:00,19463.04
2022-09-29 16:00:00,19288.85
2022-09-29 20:00:00,19405.37
2022-09-30 00:00:00,19591.51
2022-09-30 04:00:00,19398.12
2022-09-30 08:00:00,19571.35
2022-09-30 12:00:00,19436.29
2022-09-30 16:00:00,19756.01
2022-09-30 20:00:00,19473.52
2022-10-01 00:00:00,19422.61
2022-10-01 04:00:00,19416.05
2022-10-01 08:00:00,19309.84
2022-10-01 12:00:00,19312.04
2022-10-01 16:00:00,19330.95
2022-10-01 20:00:00,19266.15
2022-10-02 00:00:00,19310.95
2022-10-02 04:00:00,19310.83
2022-10-02 08:00:00,19285.26
2022-10-02 12:00:00,19192.43
2022-10-02 16:00:00,19143.94
2022-10-02 20:00:00,19260.63
2022-10-03 00:00:00,19056.8
2022-10-03 04:00:00,19168.29
2022-10-03 08:00:00,19197.73
2022-10-03 12:00:00,19245.41
2022-10-03 16:00:00,19335.92
2022-10-03 20:00:00,19541.38
2022-10-04 00:00:00,19629.08
2022-10-04 04:00:00,19598.27
2022-10-04 08:00:00,19968.01
2022-10-04 12:00:00,19939
2022-10-04 16:00:00,20099.7
2022-10-04 20:00:00,20220.09
2022-10-05 00:00:00,20337.82
2022-10-05 04:00:00,20189.83
2022-10-05 08:00:00,20226.58
2022-10-05 12:00:00,20027.43
2022-10-05 16:00:00,20001.7
2022-10-05 20:00:00,20119.47
2022-10-06 00:00:00,20158.26
2022-10-06 04:00:00,20355.69
2022-10-06 08:00:00,20218.43
2022-10-06 12:00:00,20245.22
2022-10-06 16:00:00,20010
2022-10-06 20:00:00,20010.62
2022-10-07 00:00:00,19960.67
2022-10-07 04:00:00,19981.88
2022-10-07 08:00:00,19928
2022-10-07 12:00:00,19998.9
2022-10-07 16:00:00,19577.65
2022-10-07 20:00:00,19459.32
2022-10-08 00:00:00,19530.09
2022-10-08 04:00:00,19504.78
2022-10-08 08:00:00,19499.94
2022-10-08 12:00:00,19534.21
2022-10-08 16:00:00,19487.88
2022-10-08 20:00:00,19468.03
2022-10-09 00:00:00,19417.96
2022-10-09 04:00:00,19366.58
2022-10-09 08:00:00,19407.96
2022-10-09 12:00:00,19468.35
2022-10-09 16:00:00,19535.77
2022-10-09 20:00:00,19468.96
2022-10-10 00:00:00,19439.02
2022-10-10 04:00:00,19452.99
2022-10-10 08:00:00,19412.25
2022-10-10 12:00:00,19331.62
2022-10-10 16:00:00,19269.02
2022-10-10 20:00:00,19211.59
2022-10-11 00:00:00,19131.87
2022-10-11 04:00:00,19044.74
2022-10-11 08:00:00,19084.1
2022-10-11 12:00:00,19153.68
2022-10-11 16:00:00,19147.6
2022-10-11 20:00:00,18999.25
2022-10-12 00:00:00,19060
2022-10-12 04:00:00,19048.73
2022-10-12 08:00:00,19112.41
2022-10-12 12:00:00,19114.62
2022-10-12 16:00:00,19137.32
2022-10-12 20:00:00,19137.18
2022-10-13 00:00:00,19155.53
2022-10-13 04:00:00,19089.16
2022-10-13 08:00:00,19005.29
2022-10-13 12:00:00,18753.2
2022-10-13 16:00:00,18958.59
2022-10-13 20:00:00,19369.94
2022-10-14 00:00:00,19375.13
2022-10-14 04:00:00,19816.85
2022-10-14 08:00:00,19642.35
2022-10-14 12:00:00,19596.25
2022-10-14 16:00:00,19358.59
2022-10-14 20:00:00,19168.18
2022-10-15 00:00:00,19176.93
2022-10-15 04:00:00,19200.99
2022-10-15 08:00:00,19169.79
2022-10-15 12:00:00,19167.33
2022-10-15 16:00:00,19127.95
2022-10-15 20:00:00,19102.17
2022-10-16 00:00:00,19069.39
2022-10-16 04:00:00,19123.43
2022-10-16 08:00:00,19134.31
2022-10-16 12:00:00,19144.69
2022-10-16 16:00:00,19158.49
2022-10-16 20:00:00,19375.39
2022-10-17 00:00:00,19262.98
2022-10-17 04:00:00,19186.38
2022-10-17 08:00:00,19295.58
2022-10-17 12:00:00,19457.58
2022-10-17 16:00:00,19535.19
2022-10-17 20:00:00,19526.84
2022-10-18 00:00:00,19549.86
2022-10-18 04:00:00,19547.9
2022-10-18 08:00:00,19664.92
2022-10-18 12:00:00,19563.59
2022-10-18 16:00:00,19375.01
2022-10-18 20:00:00,19216.21
2022-10-19 00:00:00,19327.44
2022-10-19 04:00:00,19281.63
2022-10-19 08:00:00,19218.11
2022-10-19 12:00:00,19200.84
2022-10-19 16:00:00,19266.43
2022-10-19 20:00:00,19232.59
2022-10-20 00:00:00,19123.97
2022-10-20 04:00:00,19042.09
2022-10-20 08:00:00,19145.94
2022-10-20 12:00:00,19208.09
2022-10-20 16:00:00,19253.3
2022-10-20 20:00:00,19063.82
2022-10-21 00:00:00,19041.92
2022-10-21 04:00:00,19051.77
2022-10-21 08:00:00,19027.86
2022-10-21 12:00:00,18945.65
2022-10-21 16:00:00,19168.25
2022-10-21 20:00:00,19189.22
2022-10-22 00:00:00,19164.37
2022-10-22 04:00:00,19151.22
2022-10-22 08:00:00,19163.58
2022-10-22 12:00:00,19178.66
2022-10-22 16:00:00,19235.65
2022-10-22 20:00:00,19183.83
2022-10-23 00:00:00,19204.35
2022-10-23 04:00:00,19197.59
2022-10-23 08:00:00,19162.37
2022-10-23 12:00:00,19151.78
2022-10-23 16:00:00,19190.14
2022-10-23 20:00:00,19499.83
2022-10-24 00:00:00,19570.4
2022-10-24 04:00:00,19391.97
2022-10-24 08:00:00,19322.4
2022-10-24 12:00:00,19423.63
2022-10-24 16:00:00,19301.96
2022-10-24 20:00:00,19343.23
2022-10-25 00:00:00,19329.72
2022-10-25 04:00:00,19342.02
2022-10-25 08:00:00,19306.75
2022-10-25 12:00:00,19302.13
2022-10-25 16:00:00,19748.48
2022-10-25 20:00:00,20273.14
2022-10-26 00:00:00,20080.07
2022-10-26 04:00:00,20251.17
2022-10-26 08:00:00,20344.76
2022-10-26 12:00:00,20607.81
2022-10-26 16:00:00,20846.66
2022-10-26 20:00:00,20763.54
2022-10-27 00:00:00,20771.59
2022-10-27 04:00:00,20755.33
2022-10-27 08:00:00,20710.02
2022-10-27 12:00:00,20622.84
2022-10-27 16:00:00,20563.09
2022-10-27 20:00:00,20629.59
2022-10-28 00:00:00,20295.11
2022-10-28 04:00:00,20292.81
2022-10-28 08:00:00,20080.01
2022-10-28 12:00:00,20173.74
2022-10-28 16:00:00,20484.59
2022-10-28 20:00:00,20609.21
2022-10-29 00:00:00,20591.84
2022-10-29 04:00:00,20754.27
2022-10-29 08:00:00,20772.27
2022-10-29 12:00:00,20698.89
2022-10-29 16:00:00,20923.33
2022-10-29 20:00:00,20836.96
2022-10-30 00:00:00,20809.67
2022-10-30 04:00:00,20775.5
2022-10-30 08:00:00,20850.85
2022-10-30 12:00:00,20769.84
2022-10-30 16:00:00,20676.7
2022-10-30 20:00:00,20647.49
2022-10-31 00:00:00,20627.48
2022-10-31 04:00:00,20516.07
2022-10-31 08:00:00,20546.65
2022-10-31 12:00:00,20730.54
2022-10-31 16:00:00,20401.53
2022-10-31 20:00:00,20371.72
2022-11-01 00:00:00,20490.74
2022-11-01 04:00:00,20482.57
2022-11-01 08:00:00,20599.51
2022-11-01 12:00:00,20522.79
2022-11-01 16:00:00,20444
2022-11-01 20:00:00,20451.45
2022-11-02 00:00:00,20483.62
2022-11-02 04:00:00,20520.34
2022-11-02 08:00:00,20421.64
2022-11-02 12:00:00,20431.33
2022-11-02 16:00:00,20409.03
2022-11-02 20:00:00,20250.68
2022-11-03 00:00:00,20151.84
2022-11-03 04:00:00,20310.63
2022-11-03 08:00:00,20303.09
2022-11-03 12:00:00,20130.64
2022-11-03 16:00:00,20248.62
2022-11-03 20:00:00,20262.53
2022-11-04 00:00:00,20207.82
2022-11-04 04:00:00,20321.79
2022-11-04 08:00:00,20611.56
2022-11-04 12:00:00,20558.46
2022-11-04 16:00:00,20838.7
2022-11-04 20:00:00,21108.54
2022-11-05 00:00:00,21148.52
2022-11-05 04:00:00,21444.61
2022-11-05 08:00:00,21384.42
2022-11-05 12:00:00,21404.63
2022-11-05 16:00:00,21299.22
2022-11-05 20:00:00,21331.11
2022-11-06 00:00:00,21299.37
2022-11-06 04:00:00,21233.88
2022-11-06 08:00:00,21194.49
2022-11-06 12:00:00,21255.08
2022-11-06 16:00:00,21241.1
2022-11-06 20:00:00,21194.5
2022-11-07 00:00:00,20905.58
2022-11-07 04:00:00,20913.82
2022-11-07 08:00:00,20635.74
2022-11-07 12:00:00,20733.46
2022-11-07 16:00:00,20764.95
2022-11-07 20:00:00,20847.51
2022-11-08 00:00:00,20591.13
2022-11-08 04:00:00,20148.66
2022-11-08 08:00:00,19796.9
2022-11-08 12:00:00,19699.04
2022-11-08 16:00:00,19520.97
2022-11-08 20:00:00,18256.64
2022-11-09 00:00:00,18547.23
2022-11-09 04:00:00,18313.68
2022-11-09 08:00:00,18240.72
2022-11-09 12:00:00,17818.08
2022-11-09 16:00:00,17116.08
2022-11-09 20:00:00,16784.64
2022-11-10 00:00:00,15922.81
2022-11-10 04:00:00,16369.59
2022-11-10 08:00:00,16752.1
2022-11-10 12:00:00,16397.57
2022-11-10 16:00:00,17554.06
2022-11-10 20:00:00,17455.62
2022-11-11 00:00:00,17601.15
2022-11-11 04:00:00,17064.12
2022-11-11 08:00:00,17404.08
2022-11-11 12:00:00,17350.7
2022-11-11 16:00:00,16871.27
2022-11-11 20:00:00,16849.17
2022-11-12 00:00:00,17070.31
2022-11-12 04:00:00,16907.44
2022-11-12 08:00:00,16822.02
2022-11-12 12:00:00,16866.92
2022-11-12 16:00:00,16935.74
2022-11-12 20:00:00,16891.32
2022-11-13 00:00:00,16812.08
2022-11-13 04:00:00,16914.6
2022-11-13 08:00:00,16774.99
2022-11-13 12:00:00,16659.23
2022-11-13 16:00:00,16580.79
2022-11-13 20:00:00,16554.6
2022-11-14 00:00:00,16329.85
2022-11-14 04:00:00,16139.79
2022-11-14 08:00:00,16824.78
2022-11-14 12:00:00,16749.8
2022-11-14 16:00:00,16595.84
2022-11-14 20:00:00,16258.21
2022-11-15 00:00:00,16619.46
2022-11-15 04:00:00,16823.06
2022-11-15 08:00:00,16844.63
2022-11-15 12:00:00,16781.62
2022-11-15 16:00:00,16987.03
2022-11-15 20:00:00,16858.77
2022-11-16 00:00:00,16900.57
2022-11-16 04:00:00,16969.99
2022-11-16 08:00:00,16824.69
2022-11-16 12:00:00,16707.9
2022-11-16 16:00:00,16431.7
2022-11-16 20:00:00,16556.88
2022-11-17 00:00:00,16662.76
2022-11-17 04:00:00,16526.18
2022-11-17 08:00:00,16611.9
2022-11-17 12:00:00,16595.08
2022-11-17 16:00:00,16536.71
2022-11-17 20:00:00,16620.56
2022-11-18 00:00:00,16692.56
2022-11-18 04:00:00,16854.98
2022-11-18 08:00:00,16745.1
2022-11-18 12:00:00,16749.88
2022-11-18 16:00:00,16696.86
2022-11-18 20:00:00,16656.37
2022-11-19 00:00:00,16700.45
2022-11-19 04:00:00,16628.7
2022-11-19 08:00:00,16599.31
2022-11-19 12:00:00,16676.26
2022-11-19 16:00:00,16655.65
2022-11-19 20:00:00,16627.33
2022-11-20 00:00:00,16700.68
2022-11-20 04:00:00,16679.99
2022-11-20 08:00:00,16722.9
2022-11-20 12:00:00,16525.38
2022-11-20 16:00:00,16580.53
2022-11-20 20:00:00,16587.8
2022-11-21 00:00:00,16280.23
2022-11-21 04:00:00,16073.75
2022-11-21 08:00:00,16039.73
2022-11-21 12:00:00,16084.42
2022-11-21 16:00:00,16130.45
2022-11-21 20:00:00,15722.98
2022-11-22 00:00:00,15781.29
2022-11-22 04:00:00,15847.82
2022-11-22 08:00:00,15760.42
2022-11-22 12:00:00,15747.88
2022-11-22 16:00:00,16241.3
2022-11-22 20:00:00,16168.38
2022-11-23 00:00:00,16226.94
2022-11-23 04:00:00,16586.55
2022-11-23 08:00:00,16583.84
2022-11-23 12:00:00,16585.77
2022-11-23 16:00:00,16427.11
2022-11-23 20:00:00,16473.32
2022-11-24 00:00:00,16603.11
2022-11-24 04:00:00,16712.07
2022-11-24 08:00:00,16623.9
2022-11-24 12:00:00,16572.11
2022-11-24 16:00:00,16558.11
2022-11-24 20:00:00,16577.41
2022-11-25 00:00:00,16598.95
2022-11-25 04:00:00,16485.45
2022-11-25 08:00:00,16461.66
2022-11-25 12:00:00,16531.64
2022-11-25 16:00:00,16513
2022-11-25 20:00:00,16523.21
2022-11-26 00:00:00,16522.14
2022-11-26 04:00:00,16625.79
2022-11-26 08:00:00,16583.75
2022-11-26 12:00:00,16580.31
2022-11-26 16:00:00,16512.86
2022-11-26 20:00:00,16488.43
2022-11-27 00:00:00,16458.57
2022-11-27 04:00:00,16527.22
2022-11-27 08:00:00,16562.98
2022-11-27 12:00:00,16550.91
2022-11-27 16:00:00,16574.28
2022-11-27 20:00:00,16555.39
2022-11-28 00:00:00,16428.78
2022-11-28 04:00:00,16178.22
2022-11-28 08:00:00,16222.06
2022-11-28 12:00:00,16213.29
2022-11-28 16:00:00,16146.26
2022-11-28 20:00:00,16224.75
2022-11-29 00:00:00,16212.91
2022-11-29 04:00:00,16287.66
2022-11-29 08:00:00,16463.31
2022-11-29 12:00:00,16497.64
2022-11-29 16:00:00,16393.48
2022-11-29 20:00:00,16426.56
2022-11-30 00:00:00,16442.53
2022-11-30 04:00:00,16845.25
2022-11-30 08:00:00,16884.18
2022-11-30 12:00:00,16879.32
2022-11-30 16:00:00,16865.64
2022-11-30 20:00:00,17062.85
2022-12-01 00:00:00,17163.64
2022-12-01 04:00:00,17150.98
2022-12-01 08:00:00,17070.21
2022-12-01 12:00:00,17102.47
2022-12-01 16:00:00,16977.67
2022-12-01 20:00:00,16951.8
2022-12-02 00:00:00,16977.37
2022-12-02 04:00:00,16902.03
2022-12-02 08:00:00,16955.82
2022-12-02 12:00:00,16996.92
2022-12-02 16:00:00,16938.94
2022-12-02 20:00:00,16987.01
2022-12-03 00:00:00,17092.74
2022-12-03 04:00:00,17020.89
2022-12-03 08:00:00,16964.51
2022-12-03 12:00:00,16943.43
2022-12-03 16:00:00,16961.49
2022-12-03 20:00:00,16953.4
2022-12-04 00:00:00,16885.2
2022-12-04 04:00:00,16959.64
2022-12-04 08:00:00,16996.39
2022-12-04 12:00:00,16948.64
2022-12-04 16:00:00,17029.88
2022-12-04 20:00:00,17085.53
2022-12-05 00:00:00,17105.7
2022-12-05 04:00:00,17196.88
2022-12-05 08:00:00,17313.93
2022-12-05 12:00:00,17310.51
2022-12-05 16:00:00,17083.92
2022-12-05 20:00:00,16926.65
2022-12-06 00:00:00,16966.35
2022-12-06 04:00:00,17003.88
2022-12-06 08:00:00,17001.17
2022-12-06 12:00:00,16983.9
2022-12-06 16:00:00,16985.27
2022-12-06 20:00:00,16970.93
2022-12-07 00:00:00,17088.96
2022-12-07 04:00:00,17025.03
2022-12-07 08:00:00,16763.03
2022-12-07 12:00:00,16793.29
2022-12-07 16:00:00,16837.48
2022-12-07 20:00:00,16815.73
2022-12-08 00:00:00,16836.64
2022-12-08 04:00:00,16834.32
2022-12-08 08:00:00,16825.55
2022-12-08 12:00:00,16851.02
2022-12-08 16:00:00,16917.4
2022-12-08 20:00:00,17251.62
2022-12-09 00:00:00,17224.1
2022-12-09 04:00:00,17202.66
2022-12-09 08:00:00,17211.93
2022-12-09 12:00:00,17241.44
2022-12-09 16:00:00,17181.5
2022-12-09 20:00:00,17142.67
2022-12-10 00:00:00,17128.56
2022-12-10 04:00:00,17145.08
2022-12-10 08:00:00,17154.06
2022-12-10 12:00:00,17168.61
2022-12-10 16:00:00,17207.7
2022-12-10 20:00:00,17175.8
2022-12-11 00:00:00,17127.49
2022-12-11 04:00:00,17153.61
2022-12-11 08:00:00,17180.88
2022-12-11 12:00:00,17167.43
2022-12-11 16:00:00,17153.52
2022-12-11 20:00:00,17177.43
2022-12-12 00:00:00,17085.05
2022-12-12 04:00:00,16918.97
2022-12-12 08:00:00,16923.94
2022-12-12 12:00:00,16988.62
2022-12-12 16:00:00,17010.81
2022-12-12 20:00:00,17043.22
2022-12-13 00:00:00,17209.83
2022-12-13 04:00:00,17152.37
2022-12-13 08:00:00,17165.17
2022-12-13 12:00:00,17444.63
2022-12-13 16:00:00,17752.94
2022-12-13 20:00:00,17740.86
2022-12-14 00:00:00,17774.7
2022-12-14 04:00:00,17781.68
2022-12-14 08:00:00,17806.01
2022-12-14 12:00:00,17824.93
2022-12-14 16:00:00,18061.83
2022-12-14 20:00:00,17792.9
2022-12-15 00:00:00,17803.15
2022-12-15 04:00:00,17729.56
2022-12-15 08:00:00,17691.45
2022-12-15 12:00:00,17720.33
2022-12-15 16:00:00,17429.05
2022-12-15 20:00:00,17442.25
2022-12-16 00:00:00,17356.34
2022-12-16 04:00:00,17425.76
2022-12-16 08:00:00,17503.35
2022-12-16 12:00:00,17027.09
2022-12-16 16:00:00,16972.34
2022-12-16 20:00:00,16864.81
2022-12-17 00:00:00,16632.12
2022-12-17 04:00:00,16676.85
2022-12-17 08:00:00,16745.54
2022-12-17 12:00:00,16708.22
2022-12-17 16:00:00,16700.26
2022-12-17 20:00:00,16691.63
2022-12-18 00:00:00,16776.52
2022-12-18 04:00:00,16741.02
2022-12-18 08:00:00,16750.83
2022-12-18 12:00:00,16711.35
2022-12-18 16:00:00,16683.84
2022-12-18 20:00:00,16750.82
2022-12-19 00:00:00,16738.21
2022-12-19 04:00:00,16681.47
2022-12-19 08:00:00,16722.23
2022-12-19 12:00:00,16734.46
2022-12-19 16:00:00,16669.08
2022-12-19 20:00:00,16555.74
2022-12-20 00:00:00,16438.88
2022-12-20 04:00:00,16727.24
2022-12-20 08:00:00,16802.83
2022-12-20 12:00:00,16814.25
2022-12-20 16:00:00,16918.83
2022-12-20 20:00:00,16900.3
2022-12-21 00:00:00,16895.56
2022-12-21 04:00:00,16837.1
2022-12-21 08:00:00,16816.18
2022-12-21 12:00:00,16878.47
2022-12-21 16:00:00,16861.13
2022-12-21 20:00:00,16756.2
2022-12-22 00:00:00,16824.67
2022-12-22 04:00:00,16852.8
2022-12-22 08:00:00,16826.87
2022-12-22 12:00:00,16834.8
2022-12-22 16:00:00,16636.54
2022-12-22 20:00:00,16662.13
2022-12-23 00:00:00,16821.43
2022-12-23 04:00:00,16828.23
2022-12-23 08:00:00,16848.01
2022-12-23 12:00:00,16844.02
2022-12-23 16:00:00,16832.16
2022-12-23 20:00:00,16844.79
2022-12-24 00:00:00,16778.5
2022-12-24 04:00:00,16840.65
2022-12-24 08:00:00,16848.26
2022-12-24 12:00:00,16824.41
2022-12-24 16:00:00,16836.35
2022-12-24 20:00:00,16843.59
2022-12-25 00:00:00,16836.12
2022-12-25 04:00:00,16832.14
2022-12-25 08:00:00,16821.97
2022-12-25 12:00:00,16821.51
2022-12-25 16:00:00,16793.09
2022-12-25 20:00:00,16794.07
2022-12-26 00:00:00,16832.11
2022-12-26 04:00:00,16894.19
2022-12-26 08:00:00,16843.65
2022-12-26 12:00:00,16864.04
2022-12-26 16:00:00,16809.51
2022-12-26 20:00:00,16841
2022-12-27 00:00:00,16919.39
2022-12-27 04:00:00,16876.51
2022-12-27 08:00:00,16869.19
2022-12-27 12:00:00,16832.4
2022-12-27 16:00:00,16799.78
2022-12-27 20:00:00,16690.75
2022-12-28 00:00:00,16706.36
2022-12-28 04:00:00,16650.65
2022-12-28 08:00:00,16647.16
2022-12-28 12:00:00,16678.98
2022-12-28 16:00:00,16578.52
2022-12-28 20:00:00,16595.92
2022-12-29 00:00:00,16547.31
2022-12-29 04:00:00,16558.33
2022-12-29 08:00:00,16556.37
2022-12-29 12:00:00,16598.7
2022-12-29 16:00:00,16616.6
2022-12-29 20:00:00,16612.4
2022-12-30 00:00:00,16633.47
2022-12-30 04:00:00,16599.08
2022-12-30 08:00:00,16474.93
2022-12-30 12:00:00,16496.27
2022-12-30 16:00:00,16555.26
2022-12-30 20:00:00,16525.37
2022-12-31 00:00:00,16607.48
2022-12-31 04:00:00,16552.46
2022-12-31 08:00:00,16565.09
2022-12-31 12:00:00,16567.15
2022-12-31 16:00:00,16590.1
2022-12-31 20:00:00,16570.14
2023-01-01 00:00:00,16542.4
2023-01-01 04:00:00,16533.04
2023-01-01 08:00:00,16526.19
2023-01-01 12:00:00,16556.66
2023-01-01 16:00:00,16558.73
2023-01-01 20:00:00,16603.08
2023-01-02 00:00:00,16616.75
2023-01-02 04:00:00,16661.94
2023-01-02 08:00:00,16721.28
2023-01-02 12:00:00,16735.11
2023-01-02 16:00:00,16734.66
2023-01-02 20:00:00,16737.56
2023-01-03 00:00:00,16672.87
2023-01-03 04:00:00,16691.81
2023-01-03 08:00:00,16729.74
2023-01-03 12:00:00,16721.03
2023-01-03 16:00:00,16676.94
2023-01-03 20:00:00,16643.37
2023-01-04 00:00:00,16675.18
2023-01-04 04:00:00,16862.02
2023-01-04 08:00:00,16869.44
2023-01-04 12:00:00,16835.35
2023-01-04 16:00:00,16854.05
2023-01-04 20:00:00,16842.36
2023-01-05 00:00:00,16850.36
2023-01-05 04:00:00,16827.71
2023-01-05 08:00:00,16823.64
2023-01-05 12:00:00,16833.6
2023-01-05 16:00:00,16842.94
2023-01-05 20:00:00,16863.85
2023-01-06 00:00:00,16831.85
2023-01-06 04:00:00,16833.56
2023-01-06 08:00:00,16794.06
2023-01-06 12:00:00,16738.22
2023-01-06 16:00:00,16840.82
2023-01-06 20:00:00,16939.91
2023-01-07 00:00:00,16950.65
2023-01-07 04:00:00,16952.46
2023-01-07 08:00:00,16948.09
2023-01-07 12:00:00,16918.3
2023-01-07 16:00:00,16940.42
2023-01-07 20:00:00,16944.05
2023-01-08 00:00:00,16943.57
2023-01-08 04:00:00,16944.02
2023-01-08 08:00:00,16953.77
2023-01-08 12:00:00,16927.42
2023-01-08 16:00:00,17000.43
2023-01-08 20:00:00,16927.25
2023-01-09 00:00:00,17127.83
2023-01-09 04:00:00,17197
2023-01-09 08:00:00,17198.48
2023-01-09 12:00:00,17238.93
2023-01-09 16:00:00,17268.49
2023-01-09 20:00:00,17293.69
2023-01-10 00:00:00,17178.26
2023-01-10 04:00:00,17205.72
2023-01-10 08:00:00,17203.2
2023-01-10 12:00:00,17252.89
2023-01-10 16:00:00,17327.7
2023-01-10 20:00:00,17432.85
2023-01-11 00:00:00,17440.66
2023-01-11 04:00:00,17416.14
2023-01-11 08:00:00,17446.65
2023-01-11 12:00:00,17437.75
2023-01-11 16:00:00,17332.43
2023-01-11 20:00:00,17550.29
2023-01-12 00:00:00,17943.26
2023-01-12 04:00:00,18224.68
2023-01-12 08:00:00,18138.22
2023-01-12 12:00:00,18200.8
2023-01-12 16:00:00,18086.62
2023-01-12 20:00:00,18885.35
2023-01-13 00:00:00,18846.62
2023-01-13 04:00:00,18876.37
2023-01-13 08:00:00,18824.25
2023-01-13 12:00:00,18920.95
2023-01-13 16:00:00,19261.19
2023-01-13 20:00:00,19362.01
2023-01-14 00:00:00,19930.01
2023-01-14 04:00:00,20967.23
2023-01-14 08:00:00,20897.36
2023-01-14 12:00:00,20721.73
2023-01-14 16:00:00,20786.74
2023-01-14 20:00:00,20783.68
2023-01-15 00:00:00,20954.92
2023-01-15 04:00:00,20719.09
2023-01-15 08:00:00,20735.69
2023-01-15 12:00:00,20722.23
2023-01-15 16:00:00,20908.28
2023-01-15 20:00:00,20870.15
2023-01-16 00:00:00,20871.5
2023-01-16 04:00:00,21075.68
2023-01-16 08:00:00,21109.23
2023-01-16 12:00:00,20817.56
2023-01-16 16:00:00,20994.17
2023-01-16 20:00:00,21308.57
2023-01-17 00:00:00,21185.65
2023-01-17 04:00:00,21124.57
2023-01-17 08:00:00,21133.65
2023-01-17 12:00:00,21219.75
2023-01-17 16:00:00,21176.06
2023-01-17 20:00:00,21336.46
2023-01-18 00:00:00,21134.81
2023-01-18 04:00:00,21258.54
2023-01-18 08:00:00,21307.94
2023-01-18 12:00:00,21204.67
2023-01-18 16:00:00,21042.73
2023-01-18 20:00:00,20906.54
2023-01-19 00:00:00,20677.47
2023-01-19 04:00:00,20748.04
2023-01-19 08:00:00,20818.95
2023-01-19 12:00:00,20743.72
2023-01-19 16:00:00,20876.44
2023-01-19 20:00:00,21090.95
2023-01-20 00:00:00,21071.59
2023-01-20 04:00:00,21087.74
2023-01-20 08:00:00,20959.44
2023-01-20 12:00:00,20963.51
2023-01-20 16:00:00,21144.77
2023-01-20 20:00:00,21496.67
2023-01-21 00:00:00,22667.21
2023-01-21 04:00:00,22547.35
2023-01-21 08:00:00,22638.36
2023-01-21 12:00:00,22905.65
2023-01-21 16:00:00,22998.9
2023-01-21 20:00:00,23270.5
2023-01-22 00:00:00,22783.55
2023-01-22 04:00:00,22758.3
2023-01-22 08:00:00,22895.2
2023-01-22 12:00:00,22783.61
2023-01-22 16:00:00,22794.51
2023-01-22 20:00:00,22722.15
2023-01-23 00:00:00,22707.88
2023-01-23 04:00:00,22661.02
2023-01-23 08:00:00,22695.9
2023-01-23 12:00:00,22904.58
2023-01-23 16:00:00,22853.14
2023-01-23 20:00:00,22792.47
2023-01-24 00:00:00,22916.45
2023-01-24 04:00:00,23079.27
2023-01-24 08:00:00,23054.08
2023-01-24 12:00:00,22917.66
2023-01-24 16:00:00,22931.36
2023-01-24 20:00:00,23018.53
2023-01-25 00:00:00,22632.89
2023-01-25 04:00:00,22643.61
2023-01-25 08:00:00,22712.45
2023-01-25 12:00:00,22598.47
2023-01-25 16:00:00,22577.86
2023-01-25 20:00:00,22748.86
2023-01-26 00:00:00,23060.94
2023-01-26 04:00:00,23136.16
2023-01-26 08:00:00,22966.73
2023-01-26 12:00:00,22992.94
2023-01-26 16:00:00,22958.02
2023-01-26 20:00:00,23070
2023-01-27 00:00:00,23009.65
2023-01-27 04:00:00,22772.62
2023-01-27 08:00:00,23072.77
2023-01-27 12:00:00,22967.47
2023-01-27 16:00:00,22933.96
2023-01-27 20:00:00,23253.06
2023-01-28 00:00:00,23074.16
2023-01-28 04:00:00,23117.44
2023-01-28 08:00:00,22991.51
2023-01-28 12:00:00,22981.51
2023-01-28 16:00:00,23012.54
2023-01-28 20:00:00,23039.35
2023-01-29 00:00:00,23022.6
2023-01-29 04:00:00,23193.43
2023-01-29 08:00:00,23203.86
2023-01-29 12:00:00,23432.17
2023-01-29 16:00:00,23525.09
2023-01-29 20:00:00,23897.84
2023-01-30 00:00:00,23742.3
2023-01-30 04:00:00,23701.44
2023-01-30 08:00:00,23642.81
2023-01-30 12:00:00,23077.47
2023-01-30 16:00:00,23178.51
2023-01-30 20:00:00,22784.86
2023-01-31 00:00:00,22826.15
2023-01-31 04:00:00,22835.01
2023-01-31 08:00:00,22978.24
2023-01-31 12:00:00,22865.43
2023-01-31 16:00:00,23121.8
2023-01-31 20:00:00,23163.88
2023-02-01 00:00:00,23125.13
2023-02-01 04:00:00,23130.19
2023-02-01 08:00:00,23076.68
2023-02-01 12:00:00,23077.52
2023-02-01 16:00:00,22979.73
2023-02-01 20:00:00,23385.99
2023-02-02 00:00:00,23732.66
2023-02-02 04:00:00,23848.6
2023-02-02 08:00:00,23781.12
2023-02-02 12:00:00,23820.49
2023-02-02 16:00:00,23839.5
2023-02-02 20:00:00,23802.57
2023-02-03 00:00:00,23488.94
2023-02-03 04:00:00,23534.18
2023-02-03 08:00:00,23456.23
2023-02-03 12:00:00,23534.13
2023-02-03 16:00:00,23603.36
2023-02-03 20:00:00,23307.99
2023-02-04 00:00:00,23431.9
2023-02-04 04:00:00,23343.43
2023-02-04 08:00:00,23329.18
2023-02-04 12:00:00,23363.76
2023-02-04 16:00:00,23421.45
2023-02-04 20:00:00,23425.89
2023-02-05 00:00:00,23326.84
2023-02-05 04:00:00,23344.53
2023-02-05 08:00:00,23377.4
2023-02-05 12:00:00,23356.33
2023-02-05 16:00:00,23096.16
2023-02-05 20:00:00,22891.8
2023-02-06 00:00:00,22932.91
2023-02-06 04:00:00,22895.48
2023-02-06 08:00:00,22879.69
2023-02-06 12:00:00,22878.23
2023-02-06 16:00:00,23041.39
2023-02-06 20:00:00,23031.03
2023-02-07 00:00:00,22762.52
2023-02-07 04:00:00,22877.99
2023-02-07 08:00:00,22910.91
2023-02-07 12:00:00,22977.24
2023-02-07 16:00:00,22904.89
2023-02-07 20:00:00,23091.9
2023-02-08 00:00:00,23240.46
2023-02-08 04:00:00,23255.34
2023-02-08 08:00:00,23232.68
2023-02-08 12:00:00,23159.07
2023-02-08 16:00:00,22872.28
2023-02-08 20:00:00,22874.89
2023-02-09 00:00:00,22963
2023-02-09 04:00:00,22518.44
2023-02-09 08:00:00,22676.41
2023-02-09 12:00:00,22685.79
2023-02-09 16:00:00,22610.94
2023-02-09 20:00:00,22032.71
2023-02-10 00:00:00,21796.35
2023-02-10 04:00:00,21825.59
2023-02-10 08:00:00,21911.71
2023-02-10 12:00:00,21733.52
2023-02-10 16:00:00,21654.09
2023-02-10 20:00:00,21771.09
2023-02-11 00:00:00,21625.19
2023-02-11 04:00:00,21678.56
2023-02-11 08:00:00,21692.63
2023-02-11 12:00:00,21697.44
2023-02-11 16:00:00,21735.78
2023-02-11 20:00:00,21662.63
2023-02-12 00:00:00,21862.55
2023-02-12 04:00:00,21781.38
2023-02-12 08:00:00,21798.42
2023-02-12 12:00:00,21888.31
2023-02-12 16:00:00,21945.3
2023-02-12 20:00:00,21997.18
2023-02-13 00:00:00,21783.54
2023-02-13 04:00:00,21808.6
2023-02-13 08:00:00,21867.69
2023-02-13 12:00:00,21603.11
2023-02-13 16:00:00,21563.02
2023-02-13 20:00:00,21607.81
2023-02-14 00:00:00,21773.97
2023-02-14 04:00:00,21700.42
2023-02-14 08:00:00,21768.48
2023-02-14 12:00:00,21809.81
2023-02-14 16:00:00,22041.45
2023-02-14 20:00:00,22208.65
2023-02-15 00:00:00,22199.84
2023-02-15 04:00:00,22099.49
2023-02-15 08:00:00,22109.89
2023-02-15 12:00:00,22445.13
2023-02-15 16:00:00,22809.46
2023-02-15 20:00:00,23318.9
2023-02-16 00:00:00,24324.05
2023-02-16 04:00:00,24732.42
2023-02-16 08:00:00,24612.95
2023-02-16 12:00:00,24568.55
2023-02-16 16:00:00,25072.67
2023-02-16 20:00:00,24872.58
2023-02-17 00:00:00,23517.72
2023-02-17 04:00:00,23838.64
2023-02-17 08:00:00,23637.04
2023-02-17 12:00:00,23789.82
2023-02-17 16:00:00,24130.5
2023-02-17 20:00:00,24524.49
2023-02-18 00:00:00,24569.97
2023-02-18 04:00:00,24609.68
2023-02-18 08:00:00,24519.01
2023-02-18 12:00:00,24519.42
2023-02-18 16:00:00,24668.26
2023-02-18 20:00:00,24608.34
2023-02-19 00:00:00,24631.95
2023-02-19 04:00:00,24681.69
2023-02-19 08:00:00,24582.62
2023-02-19 12:00:00,24669.43
2023-02-19 16:00:00,24922.21
2023-02-19 20:00:00,24523.79
2023-02-20 00:00:00,24271.76
2023-02-20 04:00:00,24418.95
2023-02-20 08:00:00,24503.65
2023-02-20 12:00:00,24890
2023-02-20 16:00:00,24942.87
2023-02-20 20:00:00,24872.19
2023-02-21 00:00:00,24842.2
2023-02-21 04:00:00,24926.56
2023-02-21 08:00:00,24999.95
2023-02-21 12:00:00,24572.83
2023-02-21 16:00:00,24558.09
2023-02-21 20:00:00,24602.88
2023-02-22 00:00:00,24452.16
2023-02-22 04:00:00,24201.85
2023-02-22 08:00:00,24060.95
2023-02-22 12:00:00,24160.87
2023-02-22 16:00:00,23713.61
2023-02-22 20:00:00,23791.67
2023-02-23 00:00:00,24182.21
2023-02-23 04:00:00,24454.85
2023-02-23 08:00:00,24376.27
2023-02-23 12:00:00,23780.2
2023-02-23 16:00:00,23950.92
2023-02-23 20:00:00,23971.5
2023-02-24 00:00:00,23940.2
2023-02-24 04:00:00,23954.05
2023-02-24 08:00:00,23830.32
2023-02-24 12:00:00,23883.72
2023-02-24 16:00:00,23351.31
2023-02-24 20:00:00,23182.27
2023-02-25 00:00:00,23185.29
2023-02-25 04:00:00,23077.64
2023-02-25 08:00:00,23117.16
2023-02-25 12:00:00,22983.85
2023-02-25 16:00:00,23006.18
2023-02-25 20:00:00,22983.05
2023-02-26 00:00:00,23157.07
2023-02-26 04:00:00,23214.53
2023-02-26 08:00:00,23154.57
2023-02-26 12:00:00,23253.44
2023-02-26 16:00:00,23247.23
2023-02-26 20:00:00,23499.33
2023-02-27 00:00:00,23554.85
2023-02-27 04:00:00,23551.62
2023-02-27 08:00:00,23423.31
2023-02-27 12:00:00,23428.87
2023-02-27 16:00:00,23559.4
2023-02-27 20:00:00,23276.35
2023-02-28 00:00:00,23492.09
2023-02-28 04:00:00,23467.52
2023-02-28 08:00:00,23236.68
2023-02-28 12:00:00,23392.69
2023-02-28 16:00:00,23518.3
2023-02-28 20:00:00,23264.36
2023-03-01 00:00:00,23141.57
2023-03-01 04:00:00,23441.14
2023-03-01 08:00:00,23716.06
2023-03-01 12:00:00,23739.17
2023-03-01 16:00:00,23711.09
2023-03-01 20:00:00,23355.14
2023-03-02 00:00:00,23628.97
2023-03-02 04:00:00,23494.29
2023-03-02 08:00:00,23391.87
2023-03-02 12:00:00,23414.73
2023-03-02 16:00:00,23361.11
2023-03-02 20:00:00,23463.99
2023-03-03 00:00:00,23465.32
2023-03-03 04:00:00,22319.69
2023-03-03 08:00:00,22360.78
2023-03-03 12:00:00,22342.92
2023-03-03 16:00:00,22336.33
2023-03-03 20:00:00,22358.48
2023-03-04 00:00:00,22354.34
2023-03-04 04:00:00,22346.66
2023-03-04 08:00:00,22359.09
2023-03-04 12:00:00,22349.46
2023-03-04 16:00:00,22317.87
2023-03-04 20:00:00,22250.78
2023-03-05 00:00:00,22346.57
2023-03-05 04:00:00,22387.02
2023-03-05 08:00:00,22375.7
2023-03-05 12:00:00,22389.77
2023-03-05 16:00:00,22436.18
2023-03-05 20:00:00,22403.45
2023-03-06 00:00:00,22430.24
2023-03-06 04:00:00,22387.19
2023-03-06 08:00:00,22392.74
2023-03-06 12:00:00,22379.57
2023-03-06 16:00:00,22553.42
2023-03-06 20:00:00,22393.35
2023-03-07 00:00:00,22410
2023-03-07 04:00:00,22460.54
2023-03-07 08:00:00,22419.71
2023-03-07 12:00:00,22351.02
2023-03-07 16:00:00,22320.9
2023-03-07 20:00:00,22124.77
2023-03-08 00:00:00,22197.96
2023-03-08 04:00:00,22152.52
2023-03-08 08:00:00,21971.03
2023-03-08 12:00:00,22072.45
2023-03-08 16:00:00,22140.8
2023-03-08 20:00:00,21997.25
2023-03-09 00:00:00,21705.44
2023-03-09 04:00:00,21769.66
2023-03-09 08:00:00,21688.54
2023-03-09 12:00:00,21669.38
2023-03-09 16:00:00,21648.57
2023-03-09 20:00:00,20854.93
2023-03-10 00:00:00,20362.22
2023-03-10 04:00:00,20052.07
2023-03-10 08:00:00,19953.58
2023-03-10 12:00:00,19760.78
2023-03-10 16:00:00,20004.96
2023-03-10 20:00:00,20024.32
2023-03-11 00:00:00,20150.69
2023-03-11 04:00:00,20393.88
2023-03-11 08:00:00,19850.81
2023-03-11 12:00:00,20086.07
2023-03-11 16:00:00,20061.98
2023-03-11 20:00:00,20220.96
2023-03-12 00:00:00,20455.73
2023-03-12 04:00:00,20376.46
2023-03-12 08:00:00,20346.71
2023-03-12 12:00:00,20445.43
2023-03-12 16:00:00,20358.96
2023-03-12 20:00:00,20779.54
2023-03-13 00:00:00,21997.11
2023-03-13 04:00:00,22231.62
2023-03-13 08:00:00,22458.72
2023-03-13 12:00:00,22106.64
2023-03-13 16:00:00,23981.72
2023-03-13 20:00:00,24279.91
2023-03-14 00:00:00,24113.48
2023-03-14 04:00:00,24374.2
2023-03-14 08:00:00,24247.64
2023-03-14 12:00:00,24743.04
2023-03-14 16:00:00,25894.67
2023-03-14 20:00:00,25054.15
2023-03-15 00:00:00,24670.41
2023-03-15 04:00:00,24717.65
2023-03-15 08:00:00,24871.28
2023-03-15 12:00:00,24754.5
2023-03-15 16:00:00,24471.01
2023-03-15 20:00:00,24366.71
2023-03-16 00:00:00,24285.66
2023-03-16 04:00:00,24265.43
2023-03-16 08:00:00,24614.27
2023-03-16 12:00:00,24824.62
2023-03-16 16:00:00,24888.44
2023-03-16 20:00:00,24953.21
2023-03-17 00:00:00,24998.78
2023-03-17 04:00:00,25781.66
2023-03-17 08:00:00,26058.45
2023-03-17 12:00:00,26918.73
2023-03-17 16:00:00,26421.34
2023-03-17 20:00:00,26834.87
2023-03-18 00:00:00,27395.13
2023-03-18 04:00:00,27307.54
2023-03-18 08:00:00,27359.89
2023-03-18 12:00:00,27443.09
2023-03-18 16:00:00,27226.23
2023-03-18 20:00:00,27329.83
2023-03-19 00:00:00,26907.49
2023-03-19 04:00:00,27198.71
2023-03-19 08:00:00,26974.81
2023-03-19 12:00:00,27160.98
2023-03-19 16:00:00,27546.62
2023-03-19 20:00:00,28255.87
2023-03-20 00:00:00,27972.87
2023-03-20 04:00:00,27269.17
2023-03-20 08:00:00,28183.13
2023-03-20 12:00:00,28188.93
2023-03-20 16:00:00,27694.46
2023-03-20 20:00:00,27785.1
2023-03-21 00:00:00,27717.01
2023-03-21 04:00:00,27787.29
2023-03-21 08:00:00,27505.25
2023-03-21 12:00:00,28040.13
2023-03-21 16:00:00,28041.06
2023-03-21 20:00:00,28126.84
2023-03-22 00:00:00,28105.47
2023-03-22 04:00:00,28154.14
2023-03-22 08:00:00,28103.69
2023-03-22 12:00:00,28122.74
2023-03-22 16:00:00,28595.07
2023-03-22 20:00:00,26667.33
2023-03-23 00:00:00,27250.97
2023-03-23 04:00:00,27356.78
2023-03-23 08:00:00,27631.93
2023-03-23 12:00:00,27584.53
2023-03-23 16:00:00,28580.87
2023-03-23 20:00:00,28369.99
2023-03-24 00:00:00,28295.41
2023-03-24 04:00:00,28219.98
2023-03-24 08:00:00,28274.59
2023-03-24 12:00:00,28080
2023-03-24 16:00:00,28018.04
2023-03-24 20:00:00,27821.6
2023-03-25 00:00:00,27454.47
2023-03-25 04:00:00,27581.65
2023-03-25 08:00:00,27485.36
2023-03-25 12:00:00,27457.2
2023-03-25 16:00:00,27647.43
2023-03-25 20:00:00,27189.68
2023-03-26 00:00:00,27462.95
2023-03-26 04:00:00,27529.26
2023-03-26 08:00:00,27504.94
2023-03-26 12:00:00,27865.95
2023-03-26 16:00:00,27803.89
2023-03-26 20:00:00,27827.95
2023-03-27 00:00:00,27968.05
2023-03-27 04:00:00,27888.68
2023-03-27 08:00:00,27808.81
2023-03-27 12:00:00,27892.69
2023-03-27 16:00:00,26903.62
2023-03-27 20:00:00,26968.94
2023-03-28 00:00:00,27124.91
2023-03-28 04:00:00,26971.71
2023-03-28 08:00:00,26962.88
2023-03-28 12:00:00,27057.36
2023-03-28 16:00:00,26998.63
2023-03-28 20:00:00,27425.99
2023-03-29 00:00:00,27261.07
2023-03-29 04:00:00,27367.45
2023-03-29 08:00:00,28086.82
2023-03-29 12:00:00,28353.99
2023-03-29 16:00:00,28442.79
2023-03-29 20:00:00,28419.49
2023-03-30 00:00:00,28348.6
2023-03-30 04:00:00,28489.18
2023-03-30 08:00:00,28725.01
2023-03-30 12:00:00,28644.79
2023-03-30 16:00:00,28300.33
2023-03-30 20:00:00,27986.09
2023-03-31 00:00:00,28028.53
2023-03-31 04:00:00,28168.41
2023-03-31 08:00:00,27738.48
2023-03-31 12:00:00,27927.97
2023-03-31 16:00:00,28494.99
2023-03-31 20:00:00,28469.31
2023-04-01 00:00:00,28465.36
2023-04-01 04:00:00,28541.1
2023-04-01 08:00:00,28424.99
2023-04-01 12:00:00,28372.85
2023-04-01 16:00:00,28400.07
2023-04-01 20:00:00,28381.98
2023-04-02 00:00:00,28452.73
2023-04-02 04:00:00,28476.59
2023-04-02 08:00:00,28416.38
2023-04-02 12:00:00,28357.93
2023-04-02 16:00:00,28124.81
2023-04-02 20:00:00,27943.85
2023-04-03 00:00:00,28171.87
2023-04-03 04:00:00,27753.85
2023-04-03 08:00:00,27958.74
2023-04-03 12:00:00,28253.73
2023-04-03 16:00:00,28051.48
2023-04-03 20:00:00,28081.08
2023-04-04 00:00:00,27800
2023-04-04 04:00:00,27855.06
2023-04-04 08:00:00,28021.3
2023-04-04 12:00:00,28289.52
2023-04-04 16:00:00,28030.04
2023-04-04 20:00:00,28189.25
2023-04-05 00:00:00,28165.47
2023-04-05 04:00:00,28544.72
2023-04-05 08:00:00,28525.21
2023-04-05 12:00:00,28554.38
2023-04-05 16:00:00,28031.09
2023-04-05 20:00:00,28240.64
2023-04-06 00:00:00,28170.01
2023-04-06 04:00:00,28128.42
2023-04-06 08:00:00,27910.97
2023-04-06 12:00:00,27945.52
2023-04-06 16:00:00,28090.39
2023-04-06 20:00:00,28017.77
2023-04-07 00:00:00,28033.82
2023-04-07 04:00:00,28038.66
2023-04-07 08:00:00,27839.78
2023-04-07 12:00:00,27840.9
2023-04-07 16:00:00,27944.1
2023-04-07 20:00:00,27897.52
2023-04-08 00:00:00,27906.33
2023-04-08 04:00:00,28023.39
2023-04-08 08:00:00,28086.22
2023-04-08 12:00:00,28016.09
2023-04-08 16:00:00,28014.7
2023-04-08 20:00:00,27924.13
2023-04-09 00:00:00,27938.38
2023-04-09 04:00:00,28027.71
2023-04-09 08:00:00,27903.02
2023-04-09 12:00:00,27930.2
2023-04-09 16:00:00,27891.91
2023-04-09 20:00:00,28140.4
2023-04-10 00:00:00,28323.76
2023-04-10 04:00:00,28278.45
2023-04-10 08:00:00,28284.57
2023-04-10 12:00:00,28305.6
2023-04-10 16:00:00,28439.38
2023-04-10 20:00:00,29173.06
2023-04-11 00:00:00,29637.34
2023-04-11 04:00:00,30115.95
2023-04-11 08:00:00,30106.89
2023-04-11 12:00:00,30055.15
2023-04-11 16:00:00,30194.22
2023-04-11 20:00:00,30130.02
2023-04-12 00:00:00,30200.42
2023-04-12 04:00:00,29922.04
2023-04-12 08:00:00,29987
2023-04-12 12:00:00,30016.3
2023-04-12 16:00:00,29964.02
2023-04-12 20:00:00,29798.59
2023-04-13 00:00:00,29888.07
2023-04-13 04:00:00,30072.17
2023-04-13 08:00:00,30068.6
2023-04-13 12:00:00,30159.82
2023-04-13 16:00:00,30441.43
2023-04-13 20:00:00,30335.13
2023-04-14 00:00:00,30373.84
2023-04-14 04:00:00,30690.88
2023-04-14 08:00:00,30733.72
2023-04-14 12:00:00,30801.89
2023-04-14 16:00:00,30237.89
2023-04-14 20:00:00,30324.09
2023-04-15 00:00:00,30466.93
2023-04-15 04:00:00,30376.14
2023-04-15 08:00:00,30433.3
2023-04-15 12:00:00,30385.3
2023-04-15 16:00:00,30325.27
2023-04-15 20:00:00,30331.74
2023-04-16 00:00:00,30295.09
2023-04-16 04:00:00,30249.37
2023-04-16 08:00:00,30344.97
2023-04-16 12:00:00,30226.45
2023-04-16 16:00:00,30332.98
2023-04-16 20:00:00,30309.06
2023-04-17 00:00:00,30304.65
2023-04-17 04:00:00,29982.8
2023-04-17 08:00:00,29838.3
2023-04-17 12:00:00,29570.81
2023-04-17 16:00:00,29358.31
2023-04-17 20:00:00,29467.24
2023-04-18 00:00:00,29430.27
2023-04-18 04:00:00,29446.99
2023-04-18 08:00:00,29775.62
2023-04-18 12:00:00,30380.59
2023-04-18 16:00:00,30184.86
2023-04-18 20:00:00,30221.52
2023-04-19 00:00:00,30380.01
2023-04-19 04:00:00,30211.23
2023-04-19 08:00:00,30077.76
2023-04-19 12:00:00,29310.65
2023-04-19 16:00:00,29260.44
2023-04-19 20:00:00,29227.07
2023-04-20 00:00:00,28797.1
2023-04-20 04:00:00,28862.52
2023-04-20 08:00:00,28869.66
2023-04-20 12:00:00,28607.13
2023-04-20 16:00:00,28506.69
2023-04-20 20:00:00,28104.38
2023-04-21 00:00:00,28243.65
2023-04-21 04:00:00,28321.41
2023-04-21 08:00:00,28155.03
2023-04-21 12:00:00,28066.21
2023-04-21 16:00:00,28040.7
2023-04-21 20:00:00,27279.91
2023-04-22 00:00:00,27262.84
2023-04-22 04:00:00,27322.16
2023-04-22 08:00:00,27277.76
2023-04-22 12:00:00,27286.65
2023-04-22 16:00:00,27488.93
2023-04-22 20:00:00,27622.61
2023-04-23 00:00:00,27816.85
2023-04-23 04:00:00,27557.84
2023-04-23 08:00:00,27718.9
2023-04-23 12:00:00,27642.9
2023-04-23 16:00:00,27474.47
2023-04-23 20:00:00,27465.77
2023-04-24 00:00:00,27590.6
2023-04-24 04:00:00,27790.48
2023-04-24 08:00:00,27451.97
2023-04-24 12:00:00,27550.84
2023-04-24 16:00:00,27267.05
2023-04-24 20:00:00,27383.29
2023-04-25 00:00:00,27510.93
2023-04-25 04:00:00,27345.72
2023-04-25 08:00:00,27266.54
2023-04-25 12:00:00,27390.96
2023-04-25 16:00:00,27345
2023-04-25 20:00:00,27611.4
2023-04-26 00:00:00,28300.79
2023-04-26 04:00:00,28309.1
2023-04-26 08:00:00,28376.18
2023-04-26 12:00:00,28952.32
2023-04-26 16:00:00,29820.03
2023-04-26 20:00:00,27884.24
2023-04-27 00:00:00,28415.29
2023-04-27 04:00:00,28885.79
2023-04-27 08:00:00,28893.83
2023-04-27 12:00:00,28934.21
2023-04-27 16:00:00,29149.73
2023-04-27 20:00:00,29673.98
2023-04-28 00:00:00,29472.77
2023-04-28 04:00:00,29420.52
2023-04-28 08:00:00,29488.83
2023-04-28 12:00:00,29235.36
2023-04-28 16:00:00,29146.89
2023-04-28 20:00:00,29328.53
2023-04-29 00:00:00,29311.7
2023-04-29 04:00:00,29345.74
2023-04-29 08:00:00,29345.54
2023-04-29 12:00:00,29332.11
2023-04-29 16:00:00,29271.21
2023-04-29 20:00:00,29240.67
2023-04-30 00:00:00,29230.45
2023-04-30 04:00:00,29178.87
2023-04-30 08:00:00,29266.43
2023-04-30 12:00:00,29197.01
2023-04-30 16:00:00,29655.18
2023-04-30 20:00:00,29361.13
2023-05-01 00:00:00,29233.21
2023-05-01 04:00:00,28561.06
2023-05-01 08:00:00,28629.09
2023-05-01 12:00:00,28523.86
2023-05-01 16:00:00,28170.64
2023-05-01 20:00:00,27843.36
2023-05-02 00:00:00,28068.26
2023-05-02 04:00:00,28043.76
2023-05-02 08:00:00,28057.47
2023-05-02 12:00:00,28084.83
2023-05-02 16:00:00,28540.68
2023-05-02 20:00:00,28686.14
2023-05-03 00:00:00,28669.86
2023-05-03 04:00:00,28520.9
2023-05-03 08:00:00,28653.8
2023-05-03 12:00:00,28543.74
2023-05-03 16:00:00,28311.51
2023-05-03 20:00:00,28322.98
2023-05-04 00:00:00,29026.16
2023-05-04 04:00:00,29096.86
2023-05-04 08:00:00,29058.19
2023-05-04 12:00:00,29154.66
2023-05-04 16:00:00,28866.19
2023-05-04 20:00:00,28895.12
2023-05-05 00:00:00,28838.16
2023-05-05 04:00:00,29198.23
2023-05-05 08:00:00,29062.29
2023-05-05 12:00:00,29149.36
2023-05-05 16:00:00,29356.45
2023-05-05 20:00:00,29561.66
2023-05-06 00:00:00,29505.61
2023-05-06 04:00:00,29353.61
2023-05-06 08:00:00,29363.35
2023-05-06 12:00:00,29266.15
2023-05-06 16:00:00,28576.61
2023-05-06 20:00:00,28842.82
2023-05-07 00:00:00,28848.2
2023-05-07 04:00:00,28798.56
2023-05-07 08:00:00,28910.41
2023-05-07 12:00:00,28840.06
2023-05-07 16:00:00,28942.67
2023-05-07 20:00:00,28907.73
2023-05-08 00:00:00,28430.1
2023-05-08 04:00:00,28199.71
2023-05-08 08:00:00,27975.48
2023-05-08 12:00:00,27934.09
2023-05-08 16:00:00,27887.58
2023-05-08 20:00:00,27340.72
2023-05-09 00:00:00,27668.79
2023-05-09 04:00:00,27629.34
2023-05-09 08:00:00,27666.64
2023-05-09 12:00:00,27678.31
2023-05-09 16:00:00,27400.39
2023-05-09 20:00:00,27716.32
2023-05-10 00:00:00,27628.27
2023-05-10 04:00:00,27685.29
2023-05-10 08:00:00,27542.26
2023-05-10 12:00:00,27677.09
2023-05-10 16:00:00,28153.2
2023-05-10 20:00:00,27692.26
2023-05-11 00:00:00,27598.75
2023-05-11 04:00:00,27446.9
2023-05-11 08:00:00,27450.07
2023-05-11 12:00:00,27405.61
2023-05-11 16:00:00,27179.42
2023-05-11 20:00:00,26843.05
2023-05-12 00:00:00,26968.62
2023-05-12 04:00:00,26584.32
2023-05-12 08:00:00,26311.52
2023-05-12 12:00:00,26348.01
2023-05-12 16:00:00,26320.84
2023-05-12 20:00:00,26459.62
2023-05-13 00:00:00,26795.01
2023-05-13 04:00:00,26808.27
2023-05-13 08:00:00,26771.88
2023-05-13 12:00:00,26823.94
2023-05-13 16:00:00,26816.25
2023-05-13 20:00:00,26837.94
2023-05-14 00:00:00,26775.28
2023-05-14 04:00:00,26865.03
2023-05-14 08:00:00,26855.21
2023-05-14 12:00:00,26805.98
2023-05-14 16:00:00,27082.02
2023-05-14 20:00:00,26878.97
2023-05-15 00:00:00,26917.62
2023-05-15 04:00:00,27232.8
2023-05-15 08:00:00,27407.48
2023-05-15 12:00:00,27336.12
2023-05-15 16:00:00,27396.8
2023-05-15 20:00:00,27418.24
2023-05-16 00:00:00,27162.14
2023-05-16 04:00:00,27130
2023-05-16 08:00:00,27252.58
2023-05-16 12:00:00,27059.03
2023-05-16 16:00:00,27038.02
2023-05-16 20:00:00,26933.05
2023-05-17 00:00:00,27033.84
2023-05-17 04:00:00,27060.04
2023-05-17 08:00:00,26845.14
2023-05-17 12:00:00,26637.62
2023-05-17 16:00:00,26796.93
2023-05-17 20:00:00,27385.09
2023-05-18 00:00:00,27405.61
2023-05-18 04:00:00,27365.69
2023-05-18 08:00:00,27391.61
2023-05-18 12:00:00,27398.97
2023-05-18 16:00:00,27086.77
2023-05-18 20:00:00,26734.01
2023-05-19 00:00:00,26821.28
2023-05-19 04:00:00,26834.73
2023-05-19 08:00:00,26851.38
2023-05-19 12:00:00,26855.89
2023-05-19 16:00:00,26883.65
2023-05-19 20:00:00,26834.46
2023-05-20 00:00:00,26880.26
2023-05-20 04:00:00,26865.58
2023-05-20 08:00:00,26854.98
2023-05-20 12:00:00,26880.06
2023-05-20 16:00:00,26945.66
2023-05-20 20:00:00,27063.03
2023-05-21 00:00:00,27102.43
2023-05-21 04:00:00,27176.22
2023-05-21 08:00:00,27054.99
2023-05-21 12:00:00,26829.94
2023-05-21 16:00:00,26898.97
2023-05-21 20:00:00,26902.12
2023-05-22 00:00:00,26747.78
2023-05-22 04:00:00,26644.8
2023-05-22 08:00:00,26843.13
2023-05-22 12:00:00,26826.78
2023-05-22 16:00:00,26877.18
2023-05-22 20:00:00,26862.43
2023-05-23 00:00:00,26849.27
2023-05-23 04:00:00,27366.67
2023-05-23 08:00:00,27304.4
2023-05-23 12:00:00,27337.36
2023-05-23 16:00:00,27320.05
2023-05-23 20:00:00,27181.22
2023-05-24 00:00:00,27219.61
2023-05-24 04:00:00,26786
2023-05-24 08:00:00,26678.67
2023-05-24 12:00:00,26742.24
2023-05-24 16:00:00,26314.69
2023-05-24 20:00:00,26252.33
2023-05-25 00:00:00,26329.01
2023-05-25 04:00:00,26183.72
2023-05-25 08:00:00,26131.27
2023-05-25 12:00:00,26296.62
2023-05-25 16:00:00,26226.12
2023-05-25 20:00:00,26468.68
2023-05-26 00:00:00,26473.79
2023-05-26 04:00:00,26435.14
2023-05-26 08:00:00,26501.33
2023-05-26 12:00:00,26463.29
2023-05-26 16:00:00,26750.21
2023-05-26 20:00:00,26767.21
2023-05-27 00:00:00,26705.92
2023-05-27 04:00:00,26752
2023-05-27 08:00:00,26722.8
2023-05-27 12:00:00,26699.02
2023-05-27 16:00:00,26690.05
2023-05-27 20:00:00,26729.6
2023-05-28 00:00:00,26854.27
2023-05-28 04:00:00,27187.23
2023-05-28 08:00:00,27226.37
2023-05-28 12:00:00,27153.76
2023-05-28 16:00:00,27272.17
2023-05-28 20:00:00,27525.99
2023-05-29 00:00:00,28065
2023-05-29 04:00:00,27954.99
2023-05-29 08:00:00,27907.87
2023-05-29 12:00:00,27913.87
2023-05-29 16:00:00,27630.51
2023-05-29 20:00:00,27637.94
2023-05-30 00:00:00,27736.4
2023-05-30 04:00:00,27829.23
2023-05-30 08:00:00,27733.22
2023-05-30 12:00:00,28021.4
2023-05-30 16:00:00,27673.08
2023-05-30 20:00:00,27850.2
2023-05-31 00:00:00,27694.4
2023-05-31 04:00:00,27657.3
2023-05-31 08:00:00,27167.9
2023-05-31 12:00:00,27097.18
2023-05-31 16:00:00,26911.54
2023-05-31 20:00:00,27010.57
2023-06-01 00:00:00,27210.35
2023-06-01 04:00:00,26779.94
2023-06-01 08:00:00,26802.67
2023-06-01 12:00:00,26892.96
2023-06-01 16:00:00,26894.48
2023-06-01 20:00:00,26862.68
2023-06-02 00:00:00,26817.93
2023-06-02 04:00:00,27000
2023-06-02 08:00:00,27049.65
2023-06-02 12:00:00,27130.75
2023-06-02 16:00:00,27095.92
2023-06-02 20:00:00,27239.02
2023-06-03 00:00:00,27242.59
2023-06-03 04:00:00,27143.2
2023-06-03 08:00:00,27174.42
2023-06-03 12:00:00,27129.79
2023-06-03 16:00:00,27305.26
2023-06-03 20:00:00,27096.36
2023-06-04 00:00:00,27069.22
2023-06-04 04:00:00,27061.38
2023-06-04 08:00:00,27150.45
2023-06-04 12:00:00,27198.55
2023-06-04 16:00:00,27179
2023-06-04 20:00:00,27213.11
2023-06-05 00:00:00,27115.21
2023-06-05 04:00:00,26843.58
2023-06-05 08:00:00,26829.99
2023-06-05 12:00:00,26773.39
2023-06-05 16:00:00,26007.53
2023-06-05 20:00:00,25629.99
2023-06-06 00:00:00,25728.2
2023-06-06 04:00:00,25730.83
2023-06-06 08:00:00,25722.33
2023-06-06 12:00:00,25686.64
2023-06-06 16:00:00,26066.11
2023-06-06 20:00:00,27080.13
2023-06-07 00:00:00,27230.08
2023-06-07 04:00:00,26909.01
2023-06-07 08:00:00,26795.87
2023-06-07 12:00:00,26896.14
2023-06-07 16:00:00,26349.52
2023-06-07 20:00:00,26482.42
2023-06-08 00:00:00,26339.34
2023-06-08 04:00:00,26344.17
2023-06-08 08:00:00,26444.69
2023-06-08 12:00:00,26432
2023-06-08 16:00:00,26721.68
2023-06-08 20:00:00,26539.9
2023-06-09 00:00:00,26498.61
2023-06-09 04:00:00,26483.7
2023-06-09 08:00:00,26493.43
2023-06-09 12:00:00,26610.19
2023-06-09 16:00:00,26477.37
2023-06-09 20:00:00,26407.15
2023-06-10 00:00:00,26477.81
2023-06-10 04:00:00,26323.07
2023-06-10 08:00:00,25651.09
2023-06-10 12:00:00,25731.4
2023-06-10 16:00:00,25628.8
2023-06-10 20:00:00,25750
2023-06-11 00:00:00,25841.21
2023-06-11 04:00:00,25727.51
2023-06-11 08:00:00,25741.33
2023-06-11 12:00:00,25796.06
2023-06-11 16:00:00,25751.36
2023-06-11 20:00:00,26030.89
2023-06-12 00:00:00,25925.55
2023-06-12 04:00:00,25791.29
2023-06-12 08:00:00,25802.98
2023-06-12 12:00:00,25988.83
2023-06-12 16:00:00,25824.63
2023-06-12 20:00:00,25824.23
2023-06-13 00:00:00,25905.19
2023-06-13 04:00:00,26063.85
2023-06-13 08:00:00,26073.92
2023-06-13 12:00:00,26191.81
2023-06-13 16:00:00,25759.54
2023-06-13 20:00:00,25902.84
2023-06-14 00:00:00,25934.25
2023-06-14 04:00:00,25985.07
2023-06-14 08:00:00,25897.72
2023-06-14 12:00:00,25975.71
2023-06-14 16:00:00,25986.75
2023-06-14 20:00:00,25874.59
2023-06-15 00:00:00,25128.6
2023-06-15 04:00:00,25065.35
2023-06-15 08:00:00,24983.8
2023-06-15 12:00:00,25014.97
2023-06-15 16:00:00,24959.95
2023-06-15 20:00:00,25455.49
2023-06-16 00:00:00,25598.49
2023-06-16 04:00:00,25561.74
2023-06-16 08:00:00,25537.01
2023-06-16 12:00:00,25474.51
2023-06-16 16:00:00,25840.01
2023-06-16 20:00:00,26382.43
2023-06-17 00:00:00,26345
2023-06-17 04:00:00,26262.16
2023-06-17 08:00:00,26593.57
2023-06-17 12:00:00,26507.76
2023-06-17 16:00:00,26410.82
2023-06-17 20:00:00,26475.3
2023-06-18 00:00:00,26516.99
2023-06-18 04:00:00,26548.45
2023-06-18 08:00:00,26584.98
2023-06-18 12:00:00,26500
2023-06-18 16:00:00,26562.09
2023-06-18 20:00:00,26650
2023-06-19 00:00:00,26339.97
2023-06-19 04:00:00,26403.36
2023-06-19 08:00:00,26428.01
2023-06-19 12:00:00,26447.73
2023-06-19 16:00:00,26444
2023-06-19 20:00:00,26682.28
2023-06-20 00:00:00,26844.35
2023-06-20 04:00:00,26896.52
2023-06-20 08:00:00,26832.44
2023-06-20 12:00:00,26907.99
2023-06-20 16:00:00,27071.93
2023-06-20 20:00:00,27982.77
2023-06-21 00:00:00,28307.99
2023-06-21 04:00:00,28711.15
2023-06-21 08:00:00,28872.28
2023-06-21 12:00:00,28930
2023-06-21 16:00:00,29851.58
2023-06-21 20:00:00,30112.03
2023-06-22 00:00:00,29993.89
2023-06-22 04:00:00,30296.01
2023-06-22 08:00:00,30100.75
2023-06-22 12:00:00,29928
2023-06-22 16:00:00,29850.65
2023-06-22 20:00:00,30213.11
2023-06-23 00:00:00,29884.92
2023-06-23 04:00:00,30007.96
2023-06-23 08:00:00,29931.99
2023-06-23 12:00:00,30140.87
2023-06-23 16:00:00,31238
2023-06-23 20:00:00,30880.87
2023-06-24 00:00:00,30688.5
2023-06-24 04:00:00,30730.01
2023-06-24 08:00:00,30567.58
2023-06-24 12:00:00,30684.38
2023-06-24 16:00:00,30398.71
2023-06-24 20:00:00,30627.84
2023-06-25 00:00:00,30527.43
2023-06-25 04:00:00,30748.46
2023-06-25 08:00:00,30723.78
2023-06-25 12:00:00,30716.03
2023-06-25 16:00:00,30585.16
2023-06-25 20:00:00,30429.78
2023-06-26 00:00:00,30462.66
2023-06-26 04:00:00,30296.36
2023-06-26 08:00:00,30404.29
2023-06-26 12:00:00,30322.89
2023-06-26 16:00:00,30419.62
2023-06-26 20:00:00,30243.97
2023-06-27 00:00:00,30267.99
2023-06-27 04:00:00,30371.57
2023-06-27 08:00:00,30411.22
2023-06-27 12:00:00,30729.1
2023-06-27 16:00:00,30498.74
2023-06-27 20:00:00,30648.03
2023-06-28 00:00:00,30692.44
2023-06-28 04:00:00,30452.75
2023-06-28 08:00:00,30186.13
2023-06-28 12:00:00,30310.73
2023-06-28 16:00:00,30411.06
2023-06-28 20:00:00,30100
2023-06-29 00:00:00,30077.41
2023-06-29 04:00:00,30176
2023-06-29 08:00:00,30340.29
2023-06-29 12:00:00,30670.94
2023-06-29 16:00:00,30478.8
2023-06-29 20:00:00,30584.99
2023-06-30 00:00:00,30447.31
2023-06-30 04:00:00,30745.05
2023-06-30 08:00:00,30765.09
2023-06-30 12:00:00,30910.01
2023-06-30 16:00:00,30067.72
2023-06-30 20:00:00,30372.36
2023-07-01 00:00:00,30472
2023-07-01 04:00:00,30398.01
2023-07-01 08:00:00,30459.88
2023-07-01 12:00:00,30523.02
2023-07-01 16:00:00,30572.58
2023-07-01 20:00:00,30609.51
2023-07-02 00:00:00,30585.9
2023-07-02 04:00:00,30509.31
2023-07-02 08:00:00,30513.01
2023-07-02 12:00:00,30544.74
2023-07-02 16:00:00,30498.01
2023-07-02 20:00:00,30557.74
2023-07-03 00:00:00,30617.03
2023-07-03 04:00:00,30756.65
2023-07-03 08:00:00,30667.19
2023-07-03 12:00:00,30625.22
2023-07-03 16:00:00,31068.64
2023-07-03 20:00:00,31255.84
2023-07-04 00:00:00,31156.2
2023-07-04 04:00:00,31195.69
2023-07-04 08:00:00,30911.41
2023-07-04 12:00:00,31067.99
2023-07-04 16:00:00,30964.37
2023-07-04 20:00:00,30696.84
2023-07-05 00:00:00,30766.51
2023-07-05 04:00:00,30868.71
2023-07-05 08:00:00,30774.25
2023-07-05 12:00:00,30404.3
2023-07-05 16:00:00,30356.11
2023-07-05 20:00:00,30431.95
2023-07-06 00:00:00,30504.81
2023-07-06 04:00:00,30490.85
2023-07-06 08:00:00,30803.19
2023-07-06 12:00:00,30846.55
2023-07-06 16:00:00,30407.01
2023-07-06 20:00:00,30309.88
2023-07-07 00:00:00,29895.43
2023-07-07 04:00:00,30135.4
2023-07-07 08:00:00,30007.4
2023-07-07 12:00:00,30118.7
2023-07-07 16:00:00,30390.83
2023-07-07 20:00:00,30246.2
2023-07-08 00:00:00,30344.7
2023-07-08 04:00:00,30274.83
2023-07-08 08:00:00,30193.36
2023-07-08 12:00:00,30201.71
2023-07-08 16:00:00,30208
2023-07-08 20:00:00,30112
2023-07-09 00:00:00,30284.63
2023-07-09 04:00:00,30287.99
2023-07-09 08:00:00,30265
2023-07-09 12:00:00,30266.69
2023-07-09 16:00:00,30349.47
2023-07-09 20:00:00,30242.42
2023-07-10 00:00:00,30160.71
2023-07-10 04:00:00,30156.17
2023-07-10 08:00:00,30112.1
2023-07-10 12:00:00,30240
2023-07-10 16:00:00,30312.81
2023-07-10 20:00:00,30837.4
2023-07-11 00:00:00,30411.57
2023-07-11 04:00:00,30476
2023-07-11 08:00:00,30535.38
2023-07-11 12:00:00,30404.31
2023-07-11 16:00:00,30596.45
2023-07-11 20:00:00,30581.99
2023-07-12 00:00:00,30622.1
2023-07-12 04:00:00,30588.32
2023-07-12 08:00:00,30740
2023-07-12 12:00:00,30776.25
2023-07-12 16:00:00,30524.63
2023-07-12 20:00:00,30287.47
2023-07-13 00:00:00,30380
2023-07-13 04:00:00,30298.01
2023-07-13 08:00:00,30366.02
2023-07-13 12:00:00,30543.99
2023-07-13 16:00:00,30917.48
2023-07-13 20:00:00,31606.01
2023-07-14 00:00:00,31454.23
2023-07-14 04:00:00,31460
2023-07-14 08:00:00,31098.74
2023-07-14 12:00:00,31209.59
2023-07-14 16:00:00,31240.48
2023-07-14 20:00:00,30115.17
2023-07-15 00:00:00,30312.01
2023-07-15 04:00:00,30292.91
2023-07-15 08:00:00,30338
2023-07-15 12:00:00,30311.99
2023-07-15 16:00:00,30303.41
2023-07-15 20:00:00,30326.47
2023-07-16 00:00:00,30289.52
2023-07-16 04:00:00,30188
2023-07-16 08:00:00,30265.22
2023-07-16 12:00:00,30306.01
2023-07-16 16:00:00,30379.95
2023-07-16 20:00:00,30252.93
2023-07-17 00:00:00,30231.99
2023-07-17 04:00:00,30312.66
2023-07-17 08:00:00,30281
2023-07-17 12:00:00,30161.7
2023-07-17 16:00:00,30174.83
2023-07-17 20:00:00,29884.39
2023-07-18 00:00:00,30138
2023-07-18 04:00:00,30073.96
2023-07-18 08:00:00,29968.13
2023-07-18 12:00:00,29884.01
2023-07-18 16:00:00,29912
2023-07-18 20:00:00,29715.99
2023-07-19 00:00:00,29859.13
2023-07-19 04:00:00,30059.11
2023-07-19 08:00:00,30000.68
2023-07-19 12:00:00,30012.63
2023-07-19 16:00:00,29956.46
2023-07-19 20:00:00,30044.31
2023-07-20 00:00:00,29909.21
2023-07-20 04:00:00,29948.01
2023-07-20 08:00:00,30202.77
2023-07-20 12:00:00,30284.9
2023-07-20 16:00:00,29810.18
2023-07-20 20:00:00,29756
2023-07-21 00:00:00,29800
2023-07-21 04:00:00,29897.62
2023-07-21 08:00:00,29766.81
2023-07-21 12:00:00,29778.51
2023-07-21 16:00:00,29866
2023-07-21 20:00:00,29875.99
2023-07-22 00:00:00,29901.72
2023-07-22 04:00:00,29903.41
2023-07-22 08:00:00,29944.77
2023-07-22 12:00:00,29886.94
2023-07-22 16:00:00,29900.24
2023-07-22 20:00:00,29836
2023-07-23 00:00:00,29794
2023-07-23 04:00:00,29845.72
2023-07-23 08:00:00,29916
2023-07-23 12:00:00,29888.58
2023-07-23 16:00:00,29897.64
2023-07-23 20:00:00,30093.12
2023-07-24 00:00:00,30083.75
2023-07-24 04:00:00,29716.01
2023-07-24 08:00:00,29828
2023-07-24 12:00:00,29269.99
2023-07-24 16:00:00,29093.78
2023-07-24 20:00:00,29117.99
2023-07-25 00:00:00,29176.5
2023-07-25 04:00:00,29111
2023-07-25 08:00:00,29142.46
2023-07-25 12:00:00,29128.29
2023-07-25 16:00:00,29181.51
2023-07-25 20:00:00,29198.83
2023-07-26 00:00:00,29228.91
2023-07-26 04:00:00,29242.81
2023-07-26 08:00:00,29216.61
2023-07-26 12:00:00,29175.39
2023-07-26 16:00:00,29324
2023-07-26 20:00:00,29401.93
2023-07-27 00:00:00,29351.96
2023-07-27 04:00:00,29405.78
2023-07-27 08:00:00,29412.17
2023-07-27 12:00:00,29507.03
2023-07-27 16:00:00,29292.01
2023-07-27 20:00:00,29163.83
2023-07-28 00:00:00,29222.78
2023-07-28 04:00:00,29253.85
2023-07-28 08:00:00,29140.8
2023-07-28 12:00:00,29206.59
2023-07-28 16:00:00,29387.99
2023-07-28 20:00:00,29316
2023-07-29 00:00:00,29314.14
2023-07-29 04:00:00,29371.89
2023-07-29 08:00:00,29295.01
2023-07-29 12:00:00,29267.16
2023-07-29 16:00:00,29292.34
2023-07-29 20:00:00,29338.02
2023-07-30 00:00:00,29352.9
2023-07-30 04:00:00,29314.92
2023-07-30 08:00:00,29294.31
2023-07-30 12:00:00,29314
2023-07-30 16:00:00,29349.37
2023-07-30 20:00:00,29202.28
2023-07-31 00:00:00,29281.09
2023-07-31 04:00:00,29421.99
2023-07-31 08:00:00,29373.61
2023-07-31 12:00:00,29405.99
2023-07-31 16:00:00,29247.98
2023-07-31 20:00:00,29157.48
2023-08-01 00:00:00,29232.25
2023-08-01 04:00:00,28835
2023-08-01 08:00:00,28937.3
2023-08-01 12:00:00,28862.19
2023-08-01 16:00:00,28954
2023-08-01 20:00:00,29274.41
2023-08-02 00:00:00,29705.99
2023-08-02 04:00:00,29632.96
2023-08-02 08:00:00,29577.26
2023-08-02 12:00:00,29562.49
2023-08-02 16:00:00,29321.4
2023-08-02 20:00:00,29151.56
2023-08-03 00:00:00,29186.01
2023-08-03 04:00:00,29182.14
2023-08-03 08:00:00,29044.17
2023-08-03 12:00:00,29146.01
2023-08-03 16:00:00,29259.07
2023-08-03 20:00:00,29281.32
2023-08-04 00:00:00,29193.64
2023-08-04 04:00:00,29161.29
2023-08-04 08:00:00,29212.92
2023-08-04 12:00:00,29167.51
2023-08-04 16:00:00,29274.28
2023-08-04 20:00:00,29032.06
2023-08-05 00:00:00,29113.99
2023-08-05 04:00:00,29094.53
2023-08-05 08:00:00,29052.81
2023-08-05 12:00:00,29048
2023-08-05 16:00:00,29041.49
2023-08-05 20:00:00,29067.35
2023-08-06 00:00:00,29072.13
2023-08-06 04:00:00,29063.99
2023-08-06 08:00:00,29092.68
2023-08-06 12:00:00,29078.01
2023-08-06 16:00:00,29012.93
2023-08-06 20:00:00,29088
2023-08-07 00:00:00,29088.42
2023-08-07 04:00:00,29162.67
2023-08-07 08:00:00,29094.09
2023-08-07 12:00:00,29091.44
2023-08-07 16:00:00,28858.44
2023-08-07 20:00:00,29154.91
2023-08-08 00:00:00,29211.06
2023-08-08 04:00:00,29195.08
2023-08-08 08:00:00,29187.62
2023-08-08 12:00:00,29438.63
2023-08-08 16:00:00,29535.39
2023-08-08 20:00:00,29884.24
2023-08-09 00:00:00,29770.42
2023-08-09 04:00:00,29716.01
2023-08-09 08:00:00,29818
2023-08-09 12:00:00,29888.32
2023-08-09 16:00:00,29761.7
2023-08-09 20:00:00,29416.22
2023-08-10 00:00:00,29581.99
2023-08-10 04:00:00,29582.63
2023-08-10 08:00:00,29512
2023-08-10 12:00:00,29504.01
2023-08-10 16:00:00,29466
2023-08-10 20:00:00,29444.52
2023-08-11 00:00:00,29455.75
2023-08-11 04:00:00,29412
2023-08-11 08:00:00,29417.28
2023-08-11 12:00:00,29445.96
2023-08-11 16:00:00,29395.89
2023-08-11 20:00:00,29396.76
2023-08-12 00:00:00,29426.03
2023-08-12 04:00:00,29402.07
2023-08-12 08:00:00,29421.49
2023-08-12 12:00:00,29429.85
2023-08-12 16:00:00,29438.81
2023-08-12 20:00:00,29416.16
2023-08-13 00:00:00,29430.17
2023-08-13 04:00:00,29418.56
2023-08-13 08:00:00,29396.36
2023-08-13 12:00:00,29383.38
2023-08-13 16:00:00,29374.2
2023-08-13 20:00:00,29442.91
2023-08-14 00:00:00,29303.84
2023-08-14 04:00:00,29399.91
2023-08-14 08:00:00,29422.01
2023-08-14 12:00:00,29409.99
2023-08-14 16:00:00,29599.99
2023-08-14 20:00:00,29360.54
2023-08-15 00:00:00,29430.93
2023-08-15 04:00:00,29402.01
2023-08-15 08:00:00,29408.84
2023-08-15 12:00:00,29366
2023-08-15 16:00:00,29332.66
2023-08-15 20:00:00,29181.73
2023-08-16 00:00:00,29200
2023-08-16 04:00:00,29228.51
2023-08-16 08:00:00,29197.67
2023-08-16 12:00:00,29164.67
2023-08-16 16:00:00,29106.55
2023-08-16 20:00:00,29111.7
2023-08-17 00:00:00,28730.51
2023-08-17 04:00:00,28657.31
2023-08-17 08:00:00,28621.99
2023-08-17 12:00:00,28545.11
2023-08-17 16:00:00,27934.02
2023-08-17 20:00:00,27894.01
2023-08-18 00:00:00,26623.41
2023-08-18 04:00:00,26398
2023-08-18 08:00:00,26429.99
2023-08-18 12:00:00,26494
2023-08-18 16:00:00,26002
2023-08-18 20:00:00,26065.01
2023-08-19 00:00:00,26054
2023-08-19 04:00:00,25967.51
2023-08-19 08:00:00,25917.99
2023-08-19 12:00:00,25900.08
2023-08-19 16:00:00,26216.01
2023-08-19 20:00:00,26125.62
2023-08-20 00:00:00,26100.01
2023-08-20 04:00:00,26105.24
2023-08-20 08:00:00,26088.44
2023-08-20 12:00:00,26176.7
2023-08-20 16:00:00,26106.83
2023-08-20 20:00:00,26137.25
2023-08-21 00:00:00,26189.99
2023-08-21 04:00:00,26090.66
2023-08-21 08:00:00,26023.34
2023-08-21 12:00:00,26031.6
2023-08-21 16:00:00,25939.59
2023-08-21 20:00:00,26097.74
2023-08-22 00:00:00,26126.92
2023-08-22 04:00:00,26055.99
2023-08-22 08:00:00,26106.69
2023-08-22 12:00:00,26049.64
2023-08-22 16:00:00,25936.61
2023-08-22 20:00:00,25779.99
2023-08-23 00:00:00,26056
2023-08-23 04:00:00,26006.32
2023-08-23 08:00:00,26057.13
2023-08-23 12:00:00,25939.49
2023-08-23 16:00:00,26144
2023-08-23 20:00:00,26632
2023-08-24 00:00:00,26432.72
2023-08-24 04:00:00,26442.01
2023-08-24 08:00:00,26477.38
2023-08-24 12:00:00,26444.02
2023-08-24 16:00:00,25996.34
2023-08-24 20:00:00,26039.44
2023-08-25 00:00:00,26180.05
2023-08-25 04:00:00,26106
2023-08-25 08:00:00,25980.5
2023-08-25 12:00:00,26096.4
2023-08-25 16:00:00,25932.01
2023-08-25 20:00:00,25972.36
2023-08-26 00:00:00,26060.01
2023-08-26 04:00:00,26087.15
2023-08-26 08:00:00,26050.81
2023-08-26 12:00:00,26045.87
2023-08-26 16:00:00,26054
2023-08-26 20:00:00,26034.21
2023-08-27 00:00:00,26017.37
2023-08-27 04:00:00,26021.96
2023-08-27 08:00:00,26043.61
2023-08-27 12:00:00,26060.44
2023-08-27 16:00:00,26122.15
2023-08-27 20:00:00,26125.49
2023-08-28 00:00:00,26101.77
2023-08-28 04:00:00,26012.98
2023-08-28 08:00:00,25934.12
2023-08-28 12:00:00,26000.99
2023-08-28 16:00:00,26104.17
2023-08-28 20:00:00,25996.26
2023-08-29 00:00:00,26120
2023-08-29 04:00:00,26083.19
2023-08-29 08:00:00,26004.2
2023-08-29 12:00:00,25975.55
2023-08-29 16:00:00,27423.44
2023-08-29 20:00:00,27831.33
2023-08-30 00:00:00,27716.34
2023-08-30 04:00:00,27391.13
2023-08-30 08:00:00,27436.25
2023-08-30 12:00:00,27338.51
2023-08-30 16:00:00,27201.63
2023-08-30 20:00:00,27178.28
2023-08-31 00:00:00,27299.99
2023-08-31 04:00:00,27217.27
2023-08-31 08:00:00,27261.03
2023-08-31 12:00:00,27303.96
2023-08-31 16:00:00,26922.01
2023-08-31 20:00:00,26162.79
2023-09-01 00:00:00,25940.78
2023-09-01 04:00:00,26081.01
2023-09-01 08:00:00,25990.92
2023-09-01 12:00:00,26047.49
2023-09-01 16:00:00,25811
2023-09-01 20:00:00,25645.66
2023-09-02 00:00:00,25805.05
2023-09-02 04:00:00,25798.08
2023-09-02 08:00:00,25795.47
2023-09-02 12:00:00,25813.54
2023-09-02 16:00:00,25894.76
2023-09-02 20:00:00,25833.39
2023-09-03 00:00:00,25869.51
2023-09-03 04:00:00,25863.91
2023-09-03 08:00:00,25956.22
2023-09-03 12:00:00,25943.38
2023-09-03 16:00:00,25873.5
2023-09-03 20:00:00,26011.16
2023-09-04 00:00:00,25971.21
2023-09-04 04:00:00,25987.56
2023-09-04 08:00:00,25964.96
2023-09-04 12:00:00,25892.49
2023-09-04 16:00:00,25814.23
2023-09-04 20:00:00,25893.18
2023-09-05 00:00:00,25826.02
2023-09-05 04:00:00,25692.45
2023-09-05 08:00:00,25735.56
2023-09-05 12:00:00,25783.68
2023-09-05 16:00:00,25759.37
2023-09-05 20:00:00,25683.93
2023-09-06 00:00:00,25792.1
2023-09-06 04:00:00,25782.86
2023-09-06 08:00:00,25728.93
2023-09-06 12:00:00,25733.29
2023-09-06 16:00:00,25588.02
2023-09-06 20:00:00,25689.54
2023-09-07 00:00:00,25759.95
2023-09-07 04:00:00,25837.88
2023-09-07 08:00:00,25762.89
2023-09-07 12:00:00,25708.6
2023-09-07 16:00:00,25779.35
2023-09-07 20:00:00,25880.01
2023-09-08 00:00:00,26255
2023-09-08 04:00:00,26252.8
2023-09-08 08:00:00,26256.22
2023-09-08 12:00:00,25839.51
2023-09-08 16:00:00,25844.64
2023-09-08 20:00:00,25895.62
2023-09-09 00:00:00,25910.5
2023-09-09 04:00:00,25875
2023-09-09 08:00:00,25886.15
2023-09-09 12:00:00,25863.03
2023-09-09 16:00:00,25894.09
2023-09-09 20:00:00,25868.43
2023-09-10 00:00:00,25901.61
2023-09-10 04:00:00,25861.39
2023-09-10 08:00:00,25852.25
2023-09-10 12:00:00,25795.33
2023-09-10 16:00:00,25775.01
2023-09-10 20:00:00,25800
2023-09-11 00:00:00,25841.61
2023-09-11 04:00:00,25740.39
2023-09-11 08:00:00,25813.65
2023-09-11 12:00:00,25601.27
2023-09-11 16:00:00,25115.97
2023-09-11 20:00:00,25020.66
2023-09-12 00:00:00,25162.52
2023-09-12 04:00:00,25797.97
2023-09-12 08:00:00,25822.71
2023-09-12 12:00:00,26098.99
2023-09-12 16:00:00,26205.97
2023-09-12 20:00:00,26066.33
2023-09-13 00:00:00,25840.1
2023-09-13 04:00:00,25879.24
2023-09-13 08:00:00,25879.91
2023-09-13 12:00:00,26198.41
2023-09-13 16:00:00,26241.31
2023-09-13 20:00:00,26140.01
2023-09-14 00:00:00,26222
2023-09-14 04:00:00,26265.68
2023-09-14 08:00:00,26344.45
2023-09-14 12:00:00,26446.15
2023-09-14 16:00:00,26693.97
2023-09-14 20:00:00,26678.14
2023-09-15 00:00:00,26522.73
2023-09-15 04:00:00,26615.39
2023-09-15 08:00:00,26565.69
2023-09-15 12:00:00,26425.16
2023-09-15 16:00:00,26321.21
2023-09-15 20:00:00,26397.38
2023-09-16 00:00:00,26600
2023-09-16 04:00:00,26616.43
2023-09-16 08:00:00,26494.5
2023-09-16 12:00:00,26524.09
2023-09-16 16:00:00,26507.12
2023-09-16 20:00:00,26532.8
2023-09-17 00:00:00,26559.67
2023-09-17 04:00:00,26529.25
2023-09-17 08:00:00,26495.93
2023-09-17 12:00:00,26566.67
2023-09-17 16:00:00,26549.98
2023-09-17 20:00:00,26505.15
2023-09-18 00:00:00,26527.51
2023-09-18 04:00:00,26658.66
2023-09-18 08:00:00,26710.67
2023-09-18 12:00:00,27196.98
2023-09-18 16:00:00,27269.42
2023-09-18 20:00:00,26814.79
2023-09-19 00:00:00,26762.51
2023-09-19 04:00:00,26818.42
2023-09-19 08:00:00,26847.21
2023-09-19 12:00:00,27237.56
2023-09-19 16:00:00,27422.24
2023-09-19 20:00:00,27185.44
2023-09-20 00:00:00,27210.26
2023-09-20 04:00:00,27119.48
2023-09-20 08:00:00,27105.62
2023-09-20 12:00:00,27098.08
2023-09-20 16:00:00,27180.63
2023-09-20 20:00:00,26930.61
2023-09-21 00:00:00,27125
2023-09-21 04:00:00,27035
2023-09-21 08:00:00,26990.11
2023-09-21 12:00:00,26730.78
2023-09-21 16:00:00,26584.02
2023-09-21 20:00:00,26599.95
2023-09-22 00:00:00,26568.08
2023-09-22 04:00:00,26627.77
2023-09-22 08:00:00,26674.8
2023-09-22 12:00:00,26640.26
2023-09-22 16:00:00,26631.01
2023-09-22 20:00:00,26540.1
2023-09-23 00:00:00,26580.14
2023-09-23 04:00:00,26532.2
2023-09-23 08:00:00,26585.31
2023-09-23 12:00:00,26575.21
2023-09-23 16:00:00,26581.55
2023-09-23 20:00:00,26610.09
2023-09-24 00:00:00,26575.96
2023-09-24 04:00:00,26570.93
2023-09-24 08:00:00,26563.44
2023-09-24 12:00:00,26596.71
2023-09-24 16:00:00,26578.06
2023-09-24 20:00:00,26449.17
2023-09-25 00:00:00,26248.38
2023-09-25 04:00:00,26157.45
2023-09-25 08:00:00,26189.21
2023-09-25 12:00:00,26075.41
2023-09-25 16:00:00,26243.72
2023-09-25 20:00:00,26331.83
2023-09-26 00:00:00,26304.81
2023-09-26 04:00:00,26353.87
2023-09-26 08:00:00,26272.01
2023-09-26 12:00:00,26273.83
2023-09-26 16:00:00,26126.66
2023-09-26 20:00:00,26247.7
2023-09-27 00:00:00,26221.67
2023-09-27 04:00:00,26278.04
2023-09-27 08:00:00,26246.34
2023-09-27 12:00:00,26766.7
2023-09-27 16:00:00,26304.42
2023-09-27 20:00:00,26267.8
2023-09-28 00:00:00,26372.99
2023-09-28 04:00:00,26379.15
2023-09-28 08:00:00,26459.99
2023-09-28 12:00:00,26476.93
2023-09-28 16:00:00,27020
2023-09-28 20:00:00,27100
2023-09-29 00:00:00,27021.39
2023-09-29 04:00:00,26957.99
2023-09-29 08:00:00,27179.98
2023-09-29 12:00:00,26970.78
2023-09-29 16:00:00,26888.57
2023-09-29 20:00:00,26926.52
2023-09-30 00:00:00,26906.96
2023-09-30 04:00:00,26915.3
2023-09-30 08:00:00,26931.75
2023-09-30 12:00:00,26936.02
2023-09-30 16:00:00,26996.29
2023-09-30 20:00:00,27020.7
2023-10-01 00:00:00,26962.56
2023-10-01 04:00:00,27044.76
2023-10-01 08:00:00,27107.95
2023-10-01 12:00:00,27187.71
2023-10-01 16:00:00,27153.18
2023-10-01 20:00:00,27103.02
2023-10-02 00:00:00,27992.57
2023-10-02 04:00:00,28126.54
2023-10-02 08:00:00,28311.91
2023-10-02 12:00:00,28198.04
2023-10-02 16:00:00,28026.31
2023-10-02 20:00:00,27964.99
2023-10-03 00:00:00,27494.51
2023-10-03 04:00:00,27601.55
2023-10-03 08:00:00,27540.64
2023-10-03 12:00:00,27559.99
2023-10-03 16:00:00,27345
2023-10-03 20:00:00,27275
2023-10-04 00:00:00,27426.46
2023-10-04 04:00:00,27430.43
2023-10-04 08:00:00,27453.78
2023-10-04 12:00:00,27572.43
2023-10-04 16:00:00,27404.22
2023-10-04 20:00:00,27618.1
2023-10-05 00:00:00,27778.57
2023-10-05 04:00:00,27651.73
2023-10-05 08:00:00,27607.98
2023-10-05 12:00:00,27725.68
2023-10-05 16:00:00,27555
2023-10-05 20:00:00,27471.28
2023-10-06 00:00:00,27410.39
2023-10-06 04:00:00,27559.2
2023-10-06 08:00:00,27638.52
2023-10-06 12:00:00,27760
2023-10-06 16:00:00,27941.12
2023-10-06 20:00:00,27952.36
2023-10-07 00:00:00,27931.09
2023-10-07 04:00:00,27900.41
2023-10-07 08:00:00,27890.8
2023-10-07 12:00:00,27942.12
2023-10-07 16:00:00,27939.8
2023-10-07 20:00:00,27865.48
2023-10-08 00:00:00,27956.67
2023-10-08 04:00:00,28064.87
2023-10-08 08:00:00,27905.61
2023-10-08 12:00:00,27811.63
2023-10-08 16:00:00,27892.74
2023-10-08 20:00:00,27894.99
2023-10-09 00:00:00,27917.05
2023-10-09 04:00:00,27921.73
2023-10-09 08:00:00,27813.27
2023-10-09 12:00:00,27468.92
2023-10-09 16:00:00,27443.31
2023-10-09 20:00:00,27616.66
2023-10-10 00:00:00,27590.12
2023-10-10 04:00:00,27632.32
2023-10-10 08:00:00,27651.45
2023-10-10 12:00:00,27508.87
2023-10-10 16:00:00,27408.01
2023-10-10 20:00:00,27397.3
2023-10-11 00:00:00,27390.12
2023-10-11 04:00:00,27016.05
2023-10-11 08:00:00,27021.95
2023-10-11 12:00:00,27196.26
2023-10-11 16:00:00,26779.46
2023-10-11 20:00:00,26763.2
2023-10-12 00:00:00,26875.52
2023-10-12 04:00:00,26847.07
2023-10-12 08:00:00,26810.66
2023-10-12 12:00:00,26837.84
2023-10-12 16:00:00,26675
2023-10-12 20:00:00,26712.9
2023-10-13 00:00:00,26759.63
2023-10-13 04:00:00,26781.69
2023-10-13 08:00:00,26875
2023-10-13 12:00:00,26820.92
2023-10-13 16:00:00,26706.83
2023-10-13 20:00:00,26778.57
2023-10-14 00:00:00,26862
2023-10-14 04:00:00,26930.78
2023-10-14 08:00:00,26868.8
2023-10-14 12:00:00,26872.35
2023-10-14 16:00:00,26942.56
2023-10-14 20:00:00,26864.29
2023-10-15 00:00:00,26852.48
2023-10-15 04:00:00,26880.46
2023-10-15 08:00:00,26882.52
2023-10-15 12:00:00,26852.47
2023-10-15 16:00:00,26898.87
2023-10-15 20:00:00,27043.75
2023-10-16 00:00:00,27154.15
2023-10-16 04:00:00,27235.92
2023-10-16 08:00:00,27849.06
2023-10-16 12:00:00,27749.6
2023-10-16 16:00:00,28064.16
2023-10-16 20:00:00,28468.85
2023-10-17 00:00:00,28500.78
2023-10-17 04:00:00,28269.99
2023-10-17 08:00:00,28430.63
2023-10-17 12:00:00,28422.63
2023-10-17 16:00:00,28461.72
2023-10-17 20:00:00,28516.47
2023-10-18 00:00:00,28395.91
2023-10-18 04:00:00,28514.42
2023-10-18 08:00:00,28494.55
2023-10-18 12:00:00,28340.64
2023-10-18 16:00:00,28247.45
2023-10-18 20:00:00,28245.62
2023-10-19 00:00:00,28320
2023-10-19 04:00:00,28260
2023-10-19 08:00:00,28330.82
2023-10-19 12:00:00,28450.69
2023-10-19 16:00:00,28680.09
2023-10-19 20:00:00,28750.75
2023-10-20 00:00:00,28713.71
2023-10-20 04:00:00,29235.38
2023-10-20 08:00:00,29240.51
2023-10-20 12:00:00,29839.99
2023-10-20 16:00:00,29550.98
2023-10-20 20:00:00,29561.41
2023-10-21 00:00:00,29669.04
2023-10-21 04:00:00,29604.43
2023-10-21 08:00:00,29695.8
2023-10-21 12:00:00,29804.99
2023-10-21 16:00:00,29937.36
2023-10-21 20:00:00,30145.04
2023-10-22 00:00:00,29909.8
2023-10-22 04:00:00,29907.38
2023-10-22 08:00:00,29816.26
2023-10-22 12:00:00,29909.67
2023-10-22 16:00:00,29825.6
2023-10-22 20:00:00,29842.75
2023-10-23 00:00:00,29992.46
2023-10-23 04:00:00,30736.69
2023-10-23 08:00:00,30518.02
2023-10-23 12:00:00,30657.04
2023-10-23 16:00:00,30883.33
2023-10-23 20:00:00,31354.42
2023-10-24 00:00:00,33069.99
2023-10-24 04:00:00,34061.6
2023-10-24 08:00:00,33999.98
2023-10-24 12:00:00,34542.91
2023-10-24 16:00:00,33668.9
2023-10-24 20:00:00,33796.5
2023-10-25 00:00:00,33922.73
2023-10-25 04:00:00,33999.39
2023-10-25 08:00:00,33857.53
2023-10-25 12:00:00,34199.2
2023-10-25 16:00:00,34839.8
2023-10-25 20:00:00,34738.54
2023-10-26 00:00:00,34496.05
2023-10-26 04:00:00,34793.29
2023-10-26 08:00:00,34647.34
2023-10-26 12:00:00,34102.66
2023-10-26 16:00:00,34044.43
2023-10-26 20:00:00,34044.02
2023-10-27 00:00:00,34151.66
2023-10-27 04:00:00,34117.08
2023-10-27 08:00:00,33942
2023-10-27 12:00:00,34047.01
2023-10-27 16:00:00,33999.48
2023-10-27 20:00:00,33698.54
2023-10-28 00:00:00,33892.02
2023-10-28 04:00:00,34060
2023-10-28 08:00:00,34044.99
2023-10-28 12:00:00,34175.84
2023-10-28 16:00:00,34192.98
2023-10-28 20:00:00,34112.07
2023-10-29 00:00:00,34081
2023-10-29 04:00:00,33970.87
2023-10-29 08:00:00,34076.61
2023-10-29 12:00:00,34253.81
2023-10-29 16:00:00,34449.99
2023-10-29 20:00:00,34561.97
2023-10-30 00:00:00,34525.89
2023-10-30 04:00:00,34270.42
2023-10-30 08:00:00,34193.46
2023-10-30 12:00:00,34608.51
2023-10-30 16:00:00,34656.32
2023-10-30 20:00:00,34432.11
2023-10-31 00:00:00,34474.73
2023-10-31 04:00:00,34209.33
2023-10-31 08:00:00,34145.21
2023-10-31 12:00:00,34488.27
2023-10-31 16:00:00,34272.19
2023-10-31 20:00:00,34540.3
2023-11-01 00:00:00,34639.77
2023-11-01 04:00:00,34418.4
2023-11-01 08:00:00,34451.28
2023-11-01 12:00:00,34424.07
2023-11-01 16:00:00,34291.94
2023-11-01 20:00:00,34557.67
2023-11-02 00:00:00,35421.43
2023-11-02 04:00:00,35571.68
2023-11-02 08:00:00,35279.85
2023-11-02 12:00:00,35373.56
2023-11-02 16:00:00,34640.01
2023-11-02 20:00:00,35000.01
2023-11-03 00:00:00,34941.59
2023-11-03 04:00:00,34681.92
2023-11-03 08:00:00,34464.97
2023-11-03 12:00:00,34252.4
2023-11-03 16:00:00,34763.71
2023-11-03 20:00:00,34530.71
2023-11-04 00:00:00,34716.78
2023-11-04 04:00:00,34708.9
2023-11-04 08:00:00,34767.99
2023-11-04 12:00:00,34712.37
2023-11-04 16:00:00,34709.91
2023-11-04 20:00:00,34730.73
2023-11-05 00:00:00,35062.07
2023-11-05 04:00:00,35277.01
2023-11-05 08:00:00,35162.46
2023-11-05 12:00:00,35085.98
2023-11-05 16:00:00,34882.92
2023-11-05 20:00:00,34988.21
2023-11-06 00:00:00,35011.88
2023-11-06 04:00:00,34978.38
2023-11-06 08:00:00,34904.72
2023-11-06 12:00:00,35232.45
2023-11-06 16:00:00,35080.95
2023-11-06 20:00:00,35054.68
2023-11-07 00:00:00,35046.09
2023-11-07 04:00:00,34919.01
2023-11-07 08:00:00,34937.71
2023-11-07 12:00:00,34627.83
2023-11-07 16:00:00,34721.23
2023-11-07 20:00:00,35453.98
2023-11-08 00:00:00,35399.12
2023-11-08 04:00:00,35269.68
2023-11-08 08:00:00,35226.4
2023-11-08 12:00:00,35330.79
2023-11-08 16:00:00,35225.68
2023-11-08 20:00:00,35621.99
2023-11-09 00:00:00,35624.72
2023-11-09 04:00:00,36438.37
2023-11-09 08:00:00,36533.04
2023-11-09 12:00:00,36805.71
2023-11-09 16:00:00,37084.02
2023-11-09 20:00:00,36382.2
2023-11-10 00:00:00,36701.09
2023-11-10 04:00:00,36733.27
2023-11-10 08:00:00,36439.98
2023-11-10 12:00:00,37071.09
2023-11-10 16:00:00,37082.14
2023-11-10 20:00:00,37225.96
2023-11-11 00:00:00,37301.63
2023-11-11 04:00:00,37039.97
2023-11-11 08:00:00,37006.4
2023-11-11 12:00:00,36988.52
2023-11-11 16:00:00,37050.77
2023-11-11 20:00:00,37148.79
2023-11-12 00:00:00,37130
2023-11-12 04:00:00,36988.77
2023-11-12 08:00:00,37127.95
2023-11-12 12:00:00,37055.5
2023-11-12 16:00:00,37152.11
2023-11-12 20:00:00,37105.01
2023-11-13 00:00:00,37064.13
2023-11-13 04:00:00,36914.01
2023-11-13 08:00:00,36960.29
2023-11-13 12:00:00,36810.02
2023-11-13 16:00:00,36841.91
2023-11-13 20:00:00,36844.98
2023-11-14 00:00:00,36462.93
2023-11-14 04:00:00,36448.07
2023-11-14 08:00:00,36683.86
2023-11-14 12:00:00,36259.18
2023-11-14 16:00:00,36147.09
2023-11-14 20:00:00,35293.99
2023-11-15 00:00:00,35551.19
2023-11-15 04:00:00,35381.99
2023-11-15 08:00:00,35576.88
2023-11-15 12:00:00,36240.94
2023-11-15 16:00:00,36402.42
2023-11-15 20:00:00,37499.99
2023-11-16 00:00:00,37858.2
2023-11-16 04:00:00,37454.98
2023-11-16 08:00:00,37437.25
2023-11-16 12:00:00,37247.48
2023-11-16 16:00:00,36406
2023-11-16 20:00:00,35921.01
2023-11-17 00:00:00,36163.51
2023-11-17 04:00:00,36483.99
2023-11-17 08:00:00,36239.76
2023-11-17 12:00:00,36372.83
2023-11-17 16:00:00,36044.8
2023-11-17 20:00:00,36322.4
2023-11-18 00:00:00,36613.92
2023-11-18 04:00:00,36371.81
2023-11-18 08:00:00,36417.16
2023-11-18 12:00:00,36402.8
2023-11-18 16:00:00,36664.16
2023-11-18 20:00:00,36679.1
2023-11-19 00:00:00,36568.1
2023-11-19 04:00:00,36521.11
2023-11-19 08:00:00,36611.5
2023-11-19 12:00:00,36453.62
2023-11-19 16:00:00,36568.27
2023-11-19 20:00:00,36948.97
2023-11-20 00:00:00,37359.86
2023-11-20 04:00:00,37114.34
2023-11-20 08:00:00,37244.47
2023-11-20 12:00:00,37147.5
2023-11-20 16:00:00,37461.61
2023-11-20 20:00:00,37569.23
2023-11-21 00:00:00,37448.78
2023-11-21 04:00:00,37464.86
2023-11-21 08:00:00,37279.91
2023-11-21 12:00:00,37174.97
2023-11-21 16:00:00,36975.04
2023-11-21 20:00:00,36980
2023-11-22 00:00:00,35741.65
2023-11-22 04:00:00,36380
2023-11-22 08:00:00,36439.81
2023-11-22 12:00:00,36463.93
2023-11-22 16:00:00,36481.14
2023-11-22 20:00:00,37289.98
2023-11-23 00:00:00,37408.34
2023-11-23 04:00:00,37299.69
2023-11-23 08:00:00,37369.21
2023-11-23 12:00:00,37370
2023-11-23 16:00:00,36951.34
2023-11-23 20:00:00,37281.42
2023-11-24 00:00:00,37294.28
2023-11-24 04:00:00,37315.65
2023-11-24 08:00:00,37522.99
2023-11-24 12:00:00,37741.99
2023-11-24 16:00:00,38221.11
2023-11-24 20:00:00,37766.11
2023-11-25 00:00:00,37713.57
2023-11-25 04:00:00,37798
2023-11-25 08:00:00,37802.4
2023-11-25 12:00:00,37652.51
2023-11-25 16:00:00,37704.38
2023-11-25 20:00:00,37819.43
2023-11-26 00:00:00,37780.67
2023-11-26 04:00:00,37730.38
2023-11-26 08:00:00,37789.78
2023-11-26 12:00:00,37679.31
2023-11-26 16:00:00,37437.11
2023-11-26 20:00:00,37380.07
2023-11-27 00:00:00,37447.43
2023-11-27 04:00:00,37309.25
2023-11-27 08:00:00,37283.19
2023-11-27 12:00:00,37035.95
2023-11-27 16:00:00,36751.02
2023-11-27 20:00:00,36877
2023-11-28 00:00:00,37242.7
2023-11-28 04:00:00,37129.56
2023-11-28 08:00:00,37105.11
2023-11-28 12:00:00,37251.42
2023-11-28 16:00:00,37513.19
2023-11-28 20:00:00,38114.26
2023-11-29 00:00:00,37818.87
2023-11-29 04:00:00,37940.49
2023-11-29 08:00:00,38096.69
2023-11-29 12:00:00,38104.65
2023-11-29 16:00:00,37830.75
2023-11-29 20:00:00,37874.2
2023-11-30 00:00:00,37854.64
2023-11-30 04:00:00,38051.84
2023-11-30 08:00:00,37792.98
2023-11-30 12:00:00,37885.15
2023-11-30 16:00:00,37619.84
2023-11-30 20:00:00,37749.34
2023-12-01 00:00:00,37723.96
2023-12-01 04:00:00,38043.05
2023-12-01 08:00:00,38244.08
2023-12-01 12:00:00,38580.17
2023-12-01 16:00:00,38413.5
2023-12-01 20:00:00,38762.4
2023-12-02 00:00:00,38682.52
2023-12-02 04:00:00,38782.27
2023-12-02 08:00:00,38702.48
2023-12-02 12:00:00,38740.16
2023-12-02 16:00:00,38811.75
2023-12-02 20:00:00,39420
2023-12-03 00:00:00,39450.35
2023-12-03 04:00:00,39381.11
2023-12-03 08:00:00,39478.72
2023-12-03 12:00:00,39479.7
2023-12-03 16:00:00,39760.42
2023-12-03 20:00:00,39565.99
2023-12-04 00:00:00,39972.26
2023-12-04 04:00:00,40709.77
2023-12-04 08:00:00,41441.1
2023-12-04 12:00:00,41596.01
2023-12-04 16:00:00,41270.33
2023-12-04 20:00:00,41987.28
2023-12-05 00:00:00,41991.1
2023-12-05 04:00:00,41829.99
2023-12-05 08:00:00,41528
2023-12-05 12:00:00,41726.09
2023-12-05 16:00:00,42268.29
2023-12-05 20:00:00,43814.36
2023-12-06 00:00:00,44073.32
2023-12-06 04:00:00,43736.06
2023-12-06 08:00:00,43688.87
2023-12-06 12:00:00,43839.21
2023-12-06 16:00:00,43785.2
2023-12-06 20:00:00,43984.71
2023-12-07 00:00:00,43762.69
2023-12-07 04:00:00,43926.84
2023-12-07 08:00:00,43884.01
2023-12-07 12:00:00,43188.03
2023-12-07 16:00:00,43659.99
2023-12-07 20:00:00,43203.58
2023-12-08 00:00:00,43273.14
2023-12-08 04:00:00,43366.01
2023-12-08 08:00:00,43166.01
2023-12-08 12:00:00,43653.82
2023-12-08 16:00:00,43760.94
2023-12-08 20:00:00,43945.11
2023-12-09 00:00:00,44170.99
2023-12-09 04:00:00,44139.38
2023-12-09 08:00:00,44180.22
2023-12-09 12:00:00,43817.35
2023-12-09 16:00:00,44045.1
2023-12-09 20:00:00,43924.39
2023-12-10 00:00:00,43713.6
2023-12-10 04:00:00,43845.32
2023-12-10 08:00:00,43966.44
2023-12-10 12:00:00,43738.02
2023-12-10 16:00:00,43903.73
2023-12-10 20:00:00,43797.1
2023-12-11 00:00:00,43789.51
2023-12-11 04:00:00,42309.58
2023-12-11 08:00:00,42132.51
2023-12-11 12:00:00,42344.01
2023-12-11 16:00:00,41803.44
2023-12-11 20:00:00,40779.99
2023-12-12 00:00:00,41253.4
2023-12-12 04:00:00,41735.29
2023-12-12 08:00:00,41916.27
2023-12-12 12:00:00,41584.57
2023-12-12 16:00:00,41348
2023-12-12 20:00:00,41137.99
2023-12-13 00:00:00,41492.39
2023-12-13 04:00:00,40829.36
2023-12-13 08:00:00,41115.27
2023-12-13 12:00:00,41004.69
2023-12-13 16:00:00,41939.18
2023-12-13 20:00:00,42734.01
2023-12-14 00:00:00,42869.03
2023-12-14 04:00:00,42713.86
2023-12-14 08:00:00,42898.98
2023-12-14 12:00:00,43267.06
2023-12-14 16:00:00,42448.28
2023-12-14 20:00:00,43094.13
2023-12-15 00:00:00,43022.26
2023-12-15 04:00:00,42795.94
2023-12-15 08:00:00,42699.99
2023-12-15 12:00:00,42776.03
2023-12-15 16:00:00,41909.56
2023-12-15 20:00:00,42096.08
2023-12-16 00:00:00,41940.3
2023-12-16 04:00:00,42333.79
2023-12-16 08:00:00,42222.67
2023-12-16 12:00:00,42331.99
2023-12-16 16:00:00,42604
2023-12-16 20:00:00,42351.73
2023-12-17 00:00:00,42278.03
2023-12-17 04:00:00,41925.55
2023-12-17 08:00:00,41886.75
2023-12-17 12:00:00,41960.07
2023-12-17 16:00:00,41811.37
2023-12-17 20:00:00,42105.91
2023-12-18 00:00:00,41374.65
2023-12-18 04:00:00,41090.92
2023-12-18 08:00:00,41126.02
2023-12-18 12:00:00,41105.12
2023-12-18 16:00:00,41265.96
2023-12-18 20:00:00,41701.1
2023-12-19 00:00:00,42657.8
2023-12-19 04:00:00,43082.2
2023-12-19 08:00:00,43036.16
2023-12-19 12:00:00,42976.11
2023-12-19 16:00:00,42486.86
2023-12-19 20:00:00,42341.96
2023-12-20 00:00:00,42275.99
2023-12-20 04:00:00,42419.75
2023-12-20 08:00:00,42924.23
2023-12-20 12:00:00,42864.44
2023-12-20 16:00:00,44027.2
2023-12-20 20:00:00,43738.01
2023-12-21 00:00:00,43668.93
2023-12-21 04:00:00,43649.37
2023-12-21 08:00:00,43764.5
2023-12-21 12:00:00,43931.6
2023-12-21 16:00:00,43823.99
2023-12-21 20:00:00,43588.8
2023-12-22 00:00:00,43861.8
2023-12-22 04:00:00,44008
2023-12-22 08:00:00,43584.37
2023-12-22 12:00:00,43753.94
2023-12-22 16:00:00,43671.1
2023-12-22 20:00:00,43640.79
2023-12-23 00:00:00,43969.04
2023-12-23 04:00:00,43526.43
2023-12-23 08:00:00,43562.32
2023-12-23 12:00:00,43547.78
2023-12-23 16:00:00,43756.24
2023-12-23 20:00:00,43703.81
2023-12-24 00:00:00,43702.16
2023-12-24 04:00:00,43834.48
2023-12-24 08:00:00,43651.17
2023-12-24 12:00:00,43634.2
2023-12-24 16:00:00,43680.23
2023-12-24 20:00:00,43618.07
2023-12-25 00:00:00,42991.5
2023-12-25 04:00:00,43152.78
2023-12-25 08:00:00,43208.15
2023-12-25 12:00:00,43171.11
2023-12-25 16:00:00,43618
2023-12-25 20:00:00,43474.25
2023-12-26 00:00:00,43576.13
2023-12-26 04:00:00,43451.46
2023-12-26 08:00:00,42774.12
2023-12-26 12:00:00,42685.55
2023-12-26 16:00:00,42391.5
2023-12-26 20:00:00,42109.11
2023-12-27 00:00:00,42508.93
2023-12-27 04:00:00,42234.66
2023-12-27 08:00:00,42455.83
2023-12-27 12:00:00,43019.11
2023-12-27 16:00:00,42980.65
2023-12-27 20:00:00,43154.34
2023-12-28 00:00:00,43428.85
2023-12-28 04:00:00,43408.41
2023-12-28 08:00:00,43049.17
2023-12-28 12:00:00,43059.98
2023-12-28 16:00:00,42445.99
2023-12-28 20:00:00,42610.64
2023-12-29 00:00:00,42563.76
2023-12-29 04:00:00,42697.42
2023-12-29 08:00:00,42273.34
2023-12-29 12:00:00,42862.01
2023-12-29 16:00:00,42271.09
2023-12-29 20:00:00,42116.51
2023-12-30 00:00:00,42066.95
2023-12-30 04:00:00,41972.81
2023-12-30 08:00:00,41947.16
2023-12-30 12:00:00,41893.96
2023-12-30 16:00:00,42374.96
2023-12-30 20:00:00,42361.13
2023-12-31 00:00:00,42140.28
2023-12-31 04:00:00,42176
2023-12-31 08:00:00,42537.1
2023-12-31 12:00:00,42518.36
2023-12-31 16:00:00,42457.17
2023-12-31 20:00:00,42619.04
2024-01-01 00:00:00,42283.58
2024-01-01 04:00:00,42330.49
2024-01-01 08:00:00,42492.46
2024-01-01 12:00:00,42690.2
2024-01-01 16:00:00,42783.05
2024-01-01 20:00:00,43517.99
2024-01-02 00:00:00,44179.55
2024-01-02 04:00:00,45402.38
2024-01-02 08:00:00,45455.53
2024-01-02 12:00:00,45433.99
2024-01-02 16:00:00,45184.82
2024-01-02 20:00:00,45039.49
2024-01-03 00:00:00,44946.91
2024-01-03 04:00:00,45262.69
2024-01-03 08:00:00,45011.77
2024-01-03 12:00:00,43702.88
2024-01-03 16:00:00,43000.01
2024-01-03 20:00:00,42596.67
2024-01-04 00:00:00,42845.23
2024-01-04 04:00:00,43102.8
2024-01-04 08:00:00,42763.08
2024-01-04 12:00:00,43176.32
2024-01-04 16:00:00,44051.1
2024-01-04 20:00:00,43956.48
2024-01-05 00:00:00,44151.1
2024-01-05 04:00:00,43465.21
2024-01-05 08:00:00,43777.47
2024-01-05 12:00:00,43771.34
2024-01-05 16:00:00,43500.01
2024-01-05 20:00:00,43600
2024-01-06 00:00:00,44145.11
2024-01-06 04:00:00,43931.1
2024-01-06 08:00:00,43653.2
2024-01-06 12:00:00,43671.96
2024-01-06 16:00:00,43867.17
2024-01-06 20:00:00,43906.36
2024-01-07 00:00:00,43968.32
2024-01-07 04:00:00,43940.41
2024-01-07 08:00:00,44080
2024-01-07 12:00:00,44061.1
2024-01-07 16:00:00,44047.57
2024-01-07 20:00:00,44244.77
2024-01-08 00:00:00,43929.02
2024-01-08 04:00:00,43518.2
2024-01-08 08:00:00,43974.55
2024-01-08 12:00:00,44635.99
2024-01-08 16:00:00,44963.04
2024-01-08 20:00:00,46979.35
2024-01-09 00:00:00,46951.04
2024-01-09 04:00:00,46926.96
2024-01-09 08:00:00,46825.51
2024-01-09 12:00:00,46615.99
2024-01-09 16:00:00,46868.09
2024-01-09 20:00:00,46876.01
2024-01-10 00:00:00,46110
2024-01-10 04:00:00,46117.1
2024-01-10 08:00:00,45757.98
2024-01-10 12:00:00,45515.89
2024-01-10 16:00:00,45546.4
2024-01-10 20:00:00,46489.18
2024-01-11 00:00:00,46653.99
2024-01-11 04:00:00,46502.16
2024-01-11 08:00:00,46101.4
2024-01-11 12:00:00,47060
2024-01-11 16:00:00,46783.78
2024-01-11 20:00:00,46692.3
2024-01-12 00:00:00,46339.16
2024-01-12 04:00:00,45994
2024-01-12 08:00:00,46008.19
2024-01-12 12:00:00,45954.35
2024-01-12 16:00:00,44462.01
2024-01-12 20:00:00,43472.55
2024-01-13 00:00:00,42782.73
2024-01-13 04:00:00,42609.94
2024-01-13 08:00:00,43102.97
2024-01-13 12:00:00,42624
2024-01-13 16:00:00,43154.48
2024-01-13 20:00:00,42786.25
2024-01-14 00:00:00,42847.99
2024-01-14 04:00:00,42681.82
2024-01-14 08:00:00,43011.44
2024-01-14 12:00:00,42829.99
2024-01-14 16:00:00,42904.38
2024-01-14 20:00:00,42660
2024-01-15 00:00:00,41732.35
2024-01-15 04:00:00,42565.99
2024-01-15 08:00:00,42714.78
2024-01-15 12:00:00,42697.99
2024-01-15 16:00:00,42278.99
2024-01-15 20:00:00,42992.67
2024-01-16 00:00:00,42511.1
2024-01-16 04:00:00,42924.56
2024-01-16 08:00:00,42791.13
2024-01-16 12:00:00,42900.54
2024-01-16 16:00:00,43252.67
2024-01-16 20:00:00,43166.11
2024-01-17 00:00:00,43137.95
2024-01-17 04:00:00,42849
2024-01-17 08:00:00,42655.94
2024-01-17 12:00:00,42680.16
2024-01-17 16:00:00,42482.79
2024-01-17 20:00:00,42611.11
2024-01-18 00:00:00,42776.1
2024-01-18 04:00:00,42592.05
2024-01-18 08:00:00,42915.33
2024-01-18 12:00:00,42544.59
2024-01-18 16:00:00,42619.32
2024-01-18 20:00:00,41022.32
2024-01-19 00:00:00,41327.5
2024-01-19 04:00:00,41055.87
2024-01-19 08:00:00,41284.25
2024-01-19 12:00:00,41475.37
2024-01-19 16:00:00,40894.71
2024-01-19 20:00:00,41814.27
2024-01-20 00:00:00,41659.03
2024-01-20 04:00:00,41634.65
2024-01-20 08:00:00,41650.95
2024-01-20 12:00:00,41580.83
2024-01-20 16:00:00,41570.11
2024-01-20 20:00:00,41632.96
2024-01-21 00:00:00,41696.04
2024-01-21 04:00:00,41680.82
2024-01-21 08:00:00,41648.51
2024-01-21 12:00:00,41719.89
2024-01-21 16:00:00,41656.28
2024-01-21 20:00:00,41719.4
2024-01-22 00:00:00,41580.33
2024-01-22 04:00:00,41197.04
2024-01-22 08:00:00,41043.7
2024-01-22 12:00:00,40815.99
2024-01-22 16:00:00,40771.99
2024-01-22 20:00:00,39820.31
2024-01-23 00:00:00,39568.02
2024-01-23 04:00:00,40000.44
2024-01-23 08:00:00,39780
2024-01-23 12:00:00,38845.56
2024-01-23 16:00:00,39204
2024-01-23 20:00:00,39148.07
2024-01-24 00:00:00,39897.6
2024-01-24 04:00:00,39614
2024-01-24 08:00:00,39981.09
2024-01-24 12:00:00,40209.34
2024-01-24 16:00:00,40050.71
2024-01-24 20:00:00,39803.05
2024-01-25 00:00:00,40084.88
2024-01-25 04:00:00,40012.01
2024-01-25 08:00:00,40130
2024-01-25 12:00:00,40178.07
2024-01-25 16:00:00,39804.24
2024-01-25 20:00:00,39989.25
2024-01-26 00:00:00,39961.09
2024-01-26 04:00:00,40067.52
2024-01-26 08:00:00,39969.99
2024-01-26 12:00:00,41289.52
2024-01-26 16:00:00,41422.99
2024-01-26 20:00:00,42064.49
2024-01-27 00:00:00,41823.51
2024-01-27 04:00:00,41815.01
2024-01-27 08:00:00,41710.14
2024-01-27 12:00:00,41761.23
2024-01-27 16:00:00,41814
2024-01-27 20:00:00,41910.47
2024-01-28 00:00:00,42120.63
2024-01-28 04:00:00,42231.83
2024-01-28 08:00:00,42388.82
2024-01-28 12:00:00,42471.98
2024-01-28 16:00:00,42258.01
2024-01-28 20:00:00,41785.92
2024-01-29 00:00:00,42031.06
2024-01-29 04:00:00,42331.2
2024-01-29 08:00:00,42053.46
2024-01-29 12:00:00,42246.95
2024-01-29 16:00:00,42641.75
2024-01-29 20:00:00,42995.99
2024-01-30 00:00:00,43302.7
2024-01-30 04:00:00,43519.71
2024-01-30 08:00:00,43358.25
2024-01-30 12:00:00,43537.74
2024-01-30 16:00:00,43375.5
2024-01-30 20:00:00,43547.98
2024-01-31 00:00:00,42941.1
2024-01-31 04:00:00,42930.07
2024-01-31 08:00:00,43050.01
2024-01-31 12:00:00,42647.98
2024-01-31 16:00:00,43361.1
2024-01-31 20:00:00,43334.64
2024-02-01 00:00:00,42580
2024-02-01 04:00:00,42015.65
2024-02-01 08:00:00,42190.16
2024-02-01 12:00:00,42087.52
2024-02-01 16:00:00,42516.12
2024-02-01 20:00:00,43218.94
2024-02-02 00:00:00,43082.94
2024-02-02 04:00:00,43037.25
2024-02-02 08:00:00,43086.89
2024-02-02 12:00:00,43148.41
2024-02-02 16:00:00,43242.09
2024-02-02 20:00:00,43061.97
2024-02-03 00:00:00,43200
2024-02-03 04:00:00,43173.94
2024-02-03 08:00:00,43053.05
2024-02-03 12:00:00,42995.04
2024-02-03 16:00:00,43119.06
2024-02-03 20:00:00,43061.09
2024-02-04 00:00:00,43011.09
2024-02-04 04:00:00,43027.16
2024-02-04 08:00:00,42845.03
2024-02-04 12:00:00,43060.1
2024-02-04 16:00:00,42943.21
2024-02-04 20:00:00,42636.44
2024-02-05 00:00:00,42582.88
2024-02-05 04:00:00,42718.31
2024-02-05 08:00:00,43071.88
2024-02-05 12:00:00,43194.08
2024-02-05 16:00:00,42644.03
2024-02-05 20:00:00,42765.36
2024-02-06 00:00:00,42708.7
2024-02-06 04:00:00,42851.11
2024-02-06 08:00:00,42890
2024-02-06 12:00:00,42826.96
2024-02-06 16:00:00,43244.89
2024-02-06 20:00:00,43278.78
2024-02-07 00:00:00,43098.95
2024-02-07 04:00:00,42800
2024-02-07 08:00:00,42918.03
2024-02-07 12:00:00,42928.29
2024-02-07 16:00:00,43071.08
2024-02-07 20:00:00,43615.47
2024-02-08 00:00:00,44349.6
2024-02-08 04:00:00,44540.99
2024-02-08 08:00:00,44513.24
2024-02-08 12:00:00,44698.97
2024-02-08 16:00:00,45432.3
2024-02-08 20:00:00,45284.14
2024-02-09 00:00:00,45288.65
2024-02-09 04:00:00,46060.74
2024-02-09 08:00:00,46202
2024-02-09 12:00:00,47180.02
2024-02-09 16:00:00,47159.99
2024-02-09 20:00:00,47509.48
2024-02-10 00:00:00,47132.77
2024-02-10 04:00:00,47376.62
2024-02-10 08:00:00,47151.72
2024-02-10 12:00:00,47182
2024-02-10 16:00:00,47353.48
2024-02-10 20:00:00,47531.09
2024-02-11 00:00:00,47751.09
2024-02-11 04:00:00,48519.61
2024-02-11 08:00:00,48179.52
2024-02-11 12:00:00,48411.71
2024-02-11 16:00:00,48150.43
2024-02-11 20:00:00,48284
2024-02-12 00:00:00,48299.99
2024-02-12 04:00:00,48145
2024-02-12 08:00:00,48203.98
2024-02-12 12:00:00,47903.03
2024-02-12 16:00:00,49917.8
2024-02-12 20:00:00,49532.03
2024-02-13 00:00:00,49917.27
2024-02-13 04:00:00,49789.99
2024-02-13 08:00:00,49983.09
2024-02-13 12:00:00,49988.12
2024-02-13 16:00:00,48727.47
2024-02-13 20:00:00,49036.73
2024-02-14 00:00:00,49699.59
2024-02-14 04:00:00,49518.61
2024-02-14 08:00:00,49838.93
2024-02-14 12:00:00,51555.12
2024-02-14 16:00:00,51590
2024-02-14 20:00:00,51678
2024-02-15 00:00:00,51795.17
2024-02-15 04:00:00,52343.32
2024-02-15 08:00:00,51776.61
2024-02-15 12:00:00,52330
2024-02-15 16:00:00,51948.23
2024-02-15 20:00:00,52002.01
2024-02-16 00:00:00,51880
2024-02-16 04:00:00,52280.25
2024-02-16 08:00:00,51731.99
2024-02-16 12:00:00,52213.86
2024-02-16 16:00:00,51888.01
2024-02-16 20:00:00,51756.29
2024-02-17 00:00:00,52124.11
2024-02-17 04:00:00,51968.75
2024-02-17 08:00:00,51911.33
2024-02-17 12:00:00,51690.48
2024-02-17 16:00:00,50984.56
2024-02-17 20:00:00,51394.43
2024-02-18 00:00:00,51642.64
2024-02-18 04:00:00,51479.99
2024-02-18 08:00:00,51671.1
2024-02-18 12:00:00,51832.01
2024-02-18 16:00:00,51773.99
2024-02-18 20:00:00,51758.12
2024-02-19 00:00:00,52137.67
2024-02-19 04:00:00,52063.81
2024-02-19 08:00:00,52394.04
2024-02-19 12:00:00,52336.22
2024-02-19 16:00:00,52127.99
2024-02-19 20:00:00,51820.61
2024-02-20 00:00:00,51774.73
2024-02-20 04:00:00,51580.23
2024-02-20 08:00:00,51839.28
2024-02-20 12:00:00,52286.8
2024-02-20 16:00:00,51680
2024-02-20 20:00:00,52101.11
2024-02-21 00:00:00,52258.82
2024-02-21 04:00:00,52001.99
2024-02-21 08:00:00,51568.64
2024-02-21 12:00:00,50965.53
2024-02-21 16:00:00,51156
2024-02-21 20:00:00,51058
2024-02-22 00:00:00,51849.39
2024-02-22 04:00:00,51586.1
2024-02-22 08:00:00,51827.63
2024-02-22 12:00:00,51622.04
2024-02-22 16:00:00,51602.4
2024-02-22 20:00:00,51509.99
2024-02-23 00:00:00,51288.42
2024-02-23 04:00:00,51100
2024-02-23 08:00:00,50915.96
2024-02-23 12:00:00,51218.95
2024-02-23 16:00:00,50911.11
2024-02-23 20:00:00,51099.09
2024-02-24 00:00:00,50744.15
2024-02-24 04:00:00,50849.97
2024-02-24 08:00:00,51068.7
2024-02-24 12:00:00,51119.79
2024-02-24 16:00:00,51099.34
2024-02-24 20:00:00,51557.07
2024-02-25 00:00:00,51568.22
2024-02-25 04:00:00,51624.99
2024-02-25 08:00:00,51719.28
2024-02-25 12:00:00,51645
2024-02-25 16:00:00,51524.02
2024-02-25 20:00:00,51672.96
2024-02-26 00:00:00,51728.85
2024-02-26 04:00:00,51555.59
2024-02-26 08:00:00,51293.26
2024-02-26 12:00:00,51090.01
2024-02-26 16:00:00,52842.32
2024-02-26 20:00:00,54487.11
2024-02-27 00:00:00,54476.47
2024-02-27 04:00:00,55667.6
2024-02-27 08:00:00,56059.08
2024-02-27 12:00:00,56527.79
2024-02-27 16:00:00,56745.66
2024-02-27 20:00:00,57339.68
2024-02-28 00:00:00,57037.34
2024-02-28 04:00:00,56916.4
2024-02-28 08:00:00,58241.1
2024-02-28 12:00:00,58941.11
2024-02-28 16:00:00,60966.22
2024-02-28 20:00:00,60951.11
2024-02-29 00:00:00,62432.1
2024-02-29 04:00:00,61561.33
2024-02-29 08:00:00,62707.17
2024-02-29 12:00:00,62936.02
2024-02-29 16:00:00,62768.02
2024-02-29 20:00:00,61600
2024-03-01 00:00:00,61130.98
2024-03-01 04:00:00,61105.91
2024-03-01 08:00:00,61434
2024-03-01 12:00:00,61863.72
2024-03-01 16:00:00,61263.99
2024-03-01 20:00:00,62215.5
2024-03-02 00:00:00,62387.9
2024-03-02 04:00:00,62307.45
2024-03-02 08:00:00,62011.85
2024-03-02 12:00:00,61826.32
2024-03-02 16:00:00,61771.2
2024-03-02 20:00:00,62114.77
2024-03-03 00:00:00,61987.28
2024-03-03 04:00:00,61931.09
2024-03-03 08:00:00,61598
2024-03-03 12:00:00,61831.1
2024-03-03 16:00:00,62164.63
2024-03-03 20:00:00,62730
2024-03-04 00:00:00,63113.97
2024-03-04 04:00:00,63458.72
2024-03-04 08:00:00,64066.62
2024-03-04 12:00:00,65230
2024-03-04 16:00:00,66451.65
2024-03-04 20:00:00,67405.26
2024-03-05 00:00:00,68245.71
2024-03-05 04:00:00,68113.94
2024-03-05 08:00:00,66129.64
2024-03-05 12:00:00,66656.31
2024-03-05 16:00:00,66773.05
2024-03-05 20:00:00,61410.98
2024-03-06 00:00:00,63724.01
2024-03-06 04:00:00,63263.21
2024-03-06 08:00:00,66676.46
2024-03-06 12:00:00,67301.31
2024-03-06 16:00:00,66481.12
2024-03-06 20:00:00,66739.48
2024-03-07 00:00:00,66074.04
2024-03-07 04:00:00,65847.29
2024-03-07 08:00:00,66387.78
2024-03-07 12:00:00,66905.34
2024-03-07 16:00:00,67260.01
2024-03-07 20:00:00,67498.02
2024-03-08 00:00:00,66823.17
2024-03-08 04:00:00,67156.09
2024-03-08 08:00:00,67223.02
2024-03-08 12:00:00,67741.21
2024-03-08 16:00:00,67617.6
2024-03-08 20:00:00,68863.99
2024-03-09 00:00:00,68124.19
2024-03-09 04:00:00,68247.34
2024-03-09 08:00:00,68288.64
2024-03-09 12:00:00,68299.99
2024-03-09 16:00:00,68288.2
2024-03-09 20:00:00,68193.51
2024-03-10 00:00:00,68313.27
2024-03-10 04:00:00,69136.79
2024-03-10 08:00:00,69347.16
2024-03-10 12:00:00,69568.46
2024-03-10 16:00:00,69194.83
2024-03-10 20:00:00,69400.19
2024-03-11 00:00:00,68955.88
2024-03-11 04:00:00,68604.42
2024-03-11 08:00:00,71019.99
2024-03-11 12:00:00,71487.2
2024-03-11 16:00:00,72010
2024-03-11 20:00:00,71970
2024-03-12 00:00:00,72078.1
2024-03-12 04:00:00,71619
2024-03-12 08:00:00,72121.1
2024-03-12 12:00:00,72023.82
2024-03-12 16:00:00,71703.41
2024-03-12 20:00:00,71349.99
2024-03-13 00:00:00,71452.01
2024-03-13 04:00:00,72057.43
2024-03-13 08:00:00,72855.16
2024-03-13 12:00:00,73065.41
2024-03-13 16:00:00,72634.95
2024-03-13 20:00:00,73349.24
2024-03-14 00:00:00,73072.41
2024-03-14 04:00:00,73267.08
2024-03-14 08:00:00,73224
2024-03-14 12:00:00,72884
2024-03-14 16:00:00,70844.01
2024-03-14 20:00:00,69415.09
2024-03-15 00:00:00,71388.94
2024-03-15 04:00:00,68224.01
2024-03-15 08:00:00,68448.29
2024-03-15 12:00:00,67757.76
2024-03-15 16:00:00,68157.07
2024-03-15 20:00:00,68964
2024-03-16 00:00:00,69499.85
2024-03-16 04:00:00,69200.08
2024-03-16 08:00:00,69432.45
2024-03-16 12:00:00,68256.01
2024-03-16 16:00:00,68385.58
2024-03-16 20:00:00,66911.52
2024-03-17 00:00:00,65300.63
2024-03-17 04:00:00,66538.99
2024-03-17 08:00:00,65636.67
2024-03-17 12:00:00,66955.49
2024-03-17 16:00:00,67965.5
2024-03-17 20:00:00,68536.73
2024-03-18 00:00:00,68393.48
2024-03-18 04:00:00,67972.01
2024-03-18 08:00:00,68218.38
2024-03-18 12:00:00,68253.4
2024-03-18 16:00:00,67467.19
2024-03-18 20:00:00,66936
2024-03-19 00:00:00,67609.99
2024-03-19 04:00:00,65876.01
2024-03-19 08:00:00,64704.22
2024-03-19 12:00:00,63081.34
2024-03-19 16:00:00,64051.85
2024-03-19 20:00:00,64391.99
2024-03-20 00:00:00,61937.4
2024-03-20 04:00:00,61860.81
2024-03-20 08:00:00,62957.85
2024-03-20 12:00:00,63392.94
2024-03-20 16:00:00,63600.37
2024-03-20 20:00:00,65784.46
2024-03-21 00:00:00,67840.51
2024-03-21 04:00:00,66654.45
2024-03-21 08:00:00,66985.19
2024-03-21 12:00:00,67044
2024-03-21 16:00:00,66557.77
2024-03-21 20:00:00,65223.74
2024-03-22 00:00:00,65501.27
2024-03-22 04:00:00,65981.99
2024-03-22 08:00:00,66178.01
2024-03-22 12:00:00,64233.9
2024-03-22 16:00:00,63877.04
2024-03-22 20:00:00,63866.93
2024-03-23 00:00:00,63796.64
2024-03-23 04:00:00,63556
2024-03-23 08:00:00,64575.41
2024-03-23 12:00:00,64629.62
2024-03-23 16:00:00,65104.05
2024-03-23 20:00:00,64872.9
2024-03-24 00:00:00,63990.01
2024-03-24 04:00:00,63962.98
2024-03-24 08:00:00,64583.43
2024-03-24 12:00:00,65334.01
2024-03-24 16:00:00,65673.36
2024-03-24 20:00:00,65843.02
2024-03-25 00:00:00,67209.99
2024-03-25 04:00:00,67350
2024-03-25 08:00:00,66821.19
2024-03-25 12:00:00,66810.15
2024-03-25 16:00:00,69792.05
2024-03-25 20:00:00,70960.89
2024-03-26 00:00:00,69880.01
2024-03-26 04:00:00,70423.11
2024-03-26 08:00:00,70486.38
2024-03-26 12:00:00,70693.16
2024-03-26 16:00:00,70250
2024-03-26 20:00:00,69477.67
2024-03-27 00:00:00,69988
2024-03-27 04:00:00,70387.99
2024-03-27 08:00:00,69725.99
2024-03-27 12:00:00,70220.73
2024-03-27 16:00:00,68874
2024-03-27 20:00:00,68652
2024-03-28 00:00:00,69469.99
2024-03-28 04:00:00,69290
2024-03-28 08:00:00,70399.03
2024-03-28 12:00:00,70647.18
2024-03-28 16:00:00,71290.39
2024-03-28 20:00:00,70798.26
2024-03-29 00:00:00,70780.6
2024-03-29 04:00:00,70442.22
2024-03-29 08:00:00,69794
2024-03-29 12:00:00,70142.78
2024-03-29 16:00:00,69180
2024-03-29 20:00:00,69665.99
2024-03-30 00:00:00,69850.54
2024-03-30 04:00:00,69773.99
2024-03-30 08:00:00,69852.18
2024-03-30 12:00:00,70183.55
2024-03-30 16:00:00,69999.99
2024-03-30 20:00:00,69896.34
2024-03-31 00:00:00,69582.18
2024-03-31 04:00:00,69916.61
2024-03-31 08:00:00,70301.73
2024-03-31 12:00:00,70369.99
2024-03-31 16:00:00,70381.13
2024-03-31 20:00:00,71023.5
2024-04-01 00:00:00,71280.01
2024-04-01 04:00:00,70588.01
2024-04-01 08:00:00,69594.94
2024-04-01 12:00:00,69460.01
2024-04-01 16:00:00,68237.15
2024-04-01 20:00:00,69648.01
2024-04-02 00:00:00,69649.8
2024-04-02 04:00:00,66703.97
2024-04-02 08:00:00,66455.5
2024-04-02 12:00:00,65622.69
2024-04-02 16:00:00,64890
2024-04-02 20:00:00,65914.9
2024-04-03 00:00:00,65463.99
2024-04-03 04:00:00,66225.79
2024-04-03 08:00:00,66135.99
2024-04-03 12:00:00,66059.76
2024-04-03 16:00:00,65836.01
2024-04-03 20:00:00,65784
2024-04-04 00:00:00,65963.28
2024-04-04 04:00:00,65620.01
2024-04-04 08:00:00,66091.6
2024-04-04 12:00:00,66353.67
2024-04-04 16:00:00,67647.99
2024-04-04 20:00:00,68500
2024-04-05 00:00:00,68487.79
2024-04-05 04:00:00,67863.99
2024-04-05 08:00:00,66930.74
2024-04-05 12:00:00,66478
2024-04-05 16:00:00,68190.62
2024-04-05 20:00:00,67412.4
2024-04-06 00:00:00,67820.62
2024-04-06 04:00:00,67788.01
2024-04-06 08:00:00,67992.02
2024-04-06 12:00:00,67668.16
2024-04-06 16:00:00,68104
2024-04-06 20:00:00,68259.98
2024-04-07 00:00:00,68896
2024-04-07 04:00:00,69408.05
2024-04-07 08:00:00,69364.01
2024-04-07 12:00:00,69357
2024-04-07 16:00:00,69543.74
2024-04-07 20:00:00,69068.01
2024-04-08 00:00:00,69360.39
2024-04-08 04:00:00,69458.95
2024-04-08 08:00:00,70698.63
2024-04-08 12:00:00,72404
2024-04-08 16:00:00,71773.98
2024-04-08 20:00:00,71766
2024-04-09 00:00:00,71620
2024-04-09 04:00:00,71285
2024-04-09 08:00:00,70383.99
2024-04-09 12:00:00,70794.85
2024-04-09 16:00:00,69264
2024-04-09 20:00:00,69000.77
2024-04-10 00:00:00,69146
2024-04-10 04:00:00,69150.18
2024-04-10 08:00:00,69336.28
2024-04-10 12:00:00,69043
2024-04-10 16:00:00,68657.32
2024-04-10 20:00:00,70083.99
2024-04-11 00:00:00,70631.08
2024-04-11 04:00:00,70851.67
2024-04-11 08:00:00,70735.99
2024-04-11 12:00:00,69983.16
2024-04-11 16:00:00,70000
2024-04-11 20:00:00,70459.67
2024-04-12 00:00:00,70006.23
2024-04-12 04:00:00,70977.27
2024-04-12 08:00:00,70764.01
2024-04-12 12:00:00,70904.01
2024-04-12 16:00:00,69347.3
2024-04-12 20:00:00,66843.98
2024-04-13 00:00:00,67116.52
2024-04-13 04:00:00,67160.55
2024-04-13 08:00:00,67446.52
2024-04-13 12:00:00,67360
2024-04-13 16:00:00,67676
2024-04-13 20:00:00,64788.01
2024-04-14 00:00:00,63924.51
2024-04-14 04:00:00,63437.55
2024-04-14 08:00:00,64464.3
2024-04-14 12:00:00,64166.05
2024-04-14 16:00:00,64180.97
2024-04-14 20:00:00,64168.62
2024-04-15 00:00:00,65661.84
2024-04-15 04:00:00,65138.19
2024-04-15 08:00:00,66263.84
2024-04-15 12:00:00,65860.12
2024-04-15 16:00:00,64568.81
2024-04-15 20:00:00,63301.11
2024-04-16 00:00:00,63419.99
2024-04-16 04:00:00,62956
2024-04-16 08:00:00,63516.19
2024-04-16 12:00:00,63094.77
2024-04-16 16:00:00,61762.2
2024-04-16 20:00:00,62721.43
2024-04-17 00:00:00,63793.39
2024-04-17 04:00:00,63842.02
2024-04-17 08:00:00,63297.84
2024-04-17 12:00:00,62595.04
2024-04-17 16:00:00,60304.95
2024-04-17 20:00:00,61022.35
2024-04-18 00:00:00,61277.37
2024-04-18 04:00:00,61988
2024-04-18 08:00:00,61178.08
2024-04-18 12:00:00,62597.92
2024-04-18 16:00:00,63498.7
2024-04-18 20:00:00,63477.04
2024-04-19 00:00:00,63470.08
2024-04-19 04:00:00,61785.14
2024-04-19 08:00:00,64547.18
2024-04-19 12:00:00,64870.74
2024-04-19 16:00:00,64437.17
2024-04-19 20:00:00,64325.25
2024-04-20 00:00:00,63818.01
2024-04-20 04:00:00,63956
2024-04-20 08:00:00,63961.22
2024-04-20 12:00:00,63707.17
2024-04-20 16:00:00,64808.35
2024-04-20 20:00:00,64866.44
2024-04-21 00:00:00,64940.59
2024-04-21 04:00:00,65170
2024-04-21 08:00:00,65150.66
2024-04-21 12:00:00,65234.01
2024-04-21 16:00:00,65043.69
2024-04-21 20:00:00,64538
2024-04-22 00:00:00,64941.15
2024-04-22 04:00:00,65703.5
2024-04-22 08:00:00,65980
2024-04-22 12:00:00,65877.47
2024-04-22 16:00:00,65994.38
2024-04-22 20:00:00,66524.77
2024-04-23 00:00:00,66819.32
2024-04-23 04:00:00,66435.01
2024-04-23 08:00:00,66099.79
2024-04-23 12:00:00,66043.99
2024-04-23 16:00:00,66419.56
2024-04-23 20:00:00,66484.43
2024-04-24 00:00:00,66414
2024-04-24 04:00:00,66608.14
2024-04-24 08:00:00,66630.9
2024-04-24 12:00:00,66571.52
2024-04-24 16:00:00,64610.11
2024-04-24 20:00:00,63976.06
2024-04-25 00:00:00,64289.59
2024-04-25 04:00:00,64282.01
2024-04-25 08:00:00,64017.99
2024-04-25 12:00:00,63861.23
2024-04-25 16:00:00,64135.94
2024-04-25 20:00:00,64747.11
2024-04-26 00:00:00,64498.34
2024-04-26 04:00:00,64381.24
2024-04-26 08:00:00,64276.95
2024-04-26 12:00:00,64244.02
2024-04-26 16:00:00,63503.22
2024-04-26 20:00:00,63742.05
2024-04-27 00:00:00,63770.01
2024-04-27 04:00:00,63082.01
2024-04-27 08:00:00,62966.83
2024-04-27 12:00:00,62862.14
2024-04-27 16:00:00,62951.75
2024-04-27 20:00:00,63352.11
2024-04-28 00:00:00,63461.98
2024-04-28 04:00:00,64021.62
2024-04-28 08:00:00,63915.5
2024-04-28 12:00:00,63484.01
2024-04-28 16:00:00,63540
2024-04-28 20:00:00,63730.49
2024-04-29 00:00:00,63118.62
2024-04-29 04:00:00,62279.67
2024-04-29 08:00:00,62399.98
2024-04-29 12:00:00,62256
2024-04-29 16:00:00,63039.07
2024-04-29 20:00:00,62987.37
2024-04-30 00:00:00,63866
2024-04-30 04:00:00,63647.99
2024-04-30 08:00:00,63148.74
2024-04-30 12:00:00,61204.42
2024-04-30 16:00:00,60796.85
2024-04-30 20:00:00,59292.95
2024-05-01 00:00:00,60672
2024-05-01 04:00:00,60246.03
2024-05-01 08:00:00,57499.99
2024-05-01 12:00:00,57898.47
2024-05-01 16:00:00,56886
2024-05-01 20:00:00,56954.47
2024-05-02 00:00:00,58364.97
2024-05-02 04:00:00,57442.88
2024-05-02 08:00:00,57681.08
2024-05-02 12:00:00,58559.66
2024-05-02 16:00:00,59264.15
2024-05-02 20:00:00,59351.11
2024-05-03 00:00:00,59060.61
2024-05-03 04:00:00,59720.3
2024-05-03 08:00:00,59190.74
2024-05-03 12:00:00,59291.09
2024-05-03 16:00:00,61690.74
2024-05-03 20:00:00,62067.32
2024-05-04 00:00:00,62882.01
2024-05-04 04:00:00,62724
2024-05-04 08:00:00,62959.03
2024-05-04 12:00:00,63873.31
2024-05-04 16:00:00,63609.17
2024-05-04 20:00:00,63921.18
2024-05-05 00:00:00,63892.04
2024-05-05 04:00:00,63235.93
2024-05-05 08:00:00,63736.87
2024-05-05 12:00:00,63859.63
2024-05-05 16:00:00,64428.65
2024-05-05 20:00:00,63879.94
2024-05-06 00:00:00,64012
2024-05-06 04:00:00,63866.59
2024-05-06 08:00:00,64540.75
2024-05-06 12:00:00,64203.56
2024-05-06 16:00:00,63632.01
2024-05-06 20:00:00,63220
2024-05-07 00:00:00,63165.19
2024-05-07 04:00:00,63239.49
2024-05-07 08:00:00,63669.69
2024-05-07 12:00:00,63490.43
2024-05-07 16:00:00,63740.48
2024-05-07 20:00:00,63060.01
2024-05-08 00:00:00,62312.08
2024-05-08 04:00:00,62893.99
2024-05-08 08:00:00,62208
2024-05-08 12:00:00,62243.4
2024-05-08 16:00:00,62273.08
2024-05-08 20:00:00,62179.45
2024-05-09 00:00:00,61193.03
2024-05-09 04:00:00,61680.4
2024-05-09 08:00:00,61253.16
2024-05-09 12:00:00,61053.99
2024-05-09 16:00:00,62159.06
2024-05-09 20:00:00,62454.92
2024-05-10 00:00:00,63074.01
2024-05-10 04:00:00,62916.16
2024-05-10 08:00:00,63078.02
2024-05-10 12:00:00,63299.63
2024-05-10 16:00:00,60928.02
2024-05-10 20:00:00,60716.97
2024-05-11 00:00:00,60799.99
2024-05-11 04:00:00,60731.9
2024-05-11 08:00:00,61018.52
2024-05-11 12:00:00,60684.01
2024-05-11 16:00:00,61174.18
2024-05-11 20:00:00,61144
2024-05-12 00:00:00,60825.99
2024-05-12 04:00:00,60930
2024-05-12 08:00:00,60820
2024-05-12 12:00:00,61146
2024-05-12 16:00:00,61419
2024-05-12 20:00:00,61406.1
2024-05-13 00:00:00,61483.99
2024-05-13 04:00:00,61170
2024-05-13 08:00:00,62334.37
2024-05-13 12:00:00,62738
2024-05-13 16:00:00,63002
2024-05-13 20:00:00,63172.69
2024-05-14 00:00:00,62940.08
2024-05-14 04:00:00,62488.46
2024-05-14 08:00:00,62035.39
2024-05-14 12:00:00,61798.57
2024-05-14 16:00:00,61787.61
2024-05-14 20:00:00,61596.52
2024-05-15 00:00:00,61577.49
2024-05-15 04:00:00,61949.99
2024-05-15 08:00:00,62195.04
2024-05-15 12:00:00,62467.18
2024-05-15 16:00:00,64725.11
2024-05-15 20:00:00,66006.23
2024-05-16 00:00:00,66206.5
2024-05-16 04:00:00,65975.39
2024-05-16 08:00:00,66142.62
2024-05-16 12:00:00,66503.8
2024-05-16 16:00:00,65818.88
2024-05-16 20:00:00,65186.85
2024-05-17 00:00:00,65235.21
2024-05-17 04:00:00,65584.53
2024-05-17 08:00:00,66386.94
2024-05-17 12:00:00,66218
2024-05-17 16:00:00,67195.1
2024-05-17 20:00:00,67047.99
2024-05-18 00:00:00,67024
2024-05-18 04:00:00,66945.05
2024-05-18 08:00:00,66887
2024-05-18 12:00:00,67190.82
2024-05-18 16:00:00,66823.63
2024-05-18 20:00:00,66912.62
2024-05-19 00:00:00,66915.2
2024-05-19 04:00:00,67170.21
2024-05-19 08:00:00,67324.44
2024-05-19 12:00:00,67330
2024-05-19 16:00:00,66889.88
2024-05-19 20:00:00,66034.01
2024-05-20 00:00:00,66274.01
2024-05-20 04:00:00,66675.22
2024-05-20 08:00:00,66825.14
2024-05-20 12:00:00,66994.2
2024-05-20 16:00:00,67419.99
2024-05-20 20:00:00,69999.99
2024-05-21 00:00:00,71446.62
2024-05-21 04:00:00,71284
2024-05-21 08:00:00,70878.29
2024-05-21 12:00:00,71130
2024-05-21 16:00:00,69826.99
2024-05-21 20:00:00,69285.99
2024-05-22 00:00:00,70148.34
2024-05-22 04:00:00,69955.72
2024-05-22 08:00:00,69715
2024-05-22 12:00:00,69736.13
2024-05-22 16:00:00,70455.9
2024-05-22 20:00:00,69637.47
2024-05-23 00:00:00,69166.62
2024-05-23 04:00:00,69446.14
2024-05-23 08:00:00,69734.04
2024-05-23 12:00:00,69982.72
2024-05-23 16:00:00,68076
2024-05-23 20:00:00,67199.98
2024-05-24 00:00:00,67969.65
2024-05-24 04:00:00,67891.83
2024-05-24 08:00:00,67155.93
2024-05-24 12:00:00,67349.99
2024-05-24 16:00:00,68326.46
2024-05-24 20:00:00,69115.98
2024-05-25 00:00:00,68549.99
2024-05-25 04:00:00,68757.85
2024-05-25 08:00:00,68753.92
2024-05-25 12:00:00,69104.67
2024-05-25 16:00:00,68930.4
2024-05-25 20:00:00,69155.32
2024-05-26 00:00:00,69290.57
2024-05-26 04:00:00,69073.62
2024-05-26 08:00:00,69340.15
2024-05-26 12:00:00,69134.91
2024-05-26 16:00:00,68847.99
2024-05-26 20:00:00,68903.54
2024-05-27 00:00:00,68507.67
2024-05-27 04:00:00,68873.43
2024-05-27 08:00:00,68643.36
2024-05-27 12:00:00,68434.26
2024-05-27 16:00:00,70373.85
2024-05-27 20:00:00,69260.01
2024-05-28 00:00:00,69436.43
2024-05-28 04:00:00,68050.3
2024-05-28 08:00:00,67694
2024-05-28 12:00:00,68389.87
2024-05-28 16:00:00,68374.08
2024-05-28 20:00:00,68424.29
2024-05-29 00:00:00,68398.39
2024-05-29 04:00:00,68829.42
2024-05-29 08:00:00,67946.9
2024-05-29 12:00:00,67763.59
2024-05-29 16:00:00,67379.13
2024-05-29 20:00:00,67266.78
2024-05-30 00:00:00,67652.42
2024-05-30 04:00:00,68118.2
2024-05-30 08:00:00,67584.56
2024-05-30 12:00:00,67817.01
2024-05-30 16:00:00,68530.76
2024-05-30 20:00:00,68653.02
2024-05-31 00:00:00,68352.17
2024-05-31 04:00:00,68535.81
2024-05-31 08:00:00,68174.99
2024-05-31 12:00:00,68349.73
2024-05-31 16:00:00,67215.58
2024-05-31 20:00:00,67681
2024-06-01 00:00:00,67540.01
2024-06-01 04:00:00,67715.31
2024-06-01 08:00:00,67632.08
2024-06-01 12:00:00,67660.57
2024-06-01 16:00:00,67691.28
2024-06-01 20:00:00,67753.76
2024-06-02 00:00:00,67766.85
2024-06-02 04:00:00,67789.47
2024-06-02 08:00:00,67721
2024-06-02 12:00:00,68251.52
2024-06-02 16:00:00,68142.17
2024-06-02 20:00:00,67736.95
2024-06-03 00:00:00,67765.63
2024-06-03 04:00:00,68382.81
2024-06-03 08:00:00,68906.7
2024-06-03 12:00:00,69080
2024-06-03 16:00:00,69615.28
2024-06-03 20:00:00,69204
2024-06-04 00:00:00,68809.9
2024-06-04 04:00:00,69170.22
2024-06-04 08:00:00,69013.63
2024-06-04 12:00:00,68955.85
2024-06-04 16:00:00,70445
2024-06-04 20:00:00,70423.6
2024-06-05 00:00:00,70537.84
2024-06-05 04:00:00,70947.58
2024-06-05 08:00:00,71200
2024-06-05 12:00:00,70971.71
2024-06-05 16:00:00,71580
2024-06-05 20:00:00,71279.95
2024-06-06 00:00:00,71108
2024-06-06 04:00:00,71050
2024-06-06 08:00:00,71021.47
2024-06-06 12:00:00,71170.01
2024-06-06 16:00:00,71300
2024-06-06 20:00:00,70479.49
2024-06-07 00:00:00,70799.06
2024-06-07 04:00:00,70989.68
2024-06-07 08:00:00,71110
2024-06-07 12:00:00,71699.99
2024-06-07 16:00:00,71111.54
2024-06-07 20:00:00,69255
2024-06-08 00:00:00,69355.6
2024-06-08 04:00:00,69432
2024-06-08 08:00:00,69582.2
2024-06-08 12:00:00,69365.93
2024-06-08 16:00:00,69430.01
2024-06-08 20:00:00,69460.01
2024-06-09 00:00:00,69310.46
2024-06-09 04:00:00,69259.38
2024-06-09 08:00:00,69295.64
2024-06-09 12:00:00,69367.69
2024-06-09 16:00:00,69508.64
2024-06-09 20:00:00,69710.26
2024-06-10 00:00:00,69648.14
2024-06-10 04:00:00,69613.2
2024-06-10 08:00:00,69303.99
2024-06-10 12:00:00,69473.89
2024-06-10 16:00:00,70066.12
2024-06-10 20:00:00,69490.8
2024-06-11 00:00:00,69540
2024-06-11 04:00:00,68464
2024-06-11 08:00:00,67570.18
2024-06-11 12:00:00,66890.01
2024-06-11 16:00:00,66244.48
2024-06-11 20:00:00,67407.01
2024-06-12 00:00:00,67314.24
2024-06-12 04:00:00,67407
2024-06-12 08:00:00,67453.63
2024-06-12 12:00:00,67778.43
2024-06-12 16:00:00,69734
2024-06-12 20:00:00,67532.92
2024-06-13 00:00:00,68263.99
2024-06-13 04:00:00,67474.94
2024-06-13 08:00:00,67724.81
2024-06-13 12:00:00,67739.99
2024-06-13 16:00:00,66470.01
2024-06-13 20:00:00,66604.01
2024-06-14 00:00:00,66773.01
2024-06-14 04:00:00,66744
2024-06-14 08:00:00,66904.98
2024-06-14 12:00:00,67036
2024-06-14 16:00:00,66392
2024-06-14 20:00:00,65520.02
2024-06-15 00:00:00,66043.99
2024-06-15 04:00:00,66267.87
2024-06-15 08:00:00,66076.99
2024-06-15 12:00:00,66319.95
2024-06-15 16:00:00,66316.02
2024-06-15 20:00:00,66154.7
2024-06-16 00:00:00,66228.25
2024-06-16 04:00:00,66146
2024-06-16 08:00:00,66266.3
2024-06-16 12:00:00,66492.83
2024-06-16 16:00:00,66712.8
2024-06-16 20:00:00,66562.52
2024-06-17 00:00:00,66676.87
2024-06-17 04:00:00,66222
2024-06-17 08:00:00,66172
2024-06-17 12:00:00,65817.2
2024-06-17 16:00:00,65368
2024-06-17 20:00:00,66691.99
2024-06-18 00:00:00,66504.33
2024-06-18 04:00:00,65500
2024-06-18 08:00:00,65672.51
2024-06-18 12:00:00,65366
2024-06-18 16:00:00,64706
2024-06-18 20:00:00,64412.19
2024-06-19 00:00:00,65175.32
2024-06-19 04:00:00,65404
2024-06-19 08:00:00,65326.89
2024-06-19 12:00:00,65210
2024-06-19 16:00:00,64922
2024-06-19 20:00:00,64882.01
2024-06-20 00:00:00,64974.37
2024-06-20 04:00:00,65189.99
2024-06-20 08:00:00,65858.84
2024-06-20 12:00:00,66169.85
2024-06-20 16:00:00,64831.23
2024-06-20 20:00:00,65050
2024-06-21 00:00:00,64869.99
2024-06-21 04:00:00,64506.14
2024-06-21 08:00:00,64201.63
2024-06-21 12:00:00,63770
2024-06-21 16:00:00,63732.02
2024-06-21 20:00:00,64232.01
2024-06-22 00:00:00,64143.56
2024-06-22 04:00:00,64327.45
2024-06-22 08:00:00,64520
2024-06-22 12:00:00,64265.26
2024-06-22 16:00:00,64307.08
2024-06-22 20:00:00,64295.01
2024-06-23 00:00:00,64262.01
2024-06-23 04:00:00,64416.14
2024-06-23 08:00:00,64415.27
2024-06-23 12:00:00,64341.45
2024-06-23 16:00:00,64094
2024-06-23 20:00:00,64149.78
2024-06-24 00:00:00,63210.01
2024-06-24 04:00:00,62862
2024-06-24 08:00:00,62456
2024-06-24 12:00:00,61291.95
2024-06-24 16:00:00,60843.99
2024-06-24 20:00:00,59306.72
2024-06-25 00:00:00,60293.3
2024-06-25 04:00:00,61302.59
2024-06-25 08:00:00,60685.16
2024-06-25 12:00:00,61187.64
2024-06-25 16:00:00,61810
2024-06-25 20:00:00,61975.46
2024-06-26 00:00:00,61806.01
2024-06-26 04:00:00,61936.07
2024-06-26 08:00:00,61720.02
2024-06-26 12:00:00,61445.26
2024-06-26 16:00:00,61467.86
2024-06-26 20:00:00,61000.01
2024-06-27 00:00:00,60864.99
2024-06-27 04:00:00,61037.31
2024-06-27 08:00:00,60794.01
2024-06-27 12:00:00,61196.02
2024-06-27 16:00:00,61576
2024-06-27 20:00:00,61450
2024-06-28 00:00:00,61706.47
2024-06-28 04:00:00,61828.17
2024-06-28 08:00:00,61350.01
2024-06-28 12:00:00,61690
2024-06-28 16:00:00,61062.01
2024-06-28 20:00:00,60123.73
2024-06-29 00:00:00,60427.84
2024-06-29 04:00:00,60762
2024-06-29 08:00:00,61052.3
2024-06-29 12:00:00,61102.33
2024-06-29 16:00:00,61106
2024-06-29 20:00:00,61057.39
2024-06-30 00:00:00,60986.68
2024-06-30 04:00:00,60898.32
2024-06-30 08:00:00,61528.01
2024-06-30 12:00:00,61560
2024-06-30 16:00:00,61717.9
2024-06-30 20:00:00,62026.83
2024-07-01 00:00:00,62772.01
2024-07-01 04:00:00,63437.69
2024-07-01 08:00:00,63277.84
2024-07-01 12:00:00,62662.09
2024-07-01 16:00:00,63132.9
2024-07-01 20:00:00,63226.78
2024-07-02 00:00:00,62899.99
2024-07-02 04:00:00,63138.67
2024-07-02 08:00:00,62629.99
2024-07-02 12:00:00,62832.01
2024-07-02 16:00:00,61948.08
2024-07-02 20:00:00,61939.1
2024-07-03 00:00:00,62135.47
2024-07-03 04:00:00,60987.99
2024-07-03 08:00:00,60870.01
2024-07-03 12:00:00,60386.01
2024-07-03 16:00:00,60186.25
2024-07-03 20:00:00,59671.1
2024-07-04 00:00:00,60208.58
2024-07-04 04:00:00,59102
2024-07-04 08:00:00,58219.99
2024-07-04 12:00:00,57761.94
2024-07-04 16:00:00,58140
2024-07-04 20:00:00,58283.62
2024-07-05 00:00:00,57050.01
2024-07-05 04:00:00,55227.99
2024-07-05 08:00:00,54415.05
2024-07-05 12:00:00,55486.5
2024-07-05 16:00:00,56662
2024-07-05 20:00:00,56465.42
2024-07-06 00:00:00,56628.79
2024-07-06 04:00:00,56410
2024-07-06 08:00:00,56606
2024-07-06 12:00:00,56731.42
2024-07-06 16:00:00,57317.98
2024-07-06 20:00:00,57857.99
2024-07-07 00:00:00,58230.13
2024-07-07 04:00:00,57963.45
2024-07-07 08:00:00,57369.99
2024-07-07 12:00:00,57460
2024-07-07 16:00:00,56825.42
2024-07-07 20:00:00,57151.1
2024-07-08 00:00:00,55857.81
2024-07-08 04:00:00,55160.01
2024-07-08 08:00:00,55852.01
2024-07-08 12:00:00,57154.01
2024-07-08 16:00:00,55761.52
2024-07-08 20:00:00,56477.31
2024-07-09 00:00:00,56714.62
2024-07-09 04:00:00,57168.36
2024-07-09 08:00:00,57116.84
2024-07-09 12:00:00,57428.01
2024-07-09 16:00:00,57477.01
2024-07-09 20:00:00,57862.01
2024-07-10 00:00:00,58050
2024-07-10 04:00:00,58180.01
2024-07-10 08:00:00,58977.99
2024-07-10 12:00:00,58492
2024-07-10 16:00:00,57699.69
2024-07-10 20:00:00,57392.03
2024-07-11 00:00:00,57725.85
2024-07-11 04:00:00,57568
2024-07-11 08:00:00,58191.5
2024-07-11 12:00:00,58777.99
2024-07-11 16:00:00,57402.01
2024-07-11 20:00:00,57378.01
2024-07-12 00:00:00,57339.89
2024-07-12 04:00:00,56914.01
2024-07-12 08:00:00,57106.94
2024-07-12 12:00:00,57203.54
2024-07-12 16:00:00,58214
2024-07-12 20:00:00,57576.01
2024-07-13 00:00:00,57889.1
2024-07-13 04:00:00,57814
2024-07-13 08:00:00,58170.32
2024-07-13 12:00:00,58534
2024-07-13 16:00:00,58830.63
2024-07-13 20:00:00,58624.38
2024-07-14 00:00:00,59204.02
2024-07-14 04:00:00,59466.15
2024-07-14 08:00:00,60062.01
2024-07-14 12:00:00,60099.1
2024-07-14 16:00:00,60084
2024-07-14 20:00:00,59915.99
2024-07-15 00:00:00,60797.91
2024-07-15 04:00:00,62647.87
2024-07-15 08:00:00,62840.12
2024-07-15 12:00:00,62454
2024-07-15 16:00:00,63026
2024-07-15 20:00:00,63342
2024-07-16 00:00:00,64724.14
2024-07-16 04:00:00,64752.14
2024-07-16 08:00:00,62895.01
2024-07-16 12:00:00,63746.11
2024-07-16 16:00:00,64878.24
2024-07-16 20:00:00,65165.43
2024-07-17 00:00:00,65043.99
2024-07-17 04:00:00,65701.66
2024-07-17 08:00:00,65258
2024-07-17 12:00:00,64723.73
2024-07-17 16:00:00,64724.01
2024-07-17 20:00:00,64585.78
2024-07-18 00:00:00,64087.99
2024-07-18 04:00:00,64865.08
2024-07-18 08:00:00,64668
2024-07-18 12:00:00,64758
2024-07-18 16:00:00,63538.12
2024-07-18 20:00:00,63555
2024-07-19 00:00:00,63987.92
2024-07-19 04:00:00,64325
2024-07-19 08:00:00,63694.01
2024-07-19 12:00:00,64116
2024-07-19 16:00:00,65836.77
2024-07-19 20:00:00,67157.26
2024-07-20 00:00:00,66660
2024-07-20 04:00:00,66602.01
2024-07-20 08:00:00,66562.28
2024-07-20 12:00:00,66483.69
2024-07-20 16:00:00,66825
2024-07-20 20:00:00,67224
2024-07-21 00:00:00,67139.96
2024-07-21 04:00:00,67171.33
2024-07-21 08:00:00,66701.99
2024-07-21 12:00:00,66879.99
2024-07-21 16:00:00,67164
2024-07-21 20:00:00,67422.02
2024-07-22 00:00:00,68165.34
2024-07-22 04:00:00,67880.01
2024-07-22 08:00:00,67236
2024-07-22 12:00:00,67516.01
2024-07-22 16:00:00,67063.87
2024-07-22 20:00:00,68232.07
2024-07-23 00:00:00,67532.01
2024-07-23 04:00:00,67473.99
2024-07-23 08:00:00,66576
2024-07-23 12:00:00,66676.01
2024-07-23 16:00:00,66584.01
2024-07-23 20:00:00,65536.01
2024-07-24 00:00:00,65936.01
2024-07-24 04:00:00,66052.71
2024-07-24 08:00:00,66078
2024-07-24 12:00:00,66367.99
2024-07-24 16:00:00,66176
2024-07-24 20:00:00,65652
2024-07-25 00:00:00,65376
2024-07-25 04:00:00,64093.59
2024-07-25 08:00:00,64134
2024-07-25 12:00:00,64096
2024-07-25 16:00:00,64790.88
2024-07-25 20:00:00,64692.01
2024-07-26 00:00:00,65799.95
2024-07-26 04:00:00,67042.01
2024-07-26 08:00:00,66890.56
2024-07-26 12:00:00,67322
2024-07-26 16:00:00,67560.01
2024-07-26 20:00:00,67990
2024-07-27 00:00:00,67907.99
2024-07-27 04:00:00,67798
2024-07-27 08:00:00,68036.68
2024-07-27 12:00:00,68209.88
2024-07-27 16:00:00,68844
2024-07-27 20:00:00,68246
2024-07-28 00:00:00,67896.5
2024-07-28 04:00:00,67940.95
2024-07-28 08:00:00,67560.86
2024-07-28 12:00:00,67836
2024-07-28 16:00:00,67645
2024-07-28 20:00:00,68112
2024-07-29 00:00:00,68249.88
2024-07-29 04:00:00,69347.67
2024-07-29 08:00:00,69528.01
2024-07-29 12:00:00,69580.01
2024-07-29 16:00:00,68104
2024-07-29 20:00:00,67303.05
2024-07-30 00:00:00,66784.69
2024-07-30 04:00:00,66610
2024-07-30 08:00:00,66952
2024-07-30 12:00:00,66574.01
2024-07-30 16:00:00,66216.01
2024-07-30 20:00:00,65931.02
2024-07-31 00:00:00,66188
2024-07-31 04:00:00,66058
2024-07-31 08:00:00,66224
2024-07-31 12:00:00,66094.01
2024-07-31 16:00:00,66379.99
2024-07-31 20:00:00,65256.83
2024-08-01 00:00:00,64628
2024-08-01 04:00:00,63936.01
2024-08-01 08:00:00,64328.59
2024-08-01 12:00:00,64674.25
2024-08-01 16:00:00,62906.6
2024-08-01 20:00:00,63422.01
2024-08-02 00:00:00,65354.02
2024-08-02 04:00:00,64609.18
2024-08-02 08:00:00,64164.07
2024-08-02 12:00:00,64660.01
2024-08-02 16:00:00,63416.01
2024-08-02 20:00:00,62633.57
2024-08-03 00:00:00,61498.33
2024-08-03 04:00:00,61895.99
2024-08-03 08:00:00,61662.01
2024-08-03 12:00:00,61919.38
2024-08-03 16:00:00,60879
2024-08-03 20:00:00,60246
2024-08-04 00:00:00,60697.99
2024-08-04 04:00:00,60735
2024-08-04 08:00:00,60373.99
2024-08-04 12:00:00,60896
2024-08-04 16:00:00,59086.01
2024-08-04 20:00:00,59257.66
2024-08-05 00:00:00,58161
2024-08-05 04:00:00,53890.87
2024-08-05 08:00:00,52674.19
2024-08-05 12:00:00,51340
2024-08-05 16:00:00,54321.09
2024-08-05 20:00:00,53470.09
2024-08-06 00:00:00,54018.81
2024-08-06 04:00:00,55665.73
2024-08-06 08:00:00,55999.99
2024-08-06 12:00:00,55210.01
2024-08-06 16:00:00,56405.99
2024-08-06 20:00:00,56765.48
2024-08-07 00:00:00,56022.01
2024-08-07 04:00:00,56862
2024-08-07 08:00:00,56920.91
2024-08-07 12:00:00,56963.38
2024-08-07 16:00:00,56094.5
2024-08-07 20:00:00,54759.22
2024-08-08 00:00:00,55134.16
2024-08-08 04:00:00,57049.74
2024-08-08 08:00:00,57193.49
2024-08-08 12:00:00,57320.51
2024-08-08 16:00:00,59428.03
2024-08-08 20:00:00,59414.51
2024-08-09 00:00:00,61685.99
2024-08-09 04:00:00,61358.39
2024-08-09 08:00:00,60863.57
2024-08-09 12:00:00,60655.24
2024-08-09 16:00:00,59810.23
2024-08-09 20:00:00,60681.42
2024-08-10 00:00:00,60837.99
2024-08-10 04:00:00,60437.84
2024-08-10 08:00:00,60842
2024-08-10 12:00:00,60920.88
2024-08-10 16:00:00,60515.89
2024-08-10 20:00:00,61016.45
2024-08-11 00:00:00,60923.51
2024-08-11 04:00:00,61085.01
2024-08-11 08:00:00,61257
2024-08-11 12:00:00,60669.15
2024-08-11 16:00:00,60127.29
2024-08-11 20:00:00,59621.11
2024-08-12 00:00:00,58712.59
2024-08-12 04:00:00,58509.5
2024-08-12 08:00:00,58674.61
2024-08-12 12:00:00,59851.7
2024-08-12 16:00:00,60207.37
2024-08-12 20:00:00,59043.98
2024-08-13 00:00:00,59346.64
2024-08-13 04:00:00,59040
2024-08-13 08:00:00,59238.05
2024-08-13 12:00:00,58830
2024-08-13 16:00:00,59472.26
2024-08-13 20:00:00,60820.15
2024-08-14 00:00:00,60587.15
2024-08-14 04:00:00,60952.83
2024-08-14 08:00:00,60914.02
2024-08-14 12:00:00,61296.87
2024-08-14 16:00:00,59435.69
2024-08-14 20:00:00,58891.13
2024-08-15 00:00:00,58683.39
2024-08-15 04:00:00,58442.98
2024-08-15 08:00:00,58060.37
2024-08-15 12:00:00,58745.36
2024-08-15 16:00:00,59682.84
2024-08-15 20:00:00,57047.46
2024-08-16 00:00:00,57541.06
2024-08-16 04:00:00,57890
2024-08-16 08:00:00,58456.99
2024-08-16 12:00:00,58400
2024-08-16 16:00:00,58071.06
2024-08-16 20:00:00,59683.39
2024-08-17 00:00:00,58874.6
2024-08-17 04:00:00,59158.37
2024-08-17 08:00:00,59248
2024-08-17 12:00:00,59137.12
2024-08-17 16:00:00,59388.11
2024-08-17 20:00:00,59473.19
2024-08-18 00:00:00,59491.99
2024-08-18 04:00:00,59337.42
2024-08-18 08:00:00,59573.39
2024-08-18 12:00:00,60024.01
2024-08-18 16:00:00,59863.99
2024-08-18 20:00:00,59708.38
2024-08-19 00:00:00,58427.35
2024-08-19 04:00:00,58736.85
2024-08-19 08:00:00,58502.19
2024-08-19 12:00:00,58396.95
2024-08-19 16:00:00,58539.24
2024-08-19 20:00:00,58967.53
2024-08-20 00:00:00,59438.5
2024-08-20 04:00:00,60619.18
2024-08-20 08:00:00,60924.33
2024-08-20 12:00:00,60518.82
2024-08-20 16:00:00,58825.53
2024-08-20 20:00:00,59511.99
2024-08-21 00:00:00,59013.8
2024-08-21 04:00:00,59320
2024-08-21 08:00:00,59712
2024-08-21 12:00:00,59361.14
2024-08-21 16:00:00,59511.8
2024-08-21 20:00:00,61570
2024-08-22 00:00:00,61156.03
2024-08-22 04:00:00,60548.9
2024-08-22 08:00:00,60984.31
2024-08-22 12:00:00,61336.09
2024-08-22 16:00:00,60407.4
2024-08-22 20:00:00,60308
2024-08-23 00:00:00,60375.84
2024-08-23 04:00:00,60593.31
2024-08-23 08:00:00,61069.27
2024-08-23 12:00:00,60741.68
2024-08-23 16:00:00,61533.05
2024-08-23 20:00:00,63628.84
2024-08-24 00:00:00,64037.24
2024-08-24 04:00:00,63832.01
2024-08-24 08:00:00,64315
2024-08-24 12:00:00,63905.01
2024-08-24 16:00:00,63976
2024-08-24 20:00:00,64210.6
2024-08-25 00:00:00,64157.01
2024-08-25 04:00:00,64101.01
2024-08-25 08:00:00,63868.26
2024-08-25 12:00:00,63873.91
2024-08-25 16:00:00,64132.16
2024-08-25 20:00:00,64187.41
2024-08-26 00:00:00,64220
2024-08-26 04:00:00,64114.99
2024-08-26 08:00:00,63627.01
2024-08-26 12:00:00,63859
2024-08-26 16:00:00,63532.53
2024-08-26 20:00:00,63342.99
2024-08-27 00:00:00,62834
2024-08-27 04:00:00,62970
2024-08-27 08:00:00,62902.31
2024-08-27 12:00:00,62417
2024-08-27 16:00:00,61709.13
2024-08-27 20:00:00,62102.01
2024-08-28 00:00:00,59415
2024-08-28 04:00:00,59629.01
2024-08-28 08:00:00,58600.98
2024-08-28 12:00:00,59935
2024-08-28 16:00:00,59000
2024-08-28 20:00:00,58898.85
2024-08-29 00:00:00,59034.9
2024-08-29 04:00:00,59141.1
2024-08-29 08:00:00,59583.88
2024-08-29 12:00:00,60067.06
2024-08-29 16:00:00,60779.99
2024-08-29 20:00:00,59258
2024-08-30 00:00:00,59359.01
2024-08-30 04:00:00,59032.01
2024-08-30 08:00:00,59271.1
2024-08-30 12:00:00,59396
2024-08-30 16:00:00,58094.99
2024-08-30 20:00:00,58700.02
2024-08-31 00:00:00,59123.99
2024-08-31 04:00:00,59232.01
2024-08-31 08:00:00,59095
2024-08-31 12:00:00,59120.99
2024-08-31 16:00:00,59006.54
2024-08-31 20:00:00,58856
2024-09-01 00:00:00,58973.99
2024-09-01 04:00:00,58524.21
2024-09-01 08:00:00,58478.64
2024-09-01 12:00:00,58240.52
2024-09-01 16:00:00,58217
2024-09-01 20:00:00,58514
2024-09-02 00:00:00,57301.86
2024-09-02 04:00:00,57742.01
2024-09-02 08:00:00,57547.99
2024-09-02 12:00:00,58422.01
2024-09-02 16:00:00,58537.99
2024-09-02 20:00:00,58439.99
2024-09-03 00:00:00,59132.13
2024-09-03 04:00:00,59110.99
2024-09-03 08:00:00,59112
2024-09-03 12:00:00,59072
2024-09-03 16:00:00,57725
2024-09-03 20:00:00,58046
2024-09-04 00:00:00,57487.73
2024-09-04 04:00:00,56653.98
2024-09-04 08:00:00,56746
2024-09-04 12:00:00,56573
2024-09-04 16:00:00,58134
2024-09-04 20:00:00,58058.01
2024-09-05 00:00:00,57970.9
2024-09-05 04:00:00,57135.42
2024-09-05 08:00:00,57155.1
2024-09-05 12:00:00,56698.01
2024-09-05 16:00:00,55976.01
2024-09-05 20:00:00,56060.01
2024-09-06 00:00:00,56180
2024-09-06 04:00:00,56588
2024-09-06 08:00:00,55804.29
2024-09-06 12:00:00,55999.09
2024-09-06 16:00:00,54045.01
2024-09-06 20:00:00,53534.28
2024-09-07 00:00:00,53962.97
2024-09-07 04:00:00,53818.91
2024-09-07 08:00:00,54286
2024-09-07 12:00:00,54326
2024-09-07 16:00:00,54780
2024-09-07 20:00:00,54404.01
2024-09-08 00:00:00,54160.86
2024-09-08 04:00:00,54402.99
2024-09-08 08:00:00,54436.25
2024-09-08 12:00:00,54556.08
2024-09-08 16:00:00,53687
2024-09-08 20:00:00,54337.01
2024-09-09 00:00:00,54869.95
2024-09-09 04:00:00,55115
2024-09-09 08:00:00,54974.01
2024-09-09 12:00:00,55264.87
2024-09-09 16:00:00,55386
2024-09-09 20:00:00,57089.54
2024-09-10 00:00:00,57042
2024-09-10 04:00:00,56524.74
2024-09-10 08:00:00,57218.57
2024-09-10 12:00:00,57228
2024-09-10 16:00:00,56596
2024-09-10 20:00:00,57952.01
2024-09-11 00:00:00,57635.99
2024-09-11 04:00:00,56819.55
2024-09-11 08:00:00,56712
2024-09-11 12:00:00,56797.99
2024-09-11 16:00:00,56701.23
2024-09-11 20:00:00,57585.5
2024-09-12 00:00:00,57338
2024-09-12 04:00:00,58232.72
2024-09-12 08:00:00,58138.16
2024-09-12 12:00:00,58057.99
2024-09-12 16:00:00,57512.03
2024-09-12 20:00:00,58388
2024-09-13 00:00:00,58132.32
2024-09-13 04:00:00,57845.97
2024-09-13 08:00:00,58109.31
2024-09-13 12:00:00,57871.1
2024-09-13 16:00:00,59667.38
2024-09-13 20:00:00,59743.99
2024-09-14 00:00:00,60498
2024-09-14 04:00:00,60329.37
2024-09-14 08:00:00,60138.14
2024-09-14 12:00:00,59706.39
2024-09-14 16:00:00,59876
2024-09-14 20:00:00,59810
2024-09-15 00:00:00,59993.03
2024-09-15 04:00:00,60155.93
2024-09-15 08:00:00,60196
2024-09-15 12:00:00,60000.51
2024-09-15 16:00:00,60335.41
2024-09-15 20:00:00,59878.22
2024-09-16 00:00:00,59132
2024-09-16 04:00:00,58575.09
2024-09-16 08:00:00,58911.1
2024-09-16 12:00:00,58663.99
2024-09-16 16:00:00,57881.69
2024-09-16 20:00:00,57943.99
2024-09-17 00:00:00,58213.99
2024-09-17 04:00:00,58060
2024-09-17 08:00:00,58695.39
2024-09-17 12:00:00,59080.99
2024-09-17 16:00:00,61135.5
2024-09-17 20:00:00,59967.99
2024-09-18 00:00:00,60313.99
2024-09-18 04:00:00,60509.99
2024-09-18 08:00:00,60428.01
2024-09-18 12:00:00,59846
2024-09-18 16:00:00,59429.18
2024-09-18 20:00:00,60057.99
2024-09-19 00:00:00,61759.99
2024-09-19 04:00:00,62117.99
2024-09-19 08:00:00,62093.99
2024-09-19 12:00:00,62645.44
2024-09-19 16:00:00,63154.04
2024-09-19 20:00:00,63251.99
2024-09-20 00:00:00,62947.99
2024-09-20 04:00:00,63742.16
2024-09-20 08:00:00,63524.8
2024-09-20 12:00:00,63440
2024-09-20 16:00:00,63153.99
2024-09-20 20:00:00,62809.13
2024-09-21 00:00:00,63201.05
2024-09-21 04:00:00,62889.57
2024-09-21 08:00:00,63091.02
2024-09-21 12:00:00,63089.77
2024-09-21 16:00:00,63167.98
2024-09-21 20:00:00,63203.59
2024-09-22 00:00:00,63348.96
2024-09-22 04:00:00,63106
2024-09-22 08:00:00,62936
2024-09-22 12:00:00,62784
2024-09-22 16:00:00,62652.12
2024-09-22 20:00:00,63160
2024-09-23 00:00:00,63578.76
2024-09-23 04:00:00,64354
2024-09-23 08:00:00,63548.82
2024-09-23 12:00:00,63435.04
2024-09-23 16:00:00,63618
2024-09-23 20:00:00,63298.56
2024-09-24 00:00:00,63339.99
2024-09-24 04:00:00,63124
2024-09-24 08:00:00,63559.92
2024-09-24 12:00:00,63478.34
2024-09-24 16:00:00,63159.99
2024-09-24 20:00:00,64292.34
2024-09-25 00:00:00,64262.7
2024-09-25 04:00:00,64460
2024-09-25 08:00:00,63843.33
2024-09-25 12:00:00,63838.01
2024-09-25 16:00:00,63495.66
2024-09-25 20:00:00,63181.5
2024-09-26 00:00:00,63152.01
2024-09-26 04:00:00,63514.34
2024-09-26 08:00:00,63852.07
2024-09-26 12:00:00,64393.99
2024-09-26 16:00:00,65229.03
2024-09-26 20:00:00,64711.06
2024-09-27 00:00:00,65173.99
2024-09-27 04:00:00,65366.01
2024-09-27 08:00:00,65460.02
2024-09-27 12:00:00,65437.35
2024-09-27 16:00:00,66006.01
2024-09-27 20:00:00,65657.99
2024-09-28 00:00:00,65769.95
2024-09-28 04:00:00,66063.76
2024-09-28 08:00:00,65824.01
2024-09-28 12:00:00,65798.01
2024-09-28 16:00:00,65619.13
2024-09-28 20:00:00,65724
2024-09-29 00:00:00,65858
2024-09-29 04:00:00,65815.92
2024-09-29 08:00:00,65477.01
2024-09-29 12:00:00,65691.92
2024-09-29 16:00:00,65751.34
2024-09-29 20:00:00,65958.82
2024-09-30 00:00:00,65602.01
2024-09-30 04:00:00,64553.68
2024-09-30 08:00:00,64562.01
2024-09-30 12:00:00,63819.44
2024-09-30 16:00:00,63561.41
2024-09-30 20:00:00,63488
2024-10-01 00:00:00,63327.59
2024-10-01 04:00:00,63723.48
2024-10-01 08:00:00,64045.92
2024-10-01 12:00:00,63734
2024-10-01 16:00:00,62628.85
2024-10-01 20:00:00,61755.99
2024-10-02 00:00:00,60805.78
2024-10-02 04:00:00,61750.47
2024-10-02 08:00:00,61727.4
2024-10-02 12:00:00,61164.01
2024-10-02 16:00:00,61874.01
2024-10-02 20:00:00,60190.01
2024-10-03 00:00:00,60649.28
2024-10-03 04:00:00,61463.99
2024-10-03 08:00:00,60926
2024-10-03 12:00:00,60764.74
2024-10-03 16:00:00,60641.5
2024-10-03 20:00:00,61036
2024-10-04 00:00:00,60752.71
2024-10-04 04:00:00,60951.99
2024-10-04 08:00:00,61443.64
2024-10-04 12:00:00,61449.84
2024-10-04 16:00:00,61873.04
2024-10-04 20:00:00,62368
2024-10-05 00:00:00,62086
2024-10-05 04:00:00,61861.99
2024-10-05 08:00:00,62076.19
2024-10-05 12:00:00,62180
2024-10-05 16:00:00,62167.66
2024-10-05 20:00:00,61848.48
2024-10-06 00:00:00,62058
2024-10-06 04:00:00,61878.66
2024-10-06 08:00:00,61949.01
2024-10-06 12:00:00,62101.92
2024-10-06 16:00:00,62720.01
2024-10-06 20:00:00,62631.38
2024-10-07 00:00:00,62819.91
2024-10-07 04:00:00,63530.51
2024-10-07 08:00:00,63531.99
2024-10-07 12:00:00,63135.44
2024-10-07 16:00:00,63651.6
2024-10-07 20:00:00,63382
2024-10-08 00:00:00,62224
2024-10-08 04:00:00,62629.8
2024-10-08 08:00:00,62319.99
2024-10-08 12:00:00,62624.01
2024-10-08 16:00:00,62288.01
2024-10-08 20:00:00,62245.53
2024-10-09 00:00:00,62160.49
2024-10-09 04:00:00,62394.07
2024-10-09 08:00:00,62276.78
2024-10-09 12:00:00,62200
2024-10-09 16:00:00,62316
2024-10-09 20:00:00,61031.98
2024-10-10 00:00:00,60636.02
2024-10-10 04:00:00,60865.29
2024-10-10 08:00:00,60900
2024-10-10 12:00:00,61262
2024-10-10 16:00:00,60789.36
2024-10-10 20:00:00,59727.28
2024-10-11 00:00:00,60326.39
2024-10-11 04:00:00,60614
2024-10-11 08:00:00,60674.69
2024-10-11 12:00:00,61174.87
2024-10-11 16:00:00,62259.05
2024-10-11 20:00:00,63086.01
2024-10-12 00:00:00,62540
2024-10-12 04:00:00,62568
2024-10-12 08:00:00,62767.57
2024-10-12 12:00:00,62936.91
2024-10-12 16:00:00,63157.49
2024-10-12 20:00:00,63000.01
2024-10-13 00:00:00,63206.22
2024-10-13 04:00:00,62712.31
2024-10-13 08:00:00,62843.48
2024-10-13 12:00:00,62561.33
2024-10-13 16:00:00,62229.31
2024-10-13 20:00:00,62734.32
2024-10-14 00:00:00,62870.02
2024-10-14 04:00:00,64299.99
2024-10-14 08:00:00,64620.87
2024-10-14 12:00:00,64920.06
2024-10-14 16:00:00,65870
2024-10-14 20:00:00,65939.4
2024-10-15 00:00:00,66083.99
2024-10-15 04:00:00,65400
2024-10-15 08:00:00,65638.74
2024-10-15 12:00:00,65399.69
2024-10-15 16:00:00,66022
2024-10-15 20:00:00,66970.18
2024-10-16 00:00:00,67074.14
2024-10-16 04:00:00,67095.98
2024-10-16 08:00:00,66972.53
2024-10-16 12:00:00,67894.72
2024-10-16 16:00:00,67749.99
2024-10-16 20:00:00,67728
2024-10-17 00:00:00,67620.01
2024-10-17 04:00:00,67601.4
2024-10-17 08:00:00,67303.18
2024-10-17 12:00:00,66872.43
2024-10-17 16:00:00,67590.66
2024-10-17 20:00:00,66840
2024-10-18 00:00:00,67421.78
2024-10-18 04:00:00,67555.4
2024-10-18 08:00:00,67969.7
2024-10-18 12:00:00,67702
2024-10-18 16:00:00,68735.35
2024-10-18 20:00:00,68608.01
2024-10-19 00:00:00,68428
2024-10-19 04:00:00,68450.01
2024-10-19 08:00:00,68346.54
2024-10-19 12:00:00,68090.3
2024-10-19 16:00:00,68226.93
2024-10-19 20:00:00,68181.98
2024-10-20 00:00:00,68378
2024-10-20 04:00:00,68188
2024-10-20 08:00:00,68378
2024-10-20 12:00:00,68420.01
2024-10-20 16:00:00,68625.99
2024-10-20 20:00:00,68508.29
2024-10-21 00:00:00,69031.99
2024-10-21 04:00:00,68939.99
2024-10-21 08:00:00,68514
2024-10-21 12:00:00,68238.01
2024-10-21 16:00:00,67341.02
2024-10-21 20:00:00,67763
2024-10-22 00:00:00,67377.5
2024-10-22 04:00:00,67390.02
2024-10-22 08:00:00,67402
2024-10-22 12:00:00,67299.15
2024-10-22 16:00:00,67282.27
2024-10-22 20:00:00,67482.98
2024-10-23 00:00:00,67426
2024-10-23 04:00:00,67082.1
2024-10-23 08:00:00,66852.34
2024-10-23 12:00:00,66414
2024-10-23 16:00:00,66223.44
2024-10-23 20:00:00,66472
2024-10-24 00:00:00,66668.65
2024-10-24 04:00:00,67213.16
2024-10-24 08:00:00,67123.08
2024-10-24 12:00:00,67285.99
2024-10-24 16:00:00,67701.22
2024-10-24 20:00:00,68309.79
2024-10-25 00:00:00,68198.28
2024-10-25 04:00:00,68008
2024-10-25 08:00:00,67531.97
2024-10-25 12:00:00,68105.79
2024-10-25 16:00:00,67690.01
2024-10-25 20:00:00,66850
2024-10-26 00:00:00,66698.33
2024-10-26 04:00:00,66914
2024-10-26 08:00:00,67007.99
2024-10-26 12:00:00,67138
2024-10-26 16:00:00,66886.49
2024-10-26 20:00:00,67177.99
2024-10-27 00:00:00,67092.76
2024-10-27 04:00:00,67289.57
2024-10-27 08:00:00,67204.01
2024-10-27 12:00:00,67128.04
2024-10-27 16:00:00,67791.99
2024-10-27 20:00:00,67850
2024-10-28 00:00:00,68021.7
2024-10-28 04:00:00,67727.59
2024-10-28 08:00:00,68415.52
2024-10-28 12:00:00,68753.78
2024-10-28 16:00:00,68494.2
2024-10-28 20:00:00,69629.98
2024-10-29 00:00:00,69962.21
2024-10-29 04:00:00,70938.14
2024-10-29 08:00:00,71017.97
2024-10-29 12:00:00,71452.01
2024-10-29 16:00:00,72402.01
2024-10-29 20:00:00,72536.16
2024-10-30 00:00:00,72736.42
2024-10-30 04:00:00,72234
2024-10-30 08:00:00,72227.99
2024-10-30 12:00:00,71983.99
2024-10-30 16:00:00,72061.34
2024-10-30 20:00:00,71822.01
2024-10-31 00:00:00,72344.74
2024-10-31 04:00:00,72353.74
2024-10-31 08:00:00,72417.19
2024-10-31 12:00:00,72226
2024-10-31 16:00:00,70620
2024-10-31 20:00:00,70092.07
2024-11-01 00:00:00,70292.01
2024-11-01 04:00:00,69369.99
2024-11-01 08:00:00,69273.7
2024-11-01 12:00:00,70002.01
2024-11-01 16:00:00,69387.77
2024-11-01 20:00:00,69268
2024-11-02 00:00:00,69496.01
2024-11-02 04:00:00,69599.99
2024-11-02 08:00:00,69813.91
2024-11-02 12:00:00,69608
2024-11-02 16:00:00,69393.17
2024-11-02 20:00:00,69510
2024-11-03 00:00:00,69374.74
2024-11-03 04:00:00,68379.89
2024-11-03 08:00:00,68397.42
2024-11-03 12:00:00,68358.86
2024-11-03 16:00:00,68090.9
2024-11-03 20:00:00,68679
2024-11-04 00:00:00,68775.99
2024-11-04 04:00:00,69047.86
2024-11-04 08:00:00,68618
2024-11-04 12:00:00,68792.71
2024-11-04 16:00:00,68646.01
2024-11-04 20:00:00,67856
2024-11-05 00:00:00,67850.01
2024-11-05 04:00:00,68243
2024-11-05 08:00:00,68893.99
2024-11-05 12:00:00,68810.03
2024-11-05 16:00:00,69639.99
2024-11-05 20:00:00,68995.99
2024-11-06 00:00:00,69372.01
2024-11-06 04:00:00,74348.53
2024-11-06 08:00:00,73370.89
2024-11-06 12:00:00,74272.01
2024-11-06 16:00:00,74298
2024-11-06 20:00:00,75823.55
2024-11-07 00:00:00,75571.99
2024-11-07 04:00:00,75048.01
2024-11-07 08:00:00,74757.58
2024-11-07 12:00:00,74746
2024-11-07 16:00:00,76059.69
2024-11-07 20:00:00,76530.39
2024-11-08 00:00:00,75857.89
2024-11-08 04:00:00,75890.79
2024-11-08 08:00:00,76148.49
2024-11-08 12:00:00,75934.46
2024-11-08 16:00:00,76427.72
2024-11-08 20:00:00,76912.58
2024-11-09 00:00:00,76509.78
2024-11-09 04:00:00,76341.47
2024-11-09 08:00:00,76529.08
2024-11-09 12:00:00,76487.11
2024-11-09 16:00:00,76319.9
2024-11-09 20:00:00,76204.92
2024-11-10 00:00:00,76677.46
2024-11-10 04:00:00,77205.96
2024-11-10 08:00:00,78832.37
2024-11-10 12:00:00,79844.01
2024-11-10 16:00:00,79694.03
2024-11-10 20:00:00,79748.99
2024-11-11 00:00:00,80370.01
2024-11-11 04:00:00,81612.23
2024-11-11 08:00:00,81109.1
2024-11-11 12:00:00,82134
2024-11-11 16:00:00,84059.54
2024-11-11 20:00:00,86102.21
2024-11-12 00:00:00,88647.99
2024-11-12 04:00:00,88047.46
2024-11-12 08:00:00,88983.35
2024-11-12 12:00:00,87155.55
2024-11-12 16:00:00,86632
2024-11-12 20:00:00,88704.28
2024-11-13 00:00:00,87952.01
2024-11-13 04:00:00,87136
2024-11-13 08:00:00,87356
2024-11-13 12:00:00,87669.39
2024-11-13 16:00:00,92540.01
2024-11-13 20:00:00,90193.51
2024-11-14 00:00:00,90375.2
2024-11-14 04:00:00,89937.02
2024-11-14 08:00:00,90769.42
2024-11-14 12:00:00,91491.86
2024-11-14 16:00:00,87947.99
2024-11-14 20:00:00,89463.99
2024-11-15 00:00:00,87325.59
2024-11-15 04:00:00,88218.21
2024-11-15 08:00:00,87612
2024-11-15 12:00:00,89741.25
2024-11-15 16:00:00,88445.41
2024-11-15 20:00:00,90377.89
2024-11-16 00:00:00,91032.07
2024-11-16 04:00:00,91252.03
2024-11-16 08:00:00,91117.53
2024-11-16 12:00:00,91169.69
2024-11-16 16:00:00,90521.2
2024-11-16 20:00:00,91100.24
2024-11-17 00:00:00,90586.92
2024-11-17 04:00:00,90247.86
2024-11-17 08:00:00,90550.8
2024-11-17 12:00:00,90684.19
2024-11-17 16:00:00,90260.01
2024-11-17 20:00:00,90044
2024-11-18 00:00:00,89855.99
2024-11-18 04:00:00,90668.58
2024-11-18 08:00:00,91719.9
2024-11-18 12:00:00,90275.13
2024-11-18 16:00:00,92309.51
2024-11-18 20:00:00,90608.26
2024-11-19 00:00:00,90464.08
2024-11-19 04:00:00,91428
2024-11-19 08:00:00,91620.01
2024-11-19 12:00:00,91652.02
2024-11-19 16:00:00,92391.99
2024-11-19 20:00:00,93227.87
2024-11-20 00:00:00,92310.79
2024-11-20 04:00:00,92039.99
2024-11-20 08:00:00,92850.38
2024-11-20 12:00:00,93454.65
2024-11-20 16:00:00,94739.97
2024-11-20 20:00:00,94000
2024-11-21 00:00:00,94286.56
2024-11-21 04:00:00,95798.12
2024-11-21 08:00:00,96912.01
2024-11-21 12:00:00,97974.99
2024-11-21 16:00:00,96672
2024-11-21 20:00:00,97829.83
2024-11-22 00:00:00,98317.12
2024-11-22 04:00:00,98836.5
2024-11-22 08:00:00,99173.7
2024-11-22 12:00:00,98870.38
2024-11-22 16:00:00,98664
2024-11-22 20:00:00,99079.74
2024-11-23 00:00:00,98892
2024-11-23 04:00:00,98666.67
2024-11-23 08:00:00,98560.85
2024-11-23 12:00:00,98429.99
2024-11-23 16:00:00,98400
2024-11-23 20:00:00,97504
2024-11-24 00:00:00,97672.4
2024-11-24 04:00:00,98200.1
2024-11-24 08:00:00,98431.05
2024-11-24 12:00:00,97280.03
2024-11-24 16:00:00,95901.51
2024-11-24 20:00:00,96320.02
2024-11-25 00:00:00,97900.04
2024-11-25 04:00:00,97898.8
2024-11-25 08:00:00,98047.34
2024-11-25 12:00:00,98188.09
2024-11-25 16:00:00,96000.56
2024-11-25 20:00:00,94669.48
2024-11-26 00:00:00,93010.01
2024-11-26 04:00:00,94464
2024-11-26 08:00:00,93785.71
2024-11-26 12:00:00,92356.85
2024-11-26 16:00:00,92813
2024-11-26 20:00:00,91683.89
2024-11-27 00:00:00,91965.16
2024-11-27 04:00:00,92588
2024-11-27 08:00:00,93597.16
2024-11-27 12:00:00,93367.99
2024-11-27 16:00:00,95556.01
2024-11-27 20:00:00,96627.99
2024-11-28 00:00:00,95863.11
2024-11-28 04:00:00,95471.43
2024-11-28 08:00:00,95299.66
2024-11-28 12:00:00,95452.01
2024-11-28 16:00:00,95007.14
2024-11-28 20:00:00,95119.48
2024-11-29 00:00:00,95643.98
2024-11-29 04:00:00,96590.36
2024-11-29 08:00:00,95625.05
2024-11-29 12:00:00,97237.91
2024-11-29 16:00:00,98019.47
2024-11-29 20:00:00,97329.73
2024-11-30 00:00:00,97460
2024-11-30 04:00:00,96640.02
2024-11-30 08:00:00,96783.38
2024-11-30 12:00:00,96267.99
2024-11-30 16:00:00,96645.41
2024-11-30 20:00:00,97019.68
2024-12-01 00:00:00,96407.99
2024-12-01 04:00:00,96336.75
2024-12-01 08:00:00,96472.97
2024-12-01 12:00:00,97108.89
2024-12-01 16:00:00,97028.02
2024-12-01 20:00:00,97178.73
2024-12-02 00:00:00,97185.18
2024-12-02 04:00:00,96483.75
2024-12-02 08:00:00,95999.99
2024-12-02 12:00:00,95128.68
2024-12-02 16:00:00,97048
2024-12-02 20:00:00,95816
2024-12-03 00:00:00,95840.62
2024-12-03 04:00:00,96079.36
2024-12-03 08:00:00,95550
2024-12-03 12:00:00,94988.01
2024-12-03 16:00:00,95682.54
2024-12-03 20:00:00,95428.6
2024-12-04 00:00:00,95849.69
2024-12-04 04:00:00,95770.32
2024-12-04 08:00:00,96588.81
2024-12-04 12:00:00,96190.41
2024-12-04 16:00:00,95742.81
2024-12-04 20:00:00,97209.64
2024-12-05 00:00:00,98587.32
2024-12-05 04:00:00,102964
2024-12-05 08:00:00,102236.1
2024-12-05 12:00:00,102566.91
2024-12-05 16:00:00,101292.01
2024-12-05 20:00:00,99028
2024-12-06 00:00:00,96945.63
2024-12-06 04:00:00,97735.29
2024-12-06 08:00:00,98138.54
2024-12-06 12:00:00,98069.62
2024-12-06 16:00:00,99309.99
2024-12-06 20:00:00,101439.99
2024-12-07 00:00:00,99740.84
2024-12-07 04:00:00,99299.63
2024-12-07 08:00:00,99405.2
2024-12-07 12:00:00,99620
2024-12-07 16:00:00,99756.01
2024-12-07 20:00:00,100077.45
2024-12-08 00:00:00,99831.99
2024-12-08 04:00:00,99934.82
2024-12-08 08:00:00,99675.11
2024-12-08 12:00:00,99701.16
2024-12-08 16:00:00,99912.01
2024-12-08 20:00:00,100100.98
2024-12-09 00:00:00,101109.59
2024-12-09 04:00:00,99090.84
2024-12-09 08:00:00,99576.51
2024-12-09 12:00:00,98088.47
2024-12-09 16:00:00,97812
2024-12-09 20:00:00,97070.32
2024-12-10 00:00:00,97276.47
2024-12-10 04:00:00,96931.99
2024-12-10 08:00:00,97196.44
2024-12-10 12:00:00,97722.52
2024-12-10 16:00:00,95658.79
2024-12-10 20:00:00,95856.5
2024-12-11 00:00:00,96593
2024-12-11 04:00:00,97398.43
2024-12-11 08:00:00,97334.6
2024-12-11 12:00:00,98292.61
2024-12-11 16:00:00,100361.64
2024-12-11 20:00:00,101122.71
2024-12-12 00:00:00,101125
2024-12-12 04:00:00,101025.87
2024-12-12 08:00:00,100499.99
2024-12-12 12:00:00,100358.42
2024-12-12 16:00:00,101797.14
2024-12-12 20:00:00,99481.32
2024-12-13 00:00:00,100004.29
2024-12-13 04:00:00,99729.09
2024-12-13 08:00:00,100130
2024-12-13 12:00:00,100353.37
2024-12-13 16:00:00,99873.16
2024-12-13 20:00:00,101462.34
2024-12-14 00:00:00,101424.25
2024-12-14 04:00:00,102088
2024-12-14 08:00:00,101824
2024-12-14 12:00:00,101583.99
2024-12-14 16:00:00,101625.12
2024-12-14 20:00:00,101313.54
2024-12-15 00:00:00,101420
2024-12-15 04:00:00,101733.82
2024-12-15 08:00:00,101732.09
2024-12-15 12:00:00,102671.44
2024-12-15 16:00:00,102704.01
2024-12-15 20:00:00,103252.95
2024-12-16 00:00:00,104463.99
2024-12-16 04:00:00,104582.28
2024-12-16 08:00:00,104992.79
2024-12-16 12:00:00,103757.99
2024-12-16 16:00:00,106332.01
2024-12-16 20:00:00,106583.12
2024-12-17 00:00:00,106058.66
2024-12-17 04:00:00,106866.49
2024-12-17 08:00:00,106805.75
2024-12-17 12:00:00,106808.31
2024-12-17 16:00:00,106478.47
2024-12-17 20:00:00,106475.89
2024-12-18 00:00:00,106133.74
2024-12-18 04:00:00,104763.98
2024-12-18 08:00:00,104250.75
2024-12-18 12:00:00,105028.33
2024-12-18 16:00:00,104428.54
2024-12-18 20:00:00,102817.82
2024-12-19 00:00:00,100204.01
2024-12-19 04:00:00,101193.15
2024-12-19 08:00:00,101656.57
2024-12-19 12:00:00,102449.99
2024-12-19 16:00:00,100679.86
2024-12-19 20:00:00,97199.72
2024-12-20 00:00:00,97461.86
2024-12-20 04:00:00,97106.02
2024-12-20 08:00:00,97832.53
2024-12-20 12:00:00,92723.98
2024-12-20 16:00:00,96991.62
2024-12-20 20:00:00,97116
2024-12-21 00:00:00,97805.44
2024-12-21 04:00:00,97487.46
2024-12-21 08:00:00,99040
2024-12-21 12:00:00,98262.08
2024-12-21 16:00:00,97527.97
2024-12-21 20:00:00,97269.03
2024-12-22 00:00:00,97291.99
2024-12-22 04:00:00,96994.37
2024-12-22 08:00:00,96210.24
2024-12-22 12:00:00,97101.28
2024-12-22 16:00:00,95377.72
2024-12-22 20:00:00,94836.55
2024-12-23 00:00:00,95186.27
2024-12-23 04:00:00,96025.15
2024-12-23 08:00:00,95404.01
2024-12-23 12:00:00,95932.42
2024-12-23 16:00:00,93250.37
2024-12-23 20:00:00,93044.79
2024-12-24 00:00:00,94881.47
2024-12-24 04:00:00,94348.75
2024-12-24 08:00:00,94233.19
2024-12-24 12:00:00,94398.6
2024-12-24 16:00:00,98300
2024-12-24 20:00:00,97581.09
2024-12-25 00:00:00,98663.58
2024-12-25 04:00:00,98029.48
2024-12-25 08:00:00,98084.33
2024-12-25 12:00:00,97907.61
2024-12-25 16:00:00,98519.98
2024-12-25 20:00:00,99018.52
2024-12-26 00:00:00,99429.6
2024-12-26 04:00:00,98995.17
2024-12-26 08:00:00,97719.99
2024-12-26 12:00:00,95695.81
2024-12-26 16:00:00,96042.88
2024-12-26 20:00:00,96102.25
2024-12-27 00:00:00,95791.6
2024-12-27 04:00:00,96417.84
2024-12-27 08:00:00,95104.76
2024-12-27 12:00:00,96952.38
2024-12-27 16:00:00,94573.75
2024-12-27 20:00:00,94750
2024-12-28 00:00:00,94299.03
2024-12-28 04:00:00,94594.91
2024-12-28 08:00:00,94381.99
2024-12-28 12:00:00,94754.83
2024-12-28 16:00:00,94447.29
2024-12-28 20:00:00,95027.76
2024-12-29 00:00:00,95300
2024-12-29 04:00:00,95172.4
2024-12-29 08:00:00,95272.04
2024-12-29 12:00:00,95032.57
2024-12-29 16:00:00,94511.12
2024-12-29 20:00:00,93612.89
2024-12-30 00:00:00,93738.2
2024-12-30 04:00:00,93722.71
2024-12-30 08:00:00,93731.65
2024-12-30 12:00:00,93923.14
2024-12-30 16:00:00,92130.21
2024-12-30 20:00:00,94417.04
2024-12-31 00:00:00,92792.05
2024-12-31 04:00:00,92509.59
2024-12-31 08:00:00,92860.75
2024-12-31 12:00:00,94232.68
2024-12-31 16:00:00,95412
2024-12-31 20:00:00,94166.88
2025-01-01 00:00:00,93576
2025-01-01 04:00:00,93838.04
2025-01-01 08:00:00,93684.1
2025-01-01 12:00:00,93444.64
2025-01-01 16:00:00,94432.94
2025-01-01 20:00:00,94627.07
2025-01-02 00:00:00,94591.79
2025-01-02 04:00:00,95010.33
2025-01-02 08:00:00,95822
2025-01-02 12:00:00,96732.99
2025-01-02 16:00:00,96455.01
2025-01-02 20:00:00,97317.74
2025-01-03 00:00:00,96984.79
2025-01-03 04:00:00,97062.3
2025-01-03 08:00:00,96304
2025-01-03 12:00:00,96757.58
2025-01-03 16:00:00,97521.35
2025-01-03 20:00:00,98592.01
2025-01-04 00:00:00,98174.18
2025-01-04 04:00:00,98200
2025-01-04 08:00:00,98271.88
2025-01-04 12:00:00,97889.39
2025-01-04 16:00:00,97657.94
2025-01-04 20:00:00,98166.26
2025-01-05 00:00:00,98220.5
2025-01-05 04:00:00,98187.96
2025-01-05 08:00:00,98268.77
2025-01-05 12:00:00,97641.63
2025-01-05 16:00:00,98028.98
2025-01-05 20:00:00,98079.63
2025-01-06 00:00:00,98363.61
2025-01-06 04:00:00,99037.57
2025-01-06 08:00:00,99318.7
2025-01-06 12:00:00,99259.99
2025-01-06 16:00:00,102147.95
2025-01-06 20:00:00,101817.22
2025-01-07 00:00:00,102235.6
2025-01-07 04:00:00,101708.08
2025-01-07 08:00:00,101664.81
2025-01-07 12:00:00,100830.86
2025-01-07 16:00:00,97952.26
2025-01-07 20:00:00,96451.98
2025-01-08 00:00:00,96954.61
2025-01-08 04:00:00,96525.2
2025-01-08 08:00:00,95657.09
2025-01-08 12:00:00,95134.92
2025-01-08 16:00:00,95493.77
2025-01-08 20:00:00,94243.89
2025-01-09 00:00:00,95060.61
2025-01-09 04:00:00,94027.9
2025-01-09 08:00:00,93221.59
2025-01-09 12:00:00,93465.23
2025-01-09 16:00:00,94244.02
2025-01-09 20:00:00,91909.59
2025-01-10 00:00:00,92552.49
2025-01-10 04:00:00,93696.13
2025-01-10 08:00:00,94492.63
2025-01-10 12:00:00,95073.95
2025-01-10 16:00:00,93730.92
2025-01-10 20:00:00,95327.06
2025-01-11 00:00:00,94726.11
2025-01-11 04:00:00,94206.95
2025-01-11 08:00:00,94246.36
2025-01-11 12:00:00,94625.65
2025-01-11 16:00:00,94410.26
2025-01-11 20:00:00,94249.26
2025-01-12 00:00:00,94599.99
2025-01-12 04:00:00,94622.4
2025-01-12 08:00:00,94323.85
2025-01-12 12:00:00,94255.1
2025-01-12 16:00:00,95071.9
2025-01-12 20:00:00,94650.26
2025-01-13 00:00:00,94545.06
2025-01-13 04:00:00,94269.23
2025-01-13 08:00:00,93590.24
2025-01-13 12:00:00,90851.22
2025-01-13 16:00:00,92123.75
2025-01-13 20:00:00,92312.18
2025-01-14 00:00:00,94536.1
2025-01-14 04:00:00,94861.4
2025-01-14 08:00:00,94864
2025-01-14 12:00:00,96548.04
2025-01-14 16:00:00,96471.65
2025-01-14 20:00:00,96537.8
2025-01-15 00:00:00,96560.86
2025-01-15 04:00:00,97317.12
2025-01-15 08:00:00,97301.35
2025-01-15 12:00:00,96762.18
2025-01-15 16:00:00,98992.42
2025-01-15 20:00:00,99844.9
2025-01-16 00:00:00,100497.35
2025-01-16 04:00:00,99478.03
2025-01-16 08:00:00,99799.99
2025-01-16 12:00:00,99158.71
2025-01-16 16:00:00,99296.17
2025-01-16 20:00:00,100417.2
2025-01-17 00:00:00,99987.3
2025-01-17 04:00:00,101051.73
2025-01-17 08:00:00,101440.5
2025-01-17 12:00:00,102237.6
2025-01-17 16:00:00,104000
2025-01-17 20:00:00,105834.93
2025-01-18 00:00:00,104077.48
2025-01-18 04:00:00,103559.82
2025-01-18 08:00:00,102821.75
2025-01-18 12:00:00,103589.29
2025-01-18 16:00:00,104568.96
2025-01-18 20:00:00,104382.01
2025-01-19 00:00:00,104556.23
2025-01-19 04:00:00,104984.01
2025-01-19 08:00:00,105167.12
2025-01-19 12:00:00,104363.23
2025-01-19 16:00:00,104936.35
2025-01-19 20:00:00,106200
2025-01-20 00:00:00,101331.57
2025-01-20 04:00:00,101891.93
2025-01-20 08:00:00,107120.65
2025-01-20 12:00:00,108239.19
2025-01-20 16:00:00,104957.99
2025-01-20 20:00:00,103691.63
2025-01-21 00:00:00,102260.01
2025-01-21 04:00:00,102936.01
2025-01-21 08:00:00,101989.05
2025-01-21 12:00:00,103758.25
2025-01-21 16:00:00,103943
2025-01-21 20:00:00,107031.34
2025-01-22 00:00:00,106143.82
2025-01-22 04:00:00,105600.01
2025-01-22 08:00:00,105084.77
2025-01-22 12:00:00,105100.39
2025-01-22 16:00:00,104180.01
2025-01-22 20:00:00,104630
2025-01-23 00:00:00,103706.66
2025-01-23 04:00:00,102461.25
2025-01-23 08:00:00,102710.27
2025-01-23 12:00:00,101944.49
2025-01-23 16:00:00,105263.52
2025-01-23 20:00:00,103770.04
2025-01-24 00:00:00,103910.34
2025-01-24 04:00:00,103891.75
2025-01-24 08:00:00,105046.8
2025-01-24 12:00:00,105420.1
2025-01-24 16:00:00,105859.98
2025-01-24 20:00:00,105760.94
2025-01-25 00:00:00,104870.5
2025-01-25 04:00:00,105202.4
2025-01-25 08:00:00,104385.98
2025-01-25 12:00:00,104670.99
2025-01-25 16:00:00,104897.79
2025-01-25 20:00:00,105055.16
2025-01-26 00:00:00,104746.85
2025-01-26 04:00:00,105062.42
2025-01-26 08:00:00,104998.35
2025-01-26 12:00:00,104818.69
2025-01-26 16:00:00,104967.01
2025-01-26 20:00:00,105081.63
2025-01-27 00:00:00,102620
2025-01-27 04:00:00,101395.64
2025-01-27 08:00:00,99048.02
2025-01-27 12:00:00,98761.13
2025-01-27 16:00:00,101112.03
2025-01-27 20:00:00,99700.02
2025-01-28 00:00:00,102082.83
2025-01-28 04:00:00,102636.32
2025-01-28 08:00:00,102789.72
2025-01-28 12:00:00,102762.01
2025-01-28 16:00:00,102777.99
2025-01-28 20:00:00,102424.24
2025-01-29 00:00:00,101335.52
2025-01-29 04:00:00,102038.2
2025-01-29 08:00:00,102755.82
2025-01-29 12:00:00,102646
2025-01-29 16:00:00,101980.78
2025-01-29 20:00:00,103583.99
2025-01-30 00:00:00,103733.24
2025-01-30 04:00:00,105196
2025-01-30 08:00:00,105132.07
2025-01-30 12:00:00,105300.63
2025-01-30 16:00:00,105564
2025-01-30 20:00:00,105711.27
2025-01-31 00:00:00,104722.94
2025-01-31 04:00:00,104344.46
2025-01-31 08:00:00,104188.56
2025-01-31 12:00:00,104736
2025-01-31 16:00:00,105464.01
2025-01-31 20:00:00,102312.32
2025-02-01 00:00:00,102429.56
2025-02-01 04:00:00,102249.19
2025-02-01 08:00:00,102166.49
2025-02-01 12:00:00,102028.81
2025-02-01 16:00:00,102073.89
2025-02-01 20:00:00,101669.6
2025-02-02 00:00:00,100635.65
2025-02-02 04:00:00,99206.86
2025-02-02 08:00:00,99643.3
2025-02-02 12:00:00,98864.6
2025-02-02 16:00:00,99346.87
2025-02-02 20:00:00,98273.16
2025-02-03 00:00:00,97700.59
2025-02-03 04:00:00,94038.74
2025-02-03 08:00:00,95333.01
2025-02-03 12:00:00,95107.89
2025-02-03 16:00:00,98842
2025-02-03 20:00:00,101880
2025-02-04 00:00:00,101328.52
2025-02-04 04:00:00,100629.7
2025-02-04 08:00:00,98448.02
2025-02-04 12:00:00,98967.7
2025-02-04 16:00:00,99347.19
2025-02-04 20:00:00,98859.77
2025-02-05 00:00:00,97763.13
2025-02-05 04:00:00,98040
2025-02-05 08:00:00,97864.43
2025-02-05 12:00:00,98198
2025-02-05 16:00:00,98116.24
2025-02-05 20:00:00,97370
2025-02-06 00:00:00,96612.43
2025-02-06 04:00:00,97355.67
2025-02-06 08:00:00,98195.61
2025-02-06 12:00:00,98877.99
2025-02-06 16:00:00,97333.09
2025-02-06 20:00:00,95983
2025-02-07 00:00:00,96554.35
2025-02-07 04:00:00,97444.04
2025-02-07 08:00:00,96757.05
2025-02-07 12:00:00,97750
2025-02-07 16:00:00,98283.98
2025-02-07 20:00:00,96898.56
2025-02-08 00:00:00,96506.8
2025-02-08 04:00:00,96699.23
2025-02-08 08:00:00,96209.92
2025-02-08 12:00:00,96120
2025-02-08 16:00:00,95843.74
2025-02-08 20:00:00,96579.99
2025-02-09 00:00:00,96444.74
2025-02-09 04:00:00,97300
2025-02-09 08:00:00,97057.83
2025-02-09 12:00:00,96554.01
2025-02-09 16:00:00,96488.15
2025-02-09 20:00:00,96064.74
2025-02-10 00:00:00,96462.75
2025-02-10 04:00:00,96814.98
2025-02-10 08:00:00,97429.83
2025-02-10 12:00:00,97661.16
2025-02-10 16:00:00,97218.69
2025-02-10 20:00:00,97376
2025-02-11 00:00:00,97430.82
2025-02-11 04:00:00,97607.3
2025-02-11 08:00:00,98268.97
2025-02-11 12:00:00,98151.52
2025-02-11 16:00:00,97007.53
2025-02-11 20:00:00,95040.82
2025-02-12 00:00:00,95778.2
2025-02-12 04:00:00,95299.27
2025-02-12 08:00:00,96069.58
2025-02-12 12:00:00,96094.65
2025-02-12 16:00:00,95816.18
2025-02-12 20:00:00,97205.06
2025-02-13 00:00:00,97869.99
2025-02-13 04:00:00,97498.42
2025-02-13 08:00:00,96070.23
2025-02-13 12:00:00,95925.11
2025-02-13 16:00:00,95998
2025-02-13 20:00:00,95627.76
2025-02-14 00:00:00,96608.14
2025-02-14 04:00:00,97129.98
2025-02-14 08:00:00,96944.09
2025-02-14 12:00:00,96887.56
2025-02-14 16:00:00,96924.39
2025-02-14 20:00:00,97940.45
2025-02-15 00:00:00,97500.48
2025-02-15 04:00:00,97653.19
2025-02-15 08:00:00,97346.26
2025-02-15 12:00:00,97615.59
2025-02-15 16:00:00,97633.22
2025-02-15 20:00:00,97531.9
2025-02-16 00:00:00,97569.66
2025-02-16 04:00:00,97547.17
2025-02-16 08:00:00,97248.98
2025-02-16 12:00:00,97336
2025-02-16 16:00:00,96911.01
2025-02-16 20:00:00,97058.47
2025-02-17 00:00:00,96118.12
2025-02-17 04:00:00,96215.33
2025-02-17 08:00:00,96068.22
2025-02-17 12:00:00,96063.18
2025-02-17 16:00:00,95659.46
2025-02-17 20:00:00,95531.36
2025-02-18 00:00:00,95780
2025-02-18 04:00:00,96200
2025-02-18 08:00:00,95456.93
2025-02-18 12:00:00,95640.34
2025-02-18 16:00:00,95546.48
2025-02-18 20:00:00,94104.14
2025-02-19 00:00:00,95671.74
2025-02-19 04:00:00,95710.26
2025-02-19 08:00:00,95687.71
2025-02-19 12:00:00,96422.6
2025-02-19 16:00:00,95943.74
2025-02-19 20:00:00,96206.54
2025-02-20 00:00:00,96644.37
2025-02-20 04:00:00,97055.25
2025-02-20 08:00:00,96867.92
2025-02-20 12:00:00,97207.92
2025-02-20 16:00:00,96903.77
2025-02-20 20:00:00,98422.8
2025-02-21 00:00:00,98305
2025-02-21 04:00:00,98141.99
2025-02-21 08:00:00,98179.76
2025-02-21 12:00:00,98629.3
2025-02-21 16:00:00,98104.04
2025-02-21 20:00:00,95285.11
2025-02-22 00:00:00,96181.98
2025-02-22 04:00:00,96299.07
2025-02-22 08:00:00,96288.09
2025-02-22 12:00:00,96580
2025-02-22 16:00:00,96592
2025-02-22 20:00:00,96639.99
2025-02-23 00:00:00,96551.01
2025-02-23 04:00:00,96414
2025-02-23 08:00:00,96508.85
2025-02-23 12:00:00,96115.99
2025-02-23 16:00:00,95436.18
2025-02-23 20:00:00,95755.99
2025-02-24 00:00:00,96258
2025-02-24 04:00:00,95433.21
2025-02-24 08:00:00,95872.02
2025-02-24 12:00:00,95821.45
2025-02-24 16:00:00,94323.95
2025-02-24 20:00:00,93943.51
2025-02-25 00:00:00,91552.88
2025-02-25 04:00:00,92153.93
2025-02-25 08:00:00,89320.01
2025-02-25 12:00:00,89239.39
2025-02-25 16:00:00,87231.26
2025-02-25 20:00:00,87947.25
2025-02-26 00:00:00,88680.4
2025-02-26 04:00:00,88900
2025-02-26 08:00:00,88720.02
2025-02-26 12:00:00,88616.8
2025-02-26 16:00:00,87567.53
2025-02-26 20:00:00,83856.99
2025-02-27 00:00:00,84250.09
2025-02-27 04:00:00,85226.32
2025-02-27 08:00:00,86272.01
2025-02-27 12:00:00,86698.6
2025-02-27 16:00:00,85500.84
2025-02-27 20:00:00,84113.98
2025-02-28 00:00:00,84708.58
2025-02-28 04:00:00,80452.44
2025-02-28 08:00:00,79204.59
2025-02-28 12:00:00,80513.38
2025-02-28 16:00:00,84005.05
2025-02-28 20:00:00,84449.99
2025-03-01 00:00:00,84349.94
2025-03-01 04:00:00,85330.84
2025-03-01 08:00:00,84740.15
2025-03-01 12:00:00,84632.79
2025-03-01 16:00:00,84800
2025-03-01 20:00:00,85485.41
2025-03-02 00:00:00,86064.53
2025-03-02 04:00:00,85873.07
2025-03-02 08:00:00,86232.42
2025-03-02 12:00:00,86105.89
2025-03-02 16:00:00,87427.99
2025-03-02 20:00:00,93522
2025-03-03 00:00:00,94270
2025-03-03 04:00:00,92709.98
2025-03-03 08:00:00,92363.58
2025-03-03 12:00:00,92739.99
2025-03-03 16:00:00,90035.37
2025-03-03 20:00:00,85606
2025-03-04 00:00:00,86220.61
2025-03-04 04:00:00,83983.72
2025-03-04 08:00:00,83186.4
2025-03-04 12:00:00,83937.94
2025-03-04 16:00:00,82985.06
2025-03-04 20:00:00,88206.19
2025-03-05 00:00:00,87281.98
2025-03-05 04:00:00,86843.4
2025-03-05 08:00:00,87619.49
2025-03-05 12:00:00,89814.26
2025-03-05 16:00:00,88344.25
2025-03-05 20:00:00,89750
2025-03-06 00:00:00,90606.01
2025-03-06 04:00:00,91605.01
2025-03-06 08:00:00,91346.48
2025-03-06 12:00:00,91350
2025-03-06 16:00:00,90820.69
2025-03-06 20:00:00,88526.18
2025-03-07 00:00:00,89931.89
2025-03-07 04:00:00,86991.25
2025-03-07 08:00:00,88365.18
2025-03-07 12:00:00,88966.96
2025-03-07 16:00:00,88457.99
2025-03-07 20:00:00,87820.1
2025-03-08 00:00:00,86801.75
2025-03-08 04:00:00,85919.12
2025-03-08 08:00:00,86197.14
2025-03-08 12:00:00,85955.88
2025-03-08 16:00:00,86400
2025-03-08 20:00:00,86233.52
2025-03-09 00:00:00,86222.45
2025-03-09 04:00:00,86115.71
2025-03-09 08:00:00,86004.61
2025-03-09 12:00:00,85024.01
2025-03-09 16:00:00,83080.41
2025-03-09 20:00:00,82640.86
2025-03-10 00:00:00,80734.37
2025-03-10 04:00:00,82047.49
2025-03-10 08:00:00,82318.77
2025-03-10 12:00:00,83582
2025-03-10 16:00:00,80043.85
2025-03-10 20:00:00,79060.84
2025-03-11 00:00:00,78595.86
2025-03-11 04:00:00,79522.29
2025-03-11 08:00:00,80424.95
2025-03-11 12:00:00,81720.34
2025-03-11 16:00:00,81232.24
2025-03-11 20:00:00,83104.01
2025-03-12 00:00:00,82932.99
2025-03-12 04:00:00,82127.72
2025-03-12 08:00:00,82447.79
2025-03-12 12:00:00,83004.45
2025-03-12 16:00:00,81738.97
2025-03-12 20:00:00,82915.93
2025-03-13 00:00:00,83680.12
2025-03-13 04:00:00,83577.14
2025-03-13 08:00:00,83151.99
2025-03-13 12:00:00,82975.86
2025-03-13 16:00:00,81044.72
2025-03-13 20:00:00,80211.4
2025-03-14 00:00:00,81115.78
2025-03-14 04:00:00,81888.77
2025-03-14 08:00:00,82170.85
2025-03-14 12:00:00,83253.15
2025-03-14 16:00:00,84724.58
2025-03-14 20:00:00,84554
2025-03-15 00:00:00,83983.2
2025-03-15 04:00:00,84491.99
2025-03-15 08:00:00,83827.31
2025-03-15 12:00:00,84103.74
2025-03-15 16:00:00,84346.02
2025-03-15 20:00:00,84299.98
2025-03-16 00:00:00,84338.44
2025-03-16 04:00:00,84332.34
2025-03-16 08:00:00,84273.96
2025-03-16 12:00:00,82410.02
2025-03-16 16:00:00,83320.83
2025-03-16 20:00:00,83098.47
2025-03-17 00:00:00,82574.53
2025-03-17 04:00:00,83675.65
2025-03-17 08:00:00,83567.87
2025-03-17 12:00:00,83514.73
2025-03-17 16:00:00,83531.06
2025-03-17 20:00:00,84482.55
2025-03-18 00:00:00,84010.03
2025-03-18 04:00:00,83147.6
2025-03-18 08:00:00,83163.81
2025-03-18 12:00:00,82581.1
2025-03-18 16:00:00,81610.21
2025-03-18 20:00:00,82317.21
2025-03-19 00:00:00,82715.03
2025-03-19 04:00:00,83037.17
2025-03-19 08:00:00,83190
2025-03-19 12:00:00,83881.4
2025-03-19 16:00:00,84733.05
2025-03-19 20:00:00,85433.38
2025-03-20 00:00:00,86845.94
2025-03-20 04:00:00,85891.02
2025-03-20 08:00:00,85816.39
2025-03-20 12:00:00,85502.17
2025-03-20 16:00:00,84691.76
2025-03-20 20:00:00,84174.79
2025-03-21 00:00:00,84223.39
2025-03-21 04:00:00,84451.96
2025-03-21 08:00:00,83937.98
2025-03-21 12:00:00,84046.52
2025-03-21 16:00:00,83565.48
2025-03-21 20:00:00,83956.36
2025-03-22 00:00:00,84088.79
2025-03-22 04:00:00,84256.74
2025-03-22 08:00:00,84274.72
2025-03-22 12:00:00,84239.25
2025-03-22 16:00:00,84109.09
2025-03-22 20:00:00,84171.59
2025-03-23 00:00:00,83840.59
2025-03-23 04:00:00,84224.39
2025-03-23 08:00:00,84279.82
2025-03-23 12:00:00,84679.99
2025-03-23 16:00:00,85189.41
2025-03-23 20:00:00,85011.19
2025-03-24 00:00:00,86082.5
2025-03-24 04:00:00,86532.07
2025-03-24 08:00:00,86874.52
2025-03-24 12:00:00,87689.52
2025-03-24 16:00:00,88350.01
2025-03-24 20:00:00,88222
2025-03-25 00:00:00,87498.16
2025-03-25 04:00:00,86520.88
2025-03-25 08:00:00,86436.82
2025-03-25 12:00:00,87370.43
2025-03-25 16:00:00,87774.37
2025-03-25 20:00:00,88116.23
2025-03-26 00:00:00,87392.87
2025-03-26 04:00:00,87153.51
2025-03-26 08:00:00,88140.45
2025-03-26 12:00:00,87954.96
2025-03-26 16:00:00,86752.52
2025-03-26 20:00:00,86567.19
2025-03-27 00:00:00,86909.17
2025-03-27 04:00:00,87670.18
2025-03-27 08:00:00,87399.99
2025-03-27 12:00:00,86943.52
2025-03-27 16:00:00,86974.07
2025-03-27 20:00:00,87060.41
2025-03-28 00:00:00,87232.01
2025-03-28 04:00:00,86787.16
2025-03-28 08:00:00,85212.99
2025-03-28 12:00:00,85255.26
2025-03-28 16:00:00,84051.16
2025-03-28 20:00:00,83790.73
2025-03-29 00:00:00,84424.38
2025-03-29 04:00:00,84166.3
2025-03-29 08:00:00,83731.82
2025-03-29 12:00:00,82293.56
2025-03-29 16:00:00,82414.23
2025-03-29 20:00:00,82758.4
2025-03-30 00:00:00,82648.54
2025-03-30 04:00:00,83088.81
2025-03-30 08:00:00,83076.59
2025-03-30 12:00:00,83111.76
2025-03-30 16:00:00,82729.57
2025-03-30 20:00:00,82548.81
2025-03-31 00:00:00,82389.99
2025-03-31 04:00:00,81530
2025-03-31 08:00:00,81933.51
2025-03-31 12:00:00,82205.51
2025-03-31 16:00:00,83418.78
2025-03-31 20:00:00,82462.27
2025-04-01 00:00:00,82550.01
2025-04-01 04:00:00,82962.84
2025-04-01 08:00:00,83445.5
2025-04-01 12:00:00,83930.3
2025-04-01 16:00:00,85280.87
2025-04-01 20:00:00,84972.01
2025-04-02 00:00:00,85158.34
2025-04-02 04:00:00,84550
2025-04-02 08:00:00,84426.33
2025-04-02 12:00:00,84566.91
2025-04-02 16:00:00,86757.67
2025-04-02 20:00:00,86900.02
2025-04-03 00:00:00,82516.29
2025-04-03 04:00:00,83483.97
2025-04-03 08:00:00,83456.75
2025-04-03 12:00:00,83096.01
2025-04-03 16:00:00,82039.31
2025-04-03 20:00:00,82008.7
2025-04-04 00:00:00,83213.09
2025-04-04 04:00:00,82818.52
2025-04-04 08:00:00,83992.85
2025-04-04 12:00:00,82680.45
2025-04-04 16:00:00,82860
2025-04-04 20:00:00,84009.99
2025-04-05 00:00:00,83889.87
2025-04-05 04:00:00,83624.01
2025-04-05 08:00:00,83525.34
2025-04-05 12:00:00,83452.69
2025-04-05 16:00:00,82618.26
2025-04-05 20:00:00,82860
2025-04-06 00:00:00,83537.99
2025-04-06 04:00:00,83344.14
2025-04-06 08:00:00,83024.96
2025-04-06 12:00:00,82855.99
2025-04-06 16:00:00,82548.36
2025-04-06 20:00:00,79614.35
2025-04-07 00:00:00,78430
2025-04-07 04:00:00,77707.77
2025-04-07 08:00:00,75126.01
2025-04-07 12:00:00,76685.62
2025-04-07 16:00:00,78479.9
2025-04-07 20:00:00,78130.44
2025-04-08 00:00:00,79163.24
2025-04-08 04:00:00,79904
2025-04-08 08:00:00,79496
2025-04-08 12:00:00,79982
2025-04-08 16:00:00,78497.99
2025-04-08 20:00:00,76854.05
2025-04-09 00:00:00,76322.42
2025-04-09 04:00:00,75073.33
2025-04-09 08:00:00,77694.12
2025-04-09 12:00:00,76230.01
2025-04-09 16:00:00,77258
2025-04-09 20:00:00,82332.08
2025-04-10 00:00:00,82615.22
2025-04-10 04:00:00,81775.2
2025-04-10 08:00:00,81595.81
2025-04-10 12:00:00,81882.01
2025-04-10 16:00:00,78757
2025-04-10 20:00:00,79649.34
2025-04-11 00:00:00,79607.3
2025-04-11 04:00:00,80842.99
2025-04-11 08:00:00,81266.76
2025-04-11 12:00:00,82129.67
2025-04-11 16:00:00,82521.74
2025-04-11 20:00:00,83858.28
2025-04-12 00:00:00,83423.84
2025-04-12 04:00:00,82973.13
2025-04-12 08:00:00,83724.92
2025-04-12 12:00:00,83528.3
2025-04-12 16:00:00,85008.4
2025-04-12 20:00:00,84943.4
2025-04-13 00:00:00,85276.9
2025-04-13 04:00:00,85432.31
2025-04-13 08:00:00,84413.1
2025-04-13 12:00:00,84528.66
2025-04-13 16:00:00,83849.66
2025-04-13 20:00:00,83981.31
2025-04-14 00:00:00,83760
2025-04-14 04:00:00,84566.03
2025-04-14 08:00:00,84580.76
2025-04-14 12:00:00,84927.55
2025-04-14 16:00:00,84101.16
2025-04-14 20:00:00,84923.07
2025-04-15 00:00:00,84591.58
2025-04-15 04:00:00,85379.96
2025-04-15 08:00:00,85716.77
2025-04-15 12:00:00,85589.23
2025-04-15 16:00:00,84918.14
2025-04-15 20:00:00,83998.52
2025-04-16 00:00:00,83643.99
2025-04-16 04:00:00,83695.66
2025-04-16 08:00:00,83363.17
2025-04-16 12:00:00,84048.11
2025-04-16 16:00:00,84846.58
2025-04-16 20:00:00,84334.01
2025-04-17 00:00:00,84030.38
2025-04-17 04:00:00,83994.23
2025-04-17 08:00:00,84669.98
2025-04-17 12:00:00,84562
2025-04-17 16:00:00,84531.71
2025-04-17 20:00:00,84849.06
2025-04-18 00:00:00,84947.91
2025-04-18 04:00:00,84828
2025-04-18 08:00:00,84654.68
2025-04-18 12:00:00,84669.11
2025-04-18 16:00:00,84374.59
2025-04-18 20:00:00,84562.83
2025-04-19 00:00:00,84474.69
2025-04-19 04:00:00,84883.71
2025-04-19 08:00:00,85217.39
2025-04-19 12:00:00,85217.4
2025-04-19 16:00:00,85191.19
2025-04-19 20:00:00,85085.55
2025-04-20 00:00:00,85077.01
2025-04-20 04:00:00,85168.81
2025-04-20 08:00:00,84784.01
2025-04-20 12:00:00,84129.83
2025-04-20 16:00:00,84344.66
2025-04-20 20:00:00,84651.61
2025-04-21 00:00:00,85179.24
2025-04-21 04:00:00,87205.56
2025-04-21 08:00:00,87434.78
2025-04-21 12:00:00,86971.92
2025-04-21 16:00:00,88044.8
2025-04-21 20:00:00,87415.1
2025-04-22 00:00:00,87516.23
2025-04-22 04:00:00,88157.55
2025-04-22 08:00:00,88476.83
2025-04-22 12:00:00,88614.1
2025-04-22 16:00:00,90934.61
2025-04-22 20:00:00,91414.79
2025-04-23 00:00:00,93442.99
2025-04-23 04:00:00,93168.91
2025-04-23 08:00:00,94133.82
2025-04-23 12:00:00,93466.01
2025-04-23 16:00:00,93195.28
2025-04-23 20:00:00,93497.88
2025-04-24 00:00:00,93691.08
2025-04-24 04:00:00,92673.95
2025-04-24 08:00:00,92203.55
2025-04-24 12:00:00,92619.94
2025-04-24 16:00:00,93202.51
2025-04-24 20:00:00,93556.12
2025-04-25 00:00:00,93980.47
2025-04-25 04:00:00,93311.83
2025-04-25 08:00:00,93772.26
2025-04-25 12:00:00,94635.67
2025-04-25 16:00:00,95061.22
2025-04-25 20:00:00,95291
2025-04-26 00:00:00,94638.68
2025-04-26 04:00:00,94739.99
2025-04-26 08:00:00,94570.31
2025-04-26 12:00:00,94144.06
2025-04-26 16:00:00,94373.24
2025-04-26 20:00:00,94307.5
2025-04-27 00:00:00,94628
2025-04-27 04:00:00,94156.21
2025-04-27 08:00:00,94065.98
2025-04-27 12:00:00,93920.01
2025-04-27 16:00:00,93901.08
2025-04-27 20:00:00,94433.5
2025-04-28 00:00:00,93749.3
2025-04-28 04:00:00,93849.93
2025-04-28 08:00:00,94692.49
2025-04-28 12:00:00,95319.99
2025-04-28 16:00:00,93833.51
2025-04-28 20:00:00,94787.2
2025-04-29 00:00:00,95011.18
2025-04-29 04:00:00,94658.76
2025-04-29 08:00:00,94917.61
2025-04-29 12:00:00,95129.74
2025-04-29 16:00:00,94843.1
2025-04-29 20:00:00,95300.79
2025-04-30 00:00:00,94256.82
2025-04-30 04:00:00,95032.84
2025-04-30 08:00:00,94620.99
2025-04-30 12:00:00,95176.66
2025-04-30 16:00:00,94004.63
2025-04-30 20:00:00,94152.01
2025-05-01 00:00:00,94172
2025-05-01 04:00:00,94782.6
2025-05-01 08:00:00,95025.84
2025-05-01 12:00:00,96180.01
2025-05-01 16:00:00,96854.3
2025-05-01 20:00:00,96523.26
2025-05-02 00:00:00,96489.91
2025-05-02 04:00:00,97102.32
2025-05-02 08:00:00,96350
2025-05-02 12:00:00,96928.97
2025-05-02 16:00:00,97330.19
2025-05-02 20:00:00,96924.23
2025-05-03 00:00:00,96887.14
2025-05-03 04:00:00,96337.5
2025-05-03 08:00:00,96322.68
2025-05-03 12:00:00,95942.02
2025-05-03 16:00:00,96418.68
2025-05-03 20:00:00,96354.34
2025-05-04 00:00:00,95856.42
2025-05-04 04:00:00,95722.23
2025-05-04 08:00:00,95879.99
2025-05-04 12:00:00,95423.2
2025-05-04 16:00:00,95467.6
2025-05-04 20:00:00,95584.07
2025-05-05 00:00:00,94277.62
2025-05-05 04:00:00,94031.47
2025-05-05 08:00:00,94761.91
2025-05-05 12:00:00,94038.18
2025-05-05 16:00:00,93770.31
2025-05-05 20:00:00,94347.17
2025-05-06 00:00:00,94733.68
2025-05-06 04:00:00,94454.01
2025-05-06 08:00:00,94400.99
2025-05-06 12:00:00,93812.54
2025-05-06 16:00:00,94558.95
2025-05-06 20:00:00,94963.5
2025-05-07 00:00:00,96834.02
2025-05-07 04:00:00,96506.9
2025-05-07 08:00:00,96994.82
2025-05-07 12:00:00,97047.43
2025-05-07 16:00:00,96923.91
2025-05-07 20:00:00,96180.01
2025-05-08 00:00:00,97030.5
2025-05-08 04:00:00,99152.79
2025-05-08 08:00:00,99252.34
2025-05-08 12:00:00,99409.14
2025-05-08 16:00:00,100758.08
2025-05-08 20:00:00,101299.99
2025-05-09 00:00:00,103261.6
2025-05-09 04:00:00,102451.04
2025-05-09 08:00:00,103628.77
2025-05-09 12:00:00,102958.31
2025-05-09 16:00:00,102895.99
2025-05-09 20:00:00,103189.17
2025-05-10 00:00:00,102971.99
2025-05-10 04:00:00,103226.24
2025-05-10 08:00:00,103759.71
2025-05-10 12:00:00,103434.94
2025-05-10 16:00:00,103138.77
2025-05-10 20:00:00,103191.35
2025-05-11 00:00:00,104809.53
2025-05-11 04:00:00,104007.03
2025-05-11 08:00:00,103385.47
2025-05-11 12:00:00,104652.01
2025-05-11 16:00:00,104150
2025-05-11 20:00:00,104420
2025-05-12 00:00:00,104118
2025-05-12 04:00:00,104100.13
2025-05-12 08:00:00,104467.99
2025-05-12 12:00:00,103762.9
2025-05-12 16:00:00,102527.26
2025-05-12 20:00:00,101860
2025-05-13 00:00:00,102791.32
2025-05-13 04:00:00,101719.4
2025-05-13 08:00:00,102665.5
2025-05-13 12:00:00,103729.2
2025-05-13 16:00:00,103682.55
2025-05-13 20:00:00,104792.22
2025-05-14 00:00:00,104103.72
2025-05-14 04:00:00,103587.44
2025-05-14 08:00:00,103716.55
2025-05-14 12:00:00,103944.93
2025-05-14 16:00:00,103514.24
2025-05-14 20:00:00,103321.72
2025-05-15 00:00:00,103507.82
2025-05-15 04:00:00,102753.63
2025-05-15 08:00:00,101779.99
2025-05-15 12:00:00,102371.61
2025-05-15 16:00:00,103251.35
2025-05-15 20:00:00,103157.26
2025-05-16 00:00:00,103763.71
2025-05-16 04:00:00,104023.49
2025-05-16 08:00:00,103710.17
2025-05-16 12:00:00,103651.71
2025-05-16 16:00:00,104183.33
2025-05-16 20:00:00,104032.6
2025-05-17 00:00:00,103463.9
2025-05-17 04:00:00,103508.48
2025-05-17 08:00:00,103451.14
2025-05-17 12:00:00,102994.17
2025-05-17 16:00:00,102939.53
2025-05-17 20:00:00,103158.6
2025-05-18 00:00:00,103126.65
2025-05-18 04:00:00,103295.7
2025-05-18 08:00:00,103919.39
2025-05-18 12:00:00,103800.54
2025-05-18 16:00:00,105518
2025-05-18 20:00:00,103883.97
2025-05-19 00:00:00,106454.26
2025-05-19 04:00:00,103605.88
2025-05-19 08:00:00,103226.29
2025-05-19 12:00:00,102963.41
2025-05-19 16:00:00,104786.41
2025-05-19 20:00:00,105517.7
2025-05-20 00:00:00,105573.74
2025-05-20 04:00:00,105761.92
2025-05-20 08:00:00,105021.71
2025-05-20 12:00:00,105203.76
2025-05-20 16:00:00,105333.68
2025-05-20 20:00:00,107026.47
2025-05-21 00:00:00,106849.99
2025-05-21 04:00:00,106843.59
2025-05-21 08:00:00,106527.16
2025-05-21 12:00:00,106546.44
2025-05-21 16:00:00,108973.35
2025-05-21 20:00:00,108603.79
2025-05-22 00:00:00,109643.99
2025-05-22 04:00:00,111780.84
2025-05-22 08:00:00,111045.45
2025-05-22 12:00:00,110981.97
2025-05-22 16:00:00,111290.86
2025-05-22 20:00:00,111188
2025-05-23 00:00:00,111696.21
2025-05-23 04:00:00,111100.01
2025-05-23 08:00:00,110715.42
2025-05-23 12:00:00,109076.35
2025-05-23 16:00:00,108940
2025-05-23 20:00:00,108716.07
2025-05-24 00:00:00,107318.3
2025-05-24 04:00:00,108366.3
2025-05-24 08:00:00,107587.75
2025-05-24 12:00:00,109208.56
2025-05-24 16:00:00,108929.7
2025-05-24 20:00:00,108960
2025-05-25 00:00:00,107761.91
2025-05-25 04:00:00,108095.75
2025-05-25 08:00:00,107681.81
2025-05-25 12:00:00,107260
2025-05-25 16:00:00,106967.97
2025-05-25 20:00:00,107717.01
2025-05-26 00:00:00,109004.19
2025-05-26 04:00:00,109623.53
2025-05-26 08:00:00,110094.62
2025-05-26 12:00:00,109772.72
2025-05-26 16:00:00,110009.82
2025-05-26 20:00:00,109130.44
2025-05-27 00:00:00,109434.79
2025-05-27 04:00:00,108892.16
2025-05-27 08:00:00,109547.16
2025-05-27 12:00:00,109585.49
2025-05-27 16:00:00,110140.11
2025-05-27 20:00:00,109877.87
2025-05-28 00:00:00,108938.17
2025-05-28 04:00:00,108863.64
2025-05-28 08:00:00,108816.44
2025-05-28 12:00:00,108870.38
2025-05-28 16:00:00,107107.31
2025-05-28 20:00:00,106946.01
2025-05-29 00:00:00,107781.78
2025-05-29 04:00:00,108044.88
2025-05-29 08:00:00,107880.72
2025-05-29 12:00:00,108779.84
2025-05-29 16:00:00,107019.89
2025-05-29 20:00:00,105731.74
2025-05-30 00:00:00,105589.75
2025-05-30 04:00:00,106024.33
2025-05-30 08:00:00,105028.02
2025-05-30 12:00:00,105880.51
2025-05-30 16:00:00,105543
2025-05-30 20:00:00,104640.5
2025-05-31 00:00:00,103985.48
2025-05-31 04:00:00,103684.01
2025-05-31 08:00:00,103747.02
2025-05-31 12:00:00,103498.18
2025-05-31 16:00:00,104556.08
2025-05-31 20:00:00,104698.02
2025-06-01 00:00:00,104591.88
2025-06-01 04:00:00,104381.03
2025-06-01 08:00:00,104275.95
2025-06-01 12:00:00,104082.68
2025-06-01 16:00:00,104715.1
2025-06-01 20:00:00,105121.94
2025-06-02 00:00:00,105642.93
2025-06-02 04:00:00,104829.27
2025-06-02 08:00:00,105387.67
2025-06-02 12:00:00,104047.64
2025-06-02 16:00:00,104438.79
2025-06-02 20:00:00,104425.63
2025-06-03 00:00:00,105857.99
2025-06-03 04:00:00,105482.02
2025-06-03 08:00:00,105170.75
2025-06-03 12:00:00,105287.24
2025-06-03 16:00:00,106610.66
2025-06-03 20:00:00,106238.81
2025-06-04 00:00:00,105376.89
2025-06-04 04:00:00,105519.27
2025-06-04 08:00:00,105320.75
2025-06-04 12:00:00,105084.36
2025-06-04 16:00:00,105298.27
2025-06-04 20:00:00,104913.52
2025-06-05 00:00:00,104696.86
2025-06-05 04:00:00,105047.15
2025-06-05 08:00:00,104518.05
2025-06-05 12:00:00,104827.8
2025-06-05 16:00:00,104531.49
2025-06-05 20:00:00,101914.77
2025-06-06 00:00:00,101508.68
2025-06-06 04:00:00,102493.3
2025-06-06 08:00:00,103150.44
2025-06-06 12:00:00,103927.99
2025-06-06 16:00:00,105092.28
2025-06-06 20:00:00,104219.8
2025-06-07 00:00:00,104288.44
2025-06-07 04:00:00,104871.58
2025-06-07 08:00:00,104867.04
2025-06-07 12:00:00,105150.01
2025-06-07 16:00:00,105558.11
2025-06-07 20:00:00,105725.91
2025-06-08 00:00:00,105552.15
2025-06-08 04:00:00,105471.59
2025-06-08 08:00:00,105426.45
2025-06-08 12:00:00,105686.71
2025-06-08 16:00:00,105984.52
2025-06-08 20:00:00,106289.99
2025-06-09 00:00:00,105734
2025-06-09 04:00:00,105659.13
2025-06-09 08:00:00,105560.71
2025-06-09 12:00:00,107759.21
2025-06-09 16:00:00,107635.91
2025-06-09 20:00:00,108564.72
2025-06-10 00:00:00,110263.02
2025-06-10 04:00:00,109568.02
2025-06-10 08:00:00,109205.14
2025-06-10 12:00:00,109541.28
2025-06-10 16:00:00,109015.42
2025-06-10 20:00:00,109526.3
2025-06-11 00:00:00,110274.39
2025-06-11 04:00:00,109722.95
2025-06-11 08:00:00,109446.74
2025-06-11 12:00:00,109252.09
2025-06-11 16:00:00,109735.7
2025-06-11 20:00:00,108742.37
2025-06-12 00:00:00,108645.12
2025-06-12 04:00:00,107860.05
2025-06-12 08:00:00,107633.53
2025-06-12 12:00:00,106900.95
2025-06-12 16:00:00,107020.95
2025-06-12 20:00:00,106788.8
2025-06-13 00:00:00,105671.73
2025-06-13 04:00:00,104277.22
2025-06-13 08:00:00,104895
2025-06-13 12:00:00,105039.48
2025-06-13 16:00:00,105436.87
2025-06-13 20:00:00,105110
2025-06-14 00:00:00,106066.59
2025-06-14 04:00:00,105228.82
2025-06-14 08:00:00,105076.59
2025-06-14 12:00:00,105082.01
2025-06-14 16:00:00,104841.3
2025-06-14 20:00:00,104645.67
2025-06-15 00:00:00,105414.64
2025-06-15 04:00:00,105473.55
2025-06-15 08:00:00,105428
2025-06-15 12:00:00,104970.51
2025-06-15 16:00:00,105564
2025-06-15 20:00:00,105294.19
2025-06-16 00:00:00,105594.01
2025-06-16 04:00:00,105921.84
2025-06-16 08:00:00,107061.8
2025-06-16 12:00:00,106883.99
2025-06-16 16:00:00,107424.96
2025-06-16 20:00:00,108652
2025-06-17 00:00:00,106794.53
2025-06-17 04:00:00,107590.41
2025-06-17 08:00:00,106758.52
2025-06-17 12:00:00,105641.47
2025-06-17 16:00:00,104241.63
2025-06-17 20:00:00,104686.12
2025-06-18 00:00:00,104551.17
2025-06-18 04:00:00,105184.84
2025-06-18 08:00:00,104973.24
2025-06-18 12:00:00,104840.59
2025-06-18 16:00:00,104801.01
2025-06-18 20:00:00,103808.41
2025-06-19 00:00:00,104886.78
2025-06-19 04:00:00,105100.02
2025-06-19 08:00:00,104642.85
2025-06-19 12:00:00,104776.23
2025-06-19 16:00:00,104096.93
2025-06-19 20:00:00,104250.44
2025-06-20 00:00:00,104658.59
2025-06-20 04:00:00,104596.63
2025-06-20 08:00:00,105811.74
2025-06-20 12:00:00,105977.82
2025-06-20 16:00:00,104217.99
2025-06-20 20:00:00,103307.22
2025-06-21 00:00:00,103297.99
2025-06-21 04:00:00,103495.87
2025-06-21 08:00:00,103458.5
2025-06-21 12:00:00,103874.64
2025-06-21 16:00:00,103560.9
2025-06-21 20:00:00,102245.1
2025-06-22 00:00:00,102120.01
2025-06-22 04:00:00,102375.4
2025-06-22 08:00:00,102424.61
2025-06-22 12:00:00,102739.48
2025-06-22 16:00:00,98906.21
2025-06-22 20:00:00,98882.84
2025-06-23 00:00:00,100963.87
2025-06-23 04:00:00,101154.14
2025-06-23 08:00:00,101931.04
2025-06-23 12:00:00,101289.01
2025-06-23 16:00:00,101420.7
2025-06-23 20:00:00,103161.29
2025-06-24 00:00:00,105333.93
2025-06-24 04:00:00,104919.6
2025-06-24 08:00:00,104933.74
2025-06-24 12:00:00,105170
2025-06-24 16:00:00,105244.73
2025-06-24 20:00:00,105643.19
2025-06-25 00:00:00,106083
2025-06-25 04:00:00,106232.01
2025-06-25 08:00:00,106600.01
2025-06-25 12:00:00,107198.02
2025-06-25 16:00:00,107028
2025-06-25 20:00:00,107761.68
2025-06-26 00:00:00,107340.58
2025-06-26 04:00:00,107853.79
2025-06-26 08:00:00,107813.99
2025-06-26 12:00:00,107325.41
2025-06-26 16:00:00,107313.6
2025-06-26 20:00:00,107532.98
2025-06-27 00:00:00,106947.06
2025-06-27 04:00:00,107477.76
2025-06-27 08:00:00,106869.71
2025-06-27 12:00:00,106983.6
2025-06-27 16:00:00,107308.25
2025-06-27 20:00:00,106801.02
2025-06-28 00:00:00,107047.59
2025-06-28 04:00:00,107300.13
2025-06-28 08:00:00,107485
2025-06-28 12:00:00,107373.39
2025-06-28 16:00:00,107449.28
2025-06-28 20:00:00,107225.74
2025-06-29 00:00:00,107296.79
2025-06-29 04:00:00,107210.78
2025-06-29 08:00:00,107402.18
2025-06-29 12:00:00,108477.11
2025-06-29 16:00:00,107750.72
2025-06-29 20:00:00,107406.81
2025-06-30 00:00:00,108356.93
2025-06-30 04:00:00,108503.74
2025-06-30 08:00:00,107614.08
2025-06-30 12:00:00,107654.2
2025-06-30 16:00:00,107580.46
2025-06-30 20:00:00,107745.97
2025-07-01 00:00:00,107146.5
2025-07-01 04:00:00,107192.38
2025-07-01 08:00:00,107178.99
2025-07-01 12:00:00,106605.8
2025-07-01 16:00:00,105955.18
2025-07-01 20:00:00,105398.53
2025-07-02 00:00:00,105681.14
2025-07-02 04:00:00,106194.7
2025-07-02 08:00:00,107080
2025-07-02 12:00:00,107479.99
2025-07-02 16:00:00,108737.74
2025-07-02 20:00:00,109676.14
2025-07-03 00:00:00,108849.6
2025-07-03 04:00:00,108628.21
2025-07-03 08:00:00,109280
2025-07-03 12:00:00,109599.19
2025-07-03 16:00:00,109127.84
2025-07-03 20:00:00,109803.41
2025-07-04 00:00:00,109584.78
2025-07-04 04:00:00,109235.57
2025-07-04 08:00:00,108700
2025-07-04 12:00:00,108888
2025-07-04 16:00:00,107573.29
2025-07-04 20:00:00,107469.23
2025-07-05 00:00:00,107984.24
2025-07-05 04:00:00,108154.72
2025-07-05 08:00:00,108053.46
2025-07-05 12:00:00,108112.21
2025-07-05 16:00:00,108058
2025-07-05 20:00:00,108141.78
2025-07-06 00:00:00,108198.12
2025-07-06 04:00:00,108050.49
2025-07-06 08:00:00,108040.31
2025-07-06 12:00:00,108076.01
2025-07-06 16:00:00,108905.99
2025-07-06 20:00:00,108538.46
2025-07-07 00:00:00,109203.84
2025-07-07 04:00:00,109389.47
2025-07-07 08:00:00,109061.08
2025-07-07 12:00:00,108642.01
2025-07-07 16:00:00,108292.59
2025-07-07 20:00:00,108056.68
2025-07-08 00:00:00,108262.94
2025-07-08 04:00:00,107901.52
2025-07-08 08:00:00,108484.61
2025-07-08 12:00:00,108756.37
2025-07-08 16:00:00,108268.35
2025-07-08 20:00:00,108771.88
2025-07-09 00:00:00,108922.98
2025-07-09 04:00:00,108376.41
2025-07-09 08:00:00,108714.39
2025-07-09 12:00:00,109058.27
2025-07-09 16:00:00,109071.32
2025-07-09 20:00:00,111750
2025-07-10 00:00:00,111233.99
2025-07-10 04:00:00,111074.51
2025-07-10 08:00:00,111230
2025-07-10 12:00:00,111019.99
2025-07-10 16:00:00,111408.4
2025-07-10 20:00:00,113301.81
2025-07-11 00:00:00,116010
2025-07-11 04:00:00,116881.7
2025-07-11 08:00:00,117526.88
2025-07-11 12:00:00,117821.91
2025-07-11 16:00:00,116902.59
2025-07-11 20:00:00,118108.81
2025-07-12 00:00:00,117527.66
2025-07-12 04:00:00,117774.42
2025-07-12 08:00:00,117731.99
2025-07-12 12:00:00,117810
2025-07-12 16:00:00,117100.01
2025-07-12 20:00:00,117550.96
2025-07-13 00:00:00,117420
2025-07-13 04:00:00,117753.6
2025-07-13 08:00:00,117999
2025-07-13 12:00:00,118072.01
2025-07-13 16:00:00,118672.24
2025-07-13 20:00:00,118961.08
2025-07-14 00:00:00,119086.64
2025-07-14 04:00:00,120750.24
2025-07-14 08:00:00,122736.04
2025-07-14 12:00:00,121467.24
2025-07-14 16:00:00,119878.23
2025-07-14 20:00:00,119939.41
2025-07-15 00:00:00,119841.18
2025-07-15 04:00:00,117148.47
2025-07-15 08:00:00,116779.12
2025-07-15 12:00:00,117113.98
2025-07-15 16:00:00,116391.43
2025-07-15 20:00:00,116416.07
2025-07-16 00:00:00,117758.09
2025-07-16 04:00:00,117482.67
2025-07-16 08:00:00,118189.25
2025-07-16 12:00:00,118769.06
2025-07-16 16:00:00,119095.76
2025-07-16 20:00:00,119230.16
2025-07-17 00:00:00,118630.43
2025-07-17 04:00:00,118128.8
2025-07-17 08:00:00,118311.75
2025-07-17 12:00:00,117995
2025-07-17 16:00:00,118881.99
2025-07-17 20:00:00,118959.66
2025-07-18 00:00:00,119177.56
2025-07-18 04:00:00,120223.09
2025-07-18 08:00:00,119339.51
2025-07-18 12:00:00,119171.34
2025-07-18 16:00:00,117860.25
2025-07-18 20:00:00,117374.76
2025-07-19 00:00:00,117924.84
2025-07-19 04:00:00,118322.54
2025-07-19 08:00:00,118163.06
2025-07-19 12:00:00,118327.06
2025-07-19 16:00:00,118058.11
2025-07-19 20:00:00,118007.88
2025-07-20 00:00:00,117840
2025-07-20 04:00:00,117958.01
2025-07-20 08:00:00,118029.49
2025-07-20 12:00:00,117878.46
2025-07-20 16:00:00,118671.11
2025-07-20 20:00:00,118155.01
2025-07-21 00:00:00,117265.12
2025-07-21 04:00:00,118404
2025-07-21 08:00:00,119362.67
2025-07-21 12:00:00,118070.17
2025-07-21 16:00:00,118313.16
2025-07-21 20:00:00,116767.67
2025-07-22 00:00:00,117380.36
2025-07-22 04:00:00,117210
2025-07-22 08:00:00,117983.68
2025-07-22 12:00:00,119154.99
2025-07-22 16:00:00,118912.04
2025-07-22 20:00:00,119282.1
2025-07-23 00:00:00,119954.42
2025-07-23 04:00:00,118614.17
2025-07-23 08:00:00,118350.35
2025-07-23 12:00:00,118538.46
2025-07-23 16:00:00,118567.39
2025-07-23 20:00:00,118393.64
2025-07-24 00:00:00,118755.99
2025-07-24 04:00:00,118488.92
2025-07-24 08:00:00,118416.21
2025-07-24 12:00:00,118600
2025-07-24 16:00:00,119092.65
2025-07-24 20:00:00,118943.42
2025-07-25 00:00:00,118340.99
2025-07-25 04:00:00,115419.66
2025-07-25 08:00:00,115320.01
2025-07-25 12:00:00,116543.58
2025-07-25 16:00:00,115727.08
2025-07-25 20:00:00,116688.6
2025-07-26 00:00:00,117614.31
2025-07-26 04:00:00,117489.62
2025-07-26 08:00:00,117304.47
2025-07-26 12:00:00,117776.11
2025-07-26 16:00:00,118130.1
2025-07-26 20:00:00,118232.11
2025-07-27 00:00:00,117919.99
2025-07-27 04:00:00,118182.83
2025-07-27 08:00:00,118095.95
2025-07-27 12:00:00,118072.71
2025-07-27 16:00:00,118585.74
2025-07-27 20:00:00,118960
2025-07-28 00:00:00,119415.55
2025-07-28 04:00:00,119287.99
2025-07-28 08:00:00,118900
2025-07-28 12:00:00,118827.49
2025-07-28 16:00:00,118174.9
2025-07-28 20:00:00,118068.73
2025-07-29 00:00:00,118062.32
2025-07-29 04:00:00,118764.85
2025-07-29 08:00:00,118882.37
2025-07-29 12:00:00,118592.38
2025-07-29 16:00:00,117400.01
2025-07-29 20:00:00,117525.29
2025-07-30 00:00:00,117950.76
2025-07-30 04:00:00,118161.87
2025-07-30 08:00:00,118123.01
2025-07-30 12:00:00,117579.99
2025-07-30 16:00:00,118000.01
2025-07-30 20:00:00,116916.73
2025-07-31 00:00:00,117840.3
2025-07-31 04:00:00,118466.14
2025-07-31 08:00:00,118665.97
2025-07-31 12:00:00,118371.25
2025-07-31 16:00:00,118306.18
2025-07-31 20:00:00,116785.79
2025-08-01 00:00:00,115764.08
2025-08-01 04:00:00,115648.03
2025-08-01 08:00:00,115081.77
2025-08-01 12:00:00,115305.65
2025-08-01 16:00:00,115357.82
2025-08-01 20:00:00,113328.68
2025-08-02 00:00:00,113297.93
2025-08-02 04:00:00,113909.86
2025-08-02 08:00:00,113982.49
2025-08-02 12:00:00,113787.12
2025-08-02 16:00:00,112840.71
2025-08-02 20:00:00,112229.42
2025-08-03 00:00:00,112546.35
2025-08-03 04:00:00,113604.2
2025-08-03 08:00:00,113700
2025-08-03 12:00:00,113862.18
2025-08-03 16:00:00,113959.06
2025-08-03 20:00:00,114313.19
2025-08-04 00:00:00,114208.8
2025-08-04 04:00:00,114570.61
2025-08-04 08:00:00,114652.97
2025-08-04 12:00:00,114493.09
2025-08-04 16:00:00,114826
2025-08-04 20:00:00,114777.62
2025-08-05 00:00:00,115055.03
2025-08-05 04:00:00,114256.85
2025-08-05 08:00:00,113969.7
2025-08-05 12:00:00,114827.07
2025-08-05 16:00:00,112934
2025-08-05 20:00:00,113616.52
2025-08-06 00:00:00,114129.75
2025-08-06 04:00:00,113509.97
2025-08-06 08:00:00,114227.91
2025-08-06 12:00:00,114226.69
2025-08-06 16:00:00,115413.87
2025-08-06 20:00:00,115259.99
2025-08-07 00:00:00,114992.27
2025-08-07 04:00:00,114546.03
2025-08-07 08:00:00,114787.99
2025-08-07 12:00:00,116519.53
2025-08-07 16:00:00,116689.81
2025-08-07 20:00:00,117461.98
2025-08-08 00:00:00,117472.01
2025-08-08 04:00:00,116737.35
2025-08-08 08:00:00,116817.19
2025-08-08 12:00:00,116891.51
2025-08-08 16:00:00,116207.69
2025-08-08 20:00:00,116453.41
2025-08-09 00:00:00,116674.74
2025-08-09 04:00:00,116384.01
2025-08-09 08:00:00,116756.01
2025-08-09 12:00:00,117110
2025-08-09 16:00:00,116892.47
2025-08-09 20:00:00,116535.69
2025-08-10 00:00:00,116462.25
2025-08-10 04:00:00,118500
2025-08-10 08:00:00,117808.3
2025-08-10 12:00:00,118330.58
2025-08-10 16:00:00,118815
2025-08-10 20:00:00,118663.08
2025-08-11 00:00:00,119294.01
2025-08-11 04:00:00,121728.99
2025-08-11 08:00:00,121537.15
2025-08-11 12:00:00,120561.54
2025-08-11 16:00:00,120314.4
2025-08-11 20:00:00,119089.3
2025-08-12 00:00:00,118686
2025-08-12 04:00:00,118857.7
2025-08-12 08:00:00,118986.72
2025-08-12 12:00:00,118522.22
2025-08-12 16:00:00,119933
2025-08-12 20:00:00,119665.27
2025-08-13 00:00:00,120134.08
2025-08-13 04:00:00,119482.01
2025-08-13 08:00:00,119580.4
2025-08-13 12:00:00,120570.41
2025-08-13 16:00:00,120920.62
2025-08-13 20:00:00,122744.21
2025-08-14 00:00:00,123306.43
2025-08-14 04:00:00,123337.14
2025-08-14 08:00:00,121725.31
2025-08-14 12:00:00,120949.67
2025-08-14 16:00:00,118257.25
2025-08-14 20:00:00,117945.92
2025-08-15 00:00:00,118295.09
2025-08-15 04:00:00,118968.91
2025-08-15 08:00:00,118956.45
2025-08-15 12:00:00,119006.01
2025-08-15 16:00:00,117275.22
2025-08-15 20:00:00,116936.27
2025-08-16 00:00:00,117342.05
2025-08-16 04:00:00,117429.63
2025-08-16 08:00:00,117596.07
2025-08-16 12:00:00,117378.52
2025-08-16 16:00:00,117676.7
2025-08-16 20:00:00,117672.12
2025-08-17 00:00:00,117380.66
2025-08-17 04:00:00,117684.95
2025-08-17 08:00:00,118005.98
2025-08-17 12:00:00,118308.01
2025-08-17 16:00:00,118246.16
2025-08-17 20:00:00,117570.07
2025-08-18 00:00:00,117405.01
2025-08-18 04:00:00,115319
2025-08-18 08:00:00,115205.98
2025-08-18 12:00:00,114947.27
2025-08-18 16:00:00,116145.34
2025-08-18 20:00:00,116313.99
2025-08-19 00:00:00,116227.05
2025-08-19 04:00:00,114810
2025-08-19 08:00:00,114978.14
2025-08-19 12:00:00,115508.71
2025-08-19 16:00:00,113786.38
2025-08-19 20:00:00,113132.48
2025-08-20 00:00:00,112872.94
2025-08-20 04:00:00,113525.91
2025-08-20 08:00:00,113490.13
2025-08-20 12:00:00,113666.68
2025-08-20 16:00:00,113353.94
2025-08-20 20:00:00,114276.66
2025-08-21 00:00:00,114271.24
2025-08-21 04:00:00,113954.62
2025-08-21 08:00:00,113896.03
2025-08-21 12:00:00,113148.66
2025-08-21 16:00:00,112792.08
2025-08-21 20:00:00,112193.71
2025-08-22 00:00:00,112500
2025-08-22 04:00:00,112929.24
2025-08-22 08:00:00,113094.83
2025-08-22 12:00:00,112320
2025-08-22 16:00:00,116370.75
2025-08-22 20:00:00,116655.79
2025-08-23 00:00:00,116935.99
2025-08-23 04:00:00,115568.77
2025-08-23 08:00:00,115799.47
2025-08-23 12:00:00,115310.13
2025-08-23 16:00:00,114812.87
2025-08-23 20:00:00,115133.91
2025-08-24 00:00:00,115438.05
2025-08-24 04:00:00,115036
2025-08-24 08:00:00,114888.19
2025-08-24 12:00:00,114730.22
2025-08-24 16:00:00,114400
2025-08-24 20:00:00,112600
2025-08-25 00:00:00,113493.59
2025-08-25 04:00:00,112916.84
2025-08-25 08:00:00,111511.55
2025-08-25 12:00:00,111214.97
2025-08-25 16:00:00,112200.64
2025-08-25 20:00:00,110716.13
2025-08-26 00:00:00,110111.98
2025-08-26 04:00:00,109879.56
2025-08-26 08:00:00,110303.2
2025-08-26 12:00:00,109876.52
2025-08-26 16:00:00,109666.33
2025-08-26 20:00:00,111116.03
2025-08-27 00:00:00,111763.22
2025-08-27 04:00:00,111418.15
2025-08-27 08:00:00,110725.18
2025-08-27 12:00:00,111322.07
2025-08-27 16:00:00,112000
2025-08-27 20:00:00,112080.69
2025-08-28 00:00:00,111262.01
2025-08-28 04:00:00,112000.01
2025-08-28 08:00:00,113114.11
2025-08-28 12:00:00,112909.18
2025-08-28 16:00:00,112678.53
2025-08-28 20:00:00,111901.36
2025-08-29 00:00:00,112566.9
2025-08-29 04:00:00,111704.23
2025-08-29 08:00:00,110019.38
2025-08-29 12:00:00,110098.81
2025-08-29 16:00:00,108386.23
2025-08-29 20:00:00,108212.01
2025-08-30 00:00:00,108377.4
2025-08-30 04:00:00,108436.2
2025-08-30 08:00:00,108524.26
2025-08-30 12:00:00,108680.01
2025-08-30 16:00:00,108869.98
2025-08-30 20:00:00,108828.33
2025-08-31 00:00:00,108816.33
2025-08-31 04:00:00,109223.84
2025-08-31 08:00:00,108708.26
2025-08-31 12:00:00,108389.76
2025-08-31 16:00:00,108818.69
2025-08-31 20:00:00,108930
2025-09-01 00:00:00,108246.35
2025-09-01 04:00:00,107660.01
2025-09-01 08:00:00,109432.99
2025-09-01 12:00:00,108782.88
2025-09-01 16:00:00,108784.33
2025-09-01 20:00:00,109217.64
2025-09-02 00:00:00,109237.42
2025-09-02 04:00:00,110322.18
2025-09-02 08:00:00,110233.92
2025-09-02 12:00:00,109733.34
2025-09-02 16:00:00,110829.17
2025-09-02 20:00:00,110806
2025-09-03 00:00:00,111240.01
2025-09-03 04:00:00,111054.01
2025-09-03 08:00:00,111099.88
2025-09-03 12:00:00,111437.77
2025-09-03 16:00:00,112222.74
2025-09-03 20:00:00,112193.74
2025-09-04 00:00:00,111705.71
2025-09-04 04:00:00,111148.97
2025-09-04 08:00:00,110463.36
2025-09-04 12:00:00,110810
2025-09-04 16:00:00,109510.31
2025-09-04 20:00:00,109799.99
2025-09-05 00:00:00,110730.87
2025-09-05 04:00:00,111311.77
2025-09-05 08:00:00,112954.32
2025-09-05 12:00:00,112354
2025-09-05 16:00:00,110716.82
2025-09-05 20:00:00,111614.54
2025-09-06 00:00:00,110659.99
2025-09-06 04:00:00,111082.22
2025-09-06 08:00:00,110825.6
2025-09-06 12:00:00,110781.02
2025-09-06 16:00:00,110384.15
2025-09-06 20:00:00,110038.41
2025-09-07 00:00:00,110187.97
2025-09-07 04:00:00,110629.15
2025-09-07 08:00:00,110753.42
2025-09-07 12:00:00,111292.13
2025-09-07 16:00:00,111329.99
2025-09-07 20:00:00,111259.99
2025-09-08 00:00:00,111137.34
2025-09-08 04:00:00,111052.11
2025-09-08 08:00:00,111280.39
2025-09-08 12:00:00,112052.43
2025-09-08 16:00:00,112631.75
2025-09-08 20:00:00,112097.31
2025-09-09 00:00:00,112065.23
2025-09-09 04:00:00,111708
2025-09-09 08:00:00,112991.11
2025-09-09 12:00:00,112433.59
2025-09-09 16:00:00,110880.76
2025-09-09 20:00:00,111301.53
2025-09-10 00:00:00,111546.39
2025-09-10 04:00:00,111545.88
2025-09-10 08:00:00,112553.65
2025-09-10 12:00:00,112299.99
2025-09-10 16:00:00,113853.99
2025-09-10 20:00:00,113574.52
2025-09-11 00:00:00,113960
2025-09-11 04:00:00,114400.01
2025-09-11 08:00:00,114083.58
2025-09-11 12:00:00,113999.99
2025-09-11 16:00:00,114180.31
2025-09-11 20:00:00,114419.99
2025-09-12 00:00:00,115482.69
2025-09-12 04:00:00,115194.14
2025-09-12 08:00:00,115086.7
2025-09-12 12:00:00,114913.45
2025-09-12 16:00:00,115121.18
2025-09-12 20:00:00,116632.51
2025-09-13 00:00:00,116029.42
2025-09-13 04:00:00,115957
2025-09-13 08:00:00,115778.71
2025-09-13 12:00:00,115974.11
2025-09-13 16:00:00,115768.68
2025-09-13 20:00:00,115797.12
2025-09-14 00:00:00,115918.29
2025-09-14 04:00:00,115679.98
2025-09-14 08:00:00,115805.39
2025-09-14 12:00:00,115794.91
2025-09-14 16:00:00,115224.01
2025-09-14 20:00:00,115634.99
2025-09-15 00:00:00,115268.01
2025-09-15 04:00:00,115445.45
2025-09-15 08:00:00,115806.62
2025-09-15 12:00:00,115070
2025-09-15 16:00:00,114842.9
2025-09-15 20:00:00,115307.78
2025-09-16 00:00:00,115349.71
2025-09-16 04:00:00,115307.25
2025-09-16 08:00:00,115840
2025-09-16 12:00:00,115287.83
2025-09-16 16:00:00,115905.88
2025-09-16 20:00:00,116800.12
2025-09-17 00:00:00,116788.96
2025-09-17 04:00:00,116372.04
2025-09-17 08:00:00,117162.48
2025-09-17 12:00:00,116258.13
2025-09-17 16:00:00,115875.32
2025-09-17 20:00:00,115652.02
2025-09-18 00:00:00,116447.59
2025-09-18 04:00:00,117581.66
2025-09-18 08:00:00,117086.01
2025-09-18 12:00:00,117063.4
2025-09-18 16:00:00,117583.56
2025-09-18 20:00:00,117450.21
2025-09-19 00:00:00,117073.53
2025-09-19 04:00:00,116977.58
2025-09-19 08:00:00,116909.97
2025-09-19 12:00:00,116394.72
2025-09-19 16:00:00,115884.03
2025-09-19 20:00:00,115125.12
2025-09-20 00:00:00,115632.38
2025-09-20 04:00:00,115445
2025-09-20 08:00:00,115968.56
2025-09-20 12:00:00,115894.06
2025-09-20 16:00:00,115986.69
2025-09-20 20:00:00,115702
2025-09-21 00:00:00,115685.63
2025-09-21 04:00:00,115669.41
2025-09-21 08:00:00,115815.97
2025-09-21 12:00:00,115603.45
2025-09-21 16:00:00,115531.61
2025-09-21 20:00:00,115480.05
2025-09-22 00:00:00,115232.29
2025-09-22 04:00:00,114649.89
2025-09-22 08:00:00,112519.99
2025-09-22 12:00:00,112876.97
2025-09-22 16:00:00,112815.5
2025-09-22 20:00:00,112122.9
2025-09-23 00:00:00,112650.99
2025-09-23 04:00:00,112339.99
2025-09-23 08:00:00,113090.13
2025-09-23 12:00:00,112975.99
2025-09-23 16:00:00,112882.19
2025-09-23 20:00:00,111655.29
2025-09-24 00:00:00,111998.8
2025-09-24 04:00:00,111683.09
2025-09-24 08:00:00,112583.54
2025-09-24 12:00:00,113029.46
2025-09-24 16:00:00,113346.41
2025-09-24 20:00:00,113420.01
2025-09-25 00:00:00,113307
2025-09-25 04:00:00,112546.21
2025-09-25 08:00:00,111766.72
2025-09-25 12:00:00,111348
2025-09-25 16:00:00,111580.77
2025-09-25 20:00:00,109360
2025-09-26 00:00:00,108994.49
2025-09-26 04:00:00,109580.01
2025-09-26 08:00:00,109320.02
2025-09-26 12:00:00,109133.5
2025-09-26 16:00:00,109027.78
2025-09-26 20:00:00,109172.2
2025-09-27 00:00:00,109643.46
2025-09-27 04:00:00,109553.77
2025-09-27 08:00:00,109411.2
2025-09-27 12:00:00,109310.21
2025-09-27 16:00:00,109402.24
2025-09-27 20:00:00,109424.2
2025-09-28 00:00:00,109635.85
2025-09-28 04:00:00,109436
2025-09-28 08:00:00,109513.06
2025-09-28 12:00:00,109369.02
2025-09-28 16:00:00,110037.93
2025-09-28 20:00:00,110337.6
2025-09-29 00:00:00,112163.95
2025-09-29 04:00:00,111857.51
2025-09-29 08:00:00,111865.95
2025-09-29 12:00:00,112100
2025-09-29 16:00:00,113815.57
2025-09-29 20:00:00,114265.55
2025-09-30 00:00:00,114311.96
2025-09-30 04:00:00,114376.39
2025-09-30 08:00:00,113699.23
2025-09-30 12:00:00,113055.01
2025-09-30 16:00:00,113106.16
2025-09-30 20:00:00,114359.99
2025-10-01 00:00:00,114048.93
2025-10-01 04:00:00,114176.92
2025-10-01 08:00:00,114539.02
2025-10-01 12:00:00,116789.58
2025-10-01 16:00:00,117423.73
2025-10-01 20:00:00,117439.53
2025-10-02 00:00:00,118594.99
2025-10-02 04:00:00,118733.99
2025-10-02 08:00:00,118489.76
2025-10-02 12:00:00,118765.73
2025-10-02 16:00:00,119910.78
2025-10-02 20:00:00,120836.49
2025-10-03 00:00:00,120529.35
2025-10-03 04:00:00,120225.89
2025-10-03 08:00:00,119640.21
2025-10-03 12:00:00,120334.5
2025-10-03 16:00:00,122258.05
2025-10-03 20:00:00,122660.99
2025-10-04 00:00:00,122232
2025-10-04 04:00:00,122243.99
2025-10-04 08:00:00,122324.08
2025-10-04 12:00:00,121973.26
2025-10-04 16:00:00,121791.31
2025-10-04 20:00:00,121959.25
2025-10-05 00:00:00,122391
2025-10-05 04:00:00,123776.22
2025-10-05 08:00:00,124713.63
2025-10-05 12:00:00,123464.64
2025-10-05 16:00:00,122803.17
2025-10-05 20:00:00,122591.79
2025-10-06 00:00:00,123482.31
2025-10-06 04:00:00,123839.09
2025-10-06 08:00:00,123390.47
2025-10-06 12:00:00,124215
2025-10-06 16:00:00,125000
2025-10-06 20:00:00,125410.81
2025-10-07 00:00:00,124658.54
2025-10-07 04:00:00,124329.74
2025-10-07 08:00:00,123667.99
2025-10-07 12:00:00,124453.38
2025-10-07 16:00:00,121846.01
2025-10-07 20:00:00,121637.17
2025-10-08 00:00:00,121332.95
2025-10-08 04:00:00,121374.75
2025-10-08 08:00:00,121597.06
2025-10-08 12:00:00,122884.14
2025-10-08 16:00:00,122189.72
2025-10-08 20:00:00,123450
2025-10-09 00:00:00,123306
2025-10-09 04:00:00,122038.01
2025-10-09 08:00:00,121906.1
2025-10-09 12:00:00,122737.57
2025-10-09 16:00:00,121147.14
2025-10-09 20:00:00,120951.72
2025-10-10 00:00:00,121662.4
2025-10-10 04:00:00,121026.01
2025-10-10 08:00:00,120932.05
2025-10-10 12:00:00,121554.55
2025-10-10 16:00:00,119018.98
2025-10-10 20:00:00,116661.5
2025-10-11 00:00:00,112774.5
2025-10-11 04:00:00,112300.01
2025-10-11 08:00:00,110384.61
2025-10-11 12:00:00,112280
2025-10-11 16:00:00,111793.2
2025-10-11 20:00:00,111178.31
2025-10-12 00:00:00,110644.4
2025-10-12 04:00:00,110676
2025-10-12 08:00:00,111525.2
2025-10-12 12:00:00,111848.36
2025-10-12 16:00:00,113198.2
2025-10-12 20:00:00,114342.28
2025-10-13 00:00:00,114958.8
2025-10-13 04:00:00,114821.12
2025-10-13 08:00:00,115399.67
2025-10-13 12:00:00,114180
2025-10-13 16:00:00,114312.1
2025-10-13 20:00:00,115792.84
2025-10-14 00:00:00,115166
2025-10-14 04:00:00,113500
2025-10-14 08:00:00,111724.41
2025-10-14 12:00:00,111313.98
2025-10-14 16:00:00,112900.43
2025-10-14 20:00:00,112613.7
2025-10-15 00:00:00,113028.14
2025-10-15 04:00:00,112024.29
2025-10-15 08:00:00,112584.5
2025-10-15 12:00:00,111905.73
2025-10-15 16:00:00,110798.01
2025-10-15 20:00:00,111271.73
2025-10-16 00:00:00,110763.28
2025-10-16 04:00:00,111329.48
2025-10-16 08:00:00,110584.2
2025-10-16 12:00:00,111404.72
2025-10-16 16:00:00,108549.21
2025-10-16 20:00:00,108197.66
2025-10-17 00:00:00,108194.28
2025-10-17 04:00:00,109176.74
2025-10-17 08:00:00,105633.75
2025-10-17 12:00:00,105683.72
2025-10-17 16:00:00,106803.53
2025-10-17 20:00:00,106454.72
2025-10-18 00:00:00,106431.68
2025-10-18 04:00:00,107070.4
2025-10-18 08:00:00,106665
2025-10-18 12:00:00,107208.6
2025-10-18 16:00:00,106948.75
2025-10-18 20:00:00,107080.14
2025-10-19 00:00:00,107185.01
2025-10-19 04:00:00,107275.78
2025-10-19 08:00:00,106786
2025-10-19 12:00:00,107783.47
2025-10-19 16:00:00,108486.7
2025-10-19 20:00:00,108908.43
2025-10-20 00:00:00,108642.78
2025-10-20 04:00:00,110145.44
2025-10-20 08:00:00,111169.92
2025-10-20 12:00:00,111016.75
2025-10-20 16:00:00,111144.55
2025-10-20 20:00:00,110803.22
2025-10-21 00:00:00,110532.09
2025-10-21 04:00:00,109059.22
2025-10-21 08:00:00,108086.37
2025-10-21 12:00:00,108580.01
2025-10-21 16:00:00,113422.61
2025-10-21 20:00:00,111780.39
2025-10-22 00:00:00,108297.67
2025-10-22 04:00:00,108216.02
2025-10-22 08:00:00,108321.63
2025-10-22 12:00:00,107555.05
2025-10-22 16:00:00,108416.5
2025-10-22 20:00:00,107870.35
2025-10-23 00:00:00,107567.44
2025-10-23 04:00:00,108377.96
2025-10-23 08:00:00,109269.9
2025-10-23 12:00:00,109253.89
2025-10-23 16:00:00,109908.28
2025-10-23 20:00:00,110200
2025-10-24 00:00:00,110078.18
2025-10-24 04:00:00,110441.46
2025-10-24 08:00:00,111054.61
2025-10-24 12:00:00,111066.29
2025-10-24 16:00:00,110046.91
2025-10-24 20:00:00,110615.07
2025-10-25 00:00:00,111004.89
2025-10-25 04:00:00,111029.99
2025-10-25 08:00:00,111489.6
2025-10-25 12:00:00,111563.81
2025-10-25 16:00:00,111385.18
2025-10-25 20:00:00,111623.45
2025-10-26 00:00:00,111646.27
2025-10-26 04:00:00,111260.46
2025-10-26 08:00:00,111723.98
2025-10-26 12:00:00,113286.09
2025-10-26 16:00:00,113694.97
2025-10-26 20:00:00,113585.99
2025-10-27 00:00:00,114559.4
2025-10-27 04:00:00,114958.51
2025-10-27 08:00:00,115554.6
2025-10-27 12:00:00,115362.02
2025-10-27 16:00:00,114969.68
2025-10-27 20:00:00,114942.64
2025-10-28 00:00:00,114107.65
2025-10-28 04:00:00,113908.24
2025-10-28 08:00:00,114188.37
2025-10-28 12:00:00,114357.73
2025-10-28 16:00:00,114641.38
2025-10-28 20:00:00,113689.99
2025-10-29 00:00:00,112898.45
2025-10-29 04:00:00,112523.49
2025-10-29 08:00:00,113577.9
2025-10-29 12:00:00,113132.36
2025-10-29 16:00:00,111509.74
2025-10-29 20:00:00,110640
2025-10-30 00:00:00,110021.29
2025-10-30 04:00:00,110751.47
2025-10-30 08:00:00,111366.72
2025-10-30 12:00:00,109717.29
2025-10-30 16:00:00,107711.56
2025-10-30 20:00:00,106536.39
2025-10-31 00:00:00,108322.88
2025-10-31 04:00:00,109227.86
2025-10-31 08:00:00,109449.31
2025-10-31 12:00:00,110415.61
2025-10-31 16:00:00,110202.9
2025-10-31 20:00:00,109828.78
2025-11-01 00:00:00,109608.01
2025-11-01 04:00:00,110226.37
2025-11-01 08:00:00,110071.4
2025-11-01 12:00:00,110137.59
2025-11-01 16:00:00,110310.65
2025-11-01 20:00:00,110299.99
2025-11-02 00:00:00,110098.1
2025-11-02 04:00:00,110053.23
2025-11-02 08:00:00,110895.53
2025-11-02 12:00:00,111196.99
2025-11-02 16:00:00,110117.48
2025-11-02 20:00:00,110180.84
2025-11-03 00:00:00,110540.68
2025-11-03 04:00:00,107937.45
2025-11-03 08:00:00,107468.23
2025-11-03 12:00:00,107787.42
2025-11-03 16:00:00,105745.71
2025-11-03 20:00:00,107090
2025-11-04 00:00:00,106583.04
2025-11-04 04:00:00,107158.79
2025-11-04 08:00:00,104490.72
2025-11-04 12:00:00,104584.76
2025-11-04 16:00:00,103197.01
2025-11-04 20:00:00,100542.64
2025-11-05 00:00:00,101497.22
2025-11-05 04:00:00,102130
2025-11-05 08:00:00,101993.02
2025-11-05 12:00:00,102070.61
2025-11-05 16:00:00,103728.3
2025-11-05 20:00:00,104008.09
2025-11-06 00:00:00,103885.16
2025-11-06 04:00:00,103636.03
2025-11-06 08:00:00,103185.48
2025-11-06 12:00:00,103227.58
2025-11-06 16:00:00,102014.48
2025-11-06 20:00:00,101388.81
2025-11-07 00:00:00,101346.04
2025-11-07 04:00:00,101916.29
2025-11-07 08:00:00,102010
2025-11-07 12:00:00,100411.89
2025-11-07 16:00:00,100797.95
2025-11-07 20:00:00,103395.25
2025-11-08 00:00:00,103339.08
2025-11-08 04:00:00,102592.76
2025-11-08 08:00:00,102352.96
2025-11-08 12:00:00,101857.1
2025-11-08 16:00:00,101711.45
2025-11-08 20:00:00,101989.65
2025-11-09 00:00:00,102312.94
2025-11-09 04:00:00,101662.05
2025-11-09 08:00:00,101944.59
2025-11-09 12:00:00,102239.41
2025-11-09 16:00:00,103762.17
2025-11-09 20:00:00,104805.57
2025-11-10 00:00:00,104722.96
2025-11-10 04:00:00,106027.97
2025-11-10 08:00:00,106461.45
2025-11-10 12:00:00,106176.5
2025-11-10 16:00:00,105079.99
2025-11-10 20:00:00,105817.99
2025-11-11 00:00:00,106011.13
2025-11-11 04:00:00,106456
2025-11-11 08:00:00,104783.98
2025-11-11 12:00:00,105311.9
2025-11-11 16:00:00,103455.99
2025-11-11 20:00:00,103126.39
2025-11-12 00:00:00,103058.99
2025-11-12 04:00:00,103310
2025-11-12 08:00:00,103112.66
2025-11-12 12:00:00,105020.83
2025-11-12 16:00:00,102173.51
2025-11-12 20:00:00,101297.31
2025-11-13 00:00:00,101654.37
2025-11-13 04:00:00,102130.21
2025-11-13 08:00:00,103475.66
2025-11-13 12:00:00,102936.5
2025-11-13 16:00:00,101382.64
2025-11-13 20:00:00,98682.14
2025-11-14 00:00:00,99692.02
2025-11-14 04:00:00,99139.38
2025-11-14 08:00:00,97151.98
2025-11-14 12:00:00,96167.44
2025-11-14 16:00:00,96796.14
2025-11-14 20:00:00,95778.29
2025-11-15 00:00:00,94594
2025-11-15 04:00:00,96417.12
2025-11-15 08:00:00,96333.86
2025-11-15 12:00:00,95696.87
2025-11-15 16:00:00,96260
2025-11-15 20:00:00,96012.01
2025-11-16 00:00:00,95596.24
2025-11-16 04:00:00,95825.02
2025-11-16 08:00:00,96099.99
2025-11-16 12:00:00,95627.13
2025-11-16 16:00:00,94573.46
2025-11-16 20:00:00,94020
2025-11-17 00:00:00,94261.44
2025-11-17 04:00:00,95496.77
2025-11-17 08:00:00,95653.77
2025-11-17 12:00:00,95565.38
2025-11-17 16:00:00,93959.67
2025-11-17 20:00:00,91678.93
2025-11-18 00:00:00,92215.14
2025-11-18 04:00:00,90842.72
2025-11-18 08:00:00,90512.1
2025-11-18 12:00:00,91517.82
2025-11-18 16:00:00,92910.1
2025-11-18 20:00:00,93195.61
2025-11-19 00:00:00,92960.83
2025-11-19 04:00:00,91874.52
2025-11-19 08:00:00,91863.64
2025-11-19 12:00:00,91410.22
2025-11-19 16:00:00,89951.7
2025-11-19 20:00:00,88884.56
2025-11-20 00:00:00,91554.96
2025-11-20 04:00:00,92440.32
2025-11-20 08:00:00,92320.18
2025-11-20 12:00:00,91934
2025-11-20 16:00:00,89869.88
2025-11-20 20:00:00,86921.28
2025-11-21 00:00:00,86637.23
2025-11-21 04:00:00,85821.34
2025-11-21 08:00:00,84049.39
2025-11-21 12:00:00,82309.66
2025-11-21 16:00:00,82932.47
2025-11-21 20:00:00,84209.3
2025-11-22 00:00:00,85129.43
2025-11-22 04:00:00,84440.47
2025-11-22 08:00:00,84580.06
2025-11-22 12:00:00,84098.94
2025-11-22 16:00:00,84284.01
2025-11-22 20:00:00,84609.76
2025-11-23 00:00:00,84739.74
2025-11-23 04:00:00,86308.54
2025-11-23 08:00:00,85782.19
2025-11-23 12:00:00,86331.28
2025-11-23 16:00:00,87087.44
2025-11-23 20:00:00,87325.01
2025-11-24 00:00:00,86830
2025-11-24 04:00:00,87460.02
2025-11-24 08:00:00,87050.39
2025-11-24 12:00:00,86264.72
2025-11-24 16:00:00,86616.44
2025-11-24 20:00:00,88327.29
2025-11-25 00:00:00,88300.01
2025-11-25 04:00:00,87822.12
2025-11-25 08:00:00,87384.81
2025-11-25 12:00:00,87361.71
2025-11-25 16:00:00,86988.94
2025-11-25 20:00:00,86882.85
2025-11-26 00:00:00,87369.96
2025-11-26 04:00:00,87119.92
2025-11-26 08:00:00,87935.05
2025-11-26 12:00:00,87095.79
2025-11-26 16:00:00,86978
2025-11-26 20:00:00,89957.36
2025-11-27 00:00:00,90484.02
2025-11-27 04:00:00,91091.68
2025-11-27 08:00:00,91408.34
2025-11-27 12:00:00,91371.88
2025-11-27 16:00:00,90958.3
2025-11-27 20:00:00,91528.21
2025-11-28 00:00:00,91333.95
2025-11-28 04:00:00,91208.85
2025-11-28 08:00:00,90910.87
2025-11-28 12:00:00,91437.64
2025-11-28 16:00:00,92362.49
2025-11-28 20:00:00,91157.44
2025-11-29 00:00:00,90890.7
2025-11-29 04:00:00,90680.26
2025-11-29 08:00:00,90567.67
2025-11-29 12:00:00,90673.19
2025-11-29 16:00:00,91063.5
2025-11-29 20:00:00,90640.78
2025-11-30 00:00:00,90802.44
2025-11-30 04:00:00,90909.35
2025-11-30 08:00:00,90968.16
2025-11-30 12:00:00,91048.78
2025-11-30 16:00:00,91435.31
2025-11-30 20:00:00,91460.79
2025-12-01 00:00:00,90360
2025-12-01 04:00:00,86346.13
2025-12-01 08:00:00,86550.3
2025-12-01 12:00:00,86149.15
2025-12-01 16:00:00,84677.87
2025-12-01 20:00:00,85024.5
2025-12-02 00:00:00,86286.01
2025-12-02 04:00:00,86976.99
2025-12-02 08:00:00,87012.65
2025-12-02 12:00:00,87368.92
2025-12-02 16:00:00,90850.01
2025-12-02 20:00:00,91903.39
2025-12-03 00:00:00,91277.88
2025-12-03 04:00:00,92628.91
2025-12-03 08:00:00,92999.99
2025-12-03 12:00:00,93005.68
2025-12-03 16:00:00,92373.3
2025-12-03 20:00:00,93024.99
2025-12-04 00:00:00,93429.95
2025-12-04 04:00:00,93543.04
2025-12-04 08:00:00,93397.67
2025-12-04 12:00:00,92948.31
2025-12-04 16:00:00,92971.49
2025-12-04 20:00:00,91975.44
2025-12-05 00:00:00,92078.06
2025-12-05 04:00:00,92142.75
2025-12-05 08:00:00,92258.65
2025-12-05 12:00:00,91351.43
2025-12-05 16:00:00,90459.35
2025-12-05 20:00:00,89629.26
2025-12-06 00:00:00,89330.04
2025-12-06 04:00:00,89688.35
2025-12-06 08:00:00,89597.13
2025-12-06 12:00:00,89631.28
2025-12-06 16:00:00,89758.77
2025-12-06 20:00:00,89405.64
2025-12-07 00:00:00,89236.79
2025-12-07 04:00:00,89722.37
2025-12-07 08:00:00,89379.72
2025-12-07 12:00:00,89149.18
2025-12-07 16:00:00,89554.52
2025-12-07 20:00:00,91425.52
2025-12-08 00:00:00,90395.31
2025-12-08 04:00:00,91068.29
2025-12-08 08:00:00,91565.46
2025-12-08 12:00:00,91968.29
2025-12-08 16:00:00,89961.37
2025-12-08 20:00:00,90124.48
2025-12-09 00:00:00,90634.34
2025-12-09 04:00:00,90405.01
2025-12-09 08:00:00,90496.8
2025-12-09 12:00:00,90384.55
2025-12-09 16:00:00,92707.51
2025-12-09 20:00:00,93800.83
2025-12-10 00:00:00,92678.8
2025-12-10 04:00:00,92410.62
2025-12-10 08:00:00,92782.91
2025-12-10 12:00:00,92120.45
2025-12-10 16:00:00,92063.69
2025-12-10 20:00:00,92957.67
2025-12-11 00:00:00,92015.37
2025-12-11 04:00:00,89880.01
2025-12-11 08:00:00,90272.75
2025-12-11 12:00:00,90242.35
2025-12-11 16:00:00,89872.51
2025-12-11 20:00:00,90839.81
2025-12-12 00:00:00,92513.38
2025-12-12 04:00:00,92283.4
2025-12-12 08:00:00,92425.34
2025-12-12 12:00:00,92418.19
2025-12-12 16:00:00,89935.14
2025-12-12 20:00:00,90198.22
2025-12-13 00:00:00,90268.42
2025-12-13 04:00:00,90345.54
2025-12-13 08:00:00,90329.97
2025-12-13 12:00:00,90330.36
2025-12-13 16:00:00,90092.16
2025-12-13 20:00:00,90178.16
2025-12-14 00:00:00,90240.01
2025-12-14 04:00:00,90258.98
2025-12-14 08:00:00,90245.6
2025-12-14 12:00:00,89360
2025-12-14 16:00:00,89022.91
2025-12-14 20:00:00,88644.88
2025-12-15 00:00:00,88172.17
2025-12-15 04:00:00,89282.6
2025-12-15 08:00:00,89753.42
2025-12-15 12:00:00,89641.28
2025-12-15 16:00:00,87033.22
2025-12-15 20:00:00,86149.96
2025-12-16 00:00:00,86432.08
2025-12-16 04:00:00,85875.92
2025-12-16 08:00:00,86021.51
2025-12-16 12:00:00,87261.45
2025-12-16 16:00:00,87977.43
2025-12-16 20:00:00,87585.77
2025-12-17 00:00:00,87863.42
2025-12-17 04:00:00,87213.59
2025-12-17 08:00:00,87045.59
2025-12-17 12:00:00,86983.26
2025-12-17 16:00:00,87233.44
2025-12-17 20:00:00,86018.53
2025-12-18 00:00:00,86243.22
2025-12-18 04:00:00,86618.34
2025-12-18 08:00:00,86833.84
2025-12-18 12:00:00,87300.74
2025-12-18 16:00:00,88513.44
2025-12-18 20:00:00,84483.79
2025-12-19 00:00:00,85516.41
2025-12-19 04:00:00,86891.39
2025-12-19 08:00:00,87953.4
2025-12-19 12:00:00,88198.7
2025-12-19 16:00:00,87951.87
2025-12-19 20:00:00,87845.92
2025-12-20 00:00:00,88136.94
2025-12-20 04:00:00,88214.98
2025-12-20 08:00:00,88275.41
2025-12-20 12:00:00,88277.66
2025-12-20 16:00:00,88178.71
2025-12-20 20:00:00,88232.92
2025-12-21 00:00:00,88360.9
2025-12-21 04:00:00,88070.64
2025-12-21 08:00:00,88174.79
2025-12-21 12:00:00,88601.57
2025-12-21 16:00:00,88067.95
2025-12-21 20:00:00,88484.01
2025-12-22 00:00:00,88658.86
2025-12-22 04:00:00,88774.12
2025-12-22 08:00:00,89170.1
2025-12-22 12:00:00,89945.43
2025-12-22 16:00:00,89726.92
2025-12-22 20:00:00,88052.43
2025-12-23 00:00:00,88620.79
2025-12-23 04:00:00,88170
2025-12-23 08:00:00,87574.79
2025-12-23 12:00:00,87856.65
2025-12-23 16:00:00,87443.45
2025-12-23 20:00:00,87752.87
2025-12-24 00:00:00,87486
2025-12-24 04:00:00,87336.23
2025-12-24 08:00:00,86911.53
2025-12-24 12:00:00,87203.94
2025-12-24 16:00:00,87049.99
2025-12-24 20:00:00,87566.06
2025-12-25 00:00:00,87669.45
2025-12-25 04:00:00,87840.42
2025-12-25 08:00:00,87837.59
2025-12-25 12:00:00,87519.44
2025-12-25 16:00:00,88371.27
2025-12-25 20:00:00,88151.18
2025-12-26 00:00:00,87225.27
2025-12-26 04:00:00,88844.87
2025-12-26 08:00:00,88470.75
2025-12-26 12:00:00,88533.42
2025-12-26 16:00:00,87137.81
2025-12-26 20:00:00,87501.83
2025-12-27 00:00:00,87369.56
2025-12-27 04:00:00,87514.22
2025-12-27 08:00:00,87539.26
2025-12-27 12:00:00,87475.98
2025-12-27 16:00:00,87551.25
2025-12-27 20:00:00,87569.39
2025-12-28 00:00:00,87877.01
2025-12-28 04:00:00,87740.01
2025-12-28 08:00:00,87730.85
2025-12-28 12:00:00,87883.25
2025-12-28 16:00:00,87836.27
2025-12-28 20:00:00,87520.75
2025-12-29 00:00:00,87952.71
2025-12-29 04:00:00,90123.55
2025-12-29 08:00:00,89617.71
2025-12-29 12:00:00,87567.66
2025-12-29 16:00:00,87691.62
2025-12-29 20:00:00,87366.23
2025-12-30 00:00:00,87237.13
2025-12-30 04:00:00,87379
2025-12-30 08:00:00,87502.85
2025-12-30 12:00:00,87903.89
2025-12-30 16:00:00,89016.35
2025-12-30 20:00:00,88226.16
2025-12-31 00:00:00,88485.49
2025-12-31 04:00:00,88453.04
2025-12-31 08:00:00,88613.12
2025-12-31 12:00:00,89011.52
2025-12-31 16:00:00,87953.97
2025-12-31 20:00:00,87541.85
2026-01-01 00:00:00,87648.22
2026-01-01 04:00:00,87846.02
2026-01-01 08:00:00,87631.88
2026-01-01 12:00:00,88024.64
2026-01-01 16:00:00,88032.18
2026-01-01 20:00:00,88391.15
2026-01-02 00:00:00,88839.04
2026-01-02 04:00:00,88950.65
2026-01-02 08:00:00,88857.61
2026-01-02 12:00:00,89502.95
2026-01-02 16:00:00,89418.11
2026-01-02 20:00:00,89897.23
2026-01-03 00:00:00,89995.13
2026-01-03 04:00:00,90321.22
2026-01-03 08:00:00,89577.13
2026-01-03 12:00:00,89752.74
2026-01-03 16:00:00,89969.31
2026-01-03 20:00:00,90123.77
2026-01-04 00:00:00,90628.01
2026-01-04 04:00:00,91236.78
2026-01-04 08:00:00,91532
2026-01-04 12:00:00,91300
2026-01-04 16:00:00,91334.94
2026-01-04 20:00:00,91138.07
2026-01-05 00:00:00,91529.73
2026-01-05 04:00:00,92878.22
2026-01-05 08:00:00,92520.63
2026-01-05 12:00:00,93134.26
2026-01-05 16:00:00,93957.73
2026-01-05 20:00:00,94303.4
2026-01-06 00:00:00,93859.71
2026-01-06 04:00:00,93769.24
2026-01-06 08:00:00,93255.08
2026-01-06 12:00:00,93840
2026-01-06 16:00:00,93648.99
2026-01-06 20:00:00,92104.5
2026-01-07 00:00:00,93747.97
2026-01-07 04:00:00,92815.83
2026-01-07 08:00:00,92879.13
2026-01-07 12:00:00,92087.21
2026-01-07 16:00:00,91349.96
2026-01-07 20:00:00,91186.07
2026-01-08 00:00:00,91364.16
2026-01-08 04:00:00,90813.4
2026-01-08 08:00:00,90548.02
2026-01-08 12:00:00,90226.77
2026-01-08 16:00:00,90781.57
2026-01-08 20:00:00,90937.41
2026-01-09 00:00:00,91099.99
2026-01-09 04:00:00,91220.23
2026-01-09 08:00:00,90741.84
2026-01-09 12:00:00,90463.11
2026-01-09 16:00:00,91176.47
2026-01-09 20:00:00,90332.15
2026-01-10 00:00:00,90641.28
2026-01-10 04:00:00,90626.14
2026-01-10 08:00:00,90678.5
2026-01-10 12:00:00,90723.86
2026-01-10 16:00:00,90665.75
2026-01-10 20:00:00,90626.54
2026-01-11 00:00:00,90504.7
2026-01-11 04:00:00,90733.5
2026-01-11 08:00:00,90710.79
2026-01-11 12:00:00,90754.99
2026-01-11 16:00:00,90875.79
2026-01-11 20:00:00,90690.8
2026-01-12 00:00:00,91013.65
2026-01-12 04:00:00,91808.12
2026-01-12 08:00:00,91408.09
2026-01-12 12:00:00,90620.96
2026-01-12 16:00:00,91665
2026-01-12 20:00:00,91861.27
2026-01-13 00:00:00,91296.2
2026-01-13 04:00:00,91408.91
2026-01-13 08:00:00,91942
2026-01-13 12:00:00,92000.74
2026-01-13 16:00:00,93449.99
2026-01-13 20:00:00,94226.84
2026-01-14 00:00:00,95414
2026-01-14 04:00:00,95720.99
2026-01-14 08:00:00,95205.1
2026-01-14 12:00:00,94792.99
2026-01-14 16:00:00,96764.57
2026-01-14 20:00:00,97267.42
2026-01-15 00:00:00,96951.78
2026-01-15 04:00:00,95985.1
2026-01-15 08:00:00,96630.48
2026-01-15 12:00:00,96581.08
2026-01-15 16:00:00,96737.04
2026-01-15 20:00:00,95516.01
2026-01-16 00:00:00,95604.8
2026-01-16 04:00:00,95354.69
2026-01-16 08:00:00,95653.16
2026-01-16 12:00:00,95429.09
2026-01-16 16:00:00,94585.98
2026-01-16 20:00:00,95002.09
2026-01-17 00:00:00,95550.94
2026-01-17 04:00:00,95372.95
2026-01-17 08:00:00,95101.67
2026-01-17 12:00:00,95323.86
2026-01-17 16:00:00,95573.64
2026-01-17 20:00:00,95291.38
2026-01-18 00:00:00,95147.77
2026-01-18 04:00:00,95200.29
2026-01-18 08:00:00,95028.27
2026-01-18 12:00:00,95168.06
2026-01-18 16:00:00,95119.28
2026-01-18 20:00:00,95380.99
2026-01-19 00:00:00,93673.14
2026-01-19 04:00:00,92690.09
2026-01-19 08:00:00,92841.62
2026-01-19 12:00:00,93191.96
2026-01-19 16:00:00,93068.62
2026-01-19 20:00:00,93105.85
2026-01-20 00:00:00,92631
2026-01-20 04:00:00,92434.92
2026-01-20 08:00:00,91177.98
2026-01-20 12:00:00,91218.99
2026-01-20 16:00:00,90684.95
2026-01-20 20:00:00,89725.76
2026-01-21 00:00:00,88427.66
2026-01-21 04:00:00,89432.33
2026-01-21 08:00:00,89213.95
2026-01-21 12:00:00,88789.99
2026-01-21 16:00:00,90288.04
2026-01-21 20:00:00,90355.56
2026-01-22 00:00:00,89454.73
2026-01-22 04:00:00,89899.51
2026-01-22 08:00:00,89818.79
2026-01-22 12:00:00,89941.26
2026-01-22 16:00:00,89000.01
2026-01-22 20:00:00,89777.9
2026-01-23 00:00:00,89559.67
2026-01-23 04:00:00,89924.78
2026-01-23 08:00:00,89549.45
2026-01-23 12:00:00,89202.48
2026-01-23 16:00:00,89761.61
2026-01-23 20:00:00,89982.79
2026-01-24 00:00:00,89600.26
2026-01-24 04:00:00,89770.02
2026-01-24 08:00:00,89620.1
2026-01-24 12:00:00,89595.4
2026-01-24 16:00:00,89275.77
2026-01-24 20:00:00,89331.36
2026-01-25 00:00:00,89225.34
2026-01-25 04:00:00,88960.35
2026-01-25 08:00:00,88659.99
2026-01-25 12:00:00,88570.17
2026-01-25 16:00:00,88446.5
2026-01-25 20:00:00,86495.16
2026-01-26 00:00:00,86670.36
2026-01-26 04:00:00,87282.05
2026-01-26 08:00:00,88000.64
2026-01-26 12:00:00,87855
2026-01-26 16:00:00,87641.41
2026-01-26 20:00:00,88013.19
2026-01-27 00:00:00,88347.08
2026-01-27 04:00:00,88788
2026-01-27 08:00:00,88320.41
2026-01-27 12:00:00,87992.74
2026-01-27 16:00:00,88047.46
2026-01-27 20:00:00,88408.77
2026-01-28 00:00:00,89250
2026-01-28 04:00:00,89126.67
2026-01-28 08:00:00,89134.35
2026-01-28 12:00:00,90080
2026-01-28 16:00:00,89479.66
2026-01-28 20:00:00,89402.58
2026-01-29 00:00:00,89299.99
2026-01-29 04:00:00,88053.71
2026-01-29 08:00:00,88352.97
2026-01-29 12:00:00,87846.5
2026-01-29 16:00:00,84934.02
2026-01-29 20:00:00,84012.11
2026-01-30 00:00:00,84650.16
2026-01-30 04:00:00,82676.43
2026-01-30 08:00:00,82816.98
2026-01-30 12:00:00,83151.36
2026-01-30 16:00:00,82883.94
2026-01-30 20:00:00,84242.99
2026-01-31 00:00:00,84260.49
2026-01-31 04:00:00,84022.69
2026-01-31 08:00:00,83546.81
2026-01-31 12:00:00,83020
2026-01-31 16:00:00,81302.15
2026-01-31 20:00:00,77750.01
2026-02-01 00:00:00,78741.09
2026-02-01 04:00:00,78868.28
2026-02-01 08:00:00,78343
2026-02-01 12:00:00,78743.56
2026-02-01 16:00:00,77593.4
2026-02-01 20:00:00,77174.78
2026-02-02 00:00:00,76968.21
2026-02-02 04:00:00,76292.98
2026-02-02 08:00:00,76660.79
2026-02-02 12:00:00,77759.99
2026-02-02 16:00:00,78850.06
2026-02-02 20:00:00,78341.5
2026-02-03 00:00:00,78738.61
2026-02-03 04:00:00,78753.32
2026-02-03 08:00:00,78794.67
2026-02-03 12:00:00,78079.5
2026-02-03 16:00:00,78132.33
2026-02-03 20:00:00,74935
2026-02-04 00:00:00,75770.21
2026-02-04 04:00:00,76698.17
2026-02-04 08:00:00,76514.3
2026-02-04 12:00:00,76017.25
2026-02-04 16:00:00,74136.36
2026-02-04 20:00:00,73923.29
2026-02-05 00:00:00,73165.83
2026-02-05 04:00:00,71223.25
2026-02-05 08:00:00,70756.85
2026-02-05 12:00:00,70318.35
2026-02-05 16:00:00,67489.07
2026-02-05 20:00:00,65265.65
2026-02-06 00:00:00,62909.86
2026-02-06 04:00:00,64168.33
2026-02-06 08:00:00,64856
2026-02-06 12:00:00,66631.32
2026-02-06 16:00:00,68626
2026-02-06 20:00:00,70731.46
2026-02-07 00:00:00,70580.26
2026-02-07 04:00:00,70918.99
2026-02-07 08:00:00,68087.14
2026-02-07 12:00:00,67972.65
2026-02-07 16:00:00,69151.5
2026-02-07 20:00:00,69373.61
2026-02-08 00:00:00,69289.38
2026-02-08 04:00:00,69099.99
2026-02-08 08:00:00,69710.69
2026-02-08 12:00:00,70999.98
2026-02-08 16:00:00,71188.99
2026-02-08 20:00:00,71422.97
2026-02-09 00:00:00,70330.38
2026-02-09 04:00:00,71307.56
2026-02-09 08:00:00,70422.59
2026-02-09 12:00:00,68928.72
2026-02-09 16:00:00,69563.37
2026-02-09 20:00:00,70957.01
2026-02-10 00:00:00,70138
2026-02-10 04:00:00,69511.83
2026-02-10 08:00:00,68919.66
2026-02-10 12:00:00,68535.01
2026-02-10 16:00:00,69293.37
2026-02-10 20:00:00,69062.01
2026-02-11 00:00:00,68841.29
2026-02-11 04:00:00,68187.99
2026-02-11 08:00:00,67032.72
2026-02-11 12:00:00,67053.03
2026-02-11 16:00:00,66519.73
2026-02-11 20:00:00,67586.67
2026-02-12 00:00:00,67082.52
2026-02-12 04:00:00,67580.99
2026-02-12 08:00:00,67217.72
2026-02-12 12:00:00,68076.01
2026-02-12 16:00:00,67134.74
2026-02-12 20:00:00,65788.36
2026-02-13 00:00:00,66272.17
2026-02-13 04:00:00,66553.08
2026-02-13 08:00:00,66208.96
2026-02-13 12:00:00,67171.42
2026-02-13 16:00:00,68692.12
2026-02-13 20:00:00,68938.91
2026-02-14 00:00:00,68853.96
2026-02-14 04:00:00,68981.99
2026-02-14 08:00:00,69219.26
2026-02-14 12:00:00,70505.74
2026-02-14 16:00:00,69778.28
2026-02-14 20:00:00,69873.99
2026-02-15 00:00:00,69822.95
2026-02-15 04:00:00,69954.5
2026-02-15 08:00:00,70828.42
2026-02-15 12:00:00,70295.22
2026-02-15 16:00:00,69099.99
2026-02-15 20:00:00,68286.63
2026-02-16 00:00:00,68832.58
2026-02-16 04:00:00,68424.82
2026-02-16 08:00:00,68587.9
2026-02-16 12:00:00,68812.83
2026-02-16 16:00:00,67539.52
2026-02-16 20:00:00,67913.43
2026-02-17 00:00:00,68892.43
2026-02-17 04:00:00,68474.9
2026-02-17 08:00:00,68388.12
2026-02-17 12:00:00,67854.6
2026-02-17 16:00:00,67392.05
2026-02-17 20:00:00,67793.32
2026-02-18 00:00:00,67503.52
2026-02-18 04:00:00,67629.11
2026-02-18 08:00:00,68106.44
2026-02-18 12:00:00,67369.75
2026-02-18 16:00:00,67694.01
2026-02-18 20:00:00,66177.14
2026-02-19 00:00:00,66461
2026-02-19 04:00:00,66980.91
2026-02-19 08:00:00,67206.45
2026-02-19 12:00:00,66496.02
2026-02-19 16:00:00,66398
2026-02-19 20:00:00,67050
2026-02-20 00:00:00,67003.73
2026-02-20 04:00:00,67366.25
2026-02-20 08:00:00,67825.91
2026-02-20 12:00:00,67318.41
2026-02-20 16:00:00,67582.95
2026-02-20 20:00:00,67646.03
2026-02-21 00:00:00,68020.01
2026-02-21 04:00:00,67667.77
2026-02-21 08:00:00,67856.01
2026-02-21 12:00:00,68092.45
2026-02-21 16:00:00,68615
2026-02-21 20:00:00,68543.51
2026-02-22 00:00:00,67975.93
2026-02-22 04:00:00,68041.43
2026-02-22 08:00:00,68005.3
2026-02-22 12:00:00,68219.97
2026-02-22 16:00:00,67684.14
2026-02-22 20:00:00,67428.32
2026-02-23 00:00:00,67643.4
2026-02-23 04:00:00,64934.17
2026-02-23 08:00:00,65958.94
2026-02-23 12:00:00,66207.23
2026-02-23 16:00:00,65660.1
2026-02-23 20:00:00,64295.1
2026-02-24 00:00:00,64656.02
2026-02-24 04:00:00,63595.51
2026-02-24 08:00:00,63192.96
2026-02-24 12:00:00,63227.1
2026-02-24 16:00:00,63973.97
2026-02-24 20:00:00,64435.03
2026-02-25 00:00:00,64058.15
2026-02-25 04:00:00,65391.73
2026-02-25 08:00:00,65028.3
2026-02-25 12:00:00,65430.04
2026-02-25 16:00:00,67412.33
2026-02-25 20:00:00,69038.26
2026-02-26 00:00:00,67988.04
2026-02-26 04:00:00,68216.86
2026-02-26 08:00:00,67825.04
2026-02-26 12:00:00,68051.31
2026-02-26 16:00:00,67382
2026-02-26 20:00:00,67589.22
2026-02-27 00:00:00,67485.18
2026-02-27 04:00:00,67600.84
2026-02-27 08:00:00,67690.6
2026-02-27 12:00:00,66126.99
2026-02-27 16:00:00,66095.4
2026-02-27 20:00:00,65392.18
2026-02-28 00:00:00,65872.1
