event_id,event_class,terminal_label,anchor_date,bucket,feature,family,count,mean,median,min,max,first,last,delta_last_minus_first,control_median,control_mad,robust_z_vs_controls
P5E-2021-SPRING-MAJOR-TOP,LOCAL_MAJOR_TOP_NONTERMINAL,False,2021-04-13,early_warning,btc_log_return_20d,BTC_TREND_MATURITY,14,0.131736052869,0.114285108273,0.0489071996462,0.252532284331,0.135782576898,0.0489071996462,-0.0868753772518,0.0895088842087,0.132691383645,0.125941366553
P5E-2021-SPRING-MAJOR-TOP,LOCAL_MAJOR_TOP_NONTERMINAL,False,2021-04-13,early_warning,btc_log_return_40d,BTC_TREND_MATURITY,14,0.220797950614,0.170440492439,0.0841572303755,0.432103968274,0.432103968274,0.100594988629,-0.331508979645,0.347072013433,0.0998727764841,-1.19288091247
P5E-2021-SPRING-MAJOR-TOP,LOCAL_MAJOR_TOP_NONTERMINAL,False,2021-04-13,early_warning,btc_log_slope_20d_ann,BTC_TREND_MATURITY,14,2.3866301149,2.97825055887,-1.26290954073,5.36886086042,5.2542554802,-1.26290954073,-6.51716502093,1.43405246584,2.16506091005,0.481070689381
P5E-2021-SPRING-MAJOR-TOP,LOCAL_MAJOR_TOP_NONTERMINAL,False,2021-04-13,early_warning,btc_log_slope_40d_ann,BTC_TREND_MATURITY,14,1.68640510143,1.69670878151,1.16923628463,2.4237752197,2.4237752197,1.24688049153,-1.17689472817,2.2394973342,1.33334300259,-0.274577406131
P5E-2021-SPRING-MAJOR-TOP,LOCAL_MAJOR_TOP_NONTERMINAL,False,2021-04-13,early_warning,btc_kama_gap,BTC_TREND_MATURITY,14,-0.00462222763992,0.00665122828929,-0.0771423888838,0.0405084329673,0.00904474935848,0.0366284280447,0.0275836786862,0.0500264608607,0.0417466923959,-0.700802671553
P5E-2021-SPRING-MAJOR-TOP,LOCAL_MAJOR_TOP_NONTERMINAL,False,2021-04-13,early_warning,btc_kama_slope_10d,BTC_TREND_MATURITY,14,0.0383155693043,0.0297180047709,-0.0195872150816,0.111162303891,0.106694652754,-0.0195872150816,-0.126281867835,0.0289828035595,0.0428528480186,0.011571842862
P5E-2021-SPRING-MAJOR-TOP,LOCAL_MAJOR_TOP_NONTERMINAL,False,2021-04-13,early_warning,btc_distance_from_90d_high,BTC_TREND_MATURITY,14,-0.0857005833016,-0.0789274730059,-0.161707310815,-0.0371871199749,-0.0700727703409,-0.0580652636881,0.0120075066528,-0.0249122840479,0.0249122840479,-1.46244100916
P5E-2021-SPRING-MAJOR-TOP,LOCAL_MAJOR_TOP_NONTERMINAL,False,2021-04-13,early_warning,btc_consolidation_duration_5pct,BTC_TREND_MATURITY,14,0.0714285714286,0,0,1,0,0,0,2.5,2.5,-0.674490759477
P5E-2021-SPRING-MAJOR-TOP,LOCAL_MAJOR_TOP_NONTERMINAL,False,2021-04-13,early_warning,btc_rv20_ann,BTC_TREND_MATURITY,14,0.702043774148,0.706276428352,0.629124072044,0.776004845465,0.776004845465,0.688385303736,-0.0876195417298,0.536399533768,0.195916887306,0.584841854221
P5E-2021-SPRING-MAJOR-TOP,LOCAL_MAJOR_TOP_NONTERMINAL,False,2021-04-13,early_warning,btc_rv20_to_rv60,BTC_TREND_MATURITY,14,0.775316732995,0.777801814449,0.66699568568,0.821978234059,0.821978234059,0.81162030432,-0.0103579297392,0.99008418923,0.124549004872,-1.14960774144
P5E-2021-SPRING-MAJOR-TOP,LOCAL_MAJOR_TOP_NONTERMINAL,False,2021-04-13,early_warning,btc_daily_rsi14,MOMENTUM_EXHAUSTION,14,55.2896587822,56.3522577984,44.1122061617,63.0237863425,59.9293376832,58.2530202434,-1.67631743976,61.8858657476,10.55335837,-0.35366632094
P5E-2021-SPRING-MAJOR-TOP,LOCAL_MAJOR_TOP_NONTERMINAL,False,2021-04-13,early_warning,btc_daily_rsi28,MOMENTUM_EXHAUSTION,14,58.2472384669,57.945079747,52.4084878391,62.725337934,61.0747862229,58.8332538637,-2.24153235925,60.0410083347,7.54847011662,-0.187280924891
P5E-2021-SPRING-MAJOR-TOP,LOCAL_MAJOR_TOP_NONTERMINAL,False,2021-04-13,early_warning,btc_4h_rsi14,MOMENTUM_EXHAUSTION,14,46.6600794599,50.162146562,30.567674821,59.3498783604,40.5638185571,55.0492942003,14.4854756432,56.2399971272,7.11310128299,-0.576324430179
P5E-2021-SPRING-MAJOR-TOP,LOCAL_MAJOR_TOP_NONTERMINAL,False,2021-04-13,early_warning,btc_4h_rsi28,MOMENTUM_EXHAUSTION,14,49.0422055525,51.112469021,39.2465435735,56.8876994132,49.4836862001,51.6635404749,2.17985427475,54.832052947,5.42577387822,-0.462390258695
P5E-2021-SPRING-MAJOR-TOP,LOCAL_MAJOR_TOP_NONTERMINAL,False,2021-04-13,early_warning,btc_price_rsi_rank_divergence_20d,MOMENTUM_EXHAUSTION,14,0.196428571429,0.2,0.1,0.3,0.15,0.2,0.05,0.05,0.175,0.578134936694
P5E-2021-SPRING-MAJOR-TOP,LOCAL_MAJOR_TOP_NONTERMINAL,False,2021-04-13,early_warning,btc_rsi14_extreme_persistence_14d,MOMENTUM_EXHAUSTION,14,0.0561224489796,0.0714285714286,0,0.0714285714286,0.0714285714286,0,-0.0714285714286,0,0,
P5E-2021-SPRING-MAJOR-TOP,LOCAL_MAJOR_TOP_NONTERMINAL,False,2021-04-13,early_warning,btc_rsi14_failure_from_14d_max,MOMENTUM_EXHAUSTION,14,15.5715877687,12.7964422309,4.77076609911,28.5953572627,12.7782257412,4.77076609911,-8.00745964214,5.81930035139,3.60287467836,1.30618412946
P5E-2021-SPRING-MAJOR-TOP,LOCAL_MAJOR_TOP_NONTERMINAL,False,2021-04-13,early_warning,eth_btc_log_return_20d,LEADERSHIP_MIGRATION,14,-0.0415798282006,-0.017469726273,-0.14603470137,0.0125731112795,-0.0296720607432,-0.0780746344373,-0.0484025736941,0.0326272322803,0.0685174948848,-0.493157779322
P5E-2021-SPRING-MAJOR-TOP,LOCAL_MAJOR_TOP_NONTERMINAL,False,2021-04-13,early_warning,sol_btc_log_return_20d,LEADERSHIP_MIGRATION,14,-0.0664444616919,-0.0606942038812,-0.365945833758,0.220732763593,-0.365945833758,0.195658989815,0.561604823573,0.097577644935,0.30707181567,-0.347647990028
P5E-2021-SPRING-MAJOR-TOP,LOCAL_MAJOR_TOP_NONTERMINAL,False,2021-04-13,early_warning,bnb_btc_log_return_20d,LEADERSHIP_MIGRATION,14,-0.0419112437382,-0.0363006796116,-0.120073561685,0.046704409921,-0.120073561685,-0.111921761853,0.00815179983149,0.0824493282032,0.0834109434606,-0.96025508927
P5E-2021-SPRING-MAJOR-TOP,LOCAL_MAJOR_TOP_NONTERMINAL,False,2021-04-13,early_warning,eth_btc_log_return_40d,LEADERSHIP_MIGRATION,14,-0.232479627029,-0.21141592923,-0.371917884417,-0.118672074585,-0.308770607435,-0.118672074585,0.19009853285,0.056136721709,0.204038750218,-0.884448618409
P5E-2021-SPRING-MAJOR-TOP,LOCAL_MAJOR_TOP_NONTERMINAL,False,2021-04-13,early_warning,sol_btc_log_return_40d,LEADERSHIP_MIGRATION,14,0.404812966764,0.355789704562,0.289849705936,0.732751687804,0.323218797207,0.732751687804,0.409532890596,0.25194929216,0.400474989881,0.174890818141
P5E-2021-SPRING-MAJOR-TOP,LOCAL_MAJOR_TOP_NONTERMINAL,False,2021-04-13,early_warning,bnb_btc_log_return_40d,LEADERSHIP_MIGRATION,14,0.692842717533,0.597104030088,0.409360203622,1.09829252381,1.09829252381,0.409360203622,-0.68893232019,0.0307187168272,0.0984400435606,3.88075468356
P5E-2021-SPRING-MAJOR-TOP,LOCAL_MAJOR_TOP_NONTERMINAL,False,2021-04-13,early_warning,brkk_return_dispersion_20d,LEADERSHIP_MIGRATION,14,0.0671761783591,0.0676388741806,0.00644804545519,0.143814137999,0.143814137999,0.119264992111,-0.024549145888,0.121383396571,0.064538834859,-0.561680169841
P5E-2021-SPRING-MAJOR-TOP,LOCAL_MAJOR_TOP_NONTERMINAL,False,2021-04-13,early_warning,alt_outperformance_breadth_20d,BREADTH,14,0.214285714286,0,0,0.666666666667,0,0.333333333333,0.333333333333,0.666666666667,0.333333333333,-1.34898151895
P5E-2021-SPRING-MAJOR-TOP,LOCAL_MAJOR_TOP_NONTERMINAL,False,2021-04-13,early_warning,canonical5_outperformance_breadth_20d,BREADTH,14,0.303571428571,0.25,0,0.75,0,0.5,0.5,0.75,0.25,-1.34898151895
P5E-2021-SPRING-MAJOR-TOP,LOCAL_MAJOR_TOP_NONTERMINAL,False,2021-04-13,early_warning,high_beta_participation_20d,BREADTH,14,0.285714285714,0,0,1,0,0.5,0.5,0.75,0.25,-2.02347227843
P5E-2021-SPRING-MAJOR-TOP,LOCAL_MAJOR_TOP_NONTERMINAL,False,2021-04-13,early_warning,breadth_acceleration_10d,BREADTH,14,0.0964285714286,0.1125,-0.3,0.525,-0.3,0.075,0.375,0,0.125,0.607041683529
P5E-2021-SPRING-MAJOR-TOP,LOCAL_MAJOR_TOP_NONTERMINAL,False,2021-04-13,early_warning,breadth_contraction_from_10d_max,BREADTH,14,0.267857142857,0.25,0,0.5,0.5,0.25,-0.25,0,0,
P5E-2021-SPRING-MAJOR-TOP,LOCAL_MAJOR_TOP_NONTERMINAL,False,2021-04-13,target_lead,btc_log_return_20d,BTC_TREND_MATURITY,8,0.0113739183011,0.0212301559652,-0.0372676690208,0.0505347741175,0.0505347741175,-0.0157708574543,-0.0663056315719,0.127208351272,0.205904321304,-0.34715790804
P5E-2021-SPRING-MAJOR-TOP,LOCAL_MAJOR_TOP_NONTERMINAL,False,2021-04-13,target_lead,btc_log_return_40d,BTC_TREND_MATURITY,8,0.108416377109,0.0919929775339,0.0264962013018,0.208575316744,0.130630122681,0.208575316744,0.0779451940633,0.203062591735,0.253540587619,-0.295477064012
P5E-2021-SPRING-MAJOR-TOP,LOCAL_MAJOR_TOP_NONTERMINAL,False,2021-04-13,target_lead,btc_log_slope_20d_ann,BTC_TREND_MATURITY,8,0.0111610968712,0.225803646822,-1.11541162216,1.00554993333,-1.11541162216,1.00554993333,2.12096155549,2.9833617162,4.06618692936,-0.457418084517
P5E-2021-SPRING-MAJOR-TOP,LOCAL_MAJOR_TOP_NONTERMINAL,False,2021-04-13,target_lead,btc_log_slope_40d_ann,BTC_TREND_MATURITY,8,1.78634467559,1.89415364836,1.32777535046,2.00592910122,1.32777535046,1.87398573215,0.546210381687,2.01729961081,2.33461358689,-0.0355779706797
P5E-2021-SPRING-MAJOR-TOP,LOCAL_MAJOR_TOP_NONTERMINAL,False,2021-04-13,target_lead,btc_kama_gap,BTC_TREND_MATURITY,8,0.0370314549242,0.0416186700292,0.0119898576442,0.0561214944605,0.0561214944605,0.015276742897,-0.0408447515634,0.0299726863565,0.0598170839786,0.131318811446
P5E-2021-SPRING-MAJOR-TOP,LOCAL_MAJOR_TOP_NONTERMINAL,False,2021-04-13,target_lead,btc_kama_slope_10d,BTC_TREND_MATURITY,8,0.00389935280867,0.00304005477006,-0.0196305231906,0.0276728349269,-0.0196305231906,0.0276728349269,0.0473033581175,0.0883569849308,0.121019937429,-0.475504137935
P5E-2021-SPRING-MAJOR-TOP,LOCAL_MAJOR_TOP_NONTERMINAL,False,2021-04-13,target_lead,btc_distance_from_90d_high,BTC_TREND_MATURITY,8,-0.0448909915754,-0.0401693033597,-0.0676018767613,-0.0336403687039,-0.0399065901227,-0.0522523962471,-0.0123458061243,-0.0858433272357,0.0779198726861,0.395363929515
P5E-2021-SPRING-MAJOR-TOP,LOCAL_MAJOR_TOP_NONTERMINAL,False,2021-04-13,target_lead,btc_consolidation_duration_5pct,BTC_TREND_MATURITY,8,1.625,1.5,0,4,1,0,-1,0,0,
P5E-2021-SPRING-MAJOR-TOP,LOCAL_MAJOR_TOP_NONTERMINAL,False,2021-04-13,target_lead,btc_rv20_ann,BTC_TREND_MATURITY,8,0.608350893405,0.602940243978,0.530800493848,0.689102330411,0.689102330411,0.530800493848,-0.158301836563,0.687091261371,0.0544428981356,-1.04254339089
P5E-2021-SPRING-MAJOR-TOP,LOCAL_MAJOR_TOP_NONTERMINAL,False,2021-04-13,target_lead,btc_rv20_to_rv60,BTC_TREND_MATURITY,8,0.725920931884,0.717978860827,0.641882604955,0.813147247423,0.813147247423,0.641882604955,-0.171264642467,1.06665746709,0.109058167358,-2.15646845761
P5E-2021-SPRING-MAJOR-TOP,LOCAL_MAJOR_TOP_NONTERMINAL,False,2021-04-13,target_lead,btc_daily_rsi14,MOMENTUM_EXHAUSTION,8,58.657475165,59.9943225001,54.4413002359,60.8730910226,60.431427988,55.7325465485,-4.69888143954,60.3120922753,15.7844104579,-0.0135787635242
P5E-2021-SPRING-MAJOR-TOP,LOCAL_MAJOR_TOP_NONTERMINAL,False,2021-04-13,target_lead,btc_daily_rsi28,MOMENTUM_EXHAUSTION,8,59.0649648011,59.6515486299,57.2034294757,60.088668899,59.8910752361,57.6941730608,-2.19690217538,60.4872774422,11.62490618,-0.048489970809
P5E-2021-SPRING-MAJOR-TOP,LOCAL_MAJOR_TOP_NONTERMINAL,False,2021-04-13,target_lead,btc_4h_rsi14,MOMENTUM_EXHAUSTION,8,55.1489931307,57.283297657,37.6275882866,62.8160231738,62.8160231738,57.8172973203,-4.99872585351,55.1266125516,12.4114615945,0.117203293388
P5E-2021-SPRING-MAJOR-TOP,LOCAL_MAJOR_TOP_NONTERMINAL,False,2021-04-13,target_lead,btc_4h_rsi28,MOMENTUM_EXHAUSTION,8,54.4903385836,55.5122321815,47.4735095337,57.6851402851,56.2141070726,55.1349525491,-1.0791545235,58.7882962886,9.80867514322,-0.225277617559
P5E-2021-SPRING-MAJOR-TOP,LOCAL_MAJOR_TOP_NONTERMINAL,False,2021-04-13,target_lead,btc_price_rsi_rank_divergence_20d,MOMENTUM_EXHAUSTION,8,0.1875,0.15,0.05,0.4,0.2,0.15,-0.05,0,0.075,1.34898151895
P5E-2021-SPRING-MAJOR-TOP,LOCAL_MAJOR_TOP_NONTERMINAL,False,2021-04-13,target_lead,btc_rsi14_extreme_persistence_14d,MOMENTUM_EXHAUSTION,8,0,0,0,0,0,0,0,0.214285714286,0.214285714286,-0.674490759477
P5E-2021-SPRING-MAJOR-TOP,LOCAL_MAJOR_TOP_NONTERMINAL,False,2021-04-13,target_lead,btc_rsi14_failure_from_14d_max,MOMENTUM_EXHAUSTION,8,2.43064430719,1.91187959536,0,6.43179078666,2.5923583545,5.14054447413,2.54818611962,14.4485264679,7.63531949898,-1.10746544024
P5E-2021-SPRING-MAJOR-TOP,LOCAL_MAJOR_TOP_NONTERMINAL,False,2021-04-13,target_lead,eth_btc_log_return_20d,LEADERSHIP_MIGRATION,8,0.090955424191,0.108385370965,-0.0255911058148,0.162704048194,-0.0255911058148,0.162704048194,0.188295154009,-0.0142936558819,0.0789531732529,1.04803729325
P5E-2021-SPRING-MAJOR-TOP,LOCAL_MAJOR_TOP_NONTERMINAL,False,2021-04-13,target_lead,sol_btc_log_return_20d,LEADERSHIP_MIGRATION,8,0.370825269182,0.38255577854,0.173425985657,0.583467566258,0.243923049166,0.583467566258,0.339544517092,0.183745627323,0.324317318986,0.41347039469
P5E-2021-SPRING-MAJOR-TOP,LOCAL_MAJOR_TOP_NONTERMINAL,False,2021-04-13,target_lead,bnb_btc_log_return_20d,LEADERSHIP_MIGRATION,8,0.222149588917,0.237066346592,0.0250686785467,0.417969824904,0.0609719454764,0.417969824904,0.356997879428,0.0652007942535,0.0992768466183,1.16766125107
P5E-2021-SPRING-MAJOR-TOP,LOCAL_MAJOR_TOP_NONTERMINAL,False,2021-04-13,target_lead,eth_btc_log_return_40d,LEADERSHIP_MIGRATION,8,0.0250588379003,0.0703993687091,-0.183101504243,0.145935654289,-0.183101504243,0.145935654289,0.329037158532,0.0637412692042,0.0588851102576,0.0762642130094
P5E-2021-SPRING-MAJOR-TOP,LOCAL_MAJOR_TOP_NONTERMINAL,False,2021-04-13,target_lead,sol_btc_log_return_40d,LEADERSHIP_MIGRATION,8,0.426001006268,0.432560984751,0.116939471464,0.622730745969,0.622730745969,0.384623736837,-0.238107009132,0.276226159194,0.552177671117,0.19096461291
P5E-2021-SPRING-MAJOR-TOP,LOCAL_MAJOR_TOP_NONTERMINAL,False,2021-04-13,target_lead,bnb_btc_log_return_40d,LEADERSHIP_MIGRATION,8,0.177759620206,0.212242160571,-0.146274977567,0.334042990217,0.334042990217,0.332044002823,-0.00199898739433,0.0608554568141,0.0646096128323,1.58039846264
P5E-2021-SPRING-MAJOR-TOP,LOCAL_MAJOR_TOP_NONTERMINAL,False,2021-04-13,target_lead,brkk_return_dispersion_20d,LEADERSHIP_MIGRATION,8,0.143557122694,0.143577169727,0.0677819795266,0.225166305205,0.105318886208,0.225166305205,0.119847418997,0.23637770159,0.173514729559,-0.36073652868
P5E-2021-SPRING-MAJOR-TOP,LOCAL_MAJOR_TOP_NONTERMINAL,False,2021-04-13,target_lead,alt_outperformance_breadth_20d,BREADTH,8,0.958333333333,1,0.666666666667,1,0.666666666667,1,0.333333333333,0.666666666667,0,
P5E-2021-SPRING-MAJOR-TOP,LOCAL_MAJOR_TOP_NONTERMINAL,False,2021-04-13,target_lead,canonical5_outperformance_breadth_20d,BREADTH,8,0.96875,1,0.75,1,0.75,1,0.25,0.5,0,
P5E-2021-SPRING-MAJOR-TOP,LOCAL_MAJOR_TOP_NONTERMINAL,False,2021-04-13,target_lead,high_beta_participation_20d,BREADTH,8,1,1,1,1,1,1,0,0.5,0,
P5E-2021-SPRING-MAJOR-TOP,LOCAL_MAJOR_TOP_NONTERMINAL,False,2021-04-13,target_lead,breadth_acceleration_10d,BREADTH,8,0.24375,0.2375,0.1,0.425,0.25,0.1,-0.15,-0.0875,0.1125,1.94852886071
P5E-2021-SPRING-MAJOR-TOP,LOCAL_MAJOR_TOP_NONTERMINAL,False,2021-04-13,target_lead,breadth_contraction_from_10d_max,BREADTH,8,0,0,0,0,0,0,0,0.25,0.25,-0.674490759477
P5E-2021-SPRING-MAJOR-TOP,LOCAL_MAJOR_TOP_NONTERMINAL,False,2021-04-13,near_event,btc_log_return_20d,BTC_TREND_MATURITY,7,0.0583868988353,0.0412892623326,-0.0298382344115,0.195154152998,-0.0298382344115,0.195154152998,0.224992387409,-0.00123062583392,0.168594126065,0.170108368136
P5E-2021-SPRING-MAJOR-TOP,LOCAL_MAJOR_TOP_NONTERMINAL,False,2021-04-13,near_event,btc_log_return_40d,BTC_TREND_MATURITY,7,0.217287589736,0.214045724145,0.173022395751,0.273255971505,0.189877826823,0.273255971505,0.0833781446813,0.169330707639,0.23902140654,0.126180603987
P5E-2021-SPRING-MAJOR-TOP,LOCAL_MAJOR_TOP_NONTERMINAL,False,2021-04-13,near_event,btc_log_slope_20d_ann,BTC_TREND_MATURITY,7,1.67649431507,1.93800223631,1.03156694778,1.96469720166,1.03156694778,1.95196059394,0.920393646162,-0.199090262558,2.41663641042,0.596469181882
P5E-2021-SPRING-MAJOR-TOP,LOCAL_MAJOR_TOP_NONTERMINAL,False,2021-04-13,near_event,btc_log_slope_40d_ann,BTC_TREND_MATURITY,7,1.29279839388,1.25143401381,1.04684344552,1.67887650151,1.67887650151,1.04684344552,-0.632033055988,2.23747390236,2.78737687575,-0.2386023932
P5E-2021-SPRING-MAJOR-TOP,LOCAL_MAJOR_TOP_NONTERMINAL,False,2021-04-13,near_event,btc_kama_gap,BTC_TREND_MATURITY,7,0.0354923038949,0.0454933893187,-0.0202866044059,0.094526427957,-0.0202866044059,0.094526427957,0.114813032363,-0.0272962937136,0.0469505050891,1.04569628159
P5E-2021-SPRING-MAJOR-TOP,LOCAL_MAJOR_TOP_NONTERMINAL,False,2021-04-13,near_event,btc_kama_slope_10d,BTC_TREND_MATURITY,7,0.0254384023735,0.0270689009902,0.017036776846,0.0303051239417,0.0274673606202,0.0303051239417,0.00283776332143,0.0241968715392,0.0549435703312,0.0352572159761
P5E-2021-SPRING-MAJOR-TOP,LOCAL_MAJOR_TOP_NONTERMINAL,False,2021-04-13,near_event,btc_distance_from_90d_high,BTC_TREND_MATURITY,7,-0.0357800603303,-0.0231949230892,-0.0855544654795,0,-0.0855544654795,0,0.0855544654795,-0.147376034667,0.0480115180974,1.74456079666
P5E-2021-SPRING-MAJOR-TOP,LOCAL_MAJOR_TOP_NONTERMINAL,False,2021-04-13,near_event,btc_consolidation_duration_5pct,BTC_TREND_MATURITY,7,2.14285714286,2,0,5,0,5,5,0,0,
P5E-2021-SPRING-MAJOR-TOP,LOCAL_MAJOR_TOP_NONTERMINAL,False,2021-04-13,near_event,btc_rv20_ann,BTC_TREND_MATURITY,7,0.542860418556,0.544669222757,0.508441603294,0.57713371375,0.544669222757,0.523034683408,-0.0216345393487,0.754724599989,0.0638473157884,-2.21905038876
P5E-2021-SPRING-MAJOR-TOP,LOCAL_MAJOR_TOP_NONTERMINAL,False,2021-04-13,near_event,btc_rv20_to_rv60,BTC_TREND_MATURITY,7,0.73221781984,0.735014130259,0.654226656084,0.803988962962,0.654226656084,0.741438763463,0.0872121073794,1.22155517951,0.163055181111,-2.01261584939
P5E-2021-SPRING-MAJOR-TOP,LOCAL_MAJOR_TOP_NONTERMINAL,False,2021-04-13,near_event,btc_daily_rsi14,MOMENTUM_EXHAUSTION,7,57.9932702451,59.3203938737,49.4829818993,67.5011200243,49.4829818993,67.5011200243,18.018138125,50.6933814377,5.60332262859,1.03846245446
P5E-2021-SPRING-MAJOR-TOP,LOCAL_MAJOR_TOP_NONTERMINAL,False,2021-04-13,near_event,btc_daily_rsi28,MOMENTUM_EXHAUSTION,7,58.4408445912,58.9721714508,54.6957092991,62.913357158,54.6957092991,62.913357158,8.21764785892,54.8202975858,8.18573032011,0.342107600299
P5E-2021-SPRING-MAJOR-TOP,LOCAL_MAJOR_TOP_NONTERMINAL,False,2021-04-13,near_event,btc_4h_rsi14,MOMENTUM_EXHAUSTION,7,51.8185099371,54.3841948774,32.4467228927,60.4051228812,47.1619412128,54.7089490665,7.54700785367,46.8785090792,6.3841789324,0.792978356028
P5E-2021-SPRING-MAJOR-TOP,LOCAL_MAJOR_TOP_NONTERMINAL,False,2021-04-13,near_event,btc_4h_rsi28,MOMENTUM_EXHAUSTION,7,52.1224313094,51.8789325579,42.3897661315,56.8511148839,50.2406565298,54.9642270916,4.72357056181,49.3431828804,4.13598836667,0.4135262419
P5E-2021-SPRING-MAJOR-TOP,LOCAL_MAJOR_TOP_NONTERMINAL,False,2021-04-13,near_event,btc_price_rsi_rank_divergence_20d,MOMENTUM_EXHAUSTION,7,0.178571428571,0.2,0,0.25,0.25,0,-0.25,0.1,0.225,0.299773670878
P5E-2021-SPRING-MAJOR-TOP,LOCAL_MAJOR_TOP_NONTERMINAL,False,2021-04-13,near_event,btc_rsi14_extreme_persistence_14d,MOMENTUM_EXHAUSTION,7,0,0,0,0,0,0,0,0.25,0.25,-0.674490759477
P5E-2021-SPRING-MAJOR-TOP,LOCAL_MAJOR_TOP_NONTERMINAL,False,2021-04-13,near_event,btc_rsi14_failure_from_14d_max,MOMENTUM_EXHAUSTION,7,3.82668206339,1.55269714884,0,11.3901091233,11.3901091233,0,-11.3901091233,17.8733175829,6.65443911858,-1.65425026446
P5E-2021-SPRING-MAJOR-TOP,LOCAL_MAJOR_TOP_NONTERMINAL,False,2021-04-13,near_event,eth_btc_log_return_20d,LEADERSHIP_MIGRATION,7,0.14492062087,0.13894115971,0.130142861891,0.178814007566,0.130142861891,0.178814007566,0.0486711456749,-0.110640207395,0.054164303556,3.10795699008
P5E-2021-SPRING-MAJOR-TOP,LOCAL_MAJOR_TOP_NONTERMINAL,False,2021-04-13,near_event,sol_btc_log_return_20d,LEADERSHIP_MIGRATION,7,0.598248678974,0.604577133066,0.507366271923,0.665250883994,0.654911128175,0.507366271923,-0.147544856252,0.34766624348,0.226772711877,0.764130832146
P5E-2021-SPRING-MAJOR-TOP,LOCAL_MAJOR_TOP_NONTERMINAL,False,2021-04-13,near_event,bnb_btc_log_return_20d,LEADERSHIP_MIGRATION,7,0.558151772994,0.540297121434,0.391876053245,0.751616535183,0.391876053245,0.602211309394,0.21033525615,0.0675905142324,0.167583887986,1.9025470905
P5E-2021-SPRING-MAJOR-TOP,LOCAL_MAJOR_TOP_NONTERMINAL,False,2021-04-13,near_event,eth_btc_log_return_40d,LEADERSHIP_MIGRATION,7,0.129274629906,0.124607980048,0.117009944978,0.155441768512,0.117009944978,0.128018624106,0.0110086791279,-0.0214054356725,0.0615482875744,1.60012087329
P5E-2021-SPRING-MAJOR-TOP,LOCAL_MAJOR_TOP_NONTERMINAL,False,2021-04-13,near_event,sol_btc_log_return_40d,LEADERSHIP_MIGRATION,7,0.476042982185,0.478928340086,0.394637176411,0.534024971219,0.478928340086,0.470286262465,-0.00864207762153,0.64209414506,0.635898975972,-0.173068100242
P5E-2021-SPRING-MAJOR-TOP,LOCAL_MAJOR_TOP_NONTERMINAL,False,2021-04-13,near_event,bnb_btc_log_return_40d,LEADERSHIP_MIGRATION,7,0.511476283158,0.51673325286,0.337122115869,0.735397984652,0.337122115869,0.603147935916,0.266025820046,0.132765280694,0.0959608630181,2.69883826609
P5E-2021-SPRING-MAJOR-TOP,LOCAL_MAJOR_TOP_NONTERMINAL,False,2021-04-13,near_event,brkk_return_dispersion_20d,LEADERSHIP_MIGRATION,7,0.263628570692,0.254883111824,0.24344672044,0.310317918468,0.25155591312,0.24344672044,-0.0081091926798,0.172971471338,0.0903395002381,0.611566861183
P5E-2021-SPRING-MAJOR-TOP,LOCAL_MAJOR_TOP_NONTERMINAL,False,2021-04-13,near_event,alt_outperformance_breadth_20d,BREADTH,7,1,1,1,1,1,1,0,0.666666666667,0,
P5E-2021-SPRING-MAJOR-TOP,LOCAL_MAJOR_TOP_NONTERMINAL,False,2021-04-13,near_event,canonical5_outperformance_breadth_20d,BREADTH,7,1,1,1,1,1,1,0,0.5,0,
P5E-2021-SPRING-MAJOR-TOP,LOCAL_MAJOR_TOP_NONTERMINAL,False,2021-04-13,near_event,high_beta_participation_20d,BREADTH,7,1,1,1,1,1,1,0,0.75,0.25,0.674490759477
P5E-2021-SPRING-MAJOR-TOP,LOCAL_MAJOR_TOP_NONTERMINAL,False,2021-04-13,near_event,breadth_acceleration_10d,BREADTH,7,0.0142857142857,0,0,0.075,0.075,0,-0.075,-0.05,0.1,0.337245379738
P5E-2021-SPRING-MAJOR-TOP,LOCAL_MAJOR_TOP_NONTERMINAL,False,2021-04-13,near_event,breadth_contraction_from_10d_max,BREADTH,7,0,0,0,0,0,0,0,0.25,0,
P5E-2021-SPRING-MAJOR-TOP,LOCAL_MAJOR_TOP_NONTERMINAL,False,2021-04-13,immediate_after,btc_log_return_20d,BTC_TREND_MATURITY,28,-0.0356768883578,-0.0501756249234,-0.186556217111,0.204922641762,0.204922641762,0.0522018080217,-0.15272083374,0.030811960361,0.0548090158419,-0.996649494023
P5E-2021-SPRING-MAJOR-TOP,LOCAL_MAJOR_TOP_NONTERMINAL,False,2021-04-13,immediate_after,btc_log_return_40d,BTC_TREND_MATURITY,28,0.0062226710062,0.00101944492925,-0.168674554346,0.256257550697,0.255751865272,-0.0355425543643,-0.291294419637,0.124671650333,0.190324491526,-0.438210916865
P5E-2021-SPRING-MAJOR-TOP,LOCAL_MAJOR_TOP_NONTERMINAL,False,2021-04-13,immediate_after,btc_log_slope_20d_ann,BTC_TREND_MATURITY,28,-0.575226137877,-0.252362672697,-3.83489247316,2.46970145722,1.69571646029,2.46970145722,0.773984996932,-0.150748273839,1.16952819145,-0.0586030961546
P5E-2021-SPRING-MAJOR-TOP,LOCAL_MAJOR_TOP_NONTERMINAL,False,2021-04-13,immediate_after,btc_log_slope_40d_ann,BTC_TREND_MATURITY,28,-0.0890256969019,-0.276134317407,-0.795916937041,0.978248203149,0.978248203149,-0.613597100291,-1.59184530344,0.608473348638,1.76847769853,-0.337386045074
P5E-2021-SPRING-MAJOR-TOP,LOCAL_MAJOR_TOP_NONTERMINAL,False,2021-04-13,immediate_after,btc_kama_gap,BTC_TREND_MATURITY,28,0.0225364573224,0.043017691912,-0.101272989268,0.102106462197,0.0762598923818,0.045764519476,-0.0304953729058,-0.00296688050057,0.0418720142699,0.740737452247
P5E-2021-SPRING-MAJOR-TOP,LOCAL_MAJOR_TOP_NONTERMINAL,False,2021-04-13,immediate_after,btc_kama_slope_10d,BTC_TREND_MATURITY,28,-0.02044835352,0.0233519548328,-0.118130349618,0.0352679190739,0.0309337363055,0.0303385204647,-0.000595215840792,-0.00695931786662,0.0168686692778,1.21199088126
P5E-2021-SPRING-MAJOR-TOP,LOCAL_MAJOR_TOP_NONTERMINAL,False,2021-04-13,immediate_after,btc_distance_from_90d_high,BTC_TREND_MATURITY,28,-0.116915971013,-0.112711915061,-0.228206527723,-0.00652803775069,-0.00968100668502,-0.108611561148,-0.0989305544632,-0.101066258204,0.0709078066022,-0.110776067046
P5E-2021-SPRING-MAJOR-TOP,LOCAL_MAJOR_TOP_NONTERMINAL,False,2021-04-13,immediate_after,btc_consolidation_duration_5pct,BTC_TREND_MATURITY,28,0.75,0,0,8,6,0,-6,0,0,
P5E-2021-SPRING-MAJOR-TOP,LOCAL_MAJOR_TOP_NONTERMINAL,False,2021-04-13,immediate_after,btc_rv20_ann,BTC_TREND_MATURITY,28,0.670202292875,0.702905831072,0.438007240126,0.850875843496,0.51412754745,0.797804079564,0.283676532114,0.772658942566,0.0844444382598,-0.557145385971
P5E-2021-SPRING-MAJOR-TOP,LOCAL_MAJOR_TOP_NONTERMINAL,False,2021-04-13,immediate_after,btc_rv20_to_rv60,BTC_TREND_MATURITY,28,0.992349056774,1.0523696765,0.622755889986,1.24062363637,0.728116513978,1.17515762266,0.447041108679,0.992525843703,0.190855286022,0.211490669591
P5E-2021-SPRING-MAJOR-TOP,LOCAL_MAJOR_TOP_NONTERMINAL,False,2021-04-13,immediate_after,btc_daily_rsi14,MOMENTUM_EXHAUSTION,28,48.5278976907,49.7856324689,30.5232861807,65.585311907,65.168125168,50.7543291778,-14.4137959901,53.5120305559,7.15707444265,-0.351179954324
P5E-2021-SPRING-MAJOR-TOP,LOCAL_MAJOR_TOP_NONTERMINAL,False,2021-04-13,immediate_after,btc_daily_rsi28,MOMENTUM_EXHAUSTION,28,51.7528623722,51.6807423708,42.848899078,62.1038857325,61.8971428513,51.6325273873,-10.2646154639,56.3301172701,5.57727733544,-0.56227442502
P5E-2021-SPRING-MAJOR-TOP,LOCAL_MAJOR_TOP_NONTERMINAL,False,2021-04-13,immediate_after,btc_4h_rsi14,MOMENTUM_EXHAUSTION,28,50.7013290106,51.7165113933,34.6301527415,74.503832988,74.503832988,40.7437055686,-33.7601274194,52.7692500142,8.13008519699,-0.087337642192
P5E-2021-SPRING-MAJOR-TOP,LOCAL_MAJOR_TOP_NONTERMINAL,False,2021-04-13,immediate_after,btc_4h_rsi28,MOMENTUM_EXHAUSTION,28,50.1855294113,51.2419806441,38.6932550594,66.5955920879,66.5955920879,46.8159787267,-19.7796133612,52.0125321308,6.39397492151,-0.0812843127911
P5E-2021-SPRING-MAJOR-TOP,LOCAL_MAJOR_TOP_NONTERMINAL,False,2021-04-13,immediate_after,btc_price_rsi_rank_divergence_20d,MOMENTUM_EXHAUSTION,28,0.0196428571429,0,-0.15,0.7,0,0.1,0.1,0.05,0.1,-0.337245379738
P5E-2021-SPRING-MAJOR-TOP,LOCAL_MAJOR_TOP_NONTERMINAL,False,2021-04-13,immediate_after,btc_rsi14_extreme_persistence_14d,MOMENTUM_EXHAUSTION,28,0,0,0,0,0,0,0,0,0,
P5E-2021-SPRING-MAJOR-TOP,LOCAL_MAJOR_TOP_NONTERMINAL,False,2021-04-13,immediate_after,btc_rsi14_failure_from_14d_max,MOMENTUM_EXHAUSTION,28,13.2909180282,9.92289264468,0,36.9778338436,2.33299485634,5.25498097873,2.92198612239,6.94489455209,5.6201863123,0.357396015643
P5E-2021-SPRING-MAJOR-TOP,LOCAL_MAJOR_TOP_NONTERMINAL,False,2021-04-13,immediate_after,eth_btc_log_return_20d,LEADERSHIP_MIGRATION,28,0.345299596777,0.310088428713,0.215064766937,0.550664433689,0.222986827093,0.519126144145,0.296139317052,-0.085881691542,0.0378690216043,7.05268253116
P5E-2021-SPRING-MAJOR-TOP,LOCAL_MAJOR_TOP_NONTERMINAL,False,2021-04-13,immediate_after,sol_btc_log_return_20d,LEADERSHIP_MIGRATION,28,0.535893909232,0.557973430269,0.245826403044,0.911020901941,0.505385571894,0.261259131457,-0.244126440436,-0.0620372189436,0.110845596434,3.77273854013
P5E-2021-SPRING-MAJOR-TOP,LOCAL_MAJOR_TOP_NONTERMINAL,False,2021-04-13,immediate_after,bnb_btc_log_return_20d,LEADERSHIP_MIGRATION,28,0.398435120368,0.357428634488,0.0843736719854,0.702498500453,0.64993584264,0.159648759968,-0.490287082672,0.00901998919944,0.0632752468535,3.71390746705
P5E-2021-SPRING-MAJOR-TOP,LOCAL_MAJOR_TOP_NONTERMINAL,False,2021-04-13,immediate_after,eth_btc_log_return_40d,LEADERSHIP_MIGRATION,28,0.461047307259,0.444251735859,0.0984570717624,0.787242381438,0.209046229182,0.787242381438,0.578196152256,-0.172566786877,0.067232408721,6.18806319413
P5E-2021-SPRING-MAJOR-TOP,LOCAL_MAJOR_TOP_NONTERMINAL,False,2021-04-13,immediate_after,sol_btc_log_return_40d,LEADERSHIP_MIGRATION,28,0.946509506386,1.01625763892,0.419784093818,1.39390620716,0.489085916328,0.885117467527,0.396031551198,0.241830897569,0.403147478085,1.29566401709
P5E-2021-SPRING-MAJOR-TOP,LOCAL_MAJOR_TOP_NONTERMINAL,False,2021-04-13,immediate_after,bnb_btc_log_return_40d,LEADERSHIP_MIGRATION,28,0.770246821061,0.802021410566,0.473106171094,0.920728786012,0.636006181685,0.732136306907,0.0961301252223,0.166415815495,0.180070281421,2.38079319454
P5E-2021-SPRING-MAJOR-TOP,LOCAL_MAJOR_TOP_NONTERMINAL,False,2021-04-13,immediate_after,brkk_return_dispersion_20d,LEADERSHIP_MIGRATION,28,0.228388685235,0.226041653281,0.179994120294,0.332833355732,0.251307032656,0.188626626472,-0.0626804061843,0.0789295421886,0.0299218332181,3.31616578489
P5E-2021-SPRING-MAJOR-TOP,LOCAL_MAJOR_TOP_NONTERMINAL,False,2021-04-13,immediate_after,alt_outperformance_breadth_20d,BREADTH,28,1,1,1,1,1,1,0,0.333333333333,0.333333333333,1.34898151895
P5E-2021-SPRING-MAJOR-TOP,LOCAL_MAJOR_TOP_NONTERMINAL,False,2021-04-13,immediate_after,canonical5_outperformance_breadth_20d,BREADTH,28,0.982142857143,1,0.75,1,1,1,0,0.25,0.25,2.02347227843
P5E-2021-SPRING-MAJOR-TOP,LOCAL_MAJOR_TOP_NONTERMINAL,False,2021-04-13,immediate_after,high_beta_participation_20d,BREADTH,28,1,1,1,1,1,1,0,0.5,0.5,0.674490759477
P5E-2021-SPRING-MAJOR-TOP,LOCAL_MAJOR_TOP_NONTERMINAL,False,2021-04-13,immediate_after,breadth_acceleration_10d,BREADTH,28,-0.00267857142857,0,-0.225,0.05,0,0.05,0.05,-0.05,0.075,0.449660506318
P5E-2021-SPRING-MAJOR-TOP,LOCAL_MAJOR_TOP_NONTERMINAL,False,2021-04-13,immediate_after,breadth_contraction_from_10d_max,BREADTH,28,0.0178571428571,0,0,0.25,0,0,0,0.25,0.25,-0.674490759477
P5E-2021-SPRING-MAJOR-TOP,LOCAL_MAJOR_TOP_NONTERMINAL,False,2021-04-13,medium_after,btc_log_return_20d,BTC_TREND_MATURITY,62,-0.156117239617,-0.115578849706,-0.520584311943,0.0805093364106,-0.0406608252311,0.0175950733628,0.0582558985939,0.000755527703618,0.085095390214,-0.922100038261
P5E-2021-SPRING-MAJOR-TOP,LOCAL_MAJOR_TOP_NONTERMINAL,False,2021-04-13,medium_after,btc_log_return_40d,BTC_TREND_MATURITY,62,-0.311077713103,-0.34583177074,-0.606771081998,-0.02538643501,-0.172067710557,-0.127041451263,0.0450262592935,0.0435747491473,0.130631889362,-2.0106200762
P5E-2021-SPRING-MAJOR-TOP,LOCAL_MAJOR_TOP_NONTERMINAL,False,2021-04-13,medium_after,btc_log_slope_20d_ann,BTC_TREND_MATURITY,62,-2.88529151216,-1.75828896889,-10.6222003814,1.56588596965,1.56588596965,-0.0447852192904,-1.61067118894,0.108582779267,1.75274708323,-0.718408123629
P5E-2021-SPRING-MAJOR-TOP,LOCAL_MAJOR_TOP_NONTERMINAL,False,2021-04-13,medium_after,btc_log_slope_40d_ann,BTC_TREND_MATURITY,62,-2.80640377496,-2.42707621609,-5.82431993337,-0.74510763249,-0.74510763249,-1.06100530178,-0.315897669289,0.447150970233,1.15168286782,-1.68331033828
P5E-2021-SPRING-MAJOR-TOP,LOCAL_MAJOR_TOP_NONTERMINAL,False,2021-04-13,medium_after,btc_kama_gap,BTC_TREND_MATURITY,62,-0.0558560756243,-0.0545678306798,-0.161326856162,0.0585300394264,-0.0794968008267,-0.0564093739604,0.0230874268663,0.00489725443393,0.0310249876158,-1.29278538053
P5E-2021-SPRING-MAJOR-TOP,LOCAL_MAJOR_TOP_NONTERMINAL,False,2021-04-13,medium_after,btc_kama_slope_10d,BTC_TREND_MATURITY,62,-0.061949263001,-0.0197606043264,-0.264243248179,0.0201553437048,0.0201553437048,-0.0100651950143,-0.0302205387191,0.00307386961251,0.0311805414445,-0.49395042407
P5E-2021-SPRING-MAJOR-TOP,LOCAL_MAJOR_TOP_NONTERMINAL,False,2021-04-13,medium_after,btc_distance_from_90d_high,BTC_TREND_MATURITY,62,-0.417715474476,-0.43798820291,-0.503193865513,-0.216021234762,-0.219326464805,-0.476145654258,-0.256819189452,-0.0928870693612,0.05234604993,-4.44670659916
P5E-2021-SPRING-MAJOR-TOP,LOCAL_MAJOR_TOP_NONTERMINAL,False,2021-04-13,medium_after,btc_consolidation_duration_5pct,BTC_TREND_MATURITY,62,0,0,0,0,0,0,0,0,0,
P5E-2021-SPRING-MAJOR-TOP,LOCAL_MAJOR_TOP_NONTERMINAL,False,2021-04-13,medium_after,btc_rv20_ann,BTC_TREND_MATURITY,62,1.05217889361,1.02638839298,0.719597326703,1.31717468784,0.972133329214,0.729299008318,-0.242834320896,0.568020362277,0.0861967926653,3.58673439679
P5E-2021-SPRING-MAJOR-TOP,LOCAL_MAJOR_TOP_NONTERMINAL,False,2021-04-13,medium_after,btc_rv20_to_rv60,BTC_TREND_MATURITY,62,1.10237824273,1.02293545338,0.717112468031,1.40466385139,1.32609407292,0.72511076954,-0.60098330338,0.853314865875,0.132314470942,0.864663691564
P5E-2021-SPRING-MAJOR-TOP,LOCAL_MAJOR_TOP_NONTERMINAL,False,2021-04-13,medium_after,btc_daily_rsi14,MOMENTUM_EXHAUSTION,62,40.2734702272,40.4159258633,22.588790837,53.194915852,37.9890510928,44.1749756295,6.18592453669,52.9481724203,7.9883783977,-1.05814773379
P5E-2021-SPRING-MAJOR-TOP,LOCAL_MAJOR_TOP_NONTERMINAL,False,2021-04-13,medium_after,btc_daily_rsi28,MOMENTUM_EXHAUSTION,62,41.53759302,42.2240857848,33.5229114777,47.2056395497,44.2196399002,43.7114386071,-0.508201293099,53.0677880593,5.06638089239,-1.44362951345
P5E-2021-SPRING-MAJOR-TOP,LOCAL_MAJOR_TOP_NONTERMINAL,False,2021-04-13,medium_after,btc_4h_rsi14,MOMENTUM_EXHAUSTION,62,46.6295934186,46.1416887721,24.8054599697,67.5364944618,48.4466799951,59.574788791,11.1281087959,50.0343365383,7.82885122819,-0.335369120152
P5E-2021-SPRING-MAJOR-TOP,LOCAL_MAJOR_TOP_NONTERMINAL,False,2021-04-13,medium_after,btc_4h_rsi28,MOMENTUM_EXHAUSTION,62,46.4138596908,47.4737611795,32.7189320024,60.8561227191,49.7227584366,52.7565089058,3.03375046927,50.4558467866,5.23423927681,-0.384275360678
P5E-2021-SPRING-MAJOR-TOP,LOCAL_MAJOR_TOP_NONTERMINAL,False,2021-04-13,medium_after,btc_price_rsi_rank_divergence_20d,MOMENTUM_EXHAUSTION,62,-0.232258064516,-0.225,-0.6,0,-0.1,-0.15,-0.05,0,0.1,-1.51760420882
P5E-2021-SPRING-MAJOR-TOP,LOCAL_MAJOR_TOP_NONTERMINAL,False,2021-04-13,medium_after,btc_rsi14_extreme_persistence_14d,MOMENTUM_EXHAUSTION,62,0,0,0,0,0,0,0,0,0,
P5E-2021-SPRING-MAJOR-TOP,LOCAL_MAJOR_TOP_NONTERMINAL,False,2021-04-13,medium_after,btc_rsi14_failure_from_14d_max,MOMENTUM_EXHAUSTION,62,8.87705915872,5.59338982311,0,33.4205193196,18.0202590638,5.39205491816,-12.6282041456,7.58473412328,6.02461118476,-0.222942740737
P5E-2021-SPRING-MAJOR-TOP,LOCAL_MAJOR_TOP_NONTERMINAL,False,2021-04-13,medium_after,eth_btc_log_return_20d,LEADERSHIP_MIGRATION,62,0.0391106507805,0.00227444000542,-0.301830836807,0.614498376598,0.507141173678,0.0603300173128,-0.446811156365,0.0867974712205,0.0967787816766,-0.589075441226
P5E-2021-SPRING-MAJOR-TOP,LOCAL_MAJOR_TOP_NONTERMINAL,False,2021-04-13,medium_after,sol_btc_log_return_20d,LEADERSHIP_MIGRATION,62,0.0628182246301,0.0490534385128,-0.255822042433,0.468829174963,0.15722060516,0.114665016655,-0.0425555885052,0.0528862046757,0.103917022819,-0.0248772076988
P5E-2021-SPRING-MAJOR-TOP,LOCAL_MAJOR_TOP_NONTERMINAL,False,2021-04-13,medium_after,bnb_btc_log_return_20d,LEADERSHIP_MIGRATION,62,-0.0621913800455,-0.0747894764275,-0.452398524413,0.250940651722,0.203598081318,0.169800704645,-0.0337973766732,0.0558431983245,0.105726806019,-0.833379303924
P5E-2021-SPRING-MAJOR-TOP,LOCAL_MAJOR_TOP_NONTERMINAL,False,2021-04-13,medium_after,eth_btc_log_return_40d,LEADERSHIP_MIGRATION,62,0.224591287337,0.147882227934,-0.335784182907,0.82965249522,0.755305219222,-0.159697560555,-0.915002779777,0.1098868465,0.128295939621,0.199753271664
P5E-2021-SPRING-MAJOR-TOP,LOCAL_MAJOR_TOP_NONTERMINAL,False,2021-04-13,medium_after,sol_btc_log_return_40d,LEADERSHIP_MIGRATION,62,0.3258104043,0.260780448836,-0.351477904936,1.03546627314,0.966463186485,0.0273976021418,-0.939065584343,0.076412776403,0.14435909389,0.861423330194
P5E-2021-SPRING-MAJOR-TOP,LOCAL_MAJOR_TOP_NONTERMINAL,False,2021-04-13,medium_after,bnb_btc_log_return_40d,LEADERSHIP_MIGRATION,62,0.00464215564374,-0.0271080711969,-0.354951757449,0.736127732648,0.736127732648,-0.112143815226,-0.848271547873,0.0758123985965,0.146003845999,-0.475459433015
P5E-2021-SPRING-MAJOR-TOP,LOCAL_MAJOR_TOP_NONTERMINAL,False,2021-04-13,medium_after,brkk_return_dispersion_20d,LEADERSHIP_MIGRATION,62,0.101486834597,0.0973087001028,0.0142561309102,0.241775135073,0.183728119603,0.0630456798479,-0.120682439756,0.0871118885568,0.0274717240831,0.250353969161
P5E-2021-SPRING-MAJOR-TOP,LOCAL_MAJOR_TOP_NONTERMINAL,False,2021-04-13,medium_after,alt_outperformance_breadth_20d,BREADTH,62,0.505376344086,0.666666666667,0,1,1,1,0,0.666666666667,0.333333333333,0
P5E-2021-SPRING-MAJOR-TOP,LOCAL_MAJOR_TOP_NONTERMINAL,False,2021-04-13,medium_after,canonical5_outperformance_breadth_20d,BREADTH,62,0.435483870968,0.5,0,1,1,1,0,0.5,0.25,0
P5E-2021-SPRING-MAJOR-TOP,LOCAL_MAJOR_TOP_NONTERMINAL,False,2021-04-13,medium_after,high_beta_participation_20d,BREADTH,62,0.508064516129,0.5,0,1,1,1,0,0.5,0.5,0
P5E-2021-SPRING-MAJOR-TOP,LOCAL_MAJOR_TOP_NONTERMINAL,False,2021-04-13,medium_after,breadth_acceleration_10d,BREADTH,62,-0.0322580645161,-0.05,-0.5,0.55,0.05,0.55,0.5,0.0125,0.1125,-0.374717088598
P5E-2021-SPRING-MAJOR-TOP,LOCAL_MAJOR_TOP_NONTERMINAL,False,2021-04-13,medium_after,breadth_contraction_from_10d_max,BREADTH,62,0.298387096774,0.25,0,1,0,0,0,0,0,
P5E-2021-SUMMER-SECOND-WIND,SECOND_WIND_TRANSITION,False,2021-07-20,early_warning,btc_log_return_20d,BTC_TREND_MATURITY,14,-0.08491048853,-0.105724404143,-0.175268773091,0.0336294657521,-0.144636524626,-0.175268773091,-0.0306322484651,0.0895088842087,0.132691383645,-0.992400902895
P5E-2021-SUMMER-SECOND-WIND,SECOND_WIND_TRANSITION,False,2021-07-20,early_warning,btc_log_return_40d,BTC_TREND_MATURITY,14,-0.195615391382,-0.136717823982,-0.423886457892,-0.02538643501,-0.423886457892,-0.152540095389,0.271346362504,0.347072013433,0.0998727764841,-3.26727449013
P5E-2021-SUMMER-SECOND-WIND,SECOND_WIND_TRANSITION,False,2021-07-20,early_warning,btc_log_slope_20d_ann,BTC_TREND_MATURITY,14,-2.12082756509,-2.40243374279,-3.24073975091,-0.880664500881,-0.927098259041,-1.03895833982,-0.11186008078,1.43405246584,2.16506091005,-1.19519708871
P5E-2021-SUMMER-SECOND-WIND,SECOND_WIND_TRANSITION,False,2021-07-20,early_warning,btc_log_slope_40d_ann,BTC_TREND_MATURITY,14,-1.11976197951,-1.02942882845,-1.76901550417,-0.890497411743,-1.76901550417,-0.890497411743,0.878518092423,2.2394973342,1.33334300259,-1.65363337553
P5E-2021-SUMMER-SECOND-WIND,SECOND_WIND_TRANSITION,False,2021-07-20,early_warning,btc_kama_gap,BTC_TREND_MATURITY,14,-0.0515225772018,-0.0465716521426,-0.133295480831,0.011726243432,-0.133295480831,-0.0469964675326,0.0862990132982,0.0500264608607,0.0417466923959,-1.56071130105
P5E-2021-SUMMER-SECOND-WIND,SECOND_WIND_TRANSITION,False,2021-07-20,early_warning,btc_kama_slope_10d,BTC_TREND_MATURITY,14,-0.0520404082088,-0.0575803480193,-0.074625422528,-0.0162130458221,-0.0174672902293,-0.0162130458221,0.00125424440724,0.0289828035595,0.0428528480186,-1.36247760769
P5E-2021-SUMMER-SECOND-WIND,SECOND_WIND_TRANSITION,False,2021-07-20,early_warning,btc_distance_from_90d_high,BTC_TREND_MATURITY,14,-0.465414527274,-0.462985135667,-0.503193865513,-0.435128116398,-0.488642390877,-0.47007251278,0.0185698780967,-0.0249122840479,0.0249122840479,-11.8606583734
P5E-2021-SUMMER-SECOND-WIND,SECOND_WIND_TRANSITION,False,2021-07-20,early_warning,btc_consolidation_duration_5pct,BTC_TREND_MATURITY,14,0,0,0,0,0,0,0,2.5,2.5,-0.674490759477
P5E-2021-SUMMER-SECOND-WIND,SECOND_WIND_TRANSITION,False,2021-07-20,early_warning,btc_rv20_ann,BTC_TREND_MATURITY,14,1.01741072977,1.0196592804,0.896328222234,1.10439178911,1.05189835469,0.912020154847,-0.139878199841,0.536399533768,0.195916887306,1.66373730214
P5E-2021-SUMMER-SECOND-WIND,SECOND_WIND_TRANSITION,False,2021-07-20,early_warning,btc_rv20_to_rv60,BTC_TREND_MATURITY,14,0.950742598873,0.948228738312,0.853993133578,1.02323356093,0.985108939132,0.867312869317,-0.117796069814,0.99008418923,0.124549004872,-0.226666723726
P5E-2021-SUMMER-SECOND-WIND,SECOND_WIND_TRANSITION,False,2021-07-20,early_warning,btc_daily_rsi14,MOMENTUM_EXHAUSTION,14,44.210738286,44.7358326051,37.5834422963,49.5670305476,37.5834422963,44.8050594669,7.22161717061,61.8858657476,10.55335837,-1.09610026247
P5E-2021-SUMMER-SECOND-WIND,SECOND_WIND_TRANSITION,False,2021-07-20,early_warning,btc_daily_rsi28,MOMENTUM_EXHAUSTION,14,43.1506190793,43.639797604,39.9595543681,45.6331585953,39.9781797886,43.7691473642,3.79096757559,60.0410083347,7.54847011662,-1.46552412756
P5E-2021-SUMMER-SECOND-WIND,SECOND_WIND_TRANSITION,False,2021-07-20,early_warning,btc_4h_rsi14,MOMENTUM_EXHAUSTION,14,49.5393904766,51.5911920488,26.8466827585,61.6125689697,26.8466827585,58.297671795,31.4509890365,56.2399971272,7.11310128299,-0.440817014015
P5E-2021-SUMMER-SECOND-WIND,SECOND_WIND_TRANSITION,False,2021-07-20,early_warning,btc_4h_rsi28,MOMENTUM_EXHAUSTION,14,47.9912029567,49.3163829912,34.7989275688,55.5103089139,34.7989275688,54.0108165989,19.2118890302,54.832052947,5.42577387822,-0.685665953098
P5E-2021-SUMMER-SECOND-WIND,SECOND_WIND_TRANSITION,False,2021-07-20,early_warning,btc_price_rsi_rank_divergence_20d,MOMENTUM_EXHAUSTION,14,-0.242857142857,-0.225,-0.4,-0.15,-0.15,-0.25,-0.1,0.05,0.175,-1.05991405061
P5E-2021-SUMMER-SECOND-WIND,SECOND_WIND_TRANSITION,False,2021-07-20,early_warning,btc_rsi14_extreme_persistence_14d,MOMENTUM_EXHAUSTION,14,0,0,0,0,0,0,0,0,0,
P5E-2021-SUMMER-SECOND-WIND,SECOND_WIND_TRANSITION,False,2021-07-20,early_warning,btc_rsi14_failure_from_14d_max,MOMENTUM_EXHAUSTION,14,7.1082690097,6.08599099804,0,15.6114735558,15.6114735558,4.76197108078,-10.849502475,5.81930035139,3.60287467836,0.0499269036154
P5E-2021-SUMMER-SECOND-WIND,SECOND_WIND_TRANSITION,False,2021-07-20,early_warning,eth_btc_log_return_20d,LEADERSHIP_MIGRATION,14,-0.136972347541,-0.18204099389,-0.301830836807,0.0328415702765,-0.220027577868,0.0285908040054,0.248618381873,0.0326272322803,0.0685174948848,-2.1132082419
P5E-2021-SUMMER-SECOND-WIND,SECOND_WIND_TRANSITION,False,2021-07-20,early_warning,sol_btc_log_return_20d,LEADERSHIP_MIGRATION,14,-0.108092524869,-0.0989874982248,-0.255822042433,0.0249804821447,-0.0872674145133,-0.00822708684868,0.0790403276646,0.097577644935,0.30707181567,-0.431760148378
P5E-2021-SUMMER-SECOND-WIND,SECOND_WIND_TRANSITION,False,2021-07-20,early_warning,bnb_btc_log_return_20d,LEADERSHIP_MIGRATION,14,-0.159510636082,-0.178442300465,-0.28194451987,-0.01818193614,-0.28194451987,-0.01818193614,0.26376258373,0.0824493282032,0.0834109434606,-2.10966313844
P5E-2021-SUMMER-SECOND-WIND,SECOND_WIND_TRANSITION,False,2021-07-20,early_warning,eth_btc_log_return_40d,LEADERSHIP_MIGRATION,14,-0.157359840516,-0.122482919225,-0.335784182907,0.0525565469026,-0.258386499788,-0.120085164695,0.138301335093,0.056136721709,0.204038750218,-0.590462827001
P5E-2021-SUMMER-SECOND-WIND,SECOND_WIND_TRANSITION,False,2021-07-20,early_warning,sol_btc_log_return_40d,LEADERSHIP_MIGRATION,14,0.0197601322587,0.00331414742306,-0.351477904936,0.351605532814,0.00340008214246,0.0786969658179,0.0752968836754,0.25194929216,0.400474989881,-0.418758004478
P5E-2021-SUMMER-SECOND-WIND,SECOND_WIND_TRANSITION,False,2021-07-20,early_warning,bnb_btc_log_return_40d,LEADERSHIP_MIGRATION,14,-0.151411152462,-0.111895635048,-0.354951757449,0.122013775374,-0.354951757449,-0.0749249438486,0.280026813601,0.0307187168272,0.0984400435606,-0.97716395716
P5E-2021-SUMMER-SECOND-WIND,SECOND_WIND_TRANSITION,False,2021-07-20,early_warning,brkk_return_dispersion_20d,LEADERSHIP_MIGRATION,14,0.0719171480961,0.0809098034845,0.0174249231805,0.113848784972,0.110362638881,0.0174249231805,-0.0929377157009,0.121383396571,0.064538834859,-0.422986634317
P5E-2021-SUMMER-SECOND-WIND,SECOND_WIND_TRANSITION,False,2021-07-20,early_warning,alt_outperformance_breadth_20d,BREADTH,14,0.0952380952381,0,0,0.333333333333,0,0.333333333333,0.333333333333,0.666666666667,0.333333333333,-1.34898151895
P5E-2021-SUMMER-SECOND-WIND,SECOND_WIND_TRANSITION,False,2021-07-20,early_warning,canonical5_outperformance_breadth_20d,BREADTH,14,0.0714285714286,0,0,0.25,0,0.25,0.25,0.75,0.25,-2.02347227843
P5E-2021-SUMMER-SECOND-WIND,SECOND_WIND_TRANSITION,False,2021-07-20,early_warning,high_beta_participation_20d,BREADTH,14,0.0714285714286,0,0,0.5,0,0,0,0.75,0.25,-2.02347227843
P5E-2021-SUMMER-SECOND-WIND,SECOND_WIND_TRANSITION,False,2021-07-20,early_warning,breadth_acceleration_10d,BREADTH,14,-0.0642857142857,-0.075,-0.35,0.225,-0.35,0.15,0.5,0,0.125,-0.404694455686
P5E-2021-SUMMER-SECOND-WIND,SECOND_WIND_TRANSITION,False,2021-07-20,early_warning,breadth_contraction_from_10d_max,BREADTH,14,0.303571428571,0.5,0,0.5,0.5,0,-0.5,0,0,
P5E-2021-SUMMER-SECOND-WIND,SECOND_WIND_TRANSITION,False,2021-07-20,target_lead,btc_log_return_20d,BTC_TREND_MATURITY,8,-0.0445925941145,-0.0544322902834,-0.117732765177,0.0805093364106,-0.113918151926,-0.028561822398,0.0853563295282,0.127208351272,0.205904321304,-0.59500904837
P5E-2021-SUMMER-SECOND-WIND,SECOND_WIND_TRANSITION,False,2021-07-20,target_lead,btc_log_return_40d,BTC_TREND_MATURITY,8,-0.0947111741221,-0.0873812783038,-0.181584596148,-0.0512684276953,-0.118626078871,-0.181584596148,-0.0629585172771,0.203062591735,0.253540587619,-0.772664086361
P5E-2021-SUMMER-SECOND-WIND,SECOND_WIND_TRANSITION,False,2021-07-20,target_lead,btc_log_slope_20d_ann,BTC_TREND_MATURITY,8,0.098920459092,0.116105417086,-0.469567222512,0.628356692989,-0.469567222512,-0.275963979963,0.193603242549,2.9833617162,4.06618692936,-0.475614602181
P5E-2021-SUMMER-SECOND-WIND,SECOND_WIND_TRANSITION,False,2021-07-20,target_lead,btc_log_slope_40d_ann,BTC_TREND_MATURITY,8,-1.00600265636,-1.0448413393,-1.08292808104,-0.834187096441,-0.834187096441,-0.998823867301,-0.164636770859,2.01729961081,2.33461358689,-0.884679925906
P5E-2021-SUMMER-SECOND-WIND,SECOND_WIND_TRANSITION,False,2021-07-20,target_lead,btc_kama_gap,BTC_TREND_MATURITY,8,-0.0457264214063,-0.0430978331572,-0.0666069183249,-0.023729063119,-0.0310348224449,-0.0636332067347,-0.0325983842898,0.0299726863565,0.0598170839786,-0.823935018626
P5E-2021-SUMMER-SECOND-WIND,SECOND_WIND_TRANSITION,False,2021-07-20,target_lead,btc_kama_slope_10d,BTC_TREND_MATURITY,8,-0.00916776784344,-0.00975498367747,-0.0129211517467,-0.00604293732104,-0.00626873352227,-0.0129211517467,-0.00665241822444,0.0883569849308,0.121019937429,-0.546815819161
P5E-2021-SUMMER-SECOND-WIND,SECOND_WIND_TRANSITION,False,2021-07-20,target_lead,btc_distance_from_90d_high,BTC_TREND_MATURITY,8,-0.471521067326,-0.470556979945,-0.482883051514,-0.461124813213,-0.461737947306,-0.481795751044,-0.0200578037373,-0.0858433272357,0.0779198726861,-3.33016206074
P5E-2021-SUMMER-SECOND-WIND,SECOND_WIND_TRANSITION,False,2021-07-20,target_lead,btc_consolidation_duration_5pct,BTC_TREND_MATURITY,8,0,0,0,0,0,0,0,0,0,
P5E-2021-SUMMER-SECOND-WIND,SECOND_WIND_TRANSITION,False,2021-07-20,target_lead,btc_rv20_ann,BTC_TREND_MATURITY,8,0.826247532682,0.879317425898,0.713929045708,0.902060170457,0.901831459456,0.713929045708,-0.187902413747,0.687091261371,0.0544428981356,2.38148181201
P5E-2021-SUMMER-SECOND-WIND,SECOND_WIND_TRANSITION,False,2021-07-20,target_lead,btc_rv20_to_rv60,BTC_TREND_MATURITY,8,0.798871238948,0.837990885417,0.710026245329,0.860953527402,0.857693628152,0.710026245329,-0.147667382823,1.06665746709,0.109058167358,-1.4142315067
P5E-2021-SUMMER-SECOND-WIND,SECOND_WIND_TRANSITION,False,2021-07-20,target_lead,btc_daily_rsi14,MOMENTUM_EXHAUSTION,8,45.1304341603,45.3023545936,42.7376839485,47.8996070944,46.4791019817,43.0769367164,-3.40216526532,60.3120922753,15.7844104579,-0.641387867821
P5E-2021-SUMMER-SECOND-WIND,SECOND_WIND_TRANSITION,False,2021-07-20,target_lead,btc_daily_rsi28,MOMENTUM_EXHAUSTION,8,44.0184202999,44.0579327062,42.9712954823,45.1757613374,44.5181367306,43.2687111786,-1.24942555204,60.4872774422,11.62490618,-0.953249947751
P5E-2021-SUMMER-SECOND-WIND,SECOND_WIND_TRANSITION,False,2021-07-20,target_lead,btc_4h_rsi14,MOMENTUM_EXHAUSTION,8,47.4168279879,46.3089419397,39.3355406179,59.574788791,43.9729242272,41.9481495074,-2.02477471987,55.1266125516,12.4114615945,-0.479189119073
P5E-2021-SUMMER-SECOND-WIND,SECOND_WIND_TRANSITION,False,2021-07-20,target_lead,btc_4h_rsi28,MOMENTUM_EXHAUSTION,8,48.2235636758,47.9690415762,44.4450810418,52.7565089058,47.4907706405,45.6638590173,-1.82691162321,58.7882962886,9.80867514322,-0.743982976433
P5E-2021-SUMMER-SECOND-WIND,SECOND_WIND_TRANSITION,False,2021-07-20,target_lead,btc_price_rsi_rank_divergence_20d,MOMENTUM_EXHAUSTION,8,-0.19375,-0.2,-0.3,-0.05,-0.3,-0.05,0.25,0,0.075,-1.79864202527
P5E-2021-SUMMER-SECOND-WIND,SECOND_WIND_TRANSITION,False,2021-07-20,target_lead,btc_rsi14_extreme_persistence_14d,MOMENTUM_EXHAUSTION,8,0,0,0,0,0,0,0,0.214285714286,0.214285714286,-0.674490759477
P5E-2021-SUMMER-SECOND-WIND,SECOND_WIND_TRANSITION,False,2021-07-20,target_lead,btc_rsi14_failure_from_14d_max,MOMENTUM_EXHAUSTION,8,4.37841670862,4.264675954,1.66742345325,6.82934659919,3.08792856593,6.02465640133,2.9367278354,14.4485264679,7.63531949898,-0.899623528318
P5E-2021-SUMMER-SECOND-WIND,SECOND_WIND_TRANSITION,False,2021-07-20,target_lead,eth_btc_log_return_20d,LEADERSHIP_MIGRATION,8,0.0475337124783,0.0431317541459,-0.000289840705855,0.0945630803919,0.0945630803919,0.0142381777606,-0.0803249026314,-0.0142936558819,0.0789531732529,0.490580768664
P5E-2021-SUMMER-SECOND-WIND,SECOND_WIND_TRANSITION,False,2021-07-20,target_lead,sol_btc_log_return_20d,LEADERSHIP_MIGRATION,8,0.0174008150419,-0.0130403115774,-0.0458492293676,0.114665016655,-0.0351524876844,-0.0281789223157,0.00697356536869,0.183745627323,0.324317318986,-0.409260590209
P5E-2021-SUMMER-SECOND-WIND,SECOND_WIND_TRANSITION,False,2021-07-20,target_lead,bnb_btc_log_return_20d,LEADERSHIP_MIGRATION,8,0.0497312620512,0.0376194241707,-0.00939515397673,0.169800704645,0.0320305316509,0.0705052132347,0.0384746815838,0.0652007942535,0.0992768466183,-0.187388901725
P5E-2021-SUMMER-SECOND-WIND,SECOND_WIND_TRANSITION,False,2021-07-20,target_lead,eth_btc_log_return_40d,LEADERSHIP_MIGRATION,8,-0.0947974426775,-0.0960158701448,-0.205509737973,0.0114203969555,-0.0475011874247,-0.205509737973,-0.158008550549,0.0637412692042,0.0588851102576,-1.82991445172
P5E-2021-SUMMER-SECOND-WIND,SECOND_WIND_TRANSITION,False,2021-07-20,target_lead,sol_btc_log_return_40d,LEADERSHIP_MIGRATION,8,0.118836363667,0.120390836853,-0.125320502902,0.286954832708,0.132720143548,-0.125320502902,-0.25804064645,0.276226159194,0.552177671117,-0.190354464545
P5E-2021-SUMMER-SECOND-WIND,SECOND_WIND_TRANSITION,False,2021-07-20,target_lead,bnb_btc_log_return_40d,LEADERSHIP_MIGRATION,8,-0.0244860871572,-0.0155355668939,-0.145512383068,0.067849320582,-0.0259136723645,-0.145512383068,-0.119598710704,0.0608554568141,0.0646096128323,-0.797482562413
P5E-2021-SUMMER-SECOND-WIND,SECOND_WIND_TRANSITION,False,2021-07-20,target_lead,brkk_return_dispersion_20d,LEADERSHIP_MIGRATION,8,0.0348677745142,0.0345460289333,0.0182490509961,0.0630456798479,0.0477322184574,0.0359439761394,-0.011788242318,0.23637770159,0.173514729559,-0.784565082875
P5E-2021-SUMMER-SECOND-WIND,SECOND_WIND_TRANSITION,False,2021-07-20,target_lead,alt_outperformance_breadth_20d,BREADTH,8,0.666666666667,0.666666666667,0,1,0.666666666667,0.666666666667,0,0.666666666667,0,
P5E-2021-SUMMER-SECOND-WIND,SECOND_WIND_TRANSITION,False,2021-07-20,target_lead,canonical5_outperformance_breadth_20d,BREADTH,8,0.53125,0.5,0,1,0.5,0.5,0,0.5,0,
P5E-2021-SUMMER-SECOND-WIND,SECOND_WIND_TRANSITION,False,2021-07-20,target_lead,high_beta_participation_20d,BREADTH,8,0.5625,0.5,0,1,0.5,0.5,0,0.5,0,
P5E-2021-SUMMER-SECOND-WIND,SECOND_WIND_TRANSITION,False,2021-07-20,target_lead,breadth_acceleration_10d,BREADTH,8,0.215625,0.2875,-0.3,0.55,0.35,0.025,-0.325,-0.0875,0.1125,2.24830253159
P5E-2021-SUMMER-SECOND-WIND,SECOND_WIND_TRANSITION,False,2021-07-20,target_lead,breadth_contraction_from_10d_max,BREADTH,8,0.25,0.125,0,0.75,0,0.5,0.5,0.25,0.25,-0.337245379738
P5E-2021-SUMMER-SECOND-WIND,SECOND_WIND_TRANSITION,False,2021-07-20,near_event,btc_log_return_20d,BTC_TREND_MATURITY,7,-0.0809207432996,-0.0820193485597,-0.162448434387,0.00931394305208,-0.0546367370274,-0.162448434387,-0.10781169736,-0.00123062583392,0.168594126065,-0.32320964093
P5E-2021-SUMMER-SECOND-WIND,SECOND_WIND_TRANSITION,False,2021-07-20,near_event,btc_log_return_40d,BTC_TREND_MATURITY,7,-0.123841211517,-0.115246883264,-0.207930440173,-0.0491893354015,-0.115246883264,-0.207930440173,-0.0926835569093,0.169330707639,0.23902140654,-0.80304504185
P5E-2021-SUMMER-SECOND-WIND,SECOND_WIND_TRANSITION,False,2021-07-20,near_event,btc_log_slope_20d_ann,BTC_TREND_MATURITY,7,-1.5856003749,-1.85596614149,-2.2665302742,-0.310964241586,-0.310964241586,-2.2665302742,-1.95556603261,-0.199090262558,2.41663641042,-0.462439225495
P5E-2021-SUMMER-SECOND-WIND,SECOND_WIND_TRANSITION,False,2021-07-20,near_event,btc_log_slope_40d_ann,BTC_TREND_MATURITY,7,-1.35174818105,-1.36954605659,-1.67503200428,-1.00979262162,-1.00979262162,-1.67503200428,-0.66523938266,2.23747390236,2.78737687575,-0.872828375928
P5E-2021-SUMMER-SECOND-WIND,SECOND_WIND_TRANSITION,False,2021-07-20,near_event,btc_kama_gap,BTC_TREND_MATURITY,7,-0.0757580228392,-0.0789360357576,-0.0921585831928,-0.0567365333313,-0.0567365333313,-0.0921585831928,-0.0354220498615,-0.0272962937136,0.0469505050891,-0.741856317932
P5E-2021-SUMMER-SECOND-WIND,SECOND_WIND_TRANSITION,False,2021-07-20,near_event,btc_kama_slope_10d,BTC_TREND_MATURITY,7,-0.0358695524659,-0.0354261345984,-0.0652567560228,-0.0174044469878,-0.0174044469878,-0.0652567560228,-0.047852309035,0.0241968715392,0.0549435703312,-0.73193581068
P5E-2021-SUMMER-SECOND-WIND,SECOND_WIND_TRANSITION,False,2021-07-20,near_event,btc_distance_from_90d_high,BTC_TREND_MATURITY,7,-0.470720684186,-0.466823360722,-0.49389547255,-0.460118021713,-0.46490377404,-0.49389547255,-0.0289916985096,-0.147376034667,0.0480115180974,-4.48776206424
P5E-2021-SUMMER-SECOND-WIND,SECOND_WIND_TRANSITION,False,2021-07-20,near_event,btc_consolidation_duration_5pct,BTC_TREND_MATURITY,7,0,0,0,0,0,0,0,0,0,
P5E-2021-SUMMER-SECOND-WIND,SECOND_WIND_TRANSITION,False,2021-07-20,near_event,btc_rv20_ann,BTC_TREND_MATURITY,7,0.535885167531,0.484355726541,0.452708993875,0.701278119332,0.701278119332,0.461974455102,-0.239303664231,0.754724599989,0.0638473157884,-2.85620945123
P5E-2021-SUMMER-SECOND-WIND,SECOND_WIND_TRANSITION,False,2021-07-20,near_event,btc_rv20_to_rv60,BTC_TREND_MATURITY,7,0.565007371622,0.537885282564,0.487659971287,0.704371282973,0.704371282973,0.537885282564,-0.166486000409,1.22155517951,0.163055181111,-2.8280550479
P5E-2021-SUMMER-SECOND-WIND,SECOND_WIND_TRANSITION,False,2021-07-20,near_event,btc_daily_rsi14,MOMENTUM_EXHAUSTION,7,39.2962466389,39.5475583236,34.2840520373,43.4597028647,43.4597028647,34.2840520373,-9.17565082736,50.6933814377,5.60332262859,-1.34166015336
P5E-2021-SUMMER-SECOND-WIND,SECOND_WIND_TRANSITION,False,2021-07-20,near_event,btc_daily_rsi28,MOMENTUM_EXHAUSTION,7,41.7149175252,41.8263671139,39.6342265539,43.4190099663,43.4190099663,39.6342265539,-3.78478341248,54.8202975858,8.18573032011,-1.07067856988
P5E-2021-SUMMER-SECOND-WIND,SECOND_WIND_TRANSITION,False,2021-07-20,near_event,btc_4h_rsi14,MOMENTUM_EXHAUSTION,7,42.4297093232,40.9071611419,39.0246475768,48.0677823992,40.9071611419,39.0246475768,-1.88251356511,46.8785090792,6.3841789324,-0.630875019008
P5E-2021-SUMMER-SECOND-WIND,SECOND_WIND_TRANSITION,False,2021-07-20,near_event,btc_4h_rsi28,MOMENTUM_EXHAUSTION,7,43.6938529263,43.3946492676,41.5535958998,46.5208084068,44.3983065385,41.5535958998,-2.84471063874,49.3431828804,4.13598836667,-0.970077910911
P5E-2021-SUMMER-SECOND-WIND,SECOND_WIND_TRANSITION,False,2021-07-20,near_event,btc_price_rsi_rank_divergence_20d,MOMENTUM_EXHAUSTION,7,-0.0214285714286,0,-0.05,0,-0.05,0,0.05,0.1,0.225,-0.299773670878
P5E-2021-SUMMER-SECOND-WIND,SECOND_WIND_TRANSITION,False,2021-07-20,near_event,btc_rsi14_extreme_persistence_14d,MOMENTUM_EXHAUSTION,7,0,0,0,0,0,0,0,0.25,0.25,-0.674490759477
P5E-2021-SUMMER-SECOND-WIND,SECOND_WIND_TRANSITION,False,2021-07-20,near_event,btc_rsi14_failure_from_14d_max,MOMENTUM_EXHAUSTION,7,9.29020961165,9.5540347941,5.64189025304,13.6155550571,5.64189025304,13.6155550571,7.97366480403,17.8733175829,6.65443911858,-0.843238515908
P5E-2021-SUMMER-SECOND-WIND,SECOND_WIND_TRANSITION,False,2021-07-20,near_event,eth_btc_log_return_20d,LEADERSHIP_MIGRATION,7,0.0138817883582,0.0500813031082,-0.079835194827,0.0571768352782,0.0571768352782,-0.079835194827,-0.137012030105,-0.110640207395,0.054164303556,2.00141359837
P5E-2021-SUMMER-SECOND-WIND,SECOND_WIND_TRANSITION,False,2021-07-20,near_event,sol_btc_log_return_20d,LEADERSHIP_MIGRATION,7,-0.0970912513349,-0.0943471908065,-0.25147248689,0.0618040796479,0.0618040796479,-0.25147248689,-0.313276566538,0.34766624348,0.226772711877,-1.31468188797
P5E-2021-SUMMER-SECOND-WIND,SECOND_WIND_TRANSITION,False,2021-07-20,near_event,bnb_btc_log_return_20d,LEADERSHIP_MIGRATION,7,0.0903627608772,0.108064709653,0.023989518112,0.128762874917,0.0571609285233,0.023989518112,-0.0331714104112,0.0675905142324,0.167583887986,0.162900330911
P5E-2021-SUMMER-SECOND-WIND,SECOND_WIND_TRANSITION,False,2021-07-20,near_event,eth_btc_log_return_40d,LEADERSHIP_MIGRATION,7,-0.198993437153,-0.20612480605,-0.24831546139,-0.116733629046,-0.183678635762,-0.116733629046,0.066945006716,-0.0214054356725,0.0615482875744,-2.02428878732
P5E-2021-SUMMER-SECOND-WIND,SECOND_WIND_TRANSITION,False,2021-07-20,near_event,sol_btc_log_return_40d,LEADERSHIP_MIGRATION,7,-0.285780555038,-0.342522279419,-0.386688740104,-0.0590720700028,-0.0590720700028,-0.352305902753,-0.29323383275,0.64209414506,0.635898975972,-1.04437136249
P5E-2021-SUMMER-SECOND-WIND,SECOND_WIND_TRANSITION,False,2021-07-20,near_event,bnb_btc_log_return_40d,LEADERSHIP_MIGRATION,7,-0.106528764952,-0.105103198458,-0.13077795893,-0.0779158838853,-0.118058180658,-0.0779158838853,0.0401422967732,0.132765280694,0.0959608630181,-1.67193255784
P5E-2021-SUMMER-SECOND-WIND,SECOND_WIND_TRANSITION,False,2021-07-20,near_event,brkk_return_dispersion_20d,LEADERSHIP_MIGRATION,7,0.0734536069176,0.0754828660208,0.0254942113516,0.107907893078,0.0254942113516,0.107907893078,0.0824136817269,0.172971471338,0.0903395002381,-0.727867248184
P5E-2021-SUMMER-SECOND-WIND,SECOND_WIND_TRANSITION,False,2021-07-20,near_event,alt_outperformance_breadth_20d,BREADTH,7,0.571428571429,0.666666666667,0.333333333333,1,1,0.333333333333,-0.666666666667,0.666666666667,0,
P5E-2021-SUMMER-SECOND-WIND,SECOND_WIND_TRANSITION,False,2021-07-20,near_event,canonical5_outperformance_breadth_20d,BREADTH,7,0.428571428571,0.5,0.25,0.75,0.75,0.25,-0.5,0.5,0,
P5E-2021-SUMMER-SECOND-WIND,SECOND_WIND_TRANSITION,False,2021-07-20,near_event,high_beta_participation_20d,BREADTH,7,0.571428571429,0.5,0.5,1,1,0.5,-0.5,0.75,0.25,-0.674490759477
P5E-2021-SUMMER-SECOND-WIND,SECOND_WIND_TRANSITION,False,2021-07-20,near_event,breadth_acceleration_10d,BREADTH,7,-0.0964285714286,-0.05,-0.275,0.225,0.225,-0.275,-0.5,-0.05,0.1,0
P5E-2021-SUMMER-SECOND-WIND,SECOND_WIND_TRANSITION,False,2021-07-20,near_event,breadth_contraction_from_10d_max,BREADTH,7,0.571428571429,0.5,0.25,0.75,0.25,0.75,0.5,0.25,0,
P5E-2021-SUMMER-SECOND-WIND,SECOND_WIND_TRANSITION,False,2021-07-20,immediate_after,btc_log_return_20d,BTC_TREND_MATURITY,28,0.194495587928,0.193729240157,-0.0453724152568,0.439950459205,-0.0414437549827,0.110514558895,0.151958313878,0.030811960361,0.0548090158419,2.00489277346
P5E-2021-SUMMER-SECOND-WIND,SECOND_WIND_TRANSITION,False,2021-07-20,immediate_after,btc_log_return_40d,BTC_TREND_MATURITY,28,0.152442626272,0.207061732414,-0.167779914761,0.334398986984,-0.149608657921,0.307148806265,0.456757464186,0.124671650333,0.190324491526,0.291982122696
P5E-2021-SUMMER-SECOND-WIND,SECOND_WIND_TRANSITION,False,2021-07-20,immediate_after,btc_log_slope_20d_ann,BTC_TREND_MATURITY,28,3.57920529923,4.35905073166,-2.29495588595,6.48780550457,-2.29495588595,3.51984786167,5.81480374762,-0.150748273839,1.16952819145,2.60089305973
P5E-2021-SUMMER-SECOND-WIND,SECOND_WIND_TRANSITION,False,2021-07-20,immediate_after,btc_log_slope_40d_ann,BTC_TREND_MATURITY,28,1.4365037399,1.42062325256,-1.64832764453,4.24071216615,-1.63536477967,4.24071216615,5.87607694582,0.608473348638,1.76847769853,0.309750926439
P5E-2021-SUMMER-SECOND-WIND,SECOND_WIND_TRANSITION,False,2021-07-20,immediate_after,btc_kama_gap,BTC_TREND_MATURITY,28,0.0529657097547,0.0660999171696,-0.0415938912665,0.129007192783,-0.0193771712903,0.0102091404257,0.029586311716,-0.00296688050057,0.0418720142699,1.11255495173
P5E-2021-SUMMER-SECOND-WIND,SECOND_WIND_TRANSITION,False,2021-07-20,immediate_after,btc_kama_slope_10d,BTC_TREND_MATURITY,28,0.0845477205428,0.0910751309197,-0.0658844190885,0.225360828501,-0.0658844190885,0.0938106139598,0.159695033048,-0.00695931786662,0.0168686692778,3.91989010679
P5E-2021-SUMMER-SECOND-WIND,SECOND_WIND_TRANSITION,False,2021-07-20,immediate_after,btc_distance_from_90d_high,BTC_TREND_MATURITY,28,-0.24442238932,-0.300701470642,-0.453900942967,0,-0.453900942967,-0.0649382845188,0.388962658449,-0.101066258204,0.0709078066022,-1.89897435146
P5E-2021-SUMMER-SECOND-WIND,SECOND_WIND_TRANSITION,False,2021-07-20,immediate_after,btc_consolidation_duration_5pct,BTC_TREND_MATURITY,28,0.357142857143,0,0,4,0,0,0,0,0,
P5E-2021-SUMMER-SECOND-WIND,SECOND_WIND_TRANSITION,False,2021-07-20,immediate_after,btc_rv20_ann,BTC_TREND_MATURITY,28,0.622785621942,0.631225505493,0.553544228996,0.67420055163,0.556268591092,0.65305286792,0.096784276828,0.772658942566,0.0844444382598,-1.12968418469
P5E-2021-SUMMER-SECOND-WIND,SECOND_WIND_TRANSITION,False,2021-07-20,immediate_after,btc_rv20_to_rv60,BTC_TREND_MATURITY,28,0.789703833305,0.792681215883,0.631463520364,0.912625540453,0.631463520364,0.910564607969,0.279101087604,0.992525843703,0.190855286022,-0.706259478612
P5E-2021-SUMMER-SECOND-WIND,SECOND_WIND_TRANSITION,False,2021-07-20,immediate_after,btc_daily_rsi14,MOMENTUM_EXHAUSTION,28,64.0871559135,66.1588891726,45.8459013104,74.7805730052,45.8459013104,58.6449076124,12.799006302,53.5120305559,7.15707444265,1.19185420547
P5E-2021-SUMMER-SECOND-WIND,SECOND_WIND_TRANSITION,False,2021-07-20,immediate_after,btc_daily_rsi28,MOMENTUM_EXHAUSTION,28,56.1191065119,56.9813815158,44.0521165368,63.0621162554,44.0521165368,57.3586168407,13.306500304,56.3301172701,5.57727733544,0.0787609597416
P5E-2021-SUMMER-SECOND-WIND,SECOND_WIND_TRANSITION,False,2021-07-20,immediate_after,btc_4h_rsi14,MOMENTUM_EXHAUSTION,28,59.9632195067,61.8299085115,33.7416093514,75.1670218409,33.7416093514,45.9237199475,12.1821105961,52.7692500142,8.13008519699,0.751693282801
P5E-2021-SUMMER-SECOND-WIND,SECOND_WIND_TRANSITION,False,2021-07-20,immediate_after,btc_4h_rsi28,MOMENTUM_EXHAUSTION,28,59.0905947088,60.2942429932,37.9003595531,68.044614137,37.9003595531,52.3939734214,14.4936138683,52.0125321308,6.39397492151,0.873625173374
P5E-2021-SUMMER-SECOND-WIND,SECOND_WIND_TRANSITION,False,2021-07-20,immediate_after,btc_price_rsi_rank_divergence_20d,MOMENTUM_EXHAUSTION,28,0.114285714286,0.075,-0.4,0.55,-0.4,0.55,0.95,0.05,0.1,0.168622689869
P5E-2021-SUMMER-SECOND-WIND,SECOND_WIND_TRANSITION,False,2021-07-20,immediate_after,btc_rsi14_extreme_persistence_14d,MOMENTUM_EXHAUSTION,28,0.206632653061,0.25,0,0.428571428571,0,0.214285714286,0.214285714286,0,0,
P5E-2021-SUMMER-SECOND-WIND,SECOND_WIND_TRANSITION,False,2021-07-20,immediate_after,btc_rsi14_failure_from_14d_max,MOMENTUM_EXHAUSTION,28,5.35252833125,4.11698131401,0,18.3901813957,2.05370578401,13.9507348387,11.8970290547,6.94489455209,5.6201863123,-0.339384006454
P5E-2021-SUMMER-SECOND-WIND,SECOND_WIND_TRANSITION,False,2021-07-20,immediate_after,eth_btc_log_return_20d,LEADERSHIP_MIGRATION,28,0.0487699626236,0.0843905012771,-0.160336819132,0.174899820594,-0.0126466761357,0.15869643449,0.171343110626,-0.085881691542,0.0378690216043,3.03274327635
P5E-2021-SUMMER-SECOND-WIND,SECOND_WIND_TRANSITION,False,2021-07-20,immediate_after,sol_btc_log_return_20d,LEADERSHIP_MIGRATION,28,0.000656366988604,-0.0220433375965,-0.419100992204,0.722558325245,-0.178578826298,0.722558325245,0.901137151543,-0.0620372189436,0.110845596434,0.243361074071
P5E-2021-SUMMER-SECOND-WIND,SECOND_WIND_TRANSITION,False,2021-07-20,immediate_after,bnb_btc_log_return_20d,LEADERSHIP_MIGRATION,28,-0.075333089353,-0.111583228806,-0.210710771562,0.136684053186,0.0615239902007,0.136684053186,0.0751600629857,0.00901998919944,0.0632752468535,-1.28558575672
P5E-2021-SUMMER-SECOND-WIND,SECOND_WIND_TRANSITION,False,2021-07-20,immediate_after,eth_btc_log_return_40d,LEADERSHIP_MIGRATION,28,0.0473571742829,0.0483173593808,-0.081400040322,0.199442432159,-0.0156169534901,0.0456790813963,0.0612960348864,-0.172566786877,0.067232408721,2.21595980867
P5E-2021-SUMMER-SECOND-WIND,SECOND_WIND_TRANSITION,False,2021-07-20,immediate_after,sol_btc_log_return_40d,LEADERSHIP_MIGRATION,28,-0.0874514733733,-0.0866219155429,-0.389177350773,0.352852947448,-0.153598344154,0.352852947448,0.506451291602,0.241830897569,0.403147478085,-0.549521947701
P5E-2021-SUMMER-SECOND-WIND,SECOND_WIND_TRANSITION,False,2021-07-20,immediate_after,bnb_btc_log_return_40d,LEADERSHIP_MIGRATION,28,-0.0652932750288,-0.0514716160641,-0.220105925539,0.0347106201795,-0.0150477250752,-0.0482181623202,-0.0331704372449,0.166415815495,0.180070281421,-0.816142775105
P5E-2021-SUMMER-SECOND-WIND,SECOND_WIND_TRANSITION,False,2021-07-20,immediate_after,brkk_return_dispersion_20d,LEADERSHIP_MIGRATION,28,0.103399976236,0.0895623188715,0.049447728716,0.276996283993,0.0889240074736,0.276996283993,0.188072276519,0.0789295421886,0.0299218332181,0.239681491702
P5E-2021-SUMMER-SECOND-WIND,SECOND_WIND_TRANSITION,False,2021-07-20,immediate_after,alt_outperformance_breadth_20d,BREADTH,28,0.464285714286,0.5,0,1,0.333333333333,1,0.666666666667,0.333333333333,0.333333333333,0.337245379738
P5E-2021-SUMMER-SECOND-WIND,SECOND_WIND_TRANSITION,False,2021-07-20,immediate_after,canonical5_outperformance_breadth_20d,BREADTH,28,0.419642857143,0.375,0,1,0.25,1,0.75,0.25,0.25,0.337245379738
P5E-2021-SUMMER-SECOND-WIND,SECOND_WIND_TRANSITION,False,2021-07-20,immediate_after,high_beta_participation_20d,BREADTH,28,0.392857142857,0.5,0,1,0.5,1,0.5,0.5,0.5,0
P5E-2021-SUMMER-SECOND-WIND,SECOND_WIND_TRANSITION,False,2021-07-20,immediate_after,breadth_acceleration_10d,BREADTH,28,0.0830357142857,0.175,-0.275,0.375,-0.225,0.2,0.425,-0.05,0.075,2.02347227843
P5E-2021-SUMMER-SECOND-WIND,SECOND_WIND_TRANSITION,False,2021-07-20,immediate_after,breadth_contraction_from_10d_max,BREADTH,28,0.151785714286,0,0,0.75,0.75,0,-0.75,0.25,0.25,-0.674490759477
P5E-2021-SUMMER-SECOND-WIND,SECOND_WIND_TRANSITION,False,2021-07-20,medium_after,btc_log_return_20d,BTC_TREND_MATURITY,62,0.0688003602332,0.060572780307,-0.19899521852,0.413073907771,0.110800469871,0.413073907771,0.3022734379,0.000755527703618,0.085095390214,0.474128904477
P5E-2021-SUMMER-SECOND-WIND,SECOND_WIND_TRANSITION,False,2021-07-20,medium_after,btc_log_return_40d,BTC_TREND_MATURITY,62,0.162593602362,0.140554153291,-0.172101441749,0.492886358601,0.27916339453,0.297602019342,0.0184386248118,0.0435747491473,0.130631889362,0.500733107926
P5E-2021-SUMMER-SECOND-WIND,SECOND_WIND_TRANSITION,False,2021-07-20,medium_after,btc_log_slope_20d_ann,BTC_TREND_MATURITY,62,1.32966807623,1.01572791235,-2.48197074147,7.45210241991,3.24583624205,6.69687077866,3.45103453661,0.108582779267,1.75274708323,0.349086879462
P5E-2021-SUMMER-SECOND-WIND,SECOND_WIND_TRANSITION,False,2021-07-20,medium_after,btc_log_slope_40d_ann,BTC_TREND_MATURITY,62,1.34957388123,1.12935047342,-1.52158832749,4.65195358414,4.2896780563,3.00515644455,-1.28452161175,0.447150970233,1.15168286782,0.399534692993
P5E-2021-SUMMER-SECOND-WIND,SECOND_WIND_TRANSITION,False,2021-07-20,medium_after,btc_kama_gap,BTC_TREND_MATURITY,62,0.0232063333545,0.043768929661,-0.129904798749,0.126601555753,0.0102805959712,0.0611093236498,0.0508287276786,0.00489725443393,0.0310249876158,0.84507965227
P5E-2021-SUMMER-SECOND-WIND,SECOND_WIND_TRANSITION,False,2021-07-20,medium_after,btc_kama_slope_10d,BTC_TREND_MATURITY,62,0.0445940354566,0.0296155605613,-0.0489563372629,0.198969379781,0.0889832149769,0.142984757972,0.0540015429954,0.00307386961251,0.0311805414445,0.574144144279
P5E-2021-SUMMER-SECOND-WIND,SECOND_WIND_TRANSITION,False,2021-07-20,medium_after,btc_distance_from_90d_high,BTC_TREND_MATURITY,62,-0.0710030831487,-0.0494444708252,-0.226521772979,0,-0.0647428870293,0,0.0647428870293,-0.0928870693612,0.05234604993,0.559767763171
P5E-2021-SUMMER-SECOND-WIND,SECOND_WIND_TRANSITION,False,2021-07-20,medium_after,btc_consolidation_duration_5pct,BTC_TREND_MATURITY,62,2.6935483871,0.5,0,14,0,14,14,0,0,
P5E-2021-SUMMER-SECOND-WIND,SECOND_WIND_TRANSITION,False,2021-07-20,medium_after,btc_rv20_ann,BTC_TREND_MATURITY,62,0.70819269175,0.698899127863,0.529337452139,0.891282178334,0.653006887067,0.646937889967,-0.00606899710051,0.568020362277,0.0861967926653,1.02412764176
P5E-2021-SUMMER-SECOND-WIND,SECOND_WIND_TRANSITION,False,2021-07-20,medium_after,btc_rv20_to_rv60,BTC_TREND_MATURITY,62,1.04815604198,1.04014403761,0.887454230782,1.23076993178,0.911386085726,0.900339745803,-0.0110463399232,0.853314865875,0.132314470942,0.952386757362
P5E-2021-SUMMER-SECOND-WIND,SECOND_WIND_TRANSITION,False,2021-07-20,medium_after,btc_daily_rsi14,MOMENTUM_EXHAUSTION,62,57.0243966584,58.8036131058,34.497488136,74.4979572371,58.6704547016,73.2984217693,14.6279670677,52.9481724203,7.9883783977,0.494398291921
P5E-2021-SUMMER-SECOND-WIND,SECOND_WIND_TRANSITION,False,2021-07-20,medium_after,btc_daily_rsi28,MOMENTUM_EXHAUSTION,62,56.3347763062,57.2387733919,43.6454390497,66.4650612315,57.3711336191,66.1541739852,8.78304036611,53.0677880593,5.06638089239,0.555286135116
P5E-2021-SUMMER-SECOND-WIND,SECOND_WIND_TRANSITION,False,2021-07-20,medium_after,btc_4h_rsi14,MOMENTUM_EXHAUSTION,62,54.0256689116,57.1234555323,18.8947700405,85.5059750131,38.9852641925,64.2052088439,25.2199446514,50.0343365383,7.82885122819,0.610759499053
P5E-2021-SUMMER-SECOND-WIND,SECOND_WIND_TRANSITION,False,2021-07-20,medium_after,btc_4h_rsi28,MOMENTUM_EXHAUSTION,62,53.4497423578,54.4738458819,29.0266773672,75.5294384773,47.0599989813,63.8021654832,16.7421665019,50.4558467866,5.23423927681,0.517764496045
P5E-2021-SUMMER-SECOND-WIND,SECOND_WIND_TRANSITION,False,2021-07-20,medium_after,btc_price_rsi_rank_divergence_20d,MOMENTUM_EXHAUSTION,62,0.133064516129,0,-0.2,0.6,0.5,0.05,-0.45,0,0.1,0
P5E-2021-SUMMER-SECOND-WIND,SECOND_WIND_TRANSITION,False,2021-07-20,medium_after,btc_rsi14_extreme_persistence_14d,MOMENTUM_EXHAUSTION,62,0.0552995391705,0,0,0.428571428571,0.214285714286,0.428571428571,0.214285714286,0,0,
P5E-2021-SUMMER-SECOND-WIND,SECOND_WIND_TRANSITION,False,2021-07-20,medium_after,btc_rsi14_failure_from_14d_max,MOMENTUM_EXHAUSTION,62,9.548377026,8.58992878214,0,25.5189758655,13.9251877494,1.19953546779,-12.7256522816,7.58473412328,6.02461118476,0.112537471396
P5E-2021-SUMMER-SECOND-WIND,SECOND_WIND_TRANSITION,False,2021-07-20,medium_after,eth_btc_log_return_20d,LEADERSHIP_MIGRATION,62,-0.00705713784115,-0.0337420879446,-0.145385366511,0.154808865766,0.124323469013,-0.124034424665,-0.248357893678,0.0867974712205,0.0967787816766,-0.840089298498
P5E-2021-SUMMER-SECOND-WIND,SECOND_WIND_TRANSITION,False,2021-07-20,medium_after,sol_btc_log_return_20d,LEADERSHIP_MIGRATION,62,0.366888765007,0.467859772404,-0.258358055718,1.13857459535,0.733492583316,-0.240379990583,-0.973872573898,0.0528862046757,0.103917022819,2.69345511705
P5E-2021-SUMMER-SECOND-WIND,SECOND_WIND_TRANSITION,False,2021-07-20,medium_after,bnb_btc_log_return_20d,LEADERSHIP_MIGRATION,62,-0.00759434317655,-0.0259060568628,-0.1843303506,0.250024549497,0.111996050917,-0.0372737136404,-0.149269764557,0.0558431983245,0.105726806019,-0.521524477039
P5E-2021-SUMMER-SECOND-WIND,SECOND_WIND_TRANSITION,False,2021-07-20,medium_after,eth_btc_log_return_40d,LEADERSHIP_MIGRATION,62,0.0433738167666,0.0525193505806,-0.24064945252,0.269777784979,0.0602203095547,-0.229668296723,-0.289888606278,0.1098868465,0.128295939621,-0.301598367072
P5E-2021-SUMMER-SECOND-WIND,SECOND_WIND_TRANSITION,False,2021-07-20,medium_after,sol_btc_log_return_40d,LEADERSHIP_MIGRATION,62,0.815386232722,0.839778879615,-0.492970309342,1.68852056843,0.500661173588,-0.492970309342,-0.99363148293,0.076412776403,0.14435909389,3.56668477781
P5E-2021-SUMMER-SECOND-WIND,SECOND_WIND_TRANSITION,False,2021-07-20,medium_after,bnb_btc_log_return_40d,LEADERSHIP_MIGRATION,62,-0.024744388092,-0.0174817206349,-0.332831155969,0.205102899299,-0.0565561123724,-0.141937855461,-0.0853817430885,0.0758123985965,0.146003845999,-0.430988792826
P5E-2021-SUMMER-SECOND-WIND,SECOND_WIND_TRANSITION,False,2021-07-20,medium_after,brkk_return_dispersion_20d,LEADERSHIP_MIGRATION,62,0.207045462356,0.208241372039,0.0226773116234,0.46031456387,0.287609514467,0.0924906344998,-0.195118879967,0.0871118885568,0.0274717240831,2.97399307963
P5E-2021-SUMMER-SECOND-WIND,SECOND_WIND_TRANSITION,False,2021-07-20,medium_after,alt_outperformance_breadth_20d,BREADTH,62,0.47311827957,0.666666666667,0,1,1,0,-1,0.666666666667,0.333333333333,0
P5E-2021-SUMMER-SECOND-WIND,SECOND_WIND_TRANSITION,False,2021-07-20,medium_after,canonical5_outperformance_breadth_20d,BREADTH,62,0.427419354839,0.5,0,1,1,0,-1,0.5,0.25,0
P5E-2021-SUMMER-SECOND-WIND,SECOND_WIND_TRANSITION,False,2021-07-20,medium_after,high_beta_participation_20d,BREADTH,62,0.508064516129,0.5,0,1,1,0,-1,0.5,0.5,0
P5E-2021-SUMMER-SECOND-WIND,SECOND_WIND_TRANSITION,False,2021-07-20,medium_after,breadth_acceleration_10d,BREADTH,62,-0.0661290322581,-0.075,-0.325,0.2,0.15,0,-0.15,0.0125,0.1125,-0.524603924037
P5E-2021-SUMMER-SECOND-WIND,SECOND_WIND_TRANSITION,False,2021-07-20,medium_after,breadth_contraction_from_10d_max,BREADTH,62,0.241935483871,0.25,0,0.5,0,0,0,0,0,
P5E-2021-NOV-TERMINAL-TOP,TERMINAL_TOP_BEAR_TRANSITION,True,2021-11-08,early_warning,btc_log_return_20d,BTC_TREND_MATURITY,14,0.316752408251,0.31812442021,0.212047896292,0.436979403024,0.34421410944,0.212047896292,-0.132166213149,0.0895088842087,0.132691383645,1.16208801408
P5E-2021-NOV-TERMINAL-TOP,TERMINAL_TOP_BEAR_TRANSITION,True,2021-11-08,early_warning,btc_log_return_40d,BTC_TREND_MATURITY,14,0.238066723143,0.264092217628,0.128455725863,0.386332227281,0.163340699364,0.25593074482,0.0925900454563,0.347072013433,0.0998727764841,-0.560404020638
P5E-2021-NOV-TERMINAL-TOP,TERMINAL_TOP_BEAR_TRANSITION,True,2021-11-08,early_warning,btc_log_slope_20d_ann,BTC_TREND_MATURITY,14,6.18380107018,6.46550988457,3.65327943739,7.45210241991,6.31323510064,3.65327943739,-2.65995566324,1.43405246584,2.16506091005,1.56747162164
P5E-2021-NOV-TERMINAL-TOP,TERMINAL_TOP_BEAR_TRANSITION,True,2021-11-08,early_warning,btc_log_slope_40d_ann,BTC_TREND_MATURITY,14,2.65039181393,2.88045749074,0.680389452979,4.04645263112,0.680389452979,4.04645263112,3.36606317815,2.2394973342,1.33334300259,0.324238925723
P5E-2021-NOV-TERMINAL-TOP,TERMINAL_TOP_BEAR_TRANSITION,True,2021-11-08,early_warning,btc_kama_gap,BTC_TREND_MATURITY,14,0.0462475103458,0.0549186037874,-0.00850801671852,0.0949172948761,0.0683895152946,-0.00566960305713,-0.0740591183517,0.0500264608607,0.0417466923959,0.0790411170012
P5E-2021-NOV-TERMINAL-TOP,TERMINAL_TOP_BEAR_TRANSITION,True,2021-11-08,early_warning,btc_kama_slope_10d,BTC_TREND_MATURITY,14,0.158045710361,0.153401664631,0.110355944918,0.198969379781,0.185923957876,0.110355944918,-0.0755680129576,0.0289828035595,0.0428528480186,1.95831493068
P5E-2021-NOV-TERMINAL-TOP,TERMINAL_TOP_BEAR_TRANSITION,True,2021-11-08,early_warning,btc_distance_from_90d_high,BTC_TREND_MATURITY,14,-0.0237517761622,-0.00224185370872,-0.0805011589904,0,0,-0.0780163635898,-0.0780163635898,-0.0249122840479,0.0249122840479,0.61379341002
P5E-2021-NOV-TERMINAL-TOP,TERMINAL_TOP_BEAR_TRANSITION,True,2021-11-08,early_warning,btc_consolidation_duration_5pct,BTC_TREND_MATURITY,14,8.21428571429,9.5,0,16,7,0,-7,2.5,2.5,1.88857412653
P5E-2021-NOV-TERMINAL-TOP,TERMINAL_TOP_BEAR_TRANSITION,True,2021-11-08,early_warning,btc_rv20_ann,BTC_TREND_MATURITY,14,0.665279272558,0.648372073017,0.630323906467,0.713182686353,0.713182686353,0.646635691682,-0.0665469946717,0.536399533768,0.195916887306,0.385492256831
P5E-2021-NOV-TERMINAL-TOP,TERMINAL_TOP_BEAR_TRANSITION,True,2021-11-08,early_warning,btc_rv20_to_rv60,BTC_TREND_MATURITY,14,0.922009755299,0.910822238955,0.862260709776,0.984053613221,0.979242653432,0.891173200242,-0.0880694531901,0.99008418923,0.124549004872,-0.429240306603
P5E-2021-NOV-TERMINAL-TOP,TERMINAL_TOP_BEAR_TRANSITION,True,2021-11-08,early_warning,btc_daily_rsi14,MOMENTUM_EXHAUSTION,14,69.2759602157,69.7964300187,60.7668032595,78.2416790234,71.1971025547,60.7668032595,-10.4302992952,61.8858657476,10.55335837,0.505583371286
P5E-2021-NOV-TERMINAL-TOP,TERMINAL_TOP_BEAR_TRANSITION,True,2021-11-08,early_warning,btc_daily_rsi28,MOMENTUM_EXHAUSTION,14,64.0998151325,63.3853099272,60.8518079903,69.4816506034,63.5646349308,60.8518079903,-2.71282694052,60.0410083347,7.54847011662,0.298828833678
P5E-2021-NOV-TERMINAL-TOP,TERMINAL_TOP_BEAR_TRANSITION,True,2021-11-08,early_warning,btc_4h_rsi14,MOMENTUM_EXHAUSTION,14,58.7706001319,60.1667332222,38.8130152852,73.0171554395,55.5163038102,44.1764558105,-11.3398479997,56.2399971272,7.11310128299,0.372347743358
P5E-2021-NOV-TERMINAL-TOP,TERMINAL_TOP_BEAR_TRANSITION,True,2021-11-08,early_warning,btc_4h_rsi28,MOMENTUM_EXHAUSTION,14,60.6784937496,61.5602711446,48.1382917943,68.0583434805,61.1469252065,49.9324202687,-11.2145049378,54.832052947,5.42577387822,0.836400687514
P5E-2021-NOV-TERMINAL-TOP,TERMINAL_TOP_BEAR_TRANSITION,True,2021-11-08,early_warning,btc_price_rsi_rank_divergence_20d,MOMENTUM_EXHAUSTION,14,0.182142857143,0.05,0,0.65,0,0.55,0.55,0.05,0.175,1.0697645301e-16
P5E-2021-NOV-TERMINAL-TOP,TERMINAL_TOP_BEAR_TRANSITION,True,2021-11-08,early_warning,btc_rsi14_extreme_persistence_14d,MOMENTUM_EXHAUSTION,14,0.34693877551,0.392857142857,0.142857142857,0.5,0.142857142857,0.5,0.357142857143,0,0,
P5E-2021-NOV-TERMINAL-TOP,TERMINAL_TOP_BEAR_TRANSITION,True,2021-11-08,early_warning,btc_rsi14_failure_from_14d_max,MOMENTUM_EXHAUSTION,14,5.74232058807,2.78702661981,0,17.4748757638,0,17.4748757638,17.4748757638,5.81930035139,3.60287467836,-0.567669096136
P5E-2021-NOV-TERMINAL-TOP,TERMINAL_TOP_BEAR_TRANSITION,True,2021-11-08,early_warning,eth_btc_log_return_20d,LEADERSHIP_MIGRATION,14,-0.087015337663,-0.0921814598777,-0.129386882977,-0.0251208254231,-0.0968547707883,-0.0251208254231,0.0717339453652,0.0326272322803,0.0685174948848,-1.22862503518
P5E-2021-NOV-TERMINAL-TOP,TERMINAL_TOP_BEAR_TRANSITION,True,2021-11-08,early_warning,sol_btc_log_return_20d,LEADERSHIP_MIGRATION,14,-0.180187555865,-0.192953626504,-0.295659565259,-0.0218593223461,-0.191685378032,-0.0218593223461,0.169826055686,0.097577644935,0.30707181567,-0.638159049202
P5E-2021-NOV-TERMINAL-TOP,TERMINAL_TOP_BEAR_TRANSITION,True,2021-11-08,early_warning,bnb_btc_log_return_20d,LEADERSHIP_MIGRATION,14,-0.0915784984939,-0.097494409493,-0.162328187591,-0.00600874010139,-0.162328187591,-0.102193622194,0.0601345653971,0.0824493282032,0.0834109434606,-1.45508950344
P5E-2021-NOV-TERMINAL-TOP,TERMINAL_TOP_BEAR_TRANSITION,True,2021-11-08,early_warning,eth_btc_log_return_40d,LEADERSHIP_MIGRATION,14,-0.164553824302,-0.166670795151,-0.24064945252,-0.0724672004311,-0.24064945252,-0.0830963437156,0.157553108804,0.056136721709,0.204038750218,-0.736534658752
P5E-2021-NOV-TERMINAL-TOP,TERMINAL_TOP_BEAR_TRANSITION,True,2021-11-08,early_warning,sol_btc_log_return_40d,LEADERSHIP_MIGRATION,14,-0.186433459873,-0.156966272006,-0.513528157981,0.104891406931,0.104891406931,-0.0151194184703,-0.120010825401,0.25194929216,0.400474989881,-0.688706601923
P5E-2021-NOV-TERMINAL-TOP,TERMINAL_TOP_BEAR_TRANSITION,True,2021-11-08,early_warning,bnb_btc_log_return_40d,LEADERSHIP_MIGRATION,14,-0.180899678198,-0.171793868114,-0.332831155969,-0.114251883314,-0.332831155969,-0.117523496034,0.215307659935,0.0307187168272,0.0984400435606,-1.38757422569
P5E-2021-NOV-TERMINAL-TOP,TERMINAL_TOP_BEAR_TRANSITION,True,2021-11-08,early_warning,brkk_return_dispersion_20d,LEADERSHIP_MIGRATION,14,0.0728954695825,0.074064243347,0.0386950218027,0.104931941284,0.073576502818,0.0386950218027,-0.0348814810153,0.121383396571,0.064538834859,-0.494529095013
P5E-2021-NOV-TERMINAL-TOP,TERMINAL_TOP_BEAR_TRANSITION,True,2021-11-08,early_warning,alt_outperformance_breadth_20d,BREADTH,14,0,0,0,0,0,0,0,0.666666666667,0.333333333333,-1.34898151895
P5E-2021-NOV-TERMINAL-TOP,TERMINAL_TOP_BEAR_TRANSITION,True,2021-11-08,early_warning,canonical5_outperformance_breadth_20d,BREADTH,14,0,0,0,0,0,0,0,0.75,0.25,-2.02347227843
P5E-2021-NOV-TERMINAL-TOP,TERMINAL_TOP_BEAR_TRANSITION,True,2021-11-08,early_warning,high_beta_participation_20d,BREADTH,14,0,0,0,0,0,0,0,0.75,0.25,-2.02347227843
P5E-2021-NOV-TERMINAL-TOP,TERMINAL_TOP_BEAR_TRANSITION,True,2021-11-08,early_warning,breadth_acceleration_10d,BREADTH,14,-0.00892857142857,0,-0.05,0,-0.05,0,0.05,0,0.125,0
P5E-2021-NOV-TERMINAL-TOP,TERMINAL_TOP_BEAR_TRANSITION,True,2021-11-08,early_warning,breadth_contraction_from_10d_max,BREADTH,14,0.0535714285714,0,0,0.25,0.25,0,-0.25,0,0,
P5E-2021-NOV-TERMINAL-TOP,TERMINAL_TOP_BEAR_TRANSITION,True,2021-11-08,target_lead,btc_log_return_20d,BTC_TREND_MATURITY,8,0.110703427414,0.101289204836,0.0644900175336,0.203346645172,0.203346645172,0.0841187204871,-0.119227924684,0.127208351272,0.205904321304,-0.0849046035242
P5E-2021-NOV-TERMINAL-TOP,TERMINAL_TOP_BEAR_TRANSITION,True,2021-11-08,target_lead,btc_log_return_40d,BTC_TREND_MATURITY,8,0.290748637892,0.273298662704,0.211036127678,0.408704126974,0.270657228965,0.335652623657,0.064995394692,0.203062591735,0.253540587619,0.186848114911
P5E-2021-NOV-TERMINAL-TOP,TERMINAL_TOP_BEAR_TRANSITION,True,2021-11-08,target_lead,btc_log_slope_20d_ann,BTC_TREND_MATURITY,8,1.78405418975,1.69332394524,0.321839806702,3.29775404471,3.29775404471,0.321839806702,-2.975914238,2.9833617162,4.06618692936,-0.213988823191
P5E-2021-NOV-TERMINAL-TOP,TERMINAL_TOP_BEAR_TRANSITION,True,2021-11-08,target_lead,btc_log_slope_40d_ann,BTC_TREND_MATURITY,8,4.33007542083,4.33966755031,4.10111785592,4.51606585281,4.23172455296,4.10111785592,-0.130606697039,2.01729961081,2.33461358689,0.670952882351
P5E-2021-NOV-TERMINAL-TOP,TERMINAL_TOP_BEAR_TRANSITION,True,2021-11-08,target_lead,btc_kama_gap,BTC_TREND_MATURITY,8,-0.00143464837239,-0.00126055563793,-0.0445896932778,0.0302343656781,0.0302343656781,-0.00442461505019,-0.0346589807283,0.0299726863565,0.0598170839786,-0.352182549073
P5E-2021-NOV-TERMINAL-TOP,TERMINAL_TOP_BEAR_TRANSITION,True,2021-11-08,target_lead,btc_kama_slope_10d,BTC_TREND_MATURITY,8,0.0371180857098,0.0357836982271,-0.000898997187304,0.0870201082337,0.0870201082337,-0.000443907062362,-0.087464015296,0.0883569849308,0.121019937429,-0.293011191628
P5E-2021-NOV-TERMINAL-TOP,TERMINAL_TOP_BEAR_TRANSITION,True,2021-11-08,target_lead,btc_distance_from_90d_high,BTC_TREND_MATURITY,8,-0.0744123307366,-0.0741795516187,-0.114966786316,-0.0442813267171,-0.0442813267171,-0.0771241099243,-0.0328427832072,-0.0858433272357,0.0779198726861,0.10096408789
P5E-2021-NOV-TERMINAL-TOP,TERMINAL_TOP_BEAR_TRANSITION,True,2021-11-08,target_lead,btc_consolidation_duration_5pct,BTC_TREND_MATURITY,8,0.125,0,0,1,1,0,-1,0,0,
P5E-2021-NOV-TERMINAL-TOP,TERMINAL_TOP_BEAR_TRANSITION,True,2021-11-08,target_lead,btc_rv20_ann,BTC_TREND_MATURITY,8,0.62510905409,0.6278064052,0.599050464669,0.640251024902,0.638859282674,0.599050464669,-0.0398088180059,0.687091261371,0.0544428981356,-0.734477572538
P5E-2021-NOV-TERMINAL-TOP,TERMINAL_TOP_BEAR_TRANSITION,True,2021-11-08,target_lead,btc_rv20_to_rv60,BTC_TREND_MATURITY,8,0.861630789812,0.860350436693,0.827123212955,0.887653602379,0.887653602379,0.827123212955,-0.0605303894243,1.06665746709,0.109058167358,-1.27594465403
P5E-2021-NOV-TERMINAL-TOP,TERMINAL_TOP_BEAR_TRANSITION,True,2021-11-08,target_lead,btc_daily_rsi14,MOMENTUM_EXHAUSTION,8,57.7690010162,57.0426527133,52.2252400389,64.8369533101,64.8369533101,56.0035536581,-8.83339965197,60.3120922753,15.7844104579,-0.139707895907
P5E-2021-NOV-TERMINAL-TOP,TERMINAL_TOP_BEAR_TRANSITION,True,2021-11-08,target_lead,btc_daily_rsi28,MOMENTUM_EXHAUSTION,8,59.0986572074,58.7738987949,56.2410248298,62.977454645,62.977454645,58.099052067,-4.87840257793,60.4872774422,11.62490618,-0.0994122487729
P5E-2021-NOV-TERMINAL-TOP,TERMINAL_TOP_BEAR_TRANSITION,True,2021-11-08,target_lead,btc_4h_rsi14,MOMENTUM_EXHAUSTION,8,47.9707136537,49.7415513928,33.0993192925,56.9649650296,44.4941138985,50.8727118689,6.37859797046,55.1266125516,12.4114615945,-0.292646757451
P5E-2021-NOV-TERMINAL-TOP,TERMINAL_TOP_BEAR_TRANSITION,True,2021-11-08,target_lead,btc_4h_rsi28,MOMENTUM_EXHAUSTION,8,49.4980155502,49.6857729575,41.3438389486,55.1071040216,48.9457027157,50.4258431994,1.4801404837,58.7882962886,9.80867514322,-0.625932430738
P5E-2021-NOV-TERMINAL-TOP,TERMINAL_TOP_BEAR_TRANSITION,True,2021-11-08,target_lead,btc_price_rsi_rank_divergence_20d,MOMENTUM_EXHAUSTION,8,0.45625,0.375,0.35,0.7,0.7,0.35,-0.35,0,0.075,3.37245379738
P5E-2021-NOV-TERMINAL-TOP,TERMINAL_TOP_BEAR_TRANSITION,True,2021-11-08,target_lead,btc_rsi14_extreme_persistence_14d,MOMENTUM_EXHAUSTION,8,0.339285714286,0.392857142857,0.142857142857,0.428571428571,0.428571428571,0.142857142857,-0.285714285714,0.214285714286,0.214285714286,0.562075632897
P5E-2021-NOV-TERMINAL-TOP,TERMINAL_TOP_BEAR_TRANSITION,True,2021-11-08,target_lead,btc_rsi14_failure_from_14d_max,MOMENTUM_EXHAUSTION,8,20.4726780071,21.1990263101,13.4047257133,26.0164389845,13.4047257133,22.2381253652,8.83339965197,14.4485264679,7.63531949898,0.596327339807
P5E-2021-NOV-TERMINAL-TOP,TERMINAL_TOP_BEAR_TRANSITION,True,2021-11-08,target_lead,eth_btc_log_return_20d,LEADERSHIP_MIGRATION,8,0.0709222700265,0.0780402955085,-0.0205401792104,0.128684741775,-0.0205401792104,0.128684741775,0.149224920985,-0.0142936558819,0.0789531732529,0.788801696409
P5E-2021-NOV-TERMINAL-TOP,TERMINAL_TOP_BEAR_TRANSITION,True,2021-11-08,target_lead,sol_btc_log_return_20d,LEADERSHIP_MIGRATION,8,0.144837308894,0.139504264709,0.0386915051918,0.271054208912,0.0386915051918,0.20752738605,0.168835880858,0.183745627323,0.324317318986,-0.0920098573932
P5E-2021-NOV-TERMINAL-TOP,TERMINAL_TOP_BEAR_TRANSITION,True,2021-11-08,target_lead,bnb_btc_log_return_20d,LEADERSHIP_MIGRATION,8,0.0545555534209,0.0739947836962,-0.110527690753,0.174456355496,-0.110527690753,0.131885493648,0.242413184401,0.0652007942535,0.0992768466183,0.0597467065092
P5E-2021-NOV-TERMINAL-TOP,TERMINAL_TOP_BEAR_TRANSITION,True,2021-11-08,target_lead,eth_btc_log_return_40d,LEADERSHIP_MIGRATION,8,-0.0283016325725,-0.000959326885292,-0.115425095681,0.0295659654476,-0.115425095681,0.00354172879725,0.118966824478,0.0637412692042,0.0588851102576,-0.741103379174
P5E-2021-NOV-TERMINAL-TOP,TERMINAL_TOP_BEAR_TRANSITION,True,2021-11-08,target_lead,sol_btc_log_return_40d,LEADERSHIP_MIGRATION,8,0.00736000754405,0.00981343328305,-0.082664275303,0.0793688308799,0.00743813440486,-0.0153703458459,-0.0228084802508,0.276226159194,0.552177671117,-0.325425911321
P5E-2021-NOV-TERMINAL-TOP,TERMINAL_TOP_BEAR_TRANSITION,True,2021-11-08,target_lead,bnb_btc_log_return_40d,LEADERSHIP_MIGRATION,8,-0.0477005734186,-0.0307185960834,-0.153106077368,0.0390902968562,-0.153106077368,0.0390902968562,0.192196374224,0.0608554568141,0.0646096128323,-0.955985491624
P5E-2021-NOV-TERMINAL-TOP,TERMINAL_TOP_BEAR_TRANSITION,True,2021-11-08,target_lead,brkk_return_dispersion_20d,LEADERSHIP_MIGRATION,8,0.0618751955697,0.0589694479533,0.0338907137433,0.0976105188084,0.0547767144118,0.0745692905191,0.0197925761073,0.23637770159,0.173514729559,-0.689625762821
P5E-2021-NOV-TERMINAL-TOP,TERMINAL_TOP_BEAR_TRANSITION,True,2021-11-08,target_lead,alt_outperformance_breadth_20d,BREADTH,8,0.875,1,0.333333333333,1,0.333333333333,1,0.666666666667,0.666666666667,0,
P5E-2021-NOV-TERMINAL-TOP,TERMINAL_TOP_BEAR_TRANSITION,True,2021-11-08,target_lead,canonical5_outperformance_breadth_20d,BREADTH,8,0.65625,0.75,0.25,0.75,0.25,0.75,0.5,0.5,0,
P5E-2021-NOV-TERMINAL-TOP,TERMINAL_TOP_BEAR_TRANSITION,True,2021-11-08,target_lead,high_beta_participation_20d,BREADTH,8,0.875,1,0.5,1,0.5,1,0.5,0.5,0,
P5E-2021-NOV-TERMINAL-TOP,TERMINAL_TOP_BEAR_TRANSITION,True,2021-11-08,target_lead,breadth_acceleration_10d,BREADTH,8,0.3875,0.3625,0.225,0.65,0.225,0.225,-2.77555756156e-17,-0.0875,0.1125,2.69796303791
P5E-2021-NOV-TERMINAL-TOP,TERMINAL_TOP_BEAR_TRANSITION,True,2021-11-08,target_lead,breadth_contraction_from_10d_max,BREADTH,8,0.03125,0,0,0.25,0,0,0,0.25,0.25,-0.674490759477
P5E-2021-NOV-TERMINAL-TOP,TERMINAL_TOP_BEAR_TRANSITION,True,2021-11-08,near_event,btc_log_return_20d,BTC_TREND_MATURITY,7,0.0363565383404,0.0201749403711,-0.00450826786341,0.0971513235019,0.0971513235019,0.0492524719261,-0.0478988515758,-0.00123062583392,0.168594126065,0.0856367712423
P5E-2021-NOV-TERMINAL-TOP,TERMINAL_TOP_BEAR_TRANSITION,True,2021-11-08,near_event,btc_log_return_40d,BTC_TREND_MATURITY,7,0.390465001376,0.377387362638,0.342956772713,0.48623187495,0.342956772713,0.48623187495,0.143275102237,0.169330707639,0.23902140654,0.587111812603
P5E-2021-NOV-TERMINAL-TOP,TERMINAL_TOP_BEAR_TRANSITION,True,2021-11-08,near_event,btc_log_slope_20d_ann,BTC_TREND_MATURITY,7,-0.132695213104,-0.214997561622,-0.42112868642,0.406810178076,0.116785528258,0.406810178076,0.290024649818,-0.199090262558,2.41663641042,-0.00443977678235
P5E-2021-NOV-TERMINAL-TOP,TERMINAL_TOP_BEAR_TRANSITION,True,2021-11-08,near_event,btc_log_slope_40d_ann,BTC_TREND_MATURITY,7,3.33371317969,3.3898528627,2.53496329118,4.03173313586,4.03173313586,2.53496329118,-1.49676984469,2.23747390236,2.78737687575,0.278853199555
P5E-2021-NOV-TERMINAL-TOP,TERMINAL_TOP_BEAR_TRANSITION,True,2021-11-08,near_event,btc_kama_gap,BTC_TREND_MATURITY,7,0.0256457186545,0.0267088461775,-0.00526782073752,0.0891599686143,0.0326092159628,0.0891599686143,0.0565507526514,-0.0272962937136,0.0469505050891,0.775837613496
P5E-2021-NOV-TERMINAL-TOP,TERMINAL_TOP_BEAR_TRANSITION,True,2021-11-08,near_event,btc_kama_slope_10d,BTC_TREND_MATURITY,7,0.00319634274905,0.000998268634437,0.000181475364609,0.013840503166,0.000181475364609,0.013840503166,0.0136590278014,0.0241968715392,0.0549435703312,-0.284787522866
P5E-2021-NOV-TERMINAL-TOP,TERMINAL_TOP_BEAR_TRANSITION,True,2021-11-08,near_event,btc_distance_from_90d_high,BTC_TREND_MATURITY,7,-0.0493834904436,-0.0470433889215,-0.0767300274343,0,-0.0421418269701,0,0.0421418269701,-0.147376034667,0.0480115180974,1.40952515377
P5E-2021-NOV-TERMINAL-TOP,TERMINAL_TOP_BEAR_TRANSITION,True,2021-11-08,near_event,btc_consolidation_duration_5pct,BTC_TREND_MATURITY,7,0.857142857143,1,0,2,1,2,1,0,0,
P5E-2021-NOV-TERMINAL-TOP,TERMINAL_TOP_BEAR_TRANSITION,True,2021-11-08,near_event,btc_rv20_ann,BTC_TREND_MATURITY,7,0.569014708632,0.550280132996,0.536946058141,0.611012095382,0.609884342746,0.59773823758,-0.0121461051659,0.754724599989,0.0638473157884,-2.15977605495
P5E-2021-NOV-TERMINAL-TOP,TERMINAL_TOP_BEAR_TRANSITION,True,2021-11-08,near_event,btc_rv20_to_rv60,BTC_TREND_MATURITY,7,0.811104667118,0.829995293725,0.739685483992,0.880103185997,0.837208552031,0.880103185997,0.0428946339665,1.22155517951,0.163055181111,-1.61971869246
P5E-2021-NOV-TERMINAL-TOP,TERMINAL_TOP_BEAR_TRANSITION,True,2021-11-08,near_event,btc_daily_rsi14,MOMENTUM_EXHAUSTION,7,58.9596629052,59.6799626726,53.9915628239,67.6492680418,60.8555479829,67.6492680418,6.79372005893,50.6933814377,5.60332262859,1.08174495812
P5E-2021-NOV-TERMINAL-TOP,TERMINAL_TOP_BEAR_TRANSITION,True,2021-11-08,near_event,btc_daily_rsi28,MOMENTUM_EXHAUSTION,7,59.452156892,59.6134090449,57.0386426765,63.7477192178,60.4507575015,63.7477192178,3.29696171632,54.8202975858,8.18573032011,0.394944526868
P5E-2021-NOV-TERMINAL-TOP,TERMINAL_TOP_BEAR_TRANSITION,True,2021-11-08,near_event,btc_4h_rsi14,MOMENTUM_EXHAUSTION,7,52.0840852029,50.1718786888,43.0822911514,63.9812031016,47.7283963087,63.9812031016,16.252806793,46.8785090792,6.3841789324,0.347945662668
P5E-2021-NOV-TERMINAL-TOP,TERMINAL_TOP_BEAR_TRANSITION,True,2021-11-08,near_event,btc_4h_rsi28,MOMENTUM_EXHAUSTION,7,51.5110217056,49.7829091698,47.2240698331,56.5400601861,49.0164523254,56.5400601861,7.52360786071,49.3431828804,4.13598836667,0.0717099016275
P5E-2021-NOV-TERMINAL-TOP,TERMINAL_TOP_BEAR_TRANSITION,True,2021-11-08,near_event,btc_price_rsi_rank_divergence_20d,MOMENTUM_EXHAUSTION,7,0.328571428571,0.4,0.05,0.45,0.45,0.05,-0.4,0.1,0.225,0.899321012635
P5E-2021-NOV-TERMINAL-TOP,TERMINAL_TOP_BEAR_TRANSITION,True,2021-11-08,near_event,btc_rsi14_extreme_persistence_14d,MOMENTUM_EXHAUSTION,7,0.0102040816327,0,0,0.0714285714286,0.0714285714286,0,-0.0714285714286,0.25,0.25,-0.674490759477
P5E-2021-NOV-TERMINAL-TOP,TERMINAL_TOP_BEAR_TRANSITION,True,2021-11-08,near_event,btc_rsi14_failure_from_14d_max,MOMENTUM_EXHAUSTION,7,8.25951193867,9.48763928291,0,17.3861310404,17.3861310404,0,-17.3861310404,17.8733175829,6.65443911858,-0.849968333098
P5E-2021-NOV-TERMINAL-TOP,TERMINAL_TOP_BEAR_TRANSITION,True,2021-11-08,near_event,eth_btc_log_return_20d,LEADERSHIP_MIGRATION,7,0.154099002371,0.1617533312,0.101848667623,0.188203644996,0.143711899744,0.165955168964,0.0222432692199,-0.110640207395,0.054164303556,3.39202967012
P5E-2021-NOV-TERMINAL-TOP,TERMINAL_TOP_BEAR_TRANSITION,True,2021-11-08,near_event,sol_btc_log_return_20d,LEADERSHIP_MIGRATION,7,0.408050064022,0.41677935667,0.302714058991,0.479678569308,0.302714058991,0.41677935667,0.114065297679,0.34766624348,0.226772711877,0.205563340578
P5E-2021-NOV-TERMINAL-TOP,TERMINAL_TOP_BEAR_TRANSITION,True,2021-11-08,near_event,bnb_btc_log_return_20d,LEADERSHIP_MIGRATION,7,0.201342553911,0.242569758245,0.0663017489877,0.304160740814,0.0663017489877,0.242569758245,0.176268009257,0.0675905142324,0.167583887986,0.704255549894
P5E-2021-NOV-TERMINAL-TOP,TERMINAL_TOP_BEAR_TRANSITION,True,2021-11-08,near_event,eth_btc_log_return_40d,LEADERSHIP_MIGRATION,7,0.0526665688713,0.0571858856628,0.0327034970736,0.0752405775041,0.0327034970736,0.0365682859868,0.00386478891324,-0.0214054356725,0.0615482875744,0.861260680106
P5E-2021-NOV-TERMINAL-TOP,TERMINAL_TOP_BEAR_TRANSITION,True,2021-11-08,near_event,sol_btc_log_return_40d,LEADERSHIP_MIGRATION,7,0.178077664139,0.202615322403,0.0443560032736,0.26205108676,0.0443560032736,0.121119791411,0.0767637881373,0.64209414506,0.635898975972,-0.466150152884
P5E-2021-NOV-TERMINAL-TOP,TERMINAL_TOP_BEAR_TRANSITION,True,2021-11-08,near_event,bnb_btc_log_return_40d,LEADERSHIP_MIGRATION,7,0.146962731848,0.105005547107,0.0255900543552,0.264858634271,0.0255900543552,0.0888432698067,0.0632532154515,0.132765280694,0.0959608630181,-0.195117917878
P5E-2021-NOV-TERMINAL-TOP,TERMINAL_TOP_BEAR_TRANSITION,True,2021-11-08,near_event,brkk_return_dispersion_20d,LEADERSHIP_MIGRATION,7,0.149128228805,0.149836951067,0.112874275182,0.176941420695,0.112874275182,0.149836951067,0.0369626758851,0.172971471338,0.0903395002381,-0.172726438675
P5E-2021-NOV-TERMINAL-TOP,TERMINAL_TOP_BEAR_TRANSITION,True,2021-11-08,near_event,alt_outperformance_breadth_20d,BREADTH,7,1,1,1,1,1,1,0,0.666666666667,0,
P5E-2021-NOV-TERMINAL-TOP,TERMINAL_TOP_BEAR_TRANSITION,True,2021-11-08,near_event,canonical5_outperformance_breadth_20d,BREADTH,7,0.928571428571,1,0.75,1,0.75,1,0.25,0.5,0,
P5E-2021-NOV-TERMINAL-TOP,TERMINAL_TOP_BEAR_TRANSITION,True,2021-11-08,near_event,high_beta_participation_20d,BREADTH,7,1,1,1,1,1,1,0,0.75,0.25,0.674490759477
P5E-2021-NOV-TERMINAL-TOP,TERMINAL_TOP_BEAR_TRANSITION,True,2021-11-08,near_event,breadth_acceleration_10d,BREADTH,7,0.164285714286,0.15,0.075,0.25,0.15,0.125,-0.025,-0.05,0.1,1.34898151895
P5E-2021-NOV-TERMINAL-TOP,TERMINAL_TOP_BEAR_TRANSITION,True,2021-11-08,near_event,breadth_contraction_from_10d_max,BREADTH,7,0,0,0,0,0,0,0,0.25,0,
P5E-2021-NOV-TERMINAL-TOP,TERMINAL_TOP_BEAR_TRANSITION,True,2021-11-08,immediate_after,btc_log_return_20d,BTC_TREND_MATURITY,28,-0.0736619761343,-0.0804209312239,-0.287414603533,0.0651586921835,0.0142350146355,-0.174502672459,-0.188737687095,0.030811960361,0.0548090158419,-1.36885430931
P5E-2021-NOV-TERMINAL-TOP,TERMINAL_TOP_BEAR_TRANSITION,True,2021-11-08,immediate_after,btc_log_return_40d,BTC_TREND_MATURITY,28,0.0278417279931,-0.00817390613528,-0.249457321734,0.423727225697,0.423727225697,-0.146723424943,-0.57045065064,0.124671650333,0.190324491526,-0.47079122375
P5E-2021-NOV-TERMINAL-TOP,TERMINAL_TOP_BEAR_TRANSITION,True,2021-11-08,immediate_after,btc_log_slope_20d_ann,BTC_TREND_MATURITY,28,-1.18260062477,-2.06370125459,-3.96937890727,1.799908318,1.1688340499,-2.75872577317,-3.92755982308,-0.150748273839,1.16952819145,-1.10323899694
P5E-2021-NOV-TERMINAL-TOP,TERMINAL_TOP_BEAR_TRANSITION,True,2021-11-08,immediate_after,btc_log_slope_40d_ann,BTC_TREND_MATURITY,28,0.110705921476,-0.21306254038,-1.87186656292,2.32194617906,2.32194617906,-1.87186656292,-4.19381274199,0.608473348638,1.76847769853,-0.313330705941
P5E-2021-NOV-TERMINAL-TOP,TERMINAL_TOP_BEAR_TRANSITION,True,2021-11-08,immediate_after,btc_kama_gap,BTC_TREND_MATURITY,28,-0.0313515921336,-0.0323901646472,-0.145643846233,0.0718402459901,0.0718402459901,-0.101702082403,-0.173542328393,-0.00296688050057,0.0418720142699,-0.47396175265
P5E-2021-NOV-TERMINAL-TOP,TERMINAL_TOP_BEAR_TRANSITION,True,2021-11-08,immediate_after,btc_kama_slope_10d,BTC_TREND_MATURITY,28,-0.018985368875,-0.0299645510646,-0.0661139524334,0.0279450428544,0.0208946515571,-0.0471119399157,-0.0680065914728,-0.00695931786662,0.0168686692778,-0.919860183168
P5E-2021-NOV-TERMINAL-TOP,TERMINAL_TOP_BEAR_TRANSITION,True,2021-11-08,immediate_after,btc_distance_from_90d_high,BTC_TREND_MATURITY,28,-0.13551489429,-0.146122898452,-0.272093804697,-0.00856220501103,-0.00856220501103,-0.252998149005,-0.244435943994,-0.101066258204,0.0709078066022,-0.428588740183
P5E-2021-NOV-TERMINAL-TOP,TERMINAL_TOP_BEAR_TRANSITION,True,2021-11-08,immediate_after,btc_consolidation_duration_5pct,BTC_TREND_MATURITY,28,0.535714285714,0,0,5,3,0,-3,0,0,
P5E-2021-NOV-TERMINAL-TOP,TERMINAL_TOP_BEAR_TRANSITION,True,2021-11-08,immediate_after,btc_rv20_ann,BTC_TREND_MATURITY,28,0.614386880441,0.587947800726,0.493681318198,0.761309385736,0.589439813573,0.746254941424,0.156815127851,0.772658942566,0.0844444382598,-1.47536014107
P5E-2021-NOV-TERMINAL-TOP,TERMINAL_TOP_BEAR_TRANSITION,True,2021-11-08,immediate_after,btc_rv20_to_rv60,BTC_TREND_MATURITY,28,0.939062952598,0.933083235674,0.734399438754,1.19056881373,0.876140020491,1.16882216785,0.292682147355,0.992525843703,0.190855286022,-0.210072724056
P5E-2021-NOV-TERMINAL-TOP,TERMINAL_TOP_BEAR_TRANSITION,True,2021-11-08,immediate_after,btc_daily_rsi14,MOMENTUM_EXHAUSTION,28,45.9192843495,45.0103568445,31.4766785324,65.7464625251,65.7464625251,35.3493856252,-30.3970768999,53.5120305559,7.15707444265,-0.80120730955
P5E-2021-NOV-TERMINAL-TOP,TERMINAL_TOP_BEAR_TRANSITION,True,2021-11-08,immediate_after,btc_daily_rsi28,MOMENTUM_EXHAUSTION,28,50.716909137,49.3147028248,40.5300491022,62.8406538052,62.8406538052,42.2801981283,-20.5604556769,56.3301172701,5.57727733544,-0.848412573495
P5E-2021-NOV-TERMINAL-TOP,TERMINAL_TOP_BEAR_TRANSITION,True,2021-11-08,immediate_after,btc_4h_rsi14,MOMENTUM_EXHAUSTION,28,46.4357674891,47.0069462685,24.8533286916,77.3113000563,77.3113000563,37.5777621671,-39.7335378892,52.7692500142,8.13008519699,-0.478054108368
P5E-2021-NOV-TERMINAL-TOP,TERMINAL_TOP_BEAR_TRANSITION,True,2021-11-08,immediate_after,btc_4h_rsi28,MOMENTUM_EXHAUSTION,28,46.6161596577,47.1022544586,33.1426060693,67.0538631813,67.0538631813,38.2845572382,-28.7693059431,52.0125321308,6.39397492151,-0.517977777053
P5E-2021-NOV-TERMINAL-TOP,TERMINAL_TOP_BEAR_TRANSITION,True,2021-11-08,immediate_after,btc_price_rsi_rank_divergence_20d,MOMENTUM_EXHAUSTION,28,0.00178571428571,0,-0.3,0.5,0,0,0,0.05,0.1,-0.337245379738
P5E-2021-NOV-TERMINAL-TOP,TERMINAL_TOP_BEAR_TRANSITION,True,2021-11-08,immediate_after,btc_rsi14_extreme_persistence_14d,MOMENTUM_EXHAUSTION,28,0,0,0,0,0,0,0,0,0,
P5E-2021-NOV-TERMINAL-TOP,TERMINAL_TOP_BEAR_TRANSITION,True,2021-11-08,immediate_after,btc_rsi14_failure_from_14d_max,MOMENTUM_EXHAUSTION,28,13.9653757514,13.4886106504,0,29.3993920323,1.90280551671,11.6444577781,9.74165226136,6.94489455209,5.6201863123,0.785325573868
P5E-2021-NOV-TERMINAL-TOP,TERMINAL_TOP_BEAR_TRANSITION,True,2021-11-08,immediate_after,eth_btc_log_return_20d,LEADERSHIP_MIGRATION,28,0.0696713789293,0.0560433526512,-0.010299395078,0.206718702101,0.114391188626,0.206718702101,0.0923275134748,-0.085881691542,0.0378690216043,2.52784800851
P5E-2021-NOV-TERMINAL-TOP,TERMINAL_TOP_BEAR_TRANSITION,True,2021-11-08,immediate_after,sol_btc_log_return_20d,LEADERSHIP_MIGRATION,28,0.065940116616,0.0956599252756,-0.160330821832,0.287829328197,0.287829328197,0.0508358528443,-0.236993475353,-0.0620372189436,0.110845596434,0.959580443367
P5E-2021-NOV-TERMINAL-TOP,TERMINAL_TOP_BEAR_TRANSITION,True,2021-11-08,immediate_after,bnb_btc_log_return_20d,LEADERSHIP_MIGRATION,28,0.15225363898,0.136437941883,0.0523200631318,0.255890038295,0.222185259988,0.172462202443,-0.0497230575443,0.00901998919944,0.0632752468535,1.35822831124
P5E-2021-NOV-TERMINAL-TOP,TERMINAL_TOP_BEAR_TRANSITION,True,2021-11-08,immediate_after,eth_btc_log_return_40d,LEADERSHIP_MIGRATION,28,0.139520879399,0.160022912538,0.0240853603537,0.249743365753,0.0318748546096,0.249743365753,0.217868511144,-0.172566786877,0.067232408721,3.33661523096
P5E-2021-NOV-TERMINAL-TOP,TERMINAL_TOP_BEAR_TRANSITION,True,2021-11-08,immediate_after,sol_btc_log_return_40d,LEADERSHIP_MIGRATION,28,0.232044948303,0.228711150687,-0.00715917887856,0.395609266865,0.101523109368,0.194715705398,0.0931925960302,0.241830897569,0.403147478085,-0.0219501510494
P5E-2021-NOV-TERMINAL-TOP,TERMINAL_TOP_BEAR_TRANSITION,True,2021-11-08,immediate_after,bnb_btc_log_return_40d,LEADERSHIP_MIGRATION,28,0.260985422584,0.298795299528,0.070181924402,0.416245157979,0.070181924402,0.416245157979,0.346063233577,0.166415815495,0.180070281421,0.495854940746
P5E-2021-NOV-TERMINAL-TOP,TERMINAL_TOP_BEAR_TRANSITION,True,2021-11-08,immediate_after,brkk_return_dispersion_20d,LEADERSHIP_MIGRATION,28,0.0698878202277,0.0665171409009,0.0375326080383,0.109346596235,0.109346596235,0.0848992256966,-0.0244473705386,0.0789295421886,0.0299218332181,-0.279797361026
P5E-2021-NOV-TERMINAL-TOP,TERMINAL_TOP_BEAR_TRANSITION,True,2021-11-08,immediate_after,alt_outperformance_breadth_20d,BREADTH,28,0.904761904762,1,0.666666666667,1,1,1,0,0.333333333333,0.333333333333,1.34898151895
P5E-2021-NOV-TERMINAL-TOP,TERMINAL_TOP_BEAR_TRANSITION,True,2021-11-08,immediate_after,canonical5_outperformance_breadth_20d,BREADTH,28,0.803571428571,0.75,0.5,1,1,0.75,-0.25,0.25,0.25,1.34898151895
P5E-2021-NOV-TERMINAL-TOP,TERMINAL_TOP_BEAR_TRANSITION,True,2021-11-08,immediate_after,high_beta_participation_20d,BREADTH,28,0.875,1,0.5,1,1,1,0,0.5,0.5,0.674490759477
P5E-2021-NOV-TERMINAL-TOP,TERMINAL_TOP_BEAR_TRANSITION,True,2021-11-08,immediate_after,breadth_acceleration_10d,BREADTH,28,-0.0339285714286,0.025,-0.425,0.175,0.1,0.075,-0.025,-0.05,0.075,0.674490759477
P5E-2021-NOV-TERMINAL-TOP,TERMINAL_TOP_BEAR_TRANSITION,True,2021-11-08,immediate_after,breadth_contraction_from_10d_max,BREADTH,28,0.151785714286,0,0,0.5,0,0,0,0.25,0.25,-0.674490759477
P5E-2021-NOV-TERMINAL-TOP,TERMINAL_TOP_BEAR_TRANSITION,True,2021-11-08,medium_after,btc_log_return_20d,BTC_TREND_MATURITY,62,-0.120711347411,-0.121784232606,-0.298831521436,0.033362878238,-0.176342766789,0.00423847224991,0.180581239039,0.000755527703618,0.085095390214,-0.971285704075
P5E-2021-NOV-TERMINAL-TOP,TERMINAL_TOP_BEAR_TRANSITION,True,2021-11-08,medium_after,btc_log_return_40d,BTC_TREND_MATURITY,62,-0.236742373135,-0.234862367586,-0.365890507555,-0.11495304825,-0.180163786126,-0.11495304825,0.0652107378758,0.0435747491473,0.130631889362,-1.43765250008
P5E-2021-NOV-TERMINAL-TOP,TERMINAL_TOP_BEAR_TRANSITION,True,2021-11-08,medium_after,btc_log_slope_20d_ann,BTC_TREND_MATURITY,62,-2.34045969305,-2.89381424386,-4.29166326012,0.895151095649,-2.84194140543,0.620456305714,3.46239771115,0.108582779267,1.75274708323,-1.15538007038
P5E-2021-NOV-TERMINAL-TOP,TERMINAL_TOP_BEAR_TRANSITION,True,2021-11-08,medium_after,btc_log_slope_40d_ann,BTC_TREND_MATURITY,62,-2.32410461808,-2.25041871053,-3.38155066231,-1.37852122963,-2.05796547454,-2.04783428081,0.0101311937362,0.447150970233,1.15168286782,-1.57984969089
P5E-2021-NOV-TERMINAL-TOP,TERMINAL_TOP_BEAR_TRANSITION,True,2021-11-08,medium_after,btc_kama_gap,BTC_TREND_MATURITY,62,-0.0377222766528,-0.0381933089017,-0.135582985828,0.0772612150325,-0.0935731126105,0.0735757997709,0.167148912381,0.00489725443393,0.0310249876158,-0.93679930353
P5E-2021-NOV-TERMINAL-TOP,TERMINAL_TOP_BEAR_TRANSITION,True,2021-11-08,medium_after,btc_kama_slope_10d,BTC_TREND_MATURITY,62,-0.0634183974446,-0.0663162108252,-0.134844389797,0.0422685808087,-0.0490461279523,0.0422685808087,0.0913147087609,0.00307386961251,0.0311805414445,-1.50103128061
P5E-2021-NOV-TERMINAL-TOP,TERMINAL_TOP_BEAR_TRANSITION,True,2021-11-08,medium_after,btc_distance_from_90d_high,BTC_TREND_MATURITY,62,-0.349377208804,-0.359242085584,-0.480622155996,-0.247120546315,-0.250820759997,-0.366955170651,-0.116134410655,-0.0928870693612,0.05234604993,-3.43204496658
P5E-2021-NOV-TERMINAL-TOP,TERMINAL_TOP_BEAR_TRANSITION,True,2021-11-08,medium_after,btc_consolidation_duration_5pct,BTC_TREND_MATURITY,62,0,0,0,0,0,0,0,0,0,
P5E-2021-NOV-TERMINAL-TOP,TERMINAL_TOP_BEAR_TRANSITION,True,2021-11-08,medium_after,btc_rv20_ann,BTC_TREND_MATURITY,62,0.602992807024,0.592526193702,0.402963600891,0.8058714945,0.745657771604,0.773783254939,0.028125483335,0.568020362277,0.0861967926653,0.191758374508
P5E-2021-NOV-TERMINAL-TOP,TERMINAL_TOP_BEAR_TRANSITION,True,2021-11-08,medium_after,btc_rv20_to_rv60,BTC_TREND_MATURITY,62,0.967494285212,0.980882339604,0.686451857876,1.24801808539,1.16789946391,1.2453528891,0.0774534251867,0.853314865875,0.132314470942,0.650292304593
P5E-2021-NOV-TERMINAL-TOP,TERMINAL_TOP_BEAR_TRANSITION,True,2021-11-08,medium_after,btc_daily_rsi14,MOMENTUM_EXHAUSTION,62,37.9076558892,37.5102043012,20.2603072075,58.5956041289,35.801030515,58.5956041289,22.7945736139,52.9481724203,7.9883783977,-1.30348943466
P5E-2021-NOV-TERMINAL-TOP,TERMINAL_TOP_BEAR_TRANSITION,True,2021-11-08,medium_after,btc_daily_rsi28,MOMENTUM_EXHAUSTION,62,40.5012216405,40.6841455253,30.7138991918,48.5988930998,42.4817200748,48.5988930998,6.11717302499,53.0677880593,5.06638089239,-1.6486428153
P5E-2021-NOV-TERMINAL-TOP,TERMINAL_TOP_BEAR_TRANSITION,True,2021-11-08,medium_after,btc_4h_rsi14,MOMENTUM_EXHAUSTION,62,47.5202862322,48.0687558087,23.3204606702,76.4455882907,47.3100671727,70.6239781855,23.3139110128,50.0343365383,7.82885122819,-0.169343624044
P5E-2021-NOV-TERMINAL-TOP,TERMINAL_TOP_BEAR_TRANSITION,True,2021-11-08,medium_after,btc_4h_rsi28,MOMENTUM_EXHAUSTION,62,46.2059803179,45.5614236034,29.0395664249,65.337521067,43.0525325441,63.2016086935,20.1490761494,50.4558467866,5.23423927681,-0.630701623571
P5E-2021-NOV-TERMINAL-TOP,TERMINAL_TOP_BEAR_TRANSITION,True,2021-11-08,medium_after,btc_price_rsi_rank_divergence_20d,MOMENTUM_EXHAUSTION,62,-0.185483870968,-0.2,-0.5,0,0,0,0,0,0.1,-1.34898151895
P5E-2021-NOV-TERMINAL-TOP,TERMINAL_TOP_BEAR_TRANSITION,True,2021-11-08,medium_after,btc_rsi14_extreme_persistence_14d,MOMENTUM_EXHAUSTION,62,0,0,0,0,0,0,0,0,0,
P5E-2021-NOV-TERMINAL-TOP,TERMINAL_TOP_BEAR_TRANSITION,True,2021-11-08,medium_after,btc_rsi14_failure_from_14d_max,MOMENTUM_EXHAUSTION,62,7.63890501975,6.82697314624,0,21.4992373534,11.1928128883,0,-11.1928128883,7.58473412328,6.02461118476,-0.0848358111808
P5E-2021-NOV-TERMINAL-TOP,TERMINAL_TOP_BEAR_TRANSITION,True,2021-11-08,medium_after,eth_btc_log_return_20d,LEADERSHIP_MIGRATION,62,-0.0289581095142,-0.049963199071,-0.216080969462,0.224184503489,0.180671274164,-0.0536302810731,-0.234301555237,0.0867974712205,0.0967787816766,-0.953140830804
P5E-2021-NOV-TERMINAL-TOP,TERMINAL_TOP_BEAR_TRANSITION,True,2021-11-08,medium_after,sol_btc_log_return_20d,LEADERSHIP_MIGRATION,62,-0.102572107728,-0.100853794969,-0.377981538689,0.117692092519,0.0355686196066,-0.197087350358,-0.232655969965,0.0528862046757,0.103917022819,-0.997875096013
P5E-2021-NOV-TERMINAL-TOP,TERMINAL_TOP_BEAR_TRANSITION,True,2021-11-08,medium_after,bnb_btc_log_return_20d,LEADERSHIP_MIGRATION,62,-0.0107493168226,-0.0209893182131,-0.177655941582,0.252336123198,0.177553106697,-0.127957652608,-0.305510759305,0.0558431983245,0.105726806019,-0.490157835873
P5E-2021-NOV-TERMINAL-TOP,TERMINAL_TOP_BEAR_TRANSITION,True,2021-11-08,medium_after,eth_btc_log_return_40d,LEADERSHIP_MIGRATION,62,-0.00284005326316,0.0403107972569,-0.259320071356,0.213885108411,0.184907510995,-0.1013619821,-0.286269493095,0.1098868465,0.128295939621,-0.365782443572
P5E-2021-NOV-TERMINAL-TOP,TERMINAL_TOP_BEAR_TRANSITION,True,2021-11-08,medium_after,sol_btc_log_return_40d,LEADERSHIP_MIGRATION,62,-0.113597694398,-0.0872339085277,-0.482548814177,0.185693339951,0.153036270103,-0.315639009935,-0.468675280039,0.076412776403,0.14435909389,-0.76460840693
P5E-2021-NOV-TERMINAL-TOP,TERMINAL_TOP_BEAR_TRANSITION,True,2021-11-08,medium_after,bnb_btc_log_return_40d,LEADERSHIP_MIGRATION,62,0.0401178237579,0.00884206377896,-0.125800664735,0.345230795463,0.342672550905,-0.125800664735,-0.46847321564,0.0758123985965,0.146003845999,-0.309381384336
P5E-2021-NOV-TERMINAL-TOP,TERMINAL_TOP_BEAR_TRANSITION,True,2021-11-08,medium_after,brkk_return_dispersion_20d,LEADERSHIP_MIGRATION,62,0.0640810967052,0.0539647320167,0.00199244066884,0.142302497627,0.0816457437688,0.0745721947086,-0.00707354906019,0.0871118885568,0.0274717240831,-0.81383500801
P5E-2021-NOV-TERMINAL-TOP,TERMINAL_TOP_BEAR_TRANSITION,True,2021-11-08,medium_after,alt_outperformance_breadth_20d,BREADTH,62,0.327956989247,0.333333333333,0,1,1,0,-1,0.666666666667,0.333333333333,-0.674490759477
P5E-2021-NOV-TERMINAL-TOP,TERMINAL_TOP_BEAR_TRANSITION,True,2021-11-08,medium_after,canonical5_outperformance_breadth_20d,BREADTH,62,0.338709677419,0.25,0,1,0.75,0,-0.75,0.5,0.25,-0.674490759477
P5E-2021-NOV-TERMINAL-TOP,TERMINAL_TOP_BEAR_TRANSITION,True,2021-11-08,medium_after,high_beta_participation_20d,BREADTH,62,0.338709677419,0.25,0,1,1,0,-1,0.5,0.5,-0.337245379738
P5E-2021-NOV-TERMINAL-TOP,TERMINAL_TOP_BEAR_TRANSITION,True,2021-11-08,medium_after,breadth_acceleration_10d,BREADTH,62,-0.0532258064516,-0.0125,-0.475,0.525,0.05,0,-0.05,0.0125,0.1125,-0.149886835439
P5E-2021-NOV-TERMINAL-TOP,TERMINAL_TOP_BEAR_TRANSITION,True,2021-11-08,medium_after,breadth_contraction_from_10d_max,BREADTH,62,0.322580645161,0.25,0,1,0,0,0,0,0,
P5E-2025-JUNE-NEW-HIGH,TEMPORARY_NEW_HIGH_PHASE,False,2025-05-22,early_warning,btc_log_return_20d,BTC_TREND_MATURITY,14,0.144988553239,0.133941498652,0.108409099323,0.219027833654,0.113582127518,0.132987116962,0.019404989444,0.0895088842087,0.132691383645,0.225857829182
P5E-2025-JUNE-NEW-HIGH,TEMPORARY_NEW_HIGH_PHASE,False,2025-05-22,early_warning,btc_log_return_40d,BTC_TREND_MATURITY,14,0.111438654049,0.112900071947,0.0758301334087,0.140521185531,0.10824924314,0.139169139621,0.0309198964806,0.347072013433,0.0998727764841,-1.58148012122
P5E-2025-JUNE-NEW-HIGH,TEMPORARY_NEW_HIGH_PHASE,False,2025-05-22,early_warning,btc_log_slope_20d_ann,BTC_TREND_MATURITY,14,3.06405389237,3.15983050352,2.23370372236,3.50338186862,2.88930907491,2.23370372236,-0.655605352549,1.43405246584,2.16506091005,0.537639072378
P5E-2025-JUNE-NEW-HIGH,TEMPORARY_NEW_HIGH_PHASE,False,2025-05-22,early_warning,btc_log_slope_40d_ann,BTC_TREND_MATURITY,14,1.14578016383,1.11623777218,0.337411602367,1.95302652798,0.337411602367,1.95302652798,1.61561492561,2.2394973342,1.33334300259,-0.568217025627
P5E-2025-JUNE-NEW-HIGH,TEMPORARY_NEW_HIGH_PHASE,False,2025-05-22,early_warning,btc_kama_gap,BTC_TREND_MATURITY,14,0.0151331460451,0.0167506373205,-0.00678102311646,0.0474537109821,0.0474537109821,0.0200443344512,-0.0274093765309,0.0500264608607,0.0417466923959,-0.537629071999
P5E-2025-JUNE-NEW-HIGH,TEMPORARY_NEW_HIGH_PHASE,False,2025-05-22,early_warning,btc_kama_slope_10d,BTC_TREND_MATURITY,14,0.0853535219588,0.10056514935,0.0225350932545,0.121811660922,0.0737349210299,0.0225350932545,-0.0511998277754,0.0289828035595,0.0428528480186,1.12668429311
P5E-2025-JUNE-NEW-HIGH,TEMPORARY_NEW_HIGH_PHASE,False,2025-05-22,early_warning,btc_distance_from_90d_high,BTC_TREND_MATURITY,14,-0.0660265147774,-0.067310257268,-0.104787356046,-0.0129647525558,-0.102784761547,-0.0129647525558,0.0898200089907,-0.0249122840479,0.0249122840479,-1.14790924439
P5E-2025-JUNE-NEW-HIGH,TEMPORARY_NEW_HIGH_PHASE,False,2025-05-22,early_warning,btc_consolidation_duration_5pct,BTC_TREND_MATURITY,14,0.928571428571,0,0,4,0,4,4,2.5,2.5,-0.674490759477
P5E-2025-JUNE-NEW-HIGH,TEMPORARY_NEW_HIGH_PHASE,False,2025-05-22,early_warning,btc_rv20_ann,BTC_TREND_MATURITY,14,0.434255689145,0.361859489567,0.330364996285,0.633877923982,0.633877923982,0.343086458464,-0.290791465518,0.536399533768,0.195916887306,-0.60089586248
P5E-2025-JUNE-NEW-HIGH,TEMPORARY_NEW_HIGH_PHASE,False,2025-05-22,early_warning,btc_rv20_to_rv60,BTC_TREND_MATURITY,14,0.749379974159,0.669610031781,0.605590253015,1.0048742598,0.988435394542,0.670107451275,-0.318327943268,0.99008418923,0.124549004872,-1.73551653884
P5E-2025-JUNE-NEW-HIGH,TEMPORARY_NEW_HIGH_PHASE,False,2025-05-22,early_warning,btc_daily_rsi14,MOMENTUM_EXHAUSTION,14,66.5136843596,66.1757682476,60.3492510789,70.1545794136,68.2022314529,66.2503956566,-1.95183579632,61.8858657476,10.55335837,0.274178085673
P5E-2025-JUNE-NEW-HIGH,TEMPORARY_NEW_HIGH_PHASE,False,2025-05-22,early_warning,btc_daily_rsi28,MOMENTUM_EXHAUSTION,14,58.1527792778,58.3605047916,56.3010706037,59.9542089083,57.7916491972,59.1556355159,1.36398631861,60.0410083347,7.54847011662,-0.150160773453
P5E-2025-JUNE-NEW-HIGH,TEMPORARY_NEW_HIGH_PHASE,False,2025-05-22,early_warning,btc_4h_rsi14,MOMENTUM_EXHAUSTION,14,57.9718141808,59.5734195902,37.1767520826,77.4311986935,77.4311986935,62.4819336538,-14.9492650397,56.2399971272,7.11310128299,0.316087534719
P5E-2025-JUNE-NEW-HIGH,TEMPORARY_NEW_HIGH_PHASE,False,2025-05-22,early_warning,btc_4h_rsi28,MOMENTUM_EXHAUSTION,14,59.870517721,60.2086117873,48.1085703385,71.3086967564,71.3086967564,57.9902274511,-13.3184693053,54.832052947,5.42577387822,0.668372721933
P5E-2025-JUNE-NEW-HIGH,TEMPORARY_NEW_HIGH_PHASE,False,2025-05-22,early_warning,btc_price_rsi_rank_divergence_20d,MOMENTUM_EXHAUSTION,14,0.175,0.15,0,0.45,0,0.4,0.4,0.05,0.175,0.385423291129
P5E-2025-JUNE-NEW-HIGH,TEMPORARY_NEW_HIGH_PHASE,False,2025-05-22,early_warning,btc_rsi14_extreme_persistence_14d,MOMENTUM_EXHAUSTION,14,0.030612244898,0,0,0.0714285714286,0,0.0714285714286,0.0714285714286,0,0,
P5E-2025-JUNE-NEW-HIGH,TEMPORARY_NEW_HIGH_PHASE,False,2025-05-22,early_warning,btc_rsi14_failure_from_14d_max,MOMENTUM_EXHAUSTION,14,3.01765348272,3.30532369168,0,9.80532833462,0,3.90418375697,3.90418375697,5.81930035139,3.60287467836,-0.470639191727
P5E-2025-JUNE-NEW-HIGH,TEMPORARY_NEW_HIGH_PHASE,False,2025-05-22,early_warning,eth_btc_log_return_20d,LEADERSHIP_MIGRATION,14,-0.0296426608266,-0.00895035613,-0.139915580947,0.0141663118684,-0.139915580947,0.00123943439584,0.141155015343,0.0326272322803,0.0685174948848,-0.409292535158
P5E-2025-JUNE-NEW-HIGH,TEMPORARY_NEW_HIGH_PHASE,False,2025-05-22,early_warning,sol_btc_log_return_20d,LEADERSHIP_MIGRATION,14,0.058209974569,0.0729816103254,-0.0443947510307,0.15522960885,0.103434704473,-0.0443947510307,-0.147829455503,0.097577644935,0.30707181567,-0.05402579207
P5E-2025-JUNE-NEW-HIGH,TEMPORARY_NEW_HIGH_PHASE,False,2025-05-22,early_warning,bnb_btc_log_return_20d,LEADERSHIP_MIGRATION,14,-0.109866084503,-0.108936996449,-0.130913235521,-0.0846795233706,-0.10717815653,-0.112520257166,-0.00534210063588,0.0824493282032,0.0834109434606,-1.54761835932
P5E-2025-JUNE-NEW-HIGH,TEMPORARY_NEW_HIGH_PHASE,False,2025-05-22,early_warning,eth_btc_log_return_40d,LEADERSHIP_MIGRATION,14,-0.201700779558,-0.202816799482,-0.222930358591,-0.175303573929,-0.198695601379,-0.185450197392,0.0132454039869,0.056136721709,0.204038750218,-0.85602248098
P5E-2025-JUNE-NEW-HIGH,TEMPORARY_NEW_HIGH_PHASE,False,2025-05-22,early_warning,sol_btc_log_return_40d,LEADERSHIP_MIGRATION,14,-0.00126936007865,0.00308688375314,-0.0736742857084,0.0424089591587,0.00761822425912,-0.0101657061249,-0.017783930384,0.25194929216,0.400474989881,-0.419140768069
P5E-2025-JUNE-NEW-HIGH,TEMPORARY_NEW_HIGH_PHASE,False,2025-05-22,early_warning,bnb_btc_log_return_40d,LEADERSHIP_MIGRATION,14,-0.152256026875,-0.15724189519,-0.185170876668,-0.110335349472,-0.138184832554,-0.167162558592,-0.0289777260386,0.0307187168272,0.0984400435606,-1.28786712567
P5E-2025-JUNE-NEW-HIGH,TEMPORARY_NEW_HIGH_PHASE,False,2025-05-22,early_warning,brkk_return_dispersion_20d,LEADERSHIP_MIGRATION,14,0.0685916821894,0.0680884418046,0.0443130481153,0.0956592725214,0.0956592725214,0.0462993448112,-0.0493599277102,0.121383396571,0.064538834859,-0.556981770671
P5E-2025-JUNE-NEW-HIGH,TEMPORARY_NEW_HIGH_PHASE,False,2025-05-22,early_warning,alt_outperformance_breadth_20d,BREADTH,14,0.309523809524,0.333333333333,0,0.666666666667,0.333333333333,0.333333333333,0,0.666666666667,0.333333333333,-0.674490759477
P5E-2025-JUNE-NEW-HIGH,TEMPORARY_NEW_HIGH_PHASE,False,2025-05-22,early_warning,canonical5_outperformance_breadth_20d,BREADTH,14,0.267857142857,0.25,0,0.5,0.25,0.25,0,0.75,0.25,-1.34898151895
P5E-2025-JUNE-NEW-HIGH,TEMPORARY_NEW_HIGH_PHASE,False,2025-05-22,early_warning,high_beta_participation_20d,BREADTH,14,0.321428571429,0.5,0,0.5,0.5,0,-0.5,0.75,0.25,-0.674490759477
P5E-2025-JUNE-NEW-HIGH,TEMPORARY_NEW_HIGH_PHASE,False,2025-05-22,early_warning,breadth_acceleration_10d,BREADTH,14,-0.00892857142857,0,-0.3,0.225,0.05,0,-0.05,0,0.125,0
P5E-2025-JUNE-NEW-HIGH,TEMPORARY_NEW_HIGH_PHASE,False,2025-05-22,early_warning,breadth_contraction_from_10d_max,BREADTH,14,0.178571428571,0.125,0,0.5,0,0.25,0.25,0,0,
P5E-2025-JUNE-NEW-HIGH,TEMPORARY_NEW_HIGH_PHASE,False,2025-05-22,target_lead,btc_log_return_20d,BTC_TREND_MATURITY,8,0.145268207106,0.139542666019,0.0920500229768,0.207386960694,0.20081361133,0.0920500229768,-0.108763588353,0.127208351272,0.205904321304,0.0404041123023
P5E-2025-JUNE-NEW-HIGH,TEMPORARY_NEW_HIGH_PHASE,False,2025-05-22,target_lead,btc_log_return_40d,BTC_TREND_MATURITY,8,0.219507466714,0.221186800102,0.201012524221,0.238740411362,0.22266841494,0.21681479651,-0.00585361842996,0.203062591735,0.253540587619,0.048215598066
P5E-2025-JUNE-NEW-HIGH,TEMPORARY_NEW_HIGH_PHASE,False,2025-05-22,target_lead,btc_log_slope_20d_ann,BTC_TREND_MATURITY,8,2.1618806388,2.17432423716,1.94051713323,2.38421466323,2.22425097351,2.38421466323,0.159963689719,2.9833617162,4.06618692936,-0.134201479952
P5E-2025-JUNE-NEW-HIGH,TEMPORARY_NEW_HIGH_PHASE,False,2025-05-22,target_lead,btc_log_slope_40d_ann,BTC_TREND_MATURITY,8,2.46208033919,2.50632728243,2.09021626274,2.74591445258,2.09021626274,2.74591445258,0.655698189834,2.01729961081,2.33461358689,0.141284471009
P5E-2025-JUNE-NEW-HIGH,TEMPORARY_NEW_HIGH_PHASE,False,2025-05-22,target_lead,btc_kama_gap,BTC_TREND_MATURITY,8,0.0419953023017,0.0393080431929,0.0210262293365,0.071429821553,0.071429821553,0.0210262293365,-0.0504035922164,0.0299726863565,0.0598170839786,0.105264441256
P5E-2025-JUNE-NEW-HIGH,TEMPORARY_NEW_HIGH_PHASE,False,2025-05-22,target_lead,btc_kama_slope_10d,BTC_TREND_MATURITY,8,0.0534755652084,0.0547792291956,0.0286392022992,0.0706544398563,0.0286392022992,0.0706544398563,0.0420152375571,0.0883569849308,0.121019937429,-0.187141775549
P5E-2025-JUNE-NEW-HIGH,TEMPORARY_NEW_HIGH_PHASE,False,2025-05-22,target_lead,btc_distance_from_90d_high,BTC_TREND_MATURITY,8,-0.0072238556959,-0.00666609229142,-0.0192559779631,0,0,-0.00997829109624,-0.00997829109624,-0.0858433272357,0.0779198726861,0.68537475088
P5E-2025-JUNE-NEW-HIGH,TEMPORARY_NEW_HIGH_PHASE,False,2025-05-22,target_lead,btc_consolidation_duration_5pct,BTC_TREND_MATURITY,8,8.5,8.5,5,12,5,12,7,0,0,
P5E-2025-JUNE-NEW-HIGH,TEMPORARY_NEW_HIGH_PHASE,False,2025-05-22,target_lead,btc_rv20_ann,BTC_TREND_MATURITY,8,0.376097888136,0.376001251084,0.335242282496,0.415562660392,0.412044388392,0.339955833122,-0.0720885552703,0.687091261371,0.0544428981356,-3.85408096354
P5E-2025-JUNE-NEW-HIGH,TEMPORARY_NEW_HIGH_PHASE,False,2025-05-22,target_lead,btc_rv20_to_rv60,BTC_TREND_MATURITY,8,0.776560702458,0.770121736767,0.699837149895,0.856793973415,0.816719482828,0.723523990706,-0.0931954921217,1.06665746709,0.109058167358,-1.83398102869
P5E-2025-JUNE-NEW-HIGH,TEMPORARY_NEW_HIGH_PHASE,False,2025-05-22,target_lead,btc_daily_rsi14,MOMENTUM_EXHAUSTION,8,72.6749299087,72.8597072957,69.2067306273,76.9167165854,75.775189984,69.6417334031,-6.13345658097,60.3120922753,15.7844104579,0.536177794369
P5E-2025-JUNE-NEW-HIGH,TEMPORARY_NEW_HIGH_PHASE,False,2025-05-22,target_lead,btc_daily_rsi28,MOMENTUM_EXHAUSTION,8,64.0887982928,64.136713811,62.7862365448,65.8297196975,64.7752541995,63.2494203912,-1.52583380823,60.4872774422,11.62490618,0.211744599905
P5E-2025-JUNE-NEW-HIGH,TEMPORARY_NEW_HIGH_PHASE,False,2025-05-22,target_lead,btc_4h_rsi14,MOMENTUM_EXHAUSTION,8,63.9772377746,61.4970151272,51.8710893362,81.5355650417,60.1179363324,52.6967999587,-7.42113637366,55.1266125516,12.4114615945,0.34619433325
P5E-2025-JUNE-NEW-HIGH,TEMPORARY_NEW_HIGH_PHASE,False,2025-05-22,target_lead,btc_4h_rsi28,MOMENTUM_EXHAUSTION,8,62.8626055737,61.3616270419,56.3870288302,72.0174132145,57.3554394961,56.3870288302,-0.968410665872,58.7882962886,9.80867514322,0.17695435814
P5E-2025-JUNE-NEW-HIGH,TEMPORARY_NEW_HIGH_PHASE,False,2025-05-22,target_lead,btc_price_rsi_rank_divergence_20d,MOMENTUM_EXHAUSTION,8,0.0875,0.1,0,0.25,0,0.15,0.15,0,0.075,0.899321012635
P5E-2025-JUNE-NEW-HIGH,TEMPORARY_NEW_HIGH_PHASE,False,2025-05-22,target_lead,btc_rsi14_extreme_persistence_14d,MOMENTUM_EXHAUSTION,8,0.330357142857,0.357142857143,0.142857142857,0.428571428571,0.142857142857,0.428571428571,0.285714285714,0.214285714286,0.214285714286,0.449660506318
P5E-2025-JUNE-NEW-HIGH,TEMPORARY_NEW_HIGH_PHASE,False,2025-05-22,target_lead,btc_rsi14_failure_from_14d_max,MOMENTUM_EXHAUSTION,8,3.95640502636,4.05700928972,0,7.70998595813,0,7.27498318231,7.27498318231,14.4485264679,7.63531949898,-0.917968437935
P5E-2025-JUNE-NEW-HIGH,TEMPORARY_NEW_HIGH_PHASE,False,2025-05-22,target_lead,eth_btc_log_return_20d,LEADERSHIP_MIGRATION,8,0.248697236406,0.27195825625,0.128144085583,0.29527983874,0.128144085583,0.264335178217,0.136191092634,-0.0142936558819,0.0789531732529,2.44542760805
P5E-2025-JUNE-NEW-HIGH,TEMPORARY_NEW_HIGH_PHASE,False,2025-05-22,target_lead,sol_btc_log_return_20d,LEADERSHIP_MIGRATION,8,0.045129693203,0.0488004624155,0.00371550534371,0.0902495462357,0.00371550534371,0.022707916853,0.0189924115093,0.183745627323,0.324317318986,-0.280648801152
P5E-2025-JUNE-NEW-HIGH,TEMPORARY_NEW_HIGH_PHASE,False,2025-05-22,target_lead,bnb_btc_log_return_20d,LEADERSHIP_MIGRATION,8,-0.0576327680287,-0.0512712337695,-0.139428770872,-0.00896917103404,-0.139428770872,-0.00896917103404,0.130459599838,0.0652007942535,0.0992768466183,-0.791315491124
P5E-2025-JUNE-NEW-HIGH,TEMPORARY_NEW_HIGH_PHASE,False,2025-05-22,target_lead,eth_btc_log_return_40d,LEADERSHIP_MIGRATION,8,0.0929436931295,0.1098868465,-0.0341238285602,0.164412173361,-0.0341238285602,0.12764471309,0.161768541651,0.0637412692042,0.0588851102576,0.528567669149
P5E-2025-JUNE-NEW-HIGH,TEMPORARY_NEW_HIGH_PHASE,False,2025-05-22,target_lead,sol_btc_log_return_40d,LEADERSHIP_MIGRATION,8,0.133123575807,0.120836688412,0.0550508847772,0.225967223743,0.0550508847772,0.123875355893,0.068824471116,0.276226159194,0.552177671117,-0.189809852236
P5E-2025-JUNE-NEW-HIGH,TEMPORARY_NEW_HIGH_PHASE,False,2025-05-22,target_lead,bnb_btc_log_return_40d,LEADERSHIP_MIGRATION,8,-0.131094743622,-0.122425361709,-0.180167537327,-0.108633710867,-0.180167537327,-0.122367899857,0.0577996374703,0.0608554568141,0.0646096128323,-1.91335643512
P5E-2025-JUNE-NEW-HIGH,TEMPORARY_NEW_HIGH_PHASE,False,2025-05-22,target_lead,brkk_return_dispersion_20d,LEADERSHIP_MIGRATION,8,0.11716868474,0.11821643137,0.0933564242353,0.140213890197,0.0946847013453,0.113068458414,0.018383757069,0.23637770159,0.173514729559,-0.459319419704
P5E-2025-JUNE-NEW-HIGH,TEMPORARY_NEW_HIGH_PHASE,False,2025-05-22,target_lead,alt_outperformance_breadth_20d,BREADTH,8,0.666666666667,0.666666666667,0.666666666667,0.666666666667,0.666666666667,0.666666666667,0,0.666666666667,0,
P5E-2025-JUNE-NEW-HIGH,TEMPORARY_NEW_HIGH_PHASE,False,2025-05-22,target_lead,canonical5_outperformance_breadth_20d,BREADTH,8,0.59375,0.5,0.5,0.75,0.5,0.5,0,0.5,0,
P5E-2025-JUNE-NEW-HIGH,TEMPORARY_NEW_HIGH_PHASE,False,2025-05-22,target_lead,high_beta_participation_20d,BREADTH,8,0.5,0.5,0.5,0.5,0.5,0.5,0,0.5,0,
P5E-2025-JUNE-NEW-HIGH,TEMPORARY_NEW_HIGH_PHASE,False,2025-05-22,target_lead,breadth_acceleration_10d,BREADTH,8,0.228125,0.2375,0,0.375,0.25,0,-0.25,-0.0875,0.1125,1.94852886071
P5E-2025-JUNE-NEW-HIGH,TEMPORARY_NEW_HIGH_PHASE,False,2025-05-22,target_lead,breadth_contraction_from_10d_max,BREADTH,8,0.03125,0,0,0.25,0,0.25,0.25,0.25,0.25,-0.674490759477
P5E-2025-JUNE-NEW-HIGH,TEMPORARY_NEW_HIGH_PHASE,False,2025-05-22,near_event,btc_log_return_20d,BTC_TREND_MATURITY,7,0.115435643155,0.11372084044,0.0892693442426,0.142235979378,0.0892693442426,0.142235979378,0.0529666351357,-0.00123062583392,0.168594126065,0.459883767007
P5E-2025-JUNE-NEW-HIGH,TEMPORARY_NEW_HIGH_PHASE,False,2025-05-22,near_event,btc_log_return_40d,BTC_TREND_MATURITY,7,0.279561466079,0.273304542764,0.245215741051,0.332748674094,0.277016252368,0.269879166417,-0.00713708595128,0.169330707639,0.23902140654,0.293402135125
P5E-2025-JUNE-NEW-HIGH,TEMPORARY_NEW_HIGH_PHASE,False,2025-05-22,near_event,btc_log_slope_20d_ann,BTC_TREND_MATURITY,7,2.37517884975,2.38599226704,2.25298120402,2.57623900247,2.40122460948,2.57623900247,0.175014392992,-0.199090262558,2.41663641042,0.721504596712
P5E-2025-JUNE-NEW-HIGH,TEMPORARY_NEW_HIGH_PHASE,False,2025-05-22,near_event,btc_log_slope_40d_ann,BTC_TREND_MATURITY,7,2.54604758267,2.52244671975,2.45570670901,2.69191383282,2.69191383282,2.5192239281,-0.172689904722,2.23747390236,2.78737687575,0.0689578555749
P5E-2025-JUNE-NEW-HIGH,TEMPORARY_NEW_HIGH_PHASE,False,2025-05-22,near_event,btc_kama_gap,BTC_TREND_MATURITY,7,0.0372601694801,0.0405419075549,0.0107861681059,0.0613731441652,0.0155529904107,0.0613731441652,0.0458201537545,-0.0272962937136,0.0469505050891,0.97456331531
P5E-2025-JUNE-NEW-HIGH,TEMPORARY_NEW_HIGH_PHASE,False,2025-05-22,near_event,btc_kama_slope_10d,BTC_TREND_MATURITY,7,0.054447781032,0.0522046858534,0.0358260670866,0.0725619813565,0.0725597378259,0.0522046858534,-0.0203550519726,0.0241968715392,0.0549435703312,0.343825707616
P5E-2025-JUNE-NEW-HIGH,TEMPORARY_NEW_HIGH_PHASE,False,2025-05-22,near_event,btc_distance_from_90d_high,BTC_TREND_MATURITY,7,-0.00530953063056,0,-0.0160565551625,0,-0.0128388134171,0,0.0128388134171,-0.147376034667,0.0480115180974,2.07041513142
P5E-2025-JUNE-NEW-HIGH,TEMPORARY_NEW_HIGH_PHASE,False,2025-05-22,near_event,btc_consolidation_duration_5pct,BTC_TREND_MATURITY,7,16,16,13,19,13,19,6,0,0,
P5E-2025-JUNE-NEW-HIGH,TEMPORARY_NEW_HIGH_PHASE,False,2025-05-22,near_event,btc_rv20_ann,BTC_TREND_MATURITY,7,0.351282988405,0.354852931544,0.337153316427,0.359856375875,0.340902997149,0.359856375875,0.0189533787256,0.754724599989,0.0638473157884,-4.22429262706
P5E-2025-JUNE-NEW-HIGH,TEMPORARY_NEW_HIGH_PHASE,False,2025-05-22,near_event,btc_rv20_to_rv60,BTC_TREND_MATURITY,7,0.76773006854,0.783883060292,0.722234883181,0.795058247085,0.726989381184,0.795058247085,0.0680688659013,1.22155517951,0.163055181111,-1.81046562326
P5E-2025-JUNE-NEW-HIGH,TEMPORARY_NEW_HIGH_PHASE,False,2025-05-22,near_event,btc_daily_rsi14,MOMENTUM_EXHAUSTION,7,71.8751000257,71.5670096346,67.0007697249,78.1290527686,68.4221529748,78.1290527686,9.70689979378,50.6933814377,5.60332262859,2.51262871492
P5E-2025-JUNE-NEW-HIGH,TEMPORARY_NEW_HIGH_PHASE,False,2025-05-22,near_event,btc_daily_rsi28,MOMENTUM_EXHAUSTION,7,65.1001482578,65.0465321185,62.2199757457,69.0265149452,62.770063734,69.0265149452,6.25645121124,54.8202975858,8.18573032011,0.842624961594
P5E-2025-JUNE-NEW-HIGH,TEMPORARY_NEW_HIGH_PHASE,False,2025-05-22,near_event,btc_4h_rsi14,MOMENTUM_EXHAUSTION,7,58.5831246926,57.9090782126,48.4052607693,70.4835399724,54.7824689091,70.4835399724,15.7010710633,46.8785090792,6.3841789324,1.16538352559
P5E-2025-JUNE-NEW-HIGH,TEMPORARY_NEW_HIGH_PHASE,False,2025-05-22,near_event,btc_4h_rsi28,MOMENTUM_EXHAUSTION,7,57.8803780145,56.7540522538,52.9635086629,64.4446513269,56.2167328394,64.4446513269,8.22791848751,49.3431828804,4.13598836667,1.20855342639
P5E-2025-JUNE-NEW-HIGH,TEMPORARY_NEW_HIGH_PHASE,False,2025-05-22,near_event,btc_price_rsi_rank_divergence_20d,MOMENTUM_EXHAUSTION,7,0.214285714286,0.25,0,0.45,0.25,0,-0.25,0.1,0.225,0.449660506318
P5E-2025-JUNE-NEW-HIGH,TEMPORARY_NEW_HIGH_PHASE,False,2025-05-22,near_event,btc_rsi14_extreme_persistence_14d,MOMENTUM_EXHAUSTION,7,0.459183673469,0.428571428571,0.357142857143,0.571428571429,0.357142857143,0.571428571429,0.214285714286,0.25,0.25,0.481779113912
P5E-2025-JUNE-NEW-HIGH,TEMPORARY_NEW_HIGH_PHASE,False,2025-05-22,near_event,btc_rsi14_failure_from_14d_max,MOMENTUM_EXHAUSTION,7,5.21480744296,5.34970695075,0,9.91594686049,8.49456361056,0,-8.49456361056,17.8733175829,6.65443911858,-1.26938717091
P5E-2025-JUNE-NEW-HIGH,TEMPORARY_NEW_HIGH_PHASE,False,2025-05-22,near_event,eth_btc_log_return_20d,LEADERSHIP_MIGRATION,7,0.222029046631,0.226940024173,0.19994343001,0.242440334501,0.242440334501,0.226940024173,-0.0155003103282,-0.110640207395,0.054164303556,4.20377872188
P5E-2025-JUNE-NEW-HIGH,TEMPORARY_NEW_HIGH_PHASE,False,2025-05-22,near_event,sol_btc_log_return_20d,LEADERSHIP_MIGRATION,7,0.0255592191829,0.0192155013679,0.00706741567825,0.0513914570643,0.0257621041605,0.0513914570643,0.0256293529038,0.34766624348,0.226772711877,-0.976912030833
P5E-2025-JUNE-NEW-HIGH,TEMPORARY_NEW_HIGH_PHASE,False,2025-05-22,near_event,bnb_btc_log_return_20d,LEADERSHIP_MIGRATION,7,-0.0296031821235,-0.0355938396366,-0.0460602630171,-0.00860678734443,-0.0262016933465,-0.00860678734443,0.0175949060021,0.0675905142324,0.167583887986,-0.415295849999
P5E-2025-JUNE-NEW-HIGH,TEMPORARY_NEW_HIGH_PHASE,False,2025-05-22,near_event,eth_btc_log_return_40d,LEADERSHIP_MIGRATION,7,0.200152614901,0.201612623428,0.169737943246,0.214109741878,0.196107583043,0.213015567014,0.016907983971,-0.0214054356725,0.0615482875744,2.44399358598
P5E-2025-JUNE-NEW-HIGH,TEMPORARY_NEW_HIGH_PHASE,False,2025-05-22,near_event,sol_btc_log_return_40d,LEADERSHIP_MIGRATION,7,0.120018754018,0.107444653223,0.0366798710605,0.180780228832,0.180780228832,0.0366798710605,-0.144100357771,0.64209414506,0.635898975972,-0.567096591486
P5E-2025-JUNE-NEW-HIGH,TEMPORARY_NEW_HIGH_PHASE,False,2025-05-22,near_event,bnb_btc_log_return_40d,LEADERSHIP_MIGRATION,7,-0.142107310988,-0.13429902362,-0.176973498538,-0.121990669936,-0.124981583185,-0.130573737503,-0.00559215431823,0.132765280694,0.0959608630181,-1.87714449183
P5E-2025-JUNE-NEW-HIGH,TEMPORARY_NEW_HIGH_PHASE,False,2025-05-22,near_event,brkk_return_dispersion_20d,LEADERSHIP_MIGRATION,7,0.0989717027069,0.100975604119,0.0869475267011,0.106637751705,0.106637751705,0.0949066391186,-0.0117311125862,0.172971471338,0.0903395002381,-0.537533936229
P5E-2025-JUNE-NEW-HIGH,TEMPORARY_NEW_HIGH_PHASE,False,2025-05-22,near_event,alt_outperformance_breadth_20d,BREADTH,7,0.666666666667,0.666666666667,0.666666666667,0.666666666667,0.666666666667,0.666666666667,0,0.666666666667,0,
P5E-2025-JUNE-NEW-HIGH,TEMPORARY_NEW_HIGH_PHASE,False,2025-05-22,near_event,canonical5_outperformance_breadth_20d,BREADTH,7,0.5,0.5,0.5,0.5,0.5,0.5,0,0.5,0,
P5E-2025-JUNE-NEW-HIGH,TEMPORARY_NEW_HIGH_PHASE,False,2025-05-22,near_event,high_beta_participation_20d,BREADTH,7,0.5,0.5,0.5,0.5,0.5,0.5,0,0.75,0.25,-0.674490759477
P5E-2025-JUNE-NEW-HIGH,TEMPORARY_NEW_HIGH_PHASE,False,2025-05-22,near_event,breadth_acceleration_10d,BREADTH,7,-0.0678571428571,-0.075,-0.075,-0.05,-0.05,-0.05,0,-0.05,0.1,-0.168622689869
P5E-2025-JUNE-NEW-HIGH,TEMPORARY_NEW_HIGH_PHASE,False,2025-05-22,near_event,breadth_contraction_from_10d_max,BREADTH,7,0.25,0.25,0.25,0.25,0.25,0.25,0,0.25,0,
P5E-2025-JUNE-NEW-HIGH,TEMPORARY_NEW_HIGH_PHASE,False,2025-05-22,immediate_after,btc_log_return_20d,BTC_TREND_MATURITY,28,0.0215748375272,0.00609265319901,-0.0357272005684,0.140316735474,0.112947738051,0.00645225464801,-0.106495483403,0.030811960361,0.0548090158419,-0.304200759772
P5E-2025-JUNE-NEW-HIGH,TEMPORARY_NEW_HIGH_PHASE,False,2025-05-22,immediate_after,btc_log_return_40d,BTC_TREND_MATURITY,28,0.139356681654,0.116363296207,-0.00144117420947,0.264816743987,0.247843618393,-0.00144117420947,-0.249284792602,0.124671650333,0.190324491526,-0.0294439671902
P5E-2025-JUNE-NEW-HIGH,TEMPORARY_NEW_HIGH_PHASE,False,2025-05-22,immediate_after,btc_log_slope_20d_ann,BTC_TREND_MATURITY,28,0.36049971694,0.21739855795,-1.01885149498,2.41478638122,2.41478638122,0.141789452279,-2.27299692894,-0.150748273839,1.16952819145,0.212317785913
P5E-2025-JUNE-NEW-HIGH,TEMPORARY_NEW_HIGH_PHASE,False,2025-05-22,immediate_after,btc_log_slope_40d_ann,BTC_TREND_MATURITY,28,1.23566146728,1.17416179644,0.0723418918596,2.47235661007,2.47235661007,0.0723418918596,-2.40001471821,0.608473348638,1.76847769853,0.215751451715
P5E-2025-JUNE-NEW-HIGH,TEMPORARY_NEW_HIGH_PHASE,False,2025-05-22,immediate_after,btc_kama_gap,BTC_TREND_MATURITY,28,0.00545061015375,-0.00153398489956,-0.0315619799017,0.0466094932873,0.0190904781482,-0.00967404911164,-0.0287645272598,-0.00296688050057,0.0418720142699,0.0230816419756
P5E-2025-JUNE-NEW-HIGH,TEMPORARY_NEW_HIGH_PHASE,False,2025-05-22,immediate_after,btc_kama_slope_10d,BTC_TREND_MATURITY,28,0.0124331841057,0.00649657485612,-0.0129417968377,0.0469084243992,0.0469084243992,0.00311680546714,-0.043791618932,-0.00695931786662,0.0168686692778,0.538031492143
P5E-2025-JUNE-NEW-HIGH,TEMPORARY_NEW_HIGH_PHASE,False,2025-05-22,immediate_after,btc_distance_from_90d_high,BTC_TREND_MATURITY,28,-0.04847623235,-0.0540652185065,-0.0912074814356,-0.0127293486502,-0.0391947945235,-0.063006793158,-0.0238119986345,-0.101066258204,0.0709078066022,0.447084298339
P5E-2025-JUNE-NEW-HIGH,TEMPORARY_NEW_HIGH_PHASE,False,2025-05-22,immediate_after,btc_consolidation_duration_5pct,BTC_TREND_MATURITY,28,5.07142857143,0,0,25,20,0,-20,0,0,
P5E-2025-JUNE-NEW-HIGH,TEMPORARY_NEW_HIGH_PHASE,False,2025-05-22,immediate_after,btc_rv20_ann,BTC_TREND_MATURITY,28,0.341459992448,0.331686951549,0.303205494037,0.406435232995,0.406435232995,0.323030602456,-0.0834046305388,0.772658942566,0.0844444382598,-3.52221578186
P5E-2025-JUNE-NEW-HIGH,TEMPORARY_NEW_HIGH_PHASE,False,2025-05-22,immediate_after,btc_rv20_to_rv60,BTC_TREND_MATURITY,28,0.841482939096,0.85416966756,0.66970537995,1.02017817744,0.874908802219,0.894870879053,0.019962076834,0.992525843703,0.190855286022,-0.488956655433
P5E-2025-JUNE-NEW-HIGH,TEMPORARY_NEW_HIGH_PHASE,False,2025-05-22,immediate_after,btc_daily_rsi14,MOMENTUM_EXHAUSTION,28,55.0975310784,53.5662649172,42.438294851,66.8355509002,63.3050196764,47.7107767482,-15.5942429282,53.5120305559,7.15707444265,0.00511110731434
P5E-2025-JUNE-NEW-HIGH,TEMPORARY_NEW_HIGH_PHASE,False,2025-05-22,immediate_after,btc_daily_rsi28,MOMENTUM_EXHAUSTION,28,57.5637733659,56.6278879974,51.6888453011,64.0812268242,62.2469386991,52.8077214107,-9.4392172884,56.3301172701,5.57727733544,0.0360110483821
P5E-2025-JUNE-NEW-HIGH,TEMPORARY_NEW_HIGH_PHASE,False,2025-05-22,immediate_after,btc_4h_rsi14,MOMENTUM_EXHAUSTION,28,49.2064178193,48.3528715107,28.7626683611,77.127567348,72.3715490733,45.8774652725,-26.4940838008,52.7692500142,8.13008519699,-0.366393022802
P5E-2025-JUNE-NEW-HIGH,TEMPORARY_NEW_HIGH_PHASE,False,2025-05-22,immediate_after,btc_4h_rsi28,MOMENTUM_EXHAUSTION,28,50.2140428248,48.7926969139,37.2578657692,66.6720065552,66.6720065552,46.8089058544,-19.8631007009,52.0125321308,6.39397492151,-0.339655555037
P5E-2025-JUNE-NEW-HIGH,TEMPORARY_NEW_HIGH_PHASE,False,2025-05-22,immediate_after,btc_price_rsi_rank_divergence_20d,MOMENTUM_EXHAUSTION,28,0.308928571429,0.25,0,0.75,0.75,0.1,-0.65,0.05,0.1,1.34898151895
P5E-2025-JUNE-NEW-HIGH,TEMPORARY_NEW_HIGH_PHASE,False,2025-05-22,immediate_after,btc_rsi14_extreme_persistence_14d,MOMENTUM_EXHAUSTION,28,0.132653061224,0,0,0.5,0.5,0,-0.5,0,0,
P5E-2025-JUNE-NEW-HIGH,TEMPORARY_NEW_HIGH_PHASE,False,2025-05-22,immediate_after,btc_rsi14_failure_from_14d_max,MOMENTUM_EXHAUSTION,28,15.7628518399,14.4518561485,0,27.9251276785,14.8240330922,15.8831658598,1.05913276759,6.94489455209,5.6201863123,0.900926757074
P5E-2025-JUNE-NEW-HIGH,TEMPORARY_NEW_HIGH_PHASE,False,2025-05-22,immediate_after,eth_btc_log_return_20d,LEADERSHIP_MIGRATION,28,0.0523558380774,0.0223176092178,-0.0440619572902,0.268935559231,0.20764959113,-0.0104978142126,-0.218147405343,-0.085881691542,0.0378690216043,1.92715379095
P5E-2025-JUNE-NEW-HIGH,TEMPORARY_NEW_HIGH_PHASE,False,2025-05-22,immediate_after,sol_btc_log_return_20d,LEADERSHIP_MIGRATION,28,-0.0800591717661,-0.106927927463,-0.175124491002,0.066598645967,0.0577071816254,-0.0668848334462,-0.124592015072,-0.0620372189436,0.110845596434,-0.273158060008
P5E-2025-JUNE-NEW-HIGH,TEMPORARY_NEW_HIGH_PHASE,False,2025-05-22,immediate_after,bnb_btc_log_return_20d,LEADERSHIP_MIGRATION,28,-0.00649925245445,-0.0045343615001,-0.0391688365155,0.0449296192061,-0.0211565806853,-0.0229294237622,-0.00177284307687,0.00901998919944,0.0632752468535,-0.144484371886
P5E-2025-JUNE-NEW-HIGH,TEMPORARY_NEW_HIGH_PHASE,False,2025-05-22,immediate_after,eth_btc_log_return_40d,LEADERSHIP_MIGRATION,28,0.226849608479,0.243936225624,-0.0228961324561,0.293927874338,0.210388679027,-0.0228961324561,-0.233284811483,-0.172566786877,0.067232408721,4.178452603
P5E-2025-JUNE-NEW-HIGH,TEMPORARY_NEW_HIGH_PHASE,False,2025-05-22,immediate_after,sol_btc_log_return_40d,LEADERSHIP_MIGRATION,28,-0.0589085872156,-0.071255998454,-0.18901954892,0.0670343441129,0.0562745345513,-0.18901954892,-0.245294083472,0.241830897569,0.403147478085,-0.523813814448
P5E-2025-JUNE-NEW-HIGH,TEMPORARY_NEW_HIGH_PHASE,False,2025-05-22,immediate_after,bnb_btc_log_return_40d,LEADERSHIP_MIGRATION,28,-0.0499306239944,-0.0337875702174,-0.130570361754,0.0172016126369,-0.130570361754,-0.0279828276588,0.102587534095,0.166415815495,0.180070281421,-0.749903496643
P5E-2025-JUNE-NEW-HIGH,TEMPORARY_NEW_HIGH_PHASE,False,2025-05-22,immediate_after,brkk_return_dispersion_20d,LEADERSHIP_MIGRATION,28,0.0602345480439,0.0534629899713,0.0254652488906,0.10756757133,0.0894254423559,0.0254652488906,-0.0639601934653,0.0789295421886,0.0299218332181,-0.574060887951
P5E-2025-JUNE-NEW-HIGH,TEMPORARY_NEW_HIGH_PHASE,False,2025-05-22,immediate_after,alt_outperformance_breadth_20d,BREADTH,28,0.357142857143,0.333333333333,0,1,0.666666666667,0,-0.666666666667,0.333333333333,0.333333333333,0
P5E-2025-JUNE-NEW-HIGH,TEMPORARY_NEW_HIGH_PHASE,False,2025-05-22,immediate_after,canonical5_outperformance_breadth_20d,BREADTH,28,0.276785714286,0.25,0,0.75,0.5,0.25,-0.25,0.25,0.25,0
P5E-2025-JUNE-NEW-HIGH,TEMPORARY_NEW_HIGH_PHASE,False,2025-05-22,immediate_after,high_beta_participation_20d,BREADTH,28,0.232142857143,0,0,1,0.5,0,-0.5,0.5,0.5,-0.674490759477
P5E-2025-JUNE-NEW-HIGH,TEMPORARY_NEW_HIGH_PHASE,False,2025-05-22,immediate_after,breadth_acceleration_10d,BREADTH,28,-0.0580357142857,0,-0.475,0.325,-0.025,0.05,0.075,-0.05,0.075,0.449660506318
P5E-2025-JUNE-NEW-HIGH,TEMPORARY_NEW_HIGH_PHASE,False,2025-05-22,immediate_after,breadth_contraction_from_10d_max,BREADTH,28,0.330357142857,0.25,0,0.75,0.25,0.25,0,0.25,0.25,0
P5E-2025-JUNE-NEW-HIGH,TEMPORARY_NEW_HIGH_PHASE,False,2025-05-22,medium_after,btc_log_return_20d,BTC_TREND_MATURITY,62,0.0310478350126,0.0192405178709,-0.0564861586303,0.150994520565,-0.0124480015078,-0.0129794064455,-0.000531404937687,0.000755527703618,0.085095390214,0.146517396836
P5E-2025-JUNE-NEW-HIGH,TEMPORARY_NEW_HIGH_PHASE,False,2025-05-22,medium_after,btc_log_return_40d,BTC_TREND_MATURITY,62,0.0655178629774,0.0738829617795,-0.0553563278912,0.148488123353,-0.00790695328978,-0.0280987895445,-0.0201918362547,0.0435747491473,0.130631889362,0.156490191304
P5E-2025-JUNE-NEW-HIGH,TEMPORARY_NEW_HIGH_PHASE,False,2025-05-22,medium_after,btc_log_slope_20d_ann,BTC_TREND_MATURITY,62,0.594204950535,0.468396133651,-0.823484800122,2.52957216374,-0.0476916142368,0.450540832755,0.498232446992,0.108582779267,1.75274708323,0.138463093158
P5E-2025-JUNE-NEW-HIGH,TEMPORARY_NEW_HIGH_PHASE,False,2025-05-22,medium_after,btc_log_slope_40d_ann,BTC_TREND_MATURITY,62,0.568713498666,0.470457936257,-0.280451712715,1.57804863601,0.0127131984505,-0.16557982264,-0.17829302109,0.447150970233,1.15168286782,0.013649880235
P5E-2025-JUNE-NEW-HIGH,TEMPORARY_NEW_HIGH_PHASE,False,2025-05-22,medium_after,btc_kama_gap,BTC_TREND_MATURITY,62,0.0121626252165,0.011778413945,-0.0424411896262,0.0760421138122,-0.0182690610047,-0.0288610808788,-0.0105920198741,0.00489725443393,0.0310249876158,0.149598077593
P5E-2025-JUNE-NEW-HIGH,TEMPORARY_NEW_HIGH_PHASE,False,2025-05-22,medium_after,btc_kama_slope_10d,BTC_TREND_MATURITY,62,0.0177792702083,0.013965379348,-0.016904335841,0.102663540837,-0.00550593979145,0.0171953364078,0.0227012761992,0.00307386961251,0.0311805414445,0.235602793697
P5E-2025-JUNE-NEW-HIGH,TEMPORARY_NEW_HIGH_PHASE,False,2025-05-22,medium_after,btc_distance_from_90d_high,BTC_TREND_MATURITY,62,-0.0304781797734,-0.026413169495,-0.0960850865038,0,-0.0751880480099,-0.0732742809925,0.00191376701738,-0.0928870693612,0.05234604993,0.856531319289
P5E-2025-JUNE-NEW-HIGH,TEMPORARY_NEW_HIGH_PHASE,False,2025-05-22,medium_after,btc_consolidation_duration_5pct,BTC_TREND_MATURITY,62,9.77419354839,7.5,0,30,0,0,0,0,0,
P5E-2025-JUNE-NEW-HIGH,TEMPORARY_NEW_HIGH_PHASE,False,2025-05-22,medium_after,btc_rv20_ann,BTC_TREND_MATURITY,62,0.280032476147,0.284469841614,0.187755147706,0.379656515049,0.326924903146,0.331583406134,0.00465850298757,0.568020362277,0.0861967926653,-2.21878564292
P5E-2025-JUNE-NEW-HIGH,TEMPORARY_NEW_HIGH_PHASE,False,2025-05-22,medium_after,btc_rv20_to_rv60,BTC_TREND_MATURITY,62,0.909078986534,0.893618467174,0.652020649453,1.14132439984,0.912455072087,1.13587405782,0.223418985738,0.853314865875,0.132314470942,0.205453012479
P5E-2025-JUNE-NEW-HIGH,TEMPORARY_NEW_HIGH_PHASE,False,2025-05-22,medium_after,btc_daily_rsi14,MOMENTUM_EXHAUSTION,62,56.985537634,56.5558196966,38.2779315212,75.9529403798,43.9951320999,44.178414695,0.183282595184,52.9481724203,7.9883783977,0.304608098189
P5E-2025-JUNE-NEW-HIGH,TEMPORARY_NEW_HIGH_PHASE,False,2025-05-22,medium_after,btc_daily_rsi28,MOMENTUM_EXHAUSTION,62,57.4054631766,56.2988904048,47.7805601928,67.1079745401,50.9029270407,49.6854588998,-1.21746814091,53.0677880593,5.06638089239,0.430158869073
P5E-2025-JUNE-NEW-HIGH,TEMPORARY_NEW_HIGH_PHASE,False,2025-05-22,medium_after,btc_4h_rsi14,MOMENTUM_EXHAUSTION,62,52.5687783054,52.114428346,25.4877738254,81.9659759581,46.026692572,28.4955355254,-17.5311570466,50.0343365383,7.82885122819,0.179209268676
P5E-2025-JUNE-NEW-HIGH,TEMPORARY_NEW_HIGH_PHASE,False,2025-05-22,medium_after,btc_4h_rsi28,MOMENTUM_EXHAUSTION,62,52.8357859772,52.6222248086,35.42223888,72.7215889764,46.6317421755,36.6532498305,-9.97849234503,50.4558467866,5.23423927681,0.279162239262
P5E-2025-JUNE-NEW-HIGH,TEMPORARY_NEW_HIGH_PHASE,False,2025-05-22,medium_after,btc_price_rsi_rank_divergence_20d,MOMENTUM_EXHAUSTION,62,0.114516129032,0.1,-0.15,0.55,0,0.1,0.1,0,0.1,0.674490759477
P5E-2025-JUNE-NEW-HIGH,TEMPORARY_NEW_HIGH_PHASE,False,2025-05-22,medium_after,btc_rsi14_extreme_persistence_14d,MOMENTUM_EXHAUSTION,62,0.0967741935484,0,0,0.428571428571,0,0,0,0,0,
P5E-2025-JUNE-NEW-HIGH,TEMPORARY_NEW_HIGH_PHASE,False,2025-05-22,medium_after,btc_rsi14_failure_from_14d_max,MOMENTUM_EXHAUSTION,62,10.0976493667,10.3587061415,0,28.857712942,19.5988105081,24.3293359742,4.73052546605,7.58473412328,6.02461118476,0.310562530253
P5E-2025-JUNE-NEW-HIGH,TEMPORARY_NEW_HIGH_PHASE,False,2025-05-22,medium_after,eth_btc_log_return_20d,LEADERSHIP_MIGRATION,62,0.117785307735,0.129022058565,-0.114213973844,0.342491230127,-0.0368349543324,0.172070980455,0.208905934787,0.0867974712205,0.0967787816766,0.294280352503
P5E-2025-JUNE-NEW-HIGH,TEMPORARY_NEW_HIGH_PHASE,False,2025-05-22,medium_after,sol_btc_log_return_20d,LEADERSHIP_MIGRATION,62,0.0194379650609,0.0158548945092,-0.151917039632,0.203618811405,-0.097860640224,0.100329440132,0.198190080356,0.0528862046757,0.103917022819,-0.240357891721
P5E-2025-JUNE-NEW-HIGH,TEMPORARY_NEW_HIGH_PHASE,False,2025-05-22,medium_after,bnb_btc_log_return_20d,LEADERSHIP_MIGRATION,62,0.0357409667505,0.031400938999,-0.0534987842921,0.146261358166,-0.0127914848047,0.117068587958,0.129860072762,0.0558431983245,0.105726806019,-0.155930919287
P5E-2025-JUNE-NEW-HIGH,TEMPORARY_NEW_HIGH_PHASE,False,2025-05-22,medium_after,eth_btc_log_return_40d,LEADERSHIP_MIGRATION,62,0.187467975382,0.227445196639,-0.154113936842,0.505808399669,-0.0360256071491,0.41050021727,0.446525824419,0.1098868465,0.128295939621,0.618039987101
P5E-2025-JUNE-NEW-HIGH,TEMPORARY_NEW_HIGH_PHASE,False,2025-05-22,medium_after,sol_btc_log_return_40d,LEADERSHIP_MIGRATION,62,-0.0029019407706,0.035016157769,-0.3023486223,0.17796855092,-0.204054476068,0.170900891785,0.374955367853,0.076412776403,0.14435909389,-0.193417927405
P5E-2025-JUNE-NEW-HIGH,TEMPORARY_NEW_HIGH_PHASE,False,2025-05-22,medium_after,bnb_btc_log_return_40d,LEADERSHIP_MIGRATION,62,0.0436371691062,0.0559753003673,-0.0968046559199,0.258822345821,-0.00685243465818,0.258822345821,0.265674780479,0.0758123985965,0.146003845999,-0.0916410068438
P5E-2025-JUNE-NEW-HIGH,TEMPORARY_NEW_HIGH_PHASE,False,2025-05-22,medium_after,brkk_return_dispersion_20d,LEADERSHIP_MIGRATION,62,0.0627163917822,0.0599594172535,0.00525113742988,0.130146266865,0.037613266292,0.062164994177,0.024551727885,0.0871118885568,0.0274717240831,-0.66665240724
P5E-2025-JUNE-NEW-HIGH,TEMPORARY_NEW_HIGH_PHASE,False,2025-05-22,medium_after,alt_outperformance_breadth_20d,BREADTH,62,0.618279569892,0.666666666667,0,1,0,1,1,0.666666666667,0.333333333333,0
P5E-2025-JUNE-NEW-HIGH,TEMPORARY_NEW_HIGH_PHASE,False,2025-05-22,medium_after,canonical5_outperformance_breadth_20d,BREADTH,62,0.596774193548,0.75,0,1,0,0.75,0.75,0.5,0.25,0.674490759477
P5E-2025-JUNE-NEW-HIGH,TEMPORARY_NEW_HIGH_PHASE,False,2025-05-22,medium_after,high_beta_participation_20d,BREADTH,62,0.58064516129,0.5,0,1,0,1,1,0.5,0.5,0
P5E-2025-JUNE-NEW-HIGH,TEMPORARY_NEW_HIGH_PHASE,False,2025-05-22,medium_after,breadth_acceleration_10d,BREADTH,62,0.0443548387097,0.0125,-0.425,0.55,-0.175,0,0.175,0.0125,0.1125,8.32039078964e-17
P5E-2025-JUNE-NEW-HIGH,TEMPORARY_NEW_HIGH_PHASE,False,2025-05-22,medium_after,breadth_contraction_from_10d_max,BREADTH,62,0.149193548387,0,0,0.5,0.5,0.25,-0.25,0,0,
P5E-2025-AUG-NEW-HIGH,SECOND_WIND_NEW_HIGH_PHASE,False,2025-08-13,early_warning,btc_log_return_20d,BTC_TREND_MATURITY,14,0.0893705410969,0.0909126048643,0.0586312486632,0.107340979938,0.103679084712,0.0586312486632,-0.0450478360492,0.0895088842087,0.132691383645,0.00713532849734
P5E-2025-AUG-NEW-HIGH,SECOND_WIND_NEW_HIGH_PHASE,False,2025-08-13,early_warning,btc_log_return_40d,BTC_TREND_MATURITY,14,0.106987406823,0.114336228188,0.061465639886,0.132932810355,0.12885250865,0.119563720584,-0.00928878806657,0.347072013433,0.0998727764841,-1.57178104058
P5E-2025-AUG-NEW-HIGH,SECOND_WIND_NEW_HIGH_PHASE,False,2025-08-13,early_warning,btc_log_slope_20d_ann,BTC_TREND_MATURITY,14,1.74190186973,2.05880495392,0.10330334982,2.52957216374,2.42207801009,0.10330334982,-2.31877466027,1.43405246584,2.16506091005,0.19463183609
P5E-2025-AUG-NEW-HIGH,SECOND_WIND_NEW_HIGH_PHASE,False,2025-08-13,early_warning,btc_log_slope_40d_ann,BTC_TREND_MATURITY,14,1.38547043437,1.49084050314,0.964861438058,1.57804863601,0.964861438058,1.53342715004,0.568565711987,2.2394973342,1.33334300259,-0.378718839476
P5E-2025-AUG-NEW-HIGH,SECOND_WIND_NEW_HIGH_PHASE,False,2025-08-13,early_warning,btc_kama_gap,BTC_TREND_MATURITY,14,0.00918556923138,0.00614113152945,0.000317394066727,0.0222073771422,0.0202621610435,0.00459395333089,-0.0156682077126,0.0500264608607,0.0417466923959,-0.709044175998
P5E-2025-AUG-NEW-HIGH,SECOND_WIND_NEW_HIGH_PHASE,False,2025-08-13,early_warning,btc_kama_slope_10d,BTC_TREND_MATURITY,14,0.0495292201841,0.045310268413,0.00157179791028,0.102663540837,0.0954882131746,0.00157179791028,-0.0939164152643,0.0289828035595,0.0428528480186,0.256989317597
P5E-2025-AUG-NEW-HIGH,SECOND_WIND_NEW_HIGH_PHASE,False,2025-08-13,early_warning,btc_distance_from_90d_high,BTC_TREND_MATURITY,14,-0.0133741467871,-0.0158820774706,-0.0214956161146,0,-0.0101029545937,-0.016703511217,-0.00660055662327,-0.0249122840479,0.0249122840479,0.244489460737
P5E-2025-AUG-NEW-HIGH,SECOND_WIND_NEW_HIGH_PHASE,False,2025-08-13,early_warning,btc_consolidation_duration_5pct,BTC_TREND_MATURITY,14,21.5,21.5,15,28,15,28,13,2.5,2.5,5.12612977202
P5E-2025-AUG-NEW-HIGH,SECOND_WIND_NEW_HIGH_PHASE,False,2025-08-13,early_warning,btc_rv20_ann,BTC_TREND_MATURITY,14,0.272237346391,0.268970266753,0.257140348832,0.29118034744,0.283898552837,0.257140348832,-0.0267582040055,0.536399533768,0.195916887306,-0.92068923662
P5E-2025-AUG-NEW-HIGH,SECOND_WIND_NEW_HIGH_PHASE,False,2025-08-13,early_warning,btc_rv20_to_rv60,BTC_TREND_MATURITY,14,0.898892788747,0.893618467174,0.873975895179,0.921416843169,0.873975895179,0.892798320115,0.0188224249366,0.99008418923,0.124549004872,-0.522406728179
P5E-2025-AUG-NEW-HIGH,SECOND_WIND_NEW_HIGH_PHASE,False,2025-08-13,early_warning,btc_daily_rsi14,MOMENTUM_EXHAUSTION,14,63.7319861236,63.5876487301,58.1107512965,70.3340298407,69.4284610105,58.1107512965,-11.317709714,61.8858657476,10.55335837,0.108765082742
P5E-2025-AUG-NEW-HIGH,SECOND_WIND_NEW_HIGH_PHASE,False,2025-08-13,early_warning,btc_daily_rsi28,MOMENTUM_EXHAUSTION,14,62.0296780289,61.960748641,59.627372576,64.8622998479,64.342720645,59.627372576,-4.715348069,60.0410083347,7.54847011662,0.171537686069
P5E-2025-AUG-NEW-HIGH,SECOND_WIND_NEW_HIGH_PHASE,False,2025-08-13,early_warning,btc_4h_rsi14,MOMENTUM_EXHAUSTION,14,51.3796250927,50.2902541426,42.753040121,61.5511294295,51.8938205875,48.3416226228,-3.55219796471,56.2399971272,7.11310128299,-0.564176792194
P5E-2025-AUG-NEW-HIGH,SECOND_WIND_NEW_HIGH_PHASE,False,2025-08-13,early_warning,btc_4h_rsi28,MOMENTUM_EXHAUSTION,14,53.4515525607,52.8583793779,49.8415489567,59.0572599526,57.1306784245,50.2600464229,-6.87063200155,54.832052947,5.42577387822,-0.245352020639
P5E-2025-AUG-NEW-HIGH,SECOND_WIND_NEW_HIGH_PHASE,False,2025-08-13,early_warning,btc_price_rsi_rank_divergence_20d,MOMENTUM_EXHAUSTION,14,0.3,0.325,0.05,0.55,0.15,0.5,0.35,0.05,0.175,1.05991405061
P5E-2025-AUG-NEW-HIGH,SECOND_WIND_NEW_HIGH_PHASE,False,2025-08-13,early_warning,btc_rsi14_extreme_persistence_14d,MOMENTUM_EXHAUSTION,14,0.321428571429,0.392857142857,0.0714285714286,0.428571428571,0.357142857143,0.0714285714286,-0.285714285714,0,0,
P5E-2025-AUG-NEW-HIGH,SECOND_WIND_NEW_HIGH_PHASE,False,2025-08-13,early_warning,btc_rsi14_failure_from_14d_max,MOMENTUM_EXHAUSTION,14,11.4182527506,11.9145485005,5.61891053907,16.5370162364,6.52447936925,12.2232785442,5.69879917494,5.81930035139,3.60287467836,1.14108563863
P5E-2025-AUG-NEW-HIGH,SECOND_WIND_NEW_HIGH_PHASE,False,2025-08-13,early_warning,eth_btc_log_return_20d,LEADERSHIP_MIGRATION,14,0.28732558504,0.287118061495,0.229537449263,0.342491230127,0.229537449263,0.256341927698,0.0268044784342,0.0326272322803,0.0685174948848,2.50522458484
P5E-2025-AUG-NEW-HIGH,SECOND_WIND_NEW_HIGH_PHASE,False,2025-08-13,early_warning,sol_btc_log_return_20d,LEADERSHIP_MIGRATION,14,0.119257043922,0.119149912522,0.0594993909952,0.203618811405,0.118342018973,0.0859499801479,-0.0323920388248,0.097577644935,0.30707181567,0.0473840137902
P5E-2025-AUG-NEW-HIGH,SECOND_WIND_NEW_HIGH_PHASE,False,2025-08-13,early_warning,bnb_btc_log_return_20d,LEADERSHIP_MIGRATION,14,0.0720065019058,0.0751697170162,-0.00542926431021,0.146261358166,-0.00542926431021,0.127029624808,0.132458889119,0.0824493282032,0.0834109434606,-0.0588655429914
P5E-2025-AUG-NEW-HIGH,SECOND_WIND_NEW_HIGH_PHASE,False,2025-08-13,early_warning,eth_btc_log_return_40d,LEADERSHIP_MIGRATION,14,0.246524812236,0.232512960397,0.179776007241,0.300601352546,0.179776007241,0.289098551612,0.109322544371,0.056136721709,0.204038750218,0.583046813703
P5E-2025-AUG-NEW-HIGH,SECOND_WIND_NEW_HIGH_PHASE,False,2025-08-13,early_warning,sol_btc_log_return_40d,LEADERSHIP_MIGRATION,14,0.0869570462862,0.0984785001486,0.0270668884488,0.173660790364,0.032011124793,0.0908770756049,0.0588659508119,0.25194929216,0.400474989881,-0.25847963962
P5E-2025-AUG-NEW-HIGH,SECOND_WIND_NEW_HIGH_PHASE,False,2025-08-13,early_warning,bnb_btc_log_return_40d,LEADERSHIP_MIGRATION,14,0.0584715739019,0.0588172291464,-0.0312252563614,0.131205538719,-0.0312252563614,0.102695238866,0.133920495227,0.0307187168272,0.0984400435606,0.192525178056
P5E-2025-AUG-NEW-HIGH,SECOND_WIND_NEW_HIGH_PHASE,False,2025-08-13,early_warning,brkk_return_dispersion_20d,LEADERSHIP_MIGRATION,14,0.108555078398,0.109034993351,0.0924248793737,0.130146266865,0.0967002009274,0.0924248793737,-0.00427532155375,0.121383396571,0.064538834859,-0.129052281229
P5E-2025-AUG-NEW-HIGH,SECOND_WIND_NEW_HIGH_PHASE,False,2025-08-13,early_warning,alt_outperformance_breadth_20d,BREADTH,14,0.97619047619,1,0.666666666667,1,0.666666666667,1,0.333333333333,0.666666666667,0.333333333333,0.674490759477
P5E-2025-AUG-NEW-HIGH,SECOND_WIND_NEW_HIGH_PHASE,False,2025-08-13,early_warning,canonical5_outperformance_breadth_20d,BREADTH,14,0.982142857143,1,0.75,1,0.75,1,0.25,0.75,0.25,0.674490759477
P5E-2025-AUG-NEW-HIGH,SECOND_WIND_NEW_HIGH_PHASE,False,2025-08-13,early_warning,high_beta_participation_20d,BREADTH,14,0.964285714286,1,0.5,1,0.5,1,0.5,0.75,0.25,0.674490759477
P5E-2025-AUG-NEW-HIGH,SECOND_WIND_NEW_HIGH_PHASE,False,2025-08-13,early_warning,breadth_acceleration_10d,BREADTH,14,0.117857142857,0.125,0,0.325,0.15,0,-0.15,0,0.125,0.674490759477
P5E-2025-AUG-NEW-HIGH,SECOND_WIND_NEW_HIGH_PHASE,False,2025-08-13,early_warning,breadth_contraction_from_10d_max,BREADTH,14,0,0,0,0,0,0,0,0,0,
P5E-2025-AUG-NEW-HIGH,SECOND_WIND_NEW_HIGH_PHASE,False,2025-08-13,target_lead,btc_log_return_20d,BTC_TREND_MATURITY,8,-0.0296844411579,-0.0357429630056,-0.0564861586303,0.0156539236887,0.0156539236887,-0.0357495731627,-0.0514034968514,0.127208351272,0.205904321304,-0.533787513679
P5E-2025-AUG-NEW-HIGH,SECOND_WIND_NEW_HIGH_PHASE,False,2025-08-13,target_lead,btc_log_return_40d,BTC_TREND_MATURITY,8,0.0898011853618,0.0726989761204,0.0650020134091,0.131712399929,0.131712399929,0.0715914067749,-0.0601209931544,0.203062591735,0.253540587619,-0.346804647453
P5E-2025-AUG-NEW-HIGH,SECOND_WIND_NEW_HIGH_PHASE,False,2025-08-13,target_lead,btc_log_slope_20d_ann,BTC_TREND_MATURITY,8,-0.535653573752,-0.64340460588,-0.823484800122,-0.0194449320316,-0.0194449320316,-0.807832498457,-0.788387566426,2.9833617162,4.06618692936,-0.601600569162
P5E-2025-AUG-NEW-HIGH,SECOND_WIND_NEW_HIGH_PHASE,False,2025-08-13,target_lead,btc_log_slope_40d_ann,BTC_TREND_MATURITY,8,1.08937741493,1.05216739707,0.763882878527,1.47709567698,1.47709567698,0.763882878527,-0.713212798457,2.01729961081,2.33461358689,-0.278835334249
P5E-2025-AUG-NEW-HIGH,SECOND_WIND_NEW_HIGH_PHASE,False,2025-08-13,target_lead,btc_kama_gap,BTC_TREND_MATURITY,8,-0.0122345019797,-0.0119562425973,-0.0277352059759,0.00361218181826,0.00361218181826,-0.00392286067447,-0.00753504249273,0.0299726863565,0.0598170839786,-0.472785920894
P5E-2025-AUG-NEW-HIGH,SECOND_WIND_NEW_HIGH_PHASE,False,2025-08-13,target_lead,btc_kama_slope_10d,BTC_TREND_MATURITY,8,-0.0101507086345,-0.0144477960587,-0.0166929147519,0.00160592200397,0.00160592200397,-0.0166929147519,-0.0182988367559,0.0883569849308,0.121019937429,-0.572970671447
P5E-2025-AUG-NEW-HIGH,SECOND_WIND_NEW_HIGH_PHASE,False,2025-08-13,target_lead,btc_distance_from_90d_high,BTC_TREND_MATURITY,8,-0.0435590972805,-0.0446326613059,-0.061757374176,-0.0176243609864,-0.0176243609864,-0.0413669625513,-0.0237426015648,-0.0858433272357,0.0779198726861,0.356728167069
P5E-2025-AUG-NEW-HIGH,SECOND_WIND_NEW_HIGH_PHASE,False,2025-08-13,target_lead,btc_consolidation_duration_5pct,BTC_TREND_MATURITY,8,8.625,2.5,0,30,29,4,-25,0,0,
P5E-2025-AUG-NEW-HIGH,SECOND_WIND_NEW_HIGH_PHASE,False,2025-08-13,target_lead,btc_rv20_ann,BTC_TREND_MATURITY,8,0.203555144798,0.20461684872,0.187755147706,0.214423121929,0.187755147706,0.205921998767,0.0181668510612,0.687091261371,0.0544428981356,-5.97735506671
P5E-2025-AUG-NEW-HIGH,SECOND_WIND_NEW_HIGH_PHASE,False,2025-08-13,target_lead,btc_rv20_to_rv60,BTC_TREND_MATURITY,8,0.701736255145,0.714537555202,0.652020649453,0.733621709144,0.652020649453,0.733621709144,0.0816010596906,1.06665746709,0.109058167358,-2.17775185986
P5E-2025-AUG-NEW-HIGH,SECOND_WIND_NEW_HIGH_PHASE,False,2025-08-13,target_lead,btc_daily_rsi14,MOMENTUM_EXHAUSTION,8,47.40899776,47.517290957,39.9633565852,57.640268044,57.640268044,49.0731284881,-8.5671395559,60.3120922753,15.7844104579,-0.546740423503
P5E-2025-AUG-NEW-HIGH,SECOND_WIND_NEW_HIGH_PHASE,False,2025-08-13,target_lead,btc_daily_rsi28,MOMENTUM_EXHAUSTION,8,53.7844434748,53.318639017,50.4216010543,59.4191133143,59.4191133143,53.7833857014,-5.63572761288,60.4872774422,11.62490618,-0.415932851499
P5E-2025-AUG-NEW-HIGH,SECOND_WIND_NEW_HIGH_PHASE,False,2025-08-13,target_lead,btc_4h_rsi14,MOMENTUM_EXHAUSTION,8,41.0190600136,45.5080489335,25.4877738254,52.3350361045,47.7472272029,47.1724246045,-0.574802598384,55.1266125516,12.4114615945,-0.522712996407
P5E-2025-AUG-NEW-HIGH,SECOND_WIND_NEW_HIGH_PHASE,False,2025-08-13,target_lead,btc_4h_rsi28,MOMENTUM_EXHAUSTION,8,43.4115228966,44.0944122178,35.42223888,49.6727578413,49.6727578413,45.310961551,-4.36179629026,58.7882962886,9.80867514322,-1.01042076344
P5E-2025-AUG-NEW-HIGH,SECOND_WIND_NEW_HIGH_PHASE,False,2025-08-13,target_lead,btc_price_rsi_rank_divergence_20d,MOMENTUM_EXHAUSTION,8,0.0375,0,-0.05,0.35,0.35,-0.05,-0.4,0,0.075,0
P5E-2025-AUG-NEW-HIGH,SECOND_WIND_NEW_HIGH_PHASE,False,2025-08-13,target_lead,btc_rsi14_extreme_persistence_14d,MOMENTUM_EXHAUSTION,8,0.00892857142857,0,0,0.0714285714286,0.0714285714286,0,-0.0714285714286,0.214285714286,0.214285714286,-0.674490759477
P5E-2025-AUG-NEW-HIGH,SECOND_WIND_NEW_HIGH_PHASE,False,2025-08-13,target_lead,btc_rsi14_failure_from_14d_max,MOMENTUM_EXHAUSTION,8,20.428711243,19.5864789538,12.6937617967,28.857712942,12.6937617967,15.0580187855,2.36425698882,14.4485264679,7.63531949898,0.453877728998
P5E-2025-AUG-NEW-HIGH,SECOND_WIND_NEW_HIGH_PHASE,False,2025-08-13,target_lead,eth_btc_log_return_20d,LEADERSHIP_MIGRATION,8,0.183066960952,0.195244584109,0.0934289138233,0.239732902545,0.239732902545,0.0934289138233,-0.146303988722,-0.0142936558819,0.0789531732529,1.79006873072
P5E-2025-AUG-NEW-HIGH,SECOND_WIND_NEW_HIGH_PHASE,False,2025-08-13,target_lead,sol_btc_log_return_20d,LEADERSHIP_MIGRATION,8,0.0371789519553,0.0474435699591,-0.0178344692656,0.0705714516522,0.0628992037429,-0.00949596234024,-0.0723951660831,0.183745627323,0.324317318986,-0.283470763995
P5E-2025-AUG-NEW-HIGH,SECOND_WIND_NEW_HIGH_PHASE,False,2025-08-13,target_lead,bnb_btc_log_return_20d,LEADERSHIP_MIGRATION,8,0.124317612733,0.130741069436,0.10140191906,0.141753757864,0.130226178564,0.10140191906,-0.0288242595044,0.0652007942535,0.0992768466183,0.445283180215
P5E-2025-AUG-NEW-HIGH,SECOND_WIND_NEW_HIGH_PHASE,False,2025-08-13,target_lead,eth_btc_log_return_40d,LEADERSHIP_MIGRATION,8,0.327013995266,0.335160455774,0.275446633992,0.361442617911,0.327747534869,0.347143797328,0.019396262459,0.0637412692042,0.0588851102576,3.10893080586
P5E-2025-AUG-NEW-HIGH,SECOND_WIND_NEW_HIGH_PHASE,False,2025-08-13,target_lead,sol_btc_log_return_40d,LEADERSHIP_MIGRATION,8,0.0834804920243,0.0966844328651,0.026050145744,0.114912190861,0.106350351622,0.0964474838204,-0.00990286780174,0.276226159194,0.552177671117,-0.219312083201
P5E-2025-AUG-NEW-HIGH,SECOND_WIND_NEW_HIGH_PHASE,False,2025-08-13,target_lead,bnb_btc_log_return_40d,LEADERSHIP_MIGRATION,8,0.0906387265907,0.0925472840023,0.0733375523943,0.104298086808,0.0807730998864,0.10386403507,0.0230909351838,0.0608554568141,0.0646096128323,0.330846195361
P5E-2025-AUG-NEW-HIGH,SECOND_WIND_NEW_HIGH_PHASE,False,2025-08-13,target_lead,brkk_return_dispersion_20d,LEADERSHIP_MIGRATION,8,0.0734027854848,0.0748427608806,0.0512694618369,0.0888052057685,0.0888052057685,0.0512694618369,-0.0375357439316,0.23637770159,0.173514729559,-0.627922627191
P5E-2025-AUG-NEW-HIGH,SECOND_WIND_NEW_HIGH_PHASE,False,2025-08-13,target_lead,alt_outperformance_breadth_20d,BREADTH,8,0.916666666667,1,0.666666666667,1,1,0.666666666667,-0.333333333333,0.666666666667,0,
P5E-2025-AUG-NEW-HIGH,SECOND_WIND_NEW_HIGH_PHASE,False,2025-08-13,target_lead,canonical5_outperformance_breadth_20d,BREADTH,8,0.90625,1,0.5,1,1,0.5,-0.5,0.5,0,
P5E-2025-AUG-NEW-HIGH,SECOND_WIND_NEW_HIGH_PHASE,False,2025-08-13,target_lead,high_beta_participation_20d,BREADTH,8,0.875,1,0.5,1,1,0.5,-0.5,0.5,0,
P5E-2025-AUG-NEW-HIGH,SECOND_WIND_NEW_HIGH_PHASE,False,2025-08-13,target_lead,breadth_acceleration_10d,BREADTH,8,-0.08125,0,-0.425,0,0,-0.425,-0.425,-0.0875,0.1125,0.524603924037
P5E-2025-AUG-NEW-HIGH,SECOND_WIND_NEW_HIGH_PHASE,False,2025-08-13,target_lead,breadth_contraction_from_10d_max,BREADTH,8,0.09375,0,0,0.5,0,0.5,0.5,0.25,0.25,-0.674490759477
P5E-2025-AUG-NEW-HIGH,SECOND_WIND_NEW_HIGH_PHASE,False,2025-08-13,near_event,btc_log_return_20d,BTC_TREND_MATURITY,7,0.0053608137345,-0.00384737993374,-0.0106304870318,0.0411023551007,-0.00384737993374,0.0411023551007,0.0449497350344,-0.00123062583392,0.168594126065,-0.0104687897577
P5E-2025-AUG-NEW-HIGH,SECOND_WIND_NEW_HIGH_PHASE,False,2025-08-13,near_event,btc_log_return_40d,BTC_TREND_MATURITY,7,0.0971724283638,0.090601359375,0.0739593780932,0.13268726749,0.090601359375,0.13268726749,0.0420859081151,0.169330707639,0.23902140654,-0.222165113461
P5E-2025-AUG-NEW-HIGH,SECOND_WIND_NEW_HIGH_PHASE,False,2025-08-13,near_event,btc_log_slope_20d_ann,BTC_TREND_MATURITY,7,-0.357485435395,-0.507748402377,-0.722209851122,0.344165450003,-0.722209851122,0.344165450003,1.06637530112,-0.199090262558,2.41663641042,-0.0861474495075
P5E-2025-AUG-NEW-HIGH,SECOND_WIND_NEW_HIGH_PHASE,False,2025-08-13,near_event,btc_log_slope_40d_ann,BTC_TREND_MATURITY,7,0.526192084365,0.494340277829,0.398341093998,0.707493733211,0.707493733211,0.398341093998,-0.309152639214,2.23747390236,2.78737687575,-0.421804289369
P5E-2025-AUG-NEW-HIGH,SECOND_WIND_NEW_HIGH_PHASE,False,2025-08-13,near_event,btc_kama_gap,BTC_TREND_MATURITY,7,0.0233460313201,0.0230098387524,0.00835343800399,0.0441709957711,0.0174010157828,0.0441709957711,0.0267699799883,-0.0272962937136,0.0469505050891,0.722697688319
P5E-2025-AUG-NEW-HIGH,SECOND_WIND_NEW_HIGH_PHASE,False,2025-08-13,near_event,btc_kama_slope_10d,BTC_TREND_MATURITY,7,-0.0054200477677,-0.0144545761386,-0.0165722564003,0.0214472553147,-0.0165722564003,0.0214472553147,0.0380195117151,0.0241968715392,0.0549435703312,-0.474487626886
P5E-2025-AUG-NEW-HIGH,SECOND_WIND_NEW_HIGH_PHASE,False,2025-08-13,near_event,btc_distance_from_90d_high,BTC_TREND_MATURITY,7,-0.0133182611005,-0.0105741830939,-0.0291124745549,0,-0.0206946105029,0,0.0206946105029,-0.147376034667,0.0480115180974,1.92186351155
P5E-2025-AUG-NEW-HIGH,SECOND_WIND_NEW_HIGH_PHASE,False,2025-08-13,near_event,btc_consolidation_duration_5pct,BTC_TREND_MATURITY,7,8,8,5,11,5,11,6,0,0,
P5E-2025-AUG-NEW-HIGH,SECOND_WIND_NEW_HIGH_PHASE,False,2025-08-13,near_event,btc_rv20_ann,BTC_TREND_MATURITY,7,0.234518219942,0.230517770858,0.224090597268,0.255592825009,0.224090597268,0.255592825009,0.0315022277416,0.754724599989,0.0638473157884,-5.53778428956
P5E-2025-AUG-NEW-HIGH,SECOND_WIND_NEW_HIGH_PHASE,False,2025-08-13,near_event,btc_rv20_to_rv60,BTC_TREND_MATURITY,7,0.873992036667,0.884165829744,0.786405095382,0.955049761695,0.786405095382,0.955049761695,0.168644666313,1.22155517951,0.163055181111,-1.39563795039
P5E-2025-AUG-NEW-HIGH,SECOND_WIND_NEW_HIGH_PHASE,False,2025-08-13,near_event,btc_daily_rsi14,MOMENTUM_EXHAUSTION,7,59.0661409348,58.5696814897,53.082154789,68.5077506692,56.5594344634,68.5077506692,11.9483162058,50.6933814377,5.60332262859,0.948096684066
P5E-2025-AUG-NEW-HIGH,SECOND_WIND_NEW_HIGH_PHASE,False,2025-08-13,near_event,btc_daily_rsi28,MOMENTUM_EXHAUSTION,7,58.3712334365,58.0235719182,55.4228115146,63.3447521314,57.1315468455,63.3447521314,6.21320528595,54.8202975858,8.18573032011,0.26394455385
P5E-2025-AUG-NEW-HIGH,SECOND_WIND_NEW_HIGH_PHASE,False,2025-08-13,near_event,btc_4h_rsi14,MOMENTUM_EXHAUSTION,7,58.9959048621,58.055456343,53.1651892907,67.7642037781,53.1651892907,60.1495412043,6.98435191359,46.8785090792,6.3841789324,1.18084842678
P5E-2025-AUG-NEW-HIGH,SECOND_WIND_NEW_HIGH_PHASE,False,2025-08-13,near_event,btc_4h_rsi28,MOMENTUM_EXHAUSTION,7,55.3223026497,54.9620870634,49.0810758737,60.8921461534,49.0810758737,58.4801412785,9.39906540471,49.3431828804,4.13598836667,0.916322439488
P5E-2025-AUG-NEW-HIGH,SECOND_WIND_NEW_HIGH_PHASE,False,2025-08-13,near_event,btc_price_rsi_rank_divergence_20d,MOMENTUM_EXHAUSTION,7,0.0642857142857,0.1,0,0.15,0.1,0,-0.1,0.1,0.225,-4.16019539482e-17
P5E-2025-AUG-NEW-HIGH,SECOND_WIND_NEW_HIGH_PHASE,False,2025-08-13,near_event,btc_rsi14_extreme_persistence_14d,MOMENTUM_EXHAUSTION,7,0,0,0,0,0,0,0,0.25,0.25,-0.674490759477
P5E-2025-AUG-NEW-HIGH,SECOND_WIND_NEW_HIGH_PHASE,False,2025-08-13,near_event,btc_rsi14_failure_from_14d_max,MOMENTUM_EXHAUSTION,7,4.45121550375,2.22673211221,0,11.0489924846,7.57171281028,0,-7.57171281028,17.8733175829,6.65443911858,-1.58593040365
P5E-2025-AUG-NEW-HIGH,SECOND_WIND_NEW_HIGH_PHASE,False,2025-08-13,near_event,eth_btc_log_return_20d,LEADERSHIP_MIGRATION,7,0.145818940766,0.130483695046,0.10138441341,0.223694275895,0.10138441341,0.206688145222,0.105303731812,-0.110640207395,0.054164303556,3.0026388859
P5E-2025-AUG-NEW-HIGH,SECOND_WIND_NEW_HIGH_PHASE,False,2025-08-13,near_event,sol_btc_log_return_20d,LEADERSHIP_MIGRATION,7,-0.0256683661838,-0.0013207017813,-0.151917039632,0.0559611349597,-0.00704201986552,0.0559611349597,0.0630031548252,0.34766624348,0.226772711877,-1.03799292167
P5E-2025-AUG-NEW-HIGH,SECOND_WIND_NEW_HIGH_PHASE,False,2025-08-13,near_event,bnb_btc_log_return_20d,LEADERSHIP_MIGRATION,7,0.0590053365587,0.0577539425189,0.0337630010828,0.0889727327341,0.0812604232417,0.0544389807681,-0.0268214424736,0.0675905142324,0.167583887986,-0.0395901825971
P5E-2025-AUG-NEW-HIGH,SECOND_WIND_NEW_HIGH_PHASE,False,2025-08-13,near_event,eth_btc_log_return_40d,LEADERSHIP_MIGRATION,7,0.440125872851,0.448334359188,0.382813951119,0.505808399669,0.382813951119,0.505808399669,0.122994448549,-0.0214054356725,0.0615482875744,5.14774924661
P5E-2025-AUG-NEW-HIGH,SECOND_WIND_NEW_HIGH_PHASE,False,2025-08-13,near_event,sol_btc_log_return_40d,LEADERSHIP_MIGRATION,7,0.0944363705053,0.0684194030272,0.0517017717725,0.17796855092,0.0608158335566,0.17796855092,0.117152717363,0.64209414506,0.635898975972,-0.608490227327
P5E-2025-AUG-NEW-HIGH,SECOND_WIND_NEW_HIGH_PHASE,False,2025-08-13,near_event,bnb_btc_log_return_40d,LEADERSHIP_MIGRATION,7,0.115925925755,0.112639490522,0.101121365626,0.13482274018,0.104930429156,0.127709617139,0.0227791879836,0.132765280694,0.0959608630181,-0.141460373231
P5E-2025-AUG-NEW-HIGH,SECOND_WIND_NEW_HIGH_PHASE,False,2025-08-13,near_event,brkk_return_dispersion_20d,LEADERSHIP_MIGRATION,7,0.0704231600769,0.0688471640293,0.0480170761184,0.101497188062,0.0480170761184,0.0769399105153,0.0289228343968,0.172971471338,0.0903395002381,-0.777410578223
P5E-2025-AUG-NEW-HIGH,SECOND_WIND_NEW_HIGH_PHASE,False,2025-08-13,near_event,alt_outperformance_breadth_20d,BREADTH,7,0.809523809524,0.666666666667,0.666666666667,1,0.666666666667,1,0.333333333333,0.666666666667,0,
P5E-2025-AUG-NEW-HIGH,SECOND_WIND_NEW_HIGH_PHASE,False,2025-08-13,near_event,canonical5_outperformance_breadth_20d,BREADTH,7,0.642857142857,0.5,0.5,1,0.5,0.75,0.25,0.5,0,
P5E-2025-AUG-NEW-HIGH,SECOND_WIND_NEW_HIGH_PHASE,False,2025-08-13,near_event,high_beta_participation_20d,BREADTH,7,0.714285714286,0.5,0.5,1,0.5,1,0.5,0.75,0.25,-0.674490759477
P5E-2025-AUG-NEW-HIGH,SECOND_WIND_NEW_HIGH_PHASE,False,2025-08-13,near_event,breadth_acceleration_10d,BREADTH,7,-0.121428571429,-0.2,-0.375,0.3,-0.375,0.075,0.45,-0.05,0.1,-1.01173613921
P5E-2025-AUG-NEW-HIGH,SECOND_WIND_NEW_HIGH_PHASE,False,2025-08-13,near_event,breadth_contraction_from_10d_max,BREADTH,7,0.357142857143,0.5,0,0.5,0.5,0.25,-0.25,0.25,0,
P5E-2025-AUG-NEW-HIGH,SECOND_WIND_NEW_HIGH_PHASE,False,2025-08-13,immediate_after,btc_log_return_20d,BTC_TREND_MATURITY,28,-0.0347801308823,-0.0321602467682,-0.102982438779,0.0382615542743,0.00577155373866,0.0128942879852,0.00712273424657,0.030811960361,0.0548090158419,-0.774948631354
P5E-2025-AUG-NEW-HIGH,SECOND_WIND_NEW_HIGH_PHASE,False,2025-08-13,immediate_after,btc_log_return_40d,BTC_TREND_MATURITY,28,-0.0312876963221,-0.0480146330446,-0.102702189224,0.0892182744434,0.0892182744434,0.00582661184208,-0.0833916626013,0.124671650333,0.190324491526,-0.611982732713
P5E-2025-AUG-NEW-HIGH,SECOND_WIND_NEW_HIGH_PHASE,False,2025-08-13,immediate_after,btc_log_slope_20d_ann,BTC_TREND_MATURITY,28,-0.633171880925,-0.703924139511,-1.99579919681,0.719638467514,0.430402263876,-0.339181883454,-0.76958414733,-0.150748273839,1.16952819145,-0.319027803252
P5E-2025-AUG-NEW-HIGH,SECOND_WIND_NEW_HIGH_PHASE,False,2025-08-13,immediate_after,btc_log_slope_40d_ann,BTC_TREND_MATURITY,28,-0.343894193982,-0.368634167448,-0.639170822533,0.316438459903,0.316438459903,-0.627145312155,-0.943583772058,0.608473348638,1.76847769853,-0.372665140851
P5E-2025-AUG-NEW-HIGH,SECOND_WIND_NEW_HIGH_PHASE,False,2025-08-13,immediate_after,btc_kama_gap,BTC_TREND_MATURITY,28,-0.0268145275761,-0.0279523213122,-0.0613469836778,0.00354733216741,0.00168376412195,0.00354733216741,0.00186356804546,-0.00296688050057,0.0418720142699,-0.402475238956
P5E-2025-AUG-NEW-HIGH,SECOND_WIND_NEW_HIGH_PHASE,False,2025-08-13,immediate_after,btc_kama_slope_10d,BTC_TREND_MATURITY,28,-0.00629911944907,-0.0153539708356,-0.0262825473907,0.022646935384,0.0217000865369,-0.0115296801065,-0.0332297666434,-0.00695931786662,0.0168686692778,-0.335658715181
P5E-2025-AUG-NEW-HIGH,SECOND_WIND_NEW_HIGH_PHASE,False,2025-08-13,immediate_after,btc_distance_from_90d_high,BTC_TREND_MATURITY,28,-0.085965639192,-0.0923893831003,-0.122135398778,-0.0406413517933,-0.0406413517933,-0.0757983991589,-0.0351570473657,-0.101066258204,0.0709078066022,0.0825363575435
P5E-2025-AUG-NEW-HIGH,SECOND_WIND_NEW_HIGH_PHASE,False,2025-08-13,immediate_after,btc_consolidation_duration_5pct,BTC_TREND_MATURITY,28,1.92857142857,0,0,15,12,0,-12,0,0,
P5E-2025-AUG-NEW-HIGH,SECOND_WIND_NEW_HIGH_PHASE,False,2025-08-13,immediate_after,btc_rv20_ann,BTC_TREND_MATURITY,28,0.355512921033,0.351105730014,0.307969833068,0.415675119636,0.315054647406,0.335687041456,0.0206323940496,0.772658942566,0.0844444382598,-3.36711040246
P5E-2025-AUG-NEW-HIGH,SECOND_WIND_NEW_HIGH_PHASE,False,2025-08-13,immediate_after,btc_rv20_to_rv60,BTC_TREND_MATURITY,28,1.18389451702,1.14845222437,1.08720735905,1.29899309608,1.09056921228,1.14769530973,0.0571260974525,0.992525843703,0.190855286022,0.551050511147
P5E-2025-AUG-NEW-HIGH,SECOND_WIND_NEW_HIGH_PHASE,False,2025-08-13,immediate_after,btc_daily_rsi14,MOMENTUM_EXHAUSTION,28,45.2525825524,44.7247263374,37.6353845593,54.3560068441,53.2472221919,54.3560068441,1.1087846522,53.5120305559,7.15707444265,-0.828125450367
P5E-2025-AUG-NEW-HIGH,SECOND_WIND_NEW_HIGH_PHASE,False,2025-08-13,immediate_after,btc_daily_rsi28,MOMENTUM_EXHAUSTION,28,48.6930443868,47.9579082134,43.7089234089,55.361744788,55.361744788,51.4815292841,-3.88021550389,56.3301172701,5.57727733544,-1.01249719272
P5E-2025-AUG-NEW-HIGH,SECOND_WIND_NEW_HIGH_PHASE,False,2025-08-13,immediate_after,btc_4h_rsi14,MOMENTUM_EXHAUSTION,28,46.6999181333,45.684217763,28.4955355254,72.1308660704,72.1308660704,50.9002109962,-21.2306550742,52.7692500142,8.13008519699,-0.587790738748
P5E-2025-AUG-NEW-HIGH,SECOND_WIND_NEW_HIGH_PHASE,False,2025-08-13,immediate_after,btc_4h_rsi28,MOMENTUM_EXHAUSTION,28,46.8692090562,46.9086407247,36.6532498305,65.6010452479,65.6010452479,51.1741828704,-14.4268623776,52.0125321308,6.39397492151,-0.538401797477
P5E-2025-AUG-NEW-HIGH,SECOND_WIND_NEW_HIGH_PHASE,False,2025-08-13,immediate_after,btc_price_rsi_rank_divergence_20d,MOMENTUM_EXHAUSTION,28,-0.0839285714286,-0.075,-0.4,0.3,0.3,-0.1,-0.4,0.05,0.1,-0.843113449346
P5E-2025-AUG-NEW-HIGH,SECOND_WIND_NEW_HIGH_PHASE,False,2025-08-13,immediate_after,btc_rsi14_extreme_persistence_14d,MOMENTUM_EXHAUSTION,28,0,0,0,0,0,0,0,0,0,
P5E-2025-AUG-NEW-HIGH,SECOND_WIND_NEW_HIGH_PHASE,False,2025-08-13,immediate_after,btc_rsi14_failure_from_14d_max,MOMENTUM_EXHAUSTION,28,13.6770589151,13.7820601787,0,30.0360961496,15.2605284773,0,-15.2605284773,6.94489455209,5.6201863123,0.820543088772
P5E-2025-AUG-NEW-HIGH,SECOND_WIND_NEW_HIGH_PHASE,False,2025-08-13,immediate_after,eth_btc_log_return_20d,LEADERSHIP_MIGRATION,28,0.130828866553,0.137103675966,0.00974410107757,0.315021904608,0.19360481893,0.0160349588513,-0.177569860079,-0.085881691542,0.0378690216043,3.97162544768
P5E-2025-AUG-NEW-HIGH,SECOND_WIND_NEW_HIGH_PHASE,False,2025-08-13,immediate_after,sol_btc_log_return_20d,LEADERSHIP_MIGRATION,28,0.140788065075,0.156668016782,0.00944636688,0.229613003653,0.0243443735856,0.204497549498,0.180153175912,-0.0620372189436,0.110845596434,1.33081209621
P5E-2025-AUG-NEW-HIGH,SECOND_WIND_NEW_HIGH_PHASE,False,2025-08-13,immediate_after,bnb_btc_log_return_20d,LEADERSHIP_MIGRATION,28,0.0985098617168,0.0952552378802,0.0108997716444,0.162565907023,0.0618734111944,0.0497596188006,-0.0121137923938,0.00901998919944,0.0632752468535,0.919235898218
P5E-2025-AUG-NEW-HIGH,SECOND_WIND_NEW_HIGH_PHASE,False,2025-08-13,immediate_after,eth_btc_log_return_40d,LEADERSHIP_MIGRATION,28,0.319297373115,0.285640457259,0.172715338228,0.504254330621,0.502380929107,0.214807055347,-0.28757387376,-0.172566786877,0.067232408721,4.59683890514
P5E-2025-AUG-NEW-HIGH,SECOND_WIND_NEW_HIGH_PHASE,False,2025-08-13,immediate_after,sol_btc_log_return_40d,LEADERSHIP_MIGRATION,28,0.179828892571,0.171393939966,0.0776959640209,0.314162416044,0.176554921595,0.314162416044,0.137607494449,0.241830897569,0.403147478085,-0.117845403015
P5E-2025-AUG-NEW-HIGH,SECOND_WIND_NEW_HIGH_PHASE,False,2025-08-13,immediate_after,bnb_btc_log_return_40d,LEADERSHIP_MIGRATION,28,0.189836940707,0.18622002852,0.0833956270898,0.282416988787,0.158278830792,0.160152931367,0.00187410057558,0.166415815495,0.180070281421,0.0741808063959
P5E-2025-AUG-NEW-HIGH,SECOND_WIND_NEW_HIGH_PHASE,False,2025-08-13,immediate_after,brkk_return_dispersion_20d,LEADERSHIP_MIGRATION,28,0.0709532586269,0.0703918464412,0.042400641184,0.112647994874,0.0747138224566,0.0810677630433,0.00635394058667,0.0789295421886,0.0299218332181,-0.192454681733
P5E-2025-AUG-NEW-HIGH,SECOND_WIND_NEW_HIGH_PHASE,False,2025-08-13,immediate_after,alt_outperformance_breadth_20d,BREADTH,28,1,1,1,1,1,1,0,0.333333333333,0.333333333333,1.34898151895
P5E-2025-AUG-NEW-HIGH,SECOND_WIND_NEW_HIGH_PHASE,False,2025-08-13,immediate_after,canonical5_outperformance_breadth_20d,BREADTH,28,0.8125,0.75,0.75,1,0.75,1,0.25,0.25,0.25,1.34898151895
P5E-2025-AUG-NEW-HIGH,SECOND_WIND_NEW_HIGH_PHASE,False,2025-08-13,immediate_after,high_beta_participation_20d,BREADTH,28,1,1,1,1,1,1,0,0.5,0.5,0.674490759477
P5E-2025-AUG-NEW-HIGH,SECOND_WIND_NEW_HIGH_PHASE,False,2025-08-13,immediate_after,breadth_acceleration_10d,BREADTH,28,0.0348214285714,0,-0.1,0.225,0.1,0.175,0.075,-0.05,0.075,0.449660506318
P5E-2025-AUG-NEW-HIGH,SECOND_WIND_NEW_HIGH_PHASE,False,2025-08-13,immediate_after,breadth_contraction_from_10d_max,BREADTH,28,0.160714285714,0.25,0,0.25,0.25,0,-0.25,0.25,0.25,0
P5E-2025-AUG-NEW-HIGH,SECOND_WIND_NEW_HIGH_PHASE,False,2025-08-13,medium_after,btc_log_return_20d,BTC_TREND_MATURITY,62,-0.0110452287041,-0.0109585209347,-0.113775292034,0.0771826187527,-0.0125060424698,-0.0428164569683,-0.0303104144985,0.000755527703618,0.085095390214,-0.0928489491941
P5E-2025-AUG-NEW-HIGH,SECOND_WIND_NEW_HIGH_PHASE,False,2025-08-13,medium_after,btc_log_return_40d,BTC_TREND_MATURITY,62,-0.0164783062983,-0.0242637964379,-0.156591749002,0.129049490603,0.0257555118045,-0.156591749002,-0.182347260806,0.0435747491473,0.130631889362,-0.350270308091
P5E-2025-AUG-NEW-HIGH,SECOND_WIND_NEW_HIGH_PHASE,False,2025-08-13,medium_after,btc_log_slope_20d_ann,BTC_TREND_MATURITY,62,-0.173650891148,0.00497341706193,-3.15363014903,2.19626798982,0.122772256599,-2.01255603433,-2.13532829092,0.108582779267,1.75274708323,-0.0398708735968
P5E-2025-AUG-NEW-HIGH,SECOND_WIND_NEW_HIGH_PHASE,False,2025-08-13,medium_after,btc_log_slope_40d_ann,BTC_TREND_MATURITY,62,-0.192812346641,-0.263660607013,-1.49819343415,0.866427199716,-0.625873317449,-1.4814243953,-0.855551077846,0.447150970233,1.15168286782,-0.416291545163
P5E-2025-AUG-NEW-HIGH,SECOND_WIND_NEW_HIGH_PHASE,False,2025-08-13,medium_after,btc_kama_gap,BTC_TREND_MATURITY,62,-0.0169872320173,-0.0189235737594,-0.0848243511786,0.0629417856182,0.0137930826266,-0.0368840443461,-0.0506771269728,0.00489725443393,0.0310249876158,-0.517870585428
P5E-2025-AUG-NEW-HIGH,SECOND_WIND_NEW_HIGH_PHASE,False,2025-08-13,medium_after,btc_kama_slope_10d,BTC_TREND_MATURITY,62,-0.00620572726755,-0.00464894017063,-0.0695423803778,0.0798243793839,-0.00257996624945,-0.049127711378,-0.0465477451285,0.00307386961251,0.0311805414445,-0.167058158537
P5E-2025-AUG-NEW-HIGH,SECOND_WIND_NEW_HIGH_PHASE,False,2025-08-13,medium_after,btc_distance_from_90d_high,BTC_TREND_MATURITY,62,-0.0941471647066,-0.0938182414137,-0.187010853809,0,-0.0634495703103,-0.173269717422,-0.109820147111,-0.0928870693612,0.05234604993,-0.0119983636922
P5E-2025-AUG-NEW-HIGH,SECOND_WIND_NEW_HIGH_PHASE,False,2025-08-13,medium_after,btc_consolidation_duration_5pct,BTC_TREND_MATURITY,62,0.725806451613,0,0,9,0,0,0,0,0,
P5E-2025-AUG-NEW-HIGH,SECOND_WIND_NEW_HIGH_PHASE,False,2025-08-13,medium_after,btc_rv20_ann,BTC_TREND_MATURITY,62,0.358419350577,0.348059783021,0.159075705657,0.512818863185,0.295546479356,0.421797267368,0.126250788012,0.568020362277,0.0861967926653,-1.72119371928
P5E-2025-AUG-NEW-HIGH,SECOND_WIND_NEW_HIGH_PHASE,False,2025-08-13,medium_after,btc_rv20_to_rv60,BTC_TREND_MATURITY,62,1.03584744527,1.00227009515,0.550280477801,1.38474518054,1.01130914901,1.04957302714,0.0382638781299,0.853314865875,0.132314470942,0.759319256646
P5E-2025-AUG-NEW-HIGH,SECOND_WIND_NEW_HIGH_PHASE,False,2025-08-13,medium_after,btc_daily_rsi14,MOMENTUM_EXHAUSTION,62,49.0270080785,47.0078418947,32.2355656794,72.818224696,58.0534549666,40.9582011665,-17.0952538001,52.9481724203,7.9883783977,-0.501565880868
P5E-2025-AUG-NEW-HIGH,SECOND_WIND_NEW_HIGH_PHASE,False,2025-08-13,medium_after,btc_daily_rsi28,MOMENTUM_EXHAUSTION,62,49.2314122452,47.8642814765,39.2032544682,63.2010778261,53.3847601432,42.9590727656,-10.4256873776,53.0677880593,5.06638089239,-0.692746396598
P5E-2025-AUG-NEW-HIGH,SECOND_WIND_NEW_HIGH_PHASE,False,2025-08-13,medium_after,btc_4h_rsi14,MOMENTUM_EXHAUSTION,62,50.5028215401,48.4387595225,22.3333636659,81.4932347374,63.761694825,61.2307462362,-2.53094858879,50.0343365383,7.82885122819,-0.137466139262
P5E-2025-AUG-NEW-HIGH,SECOND_WIND_NEW_HIGH_PHASE,False,2025-08-13,medium_after,btc_4h_rsi28,MOMENTUM_EXHAUSTION,62,49.9589360065,49.6169562215,32.6138811898,72.2485455426,58.3350247727,53.0290891521,-5.30593562062,50.4558467866,5.23423927681,-0.108100509832
P5E-2025-AUG-NEW-HIGH,SECOND_WIND_NEW_HIGH_PHASE,False,2025-08-13,medium_after,btc_price_rsi_rank_divergence_20d,MOMENTUM_EXHAUSTION,62,-0.0193548387097,0,-0.3,0.3,0,-0.15,-0.15,0,0.1,0
P5E-2025-AUG-NEW-HIGH,SECOND_WIND_NEW_HIGH_PHASE,False,2025-08-13,medium_after,btc_rsi14_extreme_persistence_14d,MOMENTUM_EXHAUSTION,62,0.0322580645161,0,0,0.142857142857,0,0,0,0,0,
P5E-2025-AUG-NEW-HIGH,SECOND_WIND_NEW_HIGH_PHASE,False,2025-08-13,medium_after,btc_rsi14_failure_from_14d_max,MOMENTUM_EXHAUSTION,62,12.4664614128,9.37675942228,0,37.8095130591,0,6.03947172835,6.03947172835,7.58473412328,6.02461118476,0.200627802834
P5E-2025-AUG-NEW-HIGH,SECOND_WIND_NEW_HIGH_PHASE,False,2025-08-13,medium_after,eth_btc_log_return_20d,LEADERSHIP_MIGRATION,62,-0.0465611901176,-0.0466396067717,-0.131438922273,0.0360624600421,-0.0678847477777,-0.0646534493255,0.0032312984522,0.0867974712205,0.0967787816766,-0.929977361959
P5E-2025-AUG-NEW-HIGH,SECOND_WIND_NEW_HIGH_PHASE,False,2025-08-13,medium_after,sol_btc_log_return_20d,LEADERSHIP_MIGRATION,62,-0.0363539955741,-0.0651266786637,-0.244234555641,0.201698768298,0.143286882158,-0.109771671978,-0.253058554136,0.0528862046757,0.103917022819,-0.765982291954
P5E-2025-AUG-NEW-HIGH,SECOND_WIND_NEW_HIGH_PHASE,False,2025-08-13,medium_after,bnb_btc_log_return_20d,LEADERSHIP_MIGRATION,62,0.0720361746754,0.0993013735897,-0.137206394972,0.251246627924,0.0153457874701,-0.069365678325,-0.0847114657951,0.0558431983245,0.105726806019,0.27724414218
P5E-2025-AUG-NEW-HIGH,SECOND_WIND_NEW_HIGH_PHASE,False,2025-08-13,medium_after,eth_btc_log_return_40d,LEADERSHIP_MIGRATION,62,-0.0399818317204,-0.0748125455211,-0.177934904857,0.282499868162,0.24713715683,-0.115016442742,-0.362153599573,0.1098868465,0.128295939621,-0.971020856675
P5E-2025-AUG-NEW-HIGH,SECOND_WIND_NEW_HIGH_PHASE,False,2025-08-13,medium_after,sol_btc_log_return_40d,LEADERSHIP_MIGRATION,62,0.007596278819,-0.0491802873463,-0.260851603183,0.386454690835,0.341158354444,-0.260851603183,-0.602009957627,0.076412776403,0.14435909389,-0.586810007397
P5E-2025-AUG-NEW-HIGH,SECOND_WIND_NEW_HIGH_PHASE,False,2025-08-13,medium_after,bnb_btc_log_return_40d,LEADERSHIP_MIGRATION,62,0.196428309599,0.199052682698,0.0273882410734,0.391920488614,0.177911694493,0.0273882410734,-0.150523453419,0.0758123985965,0.146003845999,0.56933043272
P5E-2025-AUG-NEW-HIGH,SECOND_WIND_NEW_HIGH_PHASE,False,2025-08-13,medium_after,brkk_return_dispersion_20d,LEADERSHIP_MIGRATION,62,0.0705212270803,0.0704769328496,0.0116218164501,0.1434463803,0.0763481604928,0.0393160187205,-0.0370321417723,0.0871118885568,0.0274717240831,-0.408424453991
P5E-2025-AUG-NEW-HIGH,SECOND_WIND_NEW_HIGH_PHASE,False,2025-08-13,medium_after,alt_outperformance_breadth_20d,BREADTH,62,0.365591397849,0.333333333333,0,1,0.666666666667,0,-0.666666666667,0.666666666667,0.333333333333,-0.674490759477
P5E-2025-AUG-NEW-HIGH,SECOND_WIND_NEW_HIGH_PHASE,False,2025-08-13,medium_after,canonical5_outperformance_breadth_20d,BREADTH,62,0.358870967742,0.25,0,1,0.75,0.25,-0.5,0.5,0.25,-0.674490759477
P5E-2025-AUG-NEW-HIGH,SECOND_WIND_NEW_HIGH_PHASE,False,2025-08-13,medium_after,high_beta_participation_20d,BREADTH,62,0.516129032258,0.5,0,1,1,0,-1,0.5,0.5,0
P5E-2025-AUG-NEW-HIGH,SECOND_WIND_NEW_HIGH_PHASE,False,2025-08-13,medium_after,breadth_acceleration_10d,BREADTH,62,-0.0471774193548,-0.025,-0.35,0.725,-0.075,0.05,0.125,0.0125,0.1125,-0.224830253159
P5E-2025-AUG-NEW-HIGH,SECOND_WIND_NEW_HIGH_PHASE,False,2025-08-13,medium_after,breadth_contraction_from_10d_max,BREADTH,62,0.306451612903,0.25,0,1,0.25,0,-0.25,0,0,
P5E-2025-OCT-NEW-HIGH-DELEVERAGING,NEW_HIGH_DELEVERAGING_PHASE,False,2025-10-06,early_warning,btc_log_return_20d,BTC_TREND_MATURITY,14,0.0294909860867,0.0327397666138,-0.0241343624064,0.0771826187527,-0.00718164881967,0.0534263255212,0.0606079743409,0.0895088842087,0.132691383645,-0.288566176564
P5E-2025-OCT-NEW-HIGH-DELEVERAGING,NEW_HIGH_DELEVERAGING_PHASE,False,2025-10-06,early_warning,btc_log_return_40d,BTC_TREND_MATURITY,14,-0.00860333129925,0.00057739946692,-0.0502492055019,0.0257555118045,-0.0502492055019,-0.0416584482377,0.00859075726416,0.347072013433,0.0998727764841,-2.34005124876
P5E-2025-OCT-NEW-HIGH-DELEVERAGING,NEW_HIGH_DELEVERAGING_PHASE,False,2025-10-06,early_warning,btc_log_slope_20d_ann,BTC_TREND_MATURITY,14,0.730933951363,1.03480080514,-0.658223972769,1.50934366005,-0.658223972769,1.13165197553,1.7898759483,1.43405246584,2.16506091005,-0.124380591141
P5E-2025-OCT-NEW-HIGH-DELEVERAGING,NEW_HIGH_DELEVERAGING_PHASE,False,2025-10-06,early_warning,btc_log_slope_40d_ann,BTC_TREND_MATURITY,14,-0.457267338178,-0.537091768642,-0.627145312155,-0.0823503776691,-0.612827601466,-0.0823503776691,0.530477223797,2.2394973342,1.33334300259,-1.40457758363
P5E-2025-OCT-NEW-HIGH-DELEVERAGING,NEW_HIGH_DELEVERAGING_PHASE,False,2025-10-06,early_warning,btc_kama_gap,BTC_TREND_MATURITY,14,0.00387292659676,0.00576278930393,-0.0169772463306,0.0157214054491,-0.01373706261,-0.00437861875368,0.00935844385633,0.0500264608607,0.0417466923959,-0.715156955727
P5E-2025-OCT-NEW-HIGH-DELEVERAGING,NEW_HIGH_DELEVERAGING_PHASE,False,2025-10-06,early_warning,btc_kama_slope_10d,BTC_TREND_MATURITY,14,0.00518407958859,0.00590561615617,-0.0158880039766,0.0200336889628,-0.0158880039766,0.016043753121,0.0319317570976,0.0289828035595,0.0428528480186,-0.363227892145
P5E-2025-OCT-NEW-HIGH-DELEVERAGING,NEW_HIGH_DELEVERAGING_PHASE,False,2025-10-06,early_warning,btc_distance_from_90d_high,BTC_TREND_MATURITY,14,-0.0659274505914,-0.0628425865545,-0.0953724797644,-0.0505480533335,-0.0911647511002,-0.0654802835505,0.0256844675497,-0.0249122840479,0.0249122840479,-1.02694873323
P5E-2025-OCT-NEW-HIGH-DELEVERAGING,NEW_HIGH_DELEVERAGING_PHASE,False,2025-10-06,early_warning,btc_consolidation_duration_5pct,BTC_TREND_MATURITY,14,0,0,0,0,0,0,0,2.5,2.5,-0.674490759477
P5E-2025-OCT-NEW-HIGH-DELEVERAGING,NEW_HIGH_DELEVERAGING_PHASE,False,2025-10-06,early_warning,btc_rv20_ann,BTC_TREND_MATURITY,14,0.250205643118,0.243432068859,0.159075705657,0.335687041456,0.333435277665,0.170567995435,-0.16286728223,0.536399533768,0.195916887306,-1.00861059312
P5E-2025-OCT-NEW-HIGH-DELEVERAGING,NEW_HIGH_DELEVERAGING_PHASE,False,2025-10-06,early_warning,btc_rv20_to_rv60,BTC_TREND_MATURITY,14,0.864857269687,0.84306846258,0.550280477801,1.15320933063,1.15320933063,0.59939000363,-0.553819327004,0.99008418923,0.124549004872,-0.796158501831
P5E-2025-OCT-NEW-HIGH-DELEVERAGING,NEW_HIGH_DELEVERAGING_PHASE,False,2025-10-06,early_warning,btc_daily_rsi14,MOMENTUM_EXHAUSTION,14,56.1496750309,56.6975336117,47.5512618395,61.1779342502,49.0097135661,53.4830239417,4.47331037564,61.8858657476,10.55335837,-0.3315989053
P5E-2025-OCT-NEW-HIGH-DELEVERAGING,NEW_HIGH_DELEVERAGING_PHASE,False,2025-10-06,early_warning,btc_daily_rsi28,MOMENTUM_EXHAUSTION,14,52.7634483996,53.0059123982,48.252164776,55.2603114228,48.9272094228,52.2285636436,3.30135422076,60.0410083347,7.54847011662,-0.628618399216
P5E-2025-OCT-NEW-HIGH-DELEVERAGING,NEW_HIGH_DELEVERAGING_PHASE,False,2025-10-06,early_warning,btc_4h_rsi14,MOMENTUM_EXHAUSTION,14,57.1999859812,56.5252498402,44.9122534142,70.1052934521,52.525067152,45.8862461362,-6.63882101576,56.2399971272,7.11310128299,0.0270487247942
P5E-2025-OCT-NEW-HIGH-DELEVERAGING,NEW_HIGH_DELEVERAGING_PHASE,False,2025-10-06,early_warning,btc_4h_rsi28,MOMENTUM_EXHAUSTION,14,56.297428774,56.7246984821,50.662934462,62.2873174512,50.9666224644,50.713524783,-0.253097681438,54.832052947,5.42577387822,0.235279234459
P5E-2025-OCT-NEW-HIGH-DELEVERAGING,NEW_HIGH_DELEVERAGING_PHASE,False,2025-10-06,early_warning,btc_price_rsi_rank_divergence_20d,MOMENTUM_EXHAUSTION,14,-0.0178571428571,0,-0.25,0.15,-0.25,0.05,0.3,0.05,0.175,-0.192711645565
P5E-2025-OCT-NEW-HIGH-DELEVERAGING,NEW_HIGH_DELEVERAGING_PHASE,False,2025-10-06,early_warning,btc_rsi14_extreme_persistence_14d,MOMENTUM_EXHAUSTION,14,0,0,0,0,0,0,0,0,0,
P5E-2025-OCT-NEW-HIGH-DELEVERAGING,NEW_HIGH_DELEVERAGING_PHASE,False,2025-10-06,early_warning,btc_rsi14_failure_from_14d_max,MOMENTUM_EXHAUSTION,14,1.99847669356,0.898241587125,0,7.69491030843,0,7.69491030843,7.69491030843,5.81930035139,3.60287467836,-0.921266754927
P5E-2025-OCT-NEW-HIGH-DELEVERAGING,NEW_HIGH_DELEVERAGING_PHASE,False,2025-10-06,early_warning,eth_btc_log_return_20d,LEADERSHIP_MIGRATION,14,-0.0200707425735,-0.0249802591046,-0.0678847477777,0.0622614491959,0.0622614491959,-0.0236346487007,-0.0858960978965,0.0326272322803,0.0685174948848,-0.567091962149
P5E-2025-OCT-NEW-HIGH-DELEVERAGING,NEW_HIGH_DELEVERAGING_PHASE,False,2025-10-06,early_warning,sol_btc_log_return_20d,LEADERSHIP_MIGRATION,14,0.14501271013,0.142437680603,0.09872800223,0.204497549498,0.201938336032,0.126256439525,-0.0756818965068,0.097577644935,0.30707181567,0.0985361664074
P5E-2025-OCT-NEW-HIGH-DELEVERAGING,NEW_HIGH_DELEVERAGING_PHASE,False,2025-10-06,early_warning,bnb_btc_log_return_20d,LEADERSHIP_MIGRATION,14,0.0650758290816,0.0524490424324,0.0153457874701,0.160880643993,0.0706153383317,0.160880643993,0.0902653056609,0.0824493282032,0.0834109434606,-0.242593054275
P5E-2025-OCT-NEW-HIGH-DELEVERAGING,NEW_HIGH_DELEVERAGING_PHASE,False,2025-10-06,early_warning,eth_btc_log_return_40d,LEADERSHIP_MIGRATION,14,0.163534958913,0.181445151416,0.00943826060847,0.282499868162,0.172715338228,0.00943826060847,-0.16327707762,0.056136721709,0.204038750218,0.414231991872
P5E-2025-OCT-NEW-HIGH-DELEVERAGING,NEW_HIGH_DELEVERAGING_PHASE,False,2025-10-06,early_warning,sol_btc_log_return_40d,LEADERSHIP_MIGRATION,14,0.316539091161,0.320905046638,0.236248527218,0.386454690835,0.236248527218,0.249819107924,0.0135705807059,0.25194929216,0.400474989881,0.116137138107
P5E-2025-OCT-NEW-HIGH-DELEVERAGING,NEW_HIGH_DELEVERAGING_PHASE,False,2025-10-06,early_warning,bnb_btc_log_return_40d,LEADERSHIP_MIGRATION,14,0.199980023131,0.193343885017,0.151520768878,0.285245289541,0.151520768878,0.271709270043,0.120188501165,0.0307187168272,0.0984400435606,1.11427391979
P5E-2025-OCT-NEW-HIGH-DELEVERAGING,NEW_HIGH_DELEVERAGING_PHASE,False,2025-10-06,early_warning,brkk_return_dispersion_20d,LEADERSHIP_MIGRATION,14,0.0689506571346,0.0720733854765,0.0520203375932,0.081612851654,0.0735132877139,0.079094063405,0.00558077569104,0.121383396571,0.064538834859,-0.515335408607
P5E-2025-OCT-NEW-HIGH-DELEVERAGING,NEW_HIGH_DELEVERAGING_PHASE,False,2025-10-06,early_warning,alt_outperformance_breadth_20d,BREADTH,14,0.761904761905,0.666666666667,0.666666666667,1,1,0.666666666667,-0.333333333333,0.666666666667,0.333333333333,0
P5E-2025-OCT-NEW-HIGH-DELEVERAGING,NEW_HIGH_DELEVERAGING_PHASE,False,2025-10-06,early_warning,canonical5_outperformance_breadth_20d,BREADTH,14,0.767857142857,0.75,0.5,1,1,0.75,-0.25,0.75,0.25,0
P5E-2025-OCT-NEW-HIGH-DELEVERAGING,NEW_HIGH_DELEVERAGING_PHASE,False,2025-10-06,early_warning,high_beta_participation_20d,BREADTH,14,1,1,1,1,1,1,0,0.75,0.25,0.674490759477
P5E-2025-OCT-NEW-HIGH-DELEVERAGING,NEW_HIGH_DELEVERAGING_PHASE,False,2025-10-06,early_warning,breadth_acceleration_10d,BREADTH,14,-0.0214285714286,-0.0375,-0.325,0.225,0.225,0.05,-0.175,0,0.125,-0.202347227843
P5E-2025-OCT-NEW-HIGH-DELEVERAGING,NEW_HIGH_DELEVERAGING_PHASE,False,2025-10-06,early_warning,breadth_contraction_from_10d_max,BREADTH,14,0.232142857143,0.25,0,0.5,0,0.25,0.25,0,0,
P5E-2025-OCT-NEW-HIGH-DELEVERAGING,NEW_HIGH_DELEVERAGING_PHASE,False,2025-10-06,target_lead,btc_log_return_20d,BTC_TREND_MATURITY,8,0.00373411243455,0.00175043042643,-0.0151650166104,0.0244906440616,0.0126043358604,0.0244906440616,0.0118863082012,0.127208351272,0.205904321304,-0.410968588602
P5E-2025-OCT-NEW-HIGH-DELEVERAGING,NEW_HIGH_DELEVERAGING_PHASE,False,2025-10-06,target_lead,btc_log_return_40d,BTC_TREND_MATURITY,8,-0.048363880198,-0.0565376472878,-0.0903781029182,0.000356281655264,-0.0903781029182,0.000356281655264,0.0907343845734,0.203062591735,0.253540587619,-0.690611172055
P5E-2025-OCT-NEW-HIGH-DELEVERAGING,NEW_HIGH_DELEVERAGING_PHASE,False,2025-10-06,target_lead,btc_log_slope_20d_ann,BTC_TREND_MATURITY,8,-0.0342564455851,-0.077476571962,-0.903763387824,0.939636784414,0.939636784414,-0.903763387824,-1.84340017224,2.9833617162,4.06618692936,-0.50772558603
P5E-2025-OCT-NEW-HIGH-DELEVERAGING,NEW_HIGH_DELEVERAGING_PHASE,False,2025-10-06,target_lead,btc_log_slope_40d_ann,BTC_TREND_MATURITY,8,0.0949170253051,0.106054321823,0.0166157254794,0.14748688,0.0166157254794,0.14748688,0.130871154521,2.01729961081,2.33461358689,-0.552175869171
P5E-2025-OCT-NEW-HIGH-DELEVERAGING,NEW_HIGH_DELEVERAGING_PHASE,False,2025-10-06,target_lead,btc_kama_gap,BTC_TREND_MATURITY,8,-0.0203213367009,-0.0249930052783,-0.0454744494635,0.0136234462775,-0.0239129004136,0.0136234462775,0.0375363466911,0.0299726863565,0.0598170839786,-0.619787001137
P5E-2025-OCT-NEW-HIGH-DELEVERAGING,NEW_HIGH_DELEVERAGING_PHASE,False,2025-10-06,target_lead,btc_kama_slope_10d,BTC_TREND_MATURITY,8,-0.00960878221885,-0.0101364826206,-0.025973038665,0.0103059795,0.0103059795,-0.0256644275685,-0.0359704070685,0.0883569849308,0.121019937429,-0.548942059824
P5E-2025-OCT-NEW-HIGH-DELEVERAGING,NEW_HIGH_DELEVERAGING_PHASE,False,2025-10-06,target_lead,btc_distance_from_90d_high,BTC_TREND_MATURITY,8,-0.0950324934393,-0.0910338171335,-0.116068075282,-0.0729440467946,-0.0864143094565,-0.0729440467946,0.0134702626619,-0.0858433272357,0.0779198726861,-0.0449299691148
P5E-2025-OCT-NEW-HIGH-DELEVERAGING,NEW_HIGH_DELEVERAGING_PHASE,False,2025-10-06,target_lead,btc_consolidation_duration_5pct,BTC_TREND_MATURITY,8,0,0,0,0,0,0,0,0,0,
P5E-2025-OCT-NEW-HIGH-DELEVERAGING,NEW_HIGH_DELEVERAGING_PHASE,False,2025-10-06,target_lead,btc_rv20_ann,BTC_TREND_MATURITY,8,0.235707091429,0.254865131456,0.187624504862,0.281410108092,0.187624504862,0.281410108092,0.0937856032304,0.687091261371,0.0544428981356,-5.35483121978
P5E-2025-OCT-NEW-HIGH-DELEVERAGING,NEW_HIGH_DELEVERAGING_PHASE,False,2025-10-06,target_lead,btc_rv20_to_rv60,BTC_TREND_MATURITY,8,0.782636159125,0.839029822186,0.647665256657,0.907560863401,0.647665256657,0.907560863401,0.259895606744,1.06665746709,0.109058167358,-1.40780600673
P5E-2025-OCT-NEW-HIGH-DELEVERAGING,NEW_HIGH_DELEVERAGING_PHASE,False,2025-10-06,target_lead,btc_daily_rsi14,MOMENTUM_EXHAUSTION,8,43.3975809251,43.2022321444,35.9925437104,53.4249588632,44.1989701634,53.4249588632,9.22598869976,60.3120922753,15.7844104579,-0.731129147015
P5E-2025-OCT-NEW-HIGH-DELEVERAGING,NEW_HIGH_DELEVERAGING_PHASE,False,2025-10-06,target_lead,btc_daily_rsi28,MOMENTUM_EXHAUSTION,8,47.1221279033,47.710058468,43.433395441,51.4579783322,48.1886796347,51.4579783322,3.26929869742,60.4872774422,11.62490618,-0.741349306094
P5E-2025-OCT-NEW-HIGH-DELEVERAGING,NEW_HIGH_DELEVERAGING_PHASE,False,2025-10-06,target_lead,btc_4h_rsi14,MOMENTUM_EXHAUSTION,8,39.2372524278,36.3357907327,24.9316413597,64.5868226015,40.8926560649,64.5868226015,23.6941665367,55.1266125516,12.4114615945,-1.02117188885
P5E-2025-OCT-NEW-HIGH-DELEVERAGING,NEW_HIGH_DELEVERAGING_PHASE,False,2025-10-06,target_lead,btc_4h_rsi28,MOMENTUM_EXHAUSTION,8,41.548546935,39.0944465923,32.6138811898,52.0081467485,48.3073594984,52.0081467485,3.70078725007,58.7882962886,9.80867514322,-1.35424197914
P5E-2025-OCT-NEW-HIGH-DELEVERAGING,NEW_HIGH_DELEVERAGING_PHASE,False,2025-10-06,target_lead,btc_price_rsi_rank_divergence_20d,MOMENTUM_EXHAUSTION,8,0.0875,0.025,0,0.3,0.3,0.05,-0.25,0,0.075,0.224830253159
P5E-2025-OCT-NEW-HIGH-DELEVERAGING,NEW_HIGH_DELEVERAGING_PHASE,False,2025-10-06,target_lead,btc_rsi14_extreme_persistence_14d,MOMENTUM_EXHAUSTION,8,0,0,0,0,0,0,0,0.214285714286,0.214285714286,-0.674490759477
P5E-2025-OCT-NEW-HIGH-DELEVERAGING,NEW_HIGH_DELEVERAGING_PHASE,False,2025-10-06,target_lead,btc_rsi14_failure_from_14d_max,MOMENTUM_EXHAUSTION,8,17.7803533251,17.9757021058,7.75297538701,25.1853905397,16.9789640868,7.75297538701,-9.22598869976,14.4485264679,7.63531949898,0.311584521794
P5E-2025-OCT-NEW-HIGH-DELEVERAGING,NEW_HIGH_DELEVERAGING_PHASE,False,2025-10-06,target_lead,eth_btc_log_return_20d,LEADERSHIP_MIGRATION,8,-0.056854095503,-0.0543226711159,-0.0908005772068,-0.039758458694,-0.0424977832493,-0.0467832309592,-0.00428544770995,-0.0142936558819,0.0789531732529,-0.341964733955
P5E-2025-OCT-NEW-HIGH-DELEVERAGING,NEW_HIGH_DELEVERAGING_PHASE,False,2025-10-06,target_lead,sol_btc_log_return_20d,LEADERSHIP_MIGRATION,8,-0.000297825431944,0.00440489210004,-0.0452375041238,0.0373095195824,0.0373095195824,-0.0452375041238,-0.0825470237062,0.183745627323,0.324317318986,-0.37297936812
P5E-2025-OCT-NEW-HIGH-DELEVERAGING,NEW_HIGH_DELEVERAGING_PHASE,False,2025-10-06,target_lead,bnb_btc_log_return_20d,LEADERSHIP_MIGRATION,8,0.134629474568,0.127404381464,0.109320445467,0.170167882013,0.14067386069,0.132686261836,-0.00798759885421,0.0652007942535,0.0992768466183,0.422613592282
P5E-2025-OCT-NEW-HIGH-DELEVERAGING,NEW_HIGH_DELEVERAGING_PHASE,False,2025-10-06,target_lead,eth_btc_log_return_40d,LEADERSHIP_MIGRATION,8,-0.0261918614718,-0.0322556218195,-0.0580845057528,0.0225029905018,-0.0327536821717,-0.0286792468102,0.00407443536149,0.0637412692042,0.0588851102576,-1.0995821465
P5E-2025-OCT-NEW-HIGH-DELEVERAGING,NEW_HIGH_DELEVERAGING_PHASE,False,2025-10-06,target_lead,sol_btc_log_return_40d,LEADERSHIP_MIGRATION,8,0.150913838504,0.161072908882,0.0905503679876,0.185620028175,0.179892424031,0.123638722843,-0.0562537011876,0.276226159194,0.552177671117,-0.140660891091
P5E-2025-OCT-NEW-HIGH-DELEVERAGING,NEW_HIGH_DELEVERAGING_PHASE,False,2025-10-06,target_lead,bnb_btc_log_return_40d,LEADERSHIP_MIGRATION,8,0.208536877105,0.193567262447,0.169353234277,0.248115628783,0.248115628783,0.169353234277,-0.0787623945058,0.0608554568141,0.0646096128323,1.3854422376
P5E-2025-OCT-NEW-HIGH-DELEVERAGING,NEW_HIGH_DELEVERAGING_PHASE,False,2025-10-06,target_lead,brkk_return_dispersion_20d,LEADERSHIP_MIGRATION,8,0.0715395809221,0.070505096992,0.0598554815576,0.0877077843464,0.0678198167275,0.0731903772564,0.00537056052892,0.23637770159,0.173514729559,-0.644784101822
P5E-2025-OCT-NEW-HIGH-DELEVERAGING,NEW_HIGH_DELEVERAGING_PHASE,False,2025-10-06,target_lead,alt_outperformance_breadth_20d,BREADTH,8,0.5,0.5,0.333333333333,0.666666666667,0.666666666667,0.333333333333,-0.333333333333,0.666666666667,0,
P5E-2025-OCT-NEW-HIGH-DELEVERAGING,NEW_HIGH_DELEVERAGING_PHASE,False,2025-10-06,target_lead,canonical5_outperformance_breadth_20d,BREADTH,8,0.40625,0.375,0.25,0.75,0.5,0.25,-0.25,0.5,0,
P5E-2025-OCT-NEW-HIGH-DELEVERAGING,NEW_HIGH_DELEVERAGING_PHASE,False,2025-10-06,target_lead,high_beta_participation_20d,BREADTH,8,0.75,0.75,0.5,1,1,0.5,-0.5,0.5,0,
P5E-2025-OCT-NEW-HIGH-DELEVERAGING,NEW_HIGH_DELEVERAGING_PHASE,False,2025-10-06,target_lead,breadth_acceleration_10d,BREADTH,8,-0.178125,-0.2,-0.35,0.125,-0.175,-0.225,-0.05,-0.0875,0.1125,-0.674490759477
P5E-2025-OCT-NEW-HIGH-DELEVERAGING,NEW_HIGH_DELEVERAGING_PHASE,False,2025-10-06,target_lead,breadth_contraction_from_10d_max,BREADTH,8,0.40625,0.5,0,0.5,0.5,0.5,0,0.25,0.25,0.674490759477
P5E-2025-OCT-NEW-HIGH-DELEVERAGING,NEW_HIGH_DELEVERAGING_PHASE,False,2025-10-06,near_event,btc_log_return_20d,BTC_TREND_MATURITY,7,0.0445369436066,0.0530353318996,0.000780057206614,0.0681294364129,0.000780057206614,0.065209774077,0.0644297168704,-0.00123062583392,0.168594126065,0.217100606644
P5E-2025-OCT-NEW-HIGH-DELEVERAGING,NEW_HIGH_DELEVERAGING_PHASE,False,2025-10-06,near_event,btc_log_return_40d,BTC_TREND_MATURITY,7,0.0663177863988,0.0741745186947,0.0136743451918,0.11369044918,0.0136743451918,0.11369044918,0.100016103988,0.169330707639,0.23902140654,-0.268519757619
P5E-2025-OCT-NEW-HIGH-DELEVERAGING,NEW_HIGH_DELEVERAGING_PHASE,False,2025-10-06,near_event,btc_log_slope_20d_ann,BTC_TREND_MATURITY,7,0.163418752628,0.157052321909,-0.908643759173,1.36737382399,-0.908643759173,1.36737382399,2.27601758317,-0.199090262558,2.41663641042,0.09940050611
P5E-2025-OCT-NEW-HIGH-DELEVERAGING,NEW_HIGH_DELEVERAGING_PHASE,False,2025-10-06,near_event,btc_log_slope_40d_ann,BTC_TREND_MATURITY,7,0.482337005134,0.513832663613,0.160658146043,0.766522730012,0.160658146043,0.766522730012,0.605864583969,2.23747390236,2.78737687575,-0.417087512745
P5E-2025-OCT-NEW-HIGH-DELEVERAGING,NEW_HIGH_DELEVERAGING_PHASE,False,2025-10-06,near_event,btc_kama_gap,BTC_TREND_MATURITY,7,0.0431753393391,0.0498193048037,0.0110962575516,0.0629417856182,0.0110962575516,0.0267008927733,0.0156046352218,-0.0272962937136,0.0469505050891,1.10784236533
P5E-2025-OCT-NEW-HIGH-DELEVERAGING,NEW_HIGH_DELEVERAGING_PHASE,False,2025-10-06,near_event,btc_kama_slope_10d,BTC_TREND_MATURITY,7,0.00840419075466,-2.66518769138e-05,-0.0254526649045,0.0705083083543,-0.0254526649045,0.0705083083543,0.0959609732588,0.0241968715392,0.0549435703312,-0.297369512167
P5E-2025-OCT-NEW-HIGH-DELEVERAGING,NEW_HIGH_DELEVERAGING_PHASE,False,2025-10-06,near_event,btc_distance_from_90d_high,BTC_TREND_MATURITY,7,-0.0217065264619,-0.00871349531407,-0.0750771877833,0,-0.0750771877833,0,0.0750771877833,-0.147376034667,0.0480115180974,1.94800342054
P5E-2025-OCT-NEW-HIGH-DELEVERAGING,NEW_HIGH_DELEVERAGING_PHASE,False,2025-10-06,near_event,btc_consolidation_duration_5pct,BTC_TREND_MATURITY,7,3,3,0,6,0,6,6,0,0,
P5E-2025-OCT-NEW-HIGH-DELEVERAGING,NEW_HIGH_DELEVERAGING_PHASE,False,2025-10-06,near_event,btc_rv20_ann,BTC_TREND_MATURITY,7,0.30991607618,0.317821702149,0.266581612663,0.320455809286,0.266581612663,0.317821702149,0.051240089486,0.754724599989,0.0638473157884,-4.61549500934
P5E-2025-OCT-NEW-HIGH-DELEVERAGING,NEW_HIGH_DELEVERAGING_PHASE,False,2025-10-06,near_event,btc_rv20_to_rv60,BTC_TREND_MATURITY,7,0.974101917301,0.993109263945,0.87264878434,1.00107823053,0.87264878434,1.00107823053,0.128429446193,1.22155517951,0.163055181111,-0.944984747141
P5E-2025-OCT-NEW-HIGH-DELEVERAGING,NEW_HIGH_DELEVERAGING_PHASE,False,2025-10-06,near_event,btc_daily_rsi14,MOMENTUM_EXHAUSTION,7,66.348250796,69.1114656628,52.614998633,72.818224696,52.614998633,72.818224696,20.203226063,50.6933814377,5.60332262859,2.21704664188
P5E-2025-OCT-NEW-HIGH-DELEVERAGING,NEW_HIGH_DELEVERAGING_PHASE,False,2025-10-06,near_event,btc_daily_rsi28,MOMENTUM_EXHAUSTION,7,59.1022288248,60.7315853613,51.0751272154,63.2010778261,51.0751272154,63.2010778261,12.1259506107,54.8202975858,8.18573032011,0.487080422304
P5E-2025-OCT-NEW-HIGH-DELEVERAGING,NEW_HIGH_DELEVERAGING_PHASE,False,2025-10-06,near_event,btc_4h_rsi14,MOMENTUM_EXHAUSTION,7,74.2133829894,74.622953601,64.3126015207,81.4932347374,74.622953601,66.5411245088,-8.08182909226,46.8785090792,6.3841789324,2.93121036471
P5E-2025-OCT-NEW-HIGH-DELEVERAGING,NEW_HIGH_DELEVERAGING_PHASE,False,2025-10-06,near_event,btc_4h_rsi28,MOMENTUM_EXHAUSTION,7,66.9859032794,69.8793995613,57.1765538843,72.2485455426,60.1123604683,67.2020747072,7.08971423887,49.3431828804,4.13598836667,3.34901531579
P5E-2025-OCT-NEW-HIGH-DELEVERAGING,NEW_HIGH_DELEVERAGING_PHASE,False,2025-10-06,near_event,btc_price_rsi_rank_divergence_20d,MOMENTUM_EXHAUSTION,7,0,0,0,0,0,0,0,0.1,0.225,-0.299773670878
P5E-2025-OCT-NEW-HIGH-DELEVERAGING,NEW_HIGH_DELEVERAGING_PHASE,False,2025-10-06,near_event,btc_rsi14_extreme_persistence_14d,MOMENTUM_EXHAUSTION,7,0.030612244898,0,0,0.142857142857,0,0.142857142857,0.142857142857,0.25,0.25,-0.674490759477
P5E-2025-OCT-NEW-HIGH-DELEVERAGING,NEW_HIGH_DELEVERAGING_PHASE,False,2025-10-06,near_event,btc_rsi14_failure_from_14d_max,MOMENTUM_EXHAUSTION,7,1.22327651674,0,0,8.56293561717,8.56293561717,0,-8.56293561717,17.8733175829,6.65443911858,-1.81163090323
P5E-2025-OCT-NEW-HIGH-DELEVERAGING,NEW_HIGH_DELEVERAGING_PHASE,False,2025-10-06,near_event,eth_btc_log_return_20d,LEADERSHIP_MIGRATION,7,-0.0651634044424,-0.0702139553055,-0.0876023562564,-0.0254192157783,-0.0488605921376,-0.0254192157783,0.0234413763592,-0.110640207395,0.054164303556,0.503415195701
P5E-2025-OCT-NEW-HIGH-DELEVERAGING,NEW_HIGH_DELEVERAGING_PHASE,False,2025-10-06,near_event,sol_btc_log_return_20d,LEADERSHIP_MIGRATION,7,-0.0827653693528,-0.0848562690655,-0.110867917053,-0.0562783170553,-0.0719365820895,-0.0848562690655,-0.012919686976,0.34766624348,0.226772711877,-1.28645301087
P5E-2025-OCT-NEW-HIGH-DELEVERAGING,NEW_HIGH_DELEVERAGING_PHASE,False,2025-10-06,near_event,bnb_btc_log_return_20d,LEADERSHIP_MIGRATION,7,0.149450557615,0.156783444408,0.101848827781,0.189035158269,0.120000744475,0.181615967996,0.0616152235211,0.0675905142324,0.167583887986,0.358983240793
P5E-2025-OCT-NEW-HIGH-DELEVERAGING,NEW_HIGH_DELEVERAGING_PHASE,False,2025-10-06,near_event,eth_btc_log_return_40d,LEADERSHIP_MIGRATION,7,-0.095041232912,-0.106671474271,-0.131713130701,-0.0328256332863,-0.0328256332863,-0.0751032658046,-0.0422776325182,-0.0214054356725,0.0615482875744,-0.934407071232
P5E-2025-OCT-NEW-HIGH-DELEVERAGING,NEW_HIGH_DELEVERAGING_PHASE,False,2025-10-06,near_event,sol_btc_log_return_40d,LEADERSHIP_MIGRATION,7,0.0759413641693,0.0870085651032,0.021594763066,0.132560967408,0.132560967408,0.021594763066,-0.110966204342,0.64209414506,0.635898975972,-0.588772916055
P5E-2025-OCT-NEW-HIGH-DELEVERAGING,NEW_HIGH_DELEVERAGING_PHASE,False,2025-10-06,near_event,bnb_btc_log_return_40d,LEADERSHIP_MIGRATION,7,0.192036943001,0.201576333579,0.117194615251,0.244215057028,0.169760363275,0.244215057028,0.0744546937531,0.132765280694,0.0959608630181,0.483659878218
P5E-2025-OCT-NEW-HIGH-DELEVERAGING,NEW_HIGH_DELEVERAGING_PHASE,False,2025-10-06,near_event,brkk_return_dispersion_20d,LEADERSHIP_MIGRATION,7,0.0918548052373,0.0994468659982,0.0636581473994,0.113888484332,0.0740983289389,0.0994468659982,0.0253485370593,0.172971471338,0.0903395002381,-0.548947766647
P5E-2025-OCT-NEW-HIGH-DELEVERAGING,NEW_HIGH_DELEVERAGING_PHASE,False,2025-10-06,near_event,alt_outperformance_breadth_20d,BREADTH,7,0.333333333333,0.333333333333,0.333333333333,0.333333333333,0.333333333333,0.333333333333,0,0.666666666667,0,
P5E-2025-OCT-NEW-HIGH-DELEVERAGING,NEW_HIGH_DELEVERAGING_PHASE,False,2025-10-06,near_event,canonical5_outperformance_breadth_20d,BREADTH,7,0.25,0.25,0.25,0.25,0.25,0.25,0,0.5,0,
P5E-2025-OCT-NEW-HIGH-DELEVERAGING,NEW_HIGH_DELEVERAGING_PHASE,False,2025-10-06,near_event,high_beta_participation_20d,BREADTH,7,0.5,0.5,0.5,0.5,0.5,0.5,0,0.75,0.25,-0.674490759477
P5E-2025-OCT-NEW-HIGH-DELEVERAGING,NEW_HIGH_DELEVERAGING_PHASE,False,2025-10-06,near_event,breadth_acceleration_10d,BREADTH,7,-0.075,-0.075,-0.175,0,-0.175,0,0.175,-0.05,0.1,-0.168622689869
P5E-2025-OCT-NEW-HIGH-DELEVERAGING,NEW_HIGH_DELEVERAGING_PHASE,False,2025-10-06,near_event,breadth_contraction_from_10d_max,BREADTH,7,0.357142857143,0.5,0,0.5,0.5,0,-0.5,0.25,0,
P5E-2025-OCT-NEW-HIGH-DELEVERAGING,NEW_HIGH_DELEVERAGING_PHASE,False,2025-10-06,immediate_after,btc_log_return_20d,BTC_TREND_MATURITY,28,-0.0380731786063,-0.040809758373,-0.113775292034,0.0518668718499,0.0410971190843,-0.0587124146221,-0.0998095337064,0.030811960361,0.0548090158419,-0.881391258754
P5E-2025-OCT-NEW-HIGH-DELEVERAGING,NEW_HIGH_DELEVERAGING_PHASE,False,2025-10-06,immediate_after,btc_log_return_40d,BTC_TREND_MATURITY,28,-0.0110467398705,-0.024648987091,-0.0757257799358,0.129049490603,0.074990708056,-0.0611765493659,-0.136167257422,0.124671650333,0.190324491526,-0.529177245314
P5E-2025-OCT-NEW-HIGH-DELEVERAGING,NEW_HIGH_DELEVERAGING_PHASE,False,2025-10-06,immediate_after,btc_log_slope_20d_ann,BTC_TREND_MATURITY,28,-0.487949938253,-0.106320947348,-3.15363014903,2.19626798982,1.63864712901,0.293679736403,-1.3449673926,-0.150748273839,1.16952819145,0.0256221452423
P5E-2025-OCT-NEW-HIGH-DELEVERAGING,NEW_HIGH_DELEVERAGING_PHASE,False,2025-10-06,immediate_after,btc_log_slope_40d_ann,BTC_TREND_MATURITY,28,-0.0427018739846,-0.314416769514,-0.679752076877,0.866427199716,0.831411973785,-0.679752076877,-1.51116405066,0.608473348638,1.76847769853,-0.351986828685
P5E-2025-OCT-NEW-HIGH-DELEVERAGING,NEW_HIGH_DELEVERAGING_PHASE,False,2025-10-06,immediate_after,btc_kama_gap,BTC_TREND_MATURITY,28,-0.0325746961675,-0.0324834660071,-0.0848243511786,0.0180033765732,-0.000557094037837,-0.0500793377273,-0.0495222436894,-0.00296688050057,0.0418720142699,-0.475464687395
P5E-2025-OCT-NEW-HIGH-DELEVERAGING,NEW_HIGH_DELEVERAGING_PHASE,False,2025-10-06,immediate_after,btc_kama_slope_10d,BTC_TREND_MATURITY,28,-0.00596579385638,-0.00496316615294,-0.0695423803778,0.0798243793839,0.076225129212,-0.00113549101404,-0.077360620226,-0.00695931786662,0.0168686692778,0.0798157734449
P5E-2025-OCT-NEW-HIGH-DELEVERAGING,NEW_HIGH_DELEVERAGING_PHASE,False,2025-10-06,immediate_after,btc_distance_from_90d_high,BTC_TREND_MATURITY,28,-0.103277223182,-0.11283623248,-0.146214290653,-0.0108499586149,-0.0266775946518,-0.145000093856,-0.118322499205,-0.101066258204,0.0709078066022,-0.111958601863
P5E-2025-OCT-NEW-HIGH-DELEVERAGING,NEW_HIGH_DELEVERAGING_PHASE,False,2025-10-06,immediate_after,btc_consolidation_duration_5pct,BTC_TREND_MATURITY,28,0.857142857143,0,0,9,7,0,-7,0,0,
P5E-2025-OCT-NEW-HIGH-DELEVERAGING,NEW_HIGH_DELEVERAGING_PHASE,False,2025-10-06,immediate_after,btc_rv20_ann,BTC_TREND_MATURITY,28,0.444357476722,0.473579520761,0.309284335018,0.512818863185,0.342569811752,0.336417170029,-0.00615264172388,0.772658942566,0.0844444382598,-2.38886432918
P5E-2025-OCT-NEW-HIGH-DELEVERAGING,NEW_HIGH_DELEVERAGING_PHASE,False,2025-10-06,immediate_after,btc_rv20_to_rv60,BTC_TREND_MATURITY,28,1.22560879423,1.31453259448,0.870278440527,1.38474518054,1.05601221767,0.919367141703,-0.136645075965,0.992525843703,0.190855286022,1.13798565611
P5E-2025-OCT-NEW-HIGH-DELEVERAGING,NEW_HIGH_DELEVERAGING_PHASE,False,2025-10-06,immediate_after,btc_daily_rsi14,MOMENTUM_EXHAUSTION,28,45.7692815639,44.7538611514,35.0087116369,64.9556826781,61.4645305116,39.4243444218,-22.0401860899,53.5120305559,7.15707444265,-0.825379752669
P5E-2025-OCT-NEW-HIGH-DELEVERAGING,NEW_HIGH_DELEVERAGING_PHASE,False,2025-10-06,immediate_after,btc_daily_rsi28,MOMENTUM_EXHAUSTION,28,47.6505562739,46.7015690778,41.636204777,59.9749521173,57.9154083129,43.5232289059,-14.392179407,56.3301172701,5.57727733544,-1.1644331799
P5E-2025-OCT-NEW-HIGH-DELEVERAGING,NEW_HIGH_DELEVERAGING_PHASE,False,2025-10-06,immediate_after,btc_4h_rsi14,MOMENTUM_EXHAUSTION,28,46.6482095881,46.6530134309,22.3333636659,72.5803498772,65.7796260578,50.0849404321,-15.6946856257,52.7692500142,8.13008519699,-0.507417198986
P5E-2025-OCT-NEW-HIGH-DELEVERAGING,NEW_HIGH_DELEVERAGING_PHASE,False,2025-10-06,immediate_after,btc_4h_rsi28,MOMENTUM_EXHAUSTION,28,47.266106747,45.9299674684,33.3956400293,66.8449608163,66.8449608163,48.9276746731,-17.9172861432,52.0125321308,6.39397492151,-0.641640561476
P5E-2025-OCT-NEW-HIGH-DELEVERAGING,NEW_HIGH_DELEVERAGING_PHASE,False,2025-10-06,immediate_after,btc_price_rsi_rank_divergence_20d,MOMENTUM_EXHAUSTION,28,-0.05,-0.1,-0.25,0.2,0.1,-0.1,-0.2,0.05,0.1,-1.01173613921
P5E-2025-OCT-NEW-HIGH-DELEVERAGING,NEW_HIGH_DELEVERAGING_PHASE,False,2025-10-06,immediate_after,btc_rsi14_extreme_persistence_14d,MOMENTUM_EXHAUSTION,28,0.0637755102041,0,0,0.142857142857,0.142857142857,0,-0.142857142857,0,0,
P5E-2025-OCT-NEW-HIGH-DELEVERAGING,NEW_HIGH_DELEVERAGING_PHASE,False,2025-10-06,immediate_after,btc_rsi14_failure_from_14d_max,MOMENTUM_EXHAUSTION,28,17.3449248434,13.72560314,0,37.8095130591,11.3536941844,14.7062761519,3.35258196751,6.94489455209,5.6201863123,0.813767556996
P5E-2025-OCT-NEW-HIGH-DELEVERAGING,NEW_HIGH_DELEVERAGING_PHASE,False,2025-10-06,immediate_after,eth_btc_log_return_20d,LEADERSHIP_MIGRATION,28,-0.0338592963526,-0.0288572960162,-0.131438922273,0.0360624600421,-0.0727054962698,-0.0763612848154,-0.00365578854555,-0.085881691542,0.0378690216043,1.01566996499
P5E-2025-OCT-NEW-HIGH-DELEVERAGING,NEW_HIGH_DELEVERAGING_PHASE,False,2025-10-06,immediate_after,sol_btc_log_return_20d,LEADERSHIP_MIGRATION,28,-0.0816944052058,-0.0725514535462,-0.244234555641,0.0619955439895,-0.14821088165,-0.13938196289,0.00882891875964,-0.0620372189436,0.110845596434,-0.0639786722297
P5E-2025-OCT-NEW-HIGH-DELEVERAGING,NEW_HIGH_DELEVERAGING_PHASE,False,2025-10-06,immediate_after,bnb_btc_log_return_20d,LEADERSHIP_MIGRATION,28,0.078389955015,0.10754224914,-0.137206394972,0.251246627924,0.234739582742,-0.137165011943,-0.371904594686,0.00901998919944,0.0632752468535,1.05021089979
P5E-2025-OCT-NEW-HIGH-DELEVERAGING,NEW_HIGH_DELEVERAGING_PHASE,False,2025-10-06,immediate_after,eth_btc_log_return_40d,LEADERSHIP_MIGRATION,28,-0.0903598241223,-0.0830996818052,-0.177934904857,-0.0507717188842,-0.0891690096389,-0.0806114953538,0.00855751428518,-0.172566786877,0.067232408721,0.897554271758
P5E-2025-OCT-NEW-HIGH-DELEVERAGING,NEW_HIGH_DELEVERAGING_PHASE,False,2025-10-06,immediate_after,sol_btc_log_return_40d,LEADERSHIP_MIGRATION,28,-0.121727723181,-0.127356303214,-0.220332175957,-0.0186403015329,-0.0494828794195,-0.181171981784,-0.131689102365,0.241830897569,0.403147478085,-0.617673107192
P5E-2025-OCT-NEW-HIGH-DELEVERAGING,NEW_HIGH_DELEVERAGING_PHASE,False,2025-10-06,immediate_after,bnb_btc_log_return_40d,LEADERSHIP_MIGRATION,28,0.225945924178,0.232459690639,0.03637445499,0.391920488614,0.326056950281,0.03637445499,-0.289682495291,0.166415815495,0.180070281421,0.247381095609
P5E-2025-OCT-NEW-HIGH-DELEVERAGING,NEW_HIGH_DELEVERAGING_PHASE,False,2025-10-06,immediate_after,brkk_return_dispersion_20d,LEADERSHIP_MIGRATION,28,0.0742961923172,0.0737882442635,0.0116218164501,0.1434463803,0.1434463803,0.0568694952656,-0.0865768850348,0.0789295421886,0.0299218332181,-0.115893899847
P5E-2025-OCT-NEW-HIGH-DELEVERAGING,NEW_HIGH_DELEVERAGING_PHASE,False,2025-10-06,immediate_after,alt_outperformance_breadth_20d,BREADTH,28,0.309523809524,0.333333333333,0,1,0.333333333333,0,-0.333333333333,0.333333333333,0.333333333333,0
P5E-2025-OCT-NEW-HIGH-DELEVERAGING,NEW_HIGH_DELEVERAGING_PHASE,False,2025-10-06,immediate_after,canonical5_outperformance_breadth_20d,BREADTH,28,0.276785714286,0.25,0,1,0.25,0,-0.25,0.25,0.25,0
P5E-2025-OCT-NEW-HIGH-DELEVERAGING,NEW_HIGH_DELEVERAGING_PHASE,False,2025-10-06,immediate_after,high_beta_participation_20d,BREADTH,28,0.410714285714,0.5,0,1,0.5,0,-0.5,0.5,0.5,0
P5E-2025-OCT-NEW-HIGH-DELEVERAGING,NEW_HIGH_DELEVERAGING_PHASE,False,2025-10-06,immediate_after,breadth_acceleration_10d,BREADTH,28,0.0116071428571,-0.0125,-0.3,0.725,0,-0.3,-0.3,-0.05,0.075,0.337245379738
P5E-2025-OCT-NEW-HIGH-DELEVERAGING,NEW_HIGH_DELEVERAGING_PHASE,False,2025-10-06,immediate_after,breadth_contraction_from_10d_max,BREADTH,28,0.196428571429,0.25,0,1,0,1,1,0.25,0.25,0
P5E-2025-OCT-NEW-HIGH-DELEVERAGING,NEW_HIGH_DELEVERAGING_PHASE,False,2025-10-06,medium_after,btc_log_return_20d,BTC_TREND_MATURITY,62,-0.070912504504,-0.0540047392862,-0.26579892102,0.0831804784748,-0.087363902499,0.0573049343469,0.144668836846,0.000755527703618,0.085095390214,-0.434045768851
P5E-2025-OCT-NEW-HIGH-DELEVERAGING,NEW_HIGH_DELEVERAGING_PHASE,False,2025-10-06,medium_after,btc_log_return_40d,BTC_TREND_MATURITY,62,-0.152817562008,-0.173222574786,-0.306789888826,0.0472415160395,-0.0712659215485,0.046512321053,0.117778242602,0.0435747491473,0.130631889362,-1.11938817073
P5E-2025-OCT-NEW-HIGH-DELEVERAGING,NEW_HIGH_DELEVERAGING_PHASE,False,2025-10-06,medium_after,btc_log_slope_20d_ann,BTC_TREND_MATURITY,62,-1.33001066544,-0.930224552892,-4.3510794623,1.18854305887,-0.0691318117867,0.633162833716,0.702294645503,0.108582779267,1.75274708323,-0.399753023766
P5E-2025-OCT-NEW-HIGH-DELEVERAGING,NEW_HIGH_DELEVERAGING_PHASE,False,2025-10-06,medium_after,btc_log_slope_40d_ann,BTC_TREND_MATURITY,62,-1.43366378244,-1.47301669284,-2.80816321771,-0.106084262337,-0.877328019486,-0.300238757633,0.577089261853,0.447150970233,1.15168286782,-1.12455900976
P5E-2025-OCT-NEW-HIGH-DELEVERAGING,NEW_HIGH_DELEVERAGING_PHASE,False,2025-10-06,medium_after,btc_kama_gap,BTC_TREND_MATURITY,62,-0.0190221699149,-0.0122533071196,-0.103247397945,0.0446144476018,-0.0838299893293,0.0244594382418,0.108289427571,0.00489725443393,0.0310249876158,-0.372857370031
P5E-2025-OCT-NEW-HIGH-DELEVERAGING,NEW_HIGH_DELEVERAGING_PHASE,False,2025-10-06,medium_after,btc_kama_slope_10d,BTC_TREND_MATURITY,62,-0.0362253204873,-0.0108293100494,-0.162113155047,0.0107723915638,-0.0136984477089,0.00614235360753,0.0198408013165,0.00307386961251,0.0311805414445,-0.300750589145
P5E-2025-OCT-NEW-HIGH-DELEVERAGING,NEW_HIGH_DELEVERAGING_PHASE,False,2025-10-06,medium_after,btc_distance_from_90d_high,BTC_TREND_MATURITY,62,-0.264970730471,-0.275507237611,-0.320225152645,-0.149587906292,-0.185798100956,-0.257702544888,-0.0719044439319,-0.0928870693612,0.05234604993,-2.35310240492
P5E-2025-OCT-NEW-HIGH-DELEVERAGING,NEW_HIGH_DELEVERAGING_PHASE,False,2025-10-06,medium_after,btc_consolidation_duration_5pct,BTC_TREND_MATURITY,62,0,0,0,0,0,0,0,0,0,
P5E-2025-OCT-NEW-HIGH-DELEVERAGING,NEW_HIGH_DELEVERAGING_PHASE,False,2025-10-06,medium_after,btc_rv20_ann,BTC_TREND_MATURITY,62,0.408360946834,0.434954784328,0.220952768473,0.540273390848,0.383677919072,0.220952768473,-0.1627251506,0.568020362277,0.0861967926653,-1.04123947024
P5E-2025-OCT-NEW-HIGH-DELEVERAGING,NEW_HIGH_DELEVERAGING_PHASE,False,2025-10-06,medium_after,btc_rv20_to_rv60,BTC_TREND_MATURITY,62,0.952739101605,1.02468469936,0.568544817929,1.15875750847,0.997102107279,0.568544817929,-0.428557289349,0.853314865875,0.132314470942,0.873580707484
P5E-2025-OCT-NEW-HIGH-DELEVERAGING,NEW_HIGH_DELEVERAGING_PHASE,False,2025-10-06,medium_after,btc_daily_rsi14,MOMENTUM_EXHAUSTION,62,40.4229842298,41.6285037903,22.7951011842,59.0045656709,32.2355656794,59.0045656709,26.7689999914,52.9481724203,7.9883783977,-0.955764926398
P5E-2025-OCT-NEW-HIGH-DELEVERAGING,NEW_HIGH_DELEVERAGING_PHASE,False,2025-10-06,medium_after,btc_daily_rsi28,MOMENTUM_EXHAUSTION,62,40.7032902484,41.8059853536,31.0981267228,49.0394070602,39.2032544682,49.0394070602,9.83615259206,53.0677880593,5.06638089239,-1.49929151032
P5E-2025-OCT-NEW-HIGH-DELEVERAGING,NEW_HIGH_DELEVERAGING_PHASE,False,2025-10-06,medium_after,btc_4h_rsi14,MOMENTUM_EXHAUSTION,62,46.9934873597,46.3471838187,27.8623553337,66.8900814006,36.1251407662,66.8900814006,30.7649406344,50.0343365383,7.82885122819,-0.317664797255
P5E-2025-OCT-NEW-HIGH-DELEVERAGING,NEW_HIGH_DELEVERAGING_PHASE,False,2025-10-06,medium_after,btc_4h_rsi28,MOMENTUM_EXHAUSTION,62,46.3731505516,46.9854019488,33.4277208361,59.6345423945,40.5573085064,59.6345423945,19.0772338881,50.4558467866,5.23423927681,-0.447205954976
P5E-2025-OCT-NEW-HIGH-DELEVERAGING,NEW_HIGH_DELEVERAGING_PHASE,False,2025-10-06,medium_after,btc_price_rsi_rank_divergence_20d,MOMENTUM_EXHAUSTION,62,-0.175,-0.15,-0.5,0,0,0,0,0,0.1,-1.01173613921
P5E-2025-OCT-NEW-HIGH-DELEVERAGING,NEW_HIGH_DELEVERAGING_PHASE,False,2025-10-06,medium_after,btc_rsi14_extreme_persistence_14d,MOMENTUM_EXHAUSTION,62,0,0,0,0,0,0,0,0,0,
P5E-2025-OCT-NEW-HIGH-DELEVERAGING,NEW_HIGH_DELEVERAGING_PHASE,False,2025-10-06,medium_after,btc_rsi14_failure_from_14d_max,MOMENTUM_EXHAUSTION,62,7.62732625533,5.74694939227,0,22.9115642873,21.8950548942,0,-21.8950548942,7.58473412328,6.02461118476,-0.205750841168
P5E-2025-OCT-NEW-HIGH-DELEVERAGING,NEW_HIGH_DELEVERAGING_PHASE,False,2025-10-06,medium_after,eth_btc_log_return_20d,LEADERSHIP_MIGRATION,62,-0.017041692605,-0.0113002143905,-0.105335966051,0.099218229481,-0.105335966051,0.00158712079771,0.106923086848,0.0867974712205,0.0967787816766,-0.683682738347
P5E-2025-OCT-NEW-HIGH-DELEVERAGING,NEW_HIGH_DELEVERAGING_PHASE,False,2025-10-06,medium_after,sol_btc_log_return_20d,LEADERSHIP_MIGRATION,62,-0.0595517728418,-0.0499418174215,-0.191145654995,0.0644590249913,-0.136050527431,-0.00911479889253,0.126935728538,0.0528862046757,0.103917022819,-0.667422418759
P5E-2025-OCT-NEW-HIGH-DELEVERAGING,NEW_HIGH_DELEVERAGING_PHASE,False,2025-10-06,medium_after,bnb_btc_log_return_20d,LEADERSHIP_MIGRATION,62,-0.00945855730188,-0.00354775984695,-0.136133867522,0.0668157226679,-0.128586660344,-0.0153040403128,0.113282620031,0.0558431983245,0.105726806019,-0.378888325407
P5E-2025-OCT-NEW-HIGH-DELEVERAGING,NEW_HIGH_DELEVERAGING_PHASE,False,2025-10-06,medium_after,eth_btc_log_return_40d,LEADERSHIP_MIGRATION,62,-0.0386705233846,-0.0389603704984,-0.125647155498,0.0733843507843,-0.0931240603204,0.0142331463007,0.107357206621,0.1098868465,0.128295939621,-0.782535072702
P5E-2025-OCT-NEW-HIGH-DELEVERAGING,NEW_HIGH_DELEVERAGING_PHASE,False,2025-10-06,medium_after,sol_btc_log_return_40d,LEADERSHIP_MIGRATION,62,-0.123283607673,-0.129017951659,-0.268143606114,-0.000783481216092,-0.146457562296,-0.0819635213878,0.0644940409085,0.076412776403,0.14435909389,-0.959836502551
P5E-2025-OCT-NEW-HIGH-DELEVERAGING,NEW_HIGH_DELEVERAGING_PHASE,False,2025-10-06,medium_after,bnb_btc_log_return_40d,LEADERSHIP_MIGRATION,62,-0.00541455299952,-0.00840293264576,-0.149775166937,0.0800711706929,0.0615668541889,-0.00912457626098,-0.0706914304499,0.0758123985965,0.146003845999,-0.389047715425
P5E-2025-OCT-NEW-HIGH-DELEVERAGING,NEW_HIGH_DELEVERAGING_PHASE,False,2025-10-06,medium_after,brkk_return_dispersion_20d,LEADERSHIP_MIGRATION,62,0.033024172443,0.0314957079308,0.00688277414661,0.0795185954306,0.0545891640772,0.00688277414661,-0.0477063899305,0.0871118885568,0.0274717240831,-1.3654985685
P5E-2025-OCT-NEW-HIGH-DELEVERAGING,NEW_HIGH_DELEVERAGING_PHASE,False,2025-10-06,medium_after,alt_outperformance_breadth_20d,BREADTH,62,0.333333333333,0.333333333333,0,1,0,0.333333333333,0.333333333333,0.666666666667,0.333333333333,-0.674490759477
P5E-2025-OCT-NEW-HIGH-DELEVERAGING,NEW_HIGH_DELEVERAGING_PHASE,False,2025-10-06,medium_after,canonical5_outperformance_breadth_20d,BREADTH,62,0.370967741935,0.25,0,1,0,0.5,0.5,0.5,0.25,-0.674490759477
P5E-2025-OCT-NEW-HIGH-DELEVERAGING,NEW_HIGH_DELEVERAGING_PHASE,False,2025-10-06,medium_after,high_beta_participation_20d,BREADTH,62,0.306451612903,0,0,1,0,0,0,0.5,0.5,-0.674490759477
P5E-2025-OCT-NEW-HIGH-DELEVERAGING,NEW_HIGH_DELEVERAGING_PHASE,False,2025-10-06,medium_after,breadth_acceleration_10d,BREADTH,62,-0.00524193548387,0.0125,-0.4,0.575,-0.275,0.325,0.6,0.0125,0.1125,0
P5E-2025-OCT-NEW-HIGH-DELEVERAGING,NEW_HIGH_DELEVERAGING_PHASE,False,2025-10-06,medium_after,breadth_contraction_from_10d_max,BREADTH,62,0.302419354839,0.25,0,1,1,0,-1,0,0,
P5E-2025-LATE-DETERIORATION,POST_DELEVERAGING_DETERIORATION,False,2025-10-06,early_warning,btc_log_return_20d,BTC_TREND_MATURITY,14,0.0294909860867,0.0327397666138,-0.0241343624064,0.0771826187527,-0.00718164881967,0.0534263255212,0.0606079743409,0.0895088842087,0.132691383645,-0.288566176564
P5E-2025-LATE-DETERIORATION,POST_DELEVERAGING_DETERIORATION,False,2025-10-06,early_warning,btc_log_return_40d,BTC_TREND_MATURITY,14,-0.00860333129925,0.00057739946692,-0.0502492055019,0.0257555118045,-0.0502492055019,-0.0416584482377,0.00859075726416,0.347072013433,0.0998727764841,-2.34005124876
P5E-2025-LATE-DETERIORATION,POST_DELEVERAGING_DETERIORATION,False,2025-10-06,early_warning,btc_log_slope_20d_ann,BTC_TREND_MATURITY,14,0.730933951363,1.03480080514,-0.658223972769,1.50934366005,-0.658223972769,1.13165197553,1.7898759483,1.43405246584,2.16506091005,-0.124380591141
P5E-2025-LATE-DETERIORATION,POST_DELEVERAGING_DETERIORATION,False,2025-10-06,early_warning,btc_log_slope_40d_ann,BTC_TREND_MATURITY,14,-0.457267338178,-0.537091768642,-0.627145312155,-0.0823503776691,-0.612827601466,-0.0823503776691,0.530477223797,2.2394973342,1.33334300259,-1.40457758363
P5E-2025-LATE-DETERIORATION,POST_DELEVERAGING_DETERIORATION,False,2025-10-06,early_warning,btc_kama_gap,BTC_TREND_MATURITY,14,0.00387292659676,0.00576278930393,-0.0169772463306,0.0157214054491,-0.01373706261,-0.00437861875368,0.00935844385633,0.0500264608607,0.0417466923959,-0.715156955727
P5E-2025-LATE-DETERIORATION,POST_DELEVERAGING_DETERIORATION,False,2025-10-06,early_warning,btc_kama_slope_10d,BTC_TREND_MATURITY,14,0.00518407958859,0.00590561615617,-0.0158880039766,0.0200336889628,-0.0158880039766,0.016043753121,0.0319317570976,0.0289828035595,0.0428528480186,-0.363227892145
P5E-2025-LATE-DETERIORATION,POST_DELEVERAGING_DETERIORATION,False,2025-10-06,early_warning,btc_distance_from_90d_high,BTC_TREND_MATURITY,14,-0.0659274505914,-0.0628425865545,-0.0953724797644,-0.0505480533335,-0.0911647511002,-0.0654802835505,0.0256844675497,-0.0249122840479,0.0249122840479,-1.02694873323
P5E-2025-LATE-DETERIORATION,POST_DELEVERAGING_DETERIORATION,False,2025-10-06,early_warning,btc_consolidation_duration_5pct,BTC_TREND_MATURITY,14,0,0,0,0,0,0,0,2.5,2.5,-0.674490759477
P5E-2025-LATE-DETERIORATION,POST_DELEVERAGING_DETERIORATION,False,2025-10-06,early_warning,btc_rv20_ann,BTC_TREND_MATURITY,14,0.250205643118,0.243432068859,0.159075705657,0.335687041456,0.333435277665,0.170567995435,-0.16286728223,0.536399533768,0.195916887306,-1.00861059312
P5E-2025-LATE-DETERIORATION,POST_DELEVERAGING_DETERIORATION,False,2025-10-06,early_warning,btc_rv20_to_rv60,BTC_TREND_MATURITY,14,0.864857269687,0.84306846258,0.550280477801,1.15320933063,1.15320933063,0.59939000363,-0.553819327004,0.99008418923,0.124549004872,-0.796158501831
P5E-2025-LATE-DETERIORATION,POST_DELEVERAGING_DETERIORATION,False,2025-10-06,early_warning,btc_daily_rsi14,MOMENTUM_EXHAUSTION,14,56.1496750309,56.6975336117,47.5512618395,61.1779342502,49.0097135661,53.4830239417,4.47331037564,61.8858657476,10.55335837,-0.3315989053
P5E-2025-LATE-DETERIORATION,POST_DELEVERAGING_DETERIORATION,False,2025-10-06,early_warning,btc_daily_rsi28,MOMENTUM_EXHAUSTION,14,52.7634483996,53.0059123982,48.252164776,55.2603114228,48.9272094228,52.2285636436,3.30135422076,60.0410083347,7.54847011662,-0.628618399216
P5E-2025-LATE-DETERIORATION,POST_DELEVERAGING_DETERIORATION,False,2025-10-06,early_warning,btc_4h_rsi14,MOMENTUM_EXHAUSTION,14,57.1999859812,56.5252498402,44.9122534142,70.1052934521,52.525067152,45.8862461362,-6.63882101576,56.2399971272,7.11310128299,0.0270487247942
P5E-2025-LATE-DETERIORATION,POST_DELEVERAGING_DETERIORATION,False,2025-10-06,early_warning,btc_4h_rsi28,MOMENTUM_EXHAUSTION,14,56.297428774,56.7246984821,50.662934462,62.2873174512,50.9666224644,50.713524783,-0.253097681438,54.832052947,5.42577387822,0.235279234459
P5E-2025-LATE-DETERIORATION,POST_DELEVERAGING_DETERIORATION,False,2025-10-06,early_warning,btc_price_rsi_rank_divergence_20d,MOMENTUM_EXHAUSTION,14,-0.0178571428571,0,-0.25,0.15,-0.25,0.05,0.3,0.05,0.175,-0.192711645565
P5E-2025-LATE-DETERIORATION,POST_DELEVERAGING_DETERIORATION,False,2025-10-06,early_warning,btc_rsi14_extreme_persistence_14d,MOMENTUM_EXHAUSTION,14,0,0,0,0,0,0,0,0,0,
P5E-2025-LATE-DETERIORATION,POST_DELEVERAGING_DETERIORATION,False,2025-10-06,early_warning,btc_rsi14_failure_from_14d_max,MOMENTUM_EXHAUSTION,14,1.99847669356,0.898241587125,0,7.69491030843,0,7.69491030843,7.69491030843,5.81930035139,3.60287467836,-0.921266754927
P5E-2025-LATE-DETERIORATION,POST_DELEVERAGING_DETERIORATION,False,2025-10-06,early_warning,eth_btc_log_return_20d,LEADERSHIP_MIGRATION,14,-0.0200707425735,-0.0249802591046,-0.0678847477777,0.0622614491959,0.0622614491959,-0.0236346487007,-0.0858960978965,0.0326272322803,0.0685174948848,-0.567091962149
P5E-2025-LATE-DETERIORATION,POST_DELEVERAGING_DETERIORATION,False,2025-10-06,early_warning,sol_btc_log_return_20d,LEADERSHIP_MIGRATION,14,0.14501271013,0.142437680603,0.09872800223,0.204497549498,0.201938336032,0.126256439525,-0.0756818965068,0.097577644935,0.30707181567,0.0985361664074
P5E-2025-LATE-DETERIORATION,POST_DELEVERAGING_DETERIORATION,False,2025-10-06,early_warning,bnb_btc_log_return_20d,LEADERSHIP_MIGRATION,14,0.0650758290816,0.0524490424324,0.0153457874701,0.160880643993,0.0706153383317,0.160880643993,0.0902653056609,0.0824493282032,0.0834109434606,-0.242593054275
P5E-2025-LATE-DETERIORATION,POST_DELEVERAGING_DETERIORATION,False,2025-10-06,early_warning,eth_btc_log_return_40d,LEADERSHIP_MIGRATION,14,0.163534958913,0.181445151416,0.00943826060847,0.282499868162,0.172715338228,0.00943826060847,-0.16327707762,0.056136721709,0.204038750218,0.414231991872
P5E-2025-LATE-DETERIORATION,POST_DELEVERAGING_DETERIORATION,False,2025-10-06,early_warning,sol_btc_log_return_40d,LEADERSHIP_MIGRATION,14,0.316539091161,0.320905046638,0.236248527218,0.386454690835,0.236248527218,0.249819107924,0.0135705807059,0.25194929216,0.400474989881,0.116137138107
P5E-2025-LATE-DETERIORATION,POST_DELEVERAGING_DETERIORATION,False,2025-10-06,early_warning,bnb_btc_log_return_40d,LEADERSHIP_MIGRATION,14,0.199980023131,0.193343885017,0.151520768878,0.285245289541,0.151520768878,0.271709270043,0.120188501165,0.0307187168272,0.0984400435606,1.11427391979
P5E-2025-LATE-DETERIORATION,POST_DELEVERAGING_DETERIORATION,False,2025-10-06,early_warning,brkk_return_dispersion_20d,LEADERSHIP_MIGRATION,14,0.0689506571346,0.0720733854765,0.0520203375932,0.081612851654,0.0735132877139,0.079094063405,0.00558077569104,0.121383396571,0.064538834859,-0.515335408607
P5E-2025-LATE-DETERIORATION,POST_DELEVERAGING_DETERIORATION,False,2025-10-06,early_warning,alt_outperformance_breadth_20d,BREADTH,14,0.761904761905,0.666666666667,0.666666666667,1,1,0.666666666667,-0.333333333333,0.666666666667,0.333333333333,0
P5E-2025-LATE-DETERIORATION,POST_DELEVERAGING_DETERIORATION,False,2025-10-06,early_warning,canonical5_outperformance_breadth_20d,BREADTH,14,0.767857142857,0.75,0.5,1,1,0.75,-0.25,0.75,0.25,0
P5E-2025-LATE-DETERIORATION,POST_DELEVERAGING_DETERIORATION,False,2025-10-06,early_warning,high_beta_participation_20d,BREADTH,14,1,1,1,1,1,1,0,0.75,0.25,0.674490759477
P5E-2025-LATE-DETERIORATION,POST_DELEVERAGING_DETERIORATION,False,2025-10-06,early_warning,breadth_acceleration_10d,BREADTH,14,-0.0214285714286,-0.0375,-0.325,0.225,0.225,0.05,-0.175,0,0.125,-0.202347227843
P5E-2025-LATE-DETERIORATION,POST_DELEVERAGING_DETERIORATION,False,2025-10-06,early_warning,breadth_contraction_from_10d_max,BREADTH,14,0.232142857143,0.25,0,0.5,0,0.25,0.25,0,0,
P5E-2025-LATE-DETERIORATION,POST_DELEVERAGING_DETERIORATION,False,2025-10-06,target_lead,btc_log_return_20d,BTC_TREND_MATURITY,8,0.00373411243455,0.00175043042643,-0.0151650166104,0.0244906440616,0.0126043358604,0.0244906440616,0.0118863082012,0.127208351272,0.205904321304,-0.410968588602
P5E-2025-LATE-DETERIORATION,POST_DELEVERAGING_DETERIORATION,False,2025-10-06,target_lead,btc_log_return_40d,BTC_TREND_MATURITY,8,-0.048363880198,-0.0565376472878,-0.0903781029182,0.000356281655264,-0.0903781029182,0.000356281655264,0.0907343845734,0.203062591735,0.253540587619,-0.690611172055
P5E-2025-LATE-DETERIORATION,POST_DELEVERAGING_DETERIORATION,False,2025-10-06,target_lead,btc_log_slope_20d_ann,BTC_TREND_MATURITY,8,-0.0342564455851,-0.077476571962,-0.903763387824,0.939636784414,0.939636784414,-0.903763387824,-1.84340017224,2.9833617162,4.06618692936,-0.50772558603
P5E-2025-LATE-DETERIORATION,POST_DELEVERAGING_DETERIORATION,False,2025-10-06,target_lead,btc_log_slope_40d_ann,BTC_TREND_MATURITY,8,0.0949170253051,0.106054321823,0.0166157254794,0.14748688,0.0166157254794,0.14748688,0.130871154521,2.01729961081,2.33461358689,-0.552175869171
P5E-2025-LATE-DETERIORATION,POST_DELEVERAGING_DETERIORATION,False,2025-10-06,target_lead,btc_kama_gap,BTC_TREND_MATURITY,8,-0.0203213367009,-0.0249930052783,-0.0454744494635,0.0136234462775,-0.0239129004136,0.0136234462775,0.0375363466911,0.0299726863565,0.0598170839786,-0.619787001137
P5E-2025-LATE-DETERIORATION,POST_DELEVERAGING_DETERIORATION,False,2025-10-06,target_lead,btc_kama_slope_10d,BTC_TREND_MATURITY,8,-0.00960878221885,-0.0101364826206,-0.025973038665,0.0103059795,0.0103059795,-0.0256644275685,-0.0359704070685,0.0883569849308,0.121019937429,-0.548942059824
P5E-2025-LATE-DETERIORATION,POST_DELEVERAGING_DETERIORATION,False,2025-10-06,target_lead,btc_distance_from_90d_high,BTC_TREND_MATURITY,8,-0.0950324934393,-0.0910338171335,-0.116068075282,-0.0729440467946,-0.0864143094565,-0.0729440467946,0.0134702626619,-0.0858433272357,0.0779198726861,-0.0449299691148
P5E-2025-LATE-DETERIORATION,POST_DELEVERAGING_DETERIORATION,False,2025-10-06,target_lead,btc_consolidation_duration_5pct,BTC_TREND_MATURITY,8,0,0,0,0,0,0,0,0,0,
P5E-2025-LATE-DETERIORATION,POST_DELEVERAGING_DETERIORATION,False,2025-10-06,target_lead,btc_rv20_ann,BTC_TREND_MATURITY,8,0.235707091429,0.254865131456,0.187624504862,0.281410108092,0.187624504862,0.281410108092,0.0937856032304,0.687091261371,0.0544428981356,-5.35483121978
P5E-2025-LATE-DETERIORATION,POST_DELEVERAGING_DETERIORATION,False,2025-10-06,target_lead,btc_rv20_to_rv60,BTC_TREND_MATURITY,8,0.782636159125,0.839029822186,0.647665256657,0.907560863401,0.647665256657,0.907560863401,0.259895606744,1.06665746709,0.109058167358,-1.40780600673
P5E-2025-LATE-DETERIORATION,POST_DELEVERAGING_DETERIORATION,False,2025-10-06,target_lead,btc_daily_rsi14,MOMENTUM_EXHAUSTION,8,43.3975809251,43.2022321444,35.9925437104,53.4249588632,44.1989701634,53.4249588632,9.22598869976,60.3120922753,15.7844104579,-0.731129147015
P5E-2025-LATE-DETERIORATION,POST_DELEVERAGING_DETERIORATION,False,2025-10-06,target_lead,btc_daily_rsi28,MOMENTUM_EXHAUSTION,8,47.1221279033,47.710058468,43.433395441,51.4579783322,48.1886796347,51.4579783322,3.26929869742,60.4872774422,11.62490618,-0.741349306094
P5E-2025-LATE-DETERIORATION,POST_DELEVERAGING_DETERIORATION,False,2025-10-06,target_lead,btc_4h_rsi14,MOMENTUM_EXHAUSTION,8,39.2372524278,36.3357907327,24.9316413597,64.5868226015,40.8926560649,64.5868226015,23.6941665367,55.1266125516,12.4114615945,-1.02117188885
P5E-2025-LATE-DETERIORATION,POST_DELEVERAGING_DETERIORATION,False,2025-10-06,target_lead,btc_4h_rsi28,MOMENTUM_EXHAUSTION,8,41.548546935,39.0944465923,32.6138811898,52.0081467485,48.3073594984,52.0081467485,3.70078725007,58.7882962886,9.80867514322,-1.35424197914
P5E-2025-LATE-DETERIORATION,POST_DELEVERAGING_DETERIORATION,False,2025-10-06,target_lead,btc_price_rsi_rank_divergence_20d,MOMENTUM_EXHAUSTION,8,0.0875,0.025,0,0.3,0.3,0.05,-0.25,0,0.075,0.224830253159
P5E-2025-LATE-DETERIORATION,POST_DELEVERAGING_DETERIORATION,False,2025-10-06,target_lead,btc_rsi14_extreme_persistence_14d,MOMENTUM_EXHAUSTION,8,0,0,0,0,0,0,0,0.214285714286,0.214285714286,-0.674490759477
P5E-2025-LATE-DETERIORATION,POST_DELEVERAGING_DETERIORATION,False,2025-10-06,target_lead,btc_rsi14_failure_from_14d_max,MOMENTUM_EXHAUSTION,8,17.7803533251,17.9757021058,7.75297538701,25.1853905397,16.9789640868,7.75297538701,-9.22598869976,14.4485264679,7.63531949898,0.311584521794
P5E-2025-LATE-DETERIORATION,POST_DELEVERAGING_DETERIORATION,False,2025-10-06,target_lead,eth_btc_log_return_20d,LEADERSHIP_MIGRATION,8,-0.056854095503,-0.0543226711159,-0.0908005772068,-0.039758458694,-0.0424977832493,-0.0467832309592,-0.00428544770995,-0.0142936558819,0.0789531732529,-0.341964733955
P5E-2025-LATE-DETERIORATION,POST_DELEVERAGING_DETERIORATION,False,2025-10-06,target_lead,sol_btc_log_return_20d,LEADERSHIP_MIGRATION,8,-0.000297825431944,0.00440489210004,-0.0452375041238,0.0373095195824,0.0373095195824,-0.0452375041238,-0.0825470237062,0.183745627323,0.324317318986,-0.37297936812
P5E-2025-LATE-DETERIORATION,POST_DELEVERAGING_DETERIORATION,False,2025-10-06,target_lead,bnb_btc_log_return_20d,LEADERSHIP_MIGRATION,8,0.134629474568,0.127404381464,0.109320445467,0.170167882013,0.14067386069,0.132686261836,-0.00798759885421,0.0652007942535,0.0992768466183,0.422613592282
P5E-2025-LATE-DETERIORATION,POST_DELEVERAGING_DETERIORATION,False,2025-10-06,target_lead,eth_btc_log_return_40d,LEADERSHIP_MIGRATION,8,-0.0261918614718,-0.0322556218195,-0.0580845057528,0.0225029905018,-0.0327536821717,-0.0286792468102,0.00407443536149,0.0637412692042,0.0588851102576,-1.0995821465
P5E-2025-LATE-DETERIORATION,POST_DELEVERAGING_DETERIORATION,False,2025-10-06,target_lead,sol_btc_log_return_40d,LEADERSHIP_MIGRATION,8,0.150913838504,0.161072908882,0.0905503679876,0.185620028175,0.179892424031,0.123638722843,-0.0562537011876,0.276226159194,0.552177671117,-0.140660891091
P5E-2025-LATE-DETERIORATION,POST_DELEVERAGING_DETERIORATION,False,2025-10-06,target_lead,bnb_btc_log_return_40d,LEADERSHIP_MIGRATION,8,0.208536877105,0.193567262447,0.169353234277,0.248115628783,0.248115628783,0.169353234277,-0.0787623945058,0.0608554568141,0.0646096128323,1.3854422376
P5E-2025-LATE-DETERIORATION,POST_DELEVERAGING_DETERIORATION,False,2025-10-06,target_lead,brkk_return_dispersion_20d,LEADERSHIP_MIGRATION,8,0.0715395809221,0.070505096992,0.0598554815576,0.0877077843464,0.0678198167275,0.0731903772564,0.00537056052892,0.23637770159,0.173514729559,-0.644784101822
P5E-2025-LATE-DETERIORATION,POST_DELEVERAGING_DETERIORATION,False,2025-10-06,target_lead,alt_outperformance_breadth_20d,BREADTH,8,0.5,0.5,0.333333333333,0.666666666667,0.666666666667,0.333333333333,-0.333333333333,0.666666666667,0,
P5E-2025-LATE-DETERIORATION,POST_DELEVERAGING_DETERIORATION,False,2025-10-06,target_lead,canonical5_outperformance_breadth_20d,BREADTH,8,0.40625,0.375,0.25,0.75,0.5,0.25,-0.25,0.5,0,
P5E-2025-LATE-DETERIORATION,POST_DELEVERAGING_DETERIORATION,False,2025-10-06,target_lead,high_beta_participation_20d,BREADTH,8,0.75,0.75,0.5,1,1,0.5,-0.5,0.5,0,
P5E-2025-LATE-DETERIORATION,POST_DELEVERAGING_DETERIORATION,False,2025-10-06,target_lead,breadth_acceleration_10d,BREADTH,8,-0.178125,-0.2,-0.35,0.125,-0.175,-0.225,-0.05,-0.0875,0.1125,-0.674490759477
P5E-2025-LATE-DETERIORATION,POST_DELEVERAGING_DETERIORATION,False,2025-10-06,target_lead,breadth_contraction_from_10d_max,BREADTH,8,0.40625,0.5,0,0.5,0.5,0.5,0,0.25,0.25,0.674490759477
P5E-2025-LATE-DETERIORATION,POST_DELEVERAGING_DETERIORATION,False,2025-10-06,near_event,btc_log_return_20d,BTC_TREND_MATURITY,7,0.0445369436066,0.0530353318996,0.000780057206614,0.0681294364129,0.000780057206614,0.065209774077,0.0644297168704,-0.00123062583392,0.168594126065,0.217100606644
P5E-2025-LATE-DETERIORATION,POST_DELEVERAGING_DETERIORATION,False,2025-10-06,near_event,btc_log_return_40d,BTC_TREND_MATURITY,7,0.0663177863988,0.0741745186947,0.0136743451918,0.11369044918,0.0136743451918,0.11369044918,0.100016103988,0.169330707639,0.23902140654,-0.268519757619
P5E-2025-LATE-DETERIORATION,POST_DELEVERAGING_DETERIORATION,False,2025-10-06,near_event,btc_log_slope_20d_ann,BTC_TREND_MATURITY,7,0.163418752628,0.157052321909,-0.908643759173,1.36737382399,-0.908643759173,1.36737382399,2.27601758317,-0.199090262558,2.41663641042,0.09940050611
P5E-2025-LATE-DETERIORATION,POST_DELEVERAGING_DETERIORATION,False,2025-10-06,near_event,btc_log_slope_40d_ann,BTC_TREND_MATURITY,7,0.482337005134,0.513832663613,0.160658146043,0.766522730012,0.160658146043,0.766522730012,0.605864583969,2.23747390236,2.78737687575,-0.417087512745
P5E-2025-LATE-DETERIORATION,POST_DELEVERAGING_DETERIORATION,False,2025-10-06,near_event,btc_kama_gap,BTC_TREND_MATURITY,7,0.0431753393391,0.0498193048037,0.0110962575516,0.0629417856182,0.0110962575516,0.0267008927733,0.0156046352218,-0.0272962937136,0.0469505050891,1.10784236533
P5E-2025-LATE-DETERIORATION,POST_DELEVERAGING_DETERIORATION,False,2025-10-06,near_event,btc_kama_slope_10d,BTC_TREND_MATURITY,7,0.00840419075466,-2.66518769138e-05,-0.0254526649045,0.0705083083543,-0.0254526649045,0.0705083083543,0.0959609732588,0.0241968715392,0.0549435703312,-0.297369512167
P5E-2025-LATE-DETERIORATION,POST_DELEVERAGING_DETERIORATION,False,2025-10-06,near_event,btc_distance_from_90d_high,BTC_TREND_MATURITY,7,-0.0217065264619,-0.00871349531407,-0.0750771877833,0,-0.0750771877833,0,0.0750771877833,-0.147376034667,0.0480115180974,1.94800342054
P5E-2025-LATE-DETERIORATION,POST_DELEVERAGING_DETERIORATION,False,2025-10-06,near_event,btc_consolidation_duration_5pct,BTC_TREND_MATURITY,7,3,3,0,6,0,6,6,0,0,
P5E-2025-LATE-DETERIORATION,POST_DELEVERAGING_DETERIORATION,False,2025-10-06,near_event,btc_rv20_ann,BTC_TREND_MATURITY,7,0.30991607618,0.317821702149,0.266581612663,0.320455809286,0.266581612663,0.317821702149,0.051240089486,0.754724599989,0.0638473157884,-4.61549500934
P5E-2025-LATE-DETERIORATION,POST_DELEVERAGING_DETERIORATION,False,2025-10-06,near_event,btc_rv20_to_rv60,BTC_TREND_MATURITY,7,0.974101917301,0.993109263945,0.87264878434,1.00107823053,0.87264878434,1.00107823053,0.128429446193,1.22155517951,0.163055181111,-0.944984747141
P5E-2025-LATE-DETERIORATION,POST_DELEVERAGING_DETERIORATION,False,2025-10-06,near_event,btc_daily_rsi14,MOMENTUM_EXHAUSTION,7,66.348250796,69.1114656628,52.614998633,72.818224696,52.614998633,72.818224696,20.203226063,50.6933814377,5.60332262859,2.21704664188
P5E-2025-LATE-DETERIORATION,POST_DELEVERAGING_DETERIORATION,False,2025-10-06,near_event,btc_daily_rsi28,MOMENTUM_EXHAUSTION,7,59.1022288248,60.7315853613,51.0751272154,63.2010778261,51.0751272154,63.2010778261,12.1259506107,54.8202975858,8.18573032011,0.487080422304
P5E-2025-LATE-DETERIORATION,POST_DELEVERAGING_DETERIORATION,False,2025-10-06,near_event,btc_4h_rsi14,MOMENTUM_EXHAUSTION,7,74.2133829894,74.622953601,64.3126015207,81.4932347374,74.622953601,66.5411245088,-8.08182909226,46.8785090792,6.3841789324,2.93121036471
P5E-2025-LATE-DETERIORATION,POST_DELEVERAGING_DETERIORATION,False,2025-10-06,near_event,btc_4h_rsi28,MOMENTUM_EXHAUSTION,7,66.9859032794,69.8793995613,57.1765538843,72.2485455426,60.1123604683,67.2020747072,7.08971423887,49.3431828804,4.13598836667,3.34901531579
P5E-2025-LATE-DETERIORATION,POST_DELEVERAGING_DETERIORATION,False,2025-10-06,near_event,btc_price_rsi_rank_divergence_20d,MOMENTUM_EXHAUSTION,7,0,0,0,0,0,0,0,0.1,0.225,-0.299773670878
P5E-2025-LATE-DETERIORATION,POST_DELEVERAGING_DETERIORATION,False,2025-10-06,near_event,btc_rsi14_extreme_persistence_14d,MOMENTUM_EXHAUSTION,7,0.030612244898,0,0,0.142857142857,0,0.142857142857,0.142857142857,0.25,0.25,-0.674490759477
P5E-2025-LATE-DETERIORATION,POST_DELEVERAGING_DETERIORATION,False,2025-10-06,near_event,btc_rsi14_failure_from_14d_max,MOMENTUM_EXHAUSTION,7,1.22327651674,0,0,8.56293561717,8.56293561717,0,-8.56293561717,17.8733175829,6.65443911858,-1.81163090323
P5E-2025-LATE-DETERIORATION,POST_DELEVERAGING_DETERIORATION,False,2025-10-06,near_event,eth_btc_log_return_20d,LEADERSHIP_MIGRATION,7,-0.0651634044424,-0.0702139553055,-0.0876023562564,-0.0254192157783,-0.0488605921376,-0.0254192157783,0.0234413763592,-0.110640207395,0.054164303556,0.503415195701
P5E-2025-LATE-DETERIORATION,POST_DELEVERAGING_DETERIORATION,False,2025-10-06,near_event,sol_btc_log_return_20d,LEADERSHIP_MIGRATION,7,-0.0827653693528,-0.0848562690655,-0.110867917053,-0.0562783170553,-0.0719365820895,-0.0848562690655,-0.012919686976,0.34766624348,0.226772711877,-1.28645301087
P5E-2025-LATE-DETERIORATION,POST_DELEVERAGING_DETERIORATION,False,2025-10-06,near_event,bnb_btc_log_return_20d,LEADERSHIP_MIGRATION,7,0.149450557615,0.156783444408,0.101848827781,0.189035158269,0.120000744475,0.181615967996,0.0616152235211,0.0675905142324,0.167583887986,0.358983240793
P5E-2025-LATE-DETERIORATION,POST_DELEVERAGING_DETERIORATION,False,2025-10-06,near_event,eth_btc_log_return_40d,LEADERSHIP_MIGRATION,7,-0.095041232912,-0.106671474271,-0.131713130701,-0.0328256332863,-0.0328256332863,-0.0751032658046,-0.0422776325182,-0.0214054356725,0.0615482875744,-0.934407071232
P5E-2025-LATE-DETERIORATION,POST_DELEVERAGING_DETERIORATION,False,2025-10-06,near_event,sol_btc_log_return_40d,LEADERSHIP_MIGRATION,7,0.0759413641693,0.0870085651032,0.021594763066,0.132560967408,0.132560967408,0.021594763066,-0.110966204342,0.64209414506,0.635898975972,-0.588772916055
P5E-2025-LATE-DETERIORATION,POST_DELEVERAGING_DETERIORATION,False,2025-10-06,near_event,bnb_btc_log_return_40d,LEADERSHIP_MIGRATION,7,0.192036943001,0.201576333579,0.117194615251,0.244215057028,0.169760363275,0.244215057028,0.0744546937531,0.132765280694,0.0959608630181,0.483659878218
P5E-2025-LATE-DETERIORATION,POST_DELEVERAGING_DETERIORATION,False,2025-10-06,near_event,brkk_return_dispersion_20d,LEADERSHIP_MIGRATION,7,0.0918548052373,0.0994468659982,0.0636581473994,0.113888484332,0.0740983289389,0.0994468659982,0.0253485370593,0.172971471338,0.0903395002381,-0.548947766647
P5E-2025-LATE-DETERIORATION,POST_DELEVERAGING_DETERIORATION,False,2025-10-06,near_event,alt_outperformance_breadth_20d,BREADTH,7,0.333333333333,0.333333333333,0.333333333333,0.333333333333,0.333333333333,0.333333333333,0,0.666666666667,0,
P5E-2025-LATE-DETERIORATION,POST_DELEVERAGING_DETERIORATION,False,2025-10-06,near_event,canonical5_outperformance_breadth_20d,BREADTH,7,0.25,0.25,0.25,0.25,0.25,0.25,0,0.5,0,
P5E-2025-LATE-DETERIORATION,POST_DELEVERAGING_DETERIORATION,False,2025-10-06,near_event,high_beta_participation_20d,BREADTH,7,0.5,0.5,0.5,0.5,0.5,0.5,0,0.75,0.25,-0.674490759477
P5E-2025-LATE-DETERIORATION,POST_DELEVERAGING_DETERIORATION,False,2025-10-06,near_event,breadth_acceleration_10d,BREADTH,7,-0.075,-0.075,-0.175,0,-0.175,0,0.175,-0.05,0.1,-0.168622689869
P5E-2025-LATE-DETERIORATION,POST_DELEVERAGING_DETERIORATION,False,2025-10-06,near_event,breadth_contraction_from_10d_max,BREADTH,7,0.357142857143,0.5,0,0.5,0.5,0,-0.5,0.25,0,
P5E-2025-LATE-DETERIORATION,POST_DELEVERAGING_DETERIORATION,False,2025-10-06,immediate_after,btc_log_return_20d,BTC_TREND_MATURITY,28,-0.0380731786063,-0.040809758373,-0.113775292034,0.0518668718499,0.0410971190843,-0.0587124146221,-0.0998095337064,0.030811960361,0.0548090158419,-0.881391258754
P5E-2025-LATE-DETERIORATION,POST_DELEVERAGING_DETERIORATION,False,2025-10-06,immediate_after,btc_log_return_40d,BTC_TREND_MATURITY,28,-0.0110467398705,-0.024648987091,-0.0757257799358,0.129049490603,0.074990708056,-0.0611765493659,-0.136167257422,0.124671650333,0.190324491526,-0.529177245314
P5E-2025-LATE-DETERIORATION,POST_DELEVERAGING_DETERIORATION,False,2025-10-06,immediate_after,btc_log_slope_20d_ann,BTC_TREND_MATURITY,28,-0.487949938253,-0.106320947348,-3.15363014903,2.19626798982,1.63864712901,0.293679736403,-1.3449673926,-0.150748273839,1.16952819145,0.0256221452423
P5E-2025-LATE-DETERIORATION,POST_DELEVERAGING_DETERIORATION,False,2025-10-06,immediate_after,btc_log_slope_40d_ann,BTC_TREND_MATURITY,28,-0.0427018739846,-0.314416769514,-0.679752076877,0.866427199716,0.831411973785,-0.679752076877,-1.51116405066,0.608473348638,1.76847769853,-0.351986828685
P5E-2025-LATE-DETERIORATION,POST_DELEVERAGING_DETERIORATION,False,2025-10-06,immediate_after,btc_kama_gap,BTC_TREND_MATURITY,28,-0.0325746961675,-0.0324834660071,-0.0848243511786,0.0180033765732,-0.000557094037837,-0.0500793377273,-0.0495222436894,-0.00296688050057,0.0418720142699,-0.475464687395
P5E-2025-LATE-DETERIORATION,POST_DELEVERAGING_DETERIORATION,False,2025-10-06,immediate_after,btc_kama_slope_10d,BTC_TREND_MATURITY,28,-0.00596579385638,-0.00496316615294,-0.0695423803778,0.0798243793839,0.076225129212,-0.00113549101404,-0.077360620226,-0.00695931786662,0.0168686692778,0.0798157734449
P5E-2025-LATE-DETERIORATION,POST_DELEVERAGING_DETERIORATION,False,2025-10-06,immediate_after,btc_distance_from_90d_high,BTC_TREND_MATURITY,28,-0.103277223182,-0.11283623248,-0.146214290653,-0.0108499586149,-0.0266775946518,-0.145000093856,-0.118322499205,-0.101066258204,0.0709078066022,-0.111958601863
P5E-2025-LATE-DETERIORATION,POST_DELEVERAGING_DETERIORATION,False,2025-10-06,immediate_after,btc_consolidation_duration_5pct,BTC_TREND_MATURITY,28,0.857142857143,0,0,9,7,0,-7,0,0,
P5E-2025-LATE-DETERIORATION,POST_DELEVERAGING_DETERIORATION,False,2025-10-06,immediate_after,btc_rv20_ann,BTC_TREND_MATURITY,28,0.444357476722,0.473579520761,0.309284335018,0.512818863185,0.342569811752,0.336417170029,-0.00615264172388,0.772658942566,0.0844444382598,-2.38886432918
P5E-2025-LATE-DETERIORATION,POST_DELEVERAGING_DETERIORATION,False,2025-10-06,immediate_after,btc_rv20_to_rv60,BTC_TREND_MATURITY,28,1.22560879423,1.31453259448,0.870278440527,1.38474518054,1.05601221767,0.919367141703,-0.136645075965,0.992525843703,0.190855286022,1.13798565611
P5E-2025-LATE-DETERIORATION,POST_DELEVERAGING_DETERIORATION,False,2025-10-06,immediate_after,btc_daily_rsi14,MOMENTUM_EXHAUSTION,28,45.7692815639,44.7538611514,35.0087116369,64.9556826781,61.4645305116,39.4243444218,-22.0401860899,53.5120305559,7.15707444265,-0.825379752669
P5E-2025-LATE-DETERIORATION,POST_DELEVERAGING_DETERIORATION,False,2025-10-06,immediate_after,btc_daily_rsi28,MOMENTUM_EXHAUSTION,28,47.6505562739,46.7015690778,41.636204777,59.9749521173,57.9154083129,43.5232289059,-14.392179407,56.3301172701,5.57727733544,-1.1644331799
P5E-2025-LATE-DETERIORATION,POST_DELEVERAGING_DETERIORATION,False,2025-10-06,immediate_after,btc_4h_rsi14,MOMENTUM_EXHAUSTION,28,46.6482095881,46.6530134309,22.3333636659,72.5803498772,65.7796260578,50.0849404321,-15.6946856257,52.7692500142,8.13008519699,-0.507417198986
P5E-2025-LATE-DETERIORATION,POST_DELEVERAGING_DETERIORATION,False,2025-10-06,immediate_after,btc_4h_rsi28,MOMENTUM_EXHAUSTION,28,47.266106747,45.9299674684,33.3956400293,66.8449608163,66.8449608163,48.9276746731,-17.9172861432,52.0125321308,6.39397492151,-0.641640561476
P5E-2025-LATE-DETERIORATION,POST_DELEVERAGING_DETERIORATION,False,2025-10-06,immediate_after,btc_price_rsi_rank_divergence_20d,MOMENTUM_EXHAUSTION,28,-0.05,-0.1,-0.25,0.2,0.1,-0.1,-0.2,0.05,0.1,-1.01173613921
P5E-2025-LATE-DETERIORATION,POST_DELEVERAGING_DETERIORATION,False,2025-10-06,immediate_after,btc_rsi14_extreme_persistence_14d,MOMENTUM_EXHAUSTION,28,0.0637755102041,0,0,0.142857142857,0.142857142857,0,-0.142857142857,0,0,
P5E-2025-LATE-DETERIORATION,POST_DELEVERAGING_DETERIORATION,False,2025-10-06,immediate_after,btc_rsi14_failure_from_14d_max,MOMENTUM_EXHAUSTION,28,17.3449248434,13.72560314,0,37.8095130591,11.3536941844,14.7062761519,3.35258196751,6.94489455209,5.6201863123,0.813767556996
P5E-2025-LATE-DETERIORATION,POST_DELEVERAGING_DETERIORATION,False,2025-10-06,immediate_after,eth_btc_log_return_20d,LEADERSHIP_MIGRATION,28,-0.0338592963526,-0.0288572960162,-0.131438922273,0.0360624600421,-0.0727054962698,-0.0763612848154,-0.00365578854555,-0.085881691542,0.0378690216043,1.01566996499
P5E-2025-LATE-DETERIORATION,POST_DELEVERAGING_DETERIORATION,False,2025-10-06,immediate_after,sol_btc_log_return_20d,LEADERSHIP_MIGRATION,28,-0.0816944052058,-0.0725514535462,-0.244234555641,0.0619955439895,-0.14821088165,-0.13938196289,0.00882891875964,-0.0620372189436,0.110845596434,-0.0639786722297
P5E-2025-LATE-DETERIORATION,POST_DELEVERAGING_DETERIORATION,False,2025-10-06,immediate_after,bnb_btc_log_return_20d,LEADERSHIP_MIGRATION,28,0.078389955015,0.10754224914,-0.137206394972,0.251246627924,0.234739582742,-0.137165011943,-0.371904594686,0.00901998919944,0.0632752468535,1.05021089979
P5E-2025-LATE-DETERIORATION,POST_DELEVERAGING_DETERIORATION,False,2025-10-06,immediate_after,eth_btc_log_return_40d,LEADERSHIP_MIGRATION,28,-0.0903598241223,-0.0830996818052,-0.177934904857,-0.0507717188842,-0.0891690096389,-0.0806114953538,0.00855751428518,-0.172566786877,0.067232408721,0.897554271758
P5E-2025-LATE-DETERIORATION,POST_DELEVERAGING_DETERIORATION,False,2025-10-06,immediate_after,sol_btc_log_return_40d,LEADERSHIP_MIGRATION,28,-0.121727723181,-0.127356303214,-0.220332175957,-0.0186403015329,-0.0494828794195,-0.181171981784,-0.131689102365,0.241830897569,0.403147478085,-0.617673107192
P5E-2025-LATE-DETERIORATION,POST_DELEVERAGING_DETERIORATION,False,2025-10-06,immediate_after,bnb_btc_log_return_40d,LEADERSHIP_MIGRATION,28,0.225945924178,0.232459690639,0.03637445499,0.391920488614,0.326056950281,0.03637445499,-0.289682495291,0.166415815495,0.180070281421,0.247381095609
P5E-2025-LATE-DETERIORATION,POST_DELEVERAGING_DETERIORATION,False,2025-10-06,immediate_after,brkk_return_dispersion_20d,LEADERSHIP_MIGRATION,28,0.0742961923172,0.0737882442635,0.0116218164501,0.1434463803,0.1434463803,0.0568694952656,-0.0865768850348,0.0789295421886,0.0299218332181,-0.115893899847
P5E-2025-LATE-DETERIORATION,POST_DELEVERAGING_DETERIORATION,False,2025-10-06,immediate_after,alt_outperformance_breadth_20d,BREADTH,28,0.309523809524,0.333333333333,0,1,0.333333333333,0,-0.333333333333,0.333333333333,0.333333333333,0
P5E-2025-LATE-DETERIORATION,POST_DELEVERAGING_DETERIORATION,False,2025-10-06,immediate_after,canonical5_outperformance_breadth_20d,BREADTH,28,0.276785714286,0.25,0,1,0.25,0,-0.25,0.25,0.25,0
P5E-2025-LATE-DETERIORATION,POST_DELEVERAGING_DETERIORATION,False,2025-10-06,immediate_after,high_beta_participation_20d,BREADTH,28,0.410714285714,0.5,0,1,0.5,0,-0.5,0.5,0.5,0
P5E-2025-LATE-DETERIORATION,POST_DELEVERAGING_DETERIORATION,False,2025-10-06,immediate_after,breadth_acceleration_10d,BREADTH,28,0.0116071428571,-0.0125,-0.3,0.725,0,-0.3,-0.3,-0.05,0.075,0.337245379738
P5E-2025-LATE-DETERIORATION,POST_DELEVERAGING_DETERIORATION,False,2025-10-06,immediate_after,breadth_contraction_from_10d_max,BREADTH,28,0.196428571429,0.25,0,1,0,1,1,0.25,0.25,0
P5E-2025-LATE-DETERIORATION,POST_DELEVERAGING_DETERIORATION,False,2025-10-06,medium_after,btc_log_return_20d,BTC_TREND_MATURITY,62,-0.070912504504,-0.0540047392862,-0.26579892102,0.0831804784748,-0.087363902499,0.0573049343469,0.144668836846,0.000755527703618,0.085095390214,-0.434045768851
P5E-2025-LATE-DETERIORATION,POST_DELEVERAGING_DETERIORATION,False,2025-10-06,medium_after,btc_log_return_40d,BTC_TREND_MATURITY,62,-0.152817562008,-0.173222574786,-0.306789888826,0.0472415160395,-0.0712659215485,0.046512321053,0.117778242602,0.0435747491473,0.130631889362,-1.11938817073
P5E-2025-LATE-DETERIORATION,POST_DELEVERAGING_DETERIORATION,False,2025-10-06,medium_after,btc_log_slope_20d_ann,BTC_TREND_MATURITY,62,-1.33001066544,-0.930224552892,-4.3510794623,1.18854305887,-0.0691318117867,0.633162833716,0.702294645503,0.108582779267,1.75274708323,-0.399753023766
P5E-2025-LATE-DETERIORATION,POST_DELEVERAGING_DETERIORATION,False,2025-10-06,medium_after,btc_log_slope_40d_ann,BTC_TREND_MATURITY,62,-1.43366378244,-1.47301669284,-2.80816321771,-0.106084262337,-0.877328019486,-0.300238757633,0.577089261853,0.447150970233,1.15168286782,-1.12455900976
P5E-2025-LATE-DETERIORATION,POST_DELEVERAGING_DETERIORATION,False,2025-10-06,medium_after,btc_kama_gap,BTC_TREND_MATURITY,62,-0.0190221699149,-0.0122533071196,-0.103247397945,0.0446144476018,-0.0838299893293,0.0244594382418,0.108289427571,0.00489725443393,0.0310249876158,-0.372857370031
P5E-2025-LATE-DETERIORATION,POST_DELEVERAGING_DETERIORATION,False,2025-10-06,medium_after,btc_kama_slope_10d,BTC_TREND_MATURITY,62,-0.0362253204873,-0.0108293100494,-0.162113155047,0.0107723915638,-0.0136984477089,0.00614235360753,0.0198408013165,0.00307386961251,0.0311805414445,-0.300750589145
P5E-2025-LATE-DETERIORATION,POST_DELEVERAGING_DETERIORATION,False,2025-10-06,medium_after,btc_distance_from_90d_high,BTC_TREND_MATURITY,62,-0.264970730471,-0.275507237611,-0.320225152645,-0.149587906292,-0.185798100956,-0.257702544888,-0.0719044439319,-0.0928870693612,0.05234604993,-2.35310240492
P5E-2025-LATE-DETERIORATION,POST_DELEVERAGING_DETERIORATION,False,2025-10-06,medium_after,btc_consolidation_duration_5pct,BTC_TREND_MATURITY,62,0,0,0,0,0,0,0,0,0,
P5E-2025-LATE-DETERIORATION,POST_DELEVERAGING_DETERIORATION,False,2025-10-06,medium_after,btc_rv20_ann,BTC_TREND_MATURITY,62,0.408360946834,0.434954784328,0.220952768473,0.540273390848,0.383677919072,0.220952768473,-0.1627251506,0.568020362277,0.0861967926653,-1.04123947024
P5E-2025-LATE-DETERIORATION,POST_DELEVERAGING_DETERIORATION,False,2025-10-06,medium_after,btc_rv20_to_rv60,BTC_TREND_MATURITY,62,0.952739101605,1.02468469936,0.568544817929,1.15875750847,0.997102107279,0.568544817929,-0.428557289349,0.853314865875,0.132314470942,0.873580707484
P5E-2025-LATE-DETERIORATION,POST_DELEVERAGING_DETERIORATION,False,2025-10-06,medium_after,btc_daily_rsi14,MOMENTUM_EXHAUSTION,62,40.4229842298,41.6285037903,22.7951011842,59.0045656709,32.2355656794,59.0045656709,26.7689999914,52.9481724203,7.9883783977,-0.955764926398
P5E-2025-LATE-DETERIORATION,POST_DELEVERAGING_DETERIORATION,False,2025-10-06,medium_after,btc_daily_rsi28,MOMENTUM_EXHAUSTION,62,40.7032902484,41.8059853536,31.0981267228,49.0394070602,39.2032544682,49.0394070602,9.83615259206,53.0677880593,5.06638089239,-1.49929151032
P5E-2025-LATE-DETERIORATION,POST_DELEVERAGING_DETERIORATION,False,2025-10-06,medium_after,btc_4h_rsi14,MOMENTUM_EXHAUSTION,62,46.9934873597,46.3471838187,27.8623553337,66.8900814006,36.1251407662,66.8900814006,30.7649406344,50.0343365383,7.82885122819,-0.317664797255
P5E-2025-LATE-DETERIORATION,POST_DELEVERAGING_DETERIORATION,False,2025-10-06,medium_after,btc_4h_rsi28,MOMENTUM_EXHAUSTION,62,46.3731505516,46.9854019488,33.4277208361,59.6345423945,40.5573085064,59.6345423945,19.0772338881,50.4558467866,5.23423927681,-0.447205954976
P5E-2025-LATE-DETERIORATION,POST_DELEVERAGING_DETERIORATION,False,2025-10-06,medium_after,btc_price_rsi_rank_divergence_20d,MOMENTUM_EXHAUSTION,62,-0.175,-0.15,-0.5,0,0,0,0,0,0.1,-1.01173613921
P5E-2025-LATE-DETERIORATION,POST_DELEVERAGING_DETERIORATION,False,2025-10-06,medium_after,btc_rsi14_extreme_persistence_14d,MOMENTUM_EXHAUSTION,62,0,0,0,0,0,0,0,0,0,
P5E-2025-LATE-DETERIORATION,POST_DELEVERAGING_DETERIORATION,False,2025-10-06,medium_after,btc_rsi14_failure_from_14d_max,MOMENTUM_EXHAUSTION,62,7.62732625533,5.74694939227,0,22.9115642873,21.8950548942,0,-21.8950548942,7.58473412328,6.02461118476,-0.205750841168
P5E-2025-LATE-DETERIORATION,POST_DELEVERAGING_DETERIORATION,False,2025-10-06,medium_after,eth_btc_log_return_20d,LEADERSHIP_MIGRATION,62,-0.017041692605,-0.0113002143905,-0.105335966051,0.099218229481,-0.105335966051,0.00158712079771,0.106923086848,0.0867974712205,0.0967787816766,-0.683682738347
P5E-2025-LATE-DETERIORATION,POST_DELEVERAGING_DETERIORATION,False,2025-10-06,medium_after,sol_btc_log_return_20d,LEADERSHIP_MIGRATION,62,-0.0595517728418,-0.0499418174215,-0.191145654995,0.0644590249913,-0.136050527431,-0.00911479889253,0.126935728538,0.0528862046757,0.103917022819,-0.667422418759
P5E-2025-LATE-DETERIORATION,POST_DELEVERAGING_DETERIORATION,False,2025-10-06,medium_after,bnb_btc_log_return_20d,LEADERSHIP_MIGRATION,62,-0.00945855730188,-0.00354775984695,-0.136133867522,0.0668157226679,-0.128586660344,-0.0153040403128,0.113282620031,0.0558431983245,0.105726806019,-0.378888325407
P5E-2025-LATE-DETERIORATION,POST_DELEVERAGING_DETERIORATION,False,2025-10-06,medium_after,eth_btc_log_return_40d,LEADERSHIP_MIGRATION,62,-0.0386705233846,-0.0389603704984,-0.125647155498,0.0733843507843,-0.0931240603204,0.0142331463007,0.107357206621,0.1098868465,0.128295939621,-0.782535072702
P5E-2025-LATE-DETERIORATION,POST_DELEVERAGING_DETERIORATION,False,2025-10-06,medium_after,sol_btc_log_return_40d,LEADERSHIP_MIGRATION,62,-0.123283607673,-0.129017951659,-0.268143606114,-0.000783481216092,-0.146457562296,-0.0819635213878,0.0644940409085,0.076412776403,0.14435909389,-0.959836502551
P5E-2025-LATE-DETERIORATION,POST_DELEVERAGING_DETERIORATION,False,2025-10-06,medium_after,bnb_btc_log_return_40d,LEADERSHIP_MIGRATION,62,-0.00541455299952,-0.00840293264576,-0.149775166937,0.0800711706929,0.0615668541889,-0.00912457626098,-0.0706914304499,0.0758123985965,0.146003845999,-0.389047715425
P5E-2025-LATE-DETERIORATION,POST_DELEVERAGING_DETERIORATION,False,2025-10-06,medium_after,brkk_return_dispersion_20d,LEADERSHIP_MIGRATION,62,0.033024172443,0.0314957079308,0.00688277414661,0.0795185954306,0.0545891640772,0.00688277414661,-0.0477063899305,0.0871118885568,0.0274717240831,-1.3654985685
P5E-2025-LATE-DETERIORATION,POST_DELEVERAGING_DETERIORATION,False,2025-10-06,medium_after,alt_outperformance_breadth_20d,BREADTH,62,0.333333333333,0.333333333333,0,1,0,0.333333333333,0.333333333333,0.666666666667,0.333333333333,-0.674490759477
P5E-2025-LATE-DETERIORATION,POST_DELEVERAGING_DETERIORATION,False,2025-10-06,medium_after,canonical5_outperformance_breadth_20d,BREADTH,62,0.370967741935,0.25,0,1,0,0.5,0.5,0.5,0.25,-0.674490759477
P5E-2025-LATE-DETERIORATION,POST_DELEVERAGING_DETERIORATION,False,2025-10-06,medium_after,high_beta_participation_20d,BREADTH,62,0.306451612903,0,0,1,0,0,0,0.5,0.5,-0.674490759477
P5E-2025-LATE-DETERIORATION,POST_DELEVERAGING_DETERIORATION,False,2025-10-06,medium_after,breadth_acceleration_10d,BREADTH,62,-0.00524193548387,0.0125,-0.4,0.575,-0.275,0.325,0.6,0.0125,0.1125,0
P5E-2025-LATE-DETERIORATION,POST_DELEVERAGING_DETERIORATION,False,2025-10-06,medium_after,breadth_contraction_from_10d_max,BREADTH,62,0.302419354839,0.25,0,1,1,0,-1,0,0,
P5C-2021-JAN-FEB-HIGH-VOL,HIGH_VOLATILITY_NON_TOP_CONTROL,False,2021-02-28,early_warning,btc_log_return_20d,BTC_TREND_MATURITY,14,0.1486392872,0.0757061704491,-0.0675169080569,0.388077667765,-0.0675169080569,0.379587294009,0.447104202065,0.0895088842087,0.132691383645,-0.0701613219396
P5C-2021-JAN-FEB-HIGH-VOL,HIGH_VOLATILITY_NON_TOP_CONTROL,False,2021-02-28,early_warning,btc_log_return_40d,BTC_TREND_MATURITY,14,0.390152385042,0.382176457369,0.329182336013,0.473762847723,0.329182336013,0.38802923884,0.0588469028271,0.347072013433,0.0998727764841,0.237077849288
P5C-2021-JAN-FEB-HIGH-VOL,HIGH_VOLATILITY_NON_TOP_CONTROL,False,2021-02-28,early_warning,btc_log_slope_20d_ann,BTC_TREND_MATURITY,14,2.990150902,2.57602152692,-2.78611679625,8.91151139448,-2.65975923619,8.91151139448,11.5712706307,1.43405246584,2.16506091005,0.355762544938
P5C-2021-JAN-FEB-HIGH-VOL,HIGH_VOLATILITY_NON_TOP_CONTROL,False,2021-02-28,early_warning,btc_log_slope_40d_ann,BTC_TREND_MATURITY,14,1.25792820631,1.16077134782,0.669558235505,2.37262473553,2.37262473553,1.54115090867,-0.831473826863,2.2394973342,1.33334300259,-0.545689075055
P5C-2021-JAN-FEB-HIGH-VOL,HIGH_VOLATILITY_NON_TOP_CONTROL,False,2021-02-28,early_warning,btc_kama_gap,BTC_TREND_MATURITY,14,0.0623014961037,0.0692057677593,-0.047616388111,0.182067466299,-0.047616388111,0.0544966970036,0.102113085115,0.0500264608607,0.0417466923959,0.309875214869
P5C-2021-JAN-FEB-HIGH-VOL,HIGH_VOLATILITY_NON_TOP_CONTROL,False,2021-02-28,early_warning,btc_kama_slope_10d,BTC_TREND_MATURITY,14,0.0846489080121,0.0503645662703,-0.0664351001172,0.273763062769,-0.0664351001172,0.273763062769,0.340198162887,0.0289828035595,0.0428528480186,0.33654242452
P5C-2021-JAN-FEB-HIGH-VOL,HIGH_VOLATILITY_NON_TOP_CONTROL,False,2021-02-28,early_warning,btc_distance_from_90d_high,BTC_TREND_MATURITY,14,-0.0605914626181,-0.0393902856342,-0.184556712559,0,-0.184556712559,-0.0170070530218,0.167549659537,-0.0249122840479,0.0249122840479,-0.391986470082
P5C-2021-JAN-FEB-HIGH-VOL,HIGH_VOLATILITY_NON_TOP_CONTROL,False,2021-02-28,early_warning,btc_consolidation_duration_5pct,BTC_TREND_MATURITY,14,2.57142857143,1.5,0,8,0,8,8,2.5,2.5,-0.269796303791
P5C-2021-JAN-FEB-HIGH-VOL,HIGH_VOLATILITY_NON_TOP_CONTROL,False,2021-02-28,early_warning,btc_rv20_ann,BTC_TREND_MATURITY,14,1.03718662609,1.02753945897,0.964621802533,1.22079785638,1.05013172745,1.028950777,-0.0211809504553,0.536399533768,0.195916887306,1.69086670227
P5C-2021-JAN-FEB-HIGH-VOL,HIGH_VOLATILITY_NON_TOP_CONTROL,False,2021-02-28,early_warning,btc_rv20_to_rv60,BTC_TREND_MATURITY,14,1.1315991658,1.1146331941,1.04904427139,1.26817809282,1.20134298262,1.05102918192,-0.150313800699,0.99008418923,0.124549004872,0.674490759477
P5C-2021-JAN-FEB-HIGH-VOL,HIGH_VOLATILITY_NON_TOP_CONTROL,False,2021-02-28,early_warning,btc_daily_rsi14,MOMENTUM_EXHAUSTION,14,64.8373304213,63.8625341859,50.3317620565,75.3171954654,50.3317620565,71.076686212,20.7449241555,61.8858657476,10.55335837,0.126333679714
P5C-2021-JAN-FEB-HIGH-VOL,HIGH_VOLATILITY_NON_TOP_CONTROL,False,2021-02-28,early_warning,btc_daily_rsi28,MOMENTUM_EXHAUSTION,14,63.3843908376,62.2832794934,55.1806594894,69.5447899485,55.1806594894,67.751619757,12.5709602676,60.0410083347,7.54847011662,0.200357311273
P5C-2021-JAN-FEB-HIGH-VOL,HIGH_VOLATILITY_NON_TOP_CONTROL,False,2021-02-28,early_warning,btc_4h_rsi14,MOMENTUM_EXHAUSTION,14,61.2224858629,60.7412060372,48.3602465751,77.0076861795,54.576030912,61.6843906836,7.10835977161,56.2399971272,7.11310128299,0.426821395546
P5C-2021-JAN-FEB-HIGH-VOL,HIGH_VOLATILITY_NON_TOP_CONTROL,False,2021-02-28,early_warning,btc_4h_rsi28,MOMENTUM_EXHAUSTION,14,59.2734226141,59.9251441624,49.3967628917,70.5764043808,52.4667112117,62.7614533908,10.2947421791,54.832052947,5.42577387822,0.633134192295
P5C-2021-JAN-FEB-HIGH-VOL,HIGH_VOLATILITY_NON_TOP_CONTROL,False,2021-02-28,early_warning,btc_price_rsi_rank_divergence_20d,MOMENTUM_EXHAUSTION,14,0.025,0,-0.05,0.1,0,0.1,0.1,0.05,0.175,-0.192711645565
P5C-2021-JAN-FEB-HIGH-VOL,HIGH_VOLATILITY_NON_TOP_CONTROL,False,2021-02-28,early_warning,btc_rsi14_extreme_persistence_14d,MOMENTUM_EXHAUSTION,14,0.0867346938776,0,0,0.357142857143,0,0.357142857143,0.357142857143,0,0,
P5C-2021-JAN-FEB-HIGH-VOL,HIGH_VOLATILITY_NON_TOP_CONTROL,False,2021-02-28,early_warning,btc_rsi14_failure_from_14d_max,MOMENTUM_EXHAUSTION,14,2.56663717357,1.51362945157,0,10.3071938287,10.3071938287,4.24050925338,-6.06668457529,5.81930035139,3.60287467836,-0.806060575108
P5C-2021-JAN-FEB-HIGH-VOL,HIGH_VOLATILITY_NON_TOP_CONTROL,False,2021-02-28,early_warning,eth_btc_log_return_20d,LEADERSHIP_MIGRATION,14,0.153969223292,0.203985064721,-0.114631739224,0.343550925113,0.256057910324,-0.114631739224,-0.370689649548,0.0326272322803,0.0685174948848,1.68685785637
P5C-2021-JAN-FEB-HIGH-VOL,HIGH_VOLATILITY_NON_TOP_CONTROL,False,2021-02-28,early_warning,sol_btc_log_return_20d,LEADERSHIP_MIGRATION,14,0.52130288432,0.514419661941,0.254083539481,0.738698608906,0.38310584597,0.500165489272,0.117059643302,0.097577644935,0.30707181567,0.915603693615
P5C-2021-JAN-FEB-HIGH-VOL,HIGH_VOLATILITY_NON_TOP_CONTROL,False,2021-02-28,early_warning,bnb_btc_log_return_20d,LEADERSHIP_MIGRATION,14,0.478379832597,0.373257422145,0.217178762066,0.832211508064,0.217178762066,0.779861628711,0.562682866645,0.0824493282032,0.0834109434606,2.35157839015
P5C-2021-JAN-FEB-HIGH-VOL,HIGH_VOLATILITY_NON_TOP_CONTROL,False,2021-02-28,early_warning,eth_btc_log_return_40d,LEADERSHIP_MIGRATION,14,0.43334568385,0.44386519478,0.16743942136,0.585279548882,0.394638892649,0.16743942136,-0.227199471289,0.056136721709,0.204038750218,1.28171375287
P5C-2021-JAN-FEB-HIGH-VOL,HIGH_VOLATILITY_NON_TOP_CONTROL,False,2021-02-28,early_warning,sol_btc_log_return_40d,LEADERSHIP_MIGRATION,14,1.06113602463,1.06073787052,0.719548589318,1.26065209889,0.719548589318,0.867705857428,0.148157268111,0.25194929216,0.400474989881,1.36218349773
P5C-2021-JAN-FEB-HIGH-VOL,HIGH_VOLATILITY_NON_TOP_CONTROL,False,2021-02-28,early_warning,bnb_btc_log_return_40d,LEADERSHIP_MIGRATION,14,0.376154706065,0.293297652136,-0.0495348174326,0.837586756415,-0.0495348174326,0.788126999728,0.837661817161,0.0307187168272,0.0984400435606,1.7991363991
P5C-2021-JAN-FEB-HIGH-VOL,HIGH_VOLATILITY_NON_TOP_CONTROL,False,2021-02-28,early_warning,brkk_return_dispersion_20d,LEADERSHIP_MIGRATION,14,0.243627583406,0.224800285079,0.124547955815,0.376176510667,0.137996132338,0.364675717256,0.226679584918,0.121383396571,0.064538834859,1.08080252494
P5C-2021-JAN-FEB-HIGH-VOL,HIGH_VOLATILITY_NON_TOP_CONTROL,False,2021-02-28,early_warning,alt_outperformance_breadth_20d,BREADTH,14,0.904761904762,1,0.666666666667,1,1,0.666666666667,-0.333333333333,0.666666666667,0.333333333333,0.674490759477
P5C-2021-JAN-FEB-HIGH-VOL,HIGH_VOLATILITY_NON_TOP_CONTROL,False,2021-02-28,early_warning,canonical5_outperformance_breadth_20d,BREADTH,14,0.928571428571,1,0.75,1,1,0.75,-0.25,0.75,0.25,0.674490759477
P5C-2021-JAN-FEB-HIGH-VOL,HIGH_VOLATILITY_NON_TOP_CONTROL,False,2021-02-28,early_warning,high_beta_participation_20d,BREADTH,14,1,1,1,1,1,1,0,0.75,0.25,0.674490759477
P5C-2021-JAN-FEB-HIGH-VOL,HIGH_VOLATILITY_NON_TOP_CONTROL,False,2021-02-28,early_warning,breadth_acceleration_10d,BREADTH,14,-0.0446428571429,0,-0.225,0.075,0,-0.15,-0.15,0,0.125,0
P5C-2021-JAN-FEB-HIGH-VOL,HIGH_VOLATILITY_NON_TOP_CONTROL,False,2021-02-28,early_warning,breadth_contraction_from_10d_max,BREADTH,14,0.0714285714286,0,0,0.25,0,0.25,0.25,0,0,
P5C-2021-JAN-FEB-HIGH-VOL,HIGH_VOLATILITY_NON_TOP_CONTROL,False,2021-02-28,target_lead,btc_log_return_20d,BTC_TREND_MATURITY,8,0.460672734071,0.463625751109,0.389099305372,0.537861301958,0.409518163247,0.537861301958,0.128343138711,0.127208351272,0.205904321304,1.10201877299
P5C-2021-JAN-FEB-HIGH-VOL,HIGH_VOLATILITY_NON_TOP_CONTROL,False,2021-02-28,target_lead,btc_log_return_40d,BTC_TREND_MATURITY,8,0.338099253246,0.311486870613,0.219955295366,0.522327146351,0.358291420546,0.522327146351,0.164035725804,0.203062591735,0.253540587619,0.288439712524
P5C-2021-JAN-FEB-HIGH-VOL,HIGH_VOLATILITY_NON_TOP_CONTROL,False,2021-02-28,target_lead,btc_log_slope_20d_ann,BTC_TREND_MATURITY,8,9.07216086309,9.06026314397,8.72881460059,9.29725802724,9.22708730898,8.72881460059,-0.498272708383,2.9833617162,4.06618692936,1.00802396213
P5C-2021-JAN-FEB-HIGH-VOL,HIGH_VOLATILITY_NON_TOP_CONTROL,False,2021-02-28,target_lead,btc_log_slope_40d_ann,BTC_TREND_MATURITY,8,3.28113701723,3.30434206807,1.78687379144,4.74711854279,1.78687379144,4.74711854279,2.96024475135,2.01729961081,2.33461358689,0.37183808462
P5C-2021-JAN-FEB-HIGH-VOL,HIGH_VOLATILITY_NON_TOP_CONTROL,False,2021-02-28,target_lead,btc_kama_gap,BTC_TREND_MATURITY,8,0.0805165335524,0.0805038370821,0.0422092212032,0.131081857574,0.0659987920148,0.0934673594086,0.0274685673938,0.0299726863565,0.0598170839786,0.569783613028
P5C-2021-JAN-FEB-HIGH-VOL,HIGH_VOLATILITY_NON_TOP_CONTROL,False,2021-02-28,target_lead,btc_kama_slope_10d,BTC_TREND_MATURITY,8,0.252222485905,0.252306471987,0.203760886389,0.298664961086,0.292465013707,0.208351629367,-0.0841133843398,0.0883569849308,0.121019937429,0.913753687114
P5C-2021-JAN-FEB-HIGH-VOL,HIGH_VOLATILITY_NON_TOP_CONTROL,False,2021-02-28,target_lead,btc_distance_from_90d_high,BTC_TREND_MATURITY,8,-0.00322054411117,0,-0.0137241731252,0,0,0,0,-0.0858433272357,0.0779198726861,0.74307784378
P5C-2021-JAN-FEB-HIGH-VOL,HIGH_VOLATILITY_NON_TOP_CONTROL,False,2021-02-28,target_lead,btc_consolidation_duration_5pct,BTC_TREND_MATURITY,8,12.5,12.5,9,16,9,16,7,0,0,
P5C-2021-JAN-FEB-HIGH-VOL,HIGH_VOLATILITY_NON_TOP_CONTROL,False,2021-02-28,target_lead,btc_rv20_ann,BTC_TREND_MATURITY,8,0.962226981848,0.945838222565,0.921165434955,1.03515949289,1.02618715593,0.93026601472,-0.0959211412138,0.687091261371,0.0544428981356,3.20560514492
P5C-2021-JAN-FEB-HIGH-VOL,HIGH_VOLATILITY_NON_TOP_CONTROL,False,2021-02-28,target_lead,btc_rv20_to_rv60,BTC_TREND_MATURITY,8,1.0034640559,0.983784829302,0.960360678112,1.08647489951,1.06939539285,0.969922757418,-0.0994726354282,1.06665746709,0.109058167358,-0.512541424051
P5C-2021-JAN-FEB-HIGH-VOL,HIGH_VOLATILITY_NON_TOP_CONTROL,False,2021-02-28,target_lead,btc_daily_rsi14,MOMENTUM_EXHAUSTION,8,75.6019087257,75.2552345,70.6158439122,80.3364453162,73.0725514974,80.3364453162,7.26389381884,60.3120922753,15.7844104579,0.638542147329
P5C-2021-JAN-FEB-HIGH-VOL,HIGH_VOLATILITY_NON_TOP_CONTROL,False,2021-02-28,target_lead,btc_daily_rsi28,MOMENTUM_EXHAUSTION,8,71.0086129762,70.7277157573,67.7272519482,74.3670731327,68.9943627455,74.3670731327,5.37271038715,60.4872774422,11.62490618,0.594162302004
P5C-2021-JAN-FEB-HIGH-VOL,HIGH_VOLATILITY_NON_TOP_CONTROL,False,2021-02-28,target_lead,btc_4h_rsi14,MOMENTUM_EXHAUSTION,8,64.6437221012,63.2274960233,54.6178557493,80.4507542598,57.7898376175,67.3824161212,9.59257850368,55.1266125516,12.4114615945,0.440235906435
P5C-2021-JAN-FEB-HIGH-VOL,HIGH_VOLATILITY_NON_TOP_CONTROL,False,2021-02-28,target_lead,btc_4h_rsi28,MOMENTUM_EXHAUSTION,8,63.918306998,63.0734631703,58.4424595017,72.4536113225,60.587004133,67.0402947138,6.45329058074,58.7882962886,9.80867514322,0.294668283161
P5C-2021-JAN-FEB-HIGH-VOL,HIGH_VOLATILITY_NON_TOP_CONTROL,False,2021-02-28,target_lead,btc_price_rsi_rank_divergence_20d,MOMENTUM_EXHAUSTION,8,0.08125,0.05,0,0.2,0.15,0,-0.15,0,0.075,0.449660506318
P5C-2021-JAN-FEB-HIGH-VOL,HIGH_VOLATILITY_NON_TOP_CONTROL,False,2021-02-28,target_lead,btc_rsi14_extreme_persistence_14d,MOMENTUM_EXHAUSTION,8,0.678571428571,0.678571428571,0.428571428571,0.928571428571,0.428571428571,0.928571428571,0.5,0.214285714286,0.214285714286,1.46139664553
P5C-2021-JAN-FEB-HIGH-VOL,HIGH_VOLATILITY_NON_TOP_CONTROL,False,2021-02-28,target_lead,btc_rsi14_failure_from_14d_max,MOMENTUM_EXHAUSTION,8,1.52383729833,1.18626389511,0,4.70135155311,2.24464396797,0,-2.24464396797,14.4485264679,7.63531949898,-1.17156506107
P5C-2021-JAN-FEB-HIGH-VOL,HIGH_VOLATILITY_NON_TOP_CONTROL,False,2021-02-28,target_lead,eth_btc_log_return_20d,LEADERSHIP_MIGRATION,8,-0.125849682052,-0.121290919805,-0.196363866602,-0.0680860421758,-0.0975225771237,-0.196363866602,-0.0988412894787,-0.0142936558819,0.0789531732529,-0.914069223972
P5C-2021-JAN-FEB-HIGH-VOL,HIGH_VOLATILITY_NON_TOP_CONTROL,False,2021-02-28,target_lead,sol_btc_log_return_20d,LEADERSHIP_MIGRATION,8,0.390142671112,0.366297156872,0.324809236089,0.510243300525,0.446259987621,0.337587571572,-0.108672416049,0.183745627323,0.324317318986,0.379656936587
P5C-2021-JAN-FEB-HIGH-VOL,HIGH_VOLATILITY_NON_TOP_CONTROL,False,2021-02-28,target_lead,bnb_btc_log_return_20d,LEADERSHIP_MIGRATION,8,1.01971641929,1.01050019512,0.677025043845,1.51699558222,0.768397570872,1.20883753158,0.440439960712,0.0652007942535,0.0992768466183,6.42240091764
P5C-2021-JAN-FEB-HIGH-VOL,HIGH_VOLATILITY_NON_TOP_CONTROL,False,2021-02-28,target_lead,eth_btc_log_return_40d,LEADERSHIP_MIGRATION,8,0.125891921762,0.128507168001,0.0617069821048,0.168590868034,0.134818450688,0.088077667985,-0.046740782703,0.0637412692042,0.0588851102576,0.741851379344
P5C-2021-JAN-FEB-HIGH-VOL,HIGH_VOLATILITY_NON_TOP_CONTROL,False,2021-02-28,target_lead,sol_btc_log_return_40d,LEADERSHIP_MIGRATION,8,0.857919038214,0.772887602273,0.591671111053,1.25250655066,1.03507254895,0.591671111053,-0.443401437899,0.276226159194,0.552177671117,0.606677110407
P5C-2021-JAN-FEB-HIGH-VOL,HIGH_VOLATILITY_NON_TOP_CONTROL,False,2021-02-28,target_lead,bnb_btc_log_return_40d,LEADERSHIP_MIGRATION,8,1.19347434845,1.17770953166,0.81993032649,1.67910886805,0.81993032649,1.52127741763,0.701347091141,0.0608554568141,0.0646096128323,11.6593757514
P5C-2021-JAN-FEB-HIGH-VOL,HIGH_VOLATILITY_NON_TOP_CONTROL,False,2021-02-28,target_lead,brkk_return_dispersion_20d,LEADERSHIP_MIGRATION,8,0.44853377309,0.434017439253,0.309932403644,0.65012876596,0.348961249594,0.538085954737,0.189124705143,0.23637770159,0.173514729559,0.768270089219
P5C-2021-JAN-FEB-HIGH-VOL,HIGH_VOLATILITY_NON_TOP_CONTROL,False,2021-02-28,target_lead,alt_outperformance_breadth_20d,BREADTH,8,0.666666666667,0.666666666667,0.666666666667,0.666666666667,0.666666666667,0.666666666667,0,0.666666666667,0,
P5C-2021-JAN-FEB-HIGH-VOL,HIGH_VOLATILITY_NON_TOP_CONTROL,False,2021-02-28,target_lead,canonical5_outperformance_breadth_20d,BREADTH,8,0.65625,0.75,0.5,0.75,0.75,0.5,-0.25,0.5,0,
P5C-2021-JAN-FEB-HIGH-VOL,HIGH_VOLATILITY_NON_TOP_CONTROL,False,2021-02-28,target_lead,high_beta_participation_20d,BREADTH,8,1,1,1,1,1,1,0,0.5,0,
P5C-2021-JAN-FEB-HIGH-VOL,HIGH_VOLATILITY_NON_TOP_CONTROL,False,2021-02-28,target_lead,breadth_acceleration_10d,BREADTH,8,-0.1375,-0.1125,-0.275,-0.05,-0.125,-0.2,-0.075,-0.0875,0.1125,-0.149886835439
P5C-2021-JAN-FEB-HIGH-VOL,HIGH_VOLATILITY_NON_TOP_CONTROL,False,2021-02-28,target_lead,breadth_contraction_from_10d_max,BREADTH,8,0.34375,0.25,0.25,0.5,0.25,0.5,0.25,0.25,0.25,0
P5C-2021-JAN-FEB-HIGH-VOL,HIGH_VOLATILITY_NON_TOP_CONTROL,False,2021-02-28,near_event,btc_log_return_20d,BTC_TREND_MATURITY,7,0.214115842045,0.206520062528,-0.0270850962477,0.422024990509,0.422024990509,-0.0270850962477,-0.449110086757,-0.00123062583392,0.168594126065,0.83114354483
P5C-2021-JAN-FEB-HIGH-VOL,HIGH_VOLATILITY_NON_TOP_CONTROL,False,2021-02-28,near_event,btc_log_return_40d,BTC_TREND_MATURITY,7,0.268155377294,0.255895531974,0.222333403207,0.369701077769,0.369701077769,0.229172401401,-0.140528676367,0.169330707639,0.23902140654,0.244275920533
P5C-2021-JAN-FEB-HIGH-VOL,HIGH_VOLATILITY_NON_TOP_CONTROL,False,2021-02-28,near_event,btc_log_slope_20d_ann,BTC_TREND_MATURITY,7,4.36612745647,4.50467152484,0.521669014017,8.12892265445,8.12892265445,0.521669014017,-7.60725364044,-0.199090262558,2.41663641042,1.31283458558
P5C-2021-JAN-FEB-HIGH-VOL,HIGH_VOLATILITY_NON_TOP_CONTROL,False,2021-02-28,near_event,btc_log_slope_40d_ann,BTC_TREND_MATURITY,7,5.41836457268,5.49033801418,5.08589935495,5.52977171365,5.08589935495,5.44953142061,0.363632065667,2.23747390236,2.78737687575,0.787129578475
P5C-2021-JAN-FEB-HIGH-VOL,HIGH_VOLATILITY_NON_TOP_CONTROL,False,2021-02-28,near_event,btc_kama_gap,BTC_TREND_MATURITY,7,-0.0797515070911,-0.104076598782,-0.124526626378,0.0271224749348,0.0271224749348,-0.124526626378,-0.151649101312,-0.0272962937136,0.0469505050891,-1.10302554105
P5C-2021-JAN-FEB-HIGH-VOL,HIGH_VOLATILITY_NON_TOP_CONTROL,False,2021-02-28,near_event,btc_kama_slope_10d,BTC_TREND_MATURITY,7,0.135691641836,0.142948076342,0.0704842565288,0.190862850188,0.190862850188,0.0704842565288,-0.120378593659,0.0241968715392,0.0549435703312,1.45779733339
P5C-2021-JAN-FEB-HIGH-VOL,HIGH_VOLATILITY_NON_TOP_CONTROL,False,2021-02-28,near_event,btc_distance_from_90d_high,BTC_TREND_MATURITY,7,-0.160783436042,-0.180022599413,-0.213781844766,-0.0578467639936,-0.0578467639936,-0.213781844766,-0.155935080773,-0.147376034667,0.0480115180974,-0.458635909104
P5C-2021-JAN-FEB-HIGH-VOL,HIGH_VOLATILITY_NON_TOP_CONTROL,False,2021-02-28,near_event,btc_consolidation_duration_5pct,BTC_TREND_MATURITY,7,0,0,0,0,0,0,0,0,0,
P5C-2021-JAN-FEB-HIGH-VOL,HIGH_VOLATILITY_NON_TOP_CONTROL,False,2021-02-28,near_event,btc_rv20_ann,BTC_TREND_MATURITY,7,1.05798425851,1.1018331702,0.836115353725,1.13046070322,0.989759719358,0.836115353725,-0.153644365633,0.754724599989,0.0638473157884,3.6668968813
P5C-2021-JAN-FEB-HIGH-VOL,HIGH_VOLATILITY_NON_TOP_CONTROL,False,2021-02-28,near_event,btc_rv20_to_rv60,BTC_TREND_MATURITY,7,1.04957354377,1.08880530432,0.825469174363,1.11269071203,1.01361339279,0.825469174363,-0.188144218431,1.22155517951,0.163055181111,-0.549130444871
P5C-2021-JAN-FEB-HIGH-VOL,HIGH_VOLATILITY_NON_TOP_CONTROL,False,2021-02-28,near_event,btc_daily_rsi14,MOMENTUM_EXHAUSTION,7,54.206282057,51.3856912646,47.3395191507,68.9296704969,68.9296704969,47.3395191507,-21.5901513462,50.6933814377,5.60332262859,0.0833356584831
P5C-2021-JAN-FEB-HIGH-VOL,HIGH_VOLATILITY_NON_TOP_CONTROL,False,2021-02-28,near_event,btc_daily_rsi28,MOMENTUM_EXHAUSTION,7,59.2970410781,57.5407863699,54.9768771167,68.3289892659,68.3289892659,54.9768771167,-13.3521121493,54.8202975858,8.18573032011,0.224163816101
P5C-2021-JAN-FEB-HIGH-VOL,HIGH_VOLATILITY_NON_TOP_CONTROL,False,2021-02-28,near_event,btc_4h_rsi14,MOMENTUM_EXHAUSTION,7,45.6279464913,41.1341495045,37.4652883115,67.8943896397,67.8943896397,40.927598051,-26.9667915887,46.8785090792,6.3841789324,-0.606893618318
P5C-2021-JAN-FEB-HIGH-VOL,HIGH_VOLATILITY_NON_TOP_CONTROL,False,2021-02-28,near_event,btc_4h_rsi28,MOMENTUM_EXHAUSTION,7,49.2819152283,45.4789331195,42.9521418455,67.6424481438,67.6424481438,43.6081611301,-24.0342870137,49.3431828804,4.13598836667,-0.63017603653
P5C-2021-JAN-FEB-HIGH-VOL,HIGH_VOLATILITY_NON_TOP_CONTROL,False,2021-02-28,near_event,btc_price_rsi_rank_divergence_20d,MOMENTUM_EXHAUSTION,7,0.314285714286,0.25,0.05,0.6,0.55,0.05,-0.5,0.1,0.225,0.449660506318
P5C-2021-JAN-FEB-HIGH-VOL,HIGH_VOLATILITY_NON_TOP_CONTROL,False,2021-02-28,near_event,btc_rsi14_extreme_persistence_14d,MOMENTUM_EXHAUSTION,7,0.69387755102,0.714285714286,0.5,0.857142857143,0.857142857143,0.5,-0.357142857143,0.25,0.25,1.25262569617
P5C-2021-JAN-FEB-HIGH-VOL,HIGH_VOLATILITY_NON_TOP_CONTROL,False,2021-02-28,near_event,btc_rsi14_failure_from_14d_max,MOMENTUM_EXHAUSTION,7,26.1301632593,28.9507540516,11.4067748193,32.9969261656,11.4067748193,32.9969261656,21.5901513462,17.8733175829,6.65443911858,1.12280365087
P5C-2021-JAN-FEB-HIGH-VOL,HIGH_VOLATILITY_NON_TOP_CONTROL,False,2021-02-28,near_event,eth_btc_log_return_20d,LEADERSHIP_MIGRATION,7,-0.282891822759,-0.279098546692,-0.355149490513,-0.182537162273,-0.26011939702,-0.182537162273,0.0775822347468,-0.110640207395,0.054164303556,-2.0977578544
P5C-2021-JAN-FEB-HIGH-VOL,HIGH_VOLATILITY_NON_TOP_CONTROL,False,2021-02-28,near_event,sol_btc_log_return_20d,LEADERSHIP_MIGRATION,7,0.598450140345,0.59152488938,0.505187748437,0.714904375319,0.59152488938,0.537684087078,-0.053840802302,0.34766624348,0.226772711877,0.725309504466
P5C-2021-JAN-FEB-HIGH-VOL,HIGH_VOLATILITY_NON_TOP_CONTROL,False,2021-02-28,near_event,bnb_btc_log_return_20d,LEADERSHIP_MIGRATION,7,1.09744273866,1.0376084159,0.946898207004,1.23518468887,1.23518468887,0.995218137953,-0.239966550914,0.0675905142324,0.167583887986,3.90412299812
P5C-2021-JAN-FEB-HIGH-VOL,HIGH_VOLATILITY_NON_TOP_CONTROL,False,2021-02-28,near_event,eth_btc_log_return_40d,LEADERSHIP_MIGRATION,7,-0.0449564101341,-0.0803601736385,-0.190511291502,0.0834315280931,0.0834315280931,-0.190511291502,-0.273942819595,-0.0214054356725,0.0615482875744,-0.646068762472
P5C-2021-JAN-FEB-HIGH-VOL,HIGH_VOLATILITY_NON_TOP_CONTROL,False,2021-02-28,near_event,sol_btc_log_return_40d,LEADERSHIP_MIGRATION,7,1.13199425334,1.05370240372,1.01186586514,1.36362634437,1.03919917867,1.05370240372,0.0145032250512,0.64209414506,0.635898975972,0.436588164918
P5C-2021-JAN-FEB-HIGH-VOL,HIGH_VOLATILITY_NON_TOP_CONTROL,False,2021-02-28,near_event,bnb_btc_log_return_40d,LEADERSHIP_MIGRATION,7,1.43297441191,1.4263894316,1.31974945664,1.52781285714,1.52781285714,1.36888173261,-0.158931124532,0.132765280694,0.0959608630181,9.09263952597
P5C-2021-JAN-FEB-HIGH-VOL,HIGH_VOLATILITY_NON_TOP_CONTROL,False,2021-02-28,near_event,brkk_return_dispersion_20d,LEADERSHIP_MIGRATION,7,0.535680620474,0.527095650776,0.46287462788,0.603555277041,0.576561751266,0.46287462788,-0.113687123387,0.172971471338,0.0903395002381,2.64395404124
P5C-2021-JAN-FEB-HIGH-VOL,HIGH_VOLATILITY_NON_TOP_CONTROL,False,2021-02-28,near_event,alt_outperformance_breadth_20d,BREADTH,7,0.666666666667,0.666666666667,0.666666666667,0.666666666667,0.666666666667,0.666666666667,0,0.666666666667,0,
P5C-2021-JAN-FEB-HIGH-VOL,HIGH_VOLATILITY_NON_TOP_CONTROL,False,2021-02-28,near_event,canonical5_outperformance_breadth_20d,BREADTH,7,0.5,0.5,0.5,0.5,0.5,0.5,0,0.5,0,
P5C-2021-JAN-FEB-HIGH-VOL,HIGH_VOLATILITY_NON_TOP_CONTROL,False,2021-02-28,near_event,high_beta_participation_20d,BREADTH,7,1,1,1,1,1,1,0,0.75,0.25,0.674490759477
P5C-2021-JAN-FEB-HIGH-VOL,HIGH_VOLATILITY_NON_TOP_CONTROL,False,2021-02-28,near_event,breadth_acceleration_10d,BREADTH,7,-0.075,-0.075,-0.15,0,-0.15,0,0.15,-0.05,0.1,-0.168622689869
P5C-2021-JAN-FEB-HIGH-VOL,HIGH_VOLATILITY_NON_TOP_CONTROL,False,2021-02-28,near_event,breadth_contraction_from_10d_max,BREADTH,7,0.214285714286,0.25,0,0.25,0.25,0,-0.25,0.25,0,
P5C-2021-JAN-FEB-HIGH-VOL,HIGH_VOLATILITY_NON_TOP_CONTROL,False,2021-02-28,immediate_after,btc_log_return_20d,BTC_TREND_MATURITY,28,0.0944205953128,0.0771264456345,0.00624689146658,0.252532284331,0.0659898589708,0.0629402688892,-0.00304959008166,0.030811960361,0.0548090158419,0.569955359845
P5C-2021-JAN-FEB-HIGH-VOL,HIGH_VOLATILITY_NON_TOP_CONTROL,False,2021-02-28,immediate_after,btc_log_return_40d,BTC_TREND_MATURITY,28,0.356934792616,0.411854601881,0.0841572303755,0.601625172281,0.335091941385,0.126832827374,-0.208259114011,0.124671650333,0.190324491526,1.01774735109
P5C-2021-JAN-FEB-HIGH-VOL,HIGH_VOLATILITY_NON_TOP_CONTROL,False,2021-02-28,immediate_after,btc_log_slope_20d_ann,BTC_TREND_MATURITY,28,1.43134812956,0.645321130526,-1.92858505068,5.36886086042,0.197321422599,-1.23702142724,-1.43434284984,-0.150748273839,1.16952819145,0.459109460609
P5C-2021-JAN-FEB-HIGH-VOL,HIGH_VOLATILITY_NON_TOP_CONTROL,False,2021-02-28,immediate_after,btc_log_slope_40d_ann,BTC_TREND_MATURITY,28,2.93718670908,2.7400635154,1.16923628463,5.47038025067,5.47038025067,1.16923628463,-4.30114396603,0.608473348638,1.76847769853,0.812980492581
P5C-2021-JAN-FEB-HIGH-VOL,HIGH_VOLATILITY_NON_TOP_CONTROL,False,2021-02-28,immediate_after,btc_kama_gap,BTC_TREND_MATURITY,28,0.00293091887429,0.00385908812925,-0.0771423888838,0.0982629451755,-0.0357827993695,0.00346046903839,0.0392432684079,-0.00296688050057,0.0418720142699,0.109955368653
P5C-2021-JAN-FEB-HIGH-VOL,HIGH_VOLATILITY_NON_TOP_CONTROL,False,2021-02-28,immediate_after,btc_kama_slope_10d,BTC_TREND_MATURITY,28,0.029644252673,0.0149841344103,-0.0317974594999,0.111162303891,0.0404682657656,-0.0191484523666,-0.0596167181323,-0.00695931786662,0.0168686692778,0.877405060709
P5C-2021-JAN-FEB-HIGH-VOL,HIGH_VOLATILITY_NON_TOP_CONTROL,False,2021-02-28,immediate_after,btc_distance_from_90d_high,BTC_TREND_MATURITY,28,-0.0864932225465,-0.0881050310361,-0.161707310815,0,-0.136243421496,-0.0884278864013,0.0478155350948,-0.101066258204,0.0709078066022,0.123290063181
P5C-2021-JAN-FEB-HIGH-VOL,HIGH_VOLATILITY_NON_TOP_CONTROL,False,2021-02-28,immediate_after,btc_consolidation_duration_5pct,BTC_TREND_MATURITY,28,0.785714285714,0,0,6,0,0,0,0,0,
P5C-2021-JAN-FEB-HIGH-VOL,HIGH_VOLATILITY_NON_TOP_CONTROL,False,2021-02-28,immediate_after,btc_rv20_ann,BTC_TREND_MATURITY,28,0.801003132797,0.809892681882,0.629124072044,0.930344692037,0.930344692037,0.702720211277,-0.227624480759,0.772658942566,0.0844444382598,0.29740044018
P5C-2021-JAN-FEB-HIGH-VOL,HIGH_VOLATILITY_NON_TOP_CONTROL,False,2021-02-28,immediate_after,btc_rv20_to_rv60,BTC_TREND_MATURITY,28,0.835025364534,0.839934560378,0.66699568568,0.924941693475,0.89885976167,0.80592029922,-0.0929394624502,0.992525843703,0.190855286022,-0.539264134228
P5C-2021-JAN-FEB-HIGH-VOL,HIGH_VOLATILITY_NON_TOP_CONTROL,False,2021-02-28,immediate_after,btc_daily_rsi14,MOMENTUM_EXHAUSTION,28,58.1078365238,57.9527354682,44.1122061617,72.7075634244,56.4012131192,54.350989947,-2.05022317214,53.5120305559,7.15707444265,0.41849703435
P5C-2021-JAN-FEB-HIGH-VOL,HIGH_VOLATILITY_NON_TOP_CONTROL,False,2021-02-28,immediate_after,btc_daily_rsi28,MOMENTUM_EXHAUSTION,28,59.8635220298,59.8307973391,52.4084878391,67.8294319524,59.4254159115,57.0049399162,-2.4204759953,56.3301172701,5.57727733544,0.423356454486
P5C-2021-JAN-FEB-HIGH-VOL,HIGH_VOLATILITY_NON_TOP_CONTROL,False,2021-02-28,immediate_after,btc_4h_rsi14,MOMENTUM_EXHAUSTION,28,53.4149218335,52.5635964904,30.567674821,75.9365221194,42.7070499923,57.9438790866,15.2368290943,52.7692500142,8.13008519699,-0.0170614942036
P5C-2021-JAN-FEB-HIGH-VOL,HIGH_VOLATILITY_NON_TOP_CONTROL,False,2021-02-28,immediate_after,btc_4h_rsi28,MOMENTUM_EXHAUSTION,28,52.7655226614,52.4238889154,39.2465435735,68.6352580012,43.6780342935,52.1626958309,8.48466153741,52.0125321308,6.39397492151,0.043393406056
P5C-2021-JAN-FEB-HIGH-VOL,HIGH_VOLATILITY_NON_TOP_CONTROL,False,2021-02-28,immediate_after,btc_price_rsi_rank_divergence_20d,MOMENTUM_EXHAUSTION,28,0.158928571429,0.15,0,0.35,0.35,0.1,-0.25,0.05,0.1,0.674490759477
P5C-2021-JAN-FEB-HIGH-VOL,HIGH_VOLATILITY_NON_TOP_CONTROL,False,2021-02-28,immediate_after,btc_rsi14_extreme_persistence_14d,MOMENTUM_EXHAUSTION,28,0.0892857142857,0.0714285714286,0,0.428571428571,0.428571428571,0,-0.428571428571,0,0,
P5C-2021-JAN-FEB-HIGH-VOL,HIGH_VOLATILITY_NON_TOP_CONTROL,False,2021-02-28,immediate_after,btc_rsi14_failure_from_14d_max,MOMENTUM_EXHAUSTION,28,14.3314845622,12.7964422309,0,28.5953572627,23.9352321971,8.67279639547,-15.2624358016,6.94489455209,5.6201863123,0.702256939305
P5C-2021-JAN-FEB-HIGH-VOL,HIGH_VOLATILITY_NON_TOP_CONTROL,False,2021-02-28,immediate_after,eth_btc_log_return_20d,LEADERSHIP_MIGRATION,28,-0.0804559578684,-0.0601791028426,-0.23568259672,0.0125731112795,-0.185491315885,-0.14603470137,0.0394566145154,-0.085881691542,0.0378690216043,0.457792618819
P5C-2021-JAN-FEB-HIGH-VOL,HIGH_VOLATILITY_NON_TOP_CONTROL,False,2021-02-28,immediate_after,sol_btc_log_return_20d,LEADERSHIP_MIGRATION,28,0.128399870966,0.152430513719,-0.365945833758,0.586905373736,0.586905373736,0.220732763593,-0.366172610143,-0.0620372189436,0.110845596434,1.30502706955
P5C-2021-JAN-FEB-HIGH-VOL,HIGH_VOLATILITY_NON_TOP_CONTROL,False,2021-02-28,immediate_after,bnb_btc_log_return_20d,LEADERSHIP_MIGRATION,28,0.158715838726,0.0012095530744,-0.171343656114,0.799065676709,0.799065676709,0.046704409921,-0.752361266788,0.00901998919944,0.0632752468535,-0.0832563641517
P5C-2021-JAN-FEB-HIGH-VOL,HIGH_VOLATILITY_NON_TOP_CONTROL,False,2021-02-28,immediate_after,eth_btc_log_return_40d,LEADERSHIP_MIGRATION,28,-0.232774265263,-0.218079323684,-0.371917884417,-0.153380774597,-0.204005455531,-0.181605813506,0.0223996420253,-0.172566786877,0.067232408721,-0.45659208261
P5C-2021-JAN-FEB-HIGH-VOL,HIGH_VOLATILITY_NON_TOP_CONTROL,False,2021-02-28,immediate_after,sol_btc_log_return_40d,LEADERSHIP_MIGRATION,28,0.607482875897,0.555377507262,0.289849705936,1.08859665002,1.05918185367,0.650836248115,-0.408345605555,0.241830897569,0.403147478085,0.524582943957
P5C-2021-JAN-FEB-HIGH-VOL,HIGH_VOLATILITY_NON_TOP_CONTROL,False,2021-02-28,immediate_after,bnb_btc_log_return_40d,LEADERSHIP_MIGRATION,28,1.02319888714,1.11548366408,0.477961402813,1.45401302871,1.45401302871,0.596802408107,-0.857210620602,0.166415815495,0.180070281421,3.55493137975
P5C-2021-JAN-FEB-HIGH-VOL,HIGH_VOLATILITY_NON_TOP_CONTROL,False,2021-02-28,immediate_after,brkk_return_dispersion_20d,LEADERSHIP_MIGRATION,28,0.152536394214,0.137360176629,0.00644804545519,0.405303282559,0.405303282559,0.130906215258,-0.2743970673,0.0789295421886,0.0299218332181,1.31712929194
P5C-2021-JAN-FEB-HIGH-VOL,HIGH_VOLATILITY_NON_TOP_CONTROL,False,2021-02-28,immediate_after,alt_outperformance_breadth_20d,BREADTH,28,0.380952380952,0.5,0,0.666666666667,0.666666666667,0.666666666667,0,0.333333333333,0.333333333333,0.337245379738
P5C-2021-JAN-FEB-HIGH-VOL,HIGH_VOLATILITY_NON_TOP_CONTROL,False,2021-02-28,immediate_after,canonical5_outperformance_breadth_20d,BREADTH,28,0.348214285714,0.5,0,0.75,0.5,0.75,0.25,0.25,0.25,0.674490759477
P5C-2021-JAN-FEB-HIGH-VOL,HIGH_VOLATILITY_NON_TOP_CONTROL,False,2021-02-28,immediate_after,high_beta_participation_20d,BREADTH,28,0.553571428571,0.75,0,1,1,1,0,0.5,0.5,0.337245379738
P5C-2021-JAN-FEB-HIGH-VOL,HIGH_VOLATILITY_NON_TOP_CONTROL,False,2021-02-28,immediate_after,breadth_acceleration_10d,BREADTH,28,0.00446428571429,0,-0.4,0.525,0,0.375,0.375,-0.05,0.075,0.449660506318
P5C-2021-JAN-FEB-HIGH-VOL,HIGH_VOLATILITY_NON_TOP_CONTROL,False,2021-02-28,immediate_after,breadth_contraction_from_10d_max,BREADTH,28,0.178571428571,0,0,0.5,0,0,0,0.25,0.25,-0.674490759477
P5C-2021-JAN-FEB-HIGH-VOL,HIGH_VOLATILITY_NON_TOP_CONTROL,False,2021-02-28,medium_after,btc_log_return_20d,BTC_TREND_MATURITY,62,-0.0933781865855,-0.040439395775,-0.520584311943,0.204922641762,0.0489071996462,-0.520584311943,-0.569491511589,0.000755527703618,0.085095390214,-0.326522919206
P5C-2021-JAN-FEB-HIGH-VOL,HIGH_VOLATILITY_NON_TOP_CONTROL,False,2021-02-28,medium_after,btc_log_return_40d,BTC_TREND_MATURITY,62,-0.0648040308992,-0.00628243442234,-0.606771081998,0.273255971505,0.100594988629,-0.474776551941,-0.575371540569,0.0435747491473,0.130631889362,-0.257427262021
P5C-2021-JAN-FEB-HIGH-VOL,HIGH_VOLATILITY_NON_TOP_CONTROL,False,2021-02-28,medium_after,btc_log_slope_20d_ann,BTC_TREND_MATURITY,62,-1.90861314924,-0.677238928245,-10.6222003814,2.46970145722,-1.26290954073,-8.64756449994,-7.38465495921,0.108582779267,1.75274708323,-0.302399293876
P5C-2021-JAN-FEB-HIGH-VOL,HIGH_VOLATILITY_NON_TOP_CONTROL,False,2021-02-28,medium_after,btc_log_slope_40d_ann,BTC_TREND_MATURITY,62,-0.416167170634,-0.282577215577,-4.43385653912,2.00592910122,1.24688049153,-4.43385653912,-5.68073703065,0.447150970233,1.15168286782,-0.427370183245
P5C-2021-JAN-FEB-HIGH-VOL,HIGH_VOLATILITY_NON_TOP_CONTROL,False,2021-02-28,medium_after,btc_kama_gap,BTC_TREND_MATURITY,62,-0.00285079206864,0.0165983176005,-0.149646373497,0.102106462197,0.0366284280447,-0.112891424235,-0.14951985228,0.00489725443393,0.0310249876158,0.254383952691
P5C-2021-JAN-FEB-HIGH-VOL,HIGH_VOLATILITY_NON_TOP_CONTROL,False,2021-02-28,medium_after,btc_kama_slope_10d,BTC_TREND_MATURITY,62,-0.0484765875173,-0.00355675190453,-0.264243248179,0.0352679190739,-0.0195872150816,-0.0959035799716,-0.07631636489,0.00307386961251,0.0311805414445,-0.143432177109
P5C-2021-JAN-FEB-HIGH-VOL,HIGH_VOLATILITY_NON_TOP_CONTROL,False,2021-02-28,medium_after,btc_distance_from_90d_high,BTC_TREND_MATURITY,62,-0.166036276382,-0.114874636256,-0.455679905623,0,-0.0580652636881,-0.455679905623,-0.397614641935,-0.0928870693612,0.05234604993,-0.283314800525
P5C-2021-JAN-FEB-HIGH-VOL,HIGH_VOLATILITY_NON_TOP_CONTROL,False,2021-02-28,medium_after,btc_consolidation_duration_5pct,BTC_TREND_MATURITY,62,0.790322580645,0,0,8,0,0,0,0,0,
P5C-2021-JAN-FEB-HIGH-VOL,HIGH_VOLATILITY_NON_TOP_CONTROL,False,2021-02-28,medium_after,btc_rv20_ann,BTC_TREND_MATURITY,62,0.777563611532,0.712964502106,0.438007240126,1.31717468784,0.688385303736,1.25803638134,0.569651077609,0.568020362277,0.0861967926653,1.13418933503
P5C-2021-JAN-FEB-HIGH-VOL,HIGH_VOLATILITY_NON_TOP_CONTROL,False,2021-02-28,medium_after,btc_rv20_to_rv60,BTC_TREND_MATURITY,62,1.02583624326,1.0709399811,0.622755889986,1.40466385139,0.81162030432,1.35120891804,0.539588613716,0.853314865875,0.132314470942,1.10937320915
P5C-2021-JAN-FEB-HIGH-VOL,HIGH_VOLATILITY_NON_TOP_CONTROL,False,2021-02-28,medium_after,btc_daily_rsi14,MOMENTUM_EXHAUSTION,62,46.5079659746,48.5354266505,22.588790837,67.5011200243,58.2530202434,31.7315622859,-26.5214579575,52.9481724203,7.9883783977,-0.37258578619
P5C-2021-JAN-FEB-HIGH-VOL,HIGH_VOLATILITY_NON_TOP_CONTROL,False,2021-02-28,medium_after,btc_daily_rsi28,MOMENTUM_EXHAUSTION,62,49.8757726904,51.5571628851,33.5229114777,62.913357158,58.8332538637,36.5397131744,-22.2935406893,53.0677880593,5.06638089239,-0.201110564463
P5C-2021-JAN-FEB-HIGH-VOL,HIGH_VOLATILITY_NON_TOP_CONTROL,False,2021-02-28,medium_after,btc_4h_rsi14,MOMENTUM_EXHAUSTION,62,48.4113568337,49.7967976034,24.8054599697,74.503832988,55.0492942003,41.1716256488,-13.8776685515,50.0343365383,7.82885122819,-0.0204650480498
P5C-2021-JAN-FEB-HIGH-VOL,HIGH_VOLATILITY_NON_TOP_CONTROL,False,2021-02-28,medium_after,btc_4h_rsi28,MOMENTUM_EXHAUSTION,62,48.2736153532,49.3468069999,32.7189320024,66.5955920879,51.6635404749,43.4610321542,-8.20250832061,50.4558467866,5.23423927681,-0.142912283622
P5C-2021-JAN-FEB-HIGH-VOL,HIGH_VOLATILITY_NON_TOP_CONTROL,False,2021-02-28,medium_after,btc_price_rsi_rank_divergence_20d,MOMENTUM_EXHAUSTION,62,0.0233870967742,0,-0.3,0.7,0.2,-0.3,-0.5,0,0.1,0
P5C-2021-JAN-FEB-HIGH-VOL,HIGH_VOLATILITY_NON_TOP_CONTROL,False,2021-02-28,medium_after,btc_rsi14_extreme_persistence_14d,MOMENTUM_EXHAUSTION,62,0,0,0,0,0,0,0,0,0,
P5C-2021-JAN-FEB-HIGH-VOL,HIGH_VOLATILITY_NON_TOP_CONTROL,False,2021-02-28,medium_after,btc_rsi14_failure_from_14d_max,MOMENTUM_EXHAUSTION,62,11.9160713296,6.16874378809,0,36.9778338436,4.77076609911,5.90569678953,1.13493069042,7.58473412328,6.02461118476,-0.158528470519
P5C-2021-JAN-FEB-HIGH-VOL,HIGH_VOLATILITY_NON_TOP_CONTROL,False,2021-02-28,medium_after,eth_btc_log_return_20d,LEADERSHIP_MIGRATION,62,0.265027534083,0.247858536068,-0.0780746344373,0.614498376598,-0.0780746344373,-0.0228918289486,0.0551828054887,0.0867974712205,0.0967787816766,1.12250018102
P5C-2021-JAN-FEB-HIGH-VOL,HIGH_VOLATILITY_NON_TOP_CONTROL,False,2021-02-28,medium_after,sol_btc_log_return_20d,LEADERSHIP_MIGRATION,62,0.398348025726,0.479008960063,-0.126015708017,0.911020901941,0.195658989815,0.039027624445,-0.15663136537,0.0528862046757,0.103917022819,2.76582077812
P5C-2021-JAN-FEB-HIGH-VOL,HIGH_VOLATILITY_NON_TOP_CONTROL,False,2021-02-28,medium_after,bnb_btc_log_return_20d,LEADERSHIP_MIGRATION,62,0.248235811552,0.258342402663,-0.452398524413,0.751616535183,-0.111921761853,-0.253845502054,-0.1419237402,0.0558431983245,0.105726806019,1.29185631602
P5C-2021-JAN-FEB-HIGH-VOL,HIGH_VOLATILITY_NON_TOP_CONTROL,False,2021-02-28,medium_after,eth_btc_log_return_40d,LEADERSHIP_MIGRATION,62,0.414225323328,0.463792534929,-0.183101504243,0.82965249522,-0.118672074585,0.527772604741,0.646444679326,0.1098868465,0.128295939621,1.86058979946
P5C-2021-JAN-FEB-HIGH-VOL,HIGH_VOLATILITY_NON_TOP_CONTROL,False,2021-02-28,medium_after,sol_btc_log_return_40d,LEADERSHIP_MIGRATION,62,0.75639537726,0.75258646593,0.116939471464,1.39390620716,0.732751687804,0.33581184881,-0.396939838994,0.076412776403,0.14435909389,3.15929459723
P5C-2021-JAN-FEB-HIGH-VOL,HIGH_VOLATILITY_NON_TOP_CONTROL,False,2021-02-28,medium_after,bnb_btc_log_return_40d,LEADERSHIP_MIGRATION,62,0.512458783292,0.600234433648,-0.219440746984,0.920728786012,0.409360203622,-0.0274206874295,-0.436780891052,0.0758123985965,0.146003845999,2.42266095312
P5C-2021-JAN-FEB-HIGH-VOL,HIGH_VOLATILITY_NON_TOP_CONTROL,False,2021-02-28,medium_after,brkk_return_dispersion_20d,LEADERSHIP_MIGRATION,62,0.202076541254,0.204111978005,0.0677819795266,0.332833355732,0.119264992111,0.11440963035,-0.00485536176083,0.0871118885568,0.0274717240831,2.87260744728
P5C-2021-JAN-FEB-HIGH-VOL,HIGH_VOLATILITY_NON_TOP_CONTROL,False,2021-02-28,medium_after,alt_outperformance_breadth_20d,BREADTH,62,0.903225806452,1,0.333333333333,1,0.333333333333,0.333333333333,0,0.666666666667,0.333333333333,0.674490759477
P5C-2021-JAN-FEB-HIGH-VOL,HIGH_VOLATILITY_NON_TOP_CONTROL,False,2021-02-28,medium_after,canonical5_outperformance_breadth_20d,BREADTH,62,0.883064516129,1,0.25,1,0.5,0.25,-0.25,0.5,0.25,1.34898151895
P5C-2021-JAN-FEB-HIGH-VOL,HIGH_VOLATILITY_NON_TOP_CONTROL,False,2021-02-28,medium_after,high_beta_participation_20d,BREADTH,62,0.879032258065,1,0,1,0.5,0.5,0,0.5,0.5,0.674490759477
P5C-2021-JAN-FEB-HIGH-VOL,HIGH_VOLATILITY_NON_TOP_CONTROL,False,2021-02-28,medium_after,breadth_acceleration_10d,BREADTH,62,-0.00887096774194,0,-0.5,0.425,0.075,-0.2,-0.275,0.0125,0.1125,-0.0749434177196
P5C-2021-JAN-FEB-HIGH-VOL,HIGH_VOLATILITY_NON_TOP_CONTROL,False,2021-02-28,medium_after,breadth_contraction_from_10d_max,BREADTH,62,0.100806451613,0,0,0.75,0.25,0.5,0.25,0,0,
P5C-2021-SEP-HIGH-VOL,HIGH_VOLATILITY_NON_TOP_CONTROL,False,2021-09-21,early_warning,btc_log_return_20d,BTC_TREND_MATURITY,14,0.0933229864974,0.0920749466951,0.0298155024431,0.182451489275,0.182451489275,0.164047317846,-0.0184041714296,0.0895088842087,0.132691383645,0.0130436912164
P5C-2021-SEP-HIGH-VOL,HIGH_VOLATILITY_NON_TOP_CONTROL,False,2021-09-21,early_warning,btc_log_return_40d,BTC_TREND_MATURITY,14,0.379214574308,0.378571881141,0.271323849744,0.492886358601,0.402407531748,0.274561876741,-0.127845655007,0.347072013433,0.0998727764841,0.212734345049
P5C-2021-SEP-HIGH-VOL,HIGH_VOLATILITY_NON_TOP_CONTROL,False,2021-09-21,early_warning,btc_log_slope_20d_ann,BTC_TREND_MATURITY,14,1.44660529475,1.38108183791,0.805848108568,2.47270109679,2.47270109679,1.38049282036,-1.09220827644,1.43405246584,2.16506091005,-0.0165021680904
P5C-2021-SEP-HIGH-VOL,HIGH_VOLATILITY_NON_TOP_CONTROL,False,2021-09-21,early_warning,btc_log_slope_40d_ann,BTC_TREND_MATURITY,14,3.24581160049,3.12849951865,2.234590982,4.55437912556,4.55437912556,2.24440368639,-2.30997543918,2.2394973342,1.33334300259,0.449714557625
P5C-2021-SEP-HIGH-VOL,HIGH_VOLATILITY_NON_TOP_CONTROL,False,2021-09-21,early_warning,btc_kama_gap,BTC_TREND_MATURITY,14,0.0629852906865,0.0660124060919,0.0200898409443,0.10270866522,0.0508582372053,0.10270866522,0.051850428015,0.0500264608607,0.0417466923959,0.258280877386
P5C-2021-SEP-HIGH-VOL,HIGH_VOLATILITY_NON_TOP_CONTROL,False,2021-09-21,early_warning,btc_kama_slope_10d,BTC_TREND_MATURITY,14,0.0302808012357,0.0314304256389,0.0172467991709,0.0441743896557,0.0363578664238,0.0441743896557,0.00781652323194,0.0289828035595,0.0428528480186,0.0385248251077
P5C-2021-SEP-HIGH-VOL,HIGH_VOLATILITY_NON_TOP_CONTROL,False,2021-09-21,early_warning,btc_distance_from_90d_high,BTC_TREND_MATURITY,14,-0.0181944414911,-0.0112048471524,-0.0534459782355,0,-0.0366716947353,0,0.0366716947353,-0.0249122840479,0.0249122840479,0.371123719701
P5C-2021-SEP-HIGH-VOL,HIGH_VOLATILITY_NON_TOP_CONTROL,False,2021-09-21,early_warning,btc_consolidation_duration_5pct,BTC_TREND_MATURITY,14,3.35714285714,3,0,7,6,7,1,2.5,2.5,0.134898151895
P5C-2021-SEP-HIGH-VOL,HIGH_VOLATILITY_NON_TOP_CONTROL,False,2021-09-21,early_warning,btc_rv20_ann,BTC_TREND_MATURITY,14,0.598031380434,0.623296668861,0.529337452139,0.648745259347,0.626859397396,0.529337452139,-0.0975219452564,0.536399533768,0.195916887306,0.299164178502
P5C-2021-SEP-HIGH-VOL,HIGH_VOLATILITY_NON_TOP_CONTROL,False,2021-09-21,early_warning,btc_rv20_to_rv60,BTC_TREND_MATURITY,14,0.986805103355,1.012113688,0.898900510112,1.05068839574,1.01346301732,0.898900510112,-0.114562507204,0.99008418923,0.124549004872,0.119299976517
P5C-2021-SEP-HIGH-VOL,HIGH_VOLATILITY_NON_TOP_CONTROL,False,2021-09-21,early_warning,btc_daily_rsi14,MOMENTUM_EXHAUSTION,14,60.5930769582,60.6864288318,53.6732528371,68.5666990207,60.6815223731,68.5666990207,7.88517664753,61.8858657476,10.55335837,-0.0766589258053
P5C-2021-SEP-HIGH-VOL,HIGH_VOLATILITY_NON_TOP_CONTROL,False,2021-09-21,early_warning,btc_daily_rsi28,MOMENTUM_EXHAUSTION,14,59.4400835101,59.4587369306,56.1195089675,63.4292676313,59.3588385028,63.4292676313,4.07042912854,60.0410083347,7.54847011662,-0.0520286462716
P5C-2021-SEP-HIGH-VOL,HIGH_VOLATILITY_NON_TOP_CONTROL,False,2021-09-21,early_warning,btc_4h_rsi14,MOMENTUM_EXHAUSTION,14,53.7356069817,57.1234555323,38.7411712191,72.8898236237,57.9613976495,72.8898236237,14.9284259742,56.2399971272,7.11310128299,0.083772816793
P5C-2021-SEP-HIGH-VOL,HIGH_VOLATILITY_NON_TOP_CONTROL,False,2021-09-21,early_warning,btc_4h_rsi28,MOMENTUM_EXHAUSTION,14,53.5627735931,54.4738458819,45.2192026117,63.9484109803,58.0622534903,63.9484109803,5.88615749009,54.832052947,5.42577387822,-0.0445295658882
P5C-2021-SEP-HIGH-VOL,HIGH_VOLATILITY_NON_TOP_CONTROL,False,2021-09-21,early_warning,btc_price_rsi_rank_divergence_20d,MOMENTUM_EXHAUSTION,14,0.425,0.425,0.05,0.6,0.6,0.05,-0.55,0.05,0.175,1.44533734174
P5C-2021-SEP-HIGH-VOL,HIGH_VOLATILITY_NON_TOP_CONTROL,False,2021-09-21,early_warning,btc_rsi14_extreme_persistence_14d,MOMENTUM_EXHAUSTION,14,0.015306122449,0,0,0.0714285714286,0.0714285714286,0,-0.0714285714286,0,0,
P5C-2021-SEP-HIGH-VOL,HIGH_VOLATILITY_NON_TOP_CONTROL,False,2021-09-21,early_warning,btc_rsi14_failure_from_14d_max,MOMENTUM_EXHAUSTION,14,8.86048818076,8.7773845875,0,15.55060701,10.5141285119,0,-10.5141285119,5.81930035139,3.60287467836,0.553780150888
P5C-2021-SEP-HIGH-VOL,HIGH_VOLATILITY_NON_TOP_CONTROL,False,2021-09-21,early_warning,eth_btc_log_return_20d,LEADERSHIP_MIGRATION,14,0.0345741835299,0.0223364217157,-0.060953487296,0.133489131962,-0.0309120278249,0.101258543024,0.132170570849,0.0326272322803,0.0685174948848,-0.101303421046
P5C-2021-SEP-HIGH-VOL,HIGH_VOLATILITY_NON_TOP_CONTROL,False,2021-09-21,early_warning,sol_btc_log_return_20d,LEADERSHIP_MIGRATION,14,0.801156650715,0.833243339214,0.474813952178,1.13857459535,0.496714175643,0.776356560514,0.279642384871,0.097577644935,0.30707181567,1.61590770476
P5C-2021-SEP-HIGH-VOL,HIGH_VOLATILITY_NON_TOP_CONTROL,False,2021-09-21,early_warning,bnb_btc_log_return_20d,LEADERSHIP_MIGRATION,14,0.16465139639,0.151886720213,0.0467757490806,0.250024549497,0.160278358444,0.0467757490806,-0.113502609364,0.0824493282032,0.0834109434606,0.561495618317
P5C-2021-SEP-HIGH-VOL,HIGH_VOLATILITY_NON_TOP_CONTROL,False,2021-09-21,early_warning,eth_btc_log_return_40d,LEADERSHIP_MIGRATION,14,0.164699355028,0.133654311162,0.0913724091319,0.269777784979,0.0994496754778,0.259954977514,0.160505302036,0.056136721709,0.204038750218,0.256249843362
P5C-2021-SEP-HIGH-VOL,HIGH_VOLATILITY_NON_TOP_CONTROL,False,2021-09-21,early_warning,sol_btc_log_return_40d,LEADERSHIP_MIGRATION,14,0.989529256531,0.984836693639,0.502106294059,1.49891488576,0.502106294059,1.49891488576,0.9968085917,0.25194929216,0.400474989881,1.23434869224
P5C-2021-SEP-HIGH-VOL,HIGH_VOLATILITY_NON_TOP_CONTROL,False,2021-09-21,early_warning,bnb_btc_log_return_40d,LEADERSHIP_MIGRATION,14,0.105796475159,0.0958414059155,-0.00232420944297,0.205102899299,-0.00232420944297,0.183459802267,0.18578401171,0.0307187168272,0.0984400435606,0.44620715751
P5C-2021-SEP-HIGH-VOL,HIGH_VOLATILITY_NON_TOP_CONTROL,False,2021-09-21,early_warning,brkk_return_dispersion_20d,LEADERSHIP_MIGRATION,14,0.328673380165,0.34753607874,0.20709346674,0.46031456387,0.209389277337,0.316838350026,0.10744907269,0.121383396571,0.064538834859,2.36350554959
P5C-2021-SEP-HIGH-VOL,HIGH_VOLATILITY_NON_TOP_CONTROL,False,2021-09-21,early_warning,alt_outperformance_breadth_20d,BREADTH,14,0.833333333333,0.833333333333,0.666666666667,1,0.666666666667,1,0.333333333333,0.666666666667,0.333333333333,0.337245379738
P5C-2021-SEP-HIGH-VOL,HIGH_VOLATILITY_NON_TOP_CONTROL,False,2021-09-21,early_warning,canonical5_outperformance_breadth_20d,BREADTH,14,0.821428571429,0.75,0.75,1,0.75,1,0.25,0.75,0.25,0
P5C-2021-SEP-HIGH-VOL,HIGH_VOLATILITY_NON_TOP_CONTROL,False,2021-09-21,early_warning,high_beta_participation_20d,BREADTH,14,1,1,1,1,1,1,0,0.75,0.25,0.674490759477
P5C-2021-SEP-HIGH-VOL,HIGH_VOLATILITY_NON_TOP_CONTROL,False,2021-09-21,early_warning,breadth_acceleration_10d,BREADTH,14,-0.0285714285714,-0.075,-0.2,0.2,-0.2,0.15,0.35,0,0.125,-0.404694455686
P5C-2021-SEP-HIGH-VOL,HIGH_VOLATILITY_NON_TOP_CONTROL,False,2021-09-21,early_warning,breadth_contraction_from_10d_max,BREADTH,14,0.178571428571,0.25,0,0.25,0.25,0,-0.25,0,0,
P5C-2021-SEP-HIGH-VOL,HIGH_VOLATILITY_NON_TOP_CONTROL,False,2021-09-21,target_lead,btc_log_return_20d,BTC_TREND_MATURITY,8,-0.0463438412458,-0.0601134604712,-0.0861756226929,0.0471521895804,0.0471521895804,-0.038758102923,-0.0859102925034,0.127208351272,0.205904321304,-0.613619132755
P5C-2021-SEP-HIGH-VOL,HIGH_VOLATILITY_NON_TOP_CONTROL,False,2021-09-21,target_lead,btc_log_return_40d,BTC_TREND_MATURITY,8,0.13386066337,0.132857689028,0.0871199052701,0.186169888105,0.157952659452,0.142305763946,-0.0156468955054,0.203062591735,0.253540587619,-0.186765198387
P5C-2021-SEP-HIGH-VOL,HIGH_VOLATILITY_NON_TOP_CONTROL,False,2021-09-21,target_lead,btc_log_slope_20d_ann,BTC_TREND_MATURITY,8,-0.474892757959,-0.615473621843,-1.2440679652,0.682042867894,0.682042867894,-1.2072919596,-1.8893348275,2.9833617162,4.06618692936,-0.596967434738
P5C-2021-SEP-HIGH-VOL,HIGH_VOLATILITY_NON_TOP_CONTROL,False,2021-09-21,target_lead,btc_log_slope_40d_ann,BTC_TREND_MATURITY,8,1.3574938855,1.41709213883,0.503613757284,2.07948751969,2.07948751969,0.503613757284,-1.5758737624,2.01729961081,2.33461358689,-0.173405310368
P5C-2021-SEP-HIGH-VOL,HIGH_VOLATILITY_NON_TOP_CONTROL,False,2021-09-21,target_lead,btc_kama_gap,BTC_TREND_MATURITY,8,-0.0330032539062,-0.0316627963129,-0.0577539291255,-0.00176119721297,-0.0182983924678,-0.00176119721297,0.0165371952548,0.0299726863565,0.0598170839786,-0.694994820062
P5C-2021-SEP-HIGH-VOL,HIGH_VOLATILITY_NON_TOP_CONTROL,False,2021-09-21,target_lead,btc_kama_slope_10d,BTC_TREND_MATURITY,8,0.0298807981039,0.0311714202018,0.0187116572291,0.039136570047,0.039136570047,0.0187116572291,-0.0204249128179,0.0883569849308,0.121019937429,-0.318717194905
P5C-2021-SEP-HIGH-VOL,HIGH_VOLATILITY_NON_TOP_CONTROL,False,2021-09-21,target_lead,btc_distance_from_90d_high,BTC_TREND_MATURITY,8,-0.127938516707,-0.125838097824,-0.148355704762,-0.105430475145,-0.110135595731,-0.105430475145,0.00470512058545,-0.0858433272357,0.0779198726861,-0.346203121994
P5C-2021-SEP-HIGH-VOL,HIGH_VOLATILITY_NON_TOP_CONTROL,False,2021-09-21,target_lead,btc_consolidation_duration_5pct,BTC_TREND_MATURITY,8,0,0,0,0,0,0,0,0,0,
P5C-2021-SEP-HIGH-VOL,HIGH_VOLATILITY_NON_TOP_CONTROL,False,2021-09-21,target_lead,btc_rv20_ann,BTC_TREND_MATURITY,8,0.713325716647,0.705738811499,0.691048180095,0.751980753735,0.751980753735,0.720059958348,-0.0319207953873,0.687091261371,0.0544428981356,0.231023708851
P5C-2021-SEP-HIGH-VOL,HIGH_VOLATILITY_NON_TOP_CONTROL,False,2021-09-21,target_lead,btc_rv20_to_rv60,BTC_TREND_MATURITY,8,1.07775230593,1.06773492054,1.0440100437,1.13624079297,1.13624079297,1.08254713073,-0.0536936622474,1.06665746709,0.109058167358,0.00666371359525
P5C-2021-SEP-HIGH-VOL,HIGH_VOLATILITY_NON_TOP_CONTROL,False,2021-09-21,target_lead,btc_daily_rsi14,MOMENTUM_EXHAUSTION,8,46.2479914193,46.4828530538,43.0477231552,50.8029948373,48.0895409226,50.8029948373,2.71345391472,60.3120922753,15.7844104579,-0.590943455908
P5C-2021-SEP-HIGH-VOL,HIGH_VOLATILITY_NON_TOP_CONTROL,False,2021-09-21,target_lead,btc_daily_rsi28,MOMENTUM_EXHAUSTION,8,51.6216911484,51.8228230458,50.0258957462,53.2473029363,53.1070985767,53.2473029363,0.140204359621,60.4872774422,11.62490618,-0.502721857347
P5C-2021-SEP-HIGH-VOL,HIGH_VOLATILITY_NON_TOP_CONTROL,False,2021-09-21,target_lead,btc_4h_rsi14,MOMENTUM_EXHAUSTION,8,42.3093670026,38.4418932407,29.7773829861,74.1660402614,74.1660402614,42.734692799,-31.4313474624,55.1266125516,12.4114615945,-0.906717465465
P5C-2021-SEP-HIGH-VOL,HIGH_VOLATILITY_NON_TOP_CONTROL,False,2021-09-21,target_lead,btc_4h_rsi28,MOMENTUM_EXHAUSTION,8,44.1702236633,41.2510125508,38.1824317971,66.0052047234,66.0052047234,42.3974734355,-23.6077312879,58.7882962886,9.80867514322,-1.2059463337
P5C-2021-SEP-HIGH-VOL,HIGH_VOLATILITY_NON_TOP_CONTROL,False,2021-09-21,target_lead,btc_price_rsi_rank_divergence_20d,MOMENTUM_EXHAUSTION,8,0.025,0,-0.05,0.15,0.1,0.15,0.05,0,0.075,0
P5C-2021-SEP-HIGH-VOL,HIGH_VOLATILITY_NON_TOP_CONTROL,False,2021-09-21,target_lead,btc_rsi14_extreme_persistence_14d,MOMENTUM_EXHAUSTION,8,0,0,0,0,0,0,0,0.214285714286,0.214285714286,-0.674490759477
P5C-2021-SEP-HIGH-VOL,HIGH_VOLATILITY_NON_TOP_CONTROL,False,2021-09-21,target_lead,btc_rsi14_failure_from_14d_max,MOMENTUM_EXHAUSTION,8,22.3187076013,22.0838459669,17.7637041833,25.5189758655,20.477158098,17.7637041833,-2.71345391472,14.4485264679,7.63531949898,0.674490759477
P5C-2021-SEP-HIGH-VOL,HIGH_VOLATILITY_NON_TOP_CONTROL,False,2021-09-21,target_lead,eth_btc_log_return_20d,LEADERSHIP_MIGRATION,8,0.0955302723366,0.0961881386498,0.0803042139226,0.109651590595,0.0832889809991,0.101078978499,0.0177899974998,-0.0142936558819,0.0789531732529,0.943837295345
P5C-2021-SEP-HIGH-VOL,HIGH_VOLATILITY_NON_TOP_CONTROL,False,2021-09-21,target_lead,sol_btc_log_return_20d,LEADERSHIP_MIGRATION,8,0.921307838467,0.934126245406,0.822962521544,0.986412377625,0.822962521544,0.830616254534,0.00765373299024,0.183745627323,0.324317318986,1.56058515336
P5C-2021-SEP-HIGH-VOL,HIGH_VOLATILITY_NON_TOP_CONTROL,False,2021-09-21,target_lead,bnb_btc_log_return_20d,LEADERSHIP_MIGRATION,8,-0.0556827713138,-0.0248781099728,-0.155619380368,0.00820955603344,0.00820955603344,-0.155619380368,-0.163828936402,0.0652007942535,0.0992768466183,-0.611999580909
P5C-2021-SEP-HIGH-VOL,HIGH_VOLATILITY_NON_TOP_CONTROL,False,2021-09-21,target_lead,eth_btc_log_return_40d,LEADERSHIP_MIGRATION,8,0.136110340978,0.114100191183,0.0523151974072,0.264460456361,0.207612450012,0.0523151974072,-0.155297252605,0.0637412692042,0.0588851102576,0.576828800745
P5C-2021-SEP-HIGH-VOL,HIGH_VOLATILITY_NON_TOP_CONTROL,False,2021-09-21,target_lead,sol_btc_log_return_40d,LEADERSHIP_MIGRATION,8,1.50398683213,1.53035400553,1.30543020671,1.68852056843,1.55645510486,1.30543020671,-0.251024898147,0.276226159194,0.552177671117,1.53193018805
P5C-2021-SEP-HIGH-VOL,HIGH_VOLATILITY_NON_TOP_CONTROL,False,2021-09-21,target_lead,bnb_btc_log_return_40d,LEADERSHIP_MIGRATION,8,0.0899616290641,0.0679827932518,0.0523586690783,0.164807447472,0.12020560695,0.0615049973003,-0.0587006096498,0.0608554568141,0.0646096128323,0.0744056860292
P5C-2021-SEP-HIGH-VOL,HIGH_VOLATILITY_NON_TOP_CONTROL,False,2021-09-21,target_lead,brkk_return_dispersion_20d,LEADERSHIP_MIGRATION,8,0.397608732363,0.407407372109,0.344678112925,0.417869955008,0.344678112925,0.378742749589,0.0340646366637,0.23637770159,0.173514729559,0.664830776354
P5C-2021-SEP-HIGH-VOL,HIGH_VOLATILITY_NON_TOP_CONTROL,False,2021-09-21,target_lead,alt_outperformance_breadth_20d,BREADTH,8,0.708333333333,0.666666666667,0.666666666667,1,1,0.666666666667,-0.333333333333,0.666666666667,0,
P5C-2021-SEP-HIGH-VOL,HIGH_VOLATILITY_NON_TOP_CONTROL,False,2021-09-21,target_lead,canonical5_outperformance_breadth_20d,BREADTH,8,0.53125,0.5,0.5,0.75,0.75,0.5,-0.25,0.5,0,
P5C-2021-SEP-HIGH-VOL,HIGH_VOLATILITY_NON_TOP_CONTROL,False,2021-09-21,target_lead,high_beta_participation_20d,BREADTH,8,0.5625,0.5,0.5,1,1,0.5,-0.5,0.5,0,
P5C-2021-SEP-HIGH-VOL,HIGH_VOLATILITY_NON_TOP_CONTROL,False,2021-09-21,target_lead,breadth_acceleration_10d,BREADTH,8,-0.19375,-0.175,-0.325,-0.1,-0.1,-0.1,0,-0.0875,0.1125,-0.524603924037
P5C-2021-SEP-HIGH-VOL,HIGH_VOLATILITY_NON_TOP_CONTROL,False,2021-09-21,target_lead,breadth_contraction_from_10d_max,BREADTH,8,0.46875,0.5,0.25,0.5,0.25,0.5,0.25,0.25,0.25,0.674490759477
P5C-2021-SEP-HIGH-VOL,HIGH_VOLATILITY_NON_TOP_CONTROL,False,2021-09-21,near_event,btc_log_return_20d,BTC_TREND_MATURITY,7,-0.0442406811347,-0.0275218563401,-0.180873410077,0.0269070354154,0.0269070354154,-0.180873410077,-0.207780445492,-0.00123062583392,0.168594126065,-0.105182739432
P5C-2021-SEP-HIGH-VOL,HIGH_VOLATILITY_NON_TOP_CONTROL,False,2021-09-21,near_event,btc_log_return_40d,BTC_TREND_MATURITY,7,0.0283213081503,0.0431462640318,-0.0861444933417,0.116328012071,0.116328012071,-0.0861444933417,-0.202472505413,0.169330707639,0.23902140654,-0.356077902957
P5C-2021-SEP-HIGH-VOL,HIGH_VOLATILITY_NON_TOP_CONTROL,False,2021-09-21,near_event,btc_log_slope_20d_ann,BTC_TREND_MATURITY,7,-1.36628877679,-1.17135673304,-2.33142314995,-0.919849539134,-1.29485369428,-2.33142314995,-1.03656945567,-0.199090262558,2.41663641042,-0.271362604346
P5C-2021-SEP-HIGH-VOL,HIGH_VOLATILITY_NON_TOP_CONTROL,False,2021-09-21,near_event,btc_log_slope_40d_ann,BTC_TREND_MATURITY,7,0.122376974573,0.201538317527,-0.358364397003,0.39634064445,0.39634064445,-0.358364397003,-0.754705041453,2.23747390236,2.78737687575,-0.492656644607
P5C-2021-SEP-HIGH-VOL,HIGH_VOLATILITY_NON_TOP_CONTROL,False,2021-09-21,near_event,btc_kama_gap,BTC_TREND_MATURITY,7,-0.0244037739372,0.000560923511541,-0.129904798749,0.0205694684913,0.0187389542598,-0.129904798749,-0.148643753009,-0.0272962937136,0.0469505050891,0.400196665987
P5C-2021-SEP-HIGH-VOL,HIGH_VOLATILITY_NON_TOP_CONTROL,False,2021-09-21,near_event,btc_kama_slope_10d,BTC_TREND_MATURITY,7,-0.00776671737712,-0.00802480671859,-0.0136954353931,0.00227214203306,0.00227214203306,-0.0136954353931,-0.0159675774261,0.0241968715392,0.0549435703312,-0.395555369057
P5C-2021-SEP-HIGH-VOL,HIGH_VOLATILITY_NON_TOP_CONTROL,False,2021-09-21,near_event,btc_distance_from_90d_high,BTC_TREND_MATURITY,7,-0.125332804553,-0.101851932728,-0.226521772979,-0.0830010690435,-0.0862543412091,-0.226521772979,-0.14026743177,-0.147376034667,0.0480115180974,0.639546244486
P5C-2021-SEP-HIGH-VOL,HIGH_VOLATILITY_NON_TOP_CONTROL,False,2021-09-21,near_event,btc_consolidation_duration_5pct,BTC_TREND_MATURITY,7,0,0,0,0,0,0,0,0,0,
P5C-2021-SEP-HIGH-VOL,HIGH_VOLATILITY_NON_TOP_CONTROL,False,2021-09-21,near_event,btc_rv20_ann,BTC_TREND_MATURITY,7,0.706361720537,0.678146749523,0.665235262246,0.782533194683,0.699935748059,0.782533194683,0.0825974466245,0.754724599989,0.0638473157884,-0.808977666198
P5C-2021-SEP-HIGH-VOL,HIGH_VOLATILITY_NON_TOP_CONTROL,False,2021-09-21,near_event,btc_rv20_to_rv60,BTC_TREND_MATURITY,7,1.06049611662,1.04630710647,1.00524767967,1.13870222433,1.05084000421,1.13185891492,0.0810189107037,1.22155517951,0.163055181111,-0.724927629278
P5C-2021-SEP-HIGH-VOL,HIGH_VOLATILITY_NON_TOP_CONTROL,False,2021-09-21,near_event,btc_daily_rsi14,MOMENTUM_EXHAUSTION,7,47.8656531523,50.9613424077,34.497488136,54.0711974858,53.6597792551,34.497488136,-19.1622911191,50.6933814377,5.60332262859,0.0322553617095
P5C-2021-SEP-HIGH-VOL,HIGH_VOLATILITY_NON_TOP_CONTROL,False,2021-09-21,near_event,btc_daily_rsi28,MOMENTUM_EXHAUSTION,7,51.3963408444,53.2748582224,43.6454390497,54.7130019399,54.6361033574,43.6454390497,-10.9906643077,54.8202975858,8.18573032011,-0.127341670096
P5C-2021-SEP-HIGH-VOL,HIGH_VOLATILITY_NON_TOP_CONTROL,False,2021-09-21,near_event,btc_4h_rsi14,MOMENTUM_EXHAUSTION,7,51.9625034814,57.190271452,22.1957240087,66.8631429251,61.4265865892,22.1957240087,-39.2308625805,46.8785090792,6.3841789324,1.08944133741
P5C-2021-SEP-HIGH-VOL,HIGH_VOLATILITY_NON_TOP_CONTROL,False,2021-09-21,near_event,btc_4h_rsi28,MOMENTUM_EXHAUSTION,7,50.2449636972,52.5435848074,33.5828739559,56.478493007,52.5435848074,33.5828739559,-18.9607108515,49.3431828804,4.13598836667,0.521916730661
P5C-2021-SEP-HIGH-VOL,HIGH_VOLATILITY_NON_TOP_CONTROL,False,2021-09-21,near_event,btc_price_rsi_rank_divergence_20d,MOMENTUM_EXHAUSTION,7,0.0571428571429,0.1,0,0.1,0.1,0,-0.1,0.1,0.225,-4.16019539482e-17
P5C-2021-SEP-HIGH-VOL,HIGH_VOLATILITY_NON_TOP_CONTROL,False,2021-09-21,near_event,btc_rsi14_extreme_persistence_14d,MOMENTUM_EXHAUSTION,7,0,0,0,0,0,0,0,0.25,0.25,-0.674490759477
P5C-2021-SEP-HIGH-VOL,HIGH_VOLATILITY_NON_TOP_CONTROL,False,2021-09-21,near_event,btc_rsi14_failure_from_14d_max,MOMENTUM_EXHAUSTION,7,16.5594740013,16.1519228464,14.4955015349,19.5737093498,14.9069197656,19.5737093498,4.66678958418,17.8733175829,6.65443911858,-0.1744797454
P5C-2021-SEP-HIGH-VOL,HIGH_VOLATILITY_NON_TOP_CONTROL,False,2021-09-21,near_event,eth_btc_log_return_20d,LEADERSHIP_MIGRATION,7,0.0322908358869,0.0735344419341,-0.143794681731,0.128577479477,0.128577479477,-0.143794681731,-0.272372161208,-0.110640207395,0.054164303556,2.29346803977
P5C-2021-SEP-HIGH-VOL,HIGH_VOLATILITY_NON_TOP_CONTROL,False,2021-09-21,near_event,sol_btc_log_return_20d,LEADERSHIP_MIGRATION,7,0.466932696712,0.460905592629,0.294718791849,0.724254661547,0.724254661547,0.296576784963,-0.427677876584,0.34766624348,0.226772711877,0.336808137002
P5C-2021-SEP-HIGH-VOL,HIGH_VOLATILITY_NON_TOP_CONTROL,False,2021-09-21,near_event,bnb_btc_log_return_20d,LEADERSHIP_MIGRATION,7,-0.141897756371,-0.145508252182,-0.170502968378,-0.124635885396,-0.129923047394,-0.170502968378,-0.0405799209847,0.0675905142324,0.167583887986,-0.857678805103
P5C-2021-SEP-HIGH-VOL,HIGH_VOLATILITY_NON_TOP_CONTROL,False,2021-09-21,near_event,eth_btc_log_return_40d,LEADERSHIP_MIGRATION,7,0.0360337075394,0.0403203905865,-0.0103055497696,0.10655959104,0.10655959104,-0.0103055497696,-0.11686514081,-0.0214054356725,0.0615482875744,0.676436357102
P5C-2021-SEP-HIGH-VOL,HIGH_VOLATILITY_NON_TOP_CONTROL,False,2021-09-21,near_event,sol_btc_log_return_40d,LEADERSHIP_MIGRATION,7,1.28230776782,1.28166506269,1.19270525598,1.43361010267,1.27432117937,1.19270525598,-0.0816159233912,0.64209414506,0.635898975972,0.678385545934
P5C-2021-SEP-HIGH-VOL,HIGH_VOLATILITY_NON_TOP_CONTROL,False,2021-09-21,near_event,bnb_btc_log_return_40d,LEADERSHIP_MIGRATION,7,0.0626619451679,0.0966287854591,-0.0270078863961,0.114525453349,0.114525453349,-0.0270078863961,-0.141533339745,0.132765280694,0.0959608630181,-0.253996591415
P5C-2021-SEP-HIGH-VOL,HIGH_VOLATILITY_NON_TOP_CONTROL,False,2021-09-21,near_event,brkk_return_dispersion_20d,LEADERSHIP_MIGRATION,7,0.230063609451,0.224152707773,0.163377061014,0.326843843384,0.326843843384,0.185490872305,-0.141352971079,0.172971471338,0.0903395002381,0.382128204636
P5C-2021-SEP-HIGH-VOL,HIGH_VOLATILITY_NON_TOP_CONTROL,False,2021-09-21,near_event,alt_outperformance_breadth_20d,BREADTH,7,0.571428571429,0.666666666667,0.333333333333,0.666666666667,0.666666666667,0.333333333333,-0.333333333333,0.666666666667,0,
P5C-2021-SEP-HIGH-VOL,HIGH_VOLATILITY_NON_TOP_CONTROL,False,2021-09-21,near_event,canonical5_outperformance_breadth_20d,BREADTH,7,0.464285714286,0.5,0.25,0.75,0.75,0.25,-0.5,0.5,0,
P5C-2021-SEP-HIGH-VOL,HIGH_VOLATILITY_NON_TOP_CONTROL,False,2021-09-21,near_event,high_beta_participation_20d,BREADTH,7,0.5,0.5,0.5,0.5,0.5,0.5,0,0.75,0.25,-0.674490759477
P5C-2021-SEP-HIGH-VOL,HIGH_VOLATILITY_NON_TOP_CONTROL,False,2021-09-21,near_event,breadth_acceleration_10d,BREADTH,7,-0.0642857142857,-0.025,-0.25,0.15,0.15,-0.225,-0.375,-0.05,0.1,0.168622689869
P5C-2021-SEP-HIGH-VOL,HIGH_VOLATILITY_NON_TOP_CONTROL,False,2021-09-21,near_event,breadth_contraction_from_10d_max,BREADTH,7,0.321428571429,0.25,0.25,0.5,0.25,0.5,0.25,0.25,0,
P5C-2021-SEP-HIGH-VOL,HIGH_VOLATILITY_NON_TOP_CONTROL,False,2021-09-21,immediate_after,btc_log_return_20d,BTC_TREND_MATURITY,28,0.107085526559,0.0904088382973,-0.19899521852,0.436979403024,-0.123078177307,0.436979403024,0.560057580331,0.030811960361,0.0548090158419,0.733411152239
P5C-2021-SEP-HIGH-VOL,HIGH_VOLATILITY_NON_TOP_CONTROL,False,2021-09-21,immediate_after,btc_log_return_40d,BTC_TREND_MATURITY,28,0.0586985796057,0.0947670137547,-0.172101441749,0.326063007054,-0.0932626748635,0.326063007054,0.419325681917,0.124671650333,0.190324491526,-0.105979009194
P5C-2021-SEP-HIGH-VOL,HIGH_VOLATILITY_NON_TOP_CONTROL,False,2021-09-21,immediate_after,btc_log_slope_20d_ann,BTC_TREND_MATURITY,28,2.17798691366,1.59034963723,-2.48197074147,7.45210241991,-2.48197074147,6.18839000519,8.67036074666,-0.150748273839,1.16952819145,1.00412667342
P5C-2021-SEP-HIGH-VOL,HIGH_VOLATILITY_NON_TOP_CONTROL,False,2021-09-21,immediate_after,btc_log_slope_40d_ann,BTC_TREND_MATURITY,28,0.0983693232496,-0.496690584101,-1.52158832749,3.29273439473,-0.458803804969,3.29273439473,3.7515381997,0.608473348638,1.76847769853,-0.421505377737
P5C-2021-SEP-HIGH-VOL,HIGH_VOLATILITY_NON_TOP_CONTROL,False,2021-09-21,immediate_after,btc_kama_gap,BTC_TREND_MATURITY,28,0.0223654778309,0.0508280359304,-0.0943034304831,0.126601555753,-0.0683269221152,0.0779323231887,0.146259245304,-0.00296688050057,0.0418720142699,0.866549524119
P5C-2021-SEP-HIGH-VOL,HIGH_VOLATILITY_NON_TOP_CONTROL,False,2021-09-21,immediate_after,btc_kama_slope_10d,BTC_TREND_MATURITY,28,0.066142842493,0.043088568526,-0.0489563372629,0.198969379781,-0.0140304741866,0.142672111201,0.156702585387,-0.00695931786662,0.0168686692778,2.00115589127
P5C-2021-SEP-HIGH-VOL,HIGH_VOLATILITY_NON_TOP_CONTROL,False,2021-09-21,immediate_after,btc_distance_from_90d_high,BTC_TREND_MATURITY,28,-0.076725234514,-0.0266553296715,-0.220974139781,0,-0.173179160677,0,0.173179160677,-0.101066258204,0.0709078066022,0.707813231067
P5C-2021-SEP-HIGH-VOL,HIGH_VOLATILITY_NON_TOP_CONTROL,False,2021-09-21,immediate_after,btc_consolidation_duration_5pct,BTC_TREND_MATURITY,28,4.28571428571,1.5,0,15,0,15,15,0,0,
P5C-2021-SEP-HIGH-VOL,HIGH_VOLATILITY_NON_TOP_CONTROL,False,2021-09-21,immediate_after,btc_rv20_ann,BTC_TREND_MATURITY,28,0.775476818247,0.787793747037,0.646937889967,0.891282178334,0.844483790902,0.648894547683,-0.195589243219,0.772658942566,0.0844444382598,0.120887603404
P5C-2021-SEP-HIGH-VOL,HIGH_VOLATILITY_NON_TOP_CONTROL,False,2021-09-21,immediate_after,btc_rv20_to_rv60,BTC_TREND_MATURITY,28,1.08636049529,1.10267876029,0.900339745803,1.23076993178,1.19276906614,0.910695495569,-0.282073570576,0.992525843703,0.190855286022,0.389285127558
P5C-2021-SEP-HIGH-VOL,HIGH_VOLATILITY_NON_TOP_CONTROL,False,2021-09-21,immediate_after,btc_daily_rsi14,MOMENTUM_EXHAUSTION,28,59.388497707,65.1923665817,38.6913433393,76.2672969694,43.2384473091,76.2672969694,33.0288496603,53.5120305559,7.15707444265,1.10076802751
P5C-2021-SEP-HIGH-VOL,HIGH_VOLATILITY_NON_TOP_CONTROL,False,2021-09-21,immediate_after,btc_daily_rsi28,MOMENTUM_EXHAUSTION,28,56.7112507021,59.2484298955,44.7722187548,68.1016329764,47.8370612329,68.1016329764,20.2645717434,56.3301172701,5.57727733544,0.352927563165
P5C-2021-SEP-HIGH-VOL,HIGH_VOLATILITY_NON_TOP_CONTROL,False,2021-09-21,immediate_after,btc_4h_rsi14,MOMENTUM_EXHAUSTION,28,58.0041199884,59.8003015759,18.8947700405,85.5059750131,18.8947700405,60.8759706386,41.9812005981,52.7692500142,8.13008519699,0.583312375315
P5C-2021-SEP-HIGH-VOL,HIGH_VOLATILITY_NON_TOP_CONTROL,False,2021-09-21,immediate_after,btc_4h_rsi28,MOMENTUM_EXHAUSTION,28,56.8182050935,60.9135360741,29.0266773672,75.5294384773,29.0266773672,61.9736170827,32.9469397155,52.0125321308,6.39397492151,0.938953465342
P5C-2021-SEP-HIGH-VOL,HIGH_VOLATILITY_NON_TOP_CONTROL,False,2021-09-21,immediate_after,btc_price_rsi_rank_divergence_20d,MOMENTUM_EXHAUSTION,28,-0.0214285714286,0,-0.2,0.15,-0.05,0,0.05,0.05,0.1,-0.337245379738
P5C-2021-SEP-HIGH-VOL,HIGH_VOLATILITY_NON_TOP_CONTROL,False,2021-09-21,immediate_after,btc_rsi14_extreme_persistence_14d,MOMENTUM_EXHAUSTION,28,0.0969387755102,0.0357142857143,0,0.5,0,0.5,0.5,0,0,
P5C-2021-SEP-HIGH-VOL,HIGH_VOLATILITY_NON_TOP_CONTROL,False,2021-09-21,immediate_after,btc_rsi14_failure_from_14d_max,MOMENTUM_EXHAUSTION,28,4.81671686716,2.87220538868,0,15.3798541465,10.8327501766,0,-10.8327501766,6.94489455209,5.6201863123,-0.488772267377
P5C-2021-SEP-HIGH-VOL,HIGH_VOLATILITY_NON_TOP_CONTROL,False,2021-09-21,immediate_after,eth_btc_log_return_20d,LEADERSHIP_MIGRATION,28,-0.0873415138036,-0.0911965327188,-0.145385366511,-0.0305113211718,-0.0842552341168,-0.129386882977,-0.0451316488602,-0.085881691542,0.0378690216043,-0.0946634243494
P5C-2021-SEP-HIGH-VOL,HIGH_VOLATILITY_NON_TOP_CONTROL,False,2021-09-21,immediate_after,sol_btc_log_return_20d,LEADERSHIP_MIGRATION,28,-0.110487308966,-0.151681681747,-0.295659565259,0.266600050605,0.266600050605,-0.295659565259,-0.562259615864,-0.0620372189436,0.110845596434,-0.545482759299
P5C-2021-SEP-HIGH-VOL,HIGH_VOLATILITY_NON_TOP_CONTROL,False,2021-09-21,immediate_after,bnb_btc_log_return_20d,LEADERSHIP_MIGRATION,28,-0.0813821898802,-0.0765858028511,-0.1843303506,0.00572059379367,-0.12085049744,-0.153726488438,-0.0328759909984,0.00901998919944,0.0632752468535,-0.912526123043
P5C-2021-SEP-HIGH-VOL,HIGH_VOLATILITY_NON_TOP_CONTROL,False,2021-09-21,immediate_after,eth_btc_log_return_40d,LEADERSHIP_MIGRATION,28,-0.0584721451604,-0.000987298316724,-0.24064945252,0.0640765927934,0.0165284374499,-0.202074644002,-0.218603081452,-0.172566786877,0.067232408721,1.72132430998
P5C-2021-SEP-HIGH-VOL,HIGH_VOLATILITY_NON_TOP_CONTROL,False,2021-09-21,immediate_after,sol_btc_log_return_40d,LEADERSHIP_MIGRATION,28,0.435334570282,0.56375654469,-0.513528157981,1.28773251647,1.28773251647,-0.513528157981,-1.80126067445,0.241830897569,0.403147478085,0.538601593771
P5C-2021-SEP-HIGH-VOL,HIGH_VOLATILITY_NON_TOP_CONTROL,False,2021-09-21,immediate_after,bnb_btc_log_return_40d,LEADERSHIP_MIGRATION,28,-0.15168716469,-0.16285593021,-0.332831155969,0.0127897776158,0.0127897776158,-0.178887873146,-0.191677650761,0.166415815495,0.180070281421,-1.23335593237
P5C-2021-SEP-HIGH-VOL,HIGH_VOLATILITY_NON_TOP_CONTROL,False,2021-09-21,immediate_after,brkk_return_dispersion_20d,LEADERSHIP_MIGRATION,28,0.074571502804,0.074064243347,0.0226773116234,0.151520614415,0.151520614415,0.104931941284,-0.0465886731313,0.0789295421886,0.0299218332181,-0.109672394966
P5C-2021-SEP-HIGH-VOL,HIGH_VOLATILITY_NON_TOP_CONTROL,False,2021-09-21,immediate_after,alt_outperformance_breadth_20d,BREADTH,28,0.0833333333333,0,0,0.333333333333,0.333333333333,0,-0.333333333333,0.333333333333,0.333333333333,-0.674490759477
P5C-2021-SEP-HIGH-VOL,HIGH_VOLATILITY_NON_TOP_CONTROL,False,2021-09-21,immediate_after,canonical5_outperformance_breadth_20d,BREADTH,28,0.0625,0,0,0.25,0.25,0,-0.25,0.25,0.25,-0.674490759477
P5C-2021-SEP-HIGH-VOL,HIGH_VOLATILITY_NON_TOP_CONTROL,False,2021-09-21,immediate_after,high_beta_participation_20d,BREADTH,28,0.125,0,0,0.5,0.5,0,-0.5,0.5,0.5,-0.674490759477
P5C-2021-SEP-HIGH-VOL,HIGH_VOLATILITY_NON_TOP_CONTROL,False,2021-09-21,immediate_after,breadth_acceleration_10d,BREADTH,28,-0.0678571428571,-0.05,-0.275,0.15,-0.2,0,0.2,-0.05,0.075,0
P5C-2021-SEP-HIGH-VOL,HIGH_VOLATILITY_NON_TOP_CONTROL,False,2021-09-21,immediate_after,breadth_contraction_from_10d_max,BREADTH,28,0.223214285714,0.25,0,0.5,0.5,0,-0.5,0.25,0.25,0
P5C-2021-SEP-HIGH-VOL,HIGH_VOLATILITY_NON_TOP_CONTROL,False,2021-09-21,medium_after,btc_log_return_20d,BTC_TREND_MATURITY,62,-0.0329938131381,-0.0356411767586,-0.287414603533,0.409492211062,0.409492211062,-0.193863974171,-0.603356185233,0.000755527703618,0.085095390214,-0.288490842729
P5C-2021-SEP-HIGH-VOL,HIGH_VOLATILITY_NON_TOP_CONTROL,False,2021-09-21,medium_after,btc_log_return_40d,BTC_TREND_MATURITY,62,0.058861138373,0.0419923857427,-0.365890507555,0.48623187495,0.386332227281,-0.324257314006,-0.710589541287,0.0435747491473,0.130631889362,-0.00817020636933
P5C-2021-SEP-HIGH-VOL,HIGH_VOLATILITY_NON_TOP_CONTROL,False,2021-09-21,medium_after,btc_log_slope_20d_ann,BTC_TREND_MATURITY,62,-0.757438260475,-0.789435007504,-4.12373901832,5.88848276404,5.88848276404,-3.02985233114,-8.91833509518,0.108582779267,1.75274708323,-0.345574501203
P5C-2021-SEP-HIGH-VOL,HIGH_VOLATILITY_NON_TOP_CONTROL,False,2021-09-21,medium_after,btc_log_slope_40d_ann,BTC_TREND_MATURITY,62,0.635674783748,0.391483158919,-3.38155066231,4.51606585281,3.54574029949,-3.23465939081,-6.7803996903,0.447150970233,1.15168286782,-0.0326022253004
P5C-2021-SEP-HIGH-VOL,HIGH_VOLATILITY_NON_TOP_CONTROL,False,2021-09-21,medium_after,btc_kama_gap,BTC_TREND_MATURITY,62,-0.0242782332922,-0.0241616360803,-0.145643846233,0.0891599686143,0.078740003179,-0.0599626631548,-0.138702666334,0.00489725443393,0.0310249876158,-0.631747331383
P5C-2021-SEP-HIGH-VOL,HIGH_VOLATILITY_NON_TOP_CONTROL,False,2021-09-21,medium_after,btc_kama_slope_10d,BTC_TREND_MATURITY,62,-0.0143811486323,-0.0215869755117,-0.134844389797,0.15942919353,0.15942919353,-0.0281252992744,-0.187554492804,0.00307386961251,0.0311805414445,-0.53345809234
P5C-2021-SEP-HIGH-VOL,HIGH_VOLATILITY_NON_TOP_CONTROL,False,2021-09-21,medium_after,btc_distance_from_90d_high,BTC_TREND_MATURITY,62,-0.146002104224,-0.129352575155,-0.316836238814,0,0,-0.305241268415,-0.305241268415,-0.0928870693612,0.05234604993,-0.46986633625
P5C-2021-SEP-HIGH-VOL,HIGH_VOLATILITY_NON_TOP_CONTROL,False,2021-09-21,medium_after,btc_consolidation_duration_5pct,BTC_TREND_MATURITY,62,0.612903225806,0,0,16,16,0,-16,0,0,
P5C-2021-SEP-HIGH-VOL,HIGH_VOLATILITY_NON_TOP_CONTROL,False,2021-09-21,medium_after,btc_rv20_ann,BTC_TREND_MATURITY,62,0.638274605746,0.63708871498,0.493681318198,0.8058714945,0.63324425105,0.665501031563,0.0322567805127,0.568020362277,0.0861967926653,0.540460546495
P5C-2021-SEP-HIGH-VOL,HIGH_VOLATILITY_NON_TOP_CONTROL,False,2021-09-21,medium_after,btc_rv20_to_rv60,BTC_TREND_MATURITY,62,0.952502181837,0.895777575111,0.734399438754,1.24675651584,0.887390147272,1.0627253057,0.175335158431,0.853314865875,0.132314470942,0.216459354734
P5C-2021-SEP-HIGH-VOL,HIGH_VOLATILITY_NON_TOP_CONTROL,False,2021-09-21,medium_after,btc_daily_rsi14,MOMENTUM_EXHAUSTION,62,48.2932847742,45.8511310597,30.0526579568,78.2416790234,78.2416790234,37.7819978266,-40.4596811968,52.9481724203,7.9883783977,-0.599231606095
P5C-2021-SEP-HIGH-VOL,HIGH_VOLATILITY_NON_TOP_CONTROL,False,2021-09-21,medium_after,btc_daily_rsi28,MOMENTUM_EXHAUSTION,62,51.677001571,50.4658993782,39.0335068829,69.4816506034,69.4816506034,41.3411019689,-28.1405486345,53.0677880593,5.06638089239,-0.346391222814
P5C-2021-SEP-HIGH-VOL,HIGH_VOLATILITY_NON_TOP_CONTROL,False,2021-09-21,medium_after,btc_4h_rsi14,MOMENTUM_EXHAUSTION,62,47.6156949692,47.397038856,24.8533286916,77.3113000563,70.1937903228,43.8998124171,-26.2939779057,50.0343365383,7.82885122819,-0.227215061935
P5C-2021-SEP-HIGH-VOL,HIGH_VOLATILITY_NON_TOP_CONTROL,False,2021-09-21,medium_after,btc_4h_rsi28,MOMENTUM_EXHAUSTION,62,47.8563681874,48.2030353575,33.1426060693,67.0806890073,66.7209559267,44.6733104866,-22.0476454401,50.4558467866,5.23423927681,-0.290300158525
P5C-2021-SEP-HIGH-VOL,HIGH_VOLATILITY_NON_TOP_CONTROL,False,2021-09-21,medium_after,btc_price_rsi_rank_divergence_20d,MOMENTUM_EXHAUSTION,62,0.0782258064516,0,-0.5,0.7,0,-0.45,-0.45,0,0.1,0
P5C-2021-SEP-HIGH-VOL,HIGH_VOLATILITY_NON_TOP_CONTROL,False,2021-09-21,medium_after,btc_rsi14_extreme_persistence_14d,MOMENTUM_EXHAUSTION,62,0.0852534562212,0,0,0.5,0.5,0,-0.5,0,0,
P5C-2021-SEP-HIGH-VOL,HIGH_VOLATILITY_NON_TOP_CONTROL,False,2021-09-21,medium_after,btc_rsi14_failure_from_14d_max,MOMENTUM_EXHAUSTION,62,12.7195736508,11.956329407,0,29.3993920323,0,2.28964630619,2.28964630619,7.58473412328,6.02461118476,0.489425878717
P5C-2021-SEP-HIGH-VOL,HIGH_VOLATILITY_NON_TOP_CONTROL,False,2021-09-21,medium_after,eth_btc_log_return_20d,LEADERSHIP_MIGRATION,62,0.0791124188483,0.0855052772243,-0.0830327628245,0.224184503489,-0.0825163340161,0.0336314630334,0.116147797049,0.0867974712205,0.0967787816766,-0.00900582642959
P5C-2021-SEP-HIGH-VOL,HIGH_VOLATILITY_NON_TOP_CONTROL,False,2021-09-21,medium_after,sol_btc_log_return_20d,LEADERSHIP_MIGRATION,62,0.0873181291873,0.0913179680317,-0.186306218829,0.479678569308,-0.186306218829,0.0122614797512,0.19856769858,0.0528862046757,0.103917022819,0.249447766602
P5C-2021-SEP-HIGH-VOL,HIGH_VOLATILITY_NON_TOP_CONTROL,False,2021-09-21,medium_after,bnb_btc_log_return_20d,LEADERSHIP_MIGRATION,62,0.110322399603,0.126268256741,-0.152003335586,0.304160740814,-0.152003335586,0.0216120301536,0.173615365739,0.0558431983245,0.105726806019,0.449281056776
P5C-2021-SEP-HIGH-VOL,HIGH_VOLATILITY_NON_TOP_CONTROL,False,2021-09-21,medium_after,eth_btc_log_return_40d,LEADERSHIP_MIGRATION,62,0.0914195728732,0.102839406926,-0.126456482781,0.249743365753,-0.126456482781,0.164344490441,0.290800973222,0.1098868465,0.128295939621,-0.0370505324195
P5C-2021-SEP-HIGH-VOL,HIGH_VOLATILITY_NON_TOP_CONTROL,False,2021-09-21,medium_after,sol_btc_log_return_40d,LEADERSHIP_MIGRATION,62,0.113580520672,0.125566108551,-0.402497824037,0.395609266865,-0.402497824037,0.0313130902878,0.433810914325,0.076412776403,0.14435909389,0.2296597148
P5C-2021-SEP-HIGH-VOL,HIGH_VOLATILITY_NON_TOP_CONTROL,False,2021-09-21,medium_after,bnb_btc_log_return_40d,LEADERSHIP_MIGRATION,62,0.165565843691,0.188098154826,-0.169218220304,0.416245157979,-0.164085939373,0.165591216992,0.329677156365,0.0758123985965,0.146003845999,0.518724040998
P5C-2021-SEP-HIGH-VOL,HIGH_VOLATILITY_NON_TOP_CONTROL,False,2021-09-21,medium_after,brkk_return_dispersion_20d,LEADERSHIP_MIGRATION,62,0.0748775061126,0.0674068837596,0.0123416844066,0.176941420695,0.0713273430908,0.0123416844066,-0.0589856586842,0.0871118885568,0.0274717240831,-0.483800856872
P5C-2021-SEP-HIGH-VOL,HIGH_VOLATILITY_NON_TOP_CONTROL,False,2021-09-21,medium_after,alt_outperformance_breadth_20d,BREADTH,62,0.833333333333,1,0,1,0,1,1,0.666666666667,0.333333333333,0.674490759477
P5C-2021-SEP-HIGH-VOL,HIGH_VOLATILITY_NON_TOP_CONTROL,False,2021-09-21,medium_after,canonical5_outperformance_breadth_20d,BREADTH,62,0.713709677419,0.75,0,1,0,1,1,0.5,0.25,0.674490759477
P5C-2021-SEP-HIGH-VOL,HIGH_VOLATILITY_NON_TOP_CONTROL,False,2021-09-21,medium_after,high_beta_participation_20d,BREADTH,62,0.806451612903,1,0,1,0,1,1,0.5,0.5,0.674490759477
P5C-2021-SEP-HIGH-VOL,HIGH_VOLATILITY_NON_TOP_CONTROL,False,2021-09-21,medium_after,breadth_acceleration_10d,BREADTH,62,0.0616935483871,0.05,-0.425,0.65,0,0.275,0.275,0.0125,0.1125,0.224830253159
P5C-2021-SEP-HIGH-VOL,HIGH_VOLATILITY_NON_TOP_CONTROL,False,2021-09-21,medium_after,breadth_contraction_from_10d_max,BREADTH,62,0.0927419354839,0,0,0.5,0,0,0,0,0,
P5C-2024-MAR-MAY-MASKING,HIGH_VOLATILITY_NON_TOP_CONTROL,False,2024-03-19,early_warning,btc_log_return_20d,BTC_TREND_MATURITY,14,0.231826829228,0.234422667524,0.165338350924,0.321023116963,0.204824020962,0.317117891375,0.112293870413,0.0895088842087,0.132691383645,0.736619101268
P5C-2024-MAR-MAY-MASKING,HIGH_VOLATILITY_NON_TOP_CONTROL,False,2024-03-19,early_warning,btc_log_return_40d,BTC_TREND_MATURITY,14,0.304217403826,0.281983666526,0.120221288475,0.532115369095,0.120221288475,0.532115369095,0.41189408062,0.347072013433,0.0998727764841,-0.439574127045
P5C-2024-MAR-MAY-MASKING,HIGH_VOLATILITY_NON_TOP_CONTROL,False,2024-03-19,early_warning,btc_log_slope_20d_ann,BTC_TREND_MATURITY,14,3.78346861044,3.76522036962,2.57759241754,4.93049861706,4.86733010685,4.93049861706,0.063168510204,1.43405246584,2.16506091005,0.726238787365
P5C-2024-MAR-MAY-MASKING,HIGH_VOLATILITY_NON_TOP_CONTROL,False,2024-03-19,early_warning,btc_log_slope_40d_ann,BTC_TREND_MATURITY,14,3.18149612183,3.06597662958,2.34218054085,4.1337247455,2.34218054085,4.1337247455,1.79154420465,2.2394973342,1.33334300259,0.418086453785
P5C-2024-MAR-MAY-MASKING,HIGH_VOLATILITY_NON_TOP_CONTROL,False,2024-03-19,early_warning,btc_kama_gap,BTC_TREND_MATURITY,14,0.0438186077741,0.0534153773402,-0.019075727972,0.129375209712,0.00938251882577,0.0928759036176,0.0834933847918,0.0500264608607,0.0417466923959,0.0547538671653
P5C-2024-MAR-MAY-MASKING,HIGH_VOLATILITY_NON_TOP_CONTROL,False,2024-03-19,early_warning,btc_kama_slope_10d,BTC_TREND_MATURITY,14,0.0941513825181,0.0930766835444,0.0143799205393,0.207129892352,0.148044987962,0.207129892352,0.0590849043902,0.0289828035595,0.0428528480186,1.008818125
P5C-2024-MAR-MAY-MASKING,HIGH_VOLATILITY_NON_TOP_CONTROL,False,2024-03-19,early_warning,btc_distance_from_90d_high,BTC_TREND_MATURITY,14,-0.00767267278947,-0.00391641479303,-0.0289840069102,0,0,0,0,-0.0249122840479,0.0249122840479,0.568455295884
P5C-2024-MAR-MAY-MASKING,HIGH_VOLATILITY_NON_TOP_CONTROL,False,2024-03-19,early_warning,btc_consolidation_duration_5pct,BTC_TREND_MATURITY,14,19.5,19.5,13,26,13,26,13,2.5,2.5,4.58653716444
P5C-2024-MAR-MAY-MASKING,HIGH_VOLATILITY_NON_TOP_CONTROL,False,2024-03-19,early_warning,btc_rv20_ann,BTC_TREND_MATURITY,14,0.413663949857,0.372525782737,0.29584070705,0.58588901999,0.29584070705,0.58588901999,0.290048312939,0.536399533768,0.195916887306,-0.564174596231
P5C-2024-MAR-MAY-MASKING,HIGH_VOLATILITY_NON_TOP_CONTROL,False,2024-03-19,early_warning,btc_rv20_to_rv60,BTC_TREND_MATURITY,14,0.853719270361,0.802700980874,0.651552596035,1.12320492233,0.651552596035,1.12320492233,0.471652326291,0.99008418923,0.124549004872,-1.01476718058
P5C-2024-MAR-MAY-MASKING,HIGH_VOLATILITY_NON_TOP_CONTROL,False,2024-03-19,early_warning,btc_daily_rsi14,MOMENTUM_EXHAUSTION,14,76.9049515883,78.5827088079,64.7104496652,87.3301143156,77.0922955143,86.1618893887,9.06959387436,61.8858657476,10.55335837,1.06713578387
P5C-2024-MAR-MAY-MASKING,HIGH_VOLATILITY_NON_TOP_CONTROL,False,2024-03-19,early_warning,btc_daily_rsi28,MOMENTUM_EXHAUSTION,14,71.4604704309,71.7618098222,63.5429648692,79.9881210325,68.9050276423,79.9881210325,11.0830933902,60.0410083347,7.54847011662,1.0473078882
P5C-2024-MAR-MAY-MASKING,HIGH_VOLATILITY_NON_TOP_CONTROL,False,2024-03-19,early_warning,btc_4h_rsi14,MOMENTUM_EXHAUSTION,14,62.9889936235,60.9042447381,40.7476393118,90.9582089278,52.4490533963,70.3246705125,17.8756171162,56.2399971272,7.11310128299,0.442281332473
P5C-2024-MAR-MAY-MASKING,HIGH_VOLATILITY_NON_TOP_CONTROL,False,2024-03-19,early_warning,btc_4h_rsi28,MOMENTUM_EXHAUSTION,14,63.3407164075,63.5883360373,48.2426345312,83.3918495496,58.6788289562,70.0694982064,11.3906692502,54.832052947,5.42577387822,1.088514222
P5C-2024-MAR-MAY-MASKING,HIGH_VOLATILITY_NON_TOP_CONTROL,False,2024-03-19,early_warning,btc_price_rsi_rank_divergence_20d,MOMENTUM_EXHAUSTION,14,0.207142857143,0.25,0,0.4,0.3,0.05,-0.25,0.05,0.175,0.770846582259
P5C-2024-MAR-MAY-MASKING,HIGH_VOLATILITY_NON_TOP_CONTROL,False,2024-03-19,early_warning,btc_rsi14_extreme_persistence_14d,MOMENTUM_EXHAUSTION,14,0.770408163265,0.714285714286,0.714285714286,0.928571428571,0.857142857143,0.714285714286,-0.142857142857,0,0,
P5C-2024-MAR-MAY-MASKING,HIGH_VOLATILITY_NON_TOP_CONTROL,False,2024-03-19,early_warning,btc_rsi14_failure_from_14d_max,MOMENTUM_EXHAUSTION,14,7.18579683974,6.26635791874,0,16.9507743472,4.5689284981,1.16822492688,-3.40070357123,5.81930035139,3.60287467836,0.0836932241747
P5C-2024-MAR-MAY-MASKING,HIGH_VOLATILITY_NON_TOP_CONTROL,False,2024-03-19,early_warning,eth_btc_log_return_20d,LEADERSHIP_MIGRATION,14,0.0555199082034,0.0593557778201,0.000722357267487,0.110137711889,0.0731611005014,0.000722357267487,-0.0724387432339,0.0326272322803,0.0685174948848,0.263117573274
P5C-2024-MAR-MAY-MASKING,HIGH_VOLATILITY_NON_TOP_CONTROL,False,2024-03-19,early_warning,sol_btc_log_return_20d,LEADERSHIP_MIGRATION,14,-0.119969845892,-0.110651998665,-0.182649129963,-0.0589282496115,-0.0941250574349,-0.147516173846,-0.0533911164108,0.097577644935,0.30707181567,-0.457381509113
P5C-2024-MAR-MAY-MASKING,HIGH_VOLATILITY_NON_TOP_CONTROL,False,2024-03-19,early_warning,bnb_btc_log_return_20d,LEADERSHIP_MIGRATION,14,0.00493623607671,-0.000730061699817,-0.0635816577331,0.0669272703623,-0.0392813812967,-0.0635816577331,-0.0243002764364,0.0824493282032,0.0834109434606,-0.672618334487
P5C-2024-MAR-MAY-MASKING,HIGH_VOLATILITY_NON_TOP_CONTROL,False,2024-03-19,early_warning,eth_btc_log_return_40d,LEADERSHIP_MIGRATION,14,-0.0377951439017,-0.0337404957519,-0.0988545663467,0.020901034286,0.020901034286,-0.0477501677513,-0.0686512020373,0.056136721709,0.204038750218,-0.297107057361
P5C-2024-MAR-MAY-MASKING,HIGH_VOLATILITY_NON_TOP_CONTROL,False,2024-03-19,early_warning,sol_btc_log_return_40d,LEADERSHIP_MIGRATION,14,-0.0988837820934,-0.107872104313,-0.184260059067,-0.0101299222648,-0.0393934882821,-0.125786978583,-0.0863934903012,0.25194929216,0.400474989881,-0.606020882989
P5C-2024-MAR-MAY-MASKING,HIGH_VOLATILITY_NON_TOP_CONTROL,False,2024-03-19,early_warning,bnb_btc_log_return_40d,LEADERSHIP_MIGRATION,14,-0.056788939302,-0.0497459158205,-0.176191304061,0.0560947475916,0.0200201822789,-0.176191304061,-0.19621148634,0.0307187168272,0.0984400435606,-0.551326972465
P5C-2024-MAR-MAY-MASKING,HIGH_VOLATILITY_NON_TOP_CONTROL,False,2024-03-19,early_warning,brkk_return_dispersion_20d,LEADERSHIP_MIGRATION,14,0.0672470187855,0.0666290979757,0.0425522927245,0.0955498780613,0.0609256201972,0.0607036047082,-0.000222015489027,0.121383396571,0.064538834859,-0.57223326893
P5C-2024-MAR-MAY-MASKING,HIGH_VOLATILITY_NON_TOP_CONTROL,False,2024-03-19,early_warning,alt_outperformance_breadth_20d,BREADTH,14,0.5,0.5,0.333333333333,0.666666666667,0.333333333333,0.333333333333,0,0.666666666667,0.333333333333,-0.337245379738
P5C-2024-MAR-MAY-MASKING,HIGH_VOLATILITY_NON_TOP_CONTROL,False,2024-03-19,early_warning,canonical5_outperformance_breadth_20d,BREADTH,14,0.375,0.375,0.25,0.5,0.25,0.25,0,0.75,0.25,-1.01173613921
P5C-2024-MAR-MAY-MASKING,HIGH_VOLATILITY_NON_TOP_CONTROL,False,2024-03-19,early_warning,high_beta_participation_20d,BREADTH,14,0.25,0.25,0,0.5,0,0,0,0.75,0.25,-1.34898151895
P5C-2024-MAR-MAY-MASKING,HIGH_VOLATILITY_NON_TOP_CONTROL,False,2024-03-19,early_warning,breadth_acceleration_10d,BREADTH,14,0.0303571428571,0.0625,-0.15,0.25,0.025,-0.1,-0.125,0,0.125,0.337245379738
P5C-2024-MAR-MAY-MASKING,HIGH_VOLATILITY_NON_TOP_CONTROL,False,2024-03-19,early_warning,breadth_contraction_from_10d_max,BREADTH,14,0.107142857143,0,0,0.25,0,0.25,0.25,0,0,
P5C-2024-MAR-MAY-MASKING,HIGH_VOLATILITY_NON_TOP_CONTROL,False,2024-03-19,target_lead,btc_log_return_20d,BTC_TREND_MATURITY,8,0.271689934328,0.273600496324,0.207264512963,0.321541572925,0.207264512963,0.32068286564,0.113418352678,0.127208351272,0.205904321304,0.47954384091
P5C-2024-MAR-MAY-MASKING,HIGH_VOLATILITY_NON_TOP_CONTROL,False,2024-03-19,target_lead,btc_log_return_40d,BTC_TREND_MATURITY,8,0.478774909253,0.47014632724,0.45588904888,0.526365593887,0.466655183952,0.505898940456,0.039243756504,0.203062591735,0.253540587619,0.710519421353
P5C-2024-MAR-MAY-MASKING,HIGH_VOLATILITY_NON_TOP_CONTROL,False,2024-03-19,target_lead,btc_log_slope_20d_ann,BTC_TREND_MATURITY,8,6.33578903199,6.52758978279,5.2846805645,6.92508189912,5.2846805645,6.86517442353,1.58049385903,2.9833617162,4.06618692936,0.587909292396
P5C-2024-MAR-MAY-MASKING,HIGH_VOLATILITY_NON_TOP_CONTROL,False,2024-03-19,target_lead,btc_log_slope_40d_ann,BTC_TREND_MATURITY,8,4.55764411773,4.57359704669,4.1740541371,4.89356078732,4.1740541371,4.89356078732,0.719506650218,2.01729961081,2.33461358689,0.738537207466
P5C-2024-MAR-MAY-MASKING,HIGH_VOLATILITY_NON_TOP_CONTROL,False,2024-03-19,target_lead,btc_kama_gap,BTC_TREND_MATURITY,8,0.058201773022,0.0608593379405,0.0177361515097,0.0940837262094,0.0177361515097,0.0732728455194,0.0555366940097,0.0299726863565,0.0598170839786,0.348274434307
P5C-2024-MAR-MAY-MASKING,HIGH_VOLATILITY_NON_TOP_CONTROL,False,2024-03-19,target_lead,btc_kama_slope_10d,BTC_TREND_MATURITY,8,0.183553434338,0.188076594204,0.137577399815,0.225328047188,0.210402215353,0.137577399815,-0.0728248155386,0.0883569849308,0.121019937429,0.555775820266
P5C-2024-MAR-MAY-MASKING,HIGH_VOLATILITY_NON_TOP_CONTROL,False,2024-03-19,target_lead,btc_distance_from_90d_high,BTC_TREND_MATURITY,8,-0.0161736005404,-0.0052334484987,-0.0662561793261,0,-0.0662561793261,-0.0086862722519,0.0575699070742,-0.0858433272357,0.0779198726861,0.697776016007
P5C-2024-MAR-MAY-MASKING,HIGH_VOLATILITY_NON_TOP_CONTROL,False,2024-03-19,target_lead,btc_consolidation_duration_5pct,BTC_TREND_MATURITY,8,3.5,3.5,0,7,0,7,7,0,0,
P5C-2024-MAR-MAY-MASKING,HIGH_VOLATILITY_NON_TOP_CONTROL,False,2024-03-19,target_lead,btc_rv20_ann,BTC_TREND_MATURITY,8,0.678694367081,0.679533353386,0.671037171208,0.683134342648,0.675359342148,0.683134342648,0.00777500049971,0.687091261371,0.0544428981356,-0.0936346019756
P5C-2024-MAR-MAY-MASKING,HIGH_VOLATILITY_NON_TOP_CONTROL,False,2024-03-19,target_lead,btc_rv20_to_rv60,BTC_TREND_MATURITY,8,1.25858969974,1.25398617059,1.2192409058,1.37205274617,1.2192409058,1.37205274617,0.152811840371,1.06665746709,0.109058167358,1.15856961981
P5C-2024-MAR-MAY-MASKING,HIGH_VOLATILITY_NON_TOP_CONTROL,False,2024-03-19,target_lead,btc_daily_rsi14,MOMENTUM_EXHAUSTION,8,74.6549942634,74.9722578353,69.4382507035,79.2888892384,69.4382507035,76.9349658926,7.49671518909,60.3120922753,15.7844104579,0.626450143894
P5C-2024-MAR-MAY-MASKING,HIGH_VOLATILITY_NON_TOP_CONTROL,False,2024-03-19,target_lead,btc_daily_rsi28,MOMENTUM_EXHAUSTION,8,73.0812968059,73.2721609301,69.5771153819,76.1459734221,69.5771153819,74.7828801461,5.20576476423,60.4872774422,11.62490618,0.741794010207
P5C-2024-MAR-MAY-MASKING,HIGH_VOLATILITY_NON_TOP_CONTROL,False,2024-03-19,target_lead,btc_4h_rsi14,MOMENTUM_EXHAUSTION,8,62.9175812043,60.0364175547,50.0933423584,86.8236022261,86.8236022261,73.299244475,-13.5243577511,55.1266125516,12.4114615945,0.266819349208
P5C-2024-MAR-MAY-MASKING,HIGH_VOLATILITY_NON_TOP_CONTROL,False,2024-03-19,target_lead,btc_4h_rsi28,MOMENTUM_EXHAUSTION,8,63.4074807556,61.2895845697,56.4001759428,80.2153659165,80.2153659165,67.8855161374,-12.3298497792,58.7882962886,9.80867514322,0.172000378011
P5C-2024-MAR-MAY-MASKING,HIGH_VOLATILITY_NON_TOP_CONTROL,False,2024-03-19,target_lead,btc_price_rsi_rank_divergence_20d,MOMENTUM_EXHAUSTION,8,0.5125,0.5,0.35,0.7,0.7,0.35,-0.35,0,0.075,4.49660506318
P5C-2024-MAR-MAY-MASKING,HIGH_VOLATILITY_NON_TOP_CONTROL,False,2024-03-19,target_lead,btc_rsi14_extreme_persistence_14d,MOMENTUM_EXHAUSTION,8,0.803571428571,0.821428571429,0.642857142857,0.928571428571,0.642857142857,0.928571428571,0.285714285714,0.214285714286,0.214285714286,1.91105715185
P5C-2024-MAR-MAY-MASKING,HIGH_VOLATILITY_NON_TOP_CONTROL,False,2024-03-19,target_lead,btc_rsi14_failure_from_14d_max,MOMENTUM_EXHAUSTION,8,12.6751200522,12.3578564803,8.04122507718,17.8918636121,17.8918636121,10.395148423,-7.49671518909,14.4485264679,7.63531949898,-0.18468612714
P5C-2024-MAR-MAY-MASKING,HIGH_VOLATILITY_NON_TOP_CONTROL,False,2024-03-19,target_lead,eth_btc_log_return_20d,LEADERSHIP_MIGRATION,8,0.0253300267801,0.0370084112474,-0.0272657286608,0.0742497034251,0.0401284549492,-0.0272657286608,-0.06739418361,-0.0142936558819,0.0789531732529,0.438269531104
P5C-2024-MAR-MAY-MASKING,HIGH_VOLATILITY_NON_TOP_CONTROL,False,2024-03-19,target_lead,sol_btc_log_return_20d,LEADERSHIP_MIGRATION,8,-0.0278145701016,-0.0113824668763,-0.138391337448,0.0426820185577,-0.138391337448,0.0426820185577,0.181073356006,0.183745627323,0.324317318986,-0.405812729531
P5C-2024-MAR-MAY-MASKING,HIGH_VOLATILITY_NON_TOP_CONTROL,False,2024-03-19,target_lead,bnb_btc_log_return_20d,LEADERSHIP_MIGRATION,8,0.0323713259589,0.0354048673475,-0.0493154118962,0.121740524866,-0.0415013757113,0.0281821239807,0.0696834996919,0.0652007942535,0.0992768466183,-0.202434686965
P5C-2024-MAR-MAY-MASKING,HIGH_VOLATILITY_NON_TOP_CONTROL,False,2024-03-19,target_lead,eth_btc_log_return_40d,LEADERSHIP_MIGRATION,8,0.048484535649,0.0551161663591,0.0044256647981,0.0725498795021,0.0044256647981,0.0406045653113,0.0361789005132,0.0637412692042,0.0588851102576,-0.0987949609513
P5C-2024-MAR-MAY-MASKING,HIGH_VOLATILITY_NON_TOP_CONTROL,False,2024-03-19,target_lead,sol_btc_log_return_40d,LEADERSHIP_MIGRATION,8,-0.0894435550861,-0.0992985092254,-0.120192589702,-0.039218792664,-0.100737617224,-0.0713148539255,0.0294227632984,0.276226159194,0.552177671117,-0.458707282191
P5C-2024-MAR-MAY-MASKING,HIGH_VOLATILITY_NON_TOP_CONTROL,False,2024-03-19,target_lead,bnb_btc_log_return_40d,LEADERSHIP_MIGRATION,8,-0.0179973392594,-0.0111041358043,-0.167146709145,0.0765809003467,-0.167146709145,0.0765809003467,0.243727609491,0.0608554568141,0.0646096128323,-0.751220726284
P5C-2024-MAR-MAY-MASKING,HIGH_VOLATILITY_NON_TOP_CONTROL,False,2024-03-19,target_lead,brkk_return_dispersion_20d,LEADERSHIP_MIGRATION,8,0.0410154005326,0.0327817297072,0.023109319227,0.0663349594764,0.0663349594764,0.0268523805112,-0.0394825789652,0.23637770159,0.173514729559,-0.791423310577
P5C-2024-MAR-MAY-MASKING,HIGH_VOLATILITY_NON_TOP_CONTROL,False,2024-03-19,target_lead,alt_outperformance_breadth_20d,BREADTH,8,0.583333333333,0.5,0.333333333333,1,0.333333333333,0.666666666667,0.333333333333,0.666666666667,0,
P5C-2024-MAR-MAY-MASKING,HIGH_VOLATILITY_NON_TOP_CONTROL,False,2024-03-19,target_lead,canonical5_outperformance_breadth_20d,BREADTH,8,0.4375,0.375,0.25,0.75,0.25,0.5,0.25,0.5,0,
P5C-2024-MAR-MAY-MASKING,HIGH_VOLATILITY_NON_TOP_CONTROL,False,2024-03-19,target_lead,high_beta_participation_20d,BREADTH,8,0.5625,0.5,0,1,0,1,1,0.5,0,
P5C-2024-MAR-MAY-MASKING,HIGH_VOLATILITY_NON_TOP_CONTROL,False,2024-03-19,target_lead,breadth_acceleration_10d,BREADTH,8,0.06875,0.0125,-0.15,0.425,-0.075,0.075,0.15,-0.0875,0.1125,0.599547341757
P5C-2024-MAR-MAY-MASKING,HIGH_VOLATILITY_NON_TOP_CONTROL,False,2024-03-19,target_lead,breadth_contraction_from_10d_max,BREADTH,8,0.25,0.25,0,0.5,0.25,0.25,0,0.25,0.25,0
P5C-2024-MAR-MAY-MASKING,HIGH_VOLATILITY_NON_TOP_CONTROL,False,2024-03-19,near_event,btc_log_return_20d,BTC_TREND_MATURITY,7,0.230905771053,0.232986031061,-0.00795536862399,0.35398587163,0.35398587163,-0.00795536862399,-0.361941240254,-0.00123062583392,0.168594126065,0.937025354785
P5C-2024-MAR-MAY-MASKING,HIGH_VOLATILITY_NON_TOP_CONTROL,False,2024-03-19,near_event,btc_log_return_40d,BTC_TREND_MATURITY,7,0.449037907258,0.461778863584,0.313067748339,0.525610372081,0.525610372081,0.313067748339,-0.212542623742,0.169330707639,0.23902140654,0.825254865939
P5C-2024-MAR-MAY-MASKING,HIGH_VOLATILITY_NON_TOP_CONTROL,False,2024-03-19,near_event,btc_log_slope_20d_ann,BTC_TREND_MATURITY,7,4.21454275341,4.06695174422,1.63956418989,6.68348988878,6.68348988878,1.63956418989,-5.04392569888,-0.199090262558,2.41663641042,1.19066562959
P5C-2024-MAR-MAY-MASKING,HIGH_VOLATILITY_NON_TOP_CONTROL,False,2024-03-19,near_event,btc_log_slope_40d_ann,BTC_TREND_MATURITY,7,4.63203585378,4.67297162882,4.07860716027,4.96380220127,4.96380220127,4.07860716027,-0.885195041,2.23747390236,2.78737687575,0.589342878431
P5C-2024-MAR-MAY-MASKING,HIGH_VOLATILITY_NON_TOP_CONTROL,False,2024-03-19,near_event,btc_kama_gap,BTC_TREND_MATURITY,7,0.00834527427622,0.00995638951569,-0.081254295881,0.0838570456556,0.0838570456556,-0.081254295881,-0.165111341537,-0.0272962937136,0.0469505050891,0.535171891253
P5C-2024-MAR-MAY-MASKING,HIGH_VOLATILITY_NON_TOP_CONTROL,False,2024-03-19,near_event,btc_kama_slope_10d,BTC_TREND_MATURITY,7,0.0759328877008,0.0725227989951,0.0461216010453,0.129775573264,0.129775573264,0.0461216010453,-0.0836539722185,0.0241968715392,0.0549435703312,0.593252155178
P5C-2024-MAR-MAY-MASKING,HIGH_VOLATILITY_NON_TOP_CONTROL,False,2024-03-19,near_event,btc_distance_from_90d_high,BTC_TREND_MATURITY,7,-0.0670649252472,-0.0640314176034,-0.15238323192,0,0,-0.15238323192,-0.15238323192,-0.147376034667,0.0480115180974,1.17086849759
P5C-2024-MAR-MAY-MASKING,HIGH_VOLATILITY_NON_TOP_CONTROL,False,2024-03-19,near_event,btc_consolidation_duration_5pct,BTC_TREND_MATURITY,7,3.85714285714,0,0,10,8,0,-8,0,0,
P5C-2024-MAR-MAY-MASKING,HIGH_VOLATILITY_NON_TOP_CONTROL,False,2024-03-19,near_event,btc_rv20_ann,BTC_TREND_MATURITY,7,0.739068336157,0.766988110469,0.672664948282,0.782438416668,0.672664948282,0.77885131716,0.106186368878,0.754724599989,0.0638473157884,0.129553206665
P5C-2024-MAR-MAY-MASKING,HIGH_VOLATILITY_NON_TOP_CONTROL,False,2024-03-19,near_event,btc_rv20_to_rv60,BTC_TREND_MATURITY,7,1.40219906376,1.40752622135,1.33691626529,1.46696411993,1.34873939082,1.33691626529,-0.0118231255318,1.22155517951,0.163055181111,0.76928404477
P5C-2024-MAR-MAY-MASKING,HIGH_VOLATILITY_NON_TOP_CONTROL,False,2024-03-19,near_event,btc_daily_rsi14,MOMENTUM_EXHAUSTION,7,62.4973580969,60.2292364051,46.7454401099,78.6976618456,78.6976618456,46.7454401099,-31.9522217357,50.6933814377,5.60332262859,1.14786288164
P5C-2024-MAR-MAY-MASKING,HIGH_VOLATILITY_NON_TOP_CONTROL,False,2024-03-19,near_event,btc_daily_rsi28,MOMENTUM_EXHAUSTION,7,65.750591156,64.1960020921,54.9275932316,75.9389217212,75.9389217212,54.9275932316,-21.0113284896,54.8202975858,8.18573032011,0.772542681695
P5C-2024-MAR-MAY-MASKING,HIGH_VOLATILITY_NON_TOP_CONTROL,False,2024-03-19,near_event,btc_4h_rsi14,MOMENTUM_EXHAUSTION,7,50.2923773688,48.5847125816,30.4360077004,67.4043113371,63.0988329109,45.9288700732,-17.1699628377,46.8785090792,6.3841789324,0.180261002765
P5C-2024-MAR-MAY-MASKING,HIGH_VOLATILITY_NON_TOP_CONTROL,False,2024-03-19,near_event,btc_4h_rsi28,MOMENTUM_EXHAUSTION,7,53.5151735004,50.8852679891,40.5302143747,66.0229370545,63.7421111527,47.7333826352,-16.0087285176,49.3431828804,4.13598836667,0.251480919181
P5C-2024-MAR-MAY-MASKING,HIGH_VOLATILITY_NON_TOP_CONTROL,False,2024-03-19,near_event,btc_price_rsi_rank_divergence_20d,MOMENTUM_EXHAUSTION,7,0.457142857143,0.4,0.05,0.75,0.4,0.05,-0.35,0.1,0.225,0.899321012635
P5C-2024-MAR-MAY-MASKING,HIGH_VOLATILITY_NON_TOP_CONTROL,False,2024-03-19,near_event,btc_rsi14_extreme_persistence_14d,MOMENTUM_EXHAUSTION,7,0.785714285714,0.785714285714,0.642857142857,0.928571428571,0.928571428571,0.642857142857,-0.285714285714,0.25,0.25,1.44533734174
P5C-2024-MAR-MAY-MASKING,HIGH_VOLATILITY_NON_TOP_CONTROL,False,2024-03-19,near_event,btc_rsi14_failure_from_14d_max,MOMENTUM_EXHAUSTION,7,21.7008169631,20.9718356158,7.4642275431,32.5434491285,7.4642275431,32.5434491285,25.0792215854,17.8733175829,6.65443911858,0.314064302639
P5C-2024-MAR-MAY-MASKING,HIGH_VOLATILITY_NON_TOP_CONTROL,False,2024-03-19,near_event,eth_btc_log_return_20d,LEADERSHIP_MIGRATION,7,-0.0764631781602,-0.0748972593665,-0.109102762654,-0.0555279491622,-0.0555279491622,-0.0606955250882,-0.00516757592601,-0.110640207395,0.054164303556,0.445095507168
P5C-2024-MAR-MAY-MASKING,HIGH_VOLATILITY_NON_TOP_CONTROL,False,2024-03-19,near_event,sol_btc_log_return_20d,LEADERSHIP_MIGRATION,7,0.303012954478,0.332013627944,0.122653514528,0.422197783309,0.122653514528,0.363318859015,0.240665344487,0.34766624348,0.226772711877,-0.0465556214994
P5C-2024-MAR-MAY-MASKING,HIGH_VOLATILITY_NON_TOP_CONTROL,False,2024-03-19,near_event,bnb_btc_log_return_20d,LEADERSHIP_MIGRATION,7,0.164941924337,0.161522663257,0.125649176767,0.210531890576,0.145537226769,0.210531890576,0.0649946638066,0.0675905142324,0.167583887986,0.378057624132
P5C-2024-MAR-MAY-MASKING,HIGH_VOLATILITY_NON_TOP_CONTROL,False,2024-03-19,near_event,eth_btc_log_return_40d,LEADERSHIP_MIGRATION,7,-0.0117608692584,0.00103494923472,-0.0489331614088,0.0250402572978,0.0250402572978,-0.0465077655913,-0.071548022889,-0.0214054356725,0.0615482875744,0.245918007722
P5C-2024-MAR-MAY-MASKING,HIGH_VOLATILITY_NON_TOP_CONTROL,False,2024-03-19,near_event,sol_btc_log_return_40d,LEADERSHIP_MIGRATION,7,0.161631045681,0.189275131991,-0.0373073170752,0.272322424982,-0.0373073170752,0.189275131991,0.226582449066,0.64209414506,0.635898975972,-0.48029994004
P5C-2024-MAR-MAY-MASKING,HIGH_VOLATILITY_NON_TOP_CONTROL,False,2024-03-19,near_event,bnb_btc_log_return_40d,LEADERSHIP_MIGRATION,7,0.19511164907,0.192781876403,0.151005108039,0.240796390433,0.212464497131,0.151005108039,-0.0614593890926,0.132765280694,0.0959608630181,0.4218453018
P5C-2024-MAR-MAY-MASKING,HIGH_VOLATILITY_NON_TOP_CONTROL,False,2024-03-19,near_event,brkk_return_dispersion_20d,LEADERSHIP_MIGRATION,7,0.149373835049,0.166792347124,0.0836689254596,0.194547909955,0.0836689254596,0.168949804619,0.0852808791591,0.172971471338,0.0903395002381,-0.0461344392285
P5C-2024-MAR-MAY-MASKING,HIGH_VOLATILITY_NON_TOP_CONTROL,False,2024-03-19,near_event,alt_outperformance_breadth_20d,BREADTH,7,0.666666666667,0.666666666667,0.666666666667,0.666666666667,0.666666666667,0.666666666667,0,0.666666666667,0,
P5C-2024-MAR-MAY-MASKING,HIGH_VOLATILITY_NON_TOP_CONTROL,False,2024-03-19,near_event,canonical5_outperformance_breadth_20d,BREADTH,7,0.535714285714,0.5,0.5,0.75,0.5,0.75,0.25,0.5,0,
P5C-2024-MAR-MAY-MASKING,HIGH_VOLATILITY_NON_TOP_CONTROL,False,2024-03-19,near_event,high_beta_participation_20d,BREADTH,7,1,1,1,1,1,1,0,0.75,0.25,0.674490759477
P5C-2024-MAR-MAY-MASKING,HIGH_VOLATILITY_NON_TOP_CONTROL,False,2024-03-19,near_event,breadth_acceleration_10d,BREADTH,7,0.0714285714286,0.05,0,0.275,0.075,0.275,0.2,-0.05,0.1,0.674490759477
P5C-2024-MAR-MAY-MASKING,HIGH_VOLATILITY_NON_TOP_CONTROL,False,2024-03-19,near_event,breadth_contraction_from_10d_max,BREADTH,7,0.178571428571,0.25,0,0.25,0.25,0,-0.25,0.25,0,
P5C-2024-MAR-MAY-MASKING,HIGH_VOLATILITY_NON_TOP_CONTROL,False,2024-03-19,immediate_after,btc_log_return_20d,BTC_TREND_MATURITY,28,0.012599632258,0.0206572404761,-0.109950646862,0.145250167012,0.104140733823,-0.0852452807901,-0.189386014614,0.030811960361,0.0548090158419,-0.124966022875
P5C-2024-MAR-MAY-MASKING,HIGH_VOLATILITY_NON_TOP_CONTROL,False,2024-03-19,immediate_after,btc_log_return_40d,BTC_TREND_MATURITY,28,0.208570485761,0.266576254384,-0.0654117190314,0.364190996331,0.364190996331,-0.0464002967216,-0.410591293052,0.124671650333,0.190324491526,0.502895572675
P5C-2024-MAR-MAY-MASKING,HIGH_VOLATILITY_NON_TOP_CONTROL,False,2024-03-19,immediate_after,btc_log_slope_20d_ann,BTC_TREND_MATURITY,28,0.0256318510809,0.01989658827,-1.37477604634,1.19508316015,1.19508316015,-1.37477604634,-2.56985920649,-0.150748273839,1.16952819145,0.098414372125
P5C-2024-MAR-MAY-MASKING,HIGH_VOLATILITY_NON_TOP_CONTROL,False,2024-03-19,immediate_after,btc_log_slope_40d_ann,BTC_TREND_MATURITY,28,1.76636173839,1.80718904099,-0.293863469001,3.95670500883,3.95670500883,-0.293863469001,-4.25056847783,0.608473348638,1.76847769853,0.457185667879
P5C-2024-MAR-MAY-MASKING,HIGH_VOLATILITY_NON_TOP_CONTROL,False,2024-03-19,immediate_after,btc_kama_gap,BTC_TREND_MATURITY,28,0.00240860580999,0.00934400716403,-0.0648434284338,0.0540522956194,0.00626005652032,-0.0561733542362,-0.0624334107565,-0.00296688050057,0.0418720142699,0.198308586666
P5C-2024-MAR-MAY-MASKING,HIGH_VOLATILITY_NON_TOP_CONTROL,False,2024-03-19,immediate_after,btc_kama_slope_10d,BTC_TREND_MATURITY,28,0.0052553701692,0.00249478821705,-0.0113901081222,0.038198615782,0.038198615782,-0.00685054657619,-0.0450491623582,-0.00695931786662,0.0168686692778,0.378020760709
P5C-2024-MAR-MAY-MASKING,HIGH_VOLATILITY_NON_TOP_CONTROL,False,2024-03-19,immediate_after,btc_distance_from_90d_high,BTC_TREND_MATURITY,28,-0.0713071067843,-0.0599475917107,-0.13209390521,-0.0198763117297,-0.0715988428464,-0.126983905417,-0.0553850625701,-0.101066258204,0.0709078066022,0.391129861724
P5C-2024-MAR-MAY-MASKING,HIGH_VOLATILITY_NON_TOP_CONTROL,False,2024-03-19,immediate_after,btc_consolidation_duration_5pct,BTC_TREND_MATURITY,28,1.42857142857,0,0,8,0,0,0,0,0,
P5C-2024-MAR-MAY-MASKING,HIGH_VOLATILITY_NON_TOP_CONTROL,False,2024-03-19,immediate_after,btc_rv20_ann,BTC_TREND_MATURITY,28,0.72572653943,0.781921415814,0.513224500629,0.885898841306,0.8642556718,0.552605098157,-0.311650573643,0.772658942566,0.0844444382598,0.0739829969177
P5C-2024-MAR-MAY-MASKING,HIGH_VOLATILITY_NON_TOP_CONTROL,False,2024-03-19,immediate_after,btc_rv20_to_rv60,BTC_TREND_MATURITY,28,1.1337694512,1.24147368432,0.778194644226,1.43712595635,1.39751832825,0.810188352668,-0.587329975586,0.992525843703,0.190855286022,0.879792336825
P5C-2024-MAR-MAY-MASKING,HIGH_VOLATILITY_NON_TOP_CONTROL,False,2024-03-19,immediate_after,btc_daily_rsi14,MOMENTUM_EXHAUSTION,28,53.0851633327,54.3991370552,42.1108084298,60.2258444588,56.4334702003,42.9933226166,-13.4401475836,53.5120305559,7.15707444265,0.0836019160136
P5C-2024-MAR-MAY-MASKING,HIGH_VOLATILITY_NON_TOP_CONTROL,False,2024-03-19,immediate_after,btc_daily_rsi28,MOMENTUM_EXHAUSTION,28,56.823255337,57.2232522263,49.2564864401,61.3362194626,60.3757643379,49.6607930797,-10.7149712581,56.3301172701,5.57727733544,0.108011712287
P5C-2024-MAR-MAY-MASKING,HIGH_VOLATILITY_NON_TOP_CONTROL,False,2024-03-19,immediate_after,btc_4h_rsi14,MOMENTUM_EXHAUSTION,28,50.2182443658,51.9363853138,25.7487794138,67.5459063065,30.3162963524,35.1833379129,4.86704156054,52.7692500142,8.13008519699,-0.0690963908377
P5C-2024-MAR-MAY-MASKING,HIGH_VOLATILITY_NON_TOP_CONTROL,False,2024-03-19,immediate_after,btc_4h_rsi28,MOMENTUM_EXHAUSTION,28,49.8986727803,52.0125321308,35.5990945872,60.3049827363,37.2640018206,38.9381087144,1.6741068937,52.0125321308,6.39397492151,0
P5C-2024-MAR-MAY-MASKING,HIGH_VOLATILITY_NON_TOP_CONTROL,False,2024-03-19,immediate_after,btc_price_rsi_rank_divergence_20d,MOMENTUM_EXHAUSTION,28,0.169642857143,0.15,-0.05,0.4,0.35,-0.05,-0.4,0.05,0.1,0.674490759477
P5C-2024-MAR-MAY-MASKING,HIGH_VOLATILITY_NON_TOP_CONTROL,False,2024-03-19,immediate_after,btc_rsi14_extreme_persistence_14d,MOMENTUM_EXHAUSTION,28,0.0918367346939,0,0,0.571428571429,0.571428571429,0,-0.571428571429,0,0,
P5C-2024-MAR-MAY-MASKING,HIGH_VOLATILITY_NON_TOP_CONTROL,False,2024-03-19,immediate_after,btc_rsi14_failure_from_14d_max,MOMENTUM_EXHAUSTION,28,12.4250058636,11.9500623575,0,29.7232444499,22.8554190381,16.3828973556,-6.47252168257,6.94489455209,5.6201863123,0.600681053398
P5C-2024-MAR-MAY-MASKING,HIGH_VOLATILITY_NON_TOP_CONTROL,False,2024-03-19,immediate_after,eth_btc_log_return_20d,LEADERSHIP_MIGRATION,28,-0.074208511665,-0.0778920703066,-0.138676115622,0.0114832785675,-0.0526637786173,-0.0415588408343,0.011104937783,-0.085881691542,0.0378690216043,0.142304328623
P5C-2024-MAR-MAY-MASKING,HIGH_VOLATILITY_NON_TOP_CONTROL,False,2024-03-19,immediate_after,sol_btc_log_return_20d,LEADERSHIP_MIGRATION,28,0.0817351522959,0.168807753633,-0.233510633992,0.337198903099,0.318417009515,-0.228002788636,-0.546419798151,-0.0620372189436,0.110845596434,1.40468188077
P5C-2024-MAR-MAY-MASKING,HIGH_VOLATILITY_NON_TOP_CONTROL,False,2024-03-19,immediate_after,bnb_btc_log_return_20d,LEADERSHIP_MIGRATION,28,0.10297153219,0.0390708597966,-0.0628610800249,0.320447875178,0.228101954215,0.0192081621287,-0.208893792086,0.00901998919944,0.0632752468535,0.320331180674
P5C-2024-MAR-MAY-MASKING,HIGH_VOLATILITY_NON_TOP_CONTROL,False,2024-03-19,immediate_after,eth_btc_log_return_40d,LEADERSHIP_MIGRATION,28,-0.0999861324807,-0.10936513982,-0.206988819793,0.0182636567324,-0.0176165175762,-0.180234956456,-0.16261843888,-0.172566786877,0.067232408721,0.634053245077
P5C-2024-MAR-MAY-MASKING,HIGH_VOLATILITY_NON_TOP_CONTROL,False,2024-03-19,immediate_after,sol_btc_log_return_40d,LEADERSHIP_MIGRATION,28,0.215515958704,0.219043366972,-0.00789099513959,0.354154489957,0.219837811434,-0.00789099513959,-0.227728806574,0.241830897569,0.403147478085,-0.0381249534093
P5C-2024-MAR-MAY-MASKING,HIGH_VOLATILITY_NON_TOP_CONTROL,False,2024-03-19,immediate_after,bnb_btc_log_return_40d,LEADERSHIP_MIGRATION,28,0.221301332439,0.22486022396,0.121435216816,0.344512623281,0.177271596897,0.171042741929,-0.00622885496841,0.166415815495,0.180070281421,0.218915709696
P5C-2024-MAR-MAY-MASKING,HIGH_VOLATILITY_NON_TOP_CONTROL,False,2024-03-19,immediate_after,brkk_return_dispersion_20d,LEADERSHIP_MIGRATION,28,0.108098363504,0.107385422562,0.0378696652797,0.179115398329,0.154288796643,0.0979950862508,-0.0562937103917,0.0789295421886,0.0299218332181,0.641445603441
P5C-2024-MAR-MAY-MASKING,HIGH_VOLATILITY_NON_TOP_CONTROL,False,2024-03-19,immediate_after,alt_outperformance_breadth_20d,BREADTH,28,0.47619047619,0.5,0,0.666666666667,0.666666666667,0.333333333333,-0.333333333333,0.333333333333,0.333333333333,0.337245379738
P5C-2024-MAR-MAY-MASKING,HIGH_VOLATILITY_NON_TOP_CONTROL,False,2024-03-19,immediate_after,canonical5_outperformance_breadth_20d,BREADTH,28,0.375,0.375,0,0.75,0.5,0.25,-0.25,0.25,0.25,0.337245379738
P5C-2024-MAR-MAY-MASKING,HIGH_VOLATILITY_NON_TOP_CONTROL,False,2024-03-19,immediate_after,high_beta_participation_20d,BREADTH,28,0.696428571429,0.75,0,1,1,0.5,-0.5,0.5,0.5,0.337245379738
P5C-2024-MAR-MAY-MASKING,HIGH_VOLATILITY_NON_TOP_CONTROL,False,2024-03-19,immediate_after,breadth_acceleration_10d,BREADTH,28,-0.0508928571429,-0.05,-0.425,0.2,0,0.025,0.025,-0.05,0.075,-1.24805861845e-16
P5C-2024-MAR-MAY-MASKING,HIGH_VOLATILITY_NON_TOP_CONTROL,False,2024-03-19,immediate_after,breadth_contraction_from_10d_max,BREADTH,28,0.267857142857,0.25,0,0.75,0.25,0,-0.25,0.25,0.25,0
P5C-2024-MAR-MAY-MASKING,HIGH_VOLATILITY_NON_TOP_CONTROL,False,2024-03-19,medium_after,btc_log_return_20d,BTC_TREND_MATURITY,62,0.000982977659276,-0.009303118903,-0.181868356991,0.183896261593,-0.144174345096,-0.0280822280158,0.11609211708,0.000755527703618,0.085095390214,-0.0797277522548
P5C-2024-MAR-MAY-MASKING,HIGH_VOLATILITY_NON_TOP_CONTROL,False,2024-03-19,medium_after,btc_log_return_40d,BTC_TREND_MATURITY,62,-0.00837650687223,-0.0182249150233,-0.159026298956,0.175186245482,-0.105921756248,0.0832337641805,0.189155520428,0.0435747491473,0.130631889362,-0.319089792127
P5C-2024-MAR-MAY-MASKING,HIGH_VOLATILITY_NON_TOP_CONTROL,False,2024-03-19,medium_after,btc_log_slope_20d_ann,BTC_TREND_MATURITY,62,0.0341024533252,-0.269061239124,-1.91536836759,2.91228573836,-1.69875736051,-0.575984588497,1.12277277201,0.108582779267,1.75274708323,-0.145324675313
P5C-2024-MAR-MAY-MASKING,HIGH_VOLATILITY_NON_TOP_CONTROL,False,2024-03-19,medium_after,btc_log_slope_40d_ann,BTC_TREND_MATURITY,62,-0.00251677495566,-0.351961146029,-1.35682559956,1.51741901412,-0.434434601334,0.69241633994,1.12685094127,0.447150970233,1.15168286782,-0.468005345279
P5C-2024-MAR-MAY-MASKING,HIGH_VOLATILITY_NON_TOP_CONTROL,False,2024-03-19,medium_after,btc_kama_gap,BTC_TREND_MATURITY,62,0.00186123418781,0.00410536961371,-0.0940393258502,0.0953097904321,-0.0851651108522,-0.00918946040394,0.0759756504483,0.00489725443393,0.0310249876158,-0.0172157681551
P5C-2024-MAR-MAY-MASKING,HIGH_VOLATILITY_NON_TOP_CONTROL,False,2024-03-19,medium_after,btc_kama_slope_10d,BTC_TREND_MATURITY,62,-0.000637950784905,-0.00236668125042,-0.0473750956136,0.0587713614058,-0.016086810364,-0.00657164434517,0.00951516601886,0.00307386961251,0.0311805414445,-0.117688824937
P5C-2024-MAR-MAY-MASKING,HIGH_VOLATILITY_NON_TOP_CONTROL,False,2024-03-19,medium_after,btc_distance_from_90d_high,BTC_TREND_MATURITY,62,-0.0970098559185,-0.0849178232934,-0.201272135407,-0.0222490266846,-0.161415779225,-0.0714279530857,0.0899878261393,-0.0928870693612,0.05234604993,0.102685548192
P5C-2024-MAR-MAY-MASKING,HIGH_VOLATILITY_NON_TOP_CONTROL,False,2024-03-19,medium_after,btc_consolidation_duration_5pct,BTC_TREND_MATURITY,62,0.225806451613,0,0,3,0,0,0,0,0,
P5C-2024-MAR-MAY-MASKING,HIGH_VOLATILITY_NON_TOP_CONTROL,False,2024-03-19,medium_after,btc_rv20_ann,BTC_TREND_MATURITY,62,0.491554034408,0.519366924888,0.239603551211,0.628173311547,0.562833160173,0.264694428337,-0.298138731836,0.568020362277,0.0861967926653,-0.380713631227
P5C-2024-MAR-MAY-MASKING,HIGH_VOLATILITY_NON_TOP_CONTROL,False,2024-03-19,medium_after,btc_rv20_to_rv60,BTC_TREND_MATURITY,62,0.839576319095,0.820491904366,0.485466853347,1.12098298546,0.815876361262,0.59217652739,-0.223699833872,0.853314865875,0.132314470942,-0.167319447974
P5C-2024-MAR-MAY-MASKING,HIGH_VOLATILITY_NON_TOP_CONTROL,False,2024-03-19,medium_after,btc_daily_rsi14,MOMENTUM_EXHAUSTION,62,50.4764632901,49.9110490796,33.5235089946,66.2792314873,38.7109673495,44.8231636563,6.11219630684,52.9481724203,7.9883783977,-0.256436478932
P5C-2024-MAR-MAY-MASKING,HIGH_VOLATILITY_NON_TOP_CONTROL,False,2024-03-19,medium_after,btc_daily_rsi28,MOMENTUM_EXHAUSTION,62,51.5860699958,51.0442463408,43.2293638742,58.9155847219,47.0417202466,49.5942546894,2.55253444287,53.0677880593,5.06638089239,-0.269395495437
P5C-2024-MAR-MAY-MASKING,HIGH_VOLATILITY_NON_TOP_CONTROL,False,2024-03-19,medium_after,btc_4h_rsi14,MOMENTUM_EXHAUSTION,62,50.8627717616,48.1052568267,36.198572479,81.9855211893,43.8287135918,48.0814329951,4.25271940331,50.0343365383,7.82885122819,-0.166198897104
P5C-2024-MAR-MAY-MASKING,HIGH_VOLATILITY_NON_TOP_CONTROL,False,2024-03-19,medium_after,btc_4h_rsi28,MOMENTUM_EXHAUSTION,62,50.6440381878,49.4040589273,37.4429846742,73.4391942027,42.8186366593,45.5712964434,2.75265978412,50.4558467866,5.23423927681,-0.135534727112
P5C-2024-MAR-MAY-MASKING,HIGH_VOLATILITY_NON_TOP_CONTROL,False,2024-03-19,medium_after,btc_price_rsi_rank_divergence_20d,MOMENTUM_EXHAUSTION,62,0.00241935483871,0,-0.55,0.4,0,0,0,0,0.1,0
P5C-2024-MAR-MAY-MASKING,HIGH_VOLATILITY_NON_TOP_CONTROL,False,2024-03-19,medium_after,btc_rsi14_extreme_persistence_14d,MOMENTUM_EXHAUSTION,62,0,0,0,0,0,0,0,0,0,
P5C-2024-MAR-MAY-MASKING,HIGH_VOLATILITY_NON_TOP_CONTROL,False,2024-03-19,medium_after,btc_rsi14_failure_from_14d_max,MOMENTUM_EXHAUSTION,62,8.31831673088,7.16621695947,0,20.6652526227,20.6652526227,18.0059008062,-2.65935181654,7.58473412328,6.02461118476,-0.0468554651941
P5C-2024-MAR-MAY-MASKING,HIGH_VOLATILITY_NON_TOP_CONTROL,False,2024-03-19,medium_after,eth_btc_log_return_20d,LEADERSHIP_MIGRATION,62,0.0266797659877,0.00256506480465,-0.106152716781,0.18601035557,-0.0319867399,-0.0625788420956,-0.0305921021956,0.0867974712205,0.0967787816766,-0.587049958593
P5C-2024-MAR-MAY-MASKING,HIGH_VOLATILITY_NON_TOP_CONTROL,False,2024-03-19,medium_after,sol_btc_log_return_20d,LEADERSHIP_MIGRATION,62,-0.0268996880726,0.00119702195563,-0.223073494989,0.223660338781,-0.219311393896,-0.135190238957,0.0841211549383,0.0528862046757,0.103917022819,-0.335497256984
P5C-2024-MAR-MAY-MASKING,HIGH_VOLATILITY_NON_TOP_CONTROL,False,2024-03-19,medium_after,bnb_btc_log_return_20d,LEADERSHIP_MIGRATION,62,0.0256045496288,0.0482800693348,-0.127471195432,0.149619333823,0.0558843750076,0.032394009157,-0.0234903658506,0.0558431983245,0.105726806019,-0.0482494535527
P5C-2024-MAR-MAY-MASKING,HIGH_VOLATILITY_NON_TOP_CONTROL,False,2024-03-19,medium_after,eth_btc_log_return_40d,LEADERSHIP_MIGRATION,62,0.00635899371808,-0.0207077256054,-0.168924343547,0.168373924665,-0.157041911179,0.0828196837127,0.239861594892,0.1098868465,0.128295939621,-0.68657536928
P5C-2024-MAR-MAY-MASKING,HIGH_VOLATILITY_NON_TOP_CONTROL,False,2024-03-19,medium_after,sol_btc_log_return_40d,LEADERSHIP_MIGRATION,62,-0.0371949860841,-0.0160473632807,-0.301452664583,0.179380551208,0.0122264056155,-0.0755966627765,-0.087823068392,0.076412776403,0.14435909389,-0.432002641165
P5C-2024-MAR-MAY-MASKING,HIGH_VOLATILITY_NON_TOP_CONTROL,False,2024-03-19,medium_after,bnb_btc_log_return_40d,LEADERSHIP_MIGRATION,62,0.054953930716,0.0431386486493,-0.0684205232143,0.200707827025,0.200707827025,-0.0569098366123,-0.257617663638,0.0758123985965,0.146003845999,-0.150942204749
P5C-2024-MAR-MAY-MASKING,HIGH_VOLATILITY_NON_TOP_CONTROL,False,2024-03-19,medium_after,brkk_return_dispersion_20d,LEADERSHIP_MIGRATION,62,0.0707707861631,0.0777285942498,0.019333188238,0.12568740891,0.103316344437,0.0640403299013,-0.0392760145353,0.0871118885568,0.0274717240831,-0.230380346148
P5C-2024-MAR-MAY-MASKING,HIGH_VOLATILITY_NON_TOP_CONTROL,False,2024-03-19,medium_after,alt_outperformance_breadth_20d,BREADTH,62,0.564516129032,0.666666666667,0,1,0.333333333333,0.333333333333,0,0.666666666667,0.333333333333,0
P5C-2024-MAR-MAY-MASKING,HIGH_VOLATILITY_NON_TOP_CONTROL,False,2024-03-19,medium_after,canonical5_outperformance_breadth_20d,BREADTH,62,0.467741935484,0.5,0,1,0.25,0.25,0,0.5,0.25,0
P5C-2024-MAR-MAY-MASKING,HIGH_VOLATILITY_NON_TOP_CONTROL,False,2024-03-19,medium_after,high_beta_participation_20d,BREADTH,62,0.572580645161,0.5,0,1,0.5,0.5,0,0.5,0.5,0
P5C-2024-MAR-MAY-MASKING,HIGH_VOLATILITY_NON_TOP_CONTROL,False,2024-03-19,medium_after,breadth_acceleration_10d,BREADTH,62,0.00201612903226,0.025,-0.575,0.5,0.025,-0.05,-0.075,0.0125,0.1125,0.0749434177196
P5C-2024-MAR-MAY-MASKING,HIGH_VOLATILITY_NON_TOP_CONTROL,False,2024-03-19,medium_after,breadth_contraction_from_10d_max,BREADTH,62,0.193548387097,0,0,0.75,0,0.25,0.25,0,0,
P5C-2025-PRE-JUNE-HIGH-VOL,HIGH_VOLATILITY_NON_TOP_CONTROL,False,2025-03-10,early_warning,btc_log_return_20d,BTC_TREND_MATURITY,14,-0.0611855279037,-0.0600475687172,-0.085652379253,-0.0118361282042,-0.085652379253,-0.051335825013,0.0343165542401,0.0895088842087,0.132691383645,-0.76021850664
P5C-2025-PRE-JUNE-HIGH-VOL,HIGH_VOLATILITY_NON_TOP_CONTROL,False,2025-03-10,early_warning,btc_log_return_40d,BTC_TREND_MATURITY,14,0.00481938140962,0.00221796200673,-0.0467133692733,0.0384175202099,0.0295719018784,-0.00314139653207,-0.0327132984105,0.347072013433,0.0998727764841,-2.32897171025
P5C-2025-PRE-JUNE-HIGH-VOL,HIGH_VOLATILITY_NON_TOP_CONTROL,False,2025-03-10,early_warning,btc_log_slope_20d_ann,BTC_TREND_MATURITY,14,-1.10315814119,-1.28515350891,-1.86575218424,-0.0759802607981,-1.79265105134,-0.0759802607981,1.71667079054,1.43405246584,2.16506091005,-0.847125960552
P5C-2025-PRE-JUNE-HIGH-VOL,HIGH_VOLATILITY_NON_TOP_CONTROL,False,2025-03-10,early_warning,btc_log_slope_40d_ann,BTC_TREND_MATURITY,14,-0.244100671781,-0.134981966358,-0.851396023089,0.211338121542,0.211338121542,-0.851396023089,-1.06273414463,2.2394973342,1.33334300259,-1.20116454932
P5C-2025-PRE-JUNE-HIGH-VOL,HIGH_VOLATILITY_NON_TOP_CONTROL,False,2025-03-10,early_warning,btc_kama_gap,BTC_TREND_MATURITY,14,-0.0219134033953,-0.022486798898,-0.0344889609463,-0.00454042641224,-0.020531982652,-0.0243959231395,-0.00386394048754,0.0500264608607,0.0417466923959,-1.17157841352
P5C-2025-PRE-JUNE-HIGH-VOL,HIGH_VOLATILITY_NON_TOP_CONTROL,False,2025-03-10,early_warning,btc_kama_slope_10d,BTC_TREND_MATURITY,14,-0.0167309657951,-0.0190601654427,-0.0286318484527,-0.00255876101978,-0.0266484398979,-0.00255876101978,0.0240896788781,0.0289828035595,0.0428528480186,-0.756181680986
P5C-2025-PRE-JUNE-HIGH-VOL,HIGH_VOLATILITY_NON_TOP_CONTROL,False,2025-03-10,early_warning,btc_distance_from_90d_high,BTC_TREND_MATURITY,14,-0.0886573182364,-0.0901064706358,-0.0986593472894,-0.0738509316887,-0.0820867385402,-0.093136086491,-0.0110493479507,-0.0249122840479,0.0249122840479,-1.76510818279
P5C-2025-PRE-JUNE-HIGH-VOL,HIGH_VOLATILITY_NON_TOP_CONTROL,False,2025-03-10,early_warning,btc_consolidation_duration_5pct,BTC_TREND_MATURITY,14,0,0,0,0,0,0,0,2.5,2.5,-0.674490759477
P5C-2025-PRE-JUNE-HIGH-VOL,HIGH_VOLATILITY_NON_TOP_CONTROL,False,2025-03-10,early_warning,btc_rv20_ann,BTC_TREND_MATURITY,14,0.331277973119,0.334958299607,0.260655489389,0.351371906113,0.337631534258,0.260655489389,-0.0769760448688,0.536399533768,0.195916887306,-0.693509645273
P5C-2025-PRE-JUNE-HIGH-VOL,HIGH_VOLATILITY_NON_TOP_CONTROL,False,2025-03-10,early_warning,btc_rv20_to_rv60,BTC_TREND_MATURITY,14,0.818993583986,0.827666564855,0.681928145135,0.884429964831,0.797482408715,0.681928145135,-0.11555426358,0.99008418923,0.124549004872,-0.87956693777
P5C-2025-PRE-JUNE-HIGH-VOL,HIGH_VOLATILITY_NON_TOP_CONTROL,False,2025-03-10,early_warning,btc_daily_rsi14,MOMENTUM_EXHAUSTION,14,45.1818749887,45.1230495168,41.2393254624,51.0461980139,44.9633428747,45.282756159,0.319413284278,61.8858657476,10.55335837,-1.07135228939
P5C-2025-PRE-JUNE-HIGH-VOL,HIGH_VOLATILITY_NON_TOP_CONTROL,False,2025-03-10,early_warning,btc_daily_rsi28,MOMENTUM_EXHAUSTION,14,48.7116139764,48.5836701815,47.3897087197,50.88641896,49.3145364814,48.2884490015,-1.02608747989,60.0410083347,7.54847011662,-1.02376621927
P5C-2025-PRE-JUNE-HIGH-VOL,HIGH_VOLATILITY_NON_TOP_CONTROL,False,2025-03-10,early_warning,btc_4h_rsi14,MOMENTUM_EXHAUSTION,14,49.4168026391,48.973779416,39.1083578161,63.9897493751,45.6239888195,48.1840120229,2.56002320344,56.2399971272,7.11310128299,-0.689009829547
P5C-2025-PRE-JUNE-HIGH-VOL,HIGH_VOLATILITY_NON_TOP_CONTROL,False,2025-03-10,early_warning,btc_4h_rsi28,MOMENTUM_EXHAUSTION,14,48.3004148564,47.9611076029,44.1078137128,56.2550557948,45.1315844709,48.9488199456,3.81723547473,54.832052947,5.42577387822,-0.854143436036
P5C-2025-PRE-JUNE-HIGH-VOL,HIGH_VOLATILITY_NON_TOP_CONTROL,False,2025-03-10,early_warning,btc_price_rsi_rank_divergence_20d,MOMENTUM_EXHAUSTION,14,-0.182142857143,-0.15,-0.4,0,-0.1,-0.4,-0.3,0.05,0.175,-0.770846582259
P5C-2025-PRE-JUNE-HIGH-VOL,HIGH_VOLATILITY_NON_TOP_CONTROL,False,2025-03-10,early_warning,btc_rsi14_extreme_persistence_14d,MOMENTUM_EXHAUSTION,14,0,0,0,0,0,0,0,0,0,
P5C-2025-PRE-JUNE-HIGH-VOL,HIGH_VOLATILITY_NON_TOP_CONTROL,False,2025-03-10,early_warning,btc_rsi14_failure_from_14d_max,MOMENTUM_EXHAUSTION,14,6.79221885775,5.37436638885,0,17.6204170641,13.8963996518,5.76344185491,-8.13295779688,5.81930035139,3.60287467836,-0.0832956661288
P5C-2025-PRE-JUNE-HIGH-VOL,HIGH_VOLATILITY_NON_TOP_CONTROL,False,2025-03-10,early_warning,eth_btc_log_return_20d,LEADERSHIP_MIGRATION,14,-0.10042244616,-0.121836752656,-0.145879635255,0.0302072035195,-0.137807521823,0.0302072035195,0.168014725343,0.0326272322803,0.0685174948848,-1.52055370219
P5C-2025-PRE-JUNE-HIGH-VOL,HIGH_VOLATILITY_NON_TOP_CONTROL,False,2025-03-10,early_warning,sol_btc_log_return_20d,LEADERSHIP_MIGRATION,14,-0.189062051577,-0.185133230361,-0.263807675662,-0.136463058559,-0.136463058559,-0.201631266745,-0.0651682081867,0.097577644935,0.30707181567,-0.62098135765
P5C-2025-PRE-JUNE-HIGH-VOL,HIGH_VOLATILITY_NON_TOP_CONTROL,False,2025-03-10,early_warning,bnb_btc_log_return_20d,LEADERSHIP_MIGRATION,14,0.0457588813275,0.0471877632885,-0.0266973138756,0.115969528024,-0.0266973138756,0.115969528024,0.1426668419,0.0824493282032,0.0834109434606,-0.285137641572
P5C-2025-PRE-JUNE-HIGH-VOL,HIGH_VOLATILITY_NON_TOP_CONTROL,False,2025-03-10,early_warning,eth_btc_log_return_40d,LEADERSHIP_MIGRATION,14,-0.230420676639,-0.226209098252,-0.295783815199,-0.131359933645,-0.262852573522,-0.131359933645,0.131492639876,0.056136721709,0.204038750218,-0.933350387302
P5C-2025-PRE-JUNE-HIGH-VOL,HIGH_VOLATILITY_NON_TOP_CONTROL,False,2025-03-10,early_warning,sol_btc_log_return_40d,LEADERSHIP_MIGRATION,14,-0.0857521994189,-0.0959685374711,-0.126772909366,0.00179229026045,0.00179229026045,-0.107403939785,-0.109196230045,0.25194929216,0.400474989881,-0.585972575248
P5C-2025-PRE-JUNE-HIGH-VOL,HIGH_VOLATILITY_NON_TOP_CONTROL,False,2025-03-10,early_warning,bnb_btc_log_return_40d,LEADERSHIP_MIGRATION,14,-0.0695167775573,-0.0600797238716,-0.164250296672,-0.0223264384039,-0.164250296672,-0.0565089400778,0.107741356594,0.0307187168272,0.0984400435606,-0.622132081733
P5C-2025-PRE-JUNE-HIGH-VOL,HIGH_VOLATILITY_NON_TOP_CONTROL,False,2025-03-10,early_warning,brkk_return_dispersion_20d,LEADERSHIP_MIGRATION,14,0.0939447269312,0.0915010242891,0.0626107172276,0.118218837328,0.0626107172276,0.116455756551,0.0538450393233,0.121383396571,0.064538834859,-0.312298541174
P5C-2025-PRE-JUNE-HIGH-VOL,HIGH_VOLATILITY_NON_TOP_CONTROL,False,2025-03-10,early_warning,alt_outperformance_breadth_20d,BREADTH,14,0.309523809524,0.333333333333,0,0.666666666667,0,0.666666666667,0.666666666667,0.666666666667,0.333333333333,-0.674490759477
P5C-2025-PRE-JUNE-HIGH-VOL,HIGH_VOLATILITY_NON_TOP_CONTROL,False,2025-03-10,early_warning,canonical5_outperformance_breadth_20d,BREADTH,14,0.267857142857,0.25,0,0.75,0,0.75,0.75,0.75,0.25,-1.34898151895
P5C-2025-PRE-JUNE-HIGH-VOL,HIGH_VOLATILITY_NON_TOP_CONTROL,False,2025-03-10,early_warning,high_beta_participation_20d,BREADTH,14,0.428571428571,0.5,0,0.5,0,0.5,0.5,0.75,0.25,-0.674490759477
P5C-2025-PRE-JUNE-HIGH-VOL,HIGH_VOLATILITY_NON_TOP_CONTROL,False,2025-03-10,early_warning,breadth_acceleration_10d,BREADTH,14,0.107142857143,0.1125,-0.125,0.425,-0.125,0.425,0.55,0,0.125,0.607041683529
P5C-2025-PRE-JUNE-HIGH-VOL,HIGH_VOLATILITY_NON_TOP_CONTROL,False,2025-03-10,early_warning,breadth_contraction_from_10d_max,BREADTH,14,0.0535714285714,0,0,0.5,0.5,0,-0.5,0,0,
P5C-2025-PRE-JUNE-HIGH-VOL,HIGH_VOLATILITY_NON_TOP_CONTROL,False,2025-03-10,target_lead,btc_log_return_20d,BTC_TREND_MATURITY,8,-0.100521675145,-0.109592708597,-0.136316424754,-0.0329795822927,-0.0656307832504,-0.105125857452,-0.0394950742014,0.127208351272,0.205904321304,-0.775700702657
P5C-2025-PRE-JUNE-HIGH-VOL,HIGH_VOLATILITY_NON_TOP_CONTROL,False,2025-03-10,target_lead,btc_log_return_40d,BTC_TREND_MATURITY,8,-0.161775913268,-0.177922618662,-0.211345984285,-0.093214630147,-0.093214630147,-0.184657092677,-0.0914424625299,0.203062591735,0.253540587619,-1.01353004788
P5C-2025-PRE-JUNE-HIGH-VOL,HIGH_VOLATILITY_NON_TOP_CONTROL,False,2025-03-10,target_lead,btc_log_slope_20d_ann,BTC_TREND_MATURITY,8,-1.83694202085,-2.17044460154,-2.74303966658,-0.301326017248,-0.301326017248,-2.74269436037,-2.44136834312,2.9833617162,4.06618692936,-0.854902835958
P5C-2025-PRE-JUNE-HIGH-VOL,HIGH_VOLATILITY_NON_TOP_CONTROL,False,2025-03-10,target_lead,btc_log_slope_40d_ann,BTC_TREND_MATURITY,8,-1.36670259356,-1.44122319704,-1.62146931016,-0.952056387675,-0.952056387675,-1.59915762654,-0.647101238862,2.01729961081,2.33461358689,-0.99919819213
P5C-2025-PRE-JUNE-HIGH-VOL,HIGH_VOLATILITY_NON_TOP_CONTROL,False,2025-03-10,target_lead,btc_kama_gap,BTC_TREND_MATURITY,8,-0.0518707797017,-0.0652866787728,-0.0994487253022,0.0491903388951,-0.0632976370803,-0.0378651302066,0.0254325068737,0.0299726863565,0.0598170839786,-1.07413396407
P5C-2025-PRE-JUNE-HIGH-VOL,HIGH_VOLATILITY_NON_TOP_CONTROL,False,2025-03-10,target_lead,btc_kama_slope_10d,BTC_TREND_MATURITY,8,-0.0652416463227,-0.0772959487654,-0.0923714838776,-0.0118151438724,-0.0118151438724,-0.0923714838776,-0.0805563400052,0.0883569849308,0.121019937429,-0.923247651846
P5C-2025-PRE-JUNE-HIGH-VOL,HIGH_VOLATILITY_NON_TOP_CONTROL,False,2025-03-10,target_lead,btc_distance_from_90d_high,BTC_TREND_MATURITY,8,-0.175532510984,-0.188435370048,-0.206264764166,-0.111865391692,-0.137463867421,-0.187700141186,-0.0502362737652,-0.0858433272357,0.0779198726861,-0.888058238384
P5C-2025-PRE-JUNE-HIGH-VOL,HIGH_VOLATILITY_NON_TOP_CONTROL,False,2025-03-10,target_lead,btc_consolidation_duration_5pct,BTC_TREND_MATURITY,8,0,0,0,0,0,0,0,0,0,
P5C-2025-PRE-JUNE-HIGH-VOL,HIGH_VOLATILITY_NON_TOP_CONTROL,False,2025-03-10,target_lead,btc_rv20_ann,BTC_TREND_MATURITY,8,0.426605038416,0.381169786613,0.299890624178,0.681338139145,0.299890624178,0.681338139145,0.381447514967,0.687091261371,0.0544428981356,-3.79004819575
P5C-2025-PRE-JUNE-HIGH-VOL,HIGH_VOLATILITY_NON_TOP_CONTROL,False,2025-03-10,target_lead,btc_rv20_to_rv60,BTC_TREND_MATURITY,8,0.976894768995,0.922562234595,0.76683248582,1.31591267206,0.76683248582,1.31591267206,0.549080186239,1.06665746709,0.109058167358,-0.891184082381
P5C-2025-PRE-JUNE-HIGH-VOL,HIGH_VOLATILITY_NON_TOP_CONTROL,False,2025-03-10,target_lead,btc_daily_rsi14,MOMENTUM_EXHAUSTION,8,32.5677186262,30.4067132953,24.1335278251,51.185933847,34.3381759823,39.1609083656,4.82273238331,60.3120922753,15.7844104579,-1.27790023165
P5C-2025-PRE-JUNE-HIGH-VOL,HIGH_VOLATILITY_NON_TOP_CONTROL,False,2025-03-10,target_lead,btc_daily_rsi28,MOMENTUM_EXHAUSTION,8,40.1516106065,39.3563751451,35.9656559783,48.9245847283,42.7520185201,41.9036936485,-0.848324871556,60.4872774422,11.62490618,-1.22603985943
P5C-2025-PRE-JUNE-HIGH-VOL,HIGH_VOLATILITY_NON_TOP_CONTROL,False,2025-03-10,target_lead,btc_4h_rsi14,MOMENTUM_EXHAUSTION,8,39.707154237,37.3156385425,20.7357614182,72.9354788024,47.6719104966,72.9354788024,25.2635683057,55.1266125516,12.4114615945,-0.967922858642
P5C-2025-PRE-JUNE-HIGH-VOL,HIGH_VOLATILITY_NON_TOP_CONTROL,False,2025-03-10,target_lead,btc_4h_rsi28,MOMENTUM_EXHAUSTION,8,39.691635969,36.5692646237,26.8105240617,59.8079388812,48.2681658509,59.8079388812,11.5397730303,58.7882962886,9.80867514322,-1.52788539978
P5C-2025-PRE-JUNE-HIGH-VOL,HIGH_VOLATILITY_NON_TOP_CONTROL,False,2025-03-10,target_lead,btc_price_rsi_rank_divergence_20d,MOMENTUM_EXHAUSTION,8,-0.1,0,-0.65,0,0,-0.1,-0.1,0,0.075,0
P5C-2025-PRE-JUNE-HIGH-VOL,HIGH_VOLATILITY_NON_TOP_CONTROL,False,2025-03-10,target_lead,btc_rsi14_extreme_persistence_14d,MOMENTUM_EXHAUSTION,8,0,0,0,0,0,0,0,0.214285714286,0.214285714286,-0.674490759477
P5C-2025-PRE-JUNE-HIGH-VOL,HIGH_VOLATILITY_NON_TOP_CONTROL,False,2025-03-10,target_lead,btc_rsi14_failure_from_14d_max,MOMENTUM_EXHAUSTION,8,18.5134133459,20.6394847186,0,26.9126701888,16.7080220316,12.0250254814,-4.68299655017,14.4485264679,7.63531949898,0.546898415052
P5C-2025-PRE-JUNE-HIGH-VOL,HIGH_VOLATILITY_NON_TOP_CONTROL,False,2025-03-10,target_lead,eth_btc_log_return_20d,LEADERSHIP_MIGRATION,8,-0.0294996668143,-0.0237307920579,-0.0863739746131,0.00268107764366,-0.0174224672558,-0.0863739746131,-0.0689515073573,-0.0142936558819,0.0789531732529,-0.0806207133212
P5C-2025-PRE-JUNE-HIGH-VOL,HIGH_VOLATILITY_NON_TOP_CONTROL,False,2025-03-10,target_lead,sol_btc_log_return_20d,LEADERSHIP_MIGRATION,8,-0.203015116632,-0.210635105854,-0.310859232064,-0.081920647015,-0.310859232064,-0.225985948785,0.0848732832785,0.183745627323,0.324317318986,-0.820203376974
P5C-2025-PRE-JUNE-HIGH-VOL,HIGH_VOLATILITY_NON_TOP_CONTROL,False,2025-03-10,target_lead,bnb_btc_log_return_20d,LEADERSHIP_MIGRATION,8,0.115685455113,0.118393831131,-0.00335251438669,0.203696484898,0.135606833159,-0.00335251438669,-0.138959347545,0.0652007942535,0.0992768466183,0.361395562656
P5C-2025-PRE-JUNE-HIGH-VOL,HIGH_VOLATILITY_NON_TOP_CONTROL,False,2025-03-10,target_lead,eth_btc_log_return_40d,LEADERSHIP_MIGRATION,8,-0.188325026707,-0.182148552083,-0.22671111348,-0.149487965342,-0.223915922429,-0.22671111348,-0.00279519105143,0.0637412692042,0.0588851102576,-2.81650847867
P5C-2025-PRE-JUNE-HIGH-VOL,HIGH_VOLATILITY_NON_TOP_CONTROL,False,2025-03-10,target_lead,sol_btc_log_return_40d,LEADERSHIP_MIGRATION,8,-0.321431422159,-0.31436813236,-0.432789723901,-0.218383705574,-0.279493562478,-0.408865606407,-0.129372043929,0.276226159194,0.552177671117,-0.721417060287
P5C-2025-PRE-JUNE-HIGH-VOL,HIGH_VOLATILITY_NON_TOP_CONTROL,False,2025-03-10,target_lead,bnb_btc_log_return_40d,LEADERSHIP_MIGRATION,8,0.0166702760909,0.0241468451628,-0.058173713495,0.0567038885147,-0.058173713495,-0.00372141782521,0.0544522956697,0.0608554568141,0.0646096128323,-0.383218816313
P5C-2025-PRE-JUNE-HIGH-VOL,HIGH_VOLATILITY_NON_TOP_CONTROL,False,2025-03-10,target_lead,brkk_return_dispersion_20d,LEADERSHIP_MIGRATION,8,0.115591053733,0.125149570048,0.0445707100865,0.162822999536,0.162822999536,0.0916825583857,-0.0711404411502,0.23637770159,0.173514729559,-0.432368751109
P5C-2025-PRE-JUNE-HIGH-VOL,HIGH_VOLATILITY_NON_TOP_CONTROL,False,2025-03-10,target_lead,alt_outperformance_breadth_20d,BREADTH,8,0.333333333333,0.333333333333,0,0.666666666667,0.333333333333,0,-0.333333333333,0.666666666667,0,
P5C-2025-PRE-JUNE-HIGH-VOL,HIGH_VOLATILITY_NON_TOP_CONTROL,False,2025-03-10,target_lead,canonical5_outperformance_breadth_20d,BREADTH,8,0.46875,0.5,0.25,0.75,0.25,0.25,0,0.5,0,
P5C-2025-PRE-JUNE-HIGH-VOL,HIGH_VOLATILITY_NON_TOP_CONTROL,False,2025-03-10,target_lead,high_beta_participation_20d,BREADTH,8,0.4375,0.5,0,0.5,0.5,0,-0.5,0.5,0,
P5C-2025-PRE-JUNE-HIGH-VOL,HIGH_VOLATILITY_NON_TOP_CONTROL,False,2025-03-10,target_lead,breadth_acceleration_10d,BREADTH,8,0.04375,0.0375,-0.25,0.325,-0.075,-0.25,-0.175,-0.0875,0.1125,0.749434177196
P5C-2025-PRE-JUNE-HIGH-VOL,HIGH_VOLATILITY_NON_TOP_CONTROL,False,2025-03-10,target_lead,breadth_contraction_from_10d_max,BREADTH,8,0.28125,0.25,0,0.5,0.5,0.5,0,0.25,0.25,0
P5C-2025-PRE-JUNE-HIGH-VOL,HIGH_VOLATILITY_NON_TOP_CONTROL,False,2025-03-10,near_event,btc_log_return_20d,BTC_TREND_MATURITY,7,-0.121789085891,-0.114495938384,-0.196603930752,-0.0641424562891,-0.114495938384,-0.196603930752,-0.0821079923677,-0.00123062583392,0.168594126065,-0.453138009416
P5C-2025-PRE-JUNE-HIGH-VOL,HIGH_VOLATILITY_NON_TOP_CONTROL,False,2025-03-10,near_event,btc_log_return_40d,BTC_TREND_MATURITY,7,-0.187731454541,-0.16885395797,-0.277503577601,-0.146205709253,-0.174384385045,-0.277503577601,-0.103119192556,0.169330707639,0.23902140654,-0.954318005454
P5C-2025-PRE-JUNE-HIGH-VOL,HIGH_VOLATILITY_NON_TOP_CONTROL,False,2025-03-10,near_event,btc_log_slope_20d_ann,BTC_TREND_MATURITY,7,-2.57663992634,-2.61327092885,-2.96243745128,-2.32662801739,-2.76945624598,-2.96243745128,-0.192981205303,-0.199090262558,2.41663641042,-0.673805353631
P5C-2025-PRE-JUNE-HIGH-VOL,HIGH_VOLATILITY_NON_TOP_CONTROL,False,2025-03-10,near_event,btc_log_slope_40d_ann,BTC_TREND_MATURITY,7,-1.62736068951,-1.5858253394,-1.79902841045,-1.53807001251,-1.62809999693,-1.79902841045,-0.170928413515,2.23747390236,2.78737687575,-0.925163737893
P5C-2025-PRE-JUNE-HIGH-VOL,HIGH_VOLATILITY_NON_TOP_CONTROL,False,2025-03-10,near_event,btc_kama_gap,BTC_TREND_MATURITY,7,-0.0409062779129,-0.0300105112863,-0.116815659069,0.0122347990168,-0.0245820761409,-0.116815659069,-0.0922335829278,-0.0272962937136,0.0469505050891,-0.0389924382821
P5C-2025-PRE-JUNE-HIGH-VOL,HIGH_VOLATILITY_NON_TOP_CONTROL,False,2025-03-10,near_event,btc_kama_slope_10d,BTC_TREND_MATURITY,7,-0.0610273921799,-0.0689236439369,-0.0932571388184,-0.0159507968455,-0.0932571388184,-0.0159507968455,0.0773063419729,0.0241968715392,0.0549435703312,-1.14315336313
P5C-2025-PRE-JUNE-HIGH-VOL,HIGH_VOLATILITY_NON_TOP_CONTROL,False,2025-03-10,near_event,btc_distance_from_90d_high,BTC_TREND_MATURITY,7,-0.192235712424,-0.182225116827,-0.259534280941,-0.146384499823,-0.17770078371,-0.259534280941,-0.0818334972305,-0.147376034667,0.0480115180974,-0.489578018461
P5C-2025-PRE-JUNE-HIGH-VOL,HIGH_VOLATILITY_NON_TOP_CONTROL,False,2025-03-10,near_event,btc_consolidation_duration_5pct,BTC_TREND_MATURITY,7,0,0,0,0,0,0,0,0,0,
P5C-2025-PRE-JUNE-HIGH-VOL,HIGH_VOLATILITY_NON_TOP_CONTROL,False,2025-03-10,near_event,btc_rv20_ann,BTC_TREND_MATURITY,7,0.713918524823,0.707885348005,0.675391545499,0.756295729926,0.675391545499,0.756295729926,0.0809041844273,0.754724599989,0.0638473157884,-0.494815518148
P5C-2025-PRE-JUNE-HIGH-VOL,HIGH_VOLATILITY_NON_TOP_CONTROL,False,2025-03-10,near_event,btc_rv20_to_rv60,BTC_TREND_MATURITY,7,1.36350438016,1.35390909431,1.30440813469,1.42535303924,1.30440813469,1.42535303924,0.120944904541,1.22155517951,0.163055181111,0.547492523103
P5C-2025-PRE-JUNE-HIGH-VOL,HIGH_VOLATILITY_NON_TOP_CONTROL,False,2025-03-10,near_event,btc_daily_rsi14,MOMENTUM_EXHAUSTION,7,40.3881967843,41.1249696714,32.1359163584,46.9059438959,41.1249696714,32.1359163584,-8.98905331302,50.6933814377,5.60332262859,-1.15178185285
P5C-2025-PRE-JUNE-HIGH-VOL,HIGH_VOLATILITY_NON_TOP_CONTROL,False,2025-03-10,near_event,btc_daily_rsi28,MOMENTUM_EXHAUSTION,7,42.4879736056,43.0217717296,37.3646100083,46.3736936286,43.0217717296,37.3646100083,-5.65716172134,54.8202975858,8.18573032011,-0.972179189178
P5C-2025-PRE-JUNE-HIGH-VOL,HIGH_VOLATILITY_NON_TOP_CONTROL,False,2025-03-10,near_event,btc_4h_rsi14,MOMENTUM_EXHAUSTION,7,46.1184729334,44.8595310354,27.1400969651,57.7654699059,44.7593356244,27.1400969651,-17.6192386592,46.8785090792,6.3841789324,-0.213305743548
P5C-2025-PRE-JUNE-HIGH-VOL,HIGH_VOLATILITY_NON_TOP_CONTROL,False,2025-03-10,near_event,btc_4h_rsi28,MOMENTUM_EXHAUSTION,7,47.1401254819,47.093557789,37.8533052592,53.1842300543,45.2534859221,37.8533052592,-7.40018066287,49.3431828804,4.13598836667,-0.366865474922
P5C-2025-PRE-JUNE-HIGH-VOL,HIGH_VOLATILITY_NON_TOP_CONTROL,False,2025-03-10,near_event,btc_price_rsi_rank_divergence_20d,MOMENTUM_EXHAUSTION,7,-0.235714285714,-0.25,-0.45,-0.1,-0.1,-0.25,-0.15,0.1,0.225,-1.04920784807
P5C-2025-PRE-JUNE-HIGH-VOL,HIGH_VOLATILITY_NON_TOP_CONTROL,False,2025-03-10,near_event,btc_rsi14_extreme_persistence_14d,MOMENTUM_EXHAUSTION,7,0,0,0,0,0,0,0,0.25,0.25,-0.674490759477
P5C-2025-PRE-JUNE-HIGH-VOL,HIGH_VOLATILITY_NON_TOP_CONTROL,False,2025-03-10,near_event,btc_rsi14_failure_from_14d_max,MOMENTUM_EXHAUSTION,7,10.7977370628,10.0609641756,4.27998995106,19.0500174886,10.0609641756,19.0500174886,8.98905331302,17.8733175829,6.65443911858,-0.791856396777
P5C-2025-PRE-JUNE-HIGH-VOL,HIGH_VOLATILITY_NON_TOP_CONTROL,False,2025-03-10,near_event,eth_btc_log_return_20d,LEADERSHIP_MIGRATION,7,-0.12190896059,-0.117407617652,-0.162904911439,-0.0801254798273,-0.117407617652,-0.162904911439,-0.0454972937872,-0.110640207395,0.054164303556,-0.0842723968404
P5C-2025-PRE-JUNE-HIGH-VOL,HIGH_VOLATILITY_NON_TOP_CONTROL,False,2025-03-10,near_event,sol_btc_log_return_20d,LEADERSHIP_MIGRATION,7,-0.202320989686,-0.209175919675,-0.249447894732,-0.161793666498,-0.19230599826,-0.161793666498,0.0305123317618,0.34766624348,0.226772711877,-1.65621732185
P5C-2025-PRE-JUNE-HIGH-VOL,HIGH_VOLATILITY_NON_TOP_CONTROL,False,2025-03-10,near_event,bnb_btc_log_return_20d,LEADERSHIP_MIGRATION,7,-0.0211397481766,-0.0178836209758,-0.0622709309474,0.009531851698,-0.0622709309474,-0.00188012187534,0.060390809072,0.0675905142324,0.167583887986,-0.34401585418
P5C-2025-PRE-JUNE-HIGH-VOL,HIGH_VOLATILITY_NON_TOP_CONTROL,False,2025-03-10,near_event,eth_btc_log_return_40d,LEADERSHIP_MIGRATION,7,-0.232652930946,-0.243584234607,-0.257643490959,-0.193615993547,-0.255627572046,-0.235057711296,0.0205698607493,-0.0214054356725,0.0615482875744,-2.43479636459
P5C-2025-PRE-JUNE-HIGH-VOL,HIGH_VOLATILITY_NON_TOP_CONTROL,False,2025-03-10,near_event,sol_btc_log_return_40d,LEADERSHIP_MIGRATION,7,-0.385938637324,-0.379150741223,-0.429273729077,-0.357620334853,-0.384155375008,-0.379150741223,0.00500463378496,0.64209414506,0.635898975972,-1.08322275234
P5C-2025-PRE-JUNE-HIGH-VOL,HIGH_VOLATILITY_NON_TOP_CONTROL,False,2025-03-10,near_event,bnb_btc_log_return_40d,LEADERSHIP_MIGRATION,7,0.0318069533508,0.0325066047016,0.00798777602805,0.0522362242001,0.00798777602805,0.0489446981816,0.0409569221536,0.132765280694,0.0959608630181,-0.704699274136
P5C-2025-PRE-JUNE-HIGH-VOL,HIGH_VOLATILITY_NON_TOP_CONTROL,False,2025-03-10,near_event,brkk_return_dispersion_20d,LEADERSHIP_MIGRATION,7,0.0831431312413,0.0820119238087,0.0708002272507,0.0997584457389,0.0708002272507,0.0807083077436,0.00990808049292,0.172971471338,0.0903395002381,-0.679120142716
P5C-2025-PRE-JUNE-HIGH-VOL,HIGH_VOLATILITY_NON_TOP_CONTROL,False,2025-03-10,near_event,alt_outperformance_breadth_20d,BREADTH,7,0.047619047619,0,0,0.333333333333,0,0,0,0.666666666667,0,
P5C-2025-PRE-JUNE-HIGH-VOL,HIGH_VOLATILITY_NON_TOP_CONTROL,False,2025-03-10,near_event,canonical5_outperformance_breadth_20d,BREADTH,7,0.142857142857,0.25,0,0.25,0.25,0,-0.25,0.5,0,
P5C-2025-PRE-JUNE-HIGH-VOL,HIGH_VOLATILITY_NON_TOP_CONTROL,False,2025-03-10,near_event,high_beta_participation_20d,BREADTH,7,0.0714285714286,0,0,0.5,0,0,0,0.75,0.25,-2.02347227843
P5C-2025-PRE-JUNE-HIGH-VOL,HIGH_VOLATILITY_NON_TOP_CONTROL,False,2025-03-10,near_event,breadth_acceleration_10d,BREADTH,7,-0.225,-0.225,-0.35,-0.15,-0.225,-0.225,-2.77555756156e-17,-0.05,0.1,-1.18035882908
P5C-2025-PRE-JUNE-HIGH-VOL,HIGH_VOLATILITY_NON_TOP_CONTROL,False,2025-03-10,near_event,breadth_contraction_from_10d_max,BREADTH,7,0.535714285714,0.5,0.5,0.75,0.5,0.5,0,0.25,0,
P5C-2025-PRE-JUNE-HIGH-VOL,HIGH_VOLATILITY_NON_TOP_CONTROL,False,2025-03-10,immediate_after,btc_log_return_20d,BTC_TREND_MATURITY,28,-0.0410496968956,-0.0197313364394,-0.170364505245,0.0471449226613,-0.153005020218,-0.0438892770908,0.109115743127,0.030811960361,0.0548090158419,-0.621995964017
P5C-2025-PRE-JUNE-HIGH-VOL,HIGH_VOLATILITY_NON_TOP_CONTROL,False,2025-03-10,immediate_after,btc_log_return_40d,BTC_TREND_MATURITY,28,-0.14170372063,-0.141666877428,-0.233285263757,-0.0622775878219,-0.233285263757,-0.0622775878219,0.171007675935,0.124671650333,0.190324491526,-0.943876820196
P5C-2025-PRE-JUNE-HIGH-VOL,HIGH_VOLATILITY_NON_TOP_CONTROL,False,2025-03-10,immediate_after,btc_log_slope_20d_ann,BTC_TREND_MATURITY,28,-0.619465620707,-0.705864432161,-2.86040808834,1.38572674676,-2.86040808834,-1.26076327966,1.59964480867,-0.150748273839,1.16952819145,-0.320146809594
P5C-2025-PRE-JUNE-HIGH-VOL,HIGH_VOLATILITY_NON_TOP_CONTROL,False,2025-03-10,immediate_after,btc_log_slope_40d_ann,BTC_TREND_MATURITY,28,-1.33440230753,-1.54160041412,-1.91341889759,-0.331294766115,-1.79529578821,-0.472829837105,1.3224659511,0.608473348638,1.76847769853,-0.82003006675
P5C-2025-PRE-JUNE-HIGH-VOL,HIGH_VOLATILITY_NON_TOP_CONTROL,False,2025-03-10,immediate_after,btc_kama_gap,BTC_TREND_MATURITY,28,-0.0361951740537,-0.0393380044238,-0.0805910858166,0.00412253983222,-0.0672320921956,-0.0612788557213,0.0059532364743,-0.00296688050057,0.0418720142699,-0.585880269332
P5C-2025-PRE-JUNE-HIGH-VOL,HIGH_VOLATILITY_NON_TOP_CONTROL,False,2025-03-10,immediate_after,btc_kama_slope_10d,BTC_TREND_MATURITY,28,-0.0143121009929,-0.0144885526253,-0.0316523548861,-0.00379256339315,-0.00918205909773,-0.0316523548861,-0.0224702957884,-0.00695931786662,0.0168686692778,-0.301055121006
P5C-2025-PRE-JUNE-HIGH-VOL,HIGH_VOLATILITY_NON_TOP_CONTROL,False,2025-03-10,immediate_after,btc_distance_from_90d_high,BTC_TREND_MATURITY,28,-0.210173625074,-0.209890599377,-0.261096877802,-0.175664113087,-0.218673399921,-0.254188892015,-0.0355154920937,-0.101066258204,0.0709078066022,-1.03516123323
P5C-2025-PRE-JUNE-HIGH-VOL,HIGH_VOLATILITY_NON_TOP_CONTROL,False,2025-03-10,immediate_after,btc_consolidation_duration_5pct,BTC_TREND_MATURITY,28,0,0,0,0,0,0,0,0,0,
P5C-2025-PRE-JUNE-HIGH-VOL,HIGH_VOLATILITY_NON_TOP_CONTROL,False,2025-03-10,immediate_after,btc_rv20_ann,BTC_TREND_MATURITY,28,0.621082060987,0.578760172746,0.404505809156,0.821141479225,0.800052828483,0.479272045267,-0.320780783216,0.772658942566,0.0844444382598,-1.54874531955
P5C-2025-PRE-JUNE-HIGH-VOL,HIGH_VOLATILITY_NON_TOP_CONTROL,False,2025-03-10,immediate_after,btc_rv20_to_rv60,BTC_TREND_MATURITY,28,1.12958160057,1.05738563447,0.747796246671,1.47912449939,1.46808238242,0.856625764404,-0.611456618014,0.992525843703,0.190855286022,0.22921727999
P5C-2025-PRE-JUNE-HIGH-VOL,HIGH_VOLATILITY_NON_TOP_CONTROL,False,2025-03-10,immediate_after,btc_daily_rsi14,MOMENTUM_EXHAUSTION,28,44.9038347656,44.8311275935,36.3558876609,52.1144456419,40.3090200996,38.3733311382,-1.93568896144,53.5120305559,7.15707444265,-0.818098076101
P5C-2025-PRE-JUNE-HIGH-VOL,HIGH_VOLATILITY_NON_TOP_CONTROL,False,2025-03-10,immediate_after,btc_daily_rsi28,MOMENTUM_EXHAUSTION,28,44.5996200657,44.4459645509,40.7442833697,48.188078651,41.8387594377,41.7390988669,-0.0996605707459,56.3301172701,5.57727733544,-1.43721581539
P5C-2025-PRE-JUNE-HIGH-VOL,HIGH_VOLATILITY_NON_TOP_CONTROL,False,2025-03-10,immediate_after,btc_4h_rsi14,MOMENTUM_EXHAUSTION,28,48.814922238,50.0879996168,27.0679354451,69.1188487626,29.4531096254,27.0679354451,-2.38517418033,52.7692500142,8.13008519699,-0.222442763277
P5C-2025-PRE-JUNE-HIGH-VOL,HIGH_VOLATILITY_NON_TOP_CONTROL,False,2025-03-10,immediate_after,btc_4h_rsi28,MOMENTUM_EXHAUSTION,28,48.5994218407,49.1102441099,36.0692512904,59.9924053862,37.0129567299,36.0692512904,-0.9437054395,52.0125321308,6.39397492151,-0.306157980829
P5C-2025-PRE-JUNE-HIGH-VOL,HIGH_VOLATILITY_NON_TOP_CONTROL,False,2025-03-10,immediate_after,btc_price_rsi_rank_divergence_20d,MOMENTUM_EXHAUSTION,28,-0.214285714286,-0.2,-0.55,0.1,-0.35,0,0.35,0.05,0.1,-1.68622689869
P5C-2025-PRE-JUNE-HIGH-VOL,HIGH_VOLATILITY_NON_TOP_CONTROL,False,2025-03-10,immediate_after,btc_rsi14_extreme_persistence_14d,MOMENTUM_EXHAUSTION,28,0,0,0,0,0,0,0,0,0,
P5C-2025-PRE-JUNE-HIGH-VOL,HIGH_VOLATILITY_NON_TOP_CONTROL,False,2025-03-10,immediate_after,btc_rsi14_failure_from_14d_max,MOMENTUM_EXHAUSTION,28,6.08512311473,5.5881048571,0,15.758557981,10.8769137474,13.5310226278,2.65410888037,6.94489455209,5.6201863123,-0.162831276576
P5C-2025-PRE-JUNE-HIGH-VOL,HIGH_VOLATILITY_NON_TOP_CONTROL,False,2025-03-10,immediate_after,eth_btc_log_return_20d,LEADERSHIP_MIGRATION,28,-0.117471959904,-0.120853208474,-0.24320446966,-0.0191997922654,-0.19186102772,-0.174214034677,0.0176469930432,-0.085881691542,0.0378690216043,-0.622882874089
P5C-2025-PRE-JUNE-HIGH-VOL,HIGH_VOLATILITY_NON_TOP_CONTROL,False,2025-03-10,immediate_after,sol_btc_log_return_20d,LEADERSHIP_MIGRATION,28,-0.0729559541279,-0.0660479707563,-0.212511910343,0.01789442208,-0.145369583112,-0.114325609382,0.0310439737302,-0.0620372189436,0.110845596434,-0.024405254906
P5C-2025-PRE-JUNE-HIGH-VOL,HIGH_VOLATILITY_NON_TOP_CONTROL,False,2025-03-10,immediate_after,bnb_btc_log_return_20d,LEADERSHIP_MIGRATION,28,0.0413830583988,0.0621729266581,-0.0801011626482,0.122154027215,-0.0163125945251,-0.0801011626482,-0.0637885681231,0.00901998919944,0.0632752468535,0.566590680206
P5C-2025-PRE-JUNE-HIGH-VOL,HIGH_VOLATILITY_NON_TOP_CONTROL,False,2025-03-10,immediate_after,eth_btc_log_return_40d,LEADERSHIP_MIGRATION,28,-0.226480957937,-0.224622487196,-0.346106554578,-0.137706265539,-0.290456282468,-0.346106554578,-0.0556502721092,-0.172566786877,0.067232408721,-0.522234581674
P5C-2025-PRE-JUNE-HIGH-VOL,HIGH_VOLATILITY_NON_TOP_CONTROL,False,2025-03-10,immediate_after,sol_btc_log_return_40d,LEADERSHIP_MIGRATION,28,-0.246960912689,-0.244400567354,-0.409177258774,-0.0727180428756,-0.409177258774,-0.17262938394,0.236547874834,0.241830897569,0.403147478085,-0.813495427566
P5C-2025-PRE-JUNE-HIGH-VOL,HIGH_VOLATILITY_NON_TOP_CONTROL,False,2025-03-10,immediate_after,bnb_btc_log_return_40d,LEADERSHIP_MIGRATION,28,0.0919431484961,0.0729549898273,-0.0355047001805,0.248292947365,0.0276727063744,-0.0355047001805,-0.063177406555,0.166415815495,0.180070281421,-0.350076996541
P5C-2025-PRE-JUNE-HIGH-VOL,HIGH_VOLATILITY_NON_TOP_CONTROL,False,2025-03-10,immediate_after,brkk_return_dispersion_20d,LEADERSHIP_MIGRATION,28,0.0677942762849,0.0619072132476,0.0238526899682,0.126299381557,0.0820988289787,0.0629743201714,-0.0191245088072,0.0789295421886,0.0299218332181,-0.383713240156
P5C-2025-PRE-JUNE-HIGH-VOL,HIGH_VOLATILITY_NON_TOP_CONTROL,False,2025-03-10,immediate_after,alt_outperformance_breadth_20d,BREADTH,28,0.285714285714,0.333333333333,0,0.666666666667,0,0,0,0.333333333333,0.333333333333,0
P5C-2025-PRE-JUNE-HIGH-VOL,HIGH_VOLATILITY_NON_TOP_CONTROL,False,2025-03-10,immediate_after,canonical5_outperformance_breadth_20d,BREADTH,28,0.321428571429,0.25,0,0.75,0,0,0,0.25,0.25,0
P5C-2025-PRE-JUNE-HIGH-VOL,HIGH_VOLATILITY_NON_TOP_CONTROL,False,2025-03-10,immediate_after,high_beta_participation_20d,BREADTH,28,0.428571428571,0.5,0,1,0,0,0,0.5,0.5,0
P5C-2025-PRE-JUNE-HIGH-VOL,HIGH_VOLATILITY_NON_TOP_CONTROL,False,2025-03-10,immediate_after,breadth_acceleration_10d,BREADTH,28,-0.00446428571429,-0.1,-0.275,0.35,-0.175,-0.2,-0.025,-0.05,0.075,-0.449660506318
P5C-2025-PRE-JUNE-HIGH-VOL,HIGH_VOLATILITY_NON_TOP_CONTROL,False,2025-03-10,immediate_after,breadth_contraction_from_10d_max,BREADTH,28,0.294642857143,0.25,0,0.75,0.5,0.75,0.25,0.25,0.25,0
P5C-2025-PRE-JUNE-HIGH-VOL,HIGH_VOLATILITY_NON_TOP_CONTROL,False,2025-03-10,medium_after,btc_log_return_20d,BTC_TREND_MATURITY,62,0.0764183075017,0.10097244663,-0.129169009096,0.219027833654,-0.129169009096,0.00151684013777,0.130685849234,0.000755527703618,0.085095390214,0.794348384664
P5C-2025-PRE-JUNE-HIGH-VOL,HIGH_VOLATILITY_NON_TOP_CONTROL,False,2025-03-10,medium_after,btc_log_return_40d,BTC_TREND_MATURITY,62,0.130907386328,0.120556355253,-0.122228885572,0.332748674094,-0.104250159996,0.11490332179,0.219153481786,0.0435747491473,0.130631889362,0.397478611246
P5C-2025-PRE-JUNE-HIGH-VOL,HIGH_VOLATILITY_NON_TOP_CONTROL,False,2025-03-10,medium_after,btc_log_slope_20d_ann,BTC_TREND_MATURITY,62,1.36389124295,1.98619713139,-1.78717913371,3.50338186862,-1.57709008073,-1.01885149498,0.558238585743,0.108582779267,1.75274708323,0.722542084072
P5C-2025-PRE-JUNE-HIGH-VOL,HIGH_VOLATILITY_NON_TOP_CONTROL,False,2025-03-10,medium_after,btc_log_slope_40d_ann,BTC_TREND_MATURITY,62,1.27241177686,1.45471276871,-0.678440281812,2.74591445258,-0.606069000323,0.94462989626,1.55069889658,0.447150970233,1.15168286782,0.590085293151
P5C-2025-PRE-JUNE-HIGH-VOL,HIGH_VOLATILITY_NON_TOP_CONTROL,False,2025-03-10,medium_after,btc_kama_gap,BTC_TREND_MATURITY,62,0.016408776569,0.0155364665257,-0.0870865356508,0.0882223653276,-0.0870865356508,0.00887051350967,0.0959570491605,0.00489725443393,0.0310249876158,0.231299052649
P5C-2025-PRE-JUNE-HIGH-VOL,HIGH_VOLATILITY_NON_TOP_CONTROL,False,2025-03-10,medium_after,btc_kama_slope_10d,BTC_TREND_MATURITY,62,0.0345208347863,0.0362949502365,-0.0363651414192,0.121811660922,-0.0363651414192,-0.0128735138972,0.0234916275219,0.00307386961251,0.0311805414445,0.718631263686
P5C-2025-PRE-JUNE-HIGH-VOL,HIGH_VOLATILITY_NON_TOP_CONTROL,False,2025-03-10,medium_after,btc_distance_from_90d_high,BTC_TREND_MATURITY,62,-0.0815344812278,-0.0544321960432,-0.280952767669,0,-0.280952767669,-0.0533788030946,0.227573964575,-0.0928870693612,0.05234604993,0.495499789278
P5C-2025-PRE-JUNE-HIGH-VOL,HIGH_VOLATILITY_NON_TOP_CONTROL,False,2025-03-10,medium_after,btc_consolidation_duration_5pct,BTC_TREND_MATURITY,62,5.29032258065,0,0,25,0,0,0,0,0,
P5C-2025-PRE-JUNE-HIGH-VOL,HIGH_VOLATILITY_NON_TOP_CONTROL,False,2025-03-10,medium_after,btc_rv20_ann,BTC_TREND_MATURITY,62,0.434170446279,0.383661026304,0.303205494037,0.633877923982,0.442218127108,0.332156380878,-0.110061746229,0.568020362277,0.0861967926653,-1.44261363668
P5C-2025-PRE-JUNE-HIGH-VOL,HIGH_VOLATILITY_NON_TOP_CONTROL,False,2025-03-10,medium_after,btc_rv20_to_rv60,BTC_TREND_MATURITY,62,0.817165211254,0.811635553882,0.605590253015,1.0048742598,0.782132847006,0.896759389125,0.114626542119,0.853314865875,0.132314470942,-0.212465882232
P5C-2025-PRE-JUNE-HIGH-VOL,HIGH_VOLATILITY_NON_TOP_CONTROL,False,2025-03-10,medium_after,btc_daily_rsi14,MOMENTUM_EXHAUSTION,62,61.4568492526,65.1965458378,33.8909467681,78.1290527686,33.8909467681,54.0344147772,20.1434680091,52.9481724203,7.9883783977,1.0341791885
P5C-2025-PRE-JUNE-HIGH-VOL,HIGH_VOLATILITY_NON_TOP_CONTROL,False,2025-03-10,medium_after,btc_daily_rsi28,MOMENTUM_EXHAUSTION,62,57.4654173935,57.9072614536,39.3691516256,69.0265149452,39.3691516256,56.5962567605,17.2271051348,53.0677880593,5.06638089239,0.644282408787
P5C-2025-PRE-JUNE-HIGH-VOL,HIGH_VOLATILITY_NON_TOP_CONTROL,False,2025-03-10,medium_after,btc_4h_rsi14,MOMENTUM_EXHAUSTION,62,55.3787302218,54.7060227226,28.7626683611,85.3985314398,42.7583298528,56.2017708421,13.4434409893,50.0343365383,7.82885122819,0.402486785185
P5C-2025-PRE-JUNE-HIGH-VOL,HIGH_VOLATILITY_NON_TOP_CONTROL,False,2025-03-10,medium_after,btc_4h_rsi28,MOMENTUM_EXHAUSTION,62,55.5177188151,54.7465154703,37.2578657692,74.3265065873,42.7524859389,51.4946572711,8.74217133215,50.4558467866,5.23423927681,0.552901047521
P5C-2025-PRE-JUNE-HIGH-VOL,HIGH_VOLATILITY_NON_TOP_CONTROL,False,2025-03-10,medium_after,btc_price_rsi_rank_divergence_20d,MOMENTUM_EXHAUSTION,62,0.149193548387,0.1,-0.35,0.75,0,0.1,0.1,0,0.1,0.674490759477
P5C-2025-PRE-JUNE-HIGH-VOL,HIGH_VOLATILITY_NON_TOP_CONTROL,False,2025-03-10,medium_after,btc_rsi14_extreme_persistence_14d,MOMENTUM_EXHAUSTION,62,0.161290322581,0.0714285714286,0,0.571428571429,0,0,0,0,0,
P5C-2025-PRE-JUNE-HIGH-VOL,HIGH_VOLATILITY_NON_TOP_CONTROL,False,2025-03-10,medium_after,btc_rsi14_failure_from_14d_max,MOMENTUM_EXHAUSTION,62,7.64139575526,4.00116208155,0,27.9251276785,17.6791430453,12.8011361229,-4.8780069224,7.58473412328,6.02461118476,-0.40120202847
P5C-2025-PRE-JUNE-HIGH-VOL,HIGH_VOLATILITY_NON_TOP_CONTROL,False,2025-03-10,medium_after,eth_btc_log_return_20d,LEADERSHIP_MIGRATION,62,0.0225926082992,-0.00221957396194,-0.229394896444,0.29527983874,-0.204043078683,-0.00878567286951,0.195257405814,0.0867974712205,0.0967787816766,-0.620396055533
P5C-2025-PRE-JUNE-HIGH-VOL,HIGH_VOLATILITY_NON_TOP_CONTROL,False,2025-03-10,medium_after,sol_btc_log_return_20d,LEADERSHIP_MIGRATION,62,0.00592492388404,0.0198105136641,-0.175124491002,0.15522960885,-0.120784594885,-0.0918353041774,0.0289492907074,0.0528862046757,0.103917022819,-0.214683286198
P5C-2025-PRE-JUNE-HIGH-VOL,HIGH_VOLATILITY_NON_TOP_CONTROL,False,2025-03-10,medium_after,bnb_btc_log_return_20d,LEADERSHIP_MIGRATION,62,-0.0486421523145,-0.0411400707156,-0.139428770872,0.0449296192061,0.0182076503789,0.00214014523802,-0.0160675051409,0.0558431983245,0.105726806019,-0.618710819466
P5C-2025-PRE-JUNE-HIGH-VOL,HIGH_VOLATILITY_NON_TOP_CONTROL,False,2025-03-10,medium_after,eth_btc_log_return_40d,LEADERSHIP_MIGRATION,62,-0.0121360004663,0.00155406194845,-0.352212500082,0.292057894403,-0.344430421866,0.218742442481,0.563172864346,0.1098868465,0.128295939621,-0.569538384019
P5C-2025-PRE-JUNE-HIGH-VOL,HIGH_VOLATILITY_NON_TOP_CONTROL,False,2025-03-10,medium_after,sol_btc_log_return_40d,LEADERSHIP_MIGRATION,62,0.00733295861439,0.0133419644926,-0.264362247181,0.225967223743,-0.1629193558,-0.0737943067458,0.089125049054,0.076412776403,0.14435909389,-0.294686525663
P5C-2025-PRE-JUNE-HIGH-VOL,HIGH_VOLATILITY_NON_TOP_CONTROL,False,2025-03-10,medium_after,bnb_btc_log_return_40d,LEADERSHIP_MIGRATION,62,-0.0822742296387,-0.109388295889,-0.185170876668,0.0593750041888,0.0150033893599,-0.0334536943986,-0.0484570837585,0.0758123985965,0.146003845999,-0.855567579227
P5C-2025-PRE-JUNE-HIGH-VOL,HIGH_VOLATILITY_NON_TOP_CONTROL,False,2025-03-10,medium_after,brkk_return_dispersion_20d,LEADERSHIP_MIGRATION,62,0.0812713302409,0.0842153675774,0.0390220220015,0.140213890197,0.0908983707187,0.0390220220015,-0.0518763487173,0.0871118885568,0.0274717240831,-0.0711159091918
P5C-2025-PRE-JUNE-HIGH-VOL,HIGH_VOLATILITY_NON_TOP_CONTROL,False,2025-03-10,medium_after,alt_outperformance_breadth_20d,BREADTH,62,0.397849462366,0.333333333333,0,1,0.333333333333,0.333333333333,0,0.666666666667,0.333333333333,-0.674490759477
P5C-2025-PRE-JUNE-HIGH-VOL,HIGH_VOLATILITY_NON_TOP_CONTROL,False,2025-03-10,medium_after,canonical5_outperformance_breadth_20d,BREADTH,62,0.318548387097,0.25,0,0.75,0.25,0.25,0,0.5,0.25,-0.674490759477
P5C-2025-PRE-JUNE-HIGH-VOL,HIGH_VOLATILITY_NON_TOP_CONTROL,False,2025-03-10,medium_after,high_beta_participation_20d,BREADTH,62,0.362903225806,0.5,0,1,0.5,0.5,0,0.5,0.5,0
P5C-2025-PRE-JUNE-HIGH-VOL,HIGH_VOLATILITY_NON_TOP_CONTROL,False,2025-03-10,medium_after,breadth_acceleration_10d,BREADTH,62,0.00806451612903,0,-0.475,0.375,0.05,0.075,0.025,0.0125,0.1125,-0.0749434177196
P5C-2025-PRE-JUNE-HIGH-VOL,HIGH_VOLATILITY_NON_TOP_CONTROL,False,2025-03-10,medium_after,breadth_contraction_from_10d_max,BREADTH,62,0.20564516129,0.25,0,0.75,0.5,0.25,-0.25,0,0,
