date,btc_weight_turnover,alt_sleeve_size_turnover,within_alt_name_switch_turnover,alt_total_turnover,total_turnover,btc_cost,alt_sleeve_size_cost,name_switch_cost,total_cost
2021-05-01,0.5000000000,0.5000000000,0.0000000000,0.5000000000,1.0000000000,0.0002500000,0.0002500000,0.0000000000,0.0005000000
2021-05-02,0.0000000000,0.0000000000,0.5463128708,0.5463128708,0.5463128708,0.0000000000,0.0000000000,0.0002731564,0.0002731564
2021-05-03,0.0000000000,0.0000000000,0.0000000000,0.0000000000,0.0000000000,0.0000000000,0.0000000000,0.0000000000,0.0000000000
2021-05-04,0.0000000000,0.0000000000,0.5347571746,0.5347571746,0.5347571746,0.0000000000,0.0000000000,0.0002673786,0.0002673786
2021-05-05,0.0000000000,0.0000000000,0.0000000000,0.0000000000,0.0000000000,0.0000000000,0.0000000000,0.0000000000,0.0000000000
2021-05-06,0.0000000000,0.0000000000,0.5347571746,0.5347571746,0.5347571746,0.0000000000,0.0000000000,0.0002673786,0.0002673786
2021-05-07,0.0000000000,0.0000000000,0.5393221386,0.5393221386,0.5393221386,0.0000000000,0.0000000000,0.0002696611,0.0002696611
2021-05-08,0.0000000000,0.0000000000,0.0000000000,0.0000000000,0.0000000000,0.0000000000,0.0000000000,0.0000000000,0.0000000000
2021-05-09,0.0000000000,0.0000000000,0.0000000000,0.0000000000,0.0000000000,0.0000000000,0.0000000000,0.0000000000,0.0000000000
2021-05-10,0.0000000000,0.0000000000,0.5393221386,0.5393221386,0.5393221386,0.0000000000,0.0000000000,0.0002696611,0.0002696611
2021-05-11,0.0000000000,0.0000000000,0.5484499844,0.5484499844,0.5484499844,0.0000000000,0.0000000000,0.0002742250,0.0002742250
2021-05-12,0.0000000000,0.0000000000,0.5484499844,0.5484499844,0.5484499844,0.0000000000,0.0000000000,0.0002742250,0.0002742250
2021-05-13,0.0000000000,0.0000000000,0.5436097026,0.5436097026,0.5436097026,0.0000000000,0.0000000000,0.0002718049,0.0002718049
2021-05-14,0.0000000000,0.0000000000,0.0000000000,0.0000000000,0.0000000000,0.0000000000,0.0000000000,0.0000000000,0.0000000000
2021-05-15,0.0000000000,0.0000000000,0.0000000000,0.0000000000,0.0000000000,0.0000000000,0.0000000000,0.0000000000,0.0000000000
2021-05-16,0.0000000000,0.0000000000,0.0000000000,0.0000000000,0.0000000000,0.0000000000,0.0000000000,0.0000000000,0.0000000000
2021-05-17,0.0000000000,0.0000000000,0.5436097026,0.5436097026,0.5436097026,0.0000000000,0.0000000000,0.0002718049,0.0002718049
2021-05-18,0.0000000000,0.0000000000,0.5439784518,0.5439784518,0.5439784518,0.0000000000,0.0000000000,0.0002719892,0.0002719892
2021-05-19,0.0000000000,0.0000000000,0.0000000000,0.0000000000,0.0000000000,0.0000000000,0.0000000000,0.0000000000,0.0000000000
2021-05-20,0.1307525481,0.5000000000,0.0000000000,0.5000000000,0.6307525481,0.0000653763,0.0002500000,0.0000000000,0.0003153763
2021-05-21,0.1307525481,0.5000000000,0.0000000000,0.5000000000,0.6307525481,0.0000653763,0.0002500000,0.0000000000,0.0003153763
2021-05-22,0.0000000000,0.0000000000,0.4962577136,0.4962577136,0.4962577136,0.0000000000,0.0000000000,0.0002481289,0.0002481289
2021-05-23,0.0000000000,0.0000000000,0.0000000000,0.0000000000,0.0000000000,0.0000000000,0.0000000000,0.0000000000,0.0000000000
2021-05-24,0.1163297082,0.5000000000,0.0000000000,0.5000000000,0.6163297082,0.0000581649,0.0002500000,0.0000000000,0.0003081649
2021-05-25,0.1163297082,0.5000000000,0.0000000000,0.5000000000,0.6163297082,0.0000581649,0.0002500000,0.0000000000,0.0003081649
2021-05-26,0.0000000000,0.0000000000,0.0000000000,0.0000000000,0.0000000000,0.0000000000,0.0000000000,0.0000000000,0.0000000000
2021-05-27,0.0000000000,0.0000000000,0.0000000000,0.0000000000,0.0000000000,0.0000000000,0.0000000000,0.0000000000,0.0000000000
2021-05-28,0.0000000000,0.0000000000,0.0000000000,0.0000000000,0.0000000000,0.0000000000,0.0000000000,0.0000000000,0.0000000000
2021-05-29,0.1223255547,0.5000000000,0.0000000000,0.5000000000,0.6223255547,0.0000611628,0.0002500000,0.0000000000,0.0003111628
2021-05-30,0.0000000000,0.0000000000,0.0000000000,0.0000000000,0.0000000000,0.0000000000,0.0000000000,0.0000000000,0.0000000000
2021-05-31,0.0000000000,0.0000000000,0.0000000000,0.0000000000,0.0000000000,0.0000000000,0.0000000000,0.0000000000,0.0000000000
2021-06-01,0.1223255547,0.5000000000,0.0000000000,0.5000000000,0.6223255547,0.0000611628,0.0002500000,0.0000000000,0.0003111628
2021-06-02,0.0000000000,0.0000000000,0.4717638684,0.4717638684,0.4717638684,0.0000000000,0.0000000000,0.0002358819,0.0002358819
2021-06-03,0.0000000000,0.0000000000,0.4744100320,0.4744100320,0.4744100320,0.0000000000,0.0000000000,0.0002372050,0.0002372050
2021-06-04,0.0000000000,0.0000000000,0.5013767426,0.5013767426,0.5013767426,0.0000000000,0.0000000000,0.0002506884,0.0002506884
2021-06-05,0.1209979412,0.5000000000,0.0000000000,0.5000000000,0.6209979412,0.0000604990,0.0002500000,0.0000000000,0.0003104990
2021-06-06,0.0000000000,0.0000000000,0.0000000000,0.0000000000,0.0000000000,0.0000000000,0.0000000000,0.0000000000,0.0000000000
2021-06-07,0.0000000000,0.0000000000,0.0000000000,0.0000000000,0.0000000000,0.0000000000,0.0000000000,0.0000000000,0.0000000000
2021-06-08,0.0000000000,0.0000000000,0.0000000000,0.0000000000,0.0000000000,0.0000000000,0.0000000000,0.0000000000,0.0000000000
2021-06-09,0.0580037061,0.0000000000,0.0000000000,0.0000000000,0.0580037061,0.0000290019,0.0000000000,0.0000000000,0.0000290019
2021-06-10,0.0000000000,0.0000000000,0.0000000000,0.0000000000,0.0000000000,0.0000000000,0.0000000000,0.0000000000,0.0000000000
2021-06-11,0.0000000000,0.0000000000,0.0000000000,0.0000000000,0.0000000000,0.0000000000,0.0000000000,0.0000000000,0.0000000000
2021-06-12,0.0000000000,0.0000000000,0.0000000000,0.0000000000,0.0000000000,0.0000000000,0.0000000000,0.0000000000,0.0000000000
2021-06-13,0.0000000000,0.0000000000,0.0000000000,0.0000000000,0.0000000000,0.0000000000,0.0000000000,0.0000000000,0.0000000000
2021-06-14,0.0598134955,0.0000000000,0.0000000000,0.0000000000,0.0598134955,0.0000299067,0.0000000000,0.0000000000,0.0000299067
2021-06-15,0.1191881518,0.5000000000,0.0000000000,0.5000000000,0.6191881518,0.0000595941,0.0002500000,0.0000000000,0.0003095941
2021-06-16,0.0000000000,0.0000000000,0.4587916452,0.4587916452,0.4587916452,0.0000000000,0.0000000000,0.0002293958,0.0002293958
2021-06-17,0.1312924949,0.5000000000,0.0000000000,0.5000000000,0.6312924949,0.0000656462,0.0002500000,0.0000000000,0.0003156462
2021-06-18,0.0000000000,0.0000000000,0.0000000000,0.0000000000,0.0000000000,0.0000000000,0.0000000000,0.0000000000,0.0000000000
2021-06-19,0.0000000000,0.0000000000,0.0000000000,0.0000000000,0.0000000000,0.0000000000,0.0000000000,0.0000000000,0.0000000000
2021-06-20,0.0000000000,0.0000000000,0.0000000000,0.0000000000,0.0000000000,0.0000000000,0.0000000000,0.0000000000,0.0000000000
2021-06-21,0.0000000000,0.0000000000,0.0000000000,0.0000000000,0.0000000000,0.0000000000,0.0000000000,0.0000000000,0.0000000000
2021-06-22,0.0868836004,0.0000000000,0.0000000000,0.0000000000,0.0868836004,0.0000434418,0.0000000000,0.0000000000,0.0000434418
2021-06-23,0.0000000000,0.0000000000,0.0000000000,0.0000000000,0.0000000000,0.0000000000,0.0000000000,0.0000000000,0.0000000000
2021-06-24,0.0000000000,0.0000000000,0.0000000000,0.0000000000,0.0000000000,0.0000000000,0.0000000000,0.0000000000,0.0000000000
2021-06-25,0.0588538501,0.0000000000,0.0000000000,0.0000000000,0.0588538501,0.0000294269,0.0000000000,0.0000000000,0.0000294269
2021-06-26,0.0000000000,0.0000000000,0.0000000000,0.0000000000,0.0000000000,0.0000000000,0.0000000000,0.0000000000,0.0000000000
2021-06-27,0.0000000000,0.0000000000,0.0000000000,0.0000000000,0.0000000000,0.0000000000,0.0000000000,0.0000000000,0.0000000000
2021-06-28,0.0000000000,0.0000000000,0.0000000000,0.0000000000,0.0000000000,0.0000000000,0.0000000000,0.0000000000,0.0000000000
2021-06-29,0.0000000000,0.0000000000,0.0000000000,0.0000000000,0.0000000000,0.0000000000,0.0000000000,0.0000000000,0.0000000000
2021-06-30,0.0000000000,0.0000000000,0.0000000000,0.0000000000,0.0000000000,0.0000000000,0.0000000000,0.0000000000,0.0000000000
2021-07-01,0.0000000000,0.0000000000,0.0000000000,0.0000000000,0.0000000000,0.0000000000,0.0000000000,0.0000000000,0.0000000000
2021-07-02,0.0000000000,0.0000000000,0.0000000000,0.0000000000,0.0000000000,0.0000000000,0.0000000000,0.0000000000,0.0000000000
2021-07-03,0.0000000000,0.0000000000,0.0000000000,0.0000000000,0.0000000000,0.0000000000,0.0000000000,0.0000000000,0.0000000000
2021-07-04,0.0000000000,0.0000000000,0.0000000000,0.0000000000,0.0000000000,0.0000000000,0.0000000000,0.0000000000,0.0000000000
2021-07-05,0.0000000000,0.0000000000,0.0000000000,0.0000000000,0.0000000000,0.0000000000,0.0000000000,0.0000000000,0.0000000000
2021-07-06,0.0546092975,0.0000000000,0.0000000000,0.0000000000,0.0546092975,0.0000273046,0.0000000000,0.0000000000,0.0000273046
2021-07-07,0.0000000000,0.0000000000,0.0000000000,0.0000000000,0.0000000000,0.0000000000,0.0000000000,0.0000000000,0.0000000000
2021-07-08,0.0000000000,0.0000000000,0.0000000000,0.0000000000,0.0000000000,0.0000000000,0.0000000000,0.0000000000,0.0000000000
2021-07-09,0.0000000000,0.0000000000,0.0000000000,0.0000000000,0.0000000000,0.0000000000,0.0000000000,0.0000000000,0.0000000000
2021-07-10,0.0000000000,0.0000000000,0.0000000000,0.0000000000,0.0000000000,0.0000000000,0.0000000000,0.0000000000,0.0000000000
2021-07-11,0.0000000000,0.0000000000,0.0000000000,0.0000000000,0.0000000000,0.0000000000,0.0000000000,0.0000000000,0.0000000000
2021-07-12,0.0546000729,0.0000000000,0.0000000000,0.0000000000,0.0546000729,0.0000273000,0.0000000000,0.0000000000,0.0000273000
2021-07-13,0.0000000000,0.0000000000,0.0000000000,0.0000000000,0.0000000000,0.0000000000,0.0000000000,0.0000000000,0.0000000000
2021-07-14,0.0000000000,0.0000000000,0.0000000000,0.0000000000,0.0000000000,0.0000000000,0.0000000000,0.0000000000,0.0000000000
2021-07-15,0.0000000000,0.0000000000,0.0000000000,0.0000000000,0.0000000000,0.0000000000,0.0000000000,0.0000000000,0.0000000000
2021-07-16,0.0000000000,0.0000000000,0.0000000000,0.0000000000,0.0000000000,0.0000000000,0.0000000000,0.0000000000,0.0000000000
2021-07-17,0.0000000000,0.0000000000,0.0000000000,0.0000000000,0.0000000000,0.0000000000,0.0000000000,0.0000000000,0.0000000000
2021-07-18,0.0748776284,0.0000000000,0.0000000000,0.0000000000,0.0748776284,0.0000374388,0.0000000000,0.0000000000,0.0000374388
2021-07-19,0.0000000000,0.0000000000,0.0000000000,0.0000000000,0.0000000000,0.0000000000,0.0000000000,0.0000000000,0.0000000000
2021-07-20,0.0000000000,0.0000000000,0.0000000000,0.0000000000,0.0000000000,0.0000000000,0.0000000000,0.0000000000,0.0000000000
2021-07-21,0.0000000000,0.0000000000,0.0000000000,0.0000000000,0.0000000000,0.0000000000,0.0000000000,0.0000000000,0.0000000000
2021-07-22,0.1314485758,0.0000000000,0.0000000000,0.0000000000,0.1314485758,0.0000657243,0.0000000000,0.0000000000,0.0000657243
2021-07-23,0.0000000000,0.0000000000,0.0000000000,0.0000000000,0.0000000000,0.0000000000,0.0000000000,0.0000000000,0.0000000000
2021-07-24,0.0000000000,0.0000000000,0.0000000000,0.0000000000,0.0000000000,0.0000000000,0.0000000000,0.0000000000,0.0000000000
2021-07-25,0.0000000000,0.0000000000,0.0000000000,0.0000000000,0.0000000000,0.0000000000,0.0000000000,0.0000000000,0.0000000000
2021-07-26,0.0867278804,0.0000000000,0.0000000000,0.0000000000,0.0867278804,0.0000433639,0.0000000000,0.0000000000,0.0000433639
2021-07-27,0.0160326420,0.5000000000,0.0000000000,0.5000000000,0.5160326420,0.0000080163,0.0002500000,0.0000000000,0.0002580163
2021-07-28,0.0000000000,0.0000000000,0.5039754190,0.5039754190,0.5039754190,0.0000000000,0.0000000000,0.0002519877,0.0002519877
2021-07-29,0.0000000000,0.0000000000,1.0000000000,1.0000000000,1.0000000000,0.0000000000,0.0000000000,0.0005000000,0.0005000000
2021-07-30,0.0000000000,0.0000000000,0.4845723940,0.4845723940,0.4845723940,0.0000000000,0.0000000000,0.0002422862,0.0002422862
2021-07-31,0.0000000000,0.0000000000,0.4978301340,0.4978301340,0.4978301340,0.0000000000,0.0000000000,0.0002489151,0.0002489151
2021-08-01,0.0000000000,0.0000000000,0.5009393458,0.5009393458,0.5009393458,0.0000000000,0.0000000000,0.0002504697,0.0002504697
2021-08-02,0.0000000000,0.0000000000,0.5009393458,0.5009393458,0.5009393458,0.0000000000,0.0000000000,0.0002504697,0.0002504697
2021-08-03,0.0000000000,0.0000000000,0.4554394488,0.4554394488,0.4554394488,0.0000000000,0.0000000000,0.0002277197,0.0002277197
2021-08-04,0.0000000000,0.0000000000,0.4559175308,0.4559175308,0.4559175308,0.0000000000,0.0000000000,0.0002279588,0.0002279588
2021-08-05,0.0000000000,0.0000000000,0.4559175308,0.4559175308,0.4559175308,0.0000000000,0.0000000000,0.0002279588,0.0002279588
2021-08-06,0.0000000000,0.0000000000,0.0000000000,0.0000000000,0.0000000000,0.0000000000,0.0000000000,0.0000000000,0.0000000000
2021-08-07,0.0000000000,0.0000000000,0.0000000000,0.0000000000,0.0000000000,0.0000000000,0.0000000000,0.0000000000,0.0000000000
2021-08-08,0.0000000000,0.0000000000,0.0000000000,0.0000000000,0.0000000000,0.0000000000,0.0000000000,0.0000000000,0.0000000000
2021-08-09,0.0000000000,0.0000000000,0.0000000000,0.0000000000,0.0000000000,0.0000000000,0.0000000000,0.0000000000,0.0000000000
2021-08-10,0.0000000000,0.0000000000,0.4491525122,0.4491525122,0.4491525122,0.0000000000,0.0000000000,0.0002245763,0.0002245763
2021-08-11,0.0000000000,0.0000000000,0.0000000000,0.0000000000,0.0000000000,0.0000000000,0.0000000000,0.0000000000,0.0000000000
2021-08-12,0.0000000000,0.0000000000,0.0000000000,0.0000000000,0.0000000000,0.0000000000,0.0000000000,0.0000000000,0.0000000000
2021-08-13,0.0000000000,0.0000000000,0.4815127500,0.4815127500,0.4815127500,0.0000000000,0.0000000000,0.0002407564,0.0002407564
2021-08-14,0.0000000000,0.0000000000,0.0000000000,0.0000000000,0.0000000000,0.0000000000,0.0000000000,0.0000000000,0.0000000000
2021-08-15,0.0000000000,0.0000000000,0.0000000000,0.0000000000,0.0000000000,0.0000000000,0.0000000000,0.0000000000,0.0000000000
2021-08-16,0.0000000000,0.0000000000,0.4815127500,0.4815127500,0.4815127500,0.0000000000,0.0000000000,0.0002407564,0.0002407564
2021-08-17,0.0000000000,0.0000000000,0.4850692528,0.4850692528,0.4850692528,0.0000000000,0.0000000000,0.0002425346,0.0002425346
2021-08-18,0.0000000000,0.0000000000,0.0000000000,0.0000000000,0.0000000000,0.0000000000,0.0000000000,0.0000000000,0.0000000000
2021-08-19,0.0000000000,0.0000000000,0.0000000000,0.0000000000,0.0000000000,0.0000000000,0.0000000000,0.0000000000,0.0000000000
2021-08-20,0.0000000000,0.0000000000,0.0000000000,0.0000000000,0.0000000000,0.0000000000,0.0000000000,0.0000000000,0.0000000000
2021-08-21,0.0000000000,0.0000000000,0.4939135842,0.4939135842,0.4939135842,0.0000000000,0.0000000000,0.0002469568,0.0002469568
2021-08-22,0.0000000000,0.0000000000,0.0000000000,0.0000000000,0.0000000000,0.0000000000,0.0000000000,0.0000000000,0.0000000000
2021-08-23,0.0000000000,0.0000000000,0.4939135842,0.4939135842,0.4939135842,0.0000000000,0.0000000000,0.0002469568,0.0002469568
2021-08-24,0.0000000000,0.0000000000,0.4915219252,0.4915219252,0.4915219252,0.0000000000,0.0000000000,0.0002457610,0.0002457610
2021-08-25,0.0000000000,0.0000000000,0.4971741454,0.4971741454,0.4971741454,0.0000000000,0.0000000000,0.0002485871,0.0002485871
2021-08-26,0.0000000000,0.0000000000,0.5047973656,0.5047973656,0.5047973656,0.0000000000,0.0000000000,0.0002523987,0.0002523987
2021-08-27,0.0000000000,0.0000000000,0.4952026344,0.4952026344,0.4952026344,0.0000000000,0.0000000000,0.0002476013,0.0002476013
2021-08-28,0.0000000000,0.0000000000,0.0000000000,0.0000000000,0.0000000000,0.0000000000,0.0000000000,0.0000000000,0.0000000000
2021-08-29,0.0000000000,0.0000000000,0.0000000000,0.0000000000,0.0000000000,0.0000000000,0.0000000000,0.0000000000,0.0000000000
2021-08-30,0.0000000000,0.0000000000,0.5086994036,0.5086994036,0.5086994036,0.0000000000,0.0000000000,0.0002543497,0.0002543497
2021-08-31,0.0000000000,0.0000000000,0.5007757622,0.5007757622,0.5007757622,0.0000000000,0.0000000000,0.0002503879,0.0002503879
2021-09-01,0.0000000000,0.0000000000,0.4992242378,0.4992242378,0.4992242378,0.0000000000,0.0000000000,0.0002496121,0.0002496121
2021-09-02,0.0000000000,0.0000000000,0.4882164456,0.4882164456,0.4882164456,0.0000000000,0.0000000000,0.0002441082,0.0002441082
2021-09-03,0.0000000000,0.0000000000,0.0000000000,0.0000000000,0.0000000000,0.0000000000,0.0000000000,0.0000000000,0.0000000000
2021-09-04,0.0000000000,0.0000000000,0.4724553822,0.4724553822,0.4724553822,0.0000000000,0.0000000000,0.0002362277,0.0002362277
2021-09-05,0.0000000000,0.0000000000,0.0000000000,0.0000000000,0.0000000000,0.0000000000,0.0000000000,0.0000000000,0.0000000000
2021-09-06,0.0000000000,0.0000000000,0.0000000000,0.0000000000,0.0000000000,0.0000000000,0.0000000000,0.0000000000,0.0000000000
2021-09-07,0.0000000000,0.0000000000,0.4777062544,0.4777062544,0.4777062544,0.0000000000,0.0000000000,0.0002388531,0.0002388531
2021-09-08,0.0000000000,0.0000000000,1.0000000000,1.0000000000,1.0000000000,0.0000000000,0.0000000000,0.0005000000,0.0005000000
2021-09-09,0.0000000000,0.0000000000,0.4915415378,0.4915415378,0.4915415378,0.0000000000,0.0000000000,0.0002457708,0.0002457708
2021-09-10,0.0000000000,0.0000000000,0.5084584622,0.5084584622,0.5084584622,0.0000000000,0.0000000000,0.0002542292,0.0002542292
2021-09-11,0.0000000000,0.0000000000,0.4988639498,0.4988639498,0.4988639498,0.0000000000,0.0000000000,0.0002494320,0.0002494320
2021-09-12,0.0000000000,0.0000000000,0.0000000000,0.0000000000,0.0000000000,0.0000000000,0.0000000000,0.0000000000,0.0000000000
2021-09-13,0.0000000000,0.0000000000,0.0000000000,0.0000000000,0.0000000000,0.0000000000,0.0000000000,0.0000000000,0.0000000000
2021-09-14,0.0000000000,0.0000000000,0.0000000000,0.0000000000,0.0000000000,0.0000000000,0.0000000000,0.0000000000,0.0000000000
2021-09-15,0.0000000000,0.0000000000,0.0000000000,0.0000000000,0.0000000000,0.0000000000,0.0000000000,0.0000000000,0.0000000000
2021-09-16,0.0000000000,0.0000000000,0.5178909840,0.5178909840,0.5178909840,0.0000000000,0.0000000000,0.0002589455,0.0002589455
2021-09-17,0.0000000000,0.0000000000,1.0000000000,1.0000000000,1.0000000000,0.0000000000,0.0000000000,0.0005000000,0.0005000000
2021-09-18,0.0000000000,0.0000000000,1.0000000000,1.0000000000,1.0000000000,0.0000000000,0.0000000000,0.0005000000,0.0005000000
2021-09-19,0.0000000000,0.0000000000,0.5158228240,0.5158228240,0.5158228240,0.0000000000,0.0000000000,0.0002579114,0.0002579114
2021-09-20,0.0000000000,0.0000000000,0.0000000000,0.0000000000,0.0000000000,0.0000000000,0.0000000000,0.0000000000,0.0000000000
2021-09-21,0.0000000000,0.0000000000,0.5158228240,0.5158228240,0.5158228240,0.0000000000,0.0000000000,0.0002579114,0.0002579114
2021-09-22,0.0000000000,0.0000000000,0.4794330398,0.4794330398,0.4794330398,0.0000000000,0.0000000000,0.0002397165,0.0002397165
2021-09-23,0.0000000000,0.0000000000,0.0000000000,0.0000000000,0.0000000000,0.0000000000,0.0000000000,0.0000000000,0.0000000000
2021-09-24,0.0000000000,0.0000000000,0.0000000000,0.0000000000,0.0000000000,0.0000000000,0.0000000000,0.0000000000,0.0000000000
2021-09-25,0.0000000000,0.0000000000,0.0000000000,0.0000000000,0.0000000000,0.0000000000,0.0000000000,0.0000000000,0.0000000000
2021-09-26,0.0000000000,0.0000000000,0.5090169238,0.5090169238,0.5090169238,0.0000000000,0.0000000000,0.0002545085,0.0002545085
2021-09-27,0.0000000000,0.0000000000,0.0000000000,0.0000000000,0.0000000000,0.0000000000,0.0000000000,0.0000000000,0.0000000000
2021-09-28,0.0000000000,0.0000000000,0.4960581712,0.4960581712,0.4960581712,0.0000000000,0.0000000000,0.0002480291,0.0002480291
2021-09-29,0.0000000000,0.0000000000,0.0504127926,0.0504127926,0.0504127926,0.0000000000,0.0000000000,0.0000252064,0.0000252064
2021-09-30,0.0000000000,0.0000000000,0.4588228254,0.4588228254,0.4588228254,0.0000000000,0.0000000000,0.0002294114,0.0002294114
2021-10-01,0.0000000000,0.0000000000,0.0000000000,0.0000000000,0.0000000000,0.0000000000,0.0000000000,0.0000000000,0.0000000000
2021-10-02,0.0000000000,0.0000000000,0.0500162358,0.0500162358,0.0500162358,0.0000000000,0.0000000000,0.0000250081,0.0000250081
2021-10-03,0.0000000000,0.0000000000,0.0000000000,0.0000000000,0.0000000000,0.0000000000,0.0000000000,0.0000000000,0.0000000000
2021-10-04,0.0000000000,0.0000000000,0.4911609388,0.4911609388,0.4911609388,0.0000000000,0.0000000000,0.0002455805,0.0002455805
2021-10-05,0.0000000000,0.0000000000,0.4540122978,0.4540122978,0.4540122978,0.0000000000,0.0000000000,0.0002270061,0.0002270061
2021-10-06,0.0000000000,0.0000000000,0.0000000000,0.0000000000,0.0000000000,0.0000000000,0.0000000000,0.0000000000,0.0000000000
2021-10-07,0.0000000000,0.0000000000,0.4379256584,0.4379256584,0.4379256584,0.0000000000,0.0000000000,0.0002189628,0.0002189628
2021-10-08,0.0000000000,0.0000000000,0.4506036098,0.4506036098,0.4506036098,0.0000000000,0.0000000000,0.0002253018,0.0002253018
2021-10-09,0.0000000000,0.0000000000,0.4507625056,0.4507625056,0.4507625056,0.0000000000,0.0000000000,0.0002253813,0.0002253813
2021-10-10,0.0000000000,0.0000000000,0.0000000000,0.0000000000,0.0000000000,0.0000000000,0.0000000000,0.0000000000,0.0000000000
2021-10-11,0.0000000000,0.0000000000,0.4507625056,0.4507625056,0.4507625056,0.0000000000,0.0000000000,0.0002253813,0.0002253813
2021-10-12,0.0000000000,0.0000000000,0.4281272150,0.4281272150,0.4281272150,0.0000000000,0.0000000000,0.0002140636,0.0002140636
2021-10-13,0.0000000000,0.0000000000,0.4545277802,0.4545277802,0.4545277802,0.0000000000,0.0000000000,0.0002272639,0.0002272639
2021-10-14,0.0000000000,0.0000000000,0.4552323586,0.4552323586,0.4552323586,0.0000000000,0.0000000000,0.0002276162,0.0002276162
2021-10-15,0.0000000000,0.0000000000,0.4552323586,0.4552323586,0.4552323586,0.0000000000,0.0000000000,0.0002276162,0.0002276162
2021-10-16,0.0000000000,0.0000000000,0.4366783196,0.4366783196,0.4366783196,0.0000000000,0.0000000000,0.0002183392,0.0002183392
2021-10-17,0.0000000000,0.0000000000,0.4250787842,0.4250787842,0.4250787842,0.0000000000,0.0000000000,0.0002125394,0.0002125394
2021-10-18,0.0000000000,0.0000000000,0.4315402582,0.4315402582,0.4315402582,0.0000000000,0.0000000000,0.0002157701,0.0002157701
2021-10-19,0.0000000000,0.0000000000,0.4315402582,0.4315402582,0.4315402582,0.0000000000,0.0000000000,0.0002157701,0.0002157701
2021-10-20,0.0000000000,0.0000000000,0.4287246476,0.4287246476,0.4287246476,0.0000000000,0.0000000000,0.0002143623,0.0002143623
2021-10-21,0.0000000000,0.0000000000,0.4605285394,0.4605285394,0.4605285394,0.0000000000,0.0000000000,0.0002302643,0.0002302643
2021-10-22,0.0000000000,0.0000000000,0.0000000000,0.0000000000,0.0000000000,0.0000000000,0.0000000000,0.0000000000,0.0000000000
2021-10-23,0.0000000000,0.0000000000,0.0000000000,0.0000000000,0.0000000000,0.0000000000,0.0000000000,0.0000000000,0.0000000000
2021-10-24,0.0000000000,0.0000000000,0.0000000000,0.0000000000,0.0000000000,0.0000000000,0.0000000000,0.0000000000,0.0000000000
2021-10-25,0.0000000000,0.0000000000,0.0000000000,0.0000000000,0.0000000000,0.0000000000,0.0000000000,0.0000000000,0.0000000000
2021-10-26,0.0000000000,0.0000000000,0.0000000000,0.0000000000,0.0000000000,0.0000000000,0.0000000000,0.0000000000,0.0000000000
2021-10-27,0.0000000000,0.0000000000,0.0000000000,0.0000000000,0.0000000000,0.0000000000,0.0000000000,0.0000000000,0.0000000000
2021-10-28,0.0000000000,0.0000000000,0.0000000000,0.0000000000,0.0000000000,0.0000000000,0.0000000000,0.0000000000,0.0000000000
2021-10-29,0.0000000000,0.0000000000,0.0523434530,0.0523434530,0.0523434530,0.0000000000,0.0000000000,0.0000261717,0.0000261717
2021-10-30,0.0000000000,0.0000000000,0.0000000000,0.0000000000,0.0000000000,0.0000000000,0.0000000000,0.0000000000,0.0000000000
2021-10-31,0.0000000000,0.0000000000,0.0000000000,0.0000000000,0.0000000000,0.0000000000,0.0000000000,0.0000000000,0.0000000000
2021-11-01,0.0000000000,0.0000000000,0.5128719924,0.5128719924,0.5128719924,0.0000000000,0.0000000000,0.0002564360,0.0002564360
2021-11-02,0.0000000000,0.0000000000,0.4653113564,0.4653113564,0.4653113564,0.0000000000,0.0000000000,0.0002326557,0.0002326557
2021-11-03,0.0000000000,0.0000000000,0.0000000000,0.0000000000,0.0000000000,0.0000000000,0.0000000000,0.0000000000,0.0000000000
2021-11-04,0.0000000000,0.0000000000,0.4743403952,0.4743403952,0.4743403952,0.0000000000,0.0000000000,0.0002371702,0.0002371702
2021-11-05,0.0000000000,0.0000000000,0.4743403952,0.4743403952,0.4743403952,0.0000000000,0.0000000000,0.0002371702,0.0002371702
2021-11-06,0.0000000000,0.0000000000,0.0000000000,0.0000000000,0.0000000000,0.0000000000,0.0000000000,0.0000000000,0.0000000000
2021-11-07,0.0000000000,0.0000000000,0.5258934006,0.5258934006,0.5258934006,0.0000000000,0.0000000000,0.0002629467,0.0002629467
2021-11-08,0.0000000000,0.0000000000,0.4906688218,0.4906688218,0.4906688218,0.0000000000,0.0000000000,0.0002453344,0.0002453344
2021-11-09,0.0000000000,0.0000000000,0.4863940268,0.4863940268,0.4863940268,0.0000000000,0.0000000000,0.0002431970,0.0002431970
2021-11-10,0.0000000000,0.0000000000,0.4725845252,0.4725845252,0.4725845252,0.0000000000,0.0000000000,0.0002362923,0.0002362923
2021-11-11,0.0000000000,0.0000000000,0.4564711468,0.4564711468,0.4564711468,0.0000000000,0.0000000000,0.0002282356,0.0002282356
2021-11-12,0.0000000000,0.0000000000,0.4546387466,0.4546387466,0.4546387466,0.0000000000,0.0000000000,0.0002273194,0.0002273194
2021-11-13,0.0000000000,0.0000000000,0.0000000000,0.0000000000,0.0000000000,0.0000000000,0.0000000000,0.0000000000,0.0000000000
2021-11-14,0.0000000000,0.0000000000,0.0000000000,0.0000000000,0.0000000000,0.0000000000,0.0000000000,0.0000000000,0.0000000000
2021-11-15,0.0000000000,0.0000000000,0.0000000000,0.0000000000,0.0000000000,0.0000000000,0.0000000000,0.0000000000,0.0000000000
2021-11-16,0.0000000000,0.0000000000,0.4901299106,0.4901299106,0.4901299106,0.0000000000,0.0000000000,0.0002450650,0.0002450650
2021-11-17,0.0000000000,0.0000000000,0.5098700894,0.5098700894,0.5098700894,0.0000000000,0.0000000000,0.0002549350,0.0002549350
2021-11-18,0.0000000000,0.0000000000,0.0000000000,0.0000000000,0.0000000000,0.0000000000,0.0000000000,0.0000000000,0.0000000000
2021-11-19,0.0000000000,0.0000000000,1.0000000000,1.0000000000,1.0000000000,0.0000000000,0.0000000000,0.0005000000,0.0005000000
2021-11-20,0.0000000000,0.0000000000,0.5029647556,0.5029647556,0.5029647556,0.0000000000,0.0000000000,0.0002514824,0.0002514824
2021-11-21,0.0000000000,0.0000000000,0.0000000000,0.0000000000,0.0000000000,0.0000000000,0.0000000000,0.0000000000,0.0000000000
2021-11-22,0.0000000000,0.0000000000,0.0000000000,0.0000000000,0.0000000000,0.0000000000,0.0000000000,0.0000000000,0.0000000000
2021-11-23,0.0000000000,0.0000000000,0.5029647556,0.5029647556,0.5029647556,0.0000000000,0.0000000000,0.0002514824,0.0002514824
2021-11-24,0.0000000000,0.0000000000,0.5182462266,0.5182462266,0.5182462266,0.0000000000,0.0000000000,0.0002591231,0.0002591231
2021-11-25,0.0000000000,0.0000000000,0.0000000000,0.0000000000,0.0000000000,0.0000000000,0.0000000000,0.0000000000,0.0000000000
2021-11-26,0.0000000000,0.0000000000,0.4832362612,0.4832362612,0.4832362612,0.0000000000,0.0000000000,0.0002416181,0.0002416181
2021-11-27,0.0000000000,0.0000000000,0.5321995934,0.5321995934,0.5321995934,0.0000000000,0.0000000000,0.0002660998,0.0002660998
2021-11-28,0.0000000000,0.0000000000,0.4867534478,0.4867534478,0.4867534478,0.0000000000,0.0000000000,0.0002433767,0.0002433767
2021-11-29,0.0000000000,0.0000000000,0.5288807852,0.5288807852,0.5288807852,0.0000000000,0.0000000000,0.0002644404,0.0002644404
2021-11-30,0.0000000000,0.0000000000,0.0000000000,0.0000000000,0.0000000000,0.0000000000,0.0000000000,0.0000000000,0.0000000000
2021-12-01,0.0000000000,0.0000000000,0.0000000000,0.0000000000,0.0000000000,0.0000000000,0.0000000000,0.0000000000,0.0000000000
2021-12-02,0.0000000000,0.0000000000,0.0000000000,0.0000000000,0.0000000000,0.0000000000,0.0000000000,0.0000000000,0.0000000000
2021-12-03,0.0000000000,0.0000000000,0.5288807852,0.5288807852,0.5288807852,0.0000000000,0.0000000000,0.0002644404,0.0002644404
2021-12-04,0.0000000000,0.0000000000,0.0000000000,0.0000000000,0.0000000000,0.0000000000,0.0000000000,0.0000000000,0.0000000000
2021-12-05,0.1710646558,0.5000000000,0.0000000000,0.5000000000,0.6710646558,0.0000855323,0.0002500000,0.0000000000,0.0003355323
2021-12-06,0.0000000000,0.0000000000,0.0000000000,0.0000000000,0.0000000000,0.0000000000,0.0000000000,0.0000000000,0.0000000000
2021-12-07,0.0000000000,0.0000000000,0.0000000000,0.0000000000,0.0000000000,0.0000000000,0.0000000000,0.0000000000,0.0000000000
2021-12-08,0.0680471516,0.0000000000,0.0000000000,0.0000000000,0.0680471516,0.0000340236,0.0000000000,0.0000000000,0.0000340236
2021-12-09,0.0000000000,0.0000000000,0.0000000000,0.0000000000,0.0000000000,0.0000000000,0.0000000000,0.0000000000,0.0000000000
2021-12-10,0.0740448908,0.0000000000,0.0000000000,0.0000000000,0.0740448908,0.0000370224,0.0000000000,0.0000000000,0.0000370224
2021-12-11,0.0000000000,0.0000000000,0.0000000000,0.0000000000,0.0000000000,0.0000000000,0.0000000000,0.0000000000,0.0000000000
2021-12-12,0.0000000000,0.0000000000,0.0000000000,0.0000000000,0.0000000000,0.0000000000,0.0000000000,0.0000000000,0.0000000000
2021-12-13,0.0000000000,0.0000000000,0.0000000000,0.0000000000,0.0000000000,0.0000000000,0.0000000000,0.0000000000,0.0000000000
2021-12-14,0.0878348775,0.0000000000,0.0000000000,0.0000000000,0.0878348775,0.0000439174,0.0000000000,0.0000000000,0.0000439174
2021-12-15,0.0000000000,0.0000000000,0.0000000000,0.0000000000,0.0000000000,0.0000000000,0.0000000000,0.0000000000,0.0000000000
2021-12-16,0.0000000000,0.0000000000,0.0000000000,0.0000000000,0.0000000000,0.0000000000,0.0000000000,0.0000000000,0.0000000000
2021-12-17,0.0000000000,0.0000000000,0.0000000000,0.0000000000,0.0000000000,0.0000000000,0.0000000000,0.0000000000,0.0000000000
2021-12-18,0.0000000000,0.0000000000,0.0000000000,0.0000000000,0.0000000000,0.0000000000,0.0000000000,0.0000000000,0.0000000000
2021-12-19,0.0000000000,0.0000000000,0.0000000000,0.0000000000,0.0000000000,0.0000000000,0.0000000000,0.0000000000,0.0000000000
2021-12-20,0.0000000000,0.0000000000,0.0000000000,0.0000000000,0.0000000000,0.0000000000,0.0000000000,0.0000000000,0.0000000000
2021-12-21,0.0598587407,0.0000000000,0.0000000000,0.0000000000,0.0598587407,0.0000299294,0.0000000000,0.0000000000,0.0000299294
2021-12-22,0.0000000000,0.0000000000,0.0000000000,0.0000000000,0.0000000000,0.0000000000,0.0000000000,0.0000000000,0.0000000000
2021-12-23,0.0000000000,0.0000000000,0.0000000000,0.0000000000,0.0000000000,0.0000000000,0.0000000000,0.0000000000,0.0000000000
2021-12-24,0.0000000000,0.0000000000,0.0000000000,0.0000000000,0.0000000000,0.0000000000,0.0000000000,0.0000000000,0.0000000000
2021-12-25,0.0523335703,0.0000000000,0.0000000000,0.0000000000,0.0523335703,0.0000261668,0.0000000000,0.0000000000,0.0000261668
2021-12-26,0.0000000000,0.0000000000,0.0000000000,0.0000000000,0.0000000000,0.0000000000,0.0000000000,0.0000000000,0.0000000000
2021-12-27,0.0675829495,0.0000000000,0.0000000000,0.0000000000,0.0675829495,0.0000337915,0.0000000000,0.0000000000,0.0000337915
2021-12-28,0.0000000000,0.0000000000,0.0000000000,0.0000000000,0.0000000000,0.0000000000,0.0000000000,0.0000000000,0.0000000000
2021-12-29,0.0847071864,0.0000000000,0.0000000000,0.0000000000,0.0847071864,0.0000423536,0.0000000000,0.0000000000,0.0000423536
2021-12-30,0.0000000000,0.0000000000,0.0000000000,0.0000000000,0.0000000000,0.0000000000,0.0000000000,0.0000000000,0.0000000000
2021-12-31,0.0000000000,0.0000000000,0.0000000000,0.0000000000,0.0000000000,0.0000000000,0.0000000000,0.0000000000,0.0000000000
2022-01-01,0.0000000000,0.0000000000,0.0000000000,0.0000000000,0.0000000000,0.0000000000,0.0000000000,0.0000000000,0.0000000000
2022-01-02,0.0000000000,0.0000000000,0.0000000000,0.0000000000,0.0000000000,0.0000000000,0.0000000000,0.0000000000,0.0000000000
2022-01-03,0.0000000000,0.0000000000,0.0000000000,0.0000000000,0.0000000000,0.0000000000,0.0000000000,0.0000000000,0.0000000000
2022-01-04,0.0562018944,0.0000000000,0.0000000000,0.0000000000,0.0562018944,0.0000281009,0.0000000000,0.0000000000,0.0000281009
2022-01-05,0.0000000000,0.0000000000,0.0000000000,0.0000000000,0.0000000000,0.0000000000,0.0000000000,0.0000000000,0.0000000000
2022-01-06,0.0000000000,0.0000000000,0.0000000000,0.0000000000,0.0000000000,0.0000000000,0.0000000000,0.0000000000,0.0000000000
2022-01-07,0.0000000000,0.0000000000,0.0000000000,0.0000000000,0.0000000000,0.0000000000,0.0000000000,0.0000000000,0.0000000000
2022-01-08,0.0000000000,0.0000000000,0.0000000000,0.0000000000,0.0000000000,0.0000000000,0.0000000000,0.0000000000,0.0000000000
2022-01-09,0.0000000000,0.0000000000,0.0000000000,0.0000000000,0.0000000000,0.0000000000,0.0000000000,0.0000000000,0.0000000000
2022-01-10,0.0000000000,0.0000000000,0.0000000000,0.0000000000,0.0000000000,0.0000000000,0.0000000000,0.0000000000,0.0000000000
2022-01-11,0.0000000000,0.0000000000,0.0000000000,0.0000000000,0.0000000000,0.0000000000,0.0000000000,0.0000000000,0.0000000000
2022-01-12,0.0000000000,0.0000000000,0.0000000000,0.0000000000,0.0000000000,0.0000000000,0.0000000000,0.0000000000,0.0000000000
2022-01-13,0.0713960060,0.0000000000,0.0000000000,0.0000000000,0.0713960060,0.0000356980,0.0000000000,0.0000000000,0.0000356980
2022-01-14,0.0000000000,0.0000000000,0.0000000000,0.0000000000,0.0000000000,0.0000000000,0.0000000000,0.0000000000,0.0000000000
2022-01-15,0.0000000000,0.0000000000,0.0000000000,0.0000000000,0.0000000000,0.0000000000,0.0000000000,0.0000000000,0.0000000000
2022-01-16,0.0000000000,0.0000000000,0.0000000000,0.0000000000,0.0000000000,0.0000000000,0.0000000000,0.0000000000,0.0000000000
2022-01-17,0.0000000000,0.0000000000,0.0000000000,0.0000000000,0.0000000000,0.0000000000,0.0000000000,0.0000000000,0.0000000000
2022-01-18,0.0000000000,0.0000000000,0.0000000000,0.0000000000,0.0000000000,0.0000000000,0.0000000000,0.0000000000,0.0000000000
2022-01-19,0.0990630903,0.0000000000,0.0000000000,0.0000000000,0.0990630903,0.0000495315,0.0000000000,0.0000000000,0.0000495315
2022-01-20,0.0000000000,0.0000000000,0.0000000000,0.0000000000,0.0000000000,0.0000000000,0.0000000000,0.0000000000,0.0000000000
2022-01-21,0.0840107434,0.0000000000,0.0000000000,0.0000000000,0.0840107434,0.0000420054,0.0000000000,0.0000000000,0.0000420054
2022-01-22,0.1508549502,0.0000000000,0.0000000000,0.0000000000,0.1508549502,0.0000754275,0.0000000000,0.0000000000,0.0000754275
2022-01-23,0.0000000000,0.0000000000,0.0000000000,0.0000000000,0.0000000000,0.0000000000,0.0000000000,0.0000000000,0.0000000000
2022-01-24,0.0000000000,0.0000000000,0.0000000000,0.0000000000,0.0000000000,0.0000000000,0.0000000000,0.0000000000,0.0000000000
2022-01-25,0.0000000000,0.0000000000,0.0000000000,0.0000000000,0.0000000000,0.0000000000,0.0000000000,0.0000000000,0.0000000000
2022-01-26,0.0661800455,0.0000000000,0.0000000000,0.0000000000,0.0661800455,0.0000330900,0.0000000000,0.0000000000,0.0000330900
2022-01-27,0.0000000000,0.0000000000,0.0000000000,0.0000000000,0.0000000000,0.0000000000,0.0000000000,0.0000000000,0.0000000000
2022-01-28,0.0000000000,0.0000000000,0.0000000000,0.0000000000,0.0000000000,0.0000000000,0.0000000000,0.0000000000,0.0000000000
2022-01-29,0.0000000000,0.0000000000,0.0000000000,0.0000000000,0.0000000000,0.0000000000,0.0000000000,0.0000000000,0.0000000000
2022-01-30,0.0000000000,0.0000000000,0.0000000000,0.0000000000,0.0000000000,0.0000000000,0.0000000000,0.0000000000,0.0000000000
2022-01-31,0.0000000000,0.0000000000,0.0000000000,0.0000000000,0.0000000000,0.0000000000,0.0000000000,0.0000000000,0.0000000000
2022-02-01,0.0000000000,0.0000000000,0.0000000000,0.0000000000,0.0000000000,0.0000000000,0.0000000000,0.0000000000,0.0000000000
2022-02-02,0.0000000000,0.0000000000,0.0000000000,0.0000000000,0.0000000000,0.0000000000,0.0000000000,0.0000000000,0.0000000000
2022-02-03,0.0000000000,0.0000000000,0.0000000000,0.0000000000,0.0000000000,0.0000000000,0.0000000000,0.0000000000,0.0000000000
2022-02-04,0.0000000000,0.0000000000,0.0000000000,0.0000000000,0.0000000000,0.0000000000,0.0000000000,0.0000000000,0.0000000000
2022-02-05,0.0560760769,0.0000000000,0.0000000000,0.0000000000,0.0560760769,0.0000280380,0.0000000000,0.0000000000,0.0000280380
2022-02-06,0.0000000000,0.0000000000,0.0000000000,0.0000000000,0.0000000000,0.0000000000,0.0000000000,0.0000000000,0.0000000000
2022-02-07,0.0000000000,0.0000000000,0.0000000000,0.0000000000,0.0000000000,0.0000000000,0.0000000000,0.0000000000,0.0000000000
2022-02-08,0.1037706013,0.0000000000,0.0000000000,0.0000000000,0.1037706013,0.0000518853,0.0000000000,0.0000000000,0.0000518853
2022-02-09,0.0000000000,0.0000000000,0.0000000000,0.0000000000,0.0000000000,0.0000000000,0.0000000000,0.0000000000,0.0000000000
2022-02-10,0.0000000000,0.0000000000,0.0000000000,0.0000000000,0.0000000000,0.0000000000,0.0000000000,0.0000000000,0.0000000000
2022-02-11,0.0000000000,0.0000000000,0.0000000000,0.0000000000,0.0000000000,0.0000000000,0.0000000000,0.0000000000,0.0000000000
2022-02-12,0.0000000000,0.0000000000,0.0000000000,0.0000000000,0.0000000000,0.0000000000,0.0000000000,0.0000000000,0.0000000000
2022-02-13,0.0000000000,0.0000000000,0.0000000000,0.0000000000,0.0000000000,0.0000000000,0.0000000000,0.0000000000,0.0000000000
2022-02-14,0.0000000000,0.0000000000,0.0000000000,0.0000000000,0.0000000000,0.0000000000,0.0000000000,0.0000000000,0.0000000000
2022-02-15,0.0000000000,0.0000000000,0.0000000000,0.0000000000,0.0000000000,0.0000000000,0.0000000000,0.0000000000,0.0000000000
2022-02-16,0.0000000000,0.0000000000,0.0000000000,0.0000000000,0.0000000000,0.0000000000,0.0000000000,0.0000000000,0.0000000000
2022-02-17,0.0000000000,0.0000000000,0.0000000000,0.0000000000,0.0000000000,0.0000000000,0.0000000000,0.0000000000,0.0000000000
2022-02-18,0.1295473423,0.0000000000,0.0000000000,0.0000000000,0.1295473423,0.0000647737,0.0000000000,0.0000000000,0.0000647737
2022-02-19,0.0000000000,0.0000000000,0.0000000000,0.0000000000,0.0000000000,0.0000000000,0.0000000000,0.0000000000,0.0000000000
2022-02-20,0.0000000000,0.0000000000,0.0000000000,0.0000000000,0.0000000000,0.0000000000,0.0000000000,0.0000000000,0.0000000000
2022-02-21,0.0000000000,0.0000000000,0.0000000000,0.0000000000,0.0000000000,0.0000000000,0.0000000000,0.0000000000,0.0000000000
2022-02-22,0.0000000000,0.0000000000,0.0000000000,0.0000000000,0.0000000000,0.0000000000,0.0000000000,0.0000000000,0.0000000000
2022-02-23,0.0000000000,0.0000000000,0.0000000000,0.0000000000,0.0000000000,0.0000000000,0.0000000000,0.0000000000,0.0000000000
2022-02-24,0.0000000000,0.0000000000,0.0000000000,0.0000000000,0.0000000000,0.0000000000,0.0000000000,0.0000000000,0.0000000000
2022-02-25,0.0602747945,0.0000000000,0.0000000000,0.0000000000,0.0602747945,0.0000301374,0.0000000000,0.0000000000,0.0000301374
2022-02-26,0.0000000000,0.0000000000,0.0000000000,0.0000000000,0.0000000000,0.0000000000,0.0000000000,0.0000000000,0.0000000000
2022-02-27,0.0000000000,0.0000000000,0.0000000000,0.0000000000,0.0000000000,0.0000000000,0.0000000000,0.0000000000,0.0000000000
2022-02-28,0.0000000000,0.0000000000,0.0000000000,0.0000000000,0.0000000000,0.0000000000,0.0000000000,0.0000000000,0.0000000000
2022-03-01,0.0683890114,0.0000000000,0.0000000000,0.0000000000,0.0683890114,0.0000341945,0.0000000000,0.0000000000,0.0000341945
2022-03-02,0.0000000000,0.0000000000,0.0000000000,0.0000000000,0.0000000000,0.0000000000,0.0000000000,0.0000000000,0.0000000000
2022-03-03,0.0000000000,0.0000000000,0.0000000000,0.0000000000,0.0000000000,0.0000000000,0.0000000000,0.0000000000,0.0000000000
2022-03-04,0.0000000000,0.0000000000,0.0000000000,0.0000000000,0.0000000000,0.0000000000,0.0000000000,0.0000000000,0.0000000000
2022-03-05,0.0611361221,0.0000000000,0.0000000000,0.0000000000,0.0611361221,0.0000305681,0.0000000000,0.0000000000,0.0000305681
2022-03-06,0.0000000000,0.0000000000,0.0000000000,0.0000000000,0.0000000000,0.0000000000,0.0000000000,0.0000000000,0.0000000000
2022-03-07,0.0000000000,0.0000000000,0.0000000000,0.0000000000,0.0000000000,0.0000000000,0.0000000000,0.0000000000,0.0000000000
2022-03-08,0.0000000000,0.0000000000,0.0000000000,0.0000000000,0.0000000000,0.0000000000,0.0000000000,0.0000000000,0.0000000000
2022-03-09,0.0000000000,0.0000000000,0.0000000000,0.0000000000,0.0000000000,0.0000000000,0.0000000000,0.0000000000,0.0000000000
2022-03-10,0.0986118111,0.0000000000,0.0000000000,0.0000000000,0.0986118111,0.0000493059,0.0000000000,0.0000000000,0.0000493059
2022-03-11,0.0000000000,0.0000000000,0.0000000000,0.0000000000,0.0000000000,0.0000000000,0.0000000000,0.0000000000,0.0000000000
2022-03-12,0.0617338078,0.0000000000,0.0000000000,0.0000000000,0.0617338078,0.0000308669,0.0000000000,0.0000000000,0.0000308669
2022-03-13,0.0000000000,0.0000000000,0.0000000000,0.0000000000,0.0000000000,0.0000000000,0.0000000000,0.0000000000,0.0000000000
2022-03-14,0.0000000000,0.0000000000,0.0000000000,0.0000000000,0.0000000000,0.0000000000,0.0000000000,0.0000000000,0.0000000000
2022-03-15,0.0000000000,0.0000000000,0.0000000000,0.0000000000,0.0000000000,0.0000000000,0.0000000000,0.0000000000,0.0000000000
2022-03-16,0.0000000000,0.0000000000,0.0000000000,0.0000000000,0.0000000000,0.0000000000,0.0000000000,0.0000000000,0.0000000000
2022-03-17,0.0722973594,0.0000000000,0.0000000000,0.0000000000,0.0722973594,0.0000361487,0.0000000000,0.0000000000,0.0000361487
2022-03-18,0.0000000000,0.0000000000,0.0000000000,0.0000000000,0.0000000000,0.0000000000,0.0000000000,0.0000000000,0.0000000000
2022-03-19,0.0000000000,0.0000000000,0.0000000000,0.0000000000,0.0000000000,0.0000000000,0.0000000000,0.0000000000,0.0000000000
2022-03-20,0.1378048512,0.5000000000,0.0000000000,0.5000000000,0.6378048512,0.0000689024,0.0002500000,0.0000000000,0.0003189024
2022-03-21,0.1730085770,0.5000000000,0.0000000000,0.5000000000,0.6730085770,0.0000865043,0.0002500000,0.0000000000,0.0003365043
2022-03-22,0.0000000000,0.0000000000,0.0000000000,0.0000000000,0.0000000000,0.0000000000,0.0000000000,0.0000000000,0.0000000000
2022-03-23,0.0617327083,0.0000000000,0.0000000000,0.0000000000,0.0617327083,0.0000308664,0.0000000000,0.0000000000,0.0000308664
2022-03-24,0.1112758687,0.5000000000,0.0000000000,0.5000000000,0.6112758687,0.0000556379,0.0002500000,0.0000000000,0.0003056379
2022-03-25,0.0000000000,0.0000000000,0.6383735012,0.6383735012,0.6383735012,0.0000000000,0.0000000000,0.0003191868,0.0003191868
2022-03-26,0.0000000000,0.0000000000,0.0000000000,0.0000000000,0.0000000000,0.0000000000,0.0000000000,0.0000000000,0.0000000000
2022-03-27,0.0000000000,0.0000000000,0.6383735012,0.6383735012,0.6383735012,0.0000000000,0.0000000000,0.0003191868,0.0003191868
2022-03-28,0.0000000000,0.0000000000,0.4708255114,0.4708255114,0.4708255114,0.0000000000,0.0000000000,0.0002354128,0.0002354128
2022-03-29,0.0000000000,0.0000000000,0.4708255114,0.4708255114,0.4708255114,0.0000000000,0.0000000000,0.0002354128,0.0002354128
2022-03-30,0.0000000000,0.0000000000,0.5222122092,0.5222122092,0.5222122092,0.0000000000,0.0000000000,0.0002611061,0.0002611061
2022-03-31,0.0000000000,0.0000000000,0.5222122092,0.5222122092,0.5222122092,0.0000000000,0.0000000000,0.0002611061,0.0002611061
2022-04-01,0.0000000000,0.0000000000,0.0000000000,0.0000000000,0.0000000000,0.0000000000,0.0000000000,0.0000000000,0.0000000000
2022-04-02,0.0000000000,0.0000000000,0.0000000000,0.0000000000,0.0000000000,0.0000000000,0.0000000000,0.0000000000,0.0000000000
2022-04-03,0.0000000000,0.0000000000,0.0000000000,0.0000000000,0.0000000000,0.0000000000,0.0000000000,0.0000000000,0.0000000000
2022-04-04,0.0000000000,0.0000000000,0.5193114290,0.5193114290,0.5193114290,0.0000000000,0.0000000000,0.0002596557,0.0002596557
2022-04-05,0.0000000000,0.0000000000,0.4524470718,0.4524470718,0.4524470718,0.0000000000,0.0000000000,0.0002262235,0.0002262235
2022-04-06,0.0000000000,0.0000000000,0.0842238686,0.0842238686,0.0842238686,0.0000000000,0.0000000000,0.0000421119,0.0000421119
2022-04-07,0.0373291181,0.5000000000,0.0000000000,0.5000000000,0.5373291181,0.0000186646,0.0002500000,0.0000000000,0.0002686646
2022-04-08,0.0000000000,0.0000000000,0.0000000000,0.0000000000,0.0000000000,0.0000000000,0.0000000000,0.0000000000,0.0000000000
2022-04-09,0.0562566732,0.0000000000,0.0000000000,0.0000000000,0.0562566732,0.0000281283,0.0000000000,0.0000000000,0.0000281283
2022-04-10,0.1332900630,0.0000000000,0.0000000000,0.0000000000,0.1332900630,0.0000666450,0.0000000000,0.0000000000,0.0000666450
2022-04-11,0.0717728140,0.0000000000,0.0000000000,0.0000000000,0.0717728140,0.0000358864,0.0000000000,0.0000000000,0.0000358864
2022-04-12,0.1870482346,0.0000000000,0.0000000000,0.0000000000,0.1870482346,0.0000935241,0.0000000000,0.0000000000,0.0000935241
2022-04-13,0.0000000000,0.0000000000,0.0000000000,0.0000000000,0.0000000000,0.0000000000,0.0000000000,0.0000000000,0.0000000000
2022-04-14,0.1380341114,0.0000000000,0.0000000000,0.0000000000,0.1380341114,0.0000690171,0.0000000000,0.0000000000,0.0000690171
2022-04-15,0.1077188481,0.0000000000,0.0000000000,0.0000000000,0.1077188481,0.0000538594,0.0000000000,0.0000000000,0.0000538594
2022-04-16,0.0889209508,0.0000000000,0.0000000000,0.0000000000,0.0889209508,0.0000444605,0.0000000000,0.0000000000,0.0000444605
2022-04-17,0.0502314835,0.0000000000,0.0000000000,0.0000000000,0.0502314835,0.0000251157,0.0000000000,0.0000000000,0.0000251157
2022-04-18,0.0000000000,0.0000000000,0.0000000000,0.0000000000,0.0000000000,0.0000000000,0.0000000000,0.0000000000,0.0000000000
2022-04-19,0.0000000000,0.0000000000,0.0000000000,0.0000000000,0.0000000000,0.0000000000,0.0000000000,0.0000000000,0.0000000000
2022-04-20,0.0740209466,0.0000000000,0.0000000000,0.0000000000,0.0740209466,0.0000370105,0.0000000000,0.0000000000,0.0000370105
2022-04-21,0.0000000000,0.0000000000,0.0000000000,0.0000000000,0.0000000000,0.0000000000,0.0000000000,0.0000000000,0.0000000000
2022-04-22,0.0000000000,0.0000000000,0.0000000000,0.0000000000,0.0000000000,0.0000000000,0.0000000000,0.0000000000,0.0000000000
2022-04-23,0.0000000000,0.0000000000,0.0000000000,0.0000000000,0.0000000000,0.0000000000,0.0000000000,0.0000000000,0.0000000000
2022-04-24,0.0623626276,0.0000000000,0.0000000000,0.0000000000,0.0623626276,0.0000311813,0.0000000000,0.0000000000,0.0000311813
2022-04-25,0.0000000000,0.0000000000,0.0000000000,0.0000000000,0.0000000000,0.0000000000,0.0000000000,0.0000000000,0.0000000000
2022-04-26,0.0000000000,0.0000000000,0.0000000000,0.0000000000,0.0000000000,0.0000000000,0.0000000000,0.0000000000,0.0000000000
2022-04-27,0.0524088809,0.0000000000,0.0000000000,0.0000000000,0.0524088809,0.0000262044,0.0000000000,0.0000000000,0.0000262044
2022-04-28,0.0743183906,0.0000000000,0.0000000000,0.0000000000,0.0743183906,0.0000371592,0.0000000000,0.0000000000,0.0000371592
2022-04-29,0.0629176665,0.0000000000,0.0000000000,0.0000000000,0.0629176665,0.0000314588,0.0000000000,0.0000000000,0.0000314588
2022-04-30,0.1489859000,0.0000000000,0.0000000000,0.0000000000,0.1489859000,0.0000744930,0.0000000000,0.0000000000,0.0000744930
2022-05-01,0.0000000000,0.0000000000,0.0000000000,0.0000000000,0.0000000000,0.0000000000,0.0000000000,0.0000000000,0.0000000000
2022-05-02,0.0000000000,0.0000000000,0.0000000000,0.0000000000,0.0000000000,0.0000000000,0.0000000000,0.0000000000,0.0000000000
2022-05-03,0.0000000000,0.0000000000,0.0000000000,0.0000000000,0.0000000000,0.0000000000,0.0000000000,0.0000000000,0.0000000000
2022-05-04,0.0000000000,0.0000000000,0.0000000000,0.0000000000,0.0000000000,0.0000000000,0.0000000000,0.0000000000,0.0000000000
2022-05-05,0.0641317599,0.0000000000,0.0000000000,0.0000000000,0.0641317599,0.0000320659,0.0000000000,0.0000000000,0.0000320659
2022-05-06,0.0739904410,0.0000000000,0.0000000000,0.0000000000,0.0739904410,0.0000369952,0.0000000000,0.0000000000,0.0000369952
2022-05-07,0.0000000000,0.0000000000,0.0000000000,0.0000000000,0.0000000000,0.0000000000,0.0000000000,0.0000000000,0.0000000000
2022-05-08,0.0000000000,0.0000000000,0.0000000000,0.0000000000,0.0000000000,0.0000000000,0.0000000000,0.0000000000,0.0000000000
2022-05-09,0.0959866152,0.0000000000,0.0000000000,0.0000000000,0.0959866152,0.0000479933,0.0000000000,0.0000000000,0.0000479933
2022-05-10,0.0000000000,0.0000000000,0.0000000000,0.0000000000,0.0000000000,0.0000000000,0.0000000000,0.0000000000,0.0000000000
2022-05-11,0.0000000000,0.0000000000,0.0000000000,0.0000000000,0.0000000000,0.0000000000,0.0000000000,0.0000000000,0.0000000000
2022-05-12,0.0000000000,0.0000000000,0.0000000000,0.0000000000,0.0000000000,0.0000000000,0.0000000000,0.0000000000,0.0000000000
2022-05-13,0.0000000000,0.0000000000,0.0000000000,0.0000000000,0.0000000000,0.0000000000,0.0000000000,0.0000000000,0.0000000000
2022-05-14,0.0000000000,0.0000000000,0.0000000000,0.0000000000,0.0000000000,0.0000000000,0.0000000000,0.0000000000,0.0000000000
2022-05-15,0.0000000000,0.0000000000,0.0000000000,0.0000000000,0.0000000000,0.0000000000,0.0000000000,0.0000000000,0.0000000000
2022-05-16,0.0000000000,0.0000000000,0.0000000000,0.0000000000,0.0000000000,0.0000000000,0.0000000000,0.0000000000,0.0000000000
2022-05-17,0.0000000000,0.0000000000,0.0000000000,0.0000000000,0.0000000000,0.0000000000,0.0000000000,0.0000000000,0.0000000000
2022-05-18,0.0000000000,0.0000000000,0.0000000000,0.0000000000,0.0000000000,0.0000000000,0.0000000000,0.0000000000,0.0000000000
2022-05-19,0.0000000000,0.0000000000,0.0000000000,0.0000000000,0.0000000000,0.0000000000,0.0000000000,0.0000000000,0.0000000000
2022-05-20,0.0000000000,0.0000000000,0.0000000000,0.0000000000,0.0000000000,0.0000000000,0.0000000000,0.0000000000,0.0000000000
2022-05-21,0.0000000000,0.0000000000,0.0000000000,0.0000000000,0.0000000000,0.0000000000,0.0000000000,0.0000000000,0.0000000000
2022-05-22,0.0000000000,0.0000000000,0.0000000000,0.0000000000,0.0000000000,0.0000000000,0.0000000000,0.0000000000,0.0000000000
2022-05-23,0.0000000000,0.0000000000,0.0000000000,0.0000000000,0.0000000000,0.0000000000,0.0000000000,0.0000000000,0.0000000000
2022-05-24,0.0000000000,0.0000000000,0.0000000000,0.0000000000,0.0000000000,0.0000000000,0.0000000000,0.0000000000,0.0000000000
2022-05-25,0.0000000000,0.0000000000,0.0000000000,0.0000000000,0.0000000000,0.0000000000,0.0000000000,0.0000000000,0.0000000000
2022-05-26,0.0000000000,0.0000000000,0.0000000000,0.0000000000,0.0000000000,0.0000000000,0.0000000000,0.0000000000,0.0000000000
2022-05-27,0.0000000000,0.0000000000,0.0000000000,0.0000000000,0.0000000000,0.0000000000,0.0000000000,0.0000000000,0.0000000000
2022-05-28,0.0000000000,0.0000000000,0.0000000000,0.0000000000,0.0000000000,0.0000000000,0.0000000000,0.0000000000,0.0000000000
2022-05-29,0.0000000000,0.0000000000,0.0000000000,0.0000000000,0.0000000000,0.0000000000,0.0000000000,0.0000000000,0.0000000000
2022-05-30,0.0000000000,0.0000000000,0.0000000000,0.0000000000,0.0000000000,0.0000000000,0.0000000000,0.0000000000,0.0000000000
2022-05-31,0.0000000000,0.0000000000,0.0000000000,0.0000000000,0.0000000000,0.0000000000,0.0000000000,0.0000000000,0.0000000000
2022-06-01,0.0000000000,0.0000000000,0.0000000000,0.0000000000,0.0000000000,0.0000000000,0.0000000000,0.0000000000,0.0000000000
2022-06-02,0.0000000000,0.0000000000,0.0000000000,0.0000000000,0.0000000000,0.0000000000,0.0000000000,0.0000000000,0.0000000000
2022-06-03,0.0000000000,0.0000000000,0.0000000000,0.0000000000,0.0000000000,0.0000000000,0.0000000000,0.0000000000,0.0000000000
2022-06-04,0.0000000000,0.0000000000,0.0000000000,0.0000000000,0.0000000000,0.0000000000,0.0000000000,0.0000000000,0.0000000000
2022-06-05,0.0000000000,0.0000000000,0.0000000000,0.0000000000,0.0000000000,0.0000000000,0.0000000000,0.0000000000,0.0000000000
2022-06-06,0.0000000000,0.0000000000,0.0000000000,0.0000000000,0.0000000000,0.0000000000,0.0000000000,0.0000000000,0.0000000000
2022-06-07,0.0000000000,0.0000000000,0.0000000000,0.0000000000,0.0000000000,0.0000000000,0.0000000000,0.0000000000,0.0000000000
2022-06-08,0.0000000000,0.0000000000,0.0000000000,0.0000000000,0.0000000000,0.0000000000,0.0000000000,0.0000000000,0.0000000000
2022-06-09,0.0000000000,0.0000000000,0.0000000000,0.0000000000,0.0000000000,0.0000000000,0.0000000000,0.0000000000,0.0000000000
2022-06-10,0.0000000000,0.0000000000,0.0000000000,0.0000000000,0.0000000000,0.0000000000,0.0000000000,0.0000000000,0.0000000000
2022-06-11,0.0000000000,0.0000000000,0.0000000000,0.0000000000,0.0000000000,0.0000000000,0.0000000000,0.0000000000,0.0000000000
2022-06-12,0.0000000000,0.0000000000,0.0000000000,0.0000000000,0.0000000000,0.0000000000,0.0000000000,0.0000000000,0.0000000000
2022-06-13,0.0000000000,0.0000000000,0.0000000000,0.0000000000,0.0000000000,0.0000000000,0.0000000000,0.0000000000,0.0000000000
2022-06-14,0.0000000000,0.0000000000,0.0000000000,0.0000000000,0.0000000000,0.0000000000,0.0000000000,0.0000000000,0.0000000000
2022-06-15,0.0000000000,0.0000000000,0.0000000000,0.0000000000,0.0000000000,0.0000000000,0.0000000000,0.0000000000,0.0000000000
2022-06-16,0.0000000000,0.0000000000,0.0000000000,0.0000000000,0.0000000000,0.0000000000,0.0000000000,0.0000000000,0.0000000000
2022-06-17,0.0000000000,0.0000000000,0.0000000000,0.0000000000,0.0000000000,0.0000000000,0.0000000000,0.0000000000,0.0000000000
2022-06-18,0.0000000000,0.0000000000,0.0000000000,0.0000000000,0.0000000000,0.0000000000,0.0000000000,0.0000000000,0.0000000000
2022-06-19,0.0000000000,0.0000000000,0.0000000000,0.0000000000,0.0000000000,0.0000000000,0.0000000000,0.0000000000,0.0000000000
2022-06-20,0.0000000000,0.0000000000,0.0000000000,0.0000000000,0.0000000000,0.0000000000,0.0000000000,0.0000000000,0.0000000000
2022-06-21,0.0000000000,0.0000000000,0.0000000000,0.0000000000,0.0000000000,0.0000000000,0.0000000000,0.0000000000,0.0000000000
2022-06-22,0.0000000000,0.0000000000,0.0000000000,0.0000000000,0.0000000000,0.0000000000,0.0000000000,0.0000000000,0.0000000000
2022-06-23,0.0000000000,0.0000000000,0.0000000000,0.0000000000,0.0000000000,0.0000000000,0.0000000000,0.0000000000,0.0000000000
2022-06-24,0.0000000000,0.0000000000,0.0000000000,0.0000000000,0.0000000000,0.0000000000,0.0000000000,0.0000000000,0.0000000000
2022-06-25,0.0000000000,0.0000000000,0.0000000000,0.0000000000,0.0000000000,0.0000000000,0.0000000000,0.0000000000,0.0000000000
2022-06-26,0.0000000000,0.0000000000,0.0000000000,0.0000000000,0.0000000000,0.0000000000,0.0000000000,0.0000000000,0.0000000000
2022-06-27,0.0000000000,0.0000000000,0.0000000000,0.0000000000,0.0000000000,0.0000000000,0.0000000000,0.0000000000,0.0000000000
2022-06-28,0.0000000000,0.0000000000,0.0000000000,0.0000000000,0.0000000000,0.0000000000,0.0000000000,0.0000000000,0.0000000000
2022-06-29,0.0000000000,0.0000000000,0.0000000000,0.0000000000,0.0000000000,0.0000000000,0.0000000000,0.0000000000,0.0000000000
2022-06-30,0.0000000000,0.0000000000,0.0000000000,0.0000000000,0.0000000000,0.0000000000,0.0000000000,0.0000000000,0.0000000000
2022-07-01,0.0000000000,0.0000000000,0.0000000000,0.0000000000,0.0000000000,0.0000000000,0.0000000000,0.0000000000,0.0000000000
2022-07-02,0.0000000000,0.0000000000,0.0000000000,0.0000000000,0.0000000000,0.0000000000,0.0000000000,0.0000000000,0.0000000000
2022-07-03,0.0000000000,0.0000000000,0.0000000000,0.0000000000,0.0000000000,0.0000000000,0.0000000000,0.0000000000,0.0000000000
2022-07-04,0.0000000000,0.0000000000,0.0000000000,0.0000000000,0.0000000000,0.0000000000,0.0000000000,0.0000000000,0.0000000000
2022-07-05,0.0000000000,0.0000000000,0.0000000000,0.0000000000,0.0000000000,0.0000000000,0.0000000000,0.0000000000,0.0000000000
2022-07-06,0.0000000000,0.0000000000,0.0000000000,0.0000000000,0.0000000000,0.0000000000,0.0000000000,0.0000000000,0.0000000000
2022-07-07,0.0000000000,0.0000000000,0.0000000000,0.0000000000,0.0000000000,0.0000000000,0.0000000000,0.0000000000,0.0000000000
2022-07-08,0.0000000000,0.0000000000,0.0000000000,0.0000000000,0.0000000000,0.0000000000,0.0000000000,0.0000000000,0.0000000000
2022-07-09,0.0000000000,0.0000000000,0.0000000000,0.0000000000,0.0000000000,0.0000000000,0.0000000000,0.0000000000,0.0000000000
2022-07-10,0.0000000000,0.0000000000,0.0000000000,0.0000000000,0.0000000000,0.0000000000,0.0000000000,0.0000000000,0.0000000000
2022-07-11,0.0000000000,0.0000000000,0.0000000000,0.0000000000,0.0000000000,0.0000000000,0.0000000000,0.0000000000,0.0000000000
2022-07-12,0.0000000000,0.0000000000,0.0000000000,0.0000000000,0.0000000000,0.0000000000,0.0000000000,0.0000000000,0.0000000000
2022-07-13,0.0000000000,0.0000000000,0.0000000000,0.0000000000,0.0000000000,0.0000000000,0.0000000000,0.0000000000,0.0000000000
2022-07-14,0.0000000000,0.0000000000,0.0000000000,0.0000000000,0.0000000000,0.0000000000,0.0000000000,0.0000000000,0.0000000000
2022-07-15,0.0000000000,0.0000000000,0.0000000000,0.0000000000,0.0000000000,0.0000000000,0.0000000000,0.0000000000,0.0000000000
2022-07-16,0.0000000000,0.0000000000,0.0000000000,0.0000000000,0.0000000000,0.0000000000,0.0000000000,0.0000000000,0.0000000000
2022-07-17,0.0000000000,0.0000000000,0.0000000000,0.0000000000,0.0000000000,0.0000000000,0.0000000000,0.0000000000,0.0000000000
2022-07-18,0.0000000000,0.0000000000,0.0000000000,0.0000000000,0.0000000000,0.0000000000,0.0000000000,0.0000000000,0.0000000000
2022-07-19,0.0000000000,0.0000000000,0.0000000000,0.0000000000,0.0000000000,0.0000000000,0.0000000000,0.0000000000,0.0000000000
2022-07-20,0.0000000000,0.0000000000,0.0000000000,0.0000000000,0.0000000000,0.0000000000,0.0000000000,0.0000000000,0.0000000000
2022-07-21,0.0000000000,0.0000000000,0.0000000000,0.0000000000,0.0000000000,0.0000000000,0.0000000000,0.0000000000,0.0000000000
2022-07-22,0.0000000000,0.0000000000,0.0000000000,0.0000000000,0.0000000000,0.0000000000,0.0000000000,0.0000000000,0.0000000000
2022-07-23,0.0000000000,0.0000000000,0.0000000000,0.0000000000,0.0000000000,0.0000000000,0.0000000000,0.0000000000,0.0000000000
2022-07-24,0.0000000000,0.0000000000,0.0000000000,0.0000000000,0.0000000000,0.0000000000,0.0000000000,0.0000000000,0.0000000000
2022-07-25,0.0000000000,0.0000000000,0.0000000000,0.0000000000,0.0000000000,0.0000000000,0.0000000000,0.0000000000,0.0000000000
2022-07-26,0.0000000000,0.0000000000,0.0000000000,0.0000000000,0.0000000000,0.0000000000,0.0000000000,0.0000000000,0.0000000000
2022-07-27,0.0000000000,0.0000000000,0.0000000000,0.0000000000,0.0000000000,0.0000000000,0.0000000000,0.0000000000,0.0000000000
2022-07-28,0.0000000000,0.0000000000,0.0000000000,0.0000000000,0.0000000000,0.0000000000,0.0000000000,0.0000000000,0.0000000000
2022-07-29,0.0000000000,0.0000000000,0.0000000000,0.0000000000,0.0000000000,0.0000000000,0.0000000000,0.0000000000,0.0000000000
2022-07-30,0.0000000000,0.0000000000,0.0000000000,0.0000000000,0.0000000000,0.0000000000,0.0000000000,0.0000000000,0.0000000000
2022-07-31,0.0000000000,0.0000000000,0.0000000000,0.0000000000,0.0000000000,0.0000000000,0.0000000000,0.0000000000,0.0000000000
2022-08-01,0.0000000000,0.0000000000,0.0000000000,0.0000000000,0.0000000000,0.0000000000,0.0000000000,0.0000000000,0.0000000000
2022-08-02,0.0000000000,0.0000000000,0.0000000000,0.0000000000,0.0000000000,0.0000000000,0.0000000000,0.0000000000,0.0000000000
2022-08-03,0.0000000000,0.0000000000,0.0000000000,0.0000000000,0.0000000000,0.0000000000,0.0000000000,0.0000000000,0.0000000000
2022-08-04,0.0000000000,0.0000000000,0.0000000000,0.0000000000,0.0000000000,0.0000000000,0.0000000000,0.0000000000,0.0000000000
2022-08-05,0.0000000000,0.0000000000,0.0000000000,0.0000000000,0.0000000000,0.0000000000,0.0000000000,0.0000000000,0.0000000000
2022-08-06,0.0000000000,0.0000000000,0.0000000000,0.0000000000,0.0000000000,0.0000000000,0.0000000000,0.0000000000,0.0000000000
2022-08-07,0.0000000000,0.0000000000,0.0000000000,0.0000000000,0.0000000000,0.0000000000,0.0000000000,0.0000000000,0.0000000000
2022-08-08,0.0000000000,0.0000000000,0.0000000000,0.0000000000,0.0000000000,0.0000000000,0.0000000000,0.0000000000,0.0000000000
2022-08-09,0.0000000000,0.0000000000,0.0000000000,0.0000000000,0.0000000000,0.0000000000,0.0000000000,0.0000000000,0.0000000000
2022-08-10,0.0000000000,0.0000000000,0.0000000000,0.0000000000,0.0000000000,0.0000000000,0.0000000000,0.0000000000,0.0000000000
2022-08-11,0.0000000000,0.0000000000,0.0000000000,0.0000000000,0.0000000000,0.0000000000,0.0000000000,0.0000000000,0.0000000000
2022-08-12,0.0000000000,0.0000000000,0.0000000000,0.0000000000,0.0000000000,0.0000000000,0.0000000000,0.0000000000,0.0000000000
2022-08-13,0.1295861203,0.0000000000,0.0000000000,0.0000000000,0.1295861203,0.0000647931,0.0000000000,0.0000000000,0.0000647931
2022-08-14,0.0000000000,0.0000000000,0.0000000000,0.0000000000,0.0000000000,0.0000000000,0.0000000000,0.0000000000,0.0000000000
2022-08-15,0.0000000000,0.0000000000,0.0000000000,0.0000000000,0.0000000000,0.0000000000,0.0000000000,0.0000000000,0.0000000000
2022-08-16,0.0554297114,0.0000000000,0.0000000000,0.0000000000,0.0554297114,0.0000277149,0.0000000000,0.0000000000,0.0000277149
2022-08-17,0.0000000000,0.0000000000,0.0000000000,0.0000000000,0.0000000000,0.0000000000,0.0000000000,0.0000000000,0.0000000000
2022-08-18,0.0000000000,0.0000000000,0.0000000000,0.0000000000,0.0000000000,0.0000000000,0.0000000000,0.0000000000,0.0000000000
2022-08-19,0.0530815430,0.0000000000,0.0000000000,0.0000000000,0.0530815430,0.0000265408,0.0000000000,0.0000000000,0.0000265408
2022-08-20,0.1434765413,0.0000000000,0.0000000000,0.0000000000,0.1434765413,0.0000717383,0.0000000000,0.0000000000,0.0000717383
2022-08-21,0.0000000000,0.0000000000,0.0000000000,0.0000000000,0.0000000000,0.0000000000,0.0000000000,0.0000000000,0.0000000000
2022-08-22,0.0000000000,0.0000000000,0.0000000000,0.0000000000,0.0000000000,0.0000000000,0.0000000000,0.0000000000,0.0000000000
2022-08-23,0.0000000000,0.0000000000,0.0000000000,0.0000000000,0.0000000000,0.0000000000,0.0000000000,0.0000000000,0.0000000000
2022-08-24,0.0000000000,0.0000000000,0.0000000000,0.0000000000,0.0000000000,0.0000000000,0.0000000000,0.0000000000,0.0000000000
2022-08-25,0.0000000000,0.0000000000,0.0000000000,0.0000000000,0.0000000000,0.0000000000,0.0000000000,0.0000000000,0.0000000000
2022-08-26,0.0000000000,0.0000000000,0.0000000000,0.0000000000,0.0000000000,0.0000000000,0.0000000000,0.0000000000,0.0000000000
2022-08-27,0.0000000000,0.0000000000,0.0000000000,0.0000000000,0.0000000000,0.0000000000,0.0000000000,0.0000000000,0.0000000000
2022-08-28,0.0000000000,0.0000000000,0.0000000000,0.0000000000,0.0000000000,0.0000000000,0.0000000000,0.0000000000,0.0000000000
2022-08-29,0.0000000000,0.0000000000,0.0000000000,0.0000000000,0.0000000000,0.0000000000,0.0000000000,0.0000000000,0.0000000000
2022-08-30,0.0000000000,0.0000000000,0.0000000000,0.0000000000,0.0000000000,0.0000000000,0.0000000000,0.0000000000,0.0000000000
2022-08-31,0.0000000000,0.0000000000,0.0000000000,0.0000000000,0.0000000000,0.0000000000,0.0000000000,0.0000000000,0.0000000000
2022-09-01,0.0000000000,0.0000000000,0.0000000000,0.0000000000,0.0000000000,0.0000000000,0.0000000000,0.0000000000,0.0000000000
2022-09-02,0.0000000000,0.0000000000,0.0000000000,0.0000000000,0.0000000000,0.0000000000,0.0000000000,0.0000000000,0.0000000000
2022-09-03,0.0000000000,0.0000000000,0.0000000000,0.0000000000,0.0000000000,0.0000000000,0.0000000000,0.0000000000,0.0000000000
2022-09-04,0.0000000000,0.0000000000,0.0000000000,0.0000000000,0.0000000000,0.0000000000,0.0000000000,0.0000000000,0.0000000000
2022-09-05,0.0000000000,0.0000000000,0.0000000000,0.0000000000,0.0000000000,0.0000000000,0.0000000000,0.0000000000,0.0000000000
2022-09-06,0.0000000000,0.0000000000,0.0000000000,0.0000000000,0.0000000000,0.0000000000,0.0000000000,0.0000000000,0.0000000000
2022-09-07,0.0000000000,0.0000000000,0.0000000000,0.0000000000,0.0000000000,0.0000000000,0.0000000000,0.0000000000,0.0000000000
2022-09-08,0.0000000000,0.0000000000,0.0000000000,0.0000000000,0.0000000000,0.0000000000,0.0000000000,0.0000000000,0.0000000000
2022-09-09,0.0000000000,0.0000000000,0.0000000000,0.0000000000,0.0000000000,0.0000000000,0.0000000000,0.0000000000,0.0000000000
2022-09-10,0.1264260752,0.0000000000,0.0000000000,0.0000000000,0.1264260752,0.0000632130,0.0000000000,0.0000000000,0.0000632130
2022-09-11,0.0000000000,0.0000000000,0.0000000000,0.0000000000,0.0000000000,0.0000000000,0.0000000000,0.0000000000,0.0000000000
2022-09-12,0.0000000000,0.0000000000,0.0000000000,0.0000000000,0.0000000000,0.0000000000,0.0000000000,0.0000000000,0.0000000000
2022-09-13,0.0000000000,0.0000000000,0.0000000000,0.0000000000,0.0000000000,0.0000000000,0.0000000000,0.0000000000,0.0000000000
2022-09-14,0.1264260752,0.0000000000,0.0000000000,0.0000000000,0.1264260752,0.0000632130,0.0000000000,0.0000000000,0.0000632130
2022-09-15,0.0000000000,0.0000000000,0.0000000000,0.0000000000,0.0000000000,0.0000000000,0.0000000000,0.0000000000,0.0000000000
2022-09-16,0.0000000000,0.0000000000,0.0000000000,0.0000000000,0.0000000000,0.0000000000,0.0000000000,0.0000000000,0.0000000000
2022-09-17,0.0000000000,0.0000000000,0.0000000000,0.0000000000,0.0000000000,0.0000000000,0.0000000000,0.0000000000,0.0000000000
2022-09-18,0.0000000000,0.0000000000,0.0000000000,0.0000000000,0.0000000000,0.0000000000,0.0000000000,0.0000000000,0.0000000000
2022-09-19,0.0000000000,0.0000000000,0.0000000000,0.0000000000,0.0000000000,0.0000000000,0.0000000000,0.0000000000,0.0000000000
2022-09-20,0.0000000000,0.0000000000,0.0000000000,0.0000000000,0.0000000000,0.0000000000,0.0000000000,0.0000000000,0.0000000000
2022-09-21,0.0000000000,0.0000000000,0.0000000000,0.0000000000,0.0000000000,0.0000000000,0.0000000000,0.0000000000,0.0000000000
2022-09-22,0.0000000000,0.0000000000,0.0000000000,0.0000000000,0.0000000000,0.0000000000,0.0000000000,0.0000000000,0.0000000000
2022-09-23,0.0000000000,0.0000000000,0.0000000000,0.0000000000,0.0000000000,0.0000000000,0.0000000000,0.0000000000,0.0000000000
2022-09-24,0.0000000000,0.0000000000,0.0000000000,0.0000000000,0.0000000000,0.0000000000,0.0000000000,0.0000000000,0.0000000000
2022-09-25,0.0000000000,0.0000000000,0.0000000000,0.0000000000,0.0000000000,0.0000000000,0.0000000000,0.0000000000,0.0000000000
2022-09-26,0.0000000000,0.0000000000,0.0000000000,0.0000000000,0.0000000000,0.0000000000,0.0000000000,0.0000000000,0.0000000000
2022-09-27,0.0000000000,0.0000000000,0.0000000000,0.0000000000,0.0000000000,0.0000000000,0.0000000000,0.0000000000,0.0000000000
2022-09-28,0.0000000000,0.0000000000,0.0000000000,0.0000000000,0.0000000000,0.0000000000,0.0000000000,0.0000000000,0.0000000000
2022-09-29,0.0000000000,0.0000000000,0.0000000000,0.0000000000,0.0000000000,0.0000000000,0.0000000000,0.0000000000,0.0000000000
2022-09-30,0.0000000000,0.0000000000,0.0000000000,0.0000000000,0.0000000000,0.0000000000,0.0000000000,0.0000000000,0.0000000000
2022-10-01,0.0000000000,0.0000000000,0.0000000000,0.0000000000,0.0000000000,0.0000000000,0.0000000000,0.0000000000,0.0000000000
2022-10-02,0.0000000000,0.0000000000,0.0000000000,0.0000000000,0.0000000000,0.0000000000,0.0000000000,0.0000000000,0.0000000000
2022-10-03,0.0000000000,0.0000000000,0.0000000000,0.0000000000,0.0000000000,0.0000000000,0.0000000000,0.0000000000,0.0000000000
2022-10-04,0.0000000000,0.0000000000,0.0000000000,0.0000000000,0.0000000000,0.0000000000,0.0000000000,0.0000000000,0.0000000000
2022-10-05,0.0000000000,0.0000000000,0.0000000000,0.0000000000,0.0000000000,0.0000000000,0.0000000000,0.0000000000,0.0000000000
2022-10-06,0.0000000000,0.0000000000,0.0000000000,0.0000000000,0.0000000000,0.0000000000,0.0000000000,0.0000000000,0.0000000000
2022-10-07,0.0000000000,0.0000000000,0.0000000000,0.0000000000,0.0000000000,0.0000000000,0.0000000000,0.0000000000,0.0000000000
2022-10-08,0.0000000000,0.0000000000,0.0000000000,0.0000000000,0.0000000000,0.0000000000,0.0000000000,0.0000000000,0.0000000000
2022-10-09,0.0000000000,0.0000000000,0.0000000000,0.0000000000,0.0000000000,0.0000000000,0.0000000000,0.0000000000,0.0000000000
2022-10-10,0.0000000000,0.0000000000,0.0000000000,0.0000000000,0.0000000000,0.0000000000,0.0000000000,0.0000000000,0.0000000000
2022-10-11,0.0000000000,0.0000000000,0.0000000000,0.0000000000,0.0000000000,0.0000000000,0.0000000000,0.0000000000,0.0000000000
2022-10-12,0.0000000000,0.0000000000,0.0000000000,0.0000000000,0.0000000000,0.0000000000,0.0000000000,0.0000000000,0.0000000000
2022-10-13,0.0000000000,0.0000000000,0.0000000000,0.0000000000,0.0000000000,0.0000000000,0.0000000000,0.0000000000,0.0000000000
2022-10-14,0.0707795614,0.0000000000,0.0000000000,0.0000000000,0.0707795614,0.0000353898,0.0000000000,0.0000000000,0.0000353898
2022-10-15,0.0513843732,0.0000000000,0.0000000000,0.0000000000,0.0513843732,0.0000256922,0.0000000000,0.0000000000,0.0000256922
2022-10-16,0.0000000000,0.0000000000,0.0000000000,0.0000000000,0.0000000000,0.0000000000,0.0000000000,0.0000000000,0.0000000000
2022-10-17,0.0000000000,0.0000000000,0.0000000000,0.0000000000,0.0000000000,0.0000000000,0.0000000000,0.0000000000,0.0000000000
2022-10-18,0.0000000000,0.0000000000,0.0000000000,0.0000000000,0.0000000000,0.0000000000,0.0000000000,0.0000000000,0.0000000000
2022-10-19,0.0827495324,0.0000000000,0.0000000000,0.0000000000,0.0827495324,0.0000413748,0.0000000000,0.0000000000,0.0000413748
2022-10-20,0.0850103067,0.0000000000,0.0000000000,0.0000000000,0.0850103067,0.0000425052,0.0000000000,0.0000000000,0.0000425052
2022-10-21,0.0000000000,0.0000000000,0.0000000000,0.0000000000,0.0000000000,0.0000000000,0.0000000000,0.0000000000,0.0000000000
2022-10-22,0.0000000000,0.0000000000,0.0000000000,0.0000000000,0.0000000000,0.0000000000,0.0000000000,0.0000000000,0.0000000000
2022-10-23,0.0539609542,0.0000000000,0.0000000000,0.0000000000,0.0539609542,0.0000269805,0.0000000000,0.0000000000,0.0000269805
2022-10-24,0.0000000000,0.0000000000,0.0000000000,0.0000000000,0.0000000000,0.0000000000,0.0000000000,0.0000000000,0.0000000000
2022-10-25,0.0764081928,0.0000000000,0.0000000000,0.0000000000,0.0764081928,0.0000382041,0.0000000000,0.0000000000,0.0000382041
2022-10-26,0.1798775549,0.0000000000,0.0000000000,0.0000000000,0.1798775549,0.0000899388,0.0000000000,0.0000000000,0.0000899388
2022-10-27,0.1125627853,0.0000000000,0.0000000000,0.0000000000,0.1125627853,0.0000562814,0.0000000000,0.0000000000,0.0000562814
2022-10-28,0.0000000000,0.0000000000,0.0000000000,0.0000000000,0.0000000000,0.0000000000,0.0000000000,0.0000000000,0.0000000000
2022-10-29,0.0000000000,0.0000000000,0.0000000000,0.0000000000,0.0000000000,0.0000000000,0.0000000000,0.0000000000,0.0000000000
2022-10-30,0.0658052080,0.0000000000,0.0000000000,0.0000000000,0.0658052080,0.0000329026,0.0000000000,0.0000000000,0.0000329026
2022-10-31,0.0000000000,0.0000000000,0.0000000000,0.0000000000,0.0000000000,0.0000000000,0.0000000000,0.0000000000,0.0000000000
2022-11-01,0.0000000000,0.0000000000,0.0000000000,0.0000000000,0.0000000000,0.0000000000,0.0000000000,0.0000000000,0.0000000000
2022-11-02,0.0000000000,0.0000000000,0.0000000000,0.0000000000,0.0000000000,0.0000000000,0.0000000000,0.0000000000,0.0000000000
2022-11-03,0.0898223487,0.0000000000,0.0000000000,0.0000000000,0.0898223487,0.0000449112,0.0000000000,0.0000000000,0.0000449112
2022-11-04,0.0000000000,0.0000000000,0.0000000000,0.0000000000,0.0000000000,0.0000000000,0.0000000000,0.0000000000,0.0000000000
2022-11-05,0.0523286261,0.0000000000,0.0000000000,0.0000000000,0.0523286261,0.0000261643,0.0000000000,0.0000000000,0.0000261643
2022-11-06,0.0507368140,0.0000000000,0.0000000000,0.0000000000,0.0507368140,0.0000253684,0.0000000000,0.0000000000,0.0000253684
2022-11-07,0.0573662369,0.0000000000,0.0000000000,0.0000000000,0.0573662369,0.0000286831,0.0000000000,0.0000000000,0.0000286831
2022-11-08,0.0000000000,0.0000000000,0.0000000000,0.0000000000,0.0000000000,0.0000000000,0.0000000000,0.0000000000,0.0000000000
2022-11-09,0.3064971127,0.0000000000,0.0000000000,0.0000000000,0.3064971127,0.0001532486,0.0000000000,0.0000000000,0.0001532486
2022-11-10,0.1050812117,0.0000000000,0.0000000000,0.0000000000,0.1050812117,0.0000525406,0.0000000000,0.0000000000,0.0000525406
2022-11-11,0.0000000000,0.0000000000,0.0000000000,0.0000000000,0.0000000000,0.0000000000,0.0000000000,0.0000000000,0.0000000000
2022-11-12,0.0000000000,0.0000000000,0.0000000000,0.0000000000,0.0000000000,0.0000000000,0.0000000000,0.0000000000,0.0000000000
2022-11-13,0.0000000000,0.0000000000,0.0000000000,0.0000000000,0.0000000000,0.0000000000,0.0000000000,0.0000000000,0.0000000000
2022-11-14,0.0000000000,0.0000000000,0.0000000000,0.0000000000,0.0000000000,0.0000000000,0.0000000000,0.0000000000,0.0000000000
2022-11-15,0.0000000000,0.0000000000,0.0000000000,0.0000000000,0.0000000000,0.0000000000,0.0000000000,0.0000000000,0.0000000000
2022-11-16,0.0000000000,0.0000000000,0.0000000000,0.0000000000,0.0000000000,0.0000000000,0.0000000000,0.0000000000,0.0000000000
2022-11-17,0.0000000000,0.0000000000,0.0000000000,0.0000000000,0.0000000000,0.0000000000,0.0000000000,0.0000000000,0.0000000000
2022-11-18,0.0000000000,0.0000000000,0.0000000000,0.0000000000,0.0000000000,0.0000000000,0.0000000000,0.0000000000,0.0000000000
2022-11-19,0.0000000000,0.0000000000,0.0000000000,0.0000000000,0.0000000000,0.0000000000,0.0000000000,0.0000000000,0.0000000000
2022-11-20,0.0000000000,0.0000000000,0.0000000000,0.0000000000,0.0000000000,0.0000000000,0.0000000000,0.0000000000,0.0000000000
2022-11-21,0.0000000000,0.0000000000,0.0000000000,0.0000000000,0.0000000000,0.0000000000,0.0000000000,0.0000000000,0.0000000000
2022-11-22,0.0000000000,0.0000000000,0.0000000000,0.0000000000,0.0000000000,0.0000000000,0.0000000000,0.0000000000,0.0000000000
2022-11-23,0.0000000000,0.0000000000,0.0000000000,0.0000000000,0.0000000000,0.0000000000,0.0000000000,0.0000000000,0.0000000000
2022-11-24,0.0000000000,0.0000000000,0.0000000000,0.0000000000,0.0000000000,0.0000000000,0.0000000000,0.0000000000,0.0000000000
2022-11-25,0.0000000000,0.0000000000,0.0000000000,0.0000000000,0.0000000000,0.0000000000,0.0000000000,0.0000000000,0.0000000000
2022-11-26,0.0000000000,0.0000000000,0.0000000000,0.0000000000,0.0000000000,0.0000000000,0.0000000000,0.0000000000,0.0000000000
2022-11-27,0.0000000000,0.0000000000,0.0000000000,0.0000000000,0.0000000000,0.0000000000,0.0000000000,0.0000000000,0.0000000000
2022-11-28,0.0000000000,0.0000000000,0.0000000000,0.0000000000,0.0000000000,0.0000000000,0.0000000000,0.0000000000,0.0000000000
2022-11-29,0.0000000000,0.0000000000,0.0000000000,0.0000000000,0.0000000000,0.0000000000,0.0000000000,0.0000000000,0.0000000000
2022-11-30,0.0000000000,0.0000000000,0.0000000000,0.0000000000,0.0000000000,0.0000000000,0.0000000000,0.0000000000,0.0000000000
2022-12-01,0.0000000000,0.0000000000,0.0000000000,0.0000000000,0.0000000000,0.0000000000,0.0000000000,0.0000000000,0.0000000000
2022-12-02,0.0000000000,0.0000000000,0.0000000000,0.0000000000,0.0000000000,0.0000000000,0.0000000000,0.0000000000,0.0000000000
2022-12-03,0.0000000000,0.0000000000,0.0000000000,0.0000000000,0.0000000000,0.0000000000,0.0000000000,0.0000000000,0.0000000000
2022-12-04,0.0000000000,0.0000000000,0.0000000000,0.0000000000,0.0000000000,0.0000000000,0.0000000000,0.0000000000,0.0000000000
2022-12-05,0.0000000000,0.0000000000,0.0000000000,0.0000000000,0.0000000000,0.0000000000,0.0000000000,0.0000000000,0.0000000000
2022-12-06,0.0000000000,0.0000000000,0.0000000000,0.0000000000,0.0000000000,0.0000000000,0.0000000000,0.0000000000,0.0000000000
2022-12-07,0.0000000000,0.0000000000,0.0000000000,0.0000000000,0.0000000000,0.0000000000,0.0000000000,0.0000000000,0.0000000000
2022-12-08,0.0000000000,0.0000000000,0.0000000000,0.0000000000,0.0000000000,0.0000000000,0.0000000000,0.0000000000,0.0000000000
2022-12-09,0.0000000000,0.0000000000,0.0000000000,0.0000000000,0.0000000000,0.0000000000,0.0000000000,0.0000000000,0.0000000000
2022-12-10,0.0761620844,0.0000000000,0.0000000000,0.0000000000,0.0761620844,0.0000380810,0.0000000000,0.0000000000,0.0000380810
2022-12-11,0.0541447441,0.0000000000,0.0000000000,0.0000000000,0.0541447441,0.0000270724,0.0000000000,0.0000000000,0.0000270724
2022-12-12,0.0000000000,0.0000000000,0.0000000000,0.0000000000,0.0000000000,0.0000000000,0.0000000000,0.0000000000,0.0000000000
2022-12-13,0.0000000000,0.0000000000,0.0000000000,0.0000000000,0.0000000000,0.0000000000,0.0000000000,0.0000000000,0.0000000000
2022-12-14,0.0519794204,0.0000000000,0.0000000000,0.0000000000,0.0519794204,0.0000259897,0.0000000000,0.0000000000,0.0000259897
2022-12-15,0.0000000000,0.0000000000,0.0000000000,0.0000000000,0.0000000000,0.0000000000,0.0000000000,0.0000000000,0.0000000000
2022-12-16,0.0000000000,0.0000000000,0.0000000000,0.0000000000,0.0000000000,0.0000000000,0.0000000000,0.0000000000,0.0000000000
2022-12-17,0.1428769631,0.0000000000,0.0000000000,0.0000000000,0.1428769631,0.0000714385,0.0000000000,0.0000000000,0.0000714385
2022-12-18,0.0000000000,0.0000000000,0.0000000000,0.0000000000,0.0000000000,0.0000000000,0.0000000000,0.0000000000,0.0000000000
2022-12-19,0.0582145757,0.0000000000,0.0000000000,0.0000000000,0.0582145757,0.0000291073,0.0000000000,0.0000000000,0.0000291073
2022-12-20,0.0000000000,0.0000000000,0.0000000000,0.0000000000,0.0000000000,0.0000000000,0.0000000000,0.0000000000,0.0000000000
2022-12-21,0.0000000000,0.0000000000,0.0000000000,0.0000000000,0.0000000000,0.0000000000,0.0000000000,0.0000000000,0.0000000000
2022-12-22,0.0000000000,0.0000000000,0.0000000000,0.0000000000,0.0000000000,0.0000000000,0.0000000000,0.0000000000,0.0000000000
2022-12-23,0.0000000000,0.0000000000,0.0000000000,0.0000000000,0.0000000000,0.0000000000,0.0000000000,0.0000000000,0.0000000000
2022-12-24,0.0000000000,0.0000000000,0.0000000000,0.0000000000,0.0000000000,0.0000000000,0.0000000000,0.0000000000,0.0000000000
2022-12-25,0.0000000000,0.0000000000,0.0000000000,0.0000000000,0.0000000000,0.0000000000,0.0000000000,0.0000000000,0.0000000000
2022-12-26,0.0000000000,0.0000000000,0.0000000000,0.0000000000,0.0000000000,0.0000000000,0.0000000000,0.0000000000,0.0000000000
2022-12-27,0.0000000000,0.0000000000,0.0000000000,0.0000000000,0.0000000000,0.0000000000,0.0000000000,0.0000000000,0.0000000000
2022-12-28,0.0000000000,0.0000000000,0.0000000000,0.0000000000,0.0000000000,0.0000000000,0.0000000000,0.0000000000,0.0000000000
2022-12-29,0.0727019201,0.0000000000,0.0000000000,0.0000000000,0.0727019201,0.0000363510,0.0000000000,0.0000000000,0.0000363510
2022-12-30,0.0000000000,0.0000000000,0.0000000000,0.0000000000,0.0000000000,0.0000000000,0.0000000000,0.0000000000,0.0000000000
2022-12-31,0.0000000000,0.0000000000,0.0000000000,0.0000000000,0.0000000000,0.0000000000,0.0000000000,0.0000000000,0.0000000000
2023-01-01,0.0000000000,0.0000000000,0.0000000000,0.0000000000,0.0000000000,0.0000000000,0.0000000000,0.0000000000,0.0000000000
2023-01-02,0.0000000000,0.0000000000,0.0000000000,0.0000000000,0.0000000000,0.0000000000,0.0000000000,0.0000000000,0.0000000000
2023-01-03,0.0000000000,0.0000000000,0.0000000000,0.0000000000,0.0000000000,0.0000000000,0.0000000000,0.0000000000,0.0000000000
2023-01-04,0.0000000000,0.0000000000,0.0000000000,0.0000000000,0.0000000000,0.0000000000,0.0000000000,0.0000000000,0.0000000000
2023-01-05,0.0566465711,0.0000000000,0.0000000000,0.0000000000,0.0566465711,0.0000283233,0.0000000000,0.0000000000,0.0000283233
2023-01-06,0.0581281496,0.0000000000,0.0000000000,0.0000000000,0.0581281496,0.0000290641,0.0000000000,0.0000000000,0.0000290641
2023-01-07,0.0000000000,0.0000000000,0.0000000000,0.0000000000,0.0000000000,0.0000000000,0.0000000000,0.0000000000,0.0000000000
2023-01-08,0.0000000000,0.0000000000,0.0000000000,0.0000000000,0.0000000000,0.0000000000,0.0000000000,0.0000000000,0.0000000000
2023-01-09,0.1973104754,0.0000000000,0.0000000000,0.0000000000,0.1973104754,0.0000986552,0.0000000000,0.0000000000,0.0000986552
2023-01-10,0.1308860702,0.0000000000,0.0000000000,0.0000000000,0.1308860702,0.0000654430,0.0000000000,0.0000000000,0.0000654430
2023-01-11,0.0808093415,0.0000000000,0.0000000000,0.0000000000,0.0808093415,0.0000404047,0.0000000000,0.0000000000,0.0000404047
2023-01-12,0.1263954827,0.0000000000,0.0000000000,0.0000000000,0.1263954827,0.0000631977,0.0000000000,0.0000000000,0.0000631977
2023-01-13,0.0933258915,0.5000000000,0.0000000000,0.5000000000,0.5933258915,0.0000466629,0.0002500000,0.0000000000,0.0002966629
2023-01-14,0.0000000000,0.0000000000,0.5807429302,0.5807429302,0.5807429302,0.0000000000,0.0000000000,0.0002903715,0.0002903715
2023-01-15,0.0000000000,0.0000000000,0.0000000000,0.0000000000,0.0000000000,0.0000000000,0.0000000000,0.0000000000,0.0000000000
2023-01-16,0.0000000000,0.0000000000,0.3355544432,0.3355544432,0.3355544432,0.0000000000,0.0000000000,0.0001677772,0.0001677772
2023-01-17,0.0000000000,0.0000000000,0.1004468408,0.1004468408,0.1004468408,0.0000000000,0.0000000000,0.0000502234,0.0000502234
2023-01-18,0.0000000000,0.0000000000,0.0590971958,0.0590971958,0.0590971958,0.0000000000,0.0000000000,0.0000295486,0.0000295486
2023-01-19,0.0000000000,0.0000000000,0.0000000000,0.0000000000,0.0000000000,0.0000000000,0.0000000000,0.0000000000,0.0000000000
2023-01-20,0.0000000000,0.0000000000,0.1013982040,0.1013982040,0.1013982040,0.0000000000,0.0000000000,0.0000506991,0.0000506991
2023-01-21,0.0000000000,0.0000000000,0.0000000000,0.0000000000,0.0000000000,0.0000000000,0.0000000000,0.0000000000,0.0000000000
2023-01-22,0.0000000000,0.0000000000,0.0000000000,0.0000000000,0.0000000000,0.0000000000,0.0000000000,0.0000000000,0.0000000000
2023-01-23,0.0000000000,0.0000000000,0.0000000000,0.0000000000,0.0000000000,0.0000000000,0.0000000000,0.0000000000,0.0000000000
2023-01-24,0.0000000000,0.0000000000,0.4645404782,0.4645404782,0.4645404782,0.0000000000,0.0000000000,0.0002322702,0.0002322702
2023-01-25,0.0000000000,0.0000000000,0.0000000000,0.0000000000,0.0000000000,0.0000000000,0.0000000000,0.0000000000,0.0000000000
2023-01-26,0.0000000000,0.0000000000,0.0000000000,0.0000000000,0.0000000000,0.0000000000,0.0000000000,0.0000000000,0.0000000000
2023-01-27,0.0000000000,0.0000000000,0.5262862258,0.5262862258,0.5262862258,0.0000000000,0.0000000000,0.0002631431,0.0002631431
2023-01-28,0.0000000000,0.0000000000,0.5262862258,0.5262862258,0.5262862258,0.0000000000,0.0000000000,0.0002631431,0.0002631431
2023-01-29,0.0000000000,0.0000000000,0.0000000000,0.0000000000,0.0000000000,0.0000000000,0.0000000000,0.0000000000,0.0000000000
2023-01-30,0.0000000000,0.0000000000,0.0000000000,0.0000000000,0.0000000000,0.0000000000,0.0000000000,0.0000000000,0.0000000000
2023-01-31,0.0000000000,0.0000000000,0.4864750928,0.4864750928,0.4864750928,0.0000000000,0.0000000000,0.0002432375,0.0002432375
2023-02-01,0.0000000000,0.0000000000,0.0000000000,0.0000000000,0.0000000000,0.0000000000,0.0000000000,0.0000000000,0.0000000000
2023-02-02,0.0000000000,0.0000000000,0.0000000000,0.0000000000,0.0000000000,0.0000000000,0.0000000000,0.0000000000,0.0000000000
2023-02-03,0.0000000000,0.0000000000,0.0000000000,0.0000000000,0.0000000000,0.0000000000,0.0000000000,0.0000000000,0.0000000000
2023-02-04,0.0000000000,0.0000000000,0.4329552590,0.4329552590,0.4329552590,0.0000000000,0.0000000000,0.0002164776,0.0002164776
2023-02-05,0.0000000000,0.0000000000,0.4413655346,0.4413655346,0.4413655346,0.0000000000,0.0000000000,0.0002206828,0.0002206828
2023-02-06,0.0000000000,0.0000000000,0.0000000000,0.0000000000,0.0000000000,0.0000000000,0.0000000000,0.0000000000,0.0000000000
2023-02-07,0.0000000000,0.0000000000,0.0000000000,0.0000000000,0.0000000000,0.0000000000,0.0000000000,0.0000000000,0.0000000000
2023-02-08,0.0000000000,0.0000000000,0.4413655346,0.4413655346,0.4413655346,0.0000000000,0.0000000000,0.0002206828,0.0002206828
2023-02-09,0.0000000000,0.0000000000,0.0000000000,0.0000000000,0.0000000000,0.0000000000,0.0000000000,0.0000000000,0.0000000000
2023-02-10,0.0000000000,0.0000000000,0.4622295436,0.4622295436,0.4622295436,0.0000000000,0.0000000000,0.0002311148,0.0002311148
2023-02-11,0.0000000000,0.0000000000,0.4622295436,0.4622295436,0.4622295436,0.0000000000,0.0000000000,0.0002311148,0.0002311148
2023-02-12,0.0000000000,0.0000000000,0.0000000000,0.0000000000,0.0000000000,0.0000000000,0.0000000000,0.0000000000,0.0000000000
2023-02-13,0.0000000000,0.0000000000,0.4453435398,0.4453435398,0.4453435398,0.0000000000,0.0000000000,0.0002226718,0.0002226718
2023-02-14,0.0000000000,0.0000000000,0.4453435398,0.4453435398,0.4453435398,0.0000000000,0.0000000000,0.0002226718,0.0002226718
2023-02-15,0.0000000000,0.0000000000,0.0000000000,0.0000000000,0.0000000000,0.0000000000,0.0000000000,0.0000000000,0.0000000000
2023-02-16,0.0000000000,0.0000000000,0.0000000000,0.0000000000,0.0000000000,0.0000000000,0.0000000000,0.0000000000,0.0000000000
2023-02-17,0.0000000000,0.0000000000,0.0000000000,0.0000000000,0.0000000000,0.0000000000,0.0000000000,0.0000000000,0.0000000000
2023-02-18,0.0000000000,0.0000000000,0.0000000000,0.0000000000,0.0000000000,0.0000000000,0.0000000000,0.0000000000,0.0000000000
2023-02-19,0.0000000000,0.0000000000,0.0000000000,0.0000000000,0.0000000000,0.0000000000,0.0000000000,0.0000000000,0.0000000000
2023-02-20,0.0000000000,0.0000000000,0.0000000000,0.0000000000,0.0000000000,0.0000000000,0.0000000000,0.0000000000,0.0000000000
2023-02-21,0.0000000000,0.0000000000,0.0918015508,0.0918015508,0.0918015508,0.0000000000,0.0000000000,0.0000459008,0.0000459008
2023-02-22,0.0000000000,0.0000000000,0.0000000000,0.0000000000,0.0000000000,0.0000000000,0.0000000000,0.0000000000,0.0000000000
2023-02-23,0.0000000000,0.0000000000,0.0000000000,0.0000000000,0.0000000000,0.0000000000,0.0000000000,0.0000000000,0.0000000000
2023-02-24,0.0000000000,0.0000000000,0.0000000000,0.0000000000,0.0000000000,0.0000000000,0.0000000000,0.0000000000,0.0000000000
2023-02-25,0.0000000000,0.0000000000,0.5188625244,0.5188625244,0.5188625244,0.0000000000,0.0000000000,0.0002594313,0.0002594313
2023-02-26,0.0000000000,0.0000000000,0.6454370894,0.6454370894,0.6454370894,0.0000000000,0.0000000000,0.0003227185,0.0003227185
2023-02-27,0.0000000000,0.0000000000,0.6454370894,0.6454370894,0.6454370894,0.0000000000,0.0000000000,0.0003227185,0.0003227185
2023-02-28,0.0000000000,0.0000000000,0.4458898794,0.4458898794,0.4458898794,0.0000000000,0.0000000000,0.0002229449,0.0002229449
2023-03-01,0.0000000000,0.0000000000,0.4253773162,0.4253773162,0.4253773162,0.0000000000,0.0000000000,0.0002126887,0.0002126887
2023-03-02,0.0000000000,0.0000000000,0.4055493758,0.4055493758,0.4055493758,0.0000000000,0.0000000000,0.0002027747,0.0002027747
2023-03-03,0.0000000000,0.0000000000,0.4454898550,0.4454898550,0.4454898550,0.0000000000,0.0000000000,0.0002227449,0.0002227449
2023-03-04,0.0000000000,0.0000000000,0.0593240624,0.0593240624,0.0593240624,0.0000000000,0.0000000000,0.0000296620,0.0000296620
2023-03-05,0.0000000000,0.0000000000,0.5048139174,0.5048139174,0.5048139174,0.0000000000,0.0000000000,0.0002524070,0.0002524070
2023-03-06,0.0000000000,0.0000000000,0.0000000000,0.0000000000,0.0000000000,0.0000000000,0.0000000000,0.0000000000,0.0000000000
2023-03-07,0.0000000000,0.0000000000,0.0995267680,0.0995267680,0.0995267680,0.0000000000,0.0000000000,0.0000497634,0.0000497634
2023-03-08,0.0000000000,0.0000000000,0.4854803810,0.4854803810,0.4854803810,0.0000000000,0.0000000000,0.0002427402,0.0002427402
2023-03-09,0.0000000000,0.0000000000,0.4854803810,0.4854803810,0.4854803810,0.0000000000,0.0000000000,0.0002427402,0.0002427402
2023-03-10,0.0000000000,0.0000000000,0.0000000000,0.0000000000,0.0000000000,0.0000000000,0.0000000000,0.0000000000,0.0000000000
2023-03-11,0.0000000000,0.0000000000,0.4993420590,0.4993420590,0.4993420590,0.0000000000,0.0000000000,0.0002496710,0.0002496710
2023-03-12,0.0000000000,0.0000000000,0.5175649474,0.5175649474,0.5175649474,0.0000000000,0.0000000000,0.0002587825,0.0002587825
2023-03-13,0.0000000000,0.0000000000,0.5256557424,0.5256557424,0.5256557424,0.0000000000,0.0000000000,0.0002628279,0.0002628279
2023-03-14,0.0000000000,0.0000000000,0.5256557424,0.5256557424,0.5256557424,0.0000000000,0.0000000000,0.0002628279,0.0002628279
2023-03-15,0.0000000000,0.0000000000,0.4863245172,0.4863245172,0.4863245172,0.0000000000,0.0000000000,0.0002431623,0.0002431623
2023-03-16,0.0000000000,0.0000000000,0.5180049456,0.5180049456,0.5180049456,0.0000000000,0.0000000000,0.0002590025,0.0002590025
2023-03-17,0.0000000000,0.0000000000,0.0000000000,0.0000000000,0.0000000000,0.0000000000,0.0000000000,0.0000000000,0.0000000000
2023-03-18,0.0000000000,0.0000000000,0.5300321010,0.5300321010,0.5300321010,0.0000000000,0.0000000000,0.0002650161,0.0002650161
2023-03-19,0.0000000000,0.0000000000,1.0000000000,1.0000000000,1.0000000000,0.0000000000,0.0000000000,0.0005000000,0.0005000000
2023-03-20,0.0000000000,0.0000000000,0.4846444594,0.4846444594,0.4846444594,0.0000000000,0.0000000000,0.0002423222,0.0002423222
2023-03-21,0.0000000000,0.0000000000,0.5270484842,0.5270484842,0.5270484842,0.0000000000,0.0000000000,0.0002635242,0.0002635242
2023-03-22,0.0000000000,0.0000000000,0.5170315008,0.5170315008,0.5170315008,0.0000000000,0.0000000000,0.0002585158,0.0002585158
2023-03-23,0.0000000000,0.0000000000,0.4829684992,0.4829684992,0.4829684992,0.0000000000,0.0000000000,0.0002414842,0.0002414842
2023-03-24,0.0000000000,0.0000000000,0.4806256626,0.4806256626,0.4806256626,0.0000000000,0.0000000000,0.0002403128,0.0002403128
2023-03-25,0.0000000000,0.0000000000,0.0000000000,0.0000000000,0.0000000000,0.0000000000,0.0000000000,0.0000000000,0.0000000000
2023-03-26,0.0000000000,0.0000000000,0.0000000000,0.0000000000,0.0000000000,0.0000000000,0.0000000000,0.0000000000,0.0000000000
2023-03-27,0.0000000000,0.0000000000,0.0000000000,0.0000000000,0.0000000000,0.0000000000,0.0000000000,0.0000000000,0.0000000000
2023-03-28,0.0000000000,0.0000000000,0.4869803142,0.4869803142,0.4869803142,0.0000000000,0.0000000000,0.0002434902,0.0002434902
2023-03-29,0.0000000000,0.0000000000,0.4952361550,0.4952361550,0.4952361550,0.0000000000,0.0000000000,0.0002476181,0.0002476181
2023-03-30,0.0000000000,0.0000000000,0.5114324720,0.5114324720,0.5114324720,0.0000000000,0.0000000000,0.0002557162,0.0002557162
2023-03-31,0.0000000000,0.0000000000,1.0000000000,1.0000000000,1.0000000000,0.0000000000,0.0000000000,0.0005000000,0.0005000000
2023-04-01,0.0000000000,0.0000000000,1.0000000000,1.0000000000,1.0000000000,0.0000000000,0.0000000000,0.0005000000,0.0005000000
2023-04-02,0.0000000000,0.0000000000,1.0000000000,1.0000000000,1.0000000000,0.0000000000,0.0000000000,0.0005000000,0.0005000000
2023-04-03,0.0000000000,0.0000000000,1.0000000000,1.0000000000,1.0000000000,0.0000000000,0.0000000000,0.0005000000,0.0005000000
2023-04-04,0.0000000000,0.0000000000,1.0000000000,1.0000000000,1.0000000000,0.0000000000,0.0000000000,0.0005000000,0.0005000000
2023-04-05,0.0000000000,0.0000000000,0.4344436730,0.4344436730,0.4344436730,0.0000000000,0.0000000000,0.0002172218,0.0002172218
2023-04-06,0.0000000000,0.0000000000,0.5655563270,0.5655563270,0.5655563270,0.0000000000,0.0000000000,0.0002827782,0.0002827782
2023-04-07,0.0000000000,0.0000000000,1.0000000000,1.0000000000,1.0000000000,0.0000000000,0.0000000000,0.0005000000,0.0005000000
2023-04-08,0.0000000000,0.0000000000,0.0000000000,0.0000000000,0.0000000000,0.0000000000,0.0000000000,0.0000000000,0.0000000000
2023-04-09,0.0000000000,0.0000000000,1.0000000000,1.0000000000,1.0000000000,0.0000000000,0.0000000000,0.0005000000,0.0005000000
2023-04-10,0.0000000000,0.0000000000,0.6159054164,0.6159054164,0.6159054164,0.0000000000,0.0000000000,0.0003079527,0.0003079527
2023-04-11,0.0000000000,0.0000000000,0.5406342848,0.5406342848,0.5406342848,0.0000000000,0.0000000000,0.0002703171,0.0002703171
2023-04-12,0.0000000000,0.0000000000,0.0000000000,0.0000000000,0.0000000000,0.0000000000,0.0000000000,0.0000000000,0.0000000000
2023-04-13,0.0000000000,0.0000000000,0.0000000000,0.0000000000,0.0000000000,0.0000000000,0.0000000000,0.0000000000,0.0000000000
2023-04-14,0.0000000000,0.0000000000,0.4593657152,0.4593657152,0.4593657152,0.0000000000,0.0000000000,0.0002296829,0.0002296829
2023-04-15,0.0000000000,0.0000000000,0.4474492638,0.4474492638,0.4474492638,0.0000000000,0.0000000000,0.0002237246,0.0002237246
2023-04-16,0.0000000000,0.0000000000,0.4585746826,0.4585746826,0.4585746826,0.0000000000,0.0000000000,0.0002292873,0.0002292873
2023-04-17,0.0000000000,0.0000000000,0.5468676342,0.5468676342,0.5468676342,0.0000000000,0.0000000000,0.0002734338,0.0002734338
2023-04-18,0.0000000000,0.0000000000,0.0000000000,0.0000000000,0.0000000000,0.0000000000,0.0000000000,0.0000000000,0.0000000000
2023-04-19,0.0000000000,0.0000000000,0.5468676342,0.5468676342,0.5468676342,0.0000000000,0.0000000000,0.0002734338,0.0002734338
2023-04-20,0.0000000000,0.0000000000,0.4617015004,0.4617015004,0.4617015004,0.0000000000,0.0000000000,0.0002308508,0.0002308508
2023-04-21,0.0000000000,0.0000000000,0.0000000000,0.0000000000,0.0000000000,0.0000000000,0.0000000000,0.0000000000,0.0000000000
2023-04-22,0.0000000000,0.0000000000,0.0523152568,0.0523152568,0.0523152568,0.0000000000,0.0000000000,0.0000261576,0.0000261576
2023-04-23,0.0000000000,0.0000000000,0.0000000000,0.0000000000,0.0000000000,0.0000000000,0.0000000000,0.0000000000,0.0000000000
2023-04-24,0.0000000000,0.0000000000,0.3929547888,0.3929547888,0.3929547888,0.0000000000,0.0000000000,0.0001964774,0.0001964774
2023-04-25,0.0000000000,0.0000000000,0.4520649034,0.4520649034,0.4520649034,0.0000000000,0.0000000000,0.0002260325,0.0002260325
2023-04-26,0.0000000000,0.0000000000,0.0000000000,0.0000000000,0.0000000000,0.0000000000,0.0000000000,0.0000000000,0.0000000000
2023-04-27,0.0000000000,0.0000000000,0.0000000000,0.0000000000,0.0000000000,0.0000000000,0.0000000000,0.0000000000,0.0000000000
2023-04-28,0.0000000000,0.0000000000,0.0000000000,0.0000000000,0.0000000000,0.0000000000,0.0000000000,0.0000000000,0.0000000000
2023-04-29,0.0000000000,0.0000000000,0.0000000000,0.0000000000,0.0000000000,0.0000000000,0.0000000000,0.0000000000,0.0000000000
2023-04-30,0.0000000000,0.0000000000,0.0559820420,0.0559820420,0.0559820420,0.0000000000,0.0000000000,0.0000279910,0.0000279910
2023-05-01,0.0000000000,0.0000000000,0.0000000000,0.0000000000,0.0000000000,0.0000000000,0.0000000000,0.0000000000,0.0000000000
2023-05-02,0.0000000000,0.0000000000,0.0000000000,0.0000000000,0.0000000000,0.0000000000,0.0000000000,0.0000000000,0.0000000000
2023-05-03,0.0000000000,0.0000000000,0.0000000000,0.0000000000,0.0000000000,0.0000000000,0.0000000000,0.0000000000,0.0000000000
2023-05-04,0.0000000000,0.0000000000,0.0000000000,0.0000000000,0.0000000000,0.0000000000,0.0000000000,0.0000000000,0.0000000000
2023-05-05,0.0000000000,0.0000000000,0.4919530546,0.4919530546,0.4919530546,0.0000000000,0.0000000000,0.0002459765,0.0002459765
2023-05-06,0.0000000000,0.0000000000,0.4866126054,0.4866126054,0.4866126054,0.0000000000,0.0000000000,0.0002433063,0.0002433063
2023-05-07,0.0000000000,0.0000000000,1.0000000000,1.0000000000,1.0000000000,0.0000000000,0.0000000000,0.0005000000,0.0005000000
2023-05-08,0.0285388959,0.0285388959,0.9429222082,0.9714611041,1.0000000000,0.0000142694,0.0000142694,0.0004714611,0.0005000000
2023-05-09,0.0285388959,0.0285388959,0.4014967032,0.4300355991,0.4585744950,0.0000142694,0.0000142694,0.0002007484,0.0002292872
2023-05-10,0.0000000000,0.0000000000,0.0597915610,0.0597915610,0.0597915610,0.0000000000,0.0000000000,0.0000298958,0.0000298958
2023-05-11,0.0000000000,0.0000000000,0.4816339440,0.4816339440,0.4816339440,0.0000000000,0.0000000000,0.0002408170,0.0002408170
2023-05-12,0.0000000000,0.0000000000,0.4766299938,0.4766299938,0.4766299938,0.0000000000,0.0000000000,0.0002383150,0.0002383150
2023-05-13,0.0000000000,0.0000000000,0.5679747002,0.5679747002,0.5679747002,0.0000000000,0.0000000000,0.0002839874,0.0002839874
2023-05-14,0.5000000000,0.5000000000,0.0000000000,0.5000000000,1.0000000000,0.0002500000,0.0002500000,0.0000000000,0.0005000000
2023-05-15,0.3500000000,0.3500000000,0.0000000000,0.3500000000,0.7000000000,0.0001750000,0.0001750000,0.0000000000,0.0003500000
2023-05-16,0.0000000000,0.0000000000,0.0000000000,0.0000000000,0.0000000000,0.0000000000,0.0000000000,0.0000000000,0.0000000000
2023-05-17,0.1500000000,0.1500000000,0.2043197786,0.3543197786,0.5043197786,0.0000750000,0.0000750000,0.0001021599,0.0002521599
2023-05-18,0.0000000000,0.0000000000,0.4956802214,0.4956802214,0.4956802214,0.0000000000,0.0000000000,0.0002478401,0.0002478401
2023-05-19,0.0000000000,0.0000000000,0.0000000000,0.0000000000,0.0000000000,0.0000000000,0.0000000000,0.0000000000,0.0000000000
2023-05-20,0.0000000000,0.0000000000,0.5127738954,0.5127738954,0.5127738954,0.0000000000,0.0000000000,0.0002563869,0.0002563869
2023-05-21,0.0000000000,0.0000000000,0.6830583712,0.6830583712,0.6830583712,0.0000000000,0.0000000000,0.0003415292,0.0003415292
2023-05-22,0.0323628419,0.0323628419,0.2522159450,0.2845787869,0.3169416288,0.0000161814,0.0000161814,0.0001261080,0.0001584708
2023-05-23,0.0000000000,0.0000000000,0.0000000000,0.0000000000,0.0000000000,0.0000000000,0.0000000000,0.0000000000,0.0000000000
2023-05-24,0.0000000000,0.0000000000,0.0000000000,0.0000000000,0.0000000000,0.0000000000,0.0000000000,0.0000000000,0.0000000000
2023-05-25,0.0000000000,0.0000000000,0.0000000000,0.0000000000,0.0000000000,0.0000000000,0.0000000000,0.0000000000,0.0000000000
2023-05-26,0.0000000000,0.0000000000,0.0000000000,0.0000000000,0.0000000000,0.0000000000,0.0000000000,0.0000000000,0.0000000000
2023-05-27,0.0323628419,0.0323628419,0.7000000000,0.7323628419,0.7647256838,0.0000161814,0.0000161814,0.0003500000,0.0003823628
2023-05-28,0.0000000000,0.0000000000,0.0000000000,0.0000000000,0.0000000000,0.0000000000,0.0000000000,0.0000000000,0.0000000000
2023-05-29,0.0000000000,0.0000000000,0.0768018834,0.0768018834,0.0768018834,0.0000000000,0.0000000000,0.0000384009,0.0000384009
2023-05-30,0.0000000000,0.0000000000,0.4884807200,0.4884807200,0.4884807200,0.0000000000,0.0000000000,0.0002442404,0.0002442404
2023-05-31,0.0000000000,0.0000000000,0.0550730096,0.0550730096,0.0550730096,0.0000000000,0.0000000000,0.0000275365,0.0000275365
2023-06-01,0.0000000000,0.0000000000,0.4334077104,0.4334077104,0.4334077104,0.0000000000,0.0000000000,0.0002167039,0.0002167039
2023-06-02,0.0000000000,0.0000000000,0.4181706494,0.4181706494,0.4181706494,0.0000000000,0.0000000000,0.0002090853,0.0002090853
2023-06-03,0.0000000000,0.0000000000,0.5543561326,0.5543561326,0.5543561326,0.0000000000,0.0000000000,0.0002771781,0.0002771781
2023-06-04,0.0000000000,0.0000000000,0.0000000000,0.0000000000,0.0000000000,0.0000000000,0.0000000000,0.0000000000,0.0000000000
2023-06-05,0.0000000000,0.0000000000,0.0000000000,0.0000000000,0.0000000000,0.0000000000,0.0000000000,0.0000000000,0.0000000000
2023-06-06,0.0000000000,0.0000000000,0.0000000000,0.0000000000,0.0000000000,0.0000000000,0.0000000000,0.0000000000,0.0000000000
2023-06-07,0.0000000000,0.0000000000,0.0000000000,0.0000000000,0.0000000000,0.0000000000,0.0000000000,0.0000000000,0.0000000000
2023-06-08,0.0000000000,0.0000000000,0.0000000000,0.0000000000,0.0000000000,0.0000000000,0.0000000000,0.0000000000,0.0000000000
2023-06-09,0.0000000000,0.0000000000,0.5543561326,0.5543561326,0.5543561326,0.0000000000,0.0000000000,0.0002771781,0.0002771781
2023-06-10,0.0000000000,0.0000000000,0.0000000000,0.0000000000,0.0000000000,0.0000000000,0.0000000000,0.0000000000,0.0000000000
2023-06-11,0.0000000000,0.0000000000,0.1086012986,0.1086012986,0.1086012986,0.0000000000,0.0000000000,0.0000543006,0.0000543006
2023-06-12,0.0021940274,0.0021940274,0.4207135092,0.4229075366,0.4251015640,0.0000010970,0.0000010970,0.0002103568,0.0002125508
2023-06-13,0.0021940274,0.0021940274,0.4352254548,0.4374194822,0.4396135096,0.0000010970,0.0000010970,0.0002176127,0.0002198068
2023-06-14,0.0320159805,0.0320159805,0.3755815486,0.4075975291,0.4396135096,0.0000160080,0.0000160080,0.0001877908,0.0002198068
2023-06-15,0.0320159805,0.0320159805,0.6188246294,0.6508406099,0.6828565904,0.0000160080,0.0000160080,0.0003094123,0.0003414283
2023-06-16,0.0758935615,0.5000000000,0.0000000000,0.5000000000,0.5758935615,0.0000379468,0.0002500000,0.0000000000,0.0002879468
2023-06-17,0.0758935615,0.5000000000,0.0000000000,0.5000000000,0.5758935615,0.0000379468,0.0002500000,0.0000000000,0.0002879468
2023-06-18,0.0000000000,0.0000000000,0.0000000000,0.0000000000,0.0000000000,0.0000000000,0.0000000000,0.0000000000,0.0000000000
2023-06-19,0.1500000000,0.1500000000,0.2257617726,0.3757617726,0.5257617726,0.0000750000,0.0000750000,0.0001128809,0.0002628809
2023-06-20,0.0000000000,0.0000000000,0.0000000000,0.0000000000,0.0000000000,0.0000000000,0.0000000000,0.0000000000,0.0000000000
2023-06-21,0.0000000000,0.0000000000,0.7000000000,0.7000000000,0.7000000000,0.0000000000,0.0000000000,0.0003500000,0.0003500000
2023-06-22,0.1500000000,0.1500000000,0.1900033284,0.3400033284,0.4900033284,0.0000750000,0.0000750000,0.0000950017,0.0002450017
2023-06-23,0.0000000000,0.0000000000,0.4900033284,0.4900033284,0.4900033284,0.0000000000,0.0000000000,0.0002450017,0.0002450017
2023-06-24,0.0202849562,0.0202849562,0.7000000000,0.7202849562,0.7405699124,0.0000101425,0.0000101425,0.0003500000,0.0003702850
2023-06-25,0.1297150438,0.1297150438,0.0000000000,0.1297150438,0.2594300876,0.0000648575,0.0000648575,0.0000000000,0.0001297150
2023-06-26,0.1500000000,0.1500000000,0.0212061654,0.1712061654,0.3212061654,0.0000750000,0.0000750000,0.0000106031,0.0001606031
2023-06-27,0.0000000000,0.0000000000,0.3410461760,0.3410461760,0.3410461760,0.0000000000,0.0000000000,0.0001705231,0.0001705231
2023-06-28,0.0632283492,0.0632283492,0.2145894776,0.2778178268,0.3410461760,0.0000316142,0.0000316142,0.0001072947,0.0001705231
2023-06-29,0.0000000000,0.0000000000,0.0000000000,0.0000000000,0.0000000000,0.0000000000,0.0000000000,0.0000000000,0.0000000000
2023-06-30,0.0632283492,0.0632283492,0.2216356074,0.2848639566,0.3480923058,0.0000316142,0.0000316142,0.0001108178,0.0001740462
2023-07-01,0.0000000000,0.0000000000,0.3755887796,0.3755887796,0.3755887796,0.0000000000,0.0000000000,0.0001877944,0.0001877944
2023-07-02,0.0000000000,0.0000000000,0.0000000000,0.0000000000,0.0000000000,0.0000000000,0.0000000000,0.0000000000,0.0000000000
2023-07-03,0.0000000000,0.0000000000,0.0000000000,0.0000000000,0.0000000000,0.0000000000,0.0000000000,0.0000000000,0.0000000000
2023-07-04,0.0000000000,0.0000000000,0.0000000000,0.0000000000,0.0000000000,0.0000000000,0.0000000000,0.0000000000,0.0000000000
2023-07-05,0.0000000000,0.0000000000,0.0000000000,0.0000000000,0.0000000000,0.0000000000,0.0000000000,0.0000000000,0.0000000000
2023-07-06,0.0000000000,0.0000000000,0.0000000000,0.0000000000,0.0000000000,0.0000000000,0.0000000000,0.0000000000,0.0000000000
2023-07-07,0.0000000000,0.0000000000,0.3755887796,0.3755887796,0.3755887796,0.0000000000,0.0000000000,0.0001877944,0.0001877944
2023-07-08,0.0000000000,0.0000000000,0.3715291304,0.3715291304,0.3715291304,0.0000000000,0.0000000000,0.0001857646,0.0001857646
2023-07-09,0.0000000000,0.0000000000,0.0000000000,0.0000000000,0.0000000000,0.0000000000,0.0000000000,0.0000000000,0.0000000000
2023-07-10,0.0000000000,0.0000000000,0.3490597072,0.3490597072,0.3490597072,0.0000000000,0.0000000000,0.0001745299,0.0001745299
2023-07-11,0.0000000000,0.0000000000,0.0000000000,0.0000000000,0.0000000000,0.0000000000,0.0000000000,0.0000000000,0.0000000000
2023-07-12,0.0000000000,0.0000000000,0.0000000000,0.0000000000,0.0000000000,0.0000000000,0.0000000000,0.0000000000,0.0000000000
2023-07-13,0.0000000000,0.0000000000,0.0646175914,0.0646175914,0.0646175914,0.0000000000,0.0000000000,0.0000323088,0.0000323088
2023-07-14,0.0000000000,0.0000000000,1.0000000000,1.0000000000,1.0000000000,0.0000000000,0.0000000000,0.0005000000,0.0005000000
2023-07-15,0.0000000000,0.0000000000,0.5515481262,0.5515481262,0.5515481262,0.0000000000,0.0000000000,0.0002757741,0.0002757741
2023-07-16,0.0000000000,0.0000000000,1.0000000000,1.0000000000,1.0000000000,0.0000000000,0.0000000000,0.0005000000,0.0005000000
2023-07-17,0.0000000000,0.0000000000,0.4537526836,0.4537526836,0.4537526836,0.0000000000,0.0000000000,0.0002268763,0.0002268763
2023-07-18,0.0000000000,0.0000000000,0.4537526836,0.4537526836,0.4537526836,0.0000000000,0.0000000000,0.0002268763,0.0002268763
2023-07-19,0.0000000000,0.0000000000,0.0000000000,0.0000000000,0.0000000000,0.0000000000,0.0000000000,0.0000000000,0.0000000000
2023-07-20,0.0000000000,0.0000000000,0.0000000000,0.0000000000,0.0000000000,0.0000000000,0.0000000000,0.0000000000,0.0000000000
2023-07-21,0.0000000000,0.0000000000,0.5246265980,0.5246265980,0.5246265980,0.0000000000,0.0000000000,0.0002623133,0.0002623133
2023-07-22,0.0000000000,0.0000000000,0.5622205542,0.5622205542,0.5622205542,0.0000000000,0.0000000000,0.0002811103,0.0002811103
2023-07-23,0.0350698622,0.0350698622,0.7000000000,0.7350698622,0.7701397244,0.0000175349,0.0000175349,0.0003500000,0.0003850699
2023-07-24,0.0000000000,0.0000000000,0.0000000000,0.0000000000,0.0000000000,0.0000000000,0.0000000000,0.0000000000,0.0000000000
2023-07-25,0.0350698622,0.0350698622,0.7000000000,0.7350698622,0.7701397244,0.0000175349,0.0000175349,0.0003500000,0.0003850699
2023-07-26,0.0000000000,0.0000000000,1.0000000000,1.0000000000,1.0000000000,0.0000000000,0.0000000000,0.0005000000,0.0005000000
2023-07-27,0.0101476131,0.0101476131,0.3201043180,0.3302519311,0.3403995442,0.0000050738,0.0000050738,0.0001600522,0.0001701998
2023-07-28,0.0101476131,0.0101476131,0.7000000000,0.7101476131,0.7202952262,0.0000050738,0.0000050738,0.0003500000,0.0003601476
2023-07-29,0.0000000000,0.0000000000,0.5992197622,0.5992197622,0.5992197622,0.0000000000,0.0000000000,0.0002996099,0.0002996099
2023-07-30,0.0000000000,0.0000000000,0.5983520336,0.5983520336,0.5983520336,0.0000000000,0.0000000000,0.0002991760,0.0002991760
2023-07-31,0.0000000000,0.0000000000,1.0000000000,1.0000000000,1.0000000000,0.0000000000,0.0000000000,0.0005000000,0.0005000000
2023-08-01,0.0000000000,0.0000000000,0.0706144996,0.0706144996,0.0706144996,0.0000000000,0.0000000000,0.0000353072,0.0000353072
2023-08-02,0.0000000000,0.0000000000,0.4614943358,0.4614943358,0.4614943358,0.0000000000,0.0000000000,0.0002307472,0.0002307472
2023-08-03,0.0000000000,0.0000000000,0.4614943358,0.4614943358,0.4614943358,0.0000000000,0.0000000000,0.0002307472,0.0002307472
2023-08-04,0.0059337501,0.0059337501,0.9881324998,0.9940662499,1.0000000000,0.0000029669,0.0000029669,0.0004940662,0.0005000000
2023-08-05,0.0059337501,0.0059337501,0.4927489728,0.4986827229,0.5046164730,0.0000029669,0.0000029669,0.0002463745,0.0002523082
2023-08-06,0.0000000000,0.0000000000,0.4953835270,0.4953835270,0.4953835270,0.0000000000,0.0000000000,0.0002476918,0.0002476918
2023-08-07,0.0000000000,0.0000000000,0.4280972348,0.4280972348,0.4280972348,0.0000000000,0.0000000000,0.0002140486,0.0002140486
2023-08-08,0.0529994813,0.0529994813,0.8940010374,0.9470005187,1.0000000000,0.0000264997,0.0000264997,0.0004470005,0.0005000000
2023-08-09,0.0245464415,0.0245464415,0.1940010374,0.2185474789,0.2430939204,0.0000122732,0.0000122732,0.0000970005,0.0001215470
2023-08-10,0.0000000000,0.0000000000,0.0000000000,0.0000000000,0.0000000000,0.0000000000,0.0000000000,0.0000000000,0.0000000000
2023-08-11,0.0284530398,0.0284530398,0.3301733464,0.3586263862,0.3870794260,0.0000142265,0.0000142265,0.0001650867,0.0001935397
2023-08-12,0.0000000000,0.0000000000,1.0000000000,1.0000000000,1.0000000000,0.0000000000,0.0000000000,0.0005000000,0.0005000000
2023-08-13,0.0000000000,0.0000000000,0.0859526234,0.0859526234,0.0859526234,0.0000000000,0.0000000000,0.0000429763,0.0000429763
2023-08-14,0.0116623876,0.0116623876,0.0662242776,0.0778866652,0.0895490528,0.0000058312,0.0000058312,0.0000331121,0.0000447745
2023-08-15,0.0116623876,0.0116623876,0.3215996286,0.3332620162,0.3449244038,0.0000058312,0.0000058312,0.0001607998,0.0001724622
2023-08-16,0.0000000000,0.0000000000,0.6862114838,0.6862114838,0.6862114838,0.0000000000,0.0000000000,0.0003431057,0.0003431057
2023-08-17,0.0000000000,0.0000000000,0.0000000000,0.0000000000,0.0000000000,0.0000000000,0.0000000000,0.0000000000,0.0000000000
2023-08-18,0.0000000000,0.0000000000,0.4582689994,0.4582689994,0.4582689994,0.0000000000,0.0000000000,0.0002291345,0.0002291345
2023-08-19,0.1228493249,0.5000000000,0.0000000000,0.5000000000,0.6228493249,0.0000614247,0.0002500000,0.0000000000,0.0003114247
2023-08-20,0.0000000000,0.0000000000,0.0000000000,0.0000000000,0.0000000000,0.0000000000,0.0000000000,0.0000000000,0.0000000000
2023-08-21,0.0788610452,0.0000000000,0.0000000000,0.0000000000,0.0788610452,0.0000394305,0.0000000000,0.0000000000,0.0000394305
2023-08-22,0.0000000000,0.0000000000,0.0000000000,0.0000000000,0.0000000000,0.0000000000,0.0000000000,0.0000000000,0.0000000000
2023-08-23,0.0000000000,0.0000000000,0.0000000000,0.0000000000,0.0000000000,0.0000000000,0.0000000000,0.0000000000,0.0000000000
2023-08-24,0.0000000000,0.0000000000,0.0000000000,0.0000000000,0.0000000000,0.0000000000,0.0000000000,0.0000000000,0.0000000000
2023-08-25,0.0000000000,0.0000000000,0.0000000000,0.0000000000,0.0000000000,0.0000000000,0.0000000000,0.0000000000,0.0000000000
2023-08-26,0.0564185447,0.0000000000,0.0000000000,0.0000000000,0.0564185447,0.0000282093,0.0000000000,0.0000000000,0.0000282093
2023-08-27,0.0000000000,0.0000000000,0.0000000000,0.0000000000,0.0000000000,0.0000000000,0.0000000000,0.0000000000,0.0000000000
2023-08-28,0.0000000000,0.0000000000,0.0000000000,0.0000000000,0.0000000000,0.0000000000,0.0000000000,0.0000000000,0.0000000000
2023-08-29,0.0000000000,0.0000000000,0.0000000000,0.0000000000,0.0000000000,0.0000000000,0.0000000000,0.0000000000,0.0000000000
2023-08-30,0.0124302650,0.5000000000,0.0000000000,0.5000000000,0.5124302650,0.0000062151,0.0002500000,0.0000000000,0.0002562151
2023-08-31,0.0403575646,0.5000000000,0.0000000000,0.5000000000,0.5403575646,0.0000201788,0.0002500000,0.0000000000,0.0002701788
2023-09-01,0.0858331520,0.0000000000,0.0000000000,0.0000000000,0.0858331520,0.0000429166,0.0000000000,0.0000000000,0.0000429166
2023-09-02,0.0000000000,0.0000000000,0.0000000000,0.0000000000,0.0000000000,0.0000000000,0.0000000000,0.0000000000,0.0000000000
2023-09-03,0.0000000000,0.0000000000,0.0000000000,0.0000000000,0.0000000000,0.0000000000,0.0000000000,0.0000000000,0.0000000000
2023-09-04,0.0000000000,0.0000000000,0.0000000000,0.0000000000,0.0000000000,0.0000000000,0.0000000000,0.0000000000,0.0000000000
2023-09-05,0.0000000000,0.0000000000,0.0000000000,0.0000000000,0.0000000000,0.0000000000,0.0000000000,0.0000000000,0.0000000000
2023-09-06,0.0000000000,0.0000000000,0.0000000000,0.0000000000,0.0000000000,0.0000000000,0.0000000000,0.0000000000,0.0000000000
2023-09-07,0.0603082086,0.0000000000,0.0000000000,0.0000000000,0.0603082086,0.0000301541,0.0000000000,0.0000000000,0.0000301541
2023-09-08,0.0653924077,0.0000000000,0.0000000000,0.0000000000,0.0653924077,0.0000326962,0.0000000000,0.0000000000,0.0000326962
2023-09-09,0.0000000000,0.0000000000,0.0000000000,0.0000000000,0.0000000000,0.0000000000,0.0000000000,0.0000000000,0.0000000000
2023-09-10,0.0000000000,0.0000000000,0.0000000000,0.0000000000,0.0000000000,0.0000000000,0.0000000000,0.0000000000,0.0000000000
2023-09-11,0.0000000000,0.0000000000,0.0000000000,0.0000000000,0.0000000000,0.0000000000,0.0000000000,0.0000000000,0.0000000000
2023-09-12,0.1358279550,0.0000000000,0.0000000000,0.0000000000,0.1358279550,0.0000679140,0.0000000000,0.0000000000,0.0000679140
2023-09-13,0.0501034194,0.0000000000,0.0000000000,0.0000000000,0.0501034194,0.0000250517,0.0000000000,0.0000000000,0.0000250517
2023-09-14,0.0000000000,0.0000000000,0.0000000000,0.0000000000,0.0000000000,0.0000000000,0.0000000000,0.0000000000,0.0000000000
2023-09-15,0.0671606967,0.0000000000,0.0000000000,0.0000000000,0.0671606967,0.0000335803,0.0000000000,0.0000000000,0.0000335803
2023-09-16,0.0616611900,0.5000000000,0.0000000000,0.5000000000,0.5616611900,0.0000308306,0.0002500000,0.0000000000,0.0002808306
2023-09-17,0.0000000000,0.0000000000,0.5455345432,0.5455345432,0.5455345432,0.0000000000,0.0000000000,0.0002727673,0.0002727673
2023-09-18,0.1110924483,0.5000000000,0.0000000000,0.5000000000,0.6110924483,0.0000555462,0.0002500000,0.0000000000,0.0003055462
2023-09-19,0.0000000000,0.0000000000,0.0000000000,0.0000000000,0.0000000000,0.0000000000,0.0000000000,0.0000000000,0.0000000000
2023-09-20,0.1110924483,0.5000000000,0.0000000000,0.5000000000,0.6110924483,0.0000555462,0.0002500000,0.0000000000,0.0003055462
2023-09-21,0.0000000000,0.0000000000,0.4328769728,0.4328769728,0.4328769728,0.0000000000,0.0000000000,0.0002164385,0.0002164385
2023-09-22,0.0000000000,0.0000000000,0.4328769728,0.4328769728,0.4328769728,0.0000000000,0.0000000000,0.0002164385,0.0002164385
2023-09-23,0.0000000000,0.0000000000,1.0000000000,1.0000000000,1.0000000000,0.0000000000,0.0000000000,0.0005000000,0.0005000000
2023-09-24,0.0000000000,0.0000000000,1.0000000000,1.0000000000,1.0000000000,0.0000000000,0.0000000000,0.0005000000,0.0005000000
2023-09-25,0.1119265520,0.5000000000,0.0000000000,0.5000000000,0.6119265520,0.0000559633,0.0002500000,0.0000000000,0.0003059633
2023-09-26,0.0000000000,0.0000000000,0.0000000000,0.0000000000,0.0000000000,0.0000000000,0.0000000000,0.0000000000,0.0000000000
2023-09-27,0.0000000000,0.0000000000,0.0000000000,0.0000000000,0.0000000000,0.0000000000,0.0000000000,0.0000000000,0.0000000000
2023-09-28,0.0897968387,0.0000000000,0.0000000000,0.0000000000,0.0897968387,0.0000448984,0.0000000000,0.0000000000,0.0000448984
2023-09-29,0.0221297133,0.5000000000,0.0000000000,0.5000000000,0.5221297133,0.0000110649,0.0002500000,0.0000000000,0.0002610649
2023-09-30,0.0152647676,0.0152647676,0.9694704648,0.9847352324,1.0000000000,0.0000076324,0.0000076324,0.0004847352,0.0005000000
2023-10-01,0.0161613784,0.0161613784,0.9371477080,0.9533090864,0.9694704648,0.0000080807,0.0000080807,0.0004685739,0.0004847352
2023-10-02,0.0314261460,0.0314261460,0.5612582878,0.5926844338,0.6241105798,0.0000157131,0.0000157131,0.0002806291,0.0003120553
2023-10-03,0.0000000000,0.0000000000,0.4623614136,0.4623614136,0.4623614136,0.0000000000,0.0000000000,0.0002311807,0.0002311807
2023-10-04,0.0030571034,0.0030571034,0.7000000000,0.7030571034,0.7061142068,0.0000015286,0.0000015286,0.0003500000,0.0003530571
2023-10-05,0.0030571034,0.0030571034,0.9938857932,0.9969428966,1.0000000000,0.0000015286,0.0000015286,0.0004969429,0.0005000000
2023-10-06,0.0000000000,0.0000000000,0.0000000000,0.0000000000,0.0000000000,0.0000000000,0.0000000000,0.0000000000,0.0000000000
2023-10-07,0.0487321451,0.0487321451,0.9025357098,0.9512678549,1.0000000000,0.0000243661,0.0000243661,0.0004512679,0.0005000000
2023-10-08,0.0487321451,0.0487321451,0.7000000000,0.7487321451,0.7974642902,0.0000243661,0.0000243661,0.0003500000,0.0003987321
2023-10-09,0.0000000000,0.0000000000,0.4932414488,0.4932414488,0.4932414488,0.0000000000,0.0000000000,0.0002466207,0.0002466207
2023-10-10,0.0000000000,0.0000000000,0.5568892594,0.5568892594,0.5568892594,0.0000000000,0.0000000000,0.0002784446,0.0002784446
2023-10-11,0.0000000000,0.0000000000,0.5568892594,0.5568892594,0.5568892594,0.0000000000,0.0000000000,0.0002784446,0.0002784446
2023-10-12,0.0000000000,0.0000000000,0.5661411484,0.5661411484,0.5661411484,0.0000000000,0.0000000000,0.0002830706,0.0002830706
2023-10-13,0.1500000000,0.1500000000,0.2661411484,0.4161411484,0.5661411484,0.0000750000,0.0000750000,0.0001330706,0.0002830706
2023-10-14,0.1500000000,0.1500000000,0.2377661538,0.3877661538,0.5377661538,0.0000750000,0.0000750000,0.0001188831,0.0002688831
2023-10-15,0.0112285413,0.0112285413,0.5153090712,0.5265376125,0.5377661538,0.0000056143,0.0000056143,0.0002576545,0.0002688831
2023-10-16,0.0112285413,0.0112285413,0.4366691602,0.4478977015,0.4591262428,0.0000056143,0.0000056143,0.0002183346,0.0002295631
2023-10-17,0.0000000000,0.0000000000,1.0000000000,1.0000000000,1.0000000000,0.0000000000,0.0000000000,0.0005000000,0.0005000000
2023-10-18,0.0000000000,0.0000000000,1.0000000000,1.0000000000,1.0000000000,0.0000000000,0.0000000000,0.0005000000,0.0005000000
2023-10-19,0.0000000000,0.0000000000,1.0000000000,1.0000000000,1.0000000000,0.0000000000,0.0000000000,0.0005000000,0.0005000000
2023-10-20,0.0000000000,0.0000000000,1.0000000000,1.0000000000,1.0000000000,0.0000000000,0.0000000000,0.0005000000,0.0005000000
2023-10-21,0.0000000000,0.0000000000,1.0000000000,1.0000000000,1.0000000000,0.0000000000,0.0000000000,0.0005000000,0.0005000000
2023-10-22,0.0000000000,0.0000000000,1.0000000000,1.0000000000,1.0000000000,0.0000000000,0.0000000000,0.0005000000,0.0005000000
2023-10-23,0.0000000000,0.0000000000,0.0698669118,0.0698669118,0.0698669118,0.0000000000,0.0000000000,0.0000349335,0.0000349335
2023-10-24,0.0000000000,0.0000000000,0.5657011576,0.5657011576,0.5657011576,0.0000000000,0.0000000000,0.0002828506,0.0002828506
2023-10-25,0.0000000000,0.0000000000,0.0537280516,0.0537280516,0.0537280516,0.0000000000,0.0000000000,0.0000268640,0.0000268640
2023-10-26,0.0000000000,0.0000000000,0.0000000000,0.0000000000,0.0000000000,0.0000000000,0.0000000000,0.0000000000,0.0000000000
2023-10-27,0.0000000000,0.0000000000,0.0000000000,0.0000000000,0.0000000000,0.0000000000,0.0000000000,0.0000000000,0.0000000000
2023-10-28,0.0000000000,0.0000000000,0.4209205704,0.4209205704,0.4209205704,0.0000000000,0.0000000000,0.0002104603,0.0002104603
2023-10-29,0.0000000000,0.0000000000,0.5790794296,0.5790794296,0.5790794296,0.0000000000,0.0000000000,0.0002895397,0.0002895397
2023-10-30,0.0000000000,0.0000000000,0.5034167118,0.5034167118,0.5034167118,0.0000000000,0.0000000000,0.0002517084,0.0002517084
2023-10-31,0.0000000000,0.0000000000,0.5034167118,0.5034167118,0.5034167118,0.0000000000,0.0000000000,0.0002517084,0.0002517084
2023-11-01,0.0000000000,0.0000000000,0.5367246490,0.5367246490,0.5367246490,0.0000000000,0.0000000000,0.0002683623,0.0002683623
2023-11-02,0.0000000000,0.0000000000,0.0000000000,0.0000000000,0.0000000000,0.0000000000,0.0000000000,0.0000000000,0.0000000000
2023-11-03,0.0000000000,0.0000000000,0.0000000000,0.0000000000,0.0000000000,0.0000000000,0.0000000000,0.0000000000,0.0000000000
2023-11-04,0.0000000000,0.0000000000,0.5102955626,0.5102955626,0.5102955626,0.0000000000,0.0000000000,0.0002551478,0.0002551478
2023-11-05,0.0000000000,0.0000000000,0.0000000000,0.0000000000,0.0000000000,0.0000000000,0.0000000000,0.0000000000,0.0000000000
2023-11-06,0.0000000000,0.0000000000,0.5350745086,0.5350745086,0.5350745086,0.0000000000,0.0000000000,0.0002675373,0.0002675373
2023-11-07,0.0000000000,0.0000000000,0.5032196890,0.5032196890,0.5032196890,0.0000000000,0.0000000000,0.0002516098,0.0002516098
2023-11-08,0.0000000000,0.0000000000,0.5032196890,0.5032196890,0.5032196890,0.0000000000,0.0000000000,0.0002516098,0.0002516098
2023-11-09,0.0000000000,0.0000000000,0.5308949170,0.5308949170,0.5308949170,0.0000000000,0.0000000000,0.0002654475,0.0002654475
2023-11-10,0.0000000000,0.0000000000,0.5147138708,0.5147138708,0.5147138708,0.0000000000,0.0000000000,0.0002573569,0.0002573569
2023-11-11,0.0000000000,0.0000000000,0.4852861292,0.4852861292,0.4852861292,0.0000000000,0.0000000000,0.0002426431,0.0002426431
2023-11-12,0.0000000000,0.0000000000,0.5998003542,0.5998003542,0.5998003542,0.0000000000,0.0000000000,0.0002999002,0.0002999002
2023-11-13,0.0000000000,0.0000000000,0.5998003542,0.5998003542,0.5998003542,0.0000000000,0.0000000000,0.0002999002,0.0002999002
2023-11-14,0.0000000000,0.0000000000,0.6886904466,0.6886904466,0.6886904466,0.0000000000,0.0000000000,0.0003443452,0.0003443452
2023-11-15,0.0000000000,0.0000000000,0.0574456022,0.0574456022,0.0574456022,0.0000000000,0.0000000000,0.0000287228,0.0000287228
2023-11-16,0.0000000000,0.0000000000,0.0000000000,0.0000000000,0.0000000000,0.0000000000,0.0000000000,0.0000000000,0.0000000000
2023-11-17,0.0000000000,0.0000000000,0.0000000000,0.0000000000,0.0000000000,0.0000000000,0.0000000000,0.0000000000,0.0000000000
2023-11-18,0.0000000000,0.0000000000,0.6312448444,0.6312448444,0.6312448444,0.0000000000,0.0000000000,0.0003156224,0.0003156224
2023-11-19,0.0000000000,0.0000000000,1.0000000000,1.0000000000,1.0000000000,0.0000000000,0.0000000000,0.0005000000,0.0005000000
2023-11-20,0.0000000000,0.0000000000,0.5192785606,0.5192785606,0.5192785606,0.0000000000,0.0000000000,0.0002596393,0.0002596393
2023-11-21,0.0000000000,0.0000000000,0.5192785606,0.5192785606,0.5192785606,0.0000000000,0.0000000000,0.0002596393,0.0002596393
2023-11-22,0.0000000000,0.0000000000,0.0000000000,0.0000000000,0.0000000000,0.0000000000,0.0000000000,0.0000000000,0.0000000000
2023-11-23,0.0000000000,0.0000000000,0.0000000000,0.0000000000,0.0000000000,0.0000000000,0.0000000000,0.0000000000,0.0000000000
2023-11-24,0.0000000000,0.0000000000,0.0000000000,0.0000000000,0.0000000000,0.0000000000,0.0000000000,0.0000000000,0.0000000000
2023-11-25,0.0000000000,0.0000000000,0.0000000000,0.0000000000,0.0000000000,0.0000000000,0.0000000000,0.0000000000,0.0000000000
2023-11-26,0.0000000000,0.0000000000,0.5651072142,0.5651072142,0.5651072142,0.0000000000,0.0000000000,0.0002825536,0.0002825536
2023-11-27,0.0000000000,0.0000000000,0.0000000000,0.0000000000,0.0000000000,0.0000000000,0.0000000000,0.0000000000,0.0000000000
2023-11-28,0.0000000000,0.0000000000,0.5651072142,0.5651072142,0.5651072142,0.0000000000,0.0000000000,0.0002825536,0.0002825536
2023-11-29,0.0000000000,0.0000000000,0.5096642388,0.5096642388,0.5096642388,0.0000000000,0.0000000000,0.0002548321,0.0002548321
2023-11-30,0.0000000000,0.0000000000,0.4903357612,0.4903357612,0.4903357612,0.0000000000,0.0000000000,0.0002451679,0.0002451679
2023-12-01,0.0000000000,0.0000000000,0.5072589226,0.5072589226,0.5072589226,0.0000000000,0.0000000000,0.0002536295,0.0002536295
2023-12-02,0.0000000000,0.0000000000,0.0000000000,0.0000000000,0.0000000000,0.0000000000,0.0000000000,0.0000000000,0.0000000000
2023-12-03,0.0000000000,0.0000000000,0.5072589226,0.5072589226,0.5072589226,0.0000000000,0.0000000000,0.0002536295,0.0002536295
2023-12-04,0.0000000000,0.0000000000,0.0000000000,0.0000000000,0.0000000000,0.0000000000,0.0000000000,0.0000000000,0.0000000000
2023-12-05,0.0000000000,0.0000000000,0.0000000000,0.0000000000,0.0000000000,0.0000000000,0.0000000000,0.0000000000,0.0000000000
2023-12-06,0.0000000000,0.0000000000,0.0000000000,0.0000000000,0.0000000000,0.0000000000,0.0000000000,0.0000000000,0.0000000000
2023-12-07,0.0000000000,0.0000000000,0.5142376634,0.5142376634,0.5142376634,0.0000000000,0.0000000000,0.0002571188,0.0002571188
2023-12-08,0.0000000000,0.0000000000,0.4968434566,0.4968434566,0.4968434566,0.0000000000,0.0000000000,0.0002484217,0.0002484217
2023-12-09,0.0000000000,0.0000000000,0.0000000000,0.0000000000,0.0000000000,0.0000000000,0.0000000000,0.0000000000,0.0000000000
2023-12-10,0.0000000000,0.0000000000,0.0000000000,0.0000000000,0.0000000000,0.0000000000,0.0000000000,0.0000000000,0.0000000000
2023-12-11,0.0000000000,0.0000000000,0.0000000000,0.0000000000,0.0000000000,0.0000000000,0.0000000000,0.0000000000,0.0000000000
2023-12-12,0.0000000000,0.0000000000,1.0000000000,1.0000000000,1.0000000000,0.0000000000,0.0000000000,0.0005000000,0.0005000000
2023-12-13,0.0000000000,0.0000000000,1.0000000000,1.0000000000,1.0000000000,0.0000000000,0.0000000000,0.0005000000,0.0005000000
2023-12-14,0.0000000000,0.0000000000,0.4927140568,0.4927140568,0.4927140568,0.0000000000,0.0000000000,0.0002463570,0.0002463570
2023-12-15,0.0000000000,0.0000000000,0.5158192030,0.5158192030,0.5158192030,0.0000000000,0.0000000000,0.0002579096,0.0002579096
2023-12-16,0.0000000000,0.0000000000,1.0000000000,1.0000000000,1.0000000000,0.0000000000,0.0000000000,0.0005000000,0.0005000000
2023-12-17,0.0000000000,0.0000000000,0.5103362970,0.5103362970,0.5103362970,0.0000000000,0.0000000000,0.0002551681,0.0002551681
2023-12-18,0.0000000000,0.0000000000,0.0000000000,0.0000000000,0.0000000000,0.0000000000,0.0000000000,0.0000000000,0.0000000000
2023-12-19,0.0000000000,0.0000000000,0.4948865230,0.4948865230,0.4948865230,0.0000000000,0.0000000000,0.0002474433,0.0002474433
2023-12-20,0.0000000000,0.0000000000,0.4948865230,0.4948865230,0.4948865230,0.0000000000,0.0000000000,0.0002474433,0.0002474433
2023-12-21,0.0000000000,0.0000000000,0.0000000000,0.0000000000,0.0000000000,0.0000000000,0.0000000000,0.0000000000,0.0000000000
2023-12-22,0.0000000000,0.0000000000,0.0000000000,0.0000000000,0.0000000000,0.0000000000,0.0000000000,0.0000000000,0.0000000000
2023-12-23,0.0000000000,0.0000000000,0.5249676136,0.5249676136,0.5249676136,0.0000000000,0.0000000000,0.0002624838,0.0002624838
2023-12-24,0.0000000000,0.0000000000,0.5249676136,0.5249676136,0.5249676136,0.0000000000,0.0000000000,0.0002624838,0.0002624838
2023-12-25,0.0000000000,0.0000000000,0.4858235258,0.4858235258,0.4858235258,0.0000000000,0.0000000000,0.0002429118,0.0002429118
2023-12-26,0.0000000000,0.0000000000,0.5099518494,0.5099518494,0.5099518494,0.0000000000,0.0000000000,0.0002549759,0.0002549759
2023-12-27,0.0000000000,0.0000000000,0.0000000000,0.0000000000,0.0000000000,0.0000000000,0.0000000000,0.0000000000,0.0000000000
2023-12-28,0.0000000000,0.0000000000,0.5099518494,0.5099518494,0.5099518494,0.0000000000,0.0000000000,0.0002549759,0.0002549759
2023-12-29,0.0000000000,0.0000000000,1.0000000000,1.0000000000,1.0000000000,0.0000000000,0.0000000000,0.0005000000,0.0005000000
2023-12-30,0.0000000000,0.0000000000,1.0000000000,1.0000000000,1.0000000000,0.0000000000,0.0000000000,0.0005000000,0.0005000000
2023-12-31,0.0000000000,0.0000000000,0.4939154400,0.4939154400,0.4939154400,0.0000000000,0.0000000000,0.0002469577,0.0002469577
2024-01-01,0.0000000000,0.0000000000,0.4813589022,0.4813589022,0.4813589022,0.0000000000,0.0000000000,0.0002406795,0.0002406795
2024-01-02,0.0000000000,0.0000000000,0.4802754774,0.4802754774,0.4802754774,0.0000000000,0.0000000000,0.0002401377,0.0002401377
2024-01-03,0.0000000000,0.0000000000,1.0000000000,1.0000000000,1.0000000000,0.0000000000,0.0000000000,0.0005000000,0.0005000000
2024-01-04,0.0000000000,0.0000000000,0.5166544346,0.5166544346,0.5166544346,0.0000000000,0.0000000000,0.0002583272,0.0002583272
2024-01-05,0.0000000000,0.0000000000,0.4664252836,0.4664252836,0.4664252836,0.0000000000,0.0000000000,0.0002332126,0.0002332126
2024-01-06,0.0000000000,0.0000000000,0.5460945684,0.5460945684,0.5460945684,0.0000000000,0.0000000000,0.0002730473,0.0002730473
2024-01-07,0.0000000000,0.0000000000,0.0000000000,0.0000000000,0.0000000000,0.0000000000,0.0000000000,0.0000000000,0.0000000000
2024-01-08,0.0000000000,0.0000000000,0.5879451984,0.5879451984,0.5879451984,0.0000000000,0.0000000000,0.0002939726,0.0002939726
2024-01-09,0.0000000000,0.0000000000,0.4664788870,0.4664788870,0.4664788870,0.0000000000,0.0000000000,0.0002332394,0.0002332394
2024-01-10,0.0000000000,0.0000000000,0.5335211130,0.5335211130,0.5335211130,0.0000000000,0.0000000000,0.0002667606,0.0002667606
2024-01-11,0.0000000000,0.0000000000,0.0000000000,0.0000000000,0.0000000000,0.0000000000,0.0000000000,0.0000000000,0.0000000000
2024-01-12,0.0000000000,0.0000000000,0.0000000000,0.0000000000,0.0000000000,0.0000000000,0.0000000000,0.0000000000,0.0000000000
2024-01-13,0.0000000000,0.0000000000,0.3994330676,0.3994330676,0.3994330676,0.0000000000,0.0000000000,0.0001997165,0.0001997165
2024-01-14,0.0000000000,0.0000000000,0.6450859248,0.6450859248,0.6450859248,0.0000000000,0.0000000000,0.0003225430,0.0003225430
2024-01-15,0.0000000000,0.0000000000,0.4745422740,0.4745422740,0.4745422740,0.0000000000,0.0000000000,0.0002372711,0.0002372711
2024-01-16,0.0000000000,0.0000000000,0.4745422740,0.4745422740,0.4745422740,0.0000000000,0.0000000000,0.0002372711,0.0002372711
2024-01-17,0.0000000000,0.0000000000,0.4731670256,0.4731670256,0.4731670256,0.0000000000,0.0000000000,0.0002365835,0.0002365835
2024-01-18,0.0000000000,0.0000000000,0.0543768086,0.0543768086,0.0543768086,0.0000000000,0.0000000000,0.0000271884,0.0000271884
2024-01-19,0.0000000000,0.0000000000,0.5161613790,0.5161613790,0.5161613790,0.0000000000,0.0000000000,0.0002580807,0.0002580807
2024-01-20,0.0000000000,0.0000000000,0.4983797480,0.4983797480,0.4983797480,0.0000000000,0.0000000000,0.0002491899,0.0002491899
2024-01-21,0.0000000000,0.0000000000,0.5129408650,0.5129408650,0.5129408650,0.0000000000,0.0000000000,0.0002564704,0.0002564704
2024-01-22,0.0000000000,0.0000000000,0.5067568312,0.5067568312,0.5067568312,0.0000000000,0.0000000000,0.0002533784,0.0002533784
2024-01-23,0.0000000000,0.0000000000,0.5067568312,0.5067568312,0.5067568312,0.0000000000,0.0000000000,0.0002533784,0.0002533784
2024-01-24,0.0000000000,0.0000000000,0.0000000000,0.0000000000,0.0000000000,0.0000000000,0.0000000000,0.0000000000,0.0000000000
2024-01-25,0.0000000000,0.0000000000,0.4811489200,0.4811489200,0.4811489200,0.0000000000,0.0000000000,0.0002405745,0.0002405745
2024-01-26,0.0000000000,0.0000000000,0.0000000000,0.0000000000,0.0000000000,0.0000000000,0.0000000000,0.0000000000,0.0000000000
2024-01-27,0.0000000000,0.0000000000,0.0000000000,0.0000000000,0.0000000000,0.0000000000,0.0000000000,0.0000000000,0.0000000000
2024-01-28,0.0000000000,0.0000000000,0.0000000000,0.0000000000,0.0000000000,0.0000000000,0.0000000000,0.0000000000,0.0000000000
2024-01-29,0.0000000000,0.0000000000,0.0000000000,0.0000000000,0.0000000000,0.0000000000,0.0000000000,0.0000000000,0.0000000000
2024-01-30,0.0000000000,0.0000000000,0.0000000000,0.0000000000,0.0000000000,0.0000000000,0.0000000000,0.0000000000,0.0000000000
2024-01-31,0.0000000000,0.0000000000,0.0000000000,0.0000000000,0.0000000000,0.0000000000,0.0000000000,0.0000000000,0.0000000000
2024-02-01,0.0000000000,0.0000000000,0.4969594246,0.4969594246,0.4969594246,0.0000000000,0.0000000000,0.0002484797,0.0002484797
2024-02-02,0.0000000000,0.0000000000,0.4969594246,0.4969594246,0.4969594246,0.0000000000,0.0000000000,0.0002484797,0.0002484797
2024-02-03,0.0000000000,0.0000000000,0.4771036928,0.4771036928,0.4771036928,0.0000000000,0.0000000000,0.0002385518,0.0002385518
2024-02-04,0.0000000000,0.0000000000,0.0000000000,0.0000000000,0.0000000000,0.0000000000,0.0000000000,0.0000000000,0.0000000000
2024-02-05,0.0000000000,0.0000000000,0.5941327638,0.5941327638,0.5941327638,0.0000000000,0.0000000000,0.0002970664,0.0002970664
2024-02-06,0.0000000000,0.0000000000,0.4058672362,0.4058672362,0.4058672362,0.0000000000,0.0000000000,0.0002029336,0.0002029336
2024-02-07,0.0000000000,0.0000000000,0.3942916752,0.3942916752,0.3942916752,0.0000000000,0.0000000000,0.0001971458,0.0001971458
2024-02-08,0.0000000000,0.0000000000,0.0665683172,0.0665683172,0.0665683172,0.0000000000,0.0000000000,0.0000332842,0.0000332842
2024-02-09,0.0000000000,0.0000000000,0.5688767290,0.5688767290,0.5688767290,0.0000000000,0.0000000000,0.0002844384,0.0002844384
2024-02-10,0.0000000000,0.0000000000,0.0000000000,0.0000000000,0.0000000000,0.0000000000,0.0000000000,0.0000000000,0.0000000000
2024-02-11,0.0000000000,0.0000000000,0.0000000000,0.0000000000,0.0000000000,0.0000000000,0.0000000000,0.0000000000,0.0000000000
2024-02-12,0.0000000000,0.0000000000,0.0000000000,0.0000000000,0.0000000000,0.0000000000,0.0000000000,0.0000000000,0.0000000000
2024-02-13,0.0000000000,0.0000000000,0.0000000000,0.0000000000,0.0000000000,0.0000000000,0.0000000000,0.0000000000,0.0000000000
2024-02-14,0.0000000000,0.0000000000,0.0000000000,0.0000000000,0.0000000000,0.0000000000,0.0000000000,0.0000000000,0.0000000000
2024-02-15,0.0000000000,0.0000000000,0.4774548738,0.4774548738,0.4774548738,0.0000000000,0.0000000000,0.0002387274,0.0002387274
2024-02-16,0.0000000000,0.0000000000,0.0000000000,0.0000000000,0.0000000000,0.0000000000,0.0000000000,0.0000000000,0.0000000000
2024-02-17,0.0000000000,0.0000000000,0.0000000000,0.0000000000,0.0000000000,0.0000000000,0.0000000000,0.0000000000,0.0000000000
2024-02-18,0.0000000000,0.0000000000,0.6210873934,0.6210873934,0.6210873934,0.0000000000,0.0000000000,0.0003105437,0.0003105437
2024-02-19,0.0000000000,0.0000000000,0.3789126066,0.3789126066,0.3789126066,0.0000000000,0.0000000000,0.0001894563,0.0001894563
2024-02-20,0.0000000000,0.0000000000,0.3700050012,0.3700050012,0.3700050012,0.0000000000,0.0000000000,0.0001850025,0.0001850025
2024-02-21,0.0000000000,0.0000000000,0.0000000000,0.0000000000,0.0000000000,0.0000000000,0.0000000000,0.0000000000,0.0000000000
2024-02-22,0.0000000000,0.0000000000,0.0000000000,0.0000000000,0.0000000000,0.0000000000,0.0000000000,0.0000000000,0.0000000000
2024-02-23,0.0000000000,0.0000000000,0.0000000000,0.0000000000,0.0000000000,0.0000000000,0.0000000000,0.0000000000,0.0000000000
2024-02-24,0.0000000000,0.0000000000,0.0000000000,0.0000000000,0.0000000000,0.0000000000,0.0000000000,0.0000000000,0.0000000000
2024-02-25,0.0000000000,0.0000000000,0.6420003874,0.6420003874,0.6420003874,0.0000000000,0.0000000000,0.0003210002,0.0003210002
2024-02-26,0.0000000000,0.0000000000,0.0000000000,0.0000000000,0.0000000000,0.0000000000,0.0000000000,0.0000000000,0.0000000000
2024-02-27,0.0000000000,0.0000000000,0.0000000000,0.0000000000,0.0000000000,0.0000000000,0.0000000000,0.0000000000,0.0000000000
2024-02-28,0.0000000000,0.0000000000,0.4454477324,0.4454477324,0.4454477324,0.0000000000,0.0000000000,0.0002227239,0.0002227239
2024-02-29,0.0000000000,0.0000000000,0.5724517900,0.5724517900,0.5724517900,0.0000000000,0.0000000000,0.0002862259,0.0002862259
2024-03-01,0.0000000000,0.0000000000,0.4769278802,0.4769278802,0.4769278802,0.0000000000,0.0000000000,0.0002384639,0.0002384639
2024-03-02,0.0000000000,0.0000000000,0.5619652146,0.5619652146,0.5619652146,0.0000000000,0.0000000000,0.0002809826,0.0002809826
2024-03-03,0.0000000000,0.0000000000,0.0000000000,0.0000000000,0.0000000000,0.0000000000,0.0000000000,0.0000000000,0.0000000000
2024-03-04,0.0000000000,0.0000000000,0.0000000000,0.0000000000,0.0000000000,0.0000000000,0.0000000000,0.0000000000,0.0000000000
2024-03-05,0.0000000000,0.0000000000,0.5619652146,0.5619652146,0.5619652146,0.0000000000,0.0000000000,0.0002809826,0.0002809826
2024-03-06,0.0000000000,0.0000000000,0.5974153386,0.5974153386,0.5974153386,0.0000000000,0.0000000000,0.0002987077,0.0002987077
2024-03-07,0.0000000000,0.0000000000,0.4025846614,0.4025846614,0.4025846614,0.0000000000,0.0000000000,0.0002012923,0.0002012923
2024-03-08,0.0000000000,0.0000000000,0.0000000000,0.0000000000,0.0000000000,0.0000000000,0.0000000000,0.0000000000,0.0000000000
2024-03-09,0.0000000000,0.0000000000,0.0574416732,0.0574416732,0.0574416732,0.0000000000,0.0000000000,0.0000287208,0.0000287208
2024-03-10,0.0000000000,0.0000000000,0.4591993700,0.4591993700,0.4591993700,0.0000000000,0.0000000000,0.0002295997,0.0002295997
2024-03-11,0.0000000000,0.0000000000,1.0000000000,1.0000000000,1.0000000000,0.0000000000,0.0000000000,0.0005000000,0.0005000000
2024-03-12,0.0000000000,0.0000000000,0.0000000000,0.0000000000,0.0000000000,0.0000000000,0.0000000000,0.0000000000,0.0000000000
2024-03-13,0.0000000000,0.0000000000,0.5045688798,0.5045688798,0.5045688798,0.0000000000,0.0000000000,0.0002522844,0.0002522844
2024-03-14,0.0000000000,0.0000000000,0.4655528216,0.4655528216,0.4655528216,0.0000000000,0.0000000000,0.0002327764,0.0002327764
2024-03-15,0.0000000000,0.0000000000,0.4586988216,0.4586988216,0.4586988216,0.0000000000,0.0000000000,0.0002293494,0.0002293494
2024-03-16,0.0000000000,0.0000000000,0.4586988216,0.4586988216,0.4586988216,0.0000000000,0.0000000000,0.0002293494,0.0002293494
2024-03-17,0.0000000000,0.0000000000,0.4294101432,0.4294101432,0.4294101432,0.0000000000,0.0000000000,0.0002147051,0.0002147051
2024-03-18,0.0000000000,0.0000000000,0.4175834186,0.4175834186,0.4175834186,0.0000000000,0.0000000000,0.0002087917,0.0002087917
2024-03-19,0.0000000000,0.0000000000,0.0000000000,0.0000000000,0.0000000000,0.0000000000,0.0000000000,0.0000000000,0.0000000000
2024-03-20,0.0000000000,0.0000000000,0.4663163464,0.4663163464,0.4663163464,0.0000000000,0.0000000000,0.0002331582,0.0002331582
2024-03-21,0.0000000000,0.0000000000,0.4663163464,0.4663163464,0.4663163464,0.0000000000,0.0000000000,0.0002331582,0.0002331582
2024-03-22,0.0000000000,0.0000000000,0.4518663436,0.4518663436,0.4518663436,0.0000000000,0.0000000000,0.0002259332,0.0002259332
2024-03-23,0.0000000000,0.0000000000,0.4553826178,0.4553826178,0.4553826178,0.0000000000,0.0000000000,0.0002276913,0.0002276913
2024-03-24,0.0000000000,0.0000000000,0.0000000000,0.0000000000,0.0000000000,0.0000000000,0.0000000000,0.0000000000,0.0000000000
2024-03-25,0.0000000000,0.0000000000,0.0000000000,0.0000000000,0.0000000000,0.0000000000,0.0000000000,0.0000000000,0.0000000000
2024-03-26,0.0000000000,0.0000000000,0.0000000000,0.0000000000,0.0000000000,0.0000000000,0.0000000000,0.0000000000,0.0000000000
2024-03-27,0.0000000000,0.0000000000,0.0000000000,0.0000000000,0.0000000000,0.0000000000,0.0000000000,0.0000000000,0.0000000000
2024-03-28,0.0000000000,0.0000000000,0.0000000000,0.0000000000,0.0000000000,0.0000000000,0.0000000000,0.0000000000,0.0000000000
2024-03-29,0.0000000000,0.0000000000,0.0000000000,0.0000000000,0.0000000000,0.0000000000,0.0000000000,0.0000000000,0.0000000000
2024-03-30,0.0000000000,0.0000000000,0.0000000000,0.0000000000,0.0000000000,0.0000000000,0.0000000000,0.0000000000,0.0000000000
2024-03-31,0.0000000000,0.0000000000,0.0000000000,0.0000000000,0.0000000000,0.0000000000,0.0000000000,0.0000000000,0.0000000000
2024-04-01,0.0000000000,0.0000000000,0.4553826178,0.4553826178,0.4553826178,0.0000000000,0.0000000000,0.0002276913,0.0002276913
2024-04-02,0.0000000000,0.0000000000,0.4718689890,0.4718689890,0.4718689890,0.0000000000,0.0000000000,0.0002359345,0.0002359345
2024-04-03,0.0000000000,0.0000000000,0.0000000000,0.0000000000,0.0000000000,0.0000000000,0.0000000000,0.0000000000,0.0000000000
2024-04-04,0.0000000000,0.0000000000,0.0000000000,0.0000000000,0.0000000000,0.0000000000,0.0000000000,0.0000000000,0.0000000000
2024-04-05,0.0000000000,0.0000000000,0.0000000000,0.0000000000,0.0000000000,0.0000000000,0.0000000000,0.0000000000,0.0000000000
2024-04-06,0.0000000000,0.0000000000,0.0000000000,0.0000000000,0.0000000000,0.0000000000,0.0000000000,0.0000000000,0.0000000000
2024-04-07,0.0000000000,0.0000000000,1.0000000000,1.0000000000,1.0000000000,0.0000000000,0.0000000000,0.0005000000,0.0005000000
2024-04-08,0.0000000000,0.0000000000,0.0000000000,0.0000000000,0.0000000000,0.0000000000,0.0000000000,0.0000000000,0.0000000000
2024-04-09,0.0000000000,0.0000000000,1.0000000000,1.0000000000,1.0000000000,0.0000000000,0.0000000000,0.0005000000,0.0005000000
2024-04-10,0.0000000000,0.0000000000,0.4717149940,0.4717149940,0.4717149940,0.0000000000,0.0000000000,0.0002358575,0.0002358575
2024-04-11,0.0000000000,0.0000000000,0.0000000000,0.0000000000,0.0000000000,0.0000000000,0.0000000000,0.0000000000,0.0000000000
2024-04-12,0.0000000000,0.0000000000,0.0000000000,0.0000000000,0.0000000000,0.0000000000,0.0000000000,0.0000000000,0.0000000000
2024-04-13,0.0000000000,0.0000000000,0.1679878112,0.1679878112,0.1679878112,0.0000000000,0.0000000000,0.0000839939,0.0000839939
2024-04-14,0.0000000000,0.0000000000,0.4521600236,0.4521600236,0.4521600236,0.0000000000,0.0000000000,0.0002260800,0.0002260800
2024-04-15,0.0000000000,0.0000000000,0.0000000000,0.0000000000,0.0000000000,0.0000000000,0.0000000000,0.0000000000,0.0000000000
2024-04-16,0.0000000000,0.0000000000,0.0606756318,0.0606756318,0.0606756318,0.0000000000,0.0000000000,0.0000303378,0.0000303378
2024-04-17,0.0000000000,0.0000000000,0.4031219732,0.4031219732,0.4031219732,0.0000000000,0.0000000000,0.0002015610,0.0002015610
2024-04-18,0.0000000000,0.0000000000,0.4031219732,0.4031219732,0.4031219732,0.0000000000,0.0000000000,0.0002015610,0.0002015610
2024-04-19,0.0000000000,0.0000000000,0.0000000000,0.0000000000,0.0000000000,0.0000000000,0.0000000000,0.0000000000,0.0000000000
2024-04-20,0.0000000000,0.0000000000,0.0000000000,0.0000000000,0.0000000000,0.0000000000,0.0000000000,0.0000000000,0.0000000000
2024-04-21,0.0000000000,0.0000000000,0.0547778494,0.0547778494,0.0547778494,0.0000000000,0.0000000000,0.0000273889,0.0000273889
2024-04-22,0.0000000000,0.0000000000,0.0000000000,0.0000000000,0.0000000000,0.0000000000,0.0000000000,0.0000000000,0.0000000000
2024-04-23,0.0000000000,0.0000000000,0.3301768800,0.3301768800,0.3301768800,0.0000000000,0.0000000000,0.0001650884,0.0001650884
2024-04-24,0.0000000000,0.0000000000,0.3052404508,0.3052404508,0.3052404508,0.0000000000,0.0000000000,0.0001526202,0.0001526202
2024-04-25,0.0000000000,0.0000000000,0.0000000000,0.0000000000,0.0000000000,0.0000000000,0.0000000000,0.0000000000,0.0000000000
2024-04-26,0.0023186293,0.0023186293,0.3001933588,0.3025119881,0.3048306174,0.0000011593,0.0000011593,0.0001500967,0.0001524153
2024-04-27,0.0000000000,0.0000000000,0.0000000000,0.0000000000,0.0000000000,0.0000000000,0.0000000000,0.0000000000,0.0000000000
2024-04-28,0.0019822315,0.0019822315,0.2953627414,0.2973449729,0.2993272044,0.0000009911,0.0000009911,0.0001476814,0.0001496636
2024-04-29,0.0000000000,0.0000000000,0.0000000000,0.0000000000,0.0000000000,0.0000000000,0.0000000000,0.0000000000,0.0000000000
2024-04-30,0.0156709813,0.0156709813,0.2679852418,0.2836562231,0.2993272044,0.0000078355,0.0000078355,0.0001339926,0.0001496636
2024-05-01,0.0084301451,0.0084301451,0.2511249516,0.2595550967,0.2679852418,0.0000042151,0.0000042151,0.0001255625,0.0001339926
2024-05-02,0.0000000000,0.0000000000,0.0000000000,0.0000000000,0.0000000000,0.0000000000,0.0000000000,0.0000000000,0.0000000000
2024-05-03,0.0096915979,0.0096915979,0.2511249516,0.2608165495,0.2705081474,0.0000048458,0.0000048458,0.0001255625,0.0001352541
2024-05-04,0.0000000000,0.0000000000,0.0000000000,0.0000000000,0.0000000000,0.0000000000,0.0000000000,0.0000000000,0.0000000000
2024-05-05,0.0000000000,0.0000000000,0.0000000000,0.0000000000,0.0000000000,0.0000000000,0.0000000000,0.0000000000,0.0000000000
2024-05-06,0.0050685630,0.0050685630,0.2705081474,0.2755767104,0.2806452734,0.0000025343,0.0000025343,0.0001352541,0.0001403226
2024-05-07,0.0000000000,0.0000000000,0.0000000000,0.0000000000,0.0000000000,0.0000000000,0.0000000000,0.0000000000,0.0000000000
2024-05-08,0.0000000000,0.0000000000,0.0000000000,0.0000000000,0.0000000000,0.0000000000,0.0000000000,0.0000000000,0.0000000000
2024-05-09,0.0122978611,0.0122978611,0.2560495512,0.2683474123,0.2806452734,0.0000061489,0.0000061489,0.0001280248,0.0001403226
2024-05-10,0.0151677461,0.0151677461,0.2560495512,0.2712172973,0.2863850434,0.0000075839,0.0000075839,0.0001280248,0.0001431925
2024-05-11,0.0084454276,0.0084454276,0.2694941882,0.2779396158,0.2863850434,0.0000042227,0.0000042227,0.0001347471,0.0001431925
2024-05-12,0.0000000000,0.0000000000,0.0000000000,0.0000000000,0.0000000000,0.0000000000,0.0000000000,0.0000000000,0.0000000000
2024-05-13,0.0152529059,0.0152529059,0.0269740384,0.0422269443,0.0574798502,0.0000076265,0.0000076265,0.0000134870,0.0000287399
2024-05-14,0.0000000000,0.0000000000,0.0000000000,0.0000000000,0.0000000000,0.0000000000,0.0000000000,0.0000000000,0.0000000000
2024-05-15,0.0000000000,0.0000000000,0.4827213024,0.4827213024,0.4827213024,0.0000000000,0.0000000000,0.0002413607,0.0002413607
2024-05-16,0.0000000000,0.0000000000,0.0000000000,0.0000000000,0.0000000000,0.0000000000,0.0000000000,0.0000000000,0.0000000000
2024-05-17,0.0000000000,0.0000000000,0.0000000000,0.0000000000,0.0000000000,0.0000000000,0.0000000000,0.0000000000,0.0000000000
2024-05-18,0.0000000000,0.0000000000,0.0000000000,0.0000000000,0.0000000000,0.0000000000,0.0000000000,0.0000000000,0.0000000000
2024-05-19,0.0000000000,0.0000000000,0.0793543768,0.0793543768,0.0793543768,0.0000000000,0.0000000000,0.0000396772,0.0000396772
2024-05-20,0.0000000000,0.0000000000,0.4033669256,0.4033669256,0.4033669256,0.0000000000,0.0000000000,0.0002016835,0.0002016835
2024-05-21,0.0000000000,0.0000000000,0.5993294222,0.5993294222,0.5993294222,0.0000000000,0.0000000000,0.0002996647,0.0002996647
2024-05-22,0.0000000000,0.0000000000,0.6241692850,0.6241692850,0.6241692850,0.0000000000,0.0000000000,0.0003120846,0.0003120846
2024-05-23,0.0000000000,0.0000000000,0.3785981306,0.3785981306,0.3785981306,0.0000000000,0.0000000000,0.0001892991,0.0001892991
2024-05-24,0.0000000000,0.0000000000,0.0505927656,0.0505927656,0.0505927656,0.0000000000,0.0000000000,0.0000252964,0.0000252964
2024-05-25,0.0000000000,0.0000000000,0.4291908962,0.4291908962,0.4291908962,0.0000000000,0.0000000000,0.0002145954,0.0002145954
2024-05-26,0.0000000000,0.0000000000,0.3795226062,0.3795226062,0.3795226062,0.0000000000,0.0000000000,0.0001897613,0.0001897613
2024-05-27,0.0000000000,0.0000000000,0.3982306394,0.3982306394,0.3982306394,0.0000000000,0.0000000000,0.0001991153,0.0001991153
2024-05-28,0.0000000000,0.0000000000,0.0000000000,0.0000000000,0.0000000000,0.0000000000,0.0000000000,0.0000000000,0.0000000000
2024-05-29,0.0000000000,0.0000000000,0.0543505870,0.0543505870,0.0543505870,0.0000000000,0.0000000000,0.0000271753,0.0000271753
2024-05-30,0.0000000000,0.0000000000,0.0000000000,0.0000000000,0.0000000000,0.0000000000,0.0000000000,0.0000000000,0.0000000000
2024-05-31,0.0000000000,0.0000000000,0.0000000000,0.0000000000,0.0000000000,0.0000000000,0.0000000000,0.0000000000,0.0000000000
2024-06-01,0.0000000000,0.0000000000,0.0637078848,0.0637078848,0.0637078848,0.0000000000,0.0000000000,0.0000318539,0.0000318539
2024-06-02,0.0000000000,0.0000000000,0.3908284092,0.3908284092,0.3908284092,0.0000000000,0.0000000000,0.0001954142,0.0001954142
2024-06-03,0.0000000000,0.0000000000,0.0000000000,0.0000000000,0.0000000000,0.0000000000,0.0000000000,0.0000000000,0.0000000000
2024-06-04,0.0000000000,0.0000000000,0.0000000000,0.0000000000,0.0000000000,0.0000000000,0.0000000000,0.0000000000,0.0000000000
2024-06-05,0.0000000000,0.0000000000,0.3908284092,0.3908284092,0.3908284092,0.0000000000,0.0000000000,0.0001954142,0.0001954142
2024-06-06,0.0000000000,0.0000000000,0.3804111480,0.3804111480,0.3804111480,0.0000000000,0.0000000000,0.0001902056,0.0001902056
2024-06-07,0.0000000000,0.0000000000,0.3804111480,0.3804111480,0.3804111480,0.0000000000,0.0000000000,0.0001902056,0.0001902056
2024-06-08,0.0000000000,0.0000000000,0.0000000000,0.0000000000,0.0000000000,0.0000000000,0.0000000000,0.0000000000,0.0000000000
2024-06-09,0.0000000000,0.0000000000,0.0000000000,0.0000000000,0.0000000000,0.0000000000,0.0000000000,0.0000000000,0.0000000000
2024-06-10,0.0000000000,0.0000000000,0.3770192534,0.3770192534,0.3770192534,0.0000000000,0.0000000000,0.0001885096,0.0001885096
2024-06-11,0.0000000000,0.0000000000,0.1030183946,0.1030183946,0.1030183946,0.0000000000,0.0000000000,0.0000515092,0.0000515092
2024-06-12,0.0000000000,0.0000000000,0.4866746394,0.4866746394,0.4866746394,0.0000000000,0.0000000000,0.0002433373,0.0002433373
2024-06-13,0.0000000000,0.0000000000,0.0652875548,0.0652875548,0.0652875548,0.0000000000,0.0000000000,0.0000326438,0.0000326438
2024-06-14,0.0000000000,0.0000000000,0.0000000000,0.0000000000,0.0000000000,0.0000000000,0.0000000000,0.0000000000,0.0000000000
2024-06-15,0.0000000000,0.0000000000,0.0000000000,0.0000000000,0.0000000000,0.0000000000,0.0000000000,0.0000000000,0.0000000000
2024-06-16,0.0000000000,0.0000000000,0.4213870846,0.4213870846,0.4213870846,0.0000000000,0.0000000000,0.0002106935,0.0002106935
2024-06-17,0.0000000000,0.0000000000,0.3927161868,0.3927161868,0.3927161868,0.0000000000,0.0000000000,0.0001963581,0.0001963581
2024-06-18,0.0000000000,0.0000000000,0.0000000000,0.0000000000,0.0000000000,0.0000000000,0.0000000000,0.0000000000,0.0000000000
2024-06-19,0.0000000000,0.0000000000,0.0000000000,0.0000000000,0.0000000000,0.0000000000,0.0000000000,0.0000000000,0.0000000000
2024-06-20,0.0000000000,0.0000000000,0.4083692246,0.4083692246,0.4083692246,0.0000000000,0.0000000000,0.0002041846,0.0002041846
2024-06-21,0.0000000000,0.0000000000,0.0000000000,0.0000000000,0.0000000000,0.0000000000,0.0000000000,0.0000000000,0.0000000000
2024-06-22,0.0000000000,0.0000000000,0.0000000000,0.0000000000,0.0000000000,0.0000000000,0.0000000000,0.0000000000,0.0000000000
2024-06-23,0.0000000000,0.0000000000,0.4211216244,0.4211216244,0.4211216244,0.0000000000,0.0000000000,0.0002105608,0.0002105608
2024-06-24,0.0000000000,0.0000000000,0.0705816272,0.0705816272,0.0705816272,0.0000000000,0.0000000000,0.0000352908,0.0000352908
2024-06-25,0.0000000000,0.0000000000,0.5082967484,0.5082967484,0.5082967484,0.0000000000,0.0000000000,0.0002541484,0.0002541484
2024-06-26,0.0000000000,0.0000000000,0.4754819126,0.4754819126,0.4754819126,0.0000000000,0.0000000000,0.0002377410,0.0002377410
2024-06-27,0.0000000000,0.0000000000,0.0000000000,0.0000000000,0.0000000000,0.0000000000,0.0000000000,0.0000000000,0.0000000000
2024-06-28,0.0000000000,0.0000000000,1.0000000000,1.0000000000,1.0000000000,0.0000000000,0.0000000000,0.0005000000,0.0005000000
2024-06-29,0.0000000000,0.0000000000,0.4870593388,0.4870593388,0.4870593388,0.0000000000,0.0000000000,0.0002435297,0.0002435297
2024-06-30,0.0000000000,0.0000000000,0.0000000000,0.0000000000,0.0000000000,0.0000000000,0.0000000000,0.0000000000,0.0000000000
2024-07-01,0.0000000000,0.0000000000,0.5266319562,0.5266319562,0.5266319562,0.0000000000,0.0000000000,0.0002633160,0.0002633160
2024-07-02,0.0000000000,0.0000000000,0.0000000000,0.0000000000,0.0000000000,0.0000000000,0.0000000000,0.0000000000,0.0000000000
2024-07-03,0.0000000000,0.0000000000,0.0000000000,0.0000000000,0.0000000000,0.0000000000,0.0000000000,0.0000000000,0.0000000000
2024-07-04,0.1425046435,0.5000000000,0.0000000000,0.5000000000,0.6425046435,0.0000712523,0.0002500000,0.0000000000,0.0003212523
2024-07-05,0.1581078487,0.0000000000,0.0000000000,0.0000000000,0.1581078487,0.0000790539,0.0000000000,0.0000000000,0.0000790539
2024-07-06,0.0000000000,0.0000000000,0.0000000000,0.0000000000,0.0000000000,0.0000000000,0.0000000000,0.0000000000,0.0000000000
2024-07-07,0.0000000000,0.0000000000,0.0000000000,0.0000000000,0.0000000000,0.0000000000,0.0000000000,0.0000000000,0.0000000000
2024-07-08,0.0000000000,0.0000000000,0.0000000000,0.0000000000,0.0000000000,0.0000000000,0.0000000000,0.0000000000,0.0000000000
2024-07-09,0.0000000000,0.0000000000,0.0000000000,0.0000000000,0.0000000000,0.0000000000,0.0000000000,0.0000000000,0.0000000000
2024-07-10,0.0000000000,0.0000000000,0.0000000000,0.0000000000,0.0000000000,0.0000000000,0.0000000000,0.0000000000,0.0000000000
2024-07-11,0.0000000000,0.0000000000,0.0000000000,0.0000000000,0.0000000000,0.0000000000,0.0000000000,0.0000000000,0.0000000000
2024-07-12,0.0000000000,0.0000000000,0.0000000000,0.0000000000,0.0000000000,0.0000000000,0.0000000000,0.0000000000,0.0000000000
2024-07-13,0.0000000000,0.0000000000,0.0000000000,0.0000000000,0.0000000000,0.0000000000,0.0000000000,0.0000000000,0.0000000000
2024-07-14,0.0834713629,0.0000000000,0.0000000000,0.0000000000,0.0834713629,0.0000417357,0.0000000000,0.0000000000,0.0000417357
2024-07-15,0.0018521959,0.4339840382,0.0000000000,0.4339840382,0.4358362341,0.0000009261,0.0002169920,0.0000000000,0.0002179181
2024-07-16,0.0660159618,0.0660159618,0.1893492888,0.2553652506,0.3213812124,0.0000330080,0.0000330080,0.0000946746,0.0001606906
2024-07-17,0.0000000000,0.0000000000,0.0000000000,0.0000000000,0.0000000000,0.0000000000,0.0000000000,0.0000000000,0.0000000000
2024-07-18,0.0343802860,0.0343802860,0.2526206404,0.2870009264,0.3213812124,0.0000171901,0.0000171901,0.0001263103,0.0001606906
2024-07-19,0.0343802860,0.0343802860,0.7000000000,0.7343802860,0.7687605720,0.0000171901,0.0000171901,0.0003500000,0.0003843803
2024-07-20,0.0000000000,0.0000000000,0.6929579832,0.6929579832,0.6929579832,0.0000000000,0.0000000000,0.0003464790,0.0003464790
2024-07-21,0.0000000000,0.0000000000,0.6929579832,0.6929579832,0.6929579832,0.0000000000,0.0000000000,0.0003464790,0.0003464790
2024-07-22,0.0000000000,0.0000000000,0.5556864768,0.5556864768,0.5556864768,0.0000000000,0.0000000000,0.0002778432,0.0002778432
2024-07-23,0.0000000000,0.0000000000,0.0000000000,0.0000000000,0.0000000000,0.0000000000,0.0000000000,0.0000000000,0.0000000000
2024-07-24,0.0295353670,0.0295353670,0.7000000000,0.7295353670,0.7590707340,0.0000147677,0.0000147677,0.0003500000,0.0003795354
2024-07-25,0.0295353670,0.0295353670,0.7000000000,0.7295353670,0.7590707340,0.0000147677,0.0000147677,0.0003500000,0.0003795354
2024-07-26,0.0319634438,0.0319634438,0.7000000000,0.7319634438,0.7639268876,0.0000159817,0.0000159817,0.0003500000,0.0003819634
2024-07-27,0.0319634438,0.0319634438,0.7000000000,0.7319634438,0.7639268876,0.0000159817,0.0000159817,0.0003500000,0.0003819634
2024-07-28,0.0000000000,0.0000000000,0.4993828330,0.4993828330,0.4993828330,0.0000000000,0.0000000000,0.0002496914,0.0002496914
2024-07-29,0.0000000000,0.0000000000,0.4993828330,0.4993828330,0.4993828330,0.0000000000,0.0000000000,0.0002496914,0.0002496914
2024-07-30,0.0347518292,0.0347518292,0.7000000000,0.7347518292,0.7695036584,0.0000173759,0.0000173759,0.0003500000,0.0003847518
2024-07-31,0.0347518292,0.0347518292,0.2796200692,0.3143718984,0.3491237276,0.0000173759,0.0000173759,0.0001398100,0.0001745619
2024-08-01,0.0000000000,0.0000000000,0.0640995506,0.0640995506,0.0640995506,0.0000000000,0.0000000000,0.0000320498,0.0000320498
2024-08-02,0.0000000000,0.0000000000,0.0000000000,0.0000000000,0.0000000000,0.0000000000,0.0000000000,0.0000000000,0.0000000000
2024-08-03,0.0176170712,0.5000000000,0.0000000000,0.5000000000,0.5176170712,0.0000088085,0.0002500000,0.0000000000,0.0002588085
2024-08-04,0.0000000000,0.0000000000,0.0000000000,0.0000000000,0.0000000000,0.0000000000,0.0000000000,0.0000000000,0.0000000000
2024-08-05,0.0815493876,0.0000000000,0.0000000000,0.0000000000,0.0815493876,0.0000407747,0.0000000000,0.0000000000,0.0000407747
2024-08-06,0.1257233495,0.0000000000,0.0000000000,0.0000000000,0.1257233495,0.0000628617,0.0000000000,0.0000000000,0.0000628617
2024-08-07,0.0000000000,0.0000000000,0.0000000000,0.0000000000,0.0000000000,0.0000000000,0.0000000000,0.0000000000,0.0000000000
2024-08-08,0.0000000000,0.0000000000,0.0000000000,0.0000000000,0.0000000000,0.0000000000,0.0000000000,0.0000000000,0.0000000000
2024-08-09,0.1643654702,0.0000000000,0.0000000000,0.0000000000,0.1643654702,0.0000821827,0.0000000000,0.0000000000,0.0000821827
2024-08-10,0.0000000000,0.0000000000,0.0000000000,0.0000000000,0.0000000000,0.0000000000,0.0000000000,0.0000000000,0.0000000000
2024-08-11,0.0000000000,0.0000000000,0.0000000000,0.0000000000,0.0000000000,0.0000000000,0.0000000000,0.0000000000,0.0000000000
2024-08-12,0.0000000000,0.0000000000,0.0000000000,0.0000000000,0.0000000000,0.0000000000,0.0000000000,0.0000000000,0.0000000000
2024-08-13,0.0000000000,0.0000000000,0.0000000000,0.0000000000,0.0000000000,0.0000000000,0.0000000000,0.0000000000,0.0000000000
2024-08-14,0.1169313932,0.4435929449,0.0000000000,0.4435929449,0.5605243381,0.0000584657,0.0002217965,0.0000000000,0.0002802622
2024-08-15,0.1195704438,0.4435929449,0.0000000000,0.4435929449,0.5631633887,0.0000597852,0.0002217965,0.0000000000,0.0002815817
2024-08-16,0.0000000000,0.0000000000,0.0000000000,0.0000000000,0.0000000000,0.0000000000,0.0000000000,0.0000000000,0.0000000000
2024-08-17,0.0000000000,0.0000000000,0.0000000000,0.0000000000,0.0000000000,0.0000000000,0.0000000000,0.0000000000,0.0000000000
2024-08-18,0.0000000000,0.0000000000,0.0000000000,0.0000000000,0.0000000000,0.0000000000,0.0000000000,0.0000000000,0.0000000000
2024-08-19,0.0000000000,0.0000000000,0.0000000000,0.0000000000,0.0000000000,0.0000000000,0.0000000000,0.0000000000,0.0000000000
2024-08-20,0.0000000000,0.0000000000,0.0000000000,0.0000000000,0.0000000000,0.0000000000,0.0000000000,0.0000000000,0.0000000000
2024-08-21,0.0000000000,0.0000000000,0.0000000000,0.0000000000,0.0000000000,0.0000000000,0.0000000000,0.0000000000,0.0000000000
2024-08-22,0.0631633887,0.5000000000,0.0000000000,0.5000000000,0.5631633887,0.0000315817,0.0002500000,0.0000000000,0.0002815817
2024-08-23,0.0000000000,0.0000000000,0.0000000000,0.0000000000,0.0000000000,0.0000000000,0.0000000000,0.0000000000,0.0000000000
2024-08-24,0.0000000000,0.0000000000,0.0000000000,0.0000000000,0.0000000000,0.0000000000,0.0000000000,0.0000000000,0.0000000000
2024-08-25,0.0000000000,0.0000000000,0.0000000000,0.0000000000,0.0000000000,0.0000000000,0.0000000000,0.0000000000,0.0000000000
2024-08-26,0.0311675712,0.0311675712,0.2856225798,0.3167901510,0.3479577222,0.0000155838,0.0000155838,0.0001428113,0.0001739789
2024-08-27,0.0035618509,0.0035618509,0.2305411558,0.2341030067,0.2376648576,0.0000017809,0.0000017809,0.0001152706,0.0001188324
2024-08-28,0.0165185106,0.0165185106,0.2305411558,0.2470596664,0.2635781770,0.0000082593,0.0000082593,0.0001152706,0.0001317891
2024-08-29,0.0000000000,0.0000000000,0.0000000000,0.0000000000,0.0000000000,0.0000000000,0.0000000000,0.0000000000,0.0000000000
2024-08-30,0.0167102517,0.0167102517,0.2301576736,0.2468679253,0.2635781770,0.0000083551,0.0000083551,0.0001150788,0.0001317891
2024-08-31,0.0349211632,0.0349211632,0.2494584464,0.2843796096,0.3193007728,0.0000174606,0.0000174606,0.0001247292,0.0001596504
2024-09-01,0.0364440271,0.0364440271,0.2464127186,0.2828567457,0.3193007728,0.0000182220,0.0000182220,0.0001232064,0.0001596504
2024-09-02,0.0709998416,0.4635559729,0.0000000000,0.4635559729,0.5345558145,0.0000354999,0.0002317780,0.0000000000,0.0002672779
2024-09-03,0.0345558145,0.5000000000,0.0000000000,0.5000000000,0.5345558145,0.0000172779,0.0002500000,0.0000000000,0.0002672779
2024-09-04,0.0073015359,0.0073015359,0.0462137984,0.0535153343,0.0608168702,0.0000036508,0.0000036508,0.0000231069,0.0000304084
2024-09-05,0.0000000000,0.0000000000,0.0000000000,0.0000000000,0.0000000000,0.0000000000,0.0000000000,0.0000000000,0.0000000000
2024-09-06,0.0250192097,0.4926984641,0.0000000000,0.4926984641,0.5177176738,0.0000125096,0.0002463492,0.0000000000,0.0002588588
2024-09-07,0.0933189556,0.0000000000,0.0000000000,0.0000000000,0.0933189556,0.0000466595,0.0000000000,0.0000000000,0.0000466595
2024-09-08,0.0985928677,0.0000000000,0.0000000000,0.0000000000,0.0985928677,0.0000492964,0.0000000000,0.0000000000,0.0000492964
2024-09-09,0.0000000000,0.0000000000,0.0000000000,0.0000000000,0.0000000000,0.0000000000,0.0000000000,0.0000000000,0.0000000000
2024-09-10,0.0124437617,0.5000000000,0.0000000000,0.5000000000,0.5124437617,0.0000062219,0.0002500000,0.0000000000,0.0002562219
2024-09-11,0.0000000000,0.0000000000,0.0000000000,0.0000000000,0.0000000000,0.0000000000,0.0000000000,0.0000000000,0.0000000000
2024-09-12,0.0000000000,0.0000000000,0.0000000000,0.0000000000,0.0000000000,0.0000000000,0.0000000000,0.0000000000,0.0000000000
2024-09-13,0.0227672037,0.5000000000,0.0000000000,0.5000000000,0.5227672037,0.0000113836,0.0002500000,0.0000000000,0.0002613836
2024-09-14,0.0000000000,0.0000000000,0.0000000000,0.0000000000,0.0000000000,0.0000000000,0.0000000000,0.0000000000,0.0000000000
2024-09-15,0.0000000000,0.0000000000,0.0000000000,0.0000000000,0.0000000000,0.0000000000,0.0000000000,0.0000000000,0.0000000000
2024-09-16,0.0000000000,0.0000000000,0.0000000000,0.0000000000,0.0000000000,0.0000000000,0.0000000000,0.0000000000,0.0000000000
2024-09-17,0.0000000000,0.0000000000,0.0000000000,0.0000000000,0.0000000000,0.0000000000,0.0000000000,0.0000000000,0.0000000000
2024-09-18,0.0000000000,0.0000000000,0.0000000000,0.0000000000,0.0000000000,0.0000000000,0.0000000000,0.0000000000,0.0000000000
2024-09-19,0.0227672037,0.5000000000,0.0000000000,0.5000000000,0.5227672037,0.0000113836,0.0002500000,0.0000000000,0.0002613836
2024-09-20,0.0000000000,0.0000000000,0.1125556262,0.1125556262,0.1125556262,0.0000000000,0.0000000000,0.0000562778,0.0000562778
2024-09-21,0.0000000000,0.0000000000,0.3383426328,0.3383426328,0.3383426328,0.0000000000,0.0000000000,0.0001691713,0.0001691713
2024-09-22,0.0000000000,0.0000000000,0.6879858988,0.6879858988,0.6879858988,0.0000000000,0.0000000000,0.0003439929,0.0003439929
2024-09-23,0.0000000000,0.0000000000,0.3943242484,0.3943242484,0.3943242484,0.0000000000,0.0000000000,0.0001971621,0.0001971621
2024-09-24,0.0000000000,0.0000000000,0.5655713726,0.5655713726,0.5655713726,0.0000000000,0.0000000000,0.0002827857,0.0002827857
2024-09-25,0.0000000000,0.0000000000,0.0000000000,0.0000000000,0.0000000000,0.0000000000,0.0000000000,0.0000000000,0.0000000000
2024-09-26,0.0000000000,0.0000000000,0.5655713726,0.5655713726,0.5655713726,0.0000000000,0.0000000000,0.0002827857,0.0002827857
2024-09-27,0.0000000000,0.0000000000,0.6697326206,0.6697326206,0.6697326206,0.0000000000,0.0000000000,0.0003348663,0.0003348663
2024-09-28,0.0000000000,0.0000000000,0.0000000000,0.0000000000,0.0000000000,0.0000000000,0.0000000000,0.0000000000,0.0000000000
2024-09-29,0.0000000000,0.0000000000,0.0000000000,0.0000000000,0.0000000000,0.0000000000,0.0000000000,0.0000000000,0.0000000000
2024-09-30,0.0000000000,0.0000000000,0.0000000000,0.0000000000,0.0000000000,0.0000000000,0.0000000000,0.0000000000,0.0000000000
2024-10-01,0.0394083528,0.0394083528,0.2514506738,0.2908590266,0.3302673794,0.0000197042,0.0000197042,0.0001257253,0.0001651337
2024-10-02,0.0000000000,0.0000000000,0.0000000000,0.0000000000,0.0000000000,0.0000000000,0.0000000000,0.0000000000,0.0000000000
2024-10-03,0.0000000000,0.0000000000,0.0000000000,0.0000000000,0.0000000000,0.0000000000,0.0000000000,0.0000000000,0.0000000000
2024-10-04,0.0295886962,0.0295886962,0.1620059020,0.1915945982,0.2211832944,0.0000147943,0.0000147943,0.0000810030,0.0001105916
2024-10-05,0.0314263912,0.0314263912,0.0000000000,0.0314263912,0.0628527824,0.0000157132,0.0000157132,0.0000000000,0.0000314264
2024-10-06,0.0375706578,0.0375706578,0.9248586844,0.9624293422,1.0000000000,0.0000187853,0.0000187853,0.0004624293,0.0005000000
2024-10-07,0.0000000000,0.0000000000,0.1205094770,0.1205094770,0.1205094770,0.0000000000,0.0000000000,0.0000602547,0.0000602547
2024-10-08,0.0430951324,0.0430951324,0.9138097352,0.9569048676,1.0000000000,0.0000215476,0.0000215476,0.0004569049,0.0005000000
2024-10-09,0.0228150714,0.0228150714,0.2138097352,0.2366248066,0.2594398780,0.0000114075,0.0000114075,0.0001069049,0.0001297199
2024-10-10,0.0331089755,0.4797199390,0.0000000000,0.4797199390,0.5128289145,0.0000165545,0.0002398600,0.0000000000,0.0002564145
2024-10-11,0.0000000000,0.0000000000,0.0000000000,0.0000000000,0.0000000000,0.0000000000,0.0000000000,0.0000000000,0.0000000000
2024-10-12,0.0012730150,0.4478839785,0.0000000000,0.4478839785,0.4491569935,0.0000006365,0.0002239420,0.0000000000,0.0002245785
2024-10-13,0.0147110443,0.0147110443,0.1957679570,0.2104790013,0.2251900456,0.0000073555,0.0000073555,0.0000978840,0.0001125950
2024-10-14,0.0277981342,0.0277981342,0.1695937772,0.1973919114,0.2251900456,0.0000138991,0.0000138991,0.0000847969,0.0001125950
2024-10-15,0.0416757336,0.0416757336,0.1695937772,0.2112695108,0.2529452444,0.0000208379,0.0000208379,0.0000847969,0.0001264726
2024-10-16,0.0000000000,0.0000000000,0.0000000000,0.0000000000,0.0000000000,0.0000000000,0.0000000000,0.0000000000,0.0000000000
2024-10-17,0.0189448984,0.0189448984,0.2150554476,0.2340003460,0.2529452444,0.0000094724,0.0000094724,0.0001075277,0.0001264726
2024-10-18,0.0017589476,0.0017589476,0.2150554476,0.2168143952,0.2185733428,0.0000008795,0.0000008795,0.0001075277,0.0001092867
2024-10-19,0.0407133286,0.0407133286,0.9185733428,0.9592866714,1.0000000000,0.0000203567,0.0000203567,0.0004592867,0.0005000000
2024-10-20,0.0000000000,0.0000000000,0.4952435980,0.4952435980,0.4952435980,0.0000000000,0.0000000000,0.0002476218,0.0002476218
2024-10-21,0.0000000000,0.0000000000,0.5005334272,0.5005334272,0.5005334272,0.0000000000,0.0000000000,0.0002502667,0.0002502667
2024-10-22,0.0000000000,0.0000000000,0.0000000000,0.0000000000,0.0000000000,0.0000000000,0.0000000000,0.0000000000,0.0000000000
2024-10-23,0.0000000000,0.0000000000,0.0000000000,0.0000000000,0.0000000000,0.0000000000,0.0000000000,0.0000000000,0.0000000000
2024-10-24,0.0000000000,0.0000000000,0.0000000000,0.0000000000,0.0000000000,0.0000000000,0.0000000000,0.0000000000,0.0000000000
2024-10-25,0.0000000000,0.0000000000,0.4994665728,0.4994665728,0.4994665728,0.0000000000,0.0000000000,0.0002497333,0.0002497333
2024-10-26,0.0000000000,0.0000000000,0.6695196694,0.6695196694,0.6695196694,0.0000000000,0.0000000000,0.0003347598,0.0003347598
2024-10-27,0.0000000000,0.0000000000,0.3304803306,0.3304803306,0.3304803306,0.0000000000,0.0000000000,0.0001652402,0.0001652402
2024-10-28,0.0000000000,0.0000000000,0.6897584052,0.6897584052,0.6897584052,0.0000000000,0.0000000000,0.0003448792,0.0003448792
2024-10-29,0.0000000000,0.0000000000,0.4586010444,0.4586010444,0.4586010444,0.0000000000,0.0000000000,0.0002293005,0.0002293005
2024-10-30,0.0000000000,0.0000000000,0.0000000000,0.0000000000,0.0000000000,0.0000000000,0.0000000000,0.0000000000,0.0000000000
2024-10-31,0.0000000000,0.0000000000,0.4899440358,0.4899440358,0.4899440358,0.0000000000,0.0000000000,0.0002449720,0.0002449720
2024-11-01,0.0000000000,0.0000000000,0.0000000000,0.0000000000,0.0000000000,0.0000000000,0.0000000000,0.0000000000,0.0000000000
2024-11-02,0.0000000000,0.0000000000,0.0000000000,0.0000000000,0.0000000000,0.0000000000,0.0000000000,0.0000000000,0.0000000000
2024-11-03,0.0000000000,0.0000000000,0.5100559642,0.5100559642,0.5100559642,0.0000000000,0.0000000000,0.0002550280,0.0002550280
2024-11-04,0.0069759717,0.0069759717,0.7000000000,0.7069759717,0.7139519434,0.0000034880,0.0000034880,0.0003500000,0.0003569760
2024-11-05,0.0000000000,0.0000000000,0.0000000000,0.0000000000,0.0000000000,0.0000000000,0.0000000000,0.0000000000,0.0000000000
2024-11-06,0.0069759717,0.0069759717,0.7000000000,0.7069759717,0.7139519434,0.0000034880,0.0000034880,0.0003500000,0.0003569760
2024-11-07,0.0000000000,0.0000000000,0.4872964878,0.4872964878,0.4872964878,0.0000000000,0.0000000000,0.0002436482,0.0002436482
2024-11-08,0.0000000000,0.0000000000,0.0000000000,0.0000000000,0.0000000000,0.0000000000,0.0000000000,0.0000000000,0.0000000000
2024-11-09,0.0000000000,0.0000000000,0.0000000000,0.0000000000,0.0000000000,0.0000000000,0.0000000000,0.0000000000,0.0000000000
2024-11-10,0.0000000000,0.0000000000,0.0000000000,0.0000000000,0.0000000000,0.0000000000,0.0000000000,0.0000000000,0.0000000000
2024-11-11,0.0000000000,0.0000000000,0.0000000000,0.0000000000,0.0000000000,0.0000000000,0.0000000000,0.0000000000,0.0000000000
2024-11-12,0.0000000000,0.0000000000,0.4872964878,0.4872964878,0.4872964878,0.0000000000,0.0000000000,0.0002436482,0.0002436482
2024-11-13,0.0000000000,0.0000000000,0.0000000000,0.0000000000,0.0000000000,0.0000000000,0.0000000000,0.0000000000,0.0000000000
2024-11-14,0.0000000000,0.0000000000,0.0000000000,0.0000000000,0.0000000000,0.0000000000,0.0000000000,0.0000000000,0.0000000000
2024-11-15,0.0000000000,0.0000000000,0.0000000000,0.0000000000,0.0000000000,0.0000000000,0.0000000000,0.0000000000,0.0000000000
2024-11-16,0.0000000000,0.0000000000,0.0000000000,0.0000000000,0.0000000000,0.0000000000,0.0000000000,0.0000000000,0.0000000000
2024-11-17,0.0000000000,0.0000000000,0.5453582372,0.5453582372,0.5453582372,0.0000000000,0.0000000000,0.0002726791,0.0002726791
2024-11-18,0.0000000000,0.0000000000,0.0000000000,0.0000000000,0.0000000000,0.0000000000,0.0000000000,0.0000000000,0.0000000000
2024-11-19,0.0000000000,0.0000000000,0.0000000000,0.0000000000,0.0000000000,0.0000000000,0.0000000000,0.0000000000,0.0000000000
2024-11-20,0.0000000000,0.0000000000,0.0000000000,0.0000000000,0.0000000000,0.0000000000,0.0000000000,0.0000000000,0.0000000000
2024-11-21,0.0000000000,0.0000000000,0.5453582372,0.5453582372,0.5453582372,0.0000000000,0.0000000000,0.0002726791,0.0002726791
2024-11-22,0.0000000000,0.0000000000,0.0000000000,0.0000000000,0.0000000000,0.0000000000,0.0000000000,0.0000000000,0.0000000000
2024-11-23,0.0000000000,0.0000000000,0.0000000000,0.0000000000,0.0000000000,0.0000000000,0.0000000000,0.0000000000,0.0000000000
2024-11-24,0.0000000000,0.0000000000,0.5543721946,0.5543721946,0.5543721946,0.0000000000,0.0000000000,0.0002771861,0.0002771861
2024-11-25,0.0000000000,0.0000000000,0.0000000000,0.0000000000,0.0000000000,0.0000000000,0.0000000000,0.0000000000,0.0000000000
2024-11-26,0.0000000000,0.0000000000,0.5543721946,0.5543721946,0.5543721946,0.0000000000,0.0000000000,0.0002771861,0.0002771861
2024-11-27,0.0000000000,0.0000000000,0.5005481578,0.5005481578,0.5005481578,0.0000000000,0.0000000000,0.0002502741,0.0002502741
2024-11-28,0.0000000000,0.0000000000,0.0000000000,0.0000000000,0.0000000000,0.0000000000,0.0000000000,0.0000000000,0.0000000000
2024-11-29,0.0000000000,0.0000000000,0.0000000000,0.0000000000,0.0000000000,0.0000000000,0.0000000000,0.0000000000,0.0000000000
2024-11-30,0.0000000000,0.0000000000,0.0000000000,0.0000000000,0.0000000000,0.0000000000,0.0000000000,0.0000000000,0.0000000000
2024-12-01,0.0000000000,0.0000000000,0.0000000000,0.0000000000,0.0000000000,0.0000000000,0.0000000000,0.0000000000,0.0000000000
2024-12-02,0.0000000000,0.0000000000,0.0000000000,0.0000000000,0.0000000000,0.0000000000,0.0000000000,0.0000000000,0.0000000000
2024-12-03,0.0000000000,0.0000000000,0.0000000000,0.0000000000,0.0000000000,0.0000000000,0.0000000000,0.0000000000,0.0000000000
2024-12-04,0.0000000000,0.0000000000,1.0000000000,1.0000000000,1.0000000000,0.0000000000,0.0000000000,0.0005000000,0.0005000000
2024-12-05,0.0000000000,0.0000000000,0.5010387224,0.5010387224,0.5010387224,0.0000000000,0.0000000000,0.0002505194,0.0002505194
2024-12-06,0.0000000000,0.0000000000,0.5002532340,0.5002532340,0.5002532340,0.0000000000,0.0000000000,0.0002501266,0.0002501266
2024-12-07,0.0000000000,0.0000000000,0.5047459572,0.5047459572,0.5047459572,0.0000000000,0.0000000000,0.0002523730,0.0002523730
2024-12-08,0.0000000000,0.0000000000,0.0000000000,0.0000000000,0.0000000000,0.0000000000,0.0000000000,0.0000000000,0.0000000000
2024-12-09,0.0000000000,0.0000000000,0.0000000000,0.0000000000,0.0000000000,0.0000000000,0.0000000000,0.0000000000,0.0000000000
2024-12-10,0.0000000000,0.0000000000,0.0000000000,0.0000000000,0.0000000000,0.0000000000,0.0000000000,0.0000000000,0.0000000000
2024-12-11,0.0000000000,0.0000000000,0.0000000000,0.0000000000,0.0000000000,0.0000000000,0.0000000000,0.0000000000,0.0000000000
2024-12-12,0.0000000000,0.0000000000,0.5271386950,0.5271386950,0.5271386950,0.0000000000,0.0000000000,0.0002635693,0.0002635693
2024-12-13,0.0000000000,0.0000000000,0.0000000000,0.0000000000,0.0000000000,0.0000000000,0.0000000000,0.0000000000,0.0000000000
2024-12-14,0.0000000000,0.0000000000,0.0000000000,0.0000000000,0.0000000000,0.0000000000,0.0000000000,0.0000000000,0.0000000000
2024-12-15,0.0000000000,0.0000000000,0.0000000000,0.0000000000,0.0000000000,0.0000000000,0.0000000000,0.0000000000,0.0000000000
2024-12-16,0.0000000000,0.0000000000,0.0000000000,0.0000000000,0.0000000000,0.0000000000,0.0000000000,0.0000000000,0.0000000000
2024-12-17,0.0000000000,0.0000000000,0.0000000000,0.0000000000,0.0000000000,0.0000000000,0.0000000000,0.0000000000,0.0000000000
2024-12-18,0.0000000000,0.0000000000,0.0000000000,0.0000000000,0.0000000000,0.0000000000,0.0000000000,0.0000000000,0.0000000000
2024-12-19,0.0000000000,0.0000000000,0.5284930950,0.5284930950,0.5284930950,0.0000000000,0.0000000000,0.0002642465,0.0002642465
2024-12-20,0.0000000000,0.0000000000,0.0000000000,0.0000000000,0.0000000000,0.0000000000,0.0000000000,0.0000000000,0.0000000000
2024-12-21,0.0000000000,0.0000000000,0.0000000000,0.0000000000,0.0000000000,0.0000000000,0.0000000000,0.0000000000,0.0000000000
2024-12-22,0.0000000000,0.0000000000,0.0000000000,0.0000000000,0.0000000000,0.0000000000,0.0000000000,0.0000000000,0.0000000000
2024-12-23,0.0000000000,0.0000000000,0.5284930950,0.5284930950,0.5284930950,0.0000000000,0.0000000000,0.0002642465,0.0002642465
2024-12-24,0.0000000000,0.0000000000,0.4656957952,0.4656957952,0.4656957952,0.0000000000,0.0000000000,0.0002328479,0.0002328479
2024-12-25,0.0000000000,0.0000000000,0.4815832182,0.4815832182,0.4815832182,0.0000000000,0.0000000000,0.0002407916,0.0002407916
2024-12-26,0.0000000000,0.0000000000,0.4969514246,0.4969514246,0.4969514246,0.0000000000,0.0000000000,0.0002484757,0.0002484757
2024-12-27,0.0000000000,0.0000000000,0.0000000000,0.0000000000,0.0000000000,0.0000000000,0.0000000000,0.0000000000,0.0000000000
2024-12-28,0.0000000000,0.0000000000,0.0000000000,0.0000000000,0.0000000000,0.0000000000,0.0000000000,0.0000000000,0.0000000000
2024-12-29,0.0000000000,0.0000000000,0.0000000000,0.0000000000,0.0000000000,0.0000000000,0.0000000000,0.0000000000,0.0000000000
2024-12-30,0.0000000000,0.0000000000,0.0000000000,0.0000000000,0.0000000000,0.0000000000,0.0000000000,0.0000000000,0.0000000000
2024-12-31,0.0000000000,0.0000000000,0.0000000000,0.0000000000,0.0000000000,0.0000000000,0.0000000000,0.0000000000,0.0000000000
2025-01-01,0.0000000000,0.0000000000,0.4969514246,0.4969514246,0.4969514246,0.0000000000,0.0000000000,0.0002484757,0.0002484757
2025-01-02,0.0000000000,0.0000000000,0.5048838434,0.5048838434,0.5048838434,0.0000000000,0.0000000000,0.0002524419,0.0002524419
2025-01-03,0.0000000000,0.0000000000,0.0000000000,0.0000000000,0.0000000000,0.0000000000,0.0000000000,0.0000000000,0.0000000000
2025-01-04,0.0000000000,0.0000000000,0.0000000000,0.0000000000,0.0000000000,0.0000000000,0.0000000000,0.0000000000,0.0000000000
2025-01-05,0.0000000000,0.0000000000,0.0000000000,0.0000000000,0.0000000000,0.0000000000,0.0000000000,0.0000000000,0.0000000000
2025-01-06,0.0000000000,0.0000000000,0.0000000000,0.0000000000,0.0000000000,0.0000000000,0.0000000000,0.0000000000,0.0000000000
2025-01-07,0.0000000000,0.0000000000,0.0000000000,0.0000000000,0.0000000000,0.0000000000,0.0000000000,0.0000000000,0.0000000000
2025-01-08,0.0000000000,0.0000000000,0.4473716164,0.4473716164,0.4473716164,0.0000000000,0.0000000000,0.0002236858,0.0002236858
2025-01-09,0.0000000000,0.0000000000,0.4608620562,0.4608620562,0.4608620562,0.0000000000,0.0000000000,0.0002304310,0.0002304310
2025-01-10,0.0000000000,0.0000000000,0.0000000000,0.0000000000,0.0000000000,0.0000000000,0.0000000000,0.0000000000,0.0000000000
2025-01-11,0.0000000000,0.0000000000,0.0543849480,0.0543849480,0.0543849480,0.0000000000,0.0000000000,0.0000271925,0.0000271925
2025-01-12,0.0000000000,0.0000000000,0.5152470042,0.5152470042,0.5152470042,0.0000000000,0.0000000000,0.0002576235,0.0002576235
2025-01-13,0.0000000000,0.0000000000,0.0000000000,0.0000000000,0.0000000000,0.0000000000,0.0000000000,0.0000000000,0.0000000000
2025-01-14,0.0000000000,0.0000000000,0.0000000000,0.0000000000,0.0000000000,0.0000000000,0.0000000000,0.0000000000,0.0000000000
2025-01-15,0.0000000000,0.0000000000,0.0000000000,0.0000000000,0.0000000000,0.0000000000,0.0000000000,0.0000000000,0.0000000000
2025-01-16,0.0000000000,0.0000000000,0.0000000000,0.0000000000,0.0000000000,0.0000000000,0.0000000000,0.0000000000,0.0000000000
2025-01-17,0.0000000000,0.0000000000,0.4377014798,0.4377014798,0.4377014798,0.0000000000,0.0000000000,0.0002188507,0.0002188507
2025-01-18,0.0000000000,0.0000000000,0.0000000000,0.0000000000,0.0000000000,0.0000000000,0.0000000000,0.0000000000,0.0000000000
2025-01-19,0.0000000000,0.0000000000,0.0000000000,0.0000000000,0.0000000000,0.0000000000,0.0000000000,0.0000000000,0.0000000000
2025-01-20,0.0000000000,0.0000000000,0.4377014798,0.4377014798,0.4377014798,0.0000000000,0.0000000000,0.0002188507,0.0002188507
2025-01-21,0.0000000000,0.0000000000,0.4213574656,0.4213574656,0.4213574656,0.0000000000,0.0000000000,0.0002106787,0.0002106787
2025-01-22,0.0000000000,0.0000000000,0.4254145548,0.4254145548,0.4254145548,0.0000000000,0.0000000000,0.0002127073,0.0002127073
2025-01-23,0.0000000000,0.0000000000,0.0000000000,0.0000000000,0.0000000000,0.0000000000,0.0000000000,0.0000000000,0.0000000000
2025-01-24,0.0000000000,0.0000000000,0.4254145548,0.4254145548,0.4254145548,0.0000000000,0.0000000000,0.0002127073,0.0002127073
2025-01-25,0.0000000000,0.0000000000,0.0000000000,0.0000000000,0.0000000000,0.0000000000,0.0000000000,0.0000000000,0.0000000000
2025-01-26,0.0000000000,0.0000000000,0.0000000000,0.0000000000,0.0000000000,0.0000000000,0.0000000000,0.0000000000,0.0000000000
2025-01-27,0.0000000000,0.0000000000,0.4471141516,0.4471141516,0.4471141516,0.0000000000,0.0000000000,0.0002235571,0.0002235571
2025-01-28,0.0000000000,0.0000000000,0.0000000000,0.0000000000,0.0000000000,0.0000000000,0.0000000000,0.0000000000,0.0000000000
2025-01-29,0.0000000000,0.0000000000,0.0000000000,0.0000000000,0.0000000000,0.0000000000,0.0000000000,0.0000000000,0.0000000000
2025-01-30,0.0000000000,0.0000000000,0.0000000000,0.0000000000,0.0000000000,0.0000000000,0.0000000000,0.0000000000,0.0000000000
2025-01-31,0.0000000000,0.0000000000,0.0000000000,0.0000000000,0.0000000000,0.0000000000,0.0000000000,0.0000000000,0.0000000000
2025-02-01,0.0000000000,0.0000000000,0.0000000000,0.0000000000,0.0000000000,0.0000000000,0.0000000000,0.0000000000,0.0000000000
2025-02-02,0.0000000000,0.0000000000,0.0000000000,0.0000000000,0.0000000000,0.0000000000,0.0000000000,0.0000000000,0.0000000000
2025-02-03,0.0000000000,0.0000000000,0.0531483176,0.0531483176,0.0531483176,0.0000000000,0.0000000000,0.0000265742,0.0000265742
2025-02-04,0.0000000000,0.0000000000,0.0000000000,0.0000000000,0.0000000000,0.0000000000,0.0000000000,0.0000000000,0.0000000000
2025-02-05,0.0000000000,0.0000000000,0.0630784378,0.0630784378,0.0630784378,0.0000000000,0.0000000000,0.0000315392,0.0000315392
2025-02-06,0.0000000000,0.0000000000,0.0659706272,0.0659706272,0.0659706272,0.0000000000,0.0000000000,0.0000329853,0.0000329853
2025-02-07,0.0000000000,0.0000000000,0.0000000000,0.0000000000,0.0000000000,0.0000000000,0.0000000000,0.0000000000,0.0000000000
2025-02-08,0.0000000000,0.0000000000,0.0506443520,0.0506443520,0.0506443520,0.0000000000,0.0000000000,0.0000253222,0.0000253222
2025-02-09,0.0000000000,0.0000000000,0.0000000000,0.0000000000,0.0000000000,0.0000000000,0.0000000000,0.0000000000,0.0000000000
2025-02-10,0.0000000000,0.0000000000,0.0000000000,0.0000000000,0.0000000000,0.0000000000,0.0000000000,0.0000000000,0.0000000000
2025-02-11,0.0000000000,0.0000000000,0.0000000000,0.0000000000,0.0000000000,0.0000000000,0.0000000000,0.0000000000,0.0000000000
2025-02-12,0.0000000000,0.0000000000,0.0000000000,0.0000000000,0.0000000000,0.0000000000,0.0000000000,0.0000000000,0.0000000000
2025-02-13,0.0000000000,0.0000000000,0.0000000000,0.0000000000,0.0000000000,0.0000000000,0.0000000000,0.0000000000,0.0000000000
2025-02-14,0.0000000000,0.0000000000,0.0000000000,0.0000000000,0.0000000000,0.0000000000,0.0000000000,0.0000000000,0.0000000000
2025-02-15,0.0000000000,0.0000000000,0.1308991800,0.1308991800,0.1308991800,0.0000000000,0.0000000000,0.0000654496,0.0000654496
2025-02-16,0.0000000000,0.0000000000,0.0000000000,0.0000000000,0.0000000000,0.0000000000,0.0000000000,0.0000000000,0.0000000000
2025-02-17,0.0000000000,0.0000000000,0.0000000000,0.0000000000,0.0000000000,0.0000000000,0.0000000000,0.0000000000,0.0000000000
2025-02-18,0.0000000000,0.0000000000,0.0000000000,0.0000000000,0.0000000000,0.0000000000,0.0000000000,0.0000000000,0.0000000000
2025-02-19,0.0000000000,0.0000000000,0.0000000000,0.0000000000,0.0000000000,0.0000000000,0.0000000000,0.0000000000,0.0000000000
2025-02-20,0.0000000000,0.0000000000,0.0000000000,0.0000000000,0.0000000000,0.0000000000,0.0000000000,0.0000000000,0.0000000000
2025-02-21,0.0000000000,0.0000000000,0.0000000000,0.0000000000,0.0000000000,0.0000000000,0.0000000000,0.0000000000,0.0000000000
2025-02-22,0.0000000000,0.0000000000,0.0000000000,0.0000000000,0.0000000000,0.0000000000,0.0000000000,0.0000000000,0.0000000000
2025-02-23,0.0000000000,0.0000000000,0.0000000000,0.0000000000,0.0000000000,0.0000000000,0.0000000000,0.0000000000,0.0000000000
2025-02-24,0.0000000000,0.0000000000,0.0000000000,0.0000000000,0.0000000000,0.0000000000,0.0000000000,0.0000000000,0.0000000000
2025-02-25,0.0000000000,0.0000000000,0.0000000000,0.0000000000,0.0000000000,0.0000000000,0.0000000000,0.0000000000,0.0000000000
2025-02-26,0.0000000000,0.0000000000,0.0000000000,0.0000000000,0.0000000000,0.0000000000,0.0000000000,0.0000000000,0.0000000000
2025-02-27,0.0000000000,0.0000000000,0.0000000000,0.0000000000,0.0000000000,0.0000000000,0.0000000000,0.0000000000,0.0000000000
2025-02-28,0.0000000000,0.0000000000,0.0000000000,0.0000000000,0.0000000000,0.0000000000,0.0000000000,0.0000000000,0.0000000000
2025-03-01,0.0000000000,0.0000000000,0.0000000000,0.0000000000,0.0000000000,0.0000000000,0.0000000000,0.0000000000,0.0000000000
2025-03-02,0.0000000000,0.0000000000,0.4555794564,0.4555794564,0.4555794564,0.0000000000,0.0000000000,0.0002277897,0.0002277897
2025-03-03,0.0000000000,0.0000000000,0.5545779156,0.5545779156,0.5545779156,0.0000000000,0.0000000000,0.0002772890,0.0002772890
2025-03-04,0.0000000000,0.0000000000,0.0810861296,0.0810861296,0.0810861296,0.0000000000,0.0000000000,0.0000405431,0.0000405431
2025-03-05,0.0000000000,0.0000000000,0.3859069854,0.3859069854,0.3859069854,0.0000000000,0.0000000000,0.0001929535,0.0001929535
2025-03-06,0.0000000000,0.0000000000,0.0000000000,0.0000000000,0.0000000000,0.0000000000,0.0000000000,0.0000000000,0.0000000000
2025-03-07,0.0000000000,0.0000000000,0.0000000000,0.0000000000,0.0000000000,0.0000000000,0.0000000000,0.0000000000,0.0000000000
2025-03-08,0.0000000000,0.0000000000,0.6140930146,0.6140930146,0.6140930146,0.0000000000,0.0000000000,0.0003070465,0.0003070465
2025-03-09,0.0000000000,0.0000000000,0.0000000000,0.0000000000,0.0000000000,0.0000000000,0.0000000000,0.0000000000,0.0000000000
2025-03-10,0.0240074834,0.5000000000,0.0000000000,0.5000000000,0.5240074834,0.0000120037,0.0002500000,0.0000000000,0.0002620037
2025-03-11,0.0502023601,0.0000000000,0.0000000000,0.0000000000,0.0502023601,0.0000251012,0.0000000000,0.0000000000,0.0000251012
2025-03-12,0.0000000000,0.0000000000,0.0000000000,0.0000000000,0.0000000000,0.0000000000,0.0000000000,0.0000000000,0.0000000000
2025-03-13,0.0000000000,0.0000000000,0.0000000000,0.0000000000,0.0000000000,0.0000000000,0.0000000000,0.0000000000,0.0000000000
2025-03-14,0.0000000000,0.0000000000,0.0000000000,0.0000000000,0.0000000000,0.0000000000,0.0000000000,0.0000000000,0.0000000000
2025-03-15,0.0000000000,0.0000000000,0.0000000000,0.0000000000,0.0000000000,0.0000000000,0.0000000000,0.0000000000,0.0000000000
2025-03-16,0.0000000000,0.0000000000,0.0000000000,0.0000000000,0.0000000000,0.0000000000,0.0000000000,0.0000000000,0.0000000000
2025-03-17,0.0000000000,0.0000000000,0.0000000000,0.0000000000,0.0000000000,0.0000000000,0.0000000000,0.0000000000,0.0000000000
2025-03-18,0.0000000000,0.0000000000,0.0000000000,0.0000000000,0.0000000000,0.0000000000,0.0000000000,0.0000000000,0.0000000000
2025-03-19,0.0000000000,0.0000000000,0.0000000000,0.0000000000,0.0000000000,0.0000000000,0.0000000000,0.0000000000,0.0000000000
2025-03-20,0.0557850114,0.0000000000,0.0000000000,0.0000000000,0.0557850114,0.0000278925,0.0000000000,0.0000000000,0.0000278925
2025-03-21,0.0000000000,0.0000000000,0.0000000000,0.0000000000,0.0000000000,0.0000000000,0.0000000000,0.0000000000,0.0000000000
2025-03-22,0.0509937102,0.0000000000,0.0000000000,0.0000000000,0.0509937102,0.0000254969,0.0000000000,0.0000000000,0.0000254969
2025-03-23,0.0000000000,0.0000000000,0.0000000000,0.0000000000,0.0000000000,0.0000000000,0.0000000000,0.0000000000,0.0000000000
2025-03-24,0.0000000000,0.0000000000,0.0000000000,0.0000000000,0.0000000000,0.0000000000,0.0000000000,0.0000000000,0.0000000000
2025-03-25,0.0000000000,0.0000000000,0.0000000000,0.0000000000,0.0000000000,0.0000000000,0.0000000000,0.0000000000,0.0000000000
2025-03-26,0.0000000000,0.0000000000,0.0000000000,0.0000000000,0.0000000000,0.0000000000,0.0000000000,0.0000000000,0.0000000000
2025-03-27,0.1189854501,0.0000000000,0.0000000000,0.0000000000,0.1189854501,0.0000594927,0.0000000000,0.0000000000,0.0000594927
2025-03-28,0.0000000000,0.0000000000,0.0000000000,0.0000000000,0.0000000000,0.0000000000,0.0000000000,0.0000000000,0.0000000000
2025-03-29,0.0000000000,0.0000000000,0.0000000000,0.0000000000,0.0000000000,0.0000000000,0.0000000000,0.0000000000,0.0000000000
2025-03-30,0.0000000000,0.0000000000,0.0000000000,0.0000000000,0.0000000000,0.0000000000,0.0000000000,0.0000000000,0.0000000000
2025-03-31,0.0000000000,0.0000000000,0.0000000000,0.0000000000,0.0000000000,0.0000000000,0.0000000000,0.0000000000,0.0000000000
2025-04-01,0.0000000000,0.0000000000,0.0000000000,0.0000000000,0.0000000000,0.0000000000,0.0000000000,0.0000000000,0.0000000000
2025-04-02,0.0000000000,0.0000000000,0.0000000000,0.0000000000,0.0000000000,0.0000000000,0.0000000000,0.0000000000,0.0000000000
2025-04-03,0.0000000000,0.0000000000,0.0000000000,0.0000000000,0.0000000000,0.0000000000,0.0000000000,0.0000000000,0.0000000000
2025-04-04,0.0000000000,0.0000000000,0.0000000000,0.0000000000,0.0000000000,0.0000000000,0.0000000000,0.0000000000,0.0000000000
2025-04-05,0.0000000000,0.0000000000,0.0000000000,0.0000000000,0.0000000000,0.0000000000,0.0000000000,0.0000000000,0.0000000000
2025-04-06,0.0000000000,0.0000000000,0.0000000000,0.0000000000,0.0000000000,0.0000000000,0.0000000000,0.0000000000,0.0000000000
2025-04-07,0.0961500997,0.0000000000,0.0000000000,0.0000000000,0.0961500997,0.0000480750,0.0000000000,0.0000000000,0.0000480750
2025-04-08,0.0000000000,0.0000000000,0.0000000000,0.0000000000,0.0000000000,0.0000000000,0.0000000000,0.0000000000,0.0000000000
2025-04-09,0.0000000000,0.0000000000,0.0000000000,0.0000000000,0.0000000000,0.0000000000,0.0000000000,0.0000000000,0.0000000000
2025-04-10,0.0951028264,0.0000000000,0.0000000000,0.0000000000,0.0951028264,0.0000475514,0.0000000000,0.0000000000,0.0000475514
2025-04-11,0.0684206984,0.0000000000,0.0000000000,0.0000000000,0.0684206984,0.0000342103,0.0000000000,0.0000000000,0.0000342103
2025-04-12,0.0729928934,0.0000000000,0.0000000000,0.0000000000,0.0729928934,0.0000364964,0.0000000000,0.0000000000,0.0000364964
2025-04-13,0.0000000000,0.0000000000,0.0000000000,0.0000000000,0.0000000000,0.0000000000,0.0000000000,0.0000000000,0.0000000000
2025-04-14,0.0000000000,0.0000000000,0.0000000000,0.0000000000,0.0000000000,0.0000000000,0.0000000000,0.0000000000,0.0000000000
2025-04-15,0.0000000000,0.0000000000,0.0000000000,0.0000000000,0.0000000000,0.0000000000,0.0000000000,0.0000000000,0.0000000000
2025-04-16,0.0000000000,0.0000000000,0.0000000000,0.0000000000,0.0000000000,0.0000000000,0.0000000000,0.0000000000,0.0000000000
2025-04-17,0.0000000000,0.0000000000,0.0000000000,0.0000000000,0.0000000000,0.0000000000,0.0000000000,0.0000000000,0.0000000000
2025-04-18,0.0000000000,0.0000000000,0.0000000000,0.0000000000,0.0000000000,0.0000000000,0.0000000000,0.0000000000,0.0000000000
2025-04-19,0.0000000000,0.0000000000,0.0000000000,0.0000000000,0.0000000000,0.0000000000,0.0000000000,0.0000000000,0.0000000000
2025-04-20,0.0000000000,0.0000000000,0.0000000000,0.0000000000,0.0000000000,0.0000000000,0.0000000000,0.0000000000,0.0000000000
2025-04-21,0.0000000000,0.0000000000,0.0000000000,0.0000000000,0.0000000000,0.0000000000,0.0000000000,0.0000000000,0.0000000000
2025-04-22,0.1034449463,0.4550332470,0.0000000000,0.4550332470,0.5584781933,0.0000517225,0.0002275166,0.0000000000,0.0002792391
2025-04-23,0.0000000000,0.0000000000,0.0000000000,0.0000000000,0.0000000000,0.0000000000,0.0000000000,0.0000000000,0.0000000000
2025-04-24,0.0538745040,0.0538745040,0.1023174860,0.1561919900,0.2100664940,0.0000269373,0.0000269373,0.0000511587,0.0001050332
2025-04-25,0.0988412570,0.0988412570,0.8023174860,0.9011587430,1.0000000000,0.0000494206,0.0000494206,0.0004011587,0.0005000000
2025-04-26,0.0655980857,0.0655980857,0.7000000000,0.7655980857,0.8311961714,0.0000327990,0.0000327990,0.0003500000,0.0004155981
2025-04-27,0.0655980857,0.0655980857,0.7000000000,0.7655980857,0.8311961714,0.0000327990,0.0000327990,0.0003500000,0.0004155981
2025-04-28,0.0000000000,0.0000000000,0.0930646624,0.0930646624,0.0930646624,0.0000000000,0.0000000000,0.0000465323,0.0000465323
2025-04-29,0.0000000000,0.0000000000,0.4550170700,0.4550170700,0.4550170700,0.0000000000,0.0000000000,0.0002275085,0.0002275085
2025-04-30,0.0000000000,0.0000000000,0.4614367046,0.4614367046,0.4614367046,0.0000000000,0.0000000000,0.0002307184,0.0002307184
2025-05-01,0.0000000000,0.0000000000,0.0000000000,0.0000000000,0.0000000000,0.0000000000,0.0000000000,0.0000000000,0.0000000000
2025-05-02,0.0000000000,0.0000000000,0.5385632954,0.5385632954,0.5385632954,0.0000000000,0.0000000000,0.0002692816,0.0002692816
2025-05-03,0.0000000000,0.0000000000,0.4143724966,0.4143724966,0.4143724966,0.0000000000,0.0000000000,0.0002071862,0.0002071862
2025-05-04,0.0000000000,0.0000000000,0.0000000000,0.0000000000,0.0000000000,0.0000000000,0.0000000000,0.0000000000,0.0000000000
2025-05-05,0.1500000000,0.1500000000,0.0934835794,0.2434835794,0.3934835794,0.0000750000,0.0000750000,0.0000467418,0.0001967418
2025-05-06,0.1500000000,0.1500000000,0.1790786468,0.3290786468,0.4790786468,0.0000750000,0.0000750000,0.0000895393,0.0002395393
2025-05-07,0.0000000000,0.0000000000,0.0907712584,0.0907712584,0.0907712584,0.0000000000,0.0000000000,0.0000453856,0.0000453856
2025-05-08,0.0000000000,0.0000000000,0.4825066096,0.4825066096,0.4825066096,0.0000000000,0.0000000000,0.0002412533,0.0002412533
2025-05-09,0.0000000000,0.0000000000,0.4869359886,0.4869359886,0.4869359886,0.0000000000,0.0000000000,0.0002434680,0.0002434680
2025-05-10,0.0000000000,0.0000000000,0.0000000000,0.0000000000,0.0000000000,0.0000000000,0.0000000000,0.0000000000,0.0000000000
2025-05-11,0.0000000000,0.0000000000,0.5226043782,0.5226043782,0.5226043782,0.0000000000,0.0000000000,0.0002613022,0.0002613022
2025-05-12,0.0000000000,0.0000000000,0.5226043782,0.5226043782,0.5226043782,0.0000000000,0.0000000000,0.0002613022,0.0002613022
2025-05-13,0.0000000000,0.0000000000,1.0000000000,1.0000000000,1.0000000000,0.0000000000,0.0000000000,0.0005000000,0.0005000000
2025-05-14,0.0000000000,0.0000000000,0.0000000000,0.0000000000,0.0000000000,0.0000000000,0.0000000000,0.0000000000,0.0000000000
2025-05-15,0.0347333282,0.0347333282,0.0458408950,0.0805742232,0.1153075514,0.0000173667,0.0000173667,0.0000229204,0.0000576538
2025-05-16,0.0298755879,0.0298755879,0.1707821678,0.2006577557,0.2305333436,0.0000149378,0.0000149378,0.0000853911,0.0001152667
2025-05-17,0.0130546824,0.0130546824,0.1707821678,0.1838368502,0.1968915326,0.0000065273,0.0000065273,0.0000853911,0.0000984458
2025-05-18,0.0056536573,0.0056536573,0.1968915326,0.2025451899,0.2081988472,0.0000028268,0.0000028268,0.0000984458,0.0001040994
2025-05-19,0.0459005764,0.0459005764,0.7000000000,0.7459005764,0.7918011528,0.0000229503,0.0000229503,0.0003500000,0.0003959006
2025-05-20,0.0000000000,0.0000000000,0.4602225044,0.4602225044,0.4602225044,0.0000000000,0.0000000000,0.0002301113,0.0002301113
2025-05-21,0.0000000000,0.0000000000,0.5503370170,0.5503370170,0.5503370170,0.0000000000,0.0000000000,0.0002751685,0.0002751685
2025-05-22,0.0000000000,0.0000000000,0.5503370170,0.5503370170,0.5503370170,0.0000000000,0.0000000000,0.0002751685,0.0002751685
2025-05-23,0.0000000000,0.0000000000,0.5752625902,0.5752625902,0.5752625902,0.0000000000,0.0000000000,0.0002876313,0.0002876313
2025-05-24,0.0000000000,0.0000000000,0.0650597236,0.0650597236,0.0650597236,0.0000000000,0.0000000000,0.0000325299,0.0000325299
2025-05-25,0.0000000000,0.0000000000,1.0000000000,1.0000000000,1.0000000000,0.0000000000,0.0000000000,0.0005000000,0.0005000000
2025-05-26,0.0000000000,0.0000000000,0.5554567382,0.5554567382,0.5554567382,0.0000000000,0.0000000000,0.0002777284,0.0002777284
2025-05-27,0.0000000000,0.0000000000,0.4944959546,0.4944959546,0.4944959546,0.0000000000,0.0000000000,0.0002472480,0.0002472480
2025-05-28,0.0000000000,0.0000000000,1.0000000000,1.0000000000,1.0000000000,0.0000000000,0.0000000000,0.0005000000,0.0005000000
2025-05-29,0.0000000000,0.0000000000,0.5149126664,0.5149126664,0.5149126664,0.0000000000,0.0000000000,0.0002574563,0.0002574563
2025-05-30,0.0453869735,0.0453869735,0.9092260530,0.9546130265,1.0000000000,0.0000226935,0.0000226935,0.0004546130,0.0005000000
2025-05-31,0.0102580969,0.0102580969,0.9092260530,0.9194841499,0.9297422468,0.0000051290,0.0000051290,0.0004546130,0.0004648711
2025-06-01,0.1148711234,0.1148711234,0.0000000000,0.1148711234,0.2297422468,0.0000574356,0.0000574356,0.0000000000,0.0001148711
2025-06-02,0.1500000000,0.1500000000,0.2352984952,0.3852984952,0.5352984952,0.0000750000,0.0000750000,0.0001176492,0.0002676492
2025-06-03,0.0000000000,0.0000000000,0.1311977856,0.1311977856,0.1311977856,0.0000000000,0.0000000000,0.0000655989,0.0000655989
2025-06-04,0.0000000000,0.0000000000,0.5120091794,0.5120091794,0.5120091794,0.0000000000,0.0000000000,0.0002560046,0.0002560046
2025-06-05,0.0105053681,0.0105053681,0.7000000000,0.7105053681,0.7210107362,0.0000052527,0.0000052527,0.0003500000,0.0003605054
2025-06-06,0.0298330736,0.0298330736,0.2193231166,0.2491561902,0.2789892638,0.0000149165,0.0000149165,0.0001096616,0.0001394946
2025-06-07,0.0233021784,0.0233021784,0.2193231166,0.2426252950,0.2659274734,0.0000116511,0.0000116511,0.0001096616,0.0001329637
2025-06-08,0.0738043661,0.0738043661,0.1183187412,0.1921231073,0.2659274734,0.0000369022,0.0000369022,0.0000591594,0.0001329637
2025-06-09,0.0182573522,0.0182573522,0.0818040368,0.1000613890,0.1183187412,0.0000091287,0.0000091287,0.0000409020,0.0000591594
2025-06-10,0.1078785416,0.1078785416,0.7818040368,0.8896825784,0.9975611200,0.0000539393,0.0000539393,0.0003909020,0.0004987806
2025-06-11,0.0012194400,0.0012194400,0.9975611200,0.9987805600,1.0000000000,0.0000006097,0.0000006097,0.0004987806,0.0005000000
2025-06-12,0.0039232967,0.0039232967,0.9921534066,0.9960767033,1.0000000000,0.0000019616,0.0000019616,0.0004960767,0.0005000000
2025-06-13,0.0011764639,0.0011764639,0.2921534066,0.2933298705,0.2945063344,0.0000005882,0.0000005882,0.0001460767,0.0001472532
2025-06-14,0.0027468328,0.0027468328,0.5150423578,0.5177891906,0.5205360234,0.0000013734,0.0000013734,0.0002575212,0.0002602680
2025-06-15,0.1500000000,0.1500000000,0.2205360234,0.3705360234,0.5205360234,0.0000750000,0.0000750000,0.0001102680,0.0002602680
2025-06-16,0.1500000000,0.1500000000,0.2955721072,0.4455721072,0.5955721072,0.0000750000,0.0000750000,0.0001477861,0.0002977861
2025-06-17,0.0000000000,0.0000000000,0.0000000000,0.0000000000,0.0000000000,0.0000000000,0.0000000000,0.0000000000,0.0000000000
2025-06-18,0.0000000000,0.0000000000,0.0000000000,0.0000000000,0.0000000000,0.0000000000,0.0000000000,0.0000000000,0.0000000000
2025-06-19,0.1500000000,0.1500000000,0.2955721072,0.4455721072,0.5955721072,0.0000750000,0.0000750000,0.0001477861,0.0002977861
2025-06-20,0.1500000000,0.1500000000,0.3903529100,0.5403529100,0.6903529100,0.0000750000,0.0000750000,0.0001951765,0.0003451765
2025-06-21,0.0000000000,0.0000000000,0.5013987606,0.5013987606,0.5013987606,0.0000000000,0.0000000000,0.0002506994,0.0002506994
2025-06-22,0.0207919081,0.0207919081,0.4570174232,0.4778093313,0.4986012394,0.0000103960,0.0000103960,0.0002285087,0.0002493006
2025-06-23,0.0207919081,0.0207919081,0.4952039734,0.5159958815,0.5367877896,0.0000103960,0.0000103960,0.0002476020,0.0002683939
2025-06-24,0.0000000000,0.0000000000,0.0000000000,0.0000000000,0.0000000000,0.0000000000,0.0000000000,0.0000000000,0.0000000000
2025-06-25,0.0000000000,0.0000000000,1.0000000000,1.0000000000,1.0000000000,0.0000000000,0.0000000000,0.0005000000,0.0005000000
2025-06-26,0.0000000000,0.0000000000,0.6663883504,0.6663883504,0.6663883504,0.0000000000,0.0000000000,0.0003331942,0.0003331942
2025-06-27,0.0034027835,0.0034027835,0.3268060826,0.3302088661,0.3336116496,0.0000017014,0.0000017014,0.0001634030,0.0001668058
2025-06-28,0.0000000000,0.0000000000,0.0000000000,0.0000000000,0.0000000000,0.0000000000,0.0000000000,0.0000000000,0.0000000000
2025-06-29,0.4965972165,0.4965972165,0.0000000000,0.4965972165,0.9931944330,0.0002482986,0.0002482986,0.0000000000,0.0004965972
2025-06-30,0.3500000000,0.3500000000,0.0000000000,0.3500000000,0.7000000000,0.0001750000,0.0001750000,0.0000000000,0.0003500000
2025-07-01,0.1500000000,0.1500000000,0.7000000000,0.8500000000,1.0000000000,0.0000750000,0.0000750000,0.0003500000,0.0005000000
2025-07-02,0.0000000000,0.0000000000,0.0912721636,0.0912721636,0.0912721636,0.0000000000,0.0000000000,0.0000456361,0.0000456361
2025-07-03,0.0079440161,0.0079440161,0.4522553594,0.4601993755,0.4681433916,0.0000039720,0.0000039720,0.0002261277,0.0002340717
2025-07-04,0.0079440161,0.0079440161,0.3437649218,0.3517089379,0.3596529540,0.0000039720,0.0000039720,0.0001718825,0.0001798265
2025-07-05,0.0000000000,0.0000000000,0.3596529540,0.3596529540,0.3596529540,0.0000000000,0.0000000000,0.0001798265,0.0001798265
2025-07-06,0.0000000000,0.0000000000,0.0000000000,0.0000000000,0.0000000000,0.0000000000,0.0000000000,0.0000000000,0.0000000000
2025-07-07,0.0000000000,0.0000000000,0.3150861498,0.3150861498,0.3150861498,0.0000000000,0.0000000000,0.0001575431,0.0001575431
2025-07-08,0.0000000000,0.0000000000,0.0000000000,0.0000000000,0.0000000000,0.0000000000,0.0000000000,0.0000000000,0.0000000000
2025-07-09,0.0000000000,0.0000000000,0.0000000000,0.0000000000,0.0000000000,0.0000000000,0.0000000000,0.0000000000,0.0000000000
2025-07-10,0.0000000000,0.0000000000,0.0000000000,0.0000000000,0.0000000000,0.0000000000,0.0000000000,0.0000000000,0.0000000000
2025-07-11,0.0000000000,0.0000000000,0.6963085638,0.6963085638,0.6963085638,0.0000000000,0.0000000000,0.0003481543,0.0003481543
2025-07-12,0.0000000000,0.0000000000,0.4903592688,0.4903592688,0.4903592688,0.0000000000,0.0000000000,0.0002451796,0.0002451796
2025-07-13,0.0000000000,0.0000000000,0.4903592688,0.4903592688,0.4903592688,0.0000000000,0.0000000000,0.0002451796,0.0002451796
2025-07-14,0.0000000000,0.0000000000,0.0000000000,0.0000000000,0.0000000000,0.0000000000,0.0000000000,0.0000000000,0.0000000000
2025-07-15,0.0000000000,0.0000000000,0.0925775312,0.0925775312,0.0925775312,0.0000000000,0.0000000000,0.0000462888,0.0000462888
2025-07-16,0.0000000000,0.0000000000,0.0000000000,0.0000000000,0.0000000000,0.0000000000,0.0000000000,0.0000000000,0.0000000000
2025-07-17,0.0000000000,0.0000000000,0.5790257478,0.5790257478,0.5790257478,0.0000000000,0.0000000000,0.0002895129,0.0002895129
2025-07-18,0.0000000000,0.0000000000,0.0873473884,0.0873473884,0.0873473884,0.0000000000,0.0000000000,0.0000436737,0.0000436737
2025-07-19,0.0000000000,0.0000000000,0.0000000000,0.0000000000,0.0000000000,0.0000000000,0.0000000000,0.0000000000,0.0000000000
2025-07-20,0.0000000000,0.0000000000,0.0000000000,0.0000000000,0.0000000000,0.0000000000,0.0000000000,0.0000000000,0.0000000000
2025-07-21,0.0000000000,0.0000000000,0.4306796686,0.4306796686,0.4306796686,0.0000000000,0.0000000000,0.0002153398,0.0002153398
2025-07-22,0.0000000000,0.0000000000,0.0000000000,0.0000000000,0.0000000000,0.0000000000,0.0000000000,0.0000000000,0.0000000000
2025-07-23,0.0000000000,0.0000000000,0.0000000000,0.0000000000,0.0000000000,0.0000000000,0.0000000000,0.0000000000,0.0000000000
2025-07-24,0.0000000000,0.0000000000,0.0694510432,0.0694510432,0.0694510432,0.0000000000,0.0000000000,0.0000347255,0.0000347255
2025-07-25,0.0000000000,0.0000000000,0.0000000000,0.0000000000,0.0000000000,0.0000000000,0.0000000000,0.0000000000,0.0000000000
2025-07-26,0.0000000000,0.0000000000,0.0000000000,0.0000000000,0.0000000000,0.0000000000,0.0000000000,0.0000000000,0.0000000000
2025-07-27,0.0000000000,0.0000000000,0.0000000000,0.0000000000,0.0000000000,0.0000000000,0.0000000000,0.0000000000,0.0000000000
2025-07-28,0.0000000000,0.0000000000,0.0000000000,0.0000000000,0.0000000000,0.0000000000,0.0000000000,0.0000000000,0.0000000000
2025-07-29,0.0000000000,0.0000000000,0.0000000000,0.0000000000,0.0000000000,0.0000000000,0.0000000000,0.0000000000,0.0000000000
2025-07-30,0.0000000000,0.0000000000,0.0878330520,0.0878330520,0.0878330520,0.0000000000,0.0000000000,0.0000439165,0.0000439165
2025-07-31,0.0000000000,0.0000000000,0.0000000000,0.0000000000,0.0000000000,0.0000000000,0.0000000000,0.0000000000,0.0000000000
2025-08-01,0.0000000000,0.0000000000,0.5877023402,0.5877023402,0.5877023402,0.0000000000,0.0000000000,0.0002938512,0.0002938512
2025-08-02,0.0000000000,0.0000000000,0.5644860222,0.5644860222,0.5644860222,0.0000000000,0.0000000000,0.0002822430,0.0002822430
2025-08-03,0.0000000000,0.0000000000,0.0000000000,0.0000000000,0.0000000000,0.0000000000,0.0000000000,0.0000000000,0.0000000000
2025-08-04,0.0000000000,0.0000000000,0.0000000000,0.0000000000,0.0000000000,0.0000000000,0.0000000000,0.0000000000,0.0000000000
2025-08-05,0.0000000000,0.0000000000,0.0000000000,0.0000000000,0.0000000000,0.0000000000,0.0000000000,0.0000000000,0.0000000000
2025-08-06,0.0000000000,0.0000000000,0.0624686886,0.0624686886,0.0624686886,0.0000000000,0.0000000000,0.0000312343,0.0000312343
2025-08-07,0.0000000000,0.0000000000,0.3730452892,0.3730452892,0.3730452892,0.0000000000,0.0000000000,0.0001865226,0.0001865226
2025-08-08,0.0000000000,0.0000000000,0.0000000000,0.0000000000,0.0000000000,0.0000000000,0.0000000000,0.0000000000,0.0000000000
2025-08-09,0.0000000000,0.0000000000,0.0000000000,0.0000000000,0.0000000000,0.0000000000,0.0000000000,0.0000000000,0.0000000000
2025-08-10,0.0000000000,0.0000000000,0.0814514192,0.0814514192,0.0814514192,0.0000000000,0.0000000000,0.0000407257,0.0000407257
2025-08-11,0.0000000000,0.0000000000,0.4443388710,0.4443388710,0.4443388710,0.0000000000,0.0000000000,0.0002221694,0.0002221694
2025-08-12,0.0000000000,0.0000000000,0.0000000000,0.0000000000,0.0000000000,0.0000000000,0.0000000000,0.0000000000,0.0000000000
2025-08-13,0.0000000000,0.0000000000,0.4037602550,0.4037602550,0.4037602550,0.0000000000,0.0000000000,0.0002018801,0.0002018801
2025-08-14,0.0000000000,0.0000000000,0.0000000000,0.0000000000,0.0000000000,0.0000000000,0.0000000000,0.0000000000,0.0000000000
2025-08-15,0.0000000000,0.0000000000,0.0000000000,0.0000000000,0.0000000000,0.0000000000,0.0000000000,0.0000000000,0.0000000000
2025-08-16,0.0000000000,0.0000000000,0.0000000000,0.0000000000,0.0000000000,0.0000000000,0.0000000000,0.0000000000,0.0000000000
2025-08-17,0.0000000000,0.0000000000,0.0000000000,0.0000000000,0.0000000000,0.0000000000,0.0000000000,0.0000000000,0.0000000000
2025-08-18,0.0000000000,0.0000000000,0.0000000000,0.0000000000,0.0000000000,0.0000000000,0.0000000000,0.0000000000,0.0000000000
2025-08-19,0.0000000000,0.0000000000,0.0000000000,0.0000000000,0.0000000000,0.0000000000,0.0000000000,0.0000000000,0.0000000000
2025-08-20,0.0000000000,0.0000000000,0.0000000000,0.0000000000,0.0000000000,0.0000000000,0.0000000000,0.0000000000,0.0000000000
2025-08-21,0.0000000000,0.0000000000,0.0000000000,0.0000000000,0.0000000000,0.0000000000,0.0000000000,0.0000000000,0.0000000000
2025-08-22,0.0000000000,0.0000000000,0.0000000000,0.0000000000,0.0000000000,0.0000000000,0.0000000000,0.0000000000,0.0000000000
2025-08-23,0.0000000000,0.0000000000,0.0000000000,0.0000000000,0.0000000000,0.0000000000,0.0000000000,0.0000000000,0.0000000000
2025-08-24,0.0000000000,0.0000000000,0.0000000000,0.0000000000,0.0000000000,0.0000000000,0.0000000000,0.0000000000,0.0000000000
2025-08-25,0.0000000000,0.0000000000,0.0000000000,0.0000000000,0.0000000000,0.0000000000,0.0000000000,0.0000000000,0.0000000000
2025-08-26,0.0000000000,0.0000000000,0.0000000000,0.0000000000,0.0000000000,0.0000000000,0.0000000000,0.0000000000,0.0000000000
2025-08-27,0.0000000000,0.0000000000,0.0000000000,0.0000000000,0.0000000000,0.0000000000,0.0000000000,0.0000000000,0.0000000000
2025-08-28,0.0000000000,0.0000000000,0.0000000000,0.0000000000,0.0000000000,0.0000000000,0.0000000000,0.0000000000,0.0000000000
2025-08-29,0.0000000000,0.0000000000,0.0000000000,0.0000000000,0.0000000000,0.0000000000,0.0000000000,0.0000000000,0.0000000000
2025-08-30,0.0000000000,0.0000000000,0.0000000000,0.0000000000,0.0000000000,0.0000000000,0.0000000000,0.0000000000,0.0000000000
2025-08-31,0.0000000000,0.0000000000,0.0000000000,0.0000000000,0.0000000000,0.0000000000,0.0000000000,0.0000000000,0.0000000000
2025-09-01,0.0000000000,0.0000000000,0.0000000000,0.0000000000,0.0000000000,0.0000000000,0.0000000000,0.0000000000,0.0000000000
2025-09-02,0.0204885595,0.0204885595,0.7000000000,0.7204885595,0.7409771190,0.0000102443,0.0000102443,0.0003500000,0.0003704886
2025-09-03,0.0000000000,0.0000000000,0.0000000000,0.0000000000,0.0000000000,0.0000000000,0.0000000000,0.0000000000,0.0000000000
2025-09-04,0.0204885595,0.0204885595,0.7000000000,0.7204885595,0.7409771190,0.0000102443,0.0000102443,0.0003500000,0.0003704886
2025-09-05,0.0000000000,0.0000000000,0.0000000000,0.0000000000,0.0000000000,0.0000000000,0.0000000000,0.0000000000,0.0000000000
2025-09-06,0.0000000000,0.0000000000,0.0000000000,0.0000000000,0.0000000000,0.0000000000,0.0000000000,0.0000000000,0.0000000000
2025-09-07,0.0000000000,0.0000000000,0.1567468696,0.1567468696,0.1567468696,0.0000000000,0.0000000000,0.0000783734,0.0000783734
2025-09-08,0.0000000000,0.0000000000,0.0000000000,0.0000000000,0.0000000000,0.0000000000,0.0000000000,0.0000000000,0.0000000000
2025-09-09,0.0000000000,0.0000000000,0.0000000000,0.0000000000,0.0000000000,0.0000000000,0.0000000000,0.0000000000,0.0000000000
2025-09-10,0.0466247426,0.0466247426,0.7000000000,0.7466247426,0.7932494852,0.0000233124,0.0000233124,0.0003500000,0.0003966247
2025-09-11,0.0466247426,0.0466247426,0.7000000000,0.7466247426,0.7932494852,0.0000233124,0.0000233124,0.0003500000,0.0003966247
2025-09-12,0.0000000000,0.0000000000,0.0000000000,0.0000000000,0.0000000000,0.0000000000,0.0000000000,0.0000000000,0.0000000000
2025-09-13,0.0000000000,0.0000000000,0.0000000000,0.0000000000,0.0000000000,0.0000000000,0.0000000000,0.0000000000,0.0000000000
2025-09-14,0.0000000000,0.0000000000,0.0000000000,0.0000000000,0.0000000000,0.0000000000,0.0000000000,0.0000000000,0.0000000000
2025-09-15,0.0000000000,0.0000000000,0.0000000000,0.0000000000,0.0000000000,0.0000000000,0.0000000000,0.0000000000,0.0000000000
2025-09-16,0.0000000000,0.0000000000,0.0000000000,0.0000000000,0.0000000000,0.0000000000,0.0000000000,0.0000000000,0.0000000000
2025-09-17,0.0000000000,0.0000000000,0.0000000000,0.0000000000,0.0000000000,0.0000000000,0.0000000000,0.0000000000,0.0000000000
2025-09-18,0.0000000000,0.0000000000,0.0000000000,0.0000000000,0.0000000000,0.0000000000,0.0000000000,0.0000000000,0.0000000000
2025-09-19,0.0000000000,0.0000000000,0.0000000000,0.0000000000,0.0000000000,0.0000000000,0.0000000000,0.0000000000,0.0000000000
2025-09-20,0.0000000000,0.0000000000,0.0000000000,0.0000000000,0.0000000000,0.0000000000,0.0000000000,0.0000000000,0.0000000000
2025-09-21,0.0000000000,0.0000000000,0.0000000000,0.0000000000,0.0000000000,0.0000000000,0.0000000000,0.0000000000,0.0000000000
2025-09-22,0.0000000000,0.0000000000,0.0679494316,0.0679494316,0.0679494316,0.0000000000,0.0000000000,0.0000339747,0.0000339747
2025-09-23,0.0161550858,0.0161550858,0.7000000000,0.7161550858,0.7323101716,0.0000080775,0.0000080775,0.0003500000,0.0003661551
2025-09-24,0.0000000000,0.0000000000,0.0000000000,0.0000000000,0.0000000000,0.0000000000,0.0000000000,0.0000000000,0.0000000000
2025-09-25,0.0000000000,0.0000000000,0.0000000000,0.0000000000,0.0000000000,0.0000000000,0.0000000000,0.0000000000,0.0000000000
2025-09-26,0.0614438808,0.4838449142,0.0000000000,0.4838449142,0.5452887950,0.0000307219,0.0002419225,0.0000000000,0.0002726444
2025-09-27,0.0511091292,0.0000000000,0.0000000000,0.0000000000,0.0511091292,0.0000255546,0.0000000000,0.0000000000,0.0000255546
2025-09-28,0.0000000000,0.0000000000,0.0000000000,0.0000000000,0.0000000000,0.0000000000,0.0000000000,0.0000000000,0.0000000000
2025-09-29,0.1287080958,0.5000000000,0.0000000000,0.5000000000,0.6287080958,0.0000643540,0.0002500000,0.0000000000,0.0003143540
2025-09-30,0.0210982811,0.0210982811,0.7000000000,0.7210982811,0.7421965622,0.0000105491,0.0000105491,0.0003500000,0.0003710983
2025-10-01,0.0000000000,0.0000000000,0.0000000000,0.0000000000,0.0000000000,0.0000000000,0.0000000000,0.0000000000,0.0000000000
2025-10-02,0.0000000000,0.0000000000,0.0000000000,0.0000000000,0.0000000000,0.0000000000,0.0000000000,0.0000000000,0.0000000000
2025-10-03,0.0000000000,0.0000000000,0.0000000000,0.0000000000,0.0000000000,0.0000000000,0.0000000000,0.0000000000,0.0000000000
2025-10-04,0.0210982811,0.0210982811,0.7000000000,0.7210982811,0.7421965622,0.0000105491,0.0000105491,0.0003500000,0.0003710983
2025-10-05,0.0000000000,0.0000000000,0.0000000000,0.0000000000,0.0000000000,0.0000000000,0.0000000000,0.0000000000,0.0000000000
2025-10-06,0.0000000000,0.0000000000,0.0000000000,0.0000000000,0.0000000000,0.0000000000,0.0000000000,0.0000000000,0.0000000000
2025-10-07,0.0235489249,0.0235489249,0.7000000000,0.7235489249,0.7470978498,0.0000117745,0.0000117745,0.0003500000,0.0003735489
2025-10-08,0.0000000000,0.0000000000,0.0000000000,0.0000000000,0.0000000000,0.0000000000,0.0000000000,0.0000000000,0.0000000000
2025-10-09,0.0000000000,0.0000000000,0.0000000000,0.0000000000,0.0000000000,0.0000000000,0.0000000000,0.0000000000,0.0000000000
2025-10-10,0.0000000000,0.0000000000,0.0000000000,0.0000000000,0.0000000000,0.0000000000,0.0000000000,0.0000000000,0.0000000000
2025-10-11,0.0546270404,0.0546270404,0.0000000000,0.0546270404,0.1092540808,0.0000273135,0.0000273135,0.0000000000,0.0000546270
2025-10-12,0.0000000000,0.0000000000,0.0000000000,0.0000000000,0.0000000000,0.0000000000,0.0000000000,0.0000000000,0.0000000000
2025-10-13,0.0000000000,0.0000000000,0.0000000000,0.0000000000,0.0000000000,0.0000000000,0.0000000000,0.0000000000,0.0000000000
2025-10-14,0.0000000000,0.0000000000,0.0000000000,0.0000000000,0.0000000000,0.0000000000,0.0000000000,0.0000000000,0.0000000000
2025-10-15,0.0000000000,0.0000000000,0.0000000000,0.0000000000,0.0000000000,0.0000000000,0.0000000000,0.0000000000,0.0000000000
2025-10-16,0.0000000000,0.0000000000,0.0000000000,0.0000000000,0.0000000000,0.0000000000,0.0000000000,0.0000000000,0.0000000000
2025-10-17,0.0000000000,0.0000000000,0.0000000000,0.0000000000,0.0000000000,0.0000000000,0.0000000000,0.0000000000,0.0000000000
2025-10-18,0.0276667538,0.4218240347,0.0000000000,0.4218240347,0.4494907885,0.0000138334,0.0002109120,0.0000000000,0.0002247454
2025-10-19,0.0000000000,0.0000000000,0.0000000000,0.0000000000,0.0000000000,0.0000000000,0.0000000000,0.0000000000,0.0000000000
2025-10-20,0.0002850294,0.4497758179,0.0000000000,0.4497758179,0.4500608473,0.0000001425,0.0002248879,0.0000000000,0.0002250304
2025-10-21,0.0000000000,0.0000000000,0.0000000000,0.0000000000,0.0000000000,0.0000000000,0.0000000000,0.0000000000,0.0000000000
2025-10-22,0.0117241247,0.4497758179,0.0000000000,0.4497758179,0.4614999426,0.0000058621,0.0002248879,0.0000000000,0.0002307500
2025-10-23,0.0000000000,0.0000000000,0.0000000000,0.0000000000,0.0000000000,0.0000000000,0.0000000000,0.0000000000,0.0000000000
2025-10-24,0.0173094119,0.4788093545,0.0000000000,0.4788093545,0.4961187664,0.0000086547,0.0002394047,0.0000000000,0.0002480594
2025-10-25,0.0000000000,0.0000000000,0.0000000000,0.0000000000,0.0000000000,0.0000000000,0.0000000000,0.0000000000,0.0000000000
2025-10-26,0.0211906455,0.0211906455,0.7000000000,0.7211906455,0.7423812910,0.0000105953,0.0000105953,0.0003500000,0.0003711906
2025-10-27,0.0036901364,0.0036901364,0.7000000000,0.7036901364,0.7073802728,0.0000018451,0.0000018451,0.0003500000,0.0003536901
2025-10-28,0.0000000000,0.0000000000,0.0000000000,0.0000000000,0.0000000000,0.0000000000,0.0000000000,0.0000000000,0.0000000000
2025-10-29,0.0000000000,0.0000000000,0.0000000000,0.0000000000,0.0000000000,0.0000000000,0.0000000000,0.0000000000,0.0000000000
2025-10-30,0.0000000000,0.0000000000,0.0000000000,0.0000000000,0.0000000000,0.0000000000,0.0000000000,0.0000000000,0.0000000000
2025-10-31,0.0000000000,0.0000000000,0.0000000000,0.0000000000,0.0000000000,0.0000000000,0.0000000000,0.0000000000,0.0000000000
2025-11-01,0.0000000000,0.0000000000,0.0000000000,0.0000000000,0.0000000000,0.0000000000,0.0000000000,0.0000000000,0.0000000000
2025-11-02,0.0036901364,0.0036901364,0.7000000000,0.7036901364,0.7073802728,0.0000018451,0.0000018451,0.0003500000,0.0003536901
2025-11-03,0.0000000000,0.0000000000,0.0000000000,0.0000000000,0.0000000000,0.0000000000,0.0000000000,0.0000000000,0.0000000000
2025-11-04,0.0738772646,0.5000000000,0.0000000000,0.5000000000,0.5738772646,0.0000369386,0.0002500000,0.0000000000,0.0002869386
2025-11-05,0.0732629452,0.0000000000,0.0000000000,0.0000000000,0.0732629452,0.0000366315,0.0000000000,0.0000000000,0.0000366315
2025-11-06,0.0804817192,0.0000000000,0.0000000000,0.0000000000,0.0804817192,0.0000402409,0.0000000000,0.0000000000,0.0000402409
2025-11-07,0.0899115424,0.0000000000,0.0000000000,0.0000000000,0.0899115424,0.0000449558,0.0000000000,0.0000000000,0.0000449558
2025-11-08,0.0000000000,0.0000000000,0.0000000000,0.0000000000,0.0000000000,0.0000000000,0.0000000000,0.0000000000,0.0000000000
2025-11-09,0.0000000000,0.0000000000,0.0000000000,0.0000000000,0.0000000000,0.0000000000,0.0000000000,0.0000000000,0.0000000000
2025-11-10,0.0000000000,0.0000000000,0.0000000000,0.0000000000,0.0000000000,0.0000000000,0.0000000000,0.0000000000,0.0000000000
2025-11-11,0.0000000000,0.0000000000,0.0000000000,0.0000000000,0.0000000000,0.0000000000,0.0000000000,0.0000000000,0.0000000000
2025-11-12,0.0000000000,0.0000000000,0.0000000000,0.0000000000,0.0000000000,0.0000000000,0.0000000000,0.0000000000,0.0000000000
2025-11-13,0.0761719339,0.0000000000,0.0000000000,0.0000000000,0.0761719339,0.0000380860,0.0000000000,0.0000000000,0.0000380860
2025-11-14,0.0000000000,0.0000000000,0.0000000000,0.0000000000,0.0000000000,0.0000000000,0.0000000000,0.0000000000,0.0000000000
2025-11-15,0.1240687505,0.0000000000,0.0000000000,0.0000000000,0.1240687505,0.0000620344,0.0000000000,0.0000000000,0.0000620344
2025-11-16,0.0000000000,0.0000000000,0.0000000000,0.0000000000,0.0000000000,0.0000000000,0.0000000000,0.0000000000,0.0000000000
2025-11-17,0.0000000000,0.0000000000,0.0000000000,0.0000000000,0.0000000000,0.0000000000,0.0000000000,0.0000000000,0.0000000000
2025-11-18,0.0000000000,0.0000000000,0.0000000000,0.0000000000,0.0000000000,0.0000000000,0.0000000000,0.0000000000,0.0000000000
2025-11-19,0.0000000000,0.0000000000,0.0000000000,0.0000000000,0.0000000000,0.0000000000,0.0000000000,0.0000000000,0.0000000000
2025-11-20,0.0000000000,0.0000000000,0.0000000000,0.0000000000,0.0000000000,0.0000000000,0.0000000000,0.0000000000,0.0000000000
2025-11-21,0.0883441592,0.0000000000,0.0000000000,0.0000000000,0.0883441592,0.0000441721,0.0000000000,0.0000000000,0.0000441721
2025-11-22,0.0000000000,0.0000000000,0.0000000000,0.0000000000,0.0000000000,0.0000000000,0.0000000000,0.0000000000,0.0000000000
2025-11-23,0.0000000000,0.0000000000,0.0000000000,0.0000000000,0.0000000000,0.0000000000,0.0000000000,0.0000000000,0.0000000000
2025-11-24,0.0000000000,0.0000000000,0.0000000000,0.0000000000,0.0000000000,0.0000000000,0.0000000000,0.0000000000,0.0000000000
2025-11-25,0.0677914486,0.0000000000,0.0000000000,0.0000000000,0.0677914486,0.0000338957,0.0000000000,0.0000000000,0.0000338957
2025-11-26,0.0000000000,0.0000000000,0.0000000000,0.0000000000,0.0000000000,0.0000000000,0.0000000000,0.0000000000,0.0000000000
2025-11-27,0.0000000000,0.0000000000,0.0000000000,0.0000000000,0.0000000000,0.0000000000,0.0000000000,0.0000000000,0.0000000000
2025-11-28,0.0000000000,0.0000000000,0.0000000000,0.0000000000,0.0000000000,0.0000000000,0.0000000000,0.0000000000,0.0000000000
2025-11-29,0.0000000000,0.0000000000,0.0000000000,0.0000000000,0.0000000000,0.0000000000,0.0000000000,0.0000000000,0.0000000000
2025-11-30,0.0000000000,0.0000000000,0.0000000000,0.0000000000,0.0000000000,0.0000000000,0.0000000000,0.0000000000,0.0000000000
2025-12-01,0.0000000000,0.0000000000,0.0000000000,0.0000000000,0.0000000000,0.0000000000,0.0000000000,0.0000000000,0.0000000000
2025-12-02,0.0000000000,0.0000000000,0.0000000000,0.0000000000,0.0000000000,0.0000000000,0.0000000000,0.0000000000,0.0000000000
2025-12-03,0.0000000000,0.0000000000,0.0000000000,0.0000000000,0.0000000000,0.0000000000,0.0000000000,0.0000000000,0.0000000000
2025-12-04,0.0000000000,0.0000000000,0.0000000000,0.0000000000,0.0000000000,0.0000000000,0.0000000000,0.0000000000,0.0000000000
2025-12-05,0.1254426391,0.0000000000,0.0000000000,0.0000000000,0.1254426391,0.0000627213,0.0000000000,0.0000000000,0.0000627213
2025-12-06,0.0943033924,0.0000000000,0.0000000000,0.0000000000,0.0943033924,0.0000471517,0.0000000000,0.0000000000,0.0000471517
2025-12-07,0.0000000000,0.0000000000,0.0000000000,0.0000000000,0.0000000000,0.0000000000,0.0000000000,0.0000000000,0.0000000000
2025-12-08,0.0000000000,0.0000000000,0.0000000000,0.0000000000,0.0000000000,0.0000000000,0.0000000000,0.0000000000,0.0000000000
2025-12-09,0.0000000000,0.0000000000,0.0000000000,0.0000000000,0.0000000000,0.0000000000,0.0000000000,0.0000000000,0.0000000000
2025-12-10,0.0947705826,0.0000000000,0.0000000000,0.0000000000,0.0947705826,0.0000473853,0.0000000000,0.0000000000,0.0000473853
2025-12-11,0.0000000000,0.0000000000,0.0000000000,0.0000000000,0.0000000000,0.0000000000,0.0000000000,0.0000000000,0.0000000000
2025-12-12,0.0000000000,0.0000000000,0.0000000000,0.0000000000,0.0000000000,0.0000000000,0.0000000000,0.0000000000,0.0000000000
2025-12-13,0.0000000000,0.0000000000,0.0000000000,0.0000000000,0.0000000000,0.0000000000,0.0000000000,0.0000000000,0.0000000000
2025-12-14,0.0000000000,0.0000000000,0.0000000000,0.0000000000,0.0000000000,0.0000000000,0.0000000000,0.0000000000,0.0000000000
2025-12-15,0.0629922842,0.0000000000,0.0000000000,0.0000000000,0.0629922842,0.0000314961,0.0000000000,0.0000000000,0.0000314961
2025-12-16,0.0000000000,0.0000000000,0.0000000000,0.0000000000,0.0000000000,0.0000000000,0.0000000000,0.0000000000,0.0000000000
2025-12-17,0.0000000000,0.0000000000,0.0000000000,0.0000000000,0.0000000000,0.0000000000,0.0000000000,0.0000000000,0.0000000000
2025-12-18,0.0709754957,0.0000000000,0.0000000000,0.0000000000,0.0709754957,0.0000354877,0.0000000000,0.0000000000,0.0000354877
2025-12-19,0.0552556773,0.0000000000,0.0000000000,0.0000000000,0.0552556773,0.0000276278,0.0000000000,0.0000000000,0.0000276278
2025-12-20,0.0542244545,0.0000000000,0.0000000000,0.0000000000,0.0542244545,0.0000271122,0.0000000000,0.0000000000,0.0000271122
2025-12-21,0.0000000000,0.0000000000,0.0000000000,0.0000000000,0.0000000000,0.0000000000,0.0000000000,0.0000000000,0.0000000000
2025-12-22,0.0000000000,0.0000000000,0.0000000000,0.0000000000,0.0000000000,0.0000000000,0.0000000000,0.0000000000,0.0000000000
2025-12-23,0.0000000000,0.0000000000,0.0000000000,0.0000000000,0.0000000000,0.0000000000,0.0000000000,0.0000000000,0.0000000000
2025-12-24,0.0000000000,0.0000000000,0.0000000000,0.0000000000,0.0000000000,0.0000000000,0.0000000000,0.0000000000,0.0000000000
2025-12-25,0.0000000000,0.0000000000,0.0000000000,0.0000000000,0.0000000000,0.0000000000,0.0000000000,0.0000000000,0.0000000000
2025-12-26,0.0000000000,0.0000000000,0.0000000000,0.0000000000,0.0000000000,0.0000000000,0.0000000000,0.0000000000,0.0000000000
2025-12-27,0.0000000000,0.0000000000,0.0000000000,0.0000000000,0.0000000000,0.0000000000,0.0000000000,0.0000000000,0.0000000000
2025-12-28,0.0000000000,0.0000000000,0.0000000000,0.0000000000,0.0000000000,0.0000000000,0.0000000000,0.0000000000,0.0000000000
2025-12-29,0.0000000000,0.0000000000,0.0000000000,0.0000000000,0.0000000000,0.0000000000,0.0000000000,0.0000000000,0.0000000000
2025-12-30,0.0564016319,0.0000000000,0.0000000000,0.0000000000,0.0564016319,0.0000282008,0.0000000000,0.0000000000,0.0000282008
2025-12-31,0.0000000000,0.0000000000,0.0000000000,0.0000000000,0.0000000000,0.0000000000,0.0000000000,0.0000000000,0.0000000000
2026-01-01,0.0000000000,0.0000000000,0.0000000000,0.0000000000,0.0000000000,0.0000000000,0.0000000000,0.0000000000,0.0000000000
2026-01-02,0.0717496083,0.0000000000,0.0000000000,0.0000000000,0.0717496083,0.0000358748,0.0000000000,0.0000000000,0.0000358748
2026-01-03,0.0513763591,0.0000000000,0.0000000000,0.0000000000,0.0513763591,0.0000256882,0.0000000000,0.0000000000,0.0000256882
2026-01-04,0.0000000000,0.0000000000,0.0000000000,0.0000000000,0.0000000000,0.0000000000,0.0000000000,0.0000000000,0.0000000000
2026-01-05,0.0821708371,0.0000000000,0.0000000000,0.0000000000,0.0821708371,0.0000410854,0.0000000000,0.0000000000,0.0000410854
2026-01-06,0.0513627696,0.0000000000,0.0000000000,0.0000000000,0.0513627696,0.0000256814,0.0000000000,0.0000000000,0.0000256814
2026-01-07,0.0000000000,0.0000000000,0.0000000000,0.0000000000,0.0000000000,0.0000000000,0.0000000000,0.0000000000,0.0000000000
2026-01-08,0.0000000000,0.0000000000,0.0000000000,0.0000000000,0.0000000000,0.0000000000,0.0000000000,0.0000000000,0.0000000000
2026-01-09,0.1046188196,0.0000000000,0.0000000000,0.0000000000,0.1046188196,0.0000523094,0.0000000000,0.0000000000,0.0000523094
2026-01-10,0.0000000000,0.0000000000,0.0000000000,0.0000000000,0.0000000000,0.0000000000,0.0000000000,0.0000000000,0.0000000000
2026-01-11,0.0000000000,0.0000000000,0.0000000000,0.0000000000,0.0000000000,0.0000000000,0.0000000000,0.0000000000,0.0000000000
2026-01-12,0.0000000000,0.0000000000,0.0000000000,0.0000000000,0.0000000000,0.0000000000,0.0000000000,0.0000000000,0.0000000000
2026-01-13,0.0000000000,0.0000000000,0.0000000000,0.0000000000,0.0000000000,0.0000000000,0.0000000000,0.0000000000,0.0000000000
2026-01-14,0.1828212889,0.0000000000,0.0000000000,0.0000000000,0.1828212889,0.0000914106,0.0000000000,0.0000000000,0.0000914106
2026-01-15,0.0000000000,0.0000000000,0.0000000000,0.0000000000,0.0000000000,0.0000000000,0.0000000000,0.0000000000,0.0000000000
2026-01-16,0.0000000000,0.0000000000,0.0000000000,0.0000000000,0.0000000000,0.0000000000,0.0000000000,0.0000000000,0.0000000000
2026-01-17,0.0000000000,0.0000000000,0.0000000000,0.0000000000,0.0000000000,0.0000000000,0.0000000000,0.0000000000,0.0000000000
2026-01-18,0.0000000000,0.0000000000,0.0000000000,0.0000000000,0.0000000000,0.0000000000,0.0000000000,0.0000000000,0.0000000000
2026-01-19,0.0000000000,0.0000000000,0.0000000000,0.0000000000,0.0000000000,0.0000000000,0.0000000000,0.0000000000,0.0000000000
2026-01-20,0.0000000000,0.0000000000,0.0000000000,0.0000000000,0.0000000000,0.0000000000,0.0000000000,0.0000000000,0.0000000000
2026-01-21,0.1115698823,0.0000000000,0.0000000000,0.0000000000,0.1115698823,0.0000557849,0.0000000000,0.0000000000,0.0000557849
2026-01-22,0.0000000000,0.0000000000,0.0000000000,0.0000000000,0.0000000000,0.0000000000,0.0000000000,0.0000000000,0.0000000000
2026-01-23,0.0000000000,0.0000000000,0.0000000000,0.0000000000,0.0000000000,0.0000000000,0.0000000000,0.0000000000,0.0000000000
2026-01-24,0.0000000000,0.0000000000,0.0000000000,0.0000000000,0.0000000000,0.0000000000,0.0000000000,0.0000000000,0.0000000000
2026-01-25,0.0000000000,0.0000000000,0.0000000000,0.0000000000,0.0000000000,0.0000000000,0.0000000000,0.0000000000,0.0000000000
2026-01-26,0.1594367445,0.0000000000,0.0000000000,0.0000000000,0.1594367445,0.0000797184,0.0000000000,0.0000000000,0.0000797184
2026-01-27,0.0000000000,0.0000000000,0.0000000000,0.0000000000,0.0000000000,0.0000000000,0.0000000000,0.0000000000,0.0000000000
2026-01-28,0.0759548615,0.0000000000,0.0000000000,0.0000000000,0.0759548615,0.0000379774,0.0000000000,0.0000000000,0.0000379774
2026-01-29,0.0000000000,0.0000000000,0.0000000000,0.0000000000,0.0000000000,0.0000000000,0.0000000000,0.0000000000,0.0000000000
2026-01-30,0.1411236476,0.0000000000,0.0000000000,0.0000000000,0.1411236476,0.0000705618,0.0000000000,0.0000000000,0.0000705618
2026-01-31,0.0000000000,0.0000000000,0.0000000000,0.0000000000,0.0000000000,0.0000000000,0.0000000000,0.0000000000,0.0000000000
2026-02-01,0.0000000000,0.0000000000,0.0000000000,0.0000000000,0.0000000000,0.0000000000,0.0000000000,0.0000000000,0.0000000000
2026-02-02,0.0000000000,0.0000000000,0.0000000000,0.0000000000,0.0000000000,0.0000000000,0.0000000000,0.0000000000,0.0000000000
2026-02-03,0.0000000000,0.0000000000,0.0000000000,0.0000000000,0.0000000000,0.0000000000,0.0000000000,0.0000000000,0.0000000000
2026-02-04,0.0000000000,0.0000000000,0.0000000000,0.0000000000,0.0000000000,0.0000000000,0.0000000000,0.0000000000,0.0000000000
2026-02-05,0.0000000000,0.0000000000,0.0000000000,0.0000000000,0.0000000000,0.0000000000,0.0000000000,0.0000000000,0.0000000000
2026-02-06,0.0000000000,0.0000000000,0.0000000000,0.0000000000,0.0000000000,0.0000000000,0.0000000000,0.0000000000,0.0000000000
2026-02-07,0.0000000000,0.0000000000,0.0000000000,0.0000000000,0.0000000000,0.0000000000,0.0000000000,0.0000000000,0.0000000000
2026-02-08,0.0000000000,0.0000000000,0.0000000000,0.0000000000,0.0000000000,0.0000000000,0.0000000000,0.0000000000,0.0000000000
2026-02-09,0.0000000000,0.0000000000,0.0000000000,0.0000000000,0.0000000000,0.0000000000,0.0000000000,0.0000000000,0.0000000000
2026-02-10,0.0000000000,0.0000000000,0.0000000000,0.0000000000,0.0000000000,0.0000000000,0.0000000000,0.0000000000,0.0000000000
2026-02-11,0.0000000000,0.0000000000,0.0000000000,0.0000000000,0.0000000000,0.0000000000,0.0000000000,0.0000000000,0.0000000000
2026-02-12,0.0000000000,0.0000000000,0.0000000000,0.0000000000,0.0000000000,0.0000000000,0.0000000000,0.0000000000,0.0000000000
2026-02-13,0.0000000000,0.0000000000,0.0000000000,0.0000000000,0.0000000000,0.0000000000,0.0000000000,0.0000000000,0.0000000000
2026-02-14,0.0000000000,0.0000000000,0.0000000000,0.0000000000,0.0000000000,0.0000000000,0.0000000000,0.0000000000,0.0000000000
2026-02-15,0.0000000000,0.0000000000,0.0000000000,0.0000000000,0.0000000000,0.0000000000,0.0000000000,0.0000000000,0.0000000000
2026-02-16,0.0000000000,0.0000000000,0.0000000000,0.0000000000,0.0000000000,0.0000000000,0.0000000000,0.0000000000,0.0000000000
2026-02-17,0.0000000000,0.0000000000,0.0000000000,0.0000000000,0.0000000000,0.0000000000,0.0000000000,0.0000000000,0.0000000000
2026-02-18,0.0000000000,0.0000000000,0.0000000000,0.0000000000,0.0000000000,0.0000000000,0.0000000000,0.0000000000,0.0000000000
2026-02-19,0.0000000000,0.0000000000,0.0000000000,0.0000000000,0.0000000000,0.0000000000,0.0000000000,0.0000000000,0.0000000000
2026-02-20,0.0000000000,0.0000000000,0.0000000000,0.0000000000,0.0000000000,0.0000000000,0.0000000000,0.0000000000,0.0000000000
2026-02-21,0.0000000000,0.0000000000,0.0000000000,0.0000000000,0.0000000000,0.0000000000,0.0000000000,0.0000000000,0.0000000000
2026-02-22,0.0000000000,0.0000000000,0.0000000000,0.0000000000,0.0000000000,0.0000000000,0.0000000000,0.0000000000,0.0000000000
2026-02-23,0.0000000000,0.0000000000,0.0000000000,0.0000000000,0.0000000000,0.0000000000,0.0000000000,0.0000000000,0.0000000000
2026-02-24,0.0000000000,0.0000000000,0.0000000000,0.0000000000,0.0000000000,0.0000000000,0.0000000000,0.0000000000,0.0000000000
2026-02-25,0.0000000000,0.0000000000,0.0000000000,0.0000000000,0.0000000000,0.0000000000,0.0000000000,0.0000000000,0.0000000000
2026-02-26,0.0000000000,0.0000000000,0.0000000000,0.0000000000,0.0000000000,0.0000000000,0.0000000000,0.0000000000,0.0000000000
2026-02-27,0.0000000000,0.0000000000,0.0000000000,0.0000000000,0.0000000000,0.0000000000,0.0000000000,0.0000000000,0.0000000000
2026-02-28,0.0000000000,0.0000000000,0.0000000000,0.0000000000,0.0000000000,0.0000000000,0.0000000000,0.0000000000,0.0000000000
2026-03-01,0.0000000000,0.0000000000,0.0000000000,0.0000000000,0.0000000000,0.0000000000,0.0000000000,0.0000000000,0.0000000000
2026-03-02,0.0000000000,0.0000000000,0.0000000000,0.0000000000,0.0000000000,0.0000000000,0.0000000000,0.0000000000,0.0000000000
2026-03-03,0.0000000000,0.0000000000,0.0000000000,0.0000000000,0.0000000000,0.0000000000,0.0000000000,0.0000000000,0.0000000000
2026-03-04,0.0000000000,0.0000000000,0.0000000000,0.0000000000,0.0000000000,0.0000000000,0.0000000000,0.0000000000,0.0000000000
2026-03-05,0.0000000000,0.0000000000,0.0000000000,0.0000000000,0.0000000000,0.0000000000,0.0000000000,0.0000000000,0.0000000000
2026-03-06,0.0000000000,0.0000000000,0.0000000000,0.0000000000,0.0000000000,0.0000000000,0.0000000000,0.0000000000,0.0000000000
2026-03-07,0.0000000000,0.0000000000,0.0000000000,0.0000000000,0.0000000000,0.0000000000,0.0000000000,0.0000000000,0.0000000000
2026-03-08,0.0000000000,0.0000000000,0.0000000000,0.0000000000,0.0000000000,0.0000000000,0.0000000000,0.0000000000,0.0000000000
2026-03-09,0.0000000000,0.0000000000,0.0000000000,0.0000000000,0.0000000000,0.0000000000,0.0000000000,0.0000000000,0.0000000000
2026-03-10,0.0000000000,0.0000000000,0.0000000000,0.0000000000,0.0000000000,0.0000000000,0.0000000000,0.0000000000,0.0000000000
2026-03-11,0.0000000000,0.0000000000,0.0000000000,0.0000000000,0.0000000000,0.0000000000,0.0000000000,0.0000000000,0.0000000000
2026-03-12,0.0000000000,0.0000000000,0.0000000000,0.0000000000,0.0000000000,0.0000000000,0.0000000000,0.0000000000,0.0000000000
2026-03-13,0.0000000000,0.0000000000,0.0000000000,0.0000000000,0.0000000000,0.0000000000,0.0000000000,0.0000000000,0.0000000000
2026-03-14,0.0000000000,0.0000000000,0.0000000000,0.0000000000,0.0000000000,0.0000000000,0.0000000000,0.0000000000,0.0000000000
2026-03-15,0.0000000000,0.0000000000,0.0000000000,0.0000000000,0.0000000000,0.0000000000,0.0000000000,0.0000000000,0.0000000000
2026-03-16,0.0567450187,0.0000000000,0.0000000000,0.0000000000,0.0567450187,0.0000283725,0.0000000000,0.0000000000,0.0000283725
2026-03-17,0.0000000000,0.0000000000,0.0000000000,0.0000000000,0.0000000000,0.0000000000,0.0000000000,0.0000000000,0.0000000000
2026-03-18,0.0000000000,0.0000000000,0.0000000000,0.0000000000,0.0000000000,0.0000000000,0.0000000000,0.0000000000,0.0000000000
2026-03-19,0.0659467242,0.0000000000,0.0000000000,0.0000000000,0.0659467242,0.0000329734,0.0000000000,0.0000000000,0.0000329734
2026-03-20,0.0000000000,0.0000000000,0.0000000000,0.0000000000,0.0000000000,0.0000000000,0.0000000000,0.0000000000,0.0000000000
2026-03-21,0.0000000000,0.0000000000,0.0000000000,0.0000000000,0.0000000000,0.0000000000,0.0000000000,0.0000000000,0.0000000000
2026-03-22,0.0000000000,0.0000000000,0.0000000000,0.0000000000,0.0000000000,0.0000000000,0.0000000000,0.0000000000,0.0000000000
2026-03-23,0.0000000000,0.0000000000,0.0000000000,0.0000000000,0.0000000000,0.0000000000,0.0000000000,0.0000000000,0.0000000000
2026-03-24,0.0000000000,0.0000000000,0.0000000000,0.0000000000,0.0000000000,0.0000000000,0.0000000000,0.0000000000,0.0000000000
2026-03-25,0.0000000000,0.0000000000,0.0000000000,0.0000000000,0.0000000000,0.0000000000,0.0000000000,0.0000000000,0.0000000000
2026-03-26,0.0000000000,0.0000000000,0.0000000000,0.0000000000,0.0000000000,0.0000000000,0.0000000000,0.0000000000,0.0000000000
2026-03-27,0.0000000000,0.0000000000,0.0000000000,0.0000000000,0.0000000000,0.0000000000,0.0000000000,0.0000000000,0.0000000000
2026-03-28,0.0000000000,0.0000000000,0.0000000000,0.0000000000,0.0000000000,0.0000000000,0.0000000000,0.0000000000,0.0000000000
2026-03-29,0.0000000000,0.0000000000,0.0000000000,0.0000000000,0.0000000000,0.0000000000,0.0000000000,0.0000000000,0.0000000000
2026-03-30,0.0000000000,0.0000000000,0.0000000000,0.0000000000,0.0000000000,0.0000000000,0.0000000000,0.0000000000,0.0000000000
2026-03-31,0.0000000000,0.0000000000,0.0000000000,0.0000000000,0.0000000000,0.0000000000,0.0000000000,0.0000000000,0.0000000000
2026-04-01,0.0000000000,0.0000000000,0.0000000000,0.0000000000,0.0000000000,0.0000000000,0.0000000000,0.0000000000,0.0000000000
2026-04-02,0.0000000000,0.0000000000,0.0000000000,0.0000000000,0.0000000000,0.0000000000,0.0000000000,0.0000000000,0.0000000000
2026-04-03,0.0000000000,0.0000000000,0.0000000000,0.0000000000,0.0000000000,0.0000000000,0.0000000000,0.0000000000,0.0000000000
2026-04-04,0.0000000000,0.0000000000,0.0000000000,0.0000000000,0.0000000000,0.0000000000,0.0000000000,0.0000000000,0.0000000000
2026-04-05,0.0000000000,0.0000000000,0.0000000000,0.0000000000,0.0000000000,0.0000000000,0.0000000000,0.0000000000,0.0000000000
2026-04-06,0.0000000000,0.0000000000,0.0000000000,0.0000000000,0.0000000000,0.0000000000,0.0000000000,0.0000000000,0.0000000000
2026-04-07,0.1133607404,0.0000000000,0.0000000000,0.0000000000,0.1133607404,0.0000566804,0.0000000000,0.0000000000,0.0000566804
2026-04-08,0.0000000000,0.0000000000,0.0000000000,0.0000000000,0.0000000000,0.0000000000,0.0000000000,0.0000000000,0.0000000000
2026-04-09,0.0000000000,0.0000000000,0.0000000000,0.0000000000,0.0000000000,0.0000000000,0.0000000000,0.0000000000,0.0000000000
2026-04-10,0.0000000000,0.0000000000,0.0000000000,0.0000000000,0.0000000000,0.0000000000,0.0000000000,0.0000000000,0.0000000000
2026-04-11,0.0864485247,0.0000000000,0.0000000000,0.0000000000,0.0864485247,0.0000432243,0.0000000000,0.0000000000,0.0000432243
2026-04-12,0.0000000000,0.0000000000,0.0000000000,0.0000000000,0.0000000000,0.0000000000,0.0000000000,0.0000000000,0.0000000000
2026-04-13,0.0000000000,0.0000000000,0.0000000000,0.0000000000,0.0000000000,0.0000000000,0.0000000000,0.0000000000,0.0000000000
2026-04-14,0.0787896030,0.0000000000,0.0000000000,0.0000000000,0.0787896030,0.0000393948,0.0000000000,0.0000000000,0.0000393948
2026-04-15,0.0000000000,0.0000000000,0.0000000000,0.0000000000,0.0000000000,0.0000000000,0.0000000000,0.0000000000,0.0000000000
2026-04-16,0.0000000000,0.0000000000,0.0000000000,0.0000000000,0.0000000000,0.0000000000,0.0000000000,0.0000000000,0.0000000000
2026-04-17,0.0000000000,0.0000000000,0.0000000000,0.0000000000,0.0000000000,0.0000000000,0.0000000000,0.0000000000,0.0000000000
2026-04-18,0.0801780215,0.0000000000,0.0000000000,0.0000000000,0.0801780215,0.0000400890,0.0000000000,0.0000000000,0.0000400890
2026-04-19,0.0000000000,0.0000000000,0.0000000000,0.0000000000,0.0000000000,0.0000000000,0.0000000000,0.0000000000,0.0000000000
2026-04-20,0.0643474676,0.0000000000,0.0000000000,0.0000000000,0.0643474676,0.0000321737,0.0000000000,0.0000000000,0.0000321737
2026-04-21,0.0000000000,0.0000000000,0.0000000000,0.0000000000,0.0000000000,0.0000000000,0.0000000000,0.0000000000,0.0000000000
2026-04-22,0.0000000000,0.0000000000,0.0000000000,0.0000000000,0.0000000000,0.0000000000,0.0000000000,0.0000000000,0.0000000000
2026-04-23,0.0830500771,0.0000000000,0.0000000000,0.0000000000,0.0830500771,0.0000415250,0.0000000000,0.0000000000,0.0000415250
2026-04-24,0.0000000000,0.0000000000,0.0000000000,0.0000000000,0.0000000000,0.0000000000,0.0000000000,0.0000000000,0.0000000000
2026-04-25,0.0000000000,0.0000000000,0.0000000000,0.0000000000,0.0000000000,0.0000000000,0.0000000000,0.0000000000,0.0000000000
2026-04-26,0.0000000000,0.0000000000,0.0000000000,0.0000000000,0.0000000000,0.0000000000,0.0000000000,0.0000000000,0.0000000000
2026-04-27,0.0000000000,0.0000000000,0.0000000000,0.0000000000,0.0000000000,0.0000000000,0.0000000000,0.0000000000,0.0000000000
2026-04-28,0.0000000000,0.0000000000,0.0000000000,0.0000000000,0.0000000000,0.0000000000,0.0000000000,0.0000000000,0.0000000000
2026-04-29,0.0000000000,0.0000000000,0.0000000000,0.0000000000,0.0000000000,0.0000000000,0.0000000000,0.0000000000,0.0000000000
2026-04-30,0.0615587548,0.0000000000,0.0000000000,0.0000000000,0.0615587548,0.0000307794,0.0000000000,0.0000000000,0.0000307794
2026-05-01,0.0000000000,0.0000000000,0.0000000000,0.0000000000,0.0000000000,0.0000000000,0.0000000000,0.0000000000,0.0000000000
2026-05-02,0.0000000000,0.0000000000,0.0000000000,0.0000000000,0.0000000000,0.0000000000,0.0000000000,0.0000000000,0.0000000000
2026-05-03,0.0531657696,0.0000000000,0.0000000000,0.0000000000,0.0531657696,0.0000265829,0.0000000000,0.0000000000,0.0000265829
2026-05-04,0.0541810304,0.0000000000,0.0000000000,0.0000000000,0.0541810304,0.0000270905,0.0000000000,0.0000000000,0.0000270905
2026-05-05,0.0000000000,0.0000000000,0.0000000000,0.0000000000,0.0000000000,0.0000000000,0.0000000000,0.0000000000,0.0000000000
2026-05-06,0.0684188945,0.0000000000,0.0000000000,0.0000000000,0.0684188945,0.0000342094,0.0000000000,0.0000000000,0.0000342094
2026-05-07,0.0046257335,0.4176646676,0.0000000000,0.4176646676,0.4222904011,0.0000023129,0.0002088323,0.0000000000,0.0002111452
2026-05-08,0.0400194704,0.4176646676,0.0000000000,0.4176646676,0.4576841380,0.0000200097,0.0002088323,0.0000000000,0.0002288421
2026-05-09,0.0000000000,0.0000000000,0.0000000000,0.0000000000,0.0000000000,0.0000000000,0.0000000000,0.0000000000,0.0000000000
2026-05-10,0.0000000000,0.0000000000,0.0000000000,0.0000000000,0.0000000000,0.0000000000,0.0000000000,0.0000000000,0.0000000000
2026-05-11,0.0699237088,0.4475689060,0.0000000000,0.4475689060,0.5174926148,0.0000349619,0.0002237845,0.0000000000,0.0002587463
2026-05-12,0.0975112497,0.4475689060,0.0000000000,0.4475689060,0.5450801557,0.0000487556,0.0002237845,0.0000000000,0.0002725401
2026-05-13,0.0576144509,0.0000000000,0.0000000000,0.0000000000,0.0576144509,0.0000288072,0.0000000000,0.0000000000,0.0000288072
2026-05-14,0.0705169688,0.0000000000,0.0000000000,0.0000000000,0.0705169688,0.0000352585,0.0000000000,0.0000000000,0.0000352585
2026-05-15,0.0000000000,0.0000000000,0.0000000000,0.0000000000,0.0000000000,0.0000000000,0.0000000000,0.0000000000,0.0000000000
2026-05-16,0.0000000000,0.0000000000,0.0000000000,0.0000000000,0.0000000000,0.0000000000,0.0000000000,0.0000000000,0.0000000000
2026-05-17,0.0866951012,0.0000000000,0.0000000000,0.0000000000,0.0866951012,0.0000433476,0.0000000000,0.0000000000,0.0000433476
2026-05-18,0.0000000000,0.0000000000,0.0000000000,0.0000000000,0.0000000000,0.0000000000,0.0000000000,0.0000000000,0.0000000000
2026-05-19,0.0613309918,0.0000000000,0.0000000000,0.0000000000,0.0613309918,0.0000306655,0.0000000000,0.0000000000,0.0000306655
2026-05-20,0.0000000000,0.0000000000,0.0000000000,0.0000000000,0.0000000000,0.0000000000,0.0000000000,0.0000000000,0.0000000000
2026-05-21,0.0636269295,0.0000000000,0.0000000000,0.0000000000,0.0636269295,0.0000318135,0.0000000000,0.0000000000,0.0000318135
2026-05-22,0.0000000000,0.0000000000,0.0000000000,0.0000000000,0.0000000000,0.0000000000,0.0000000000,0.0000000000,0.0000000000
2026-05-23,0.1459126676,0.0000000000,0.0000000000,0.0000000000,0.1459126676,0.0000729563,0.0000000000,0.0000000000,0.0000729563
2026-05-24,0.0598064196,0.0000000000,0.0000000000,0.0000000000,0.0598064196,0.0000299032,0.0000000000,0.0000000000,0.0000299032
2026-05-25,0.0000000000,0.0000000000,0.0000000000,0.0000000000,0.0000000000,0.0000000000,0.0000000000,0.0000000000,0.0000000000
2026-05-26,0.0000000000,0.0000000000,0.0000000000,0.0000000000,0.0000000000,0.0000000000,0.0000000000,0.0000000000,0.0000000000
2026-05-27,0.0000000000,0.0000000000,0.0000000000,0.0000000000,0.0000000000,0.0000000000,0.0000000000,0.0000000000,0.0000000000
2026-05-28,0.0000000000,0.0000000000,0.0000000000,0.0000000000,0.0000000000,0.0000000000,0.0000000000,0.0000000000,0.0000000000
2026-05-29,0.0654512725,0.0000000000,0.0000000000,0.0000000000,0.0654512725,0.0000327256,0.0000000000,0.0000000000,0.0000327256
2026-05-30,0.0000000000,0.0000000000,0.0000000000,0.0000000000,0.0000000000,0.0000000000,0.0000000000,0.0000000000,0.0000000000
2026-05-31,0.0000000000,0.0000000000,0.0000000000,0.0000000000,0.0000000000,0.0000000000,0.0000000000,0.0000000000,0.0000000000
2026-06-01,0.0000000000,0.0000000000,0.0000000000,0.0000000000,0.0000000000,0.0000000000,0.0000000000,0.0000000000,0.0000000000
2026-06-02,0.0000000000,0.0000000000,0.0000000000,0.0000000000,0.0000000000,0.0000000000,0.0000000000,0.0000000000,0.0000000000
2026-06-03,0.1312364905,0.0000000000,0.0000000000,0.0000000000,0.1312364905,0.0000656182,0.0000000000,0.0000000000,0.0000656182
2026-06-04,0.0751534295,0.0000000000,0.0000000000,0.0000000000,0.0751534295,0.0000375767,0.0000000000,0.0000000000,0.0000375767
2026-06-05,0.0000000000,0.0000000000,0.0000000000,0.0000000000,0.0000000000,0.0000000000,0.0000000000,0.0000000000,0.0000000000
2026-06-06,0.0000000000,0.0000000000,0.0000000000,0.0000000000,0.0000000000,0.0000000000,0.0000000000,0.0000000000,0.0000000000
2026-06-07,0.0000000000,0.0000000000,0.0000000000,0.0000000000,0.0000000000,0.0000000000,0.0000000000,0.0000000000,0.0000000000
2026-06-08,0.0000000000,0.0000000000,0.0000000000,0.0000000000,0.0000000000,0.0000000000,0.0000000000,0.0000000000,0.0000000000
2026-06-09,0.0000000000,0.0000000000,0.0000000000,0.0000000000,0.0000000000,0.0000000000,0.0000000000,0.0000000000,0.0000000000
2026-06-10,0.0000000000,0.0000000000,0.0000000000,0.0000000000,0.0000000000,0.0000000000,0.0000000000,0.0000000000,0.0000000000
2026-06-11,0.0000000000,0.0000000000,0.0000000000,0.0000000000,0.0000000000,0.0000000000,0.0000000000,0.0000000000,0.0000000000
2026-06-12,0.0000000000,0.0000000000,0.0000000000,0.0000000000,0.0000000000,0.0000000000,0.0000000000,0.0000000000,0.0000000000
2026-06-13,0.0000000000,0.0000000000,0.0000000000,0.0000000000,0.0000000000,0.0000000000,0.0000000000,0.0000000000,0.0000000000
2026-06-14,0.0000000000,0.0000000000,0.0000000000,0.0000000000,0.0000000000,0.0000000000,0.0000000000,0.0000000000,0.0000000000
2026-06-15,0.0000000000,0.0000000000,0.0000000000,0.0000000000,0.0000000000,0.0000000000,0.0000000000,0.0000000000,0.0000000000
2026-06-16,0.0000000000,0.0000000000,0.0000000000,0.0000000000,0.0000000000,0.0000000000,0.0000000000,0.0000000000,0.0000000000
2026-06-17,0.0000000000,0.0000000000,0.0000000000,0.0000000000,0.0000000000,0.0000000000,0.0000000000,0.0000000000,0.0000000000
2026-06-18,0.0000000000,0.0000000000,0.0000000000,0.0000000000,0.0000000000,0.0000000000,0.0000000000,0.0000000000,0.0000000000
2026-06-19,0.0000000000,0.0000000000,0.0000000000,0.0000000000,0.0000000000,0.0000000000,0.0000000000,0.0000000000,0.0000000000
2026-06-20,0.0000000000,0.0000000000,0.0000000000,0.0000000000,0.0000000000,0.0000000000,0.0000000000,0.0000000000,0.0000000000
2026-06-21,0.0000000000,0.0000000000,0.0000000000,0.0000000000,0.0000000000,0.0000000000,0.0000000000,0.0000000000,0.0000000000
2026-06-22,0.0000000000,0.0000000000,0.0000000000,0.0000000000,0.0000000000,0.0000000000,0.0000000000,0.0000000000,0.0000000000
2026-06-23,0.0000000000,0.0000000000,0.0000000000,0.0000000000,0.0000000000,0.0000000000,0.0000000000,0.0000000000,0.0000000000
2026-06-24,0.0000000000,0.0000000000,0.0000000000,0.0000000000,0.0000000000,0.0000000000,0.0000000000,0.0000000000,0.0000000000
2026-06-25,0.0000000000,0.0000000000,0.0000000000,0.0000000000,0.0000000000,0.0000000000,0.0000000000,0.0000000000,0.0000000000
2026-06-26,0.0000000000,0.0000000000,0.0000000000,0.0000000000,0.0000000000,0.0000000000,0.0000000000,0.0000000000,0.0000000000
2026-06-27,0.0000000000,0.0000000000,0.0000000000,0.0000000000,0.0000000000,0.0000000000,0.0000000000,0.0000000000,0.0000000000
2026-06-28,0.0000000000,0.0000000000,0.0000000000,0.0000000000,0.0000000000,0.0000000000,0.0000000000,0.0000000000,0.0000000000
2026-06-29,0.0000000000,0.0000000000,0.0000000000,0.0000000000,0.0000000000,0.0000000000,0.0000000000,0.0000000000,0.0000000000
2026-06-30,0.0000000000,0.0000000000,0.0000000000,0.0000000000,0.0000000000,0.0000000000,0.0000000000,0.0000000000,0.0000000000
2026-07-01,0.0000000000,0.0000000000,0.0000000000,0.0000000000,0.0000000000,0.0000000000,0.0000000000,0.0000000000,0.0000000000
2026-07-02,0.0000000000,0.0000000000,0.0000000000,0.0000000000,0.0000000000,0.0000000000,0.0000000000,0.0000000000,0.0000000000
2026-07-03,0.0000000000,0.0000000000,0.0000000000,0.0000000000,0.0000000000,0.0000000000,0.0000000000,0.0000000000,0.0000000000
2026-07-04,0.0000000000,0.0000000000,0.0000000000,0.0000000000,0.0000000000,0.0000000000,0.0000000000,0.0000000000,0.0000000000
2026-07-05,0.0000000000,0.0000000000,0.0000000000,0.0000000000,0.0000000000,0.0000000000,0.0000000000,0.0000000000,0.0000000000
2026-07-06,0.0000000000,0.0000000000,0.0000000000,0.0000000000,0.0000000000,0.0000000000,0.0000000000,0.0000000000,0.0000000000
2026-07-07,0.0798574506,0.0000000000,0.0000000000,0.0000000000,0.0798574506,0.0000399287,0.0000000000,0.0000000000,0.0000399287
2026-07-08,0.0000000000,0.0000000000,0.0000000000,0.0000000000,0.0000000000,0.0000000000,0.0000000000,0.0000000000,0.0000000000
2026-07-09,0.0675864793,0.0000000000,0.0000000000,0.0000000000,0.0675864793,0.0000337932,0.0000000000,0.0000000000,0.0000337932
2026-07-10,0.0000000000,0.0000000000,0.0000000000,0.0000000000,0.0000000000,0.0000000000,0.0000000000,0.0000000000,0.0000000000
2026-07-11,0.0000000000,0.0000000000,0.0000000000,0.0000000000,0.0000000000,0.0000000000,0.0000000000,0.0000000000,0.0000000000
2026-07-12,0.0000000000,0.0000000000,0.0000000000,0.0000000000,0.0000000000,0.0000000000,0.0000000000,0.0000000000,0.0000000000
2026-07-13,0.0000000000,0.0000000000,0.0000000000,0.0000000000,0.0000000000,0.0000000000,0.0000000000,0.0000000000,0.0000000000
2026-07-14,0.0000000000,0.0000000000,0.0000000000,0.0000000000,0.0000000000,0.0000000000,0.0000000000,0.0000000000,0.0000000000
2026-07-15,0.1028176483,0.0000000000,0.0000000000,0.0000000000,0.1028176483,0.0000514088,0.0000000000,0.0000000000,0.0000514088
2026-07-16,0.0000000000,0.0000000000,0.0000000000,0.0000000000,0.0000000000,0.0000000000,0.0000000000,0.0000000000,0.0000000000
2026-07-17,0.0000000000,0.0000000000,0.0000000000,0.0000000000,0.0000000000,0.0000000000,0.0000000000,0.0000000000,0.0000000000
2026-07-18,0.0000000000,0.0000000000,0.0000000000,0.0000000000,0.0000000000,0.0000000000,0.0000000000,0.0000000000,0.0000000000
2026-07-19,0.0811887729,0.0000000000,0.0000000000,0.0000000000,0.0811887729,0.0000405944,0.0000000000,0.0000000000,0.0000405944
2026-07-20,0.0000000000,0.0000000000,0.0000000000,0.0000000000,0.0000000000,0.0000000000,0.0000000000,0.0000000000,0.0000000000
2026-07-21,0.0560369056,0.0000000000,0.0000000000,0.0000000000,0.0560369056,0.0000280185,0.0000000000,0.0000000000,0.0000280185
2026-07-22,0.0000000000,0.0000000000,0.0000000000,0.0000000000,0.0000000000,0.0000000000,0.0000000000,0.0000000000,0.0000000000
2026-07-23,0.0000000000,0.0000000000,0.0000000000,0.0000000000,0.0000000000,0.0000000000,0.0000000000,0.0000000000,0.0000000000
2026-07-24,0.0919886807,0.0000000000,0.0000000000,0.0000000000,0.0919886807,0.0000459943,0.0000000000,0.0000000000,0.0000459943
2026-07-25,0.0000000000,0.0000000000,0.0000000000,0.0000000000,0.0000000000,0.0000000000,0.0000000000,0.0000000000,0.0000000000
2026-07-26,0.0000000000,0.0000000000,0.0000000000,0.0000000000,0.0000000000,0.0000000000,0.0000000000,0.0000000000,0.0000000000
2026-07-27,0.0519388508,0.0000000000,0.0000000000,0.0000000000,0.0519388508,0.0000259694,0.0000000000,0.0000000000,0.0000259694
2026-07-28,0.0511883832,0.0000000000,0.0000000000,0.0000000000,0.0511883832,0.0000255942,0.0000000000,0.0000000000,0.0000255942
2026-07-29,0.0000000000,0.0000000000,0.0000000000,0.0000000000,0.0000000000,0.0000000000,0.0000000000,0.0000000000,0.0000000000
2026-07-30,0.0000000000,0.0000000000,0.0000000000,0.0000000000,0.0000000000,0.0000000000,0.0000000000,0.0000000000,0.0000000000
2026-07-31,0.0000000000,0.0000000000,0.0000000000,0.0000000000,0.0000000000,0.0000000000,0.0000000000,0.0000000000,0.0000000000
2026-08-01,0.0522701787,0.0000000000,0.0000000000,0.0000000000,0.0522701787,0.0000261351,0.0000000000,0.0000000000,0.0000261351
2026-08-02,0.0000000000,0.0000000000,0.0000000000,0.0000000000,0.0000000000,0.0000000000,0.0000000000,0.0000000000,0.0000000000
