symbol,entry_date,signal_date,entry_weight,entry_rank_position,entry_rank_score,entry_quote_volume,listing_age_days,current_status,eligible_h1,top2_h1,score_change_h1,forward_return_h1,eligible_h3,top2_h3,score_change_h3,forward_return_h3,eligible_h7,top2_h7,score_change_h7,forward_return_h7,eligible_h14,top2_h14,score_change_h14,forward_return_h14,eligible_h30,top2_h30,score_change_h30,forward_return_h30,listing_age_cohort,quote_volume_cohort
AAVEUSDT,2023-12-29,2023-12-28,0.2481862405,2.0000000000,0.9230226174,83284523.9288800061,972,TRADING,True,False,-0.1617349032,-0.0539199192,True,False,-0.2737625178,-0.0857166891,False,False,-0.6344640407,-0.1271029610,True,False,-0.5563139872,-0.0778095559,False,False,-0.9125279058,-0.2294751009,730-1459d,25-100m
AAVEUSDT,2024-08-14,2024-08-13,0.0935929449,2.0000000000,0.2906832011,25625096.9209299982,1201,TRADING,True,True,0.1448369922,0.0842708120,True,True,0.2393443542,0.1522806300,True,True,0.3330980876,0.3181632236,True,True,0.1161829434,0.2270402945,True,False,0.1607312040,0.4830231131,730-1459d,25-100m
AAVEUSDT,2024-08-22,2024-08-21,0.1739788611,2.0000000000,0.6671434270,90097356.3519600034,1209,TRADING,True,True,-0.0264309249,-0.0308219178,True,True,-0.1194571161,-0.0224029680,True,True,-0.1853759650,-0.1045234018,True,True,-0.1364365347,-0.0348886986,True,False,-0.0927819002,0.0945348174,730-1459d,25-100m
AAVEUSDT,2024-08-28,2024-08-27,0.1317890885,2.0000000000,0.4068661446,30770733.5813100003,1215,TRADING,True,True,0.0749013174,0.0460910152,True,True,0.1664205941,0.0935155859,True,True,0.0393676978,-0.0100016669,True,True,0.1152319306,0.2551258543,True,False,0.2513214795,0.3769794966,730-1459d,25-100m
AAVEUSDT,2024-08-31,2024-08-30,0.1596503864,2.0000000000,0.5732867387,31862339.7917999998,1218,TRADING,False,False,0.0313565253,-0.0113567073,True,True,0.0486294326,0.0282012195,True,True,-0.1008094366,-0.0331554878,True,True,-0.1093700399,0.1000762195,False,False,0.0367175041,0.2309451220,730-1459d,25-100m
AAVEUSDT,2024-09-03,2024-09-02,0.1731068992,2.0000000000,0.6219161713,37424833.7537799999,1221,TRADING,True,True,-0.1756823289,-0.1194959229,True,True,-0.1155486977,-0.0440326168,True,True,-0.1523653006,0.0375833951,True,True,-0.1108462180,0.0400296516,True,False,-0.1990597713,0.0314306894,730-1459d,25-100m
AAVEUSDT,2024-09-10,2024-09-09,0.1912934531,2.0000000000,0.4695508706,63020745.1867000014,1228,TRADING,True,True,0.0525472046,0.0758734014,True,False,-0.0181364655,0.0360077159,True,True,0.0415190827,0.0023576481,True,False,0.2249150229,0.2284775309,False,False,0.2954149033,-0.0037865257,730-1459d,25-100m
AAVEUSDT,2024-09-19,2024-09-18,0.2254491295,2.0000000000,0.4777215781,33272536.5321299993,1237,TRADING,True,True,0.0571479898,0.0608069977,False,False,0.1286475917,0.0903639955,True,True,0.1751161299,0.1643623025,True,False,-0.0548651781,-0.0184819413,False,False,0.2289655671,0.1216139955,730-1459d,25-100m
AAVEUSDT,2024-09-23,2024-09-22,0.1971621242,2.0000000000,0.6199974072,51766410.2572100013,1241,TRADING,True,False,0.0744684864,0.0606995250,True,True,0.0328403008,0.0181975202,False,False,-0.0099931643,-0.0037628771,False,False,0.1788777277,-0.0739621245,False,False,0.0046669280,-0.0582320646,730-1459d,25-100m
AAVEUSDT,2024-09-26,2024-09-25,0.1943450166,2.0000000000,0.6528377080,38546037.2933899984,1244,TRADING,True,False,0.0053499161,0.0009087605,False,False,0.0137046342,-0.0068459954,True,False,-0.2299813080,-0.1570338059,False,False,0.1121280659,-0.1552162850,False,False,-0.3123919232,-0.1633345450,730-1459d,25-100m
AAVEUSDT,2024-10-04,2024-10-03,0.0810029510,2.0000000000,0.5936718261,48397771.5711100027,1252,TRADING,True,True,0.2087677694,0.0523203228,False,False,0.2052033087,0.0444583594,True,False,0.2433727174,-0.0210811939,False,False,0.0264974312,0.0654699784,False,False,-0.3683292523,-0.0369442705,730-1459d,25-100m
AAVEUSDT,2024-10-08,2024-10-07,0.1069048676,2.0000000000,0.7863995098,28906156.7131800018,1256,TRADING,False,False,-0.0231440724,-0.0240659940,True,False,0.0506450336,-0.0407690210,True,True,0.0554540909,0.1107853831,False,False,-0.1861347995,0.0447913826,True,False,-0.3762833441,0.1842787019,730-1459d,25-100m
AAVEUSDT,2024-10-13,2024-10-12,0.1125950228,2.0000000000,0.8801160972,26208558.1381400004,1261,TRADING,False,False,-0.1225840352,-0.0005816584,True,True,-0.1847364310,0.0133135139,False,False,-0.2121316151,0.0221030182,False,False,-0.4356280840,-0.0778129645,True,False,-0.5314885097,0.2503716151,730-1459d,25-100m
AAVEUSDT,2024-10-15,2024-10-14,0.1264726222,2.0000000000,0.8418536008,34740088.2463499978,1263,TRADING,True,True,-0.1464739345,-0.0376848954,False,False,-0.2216843435,-0.0600871540,False,False,-0.2415888904,-0.0594120174,False,False,-0.2961993871,-0.0689866814,False,False,-0.6262438548,0.0630945805,730-1459d,25-100m
AAVEUSDT,2024-12-07,2024-12-06,0.2466954373,2.0000000000,0.6732758101,116977659.8949899971,1316,TRADING,True,True,0.0357758496,0.0015971606,True,True,0.0282065472,-0.0752085182,True,False,0.0358610151,0.3405501331,True,False,-0.0209358925,0.1691215617,True,False,-0.1910365273,0.2127772848,730-1459d,100-500m
AAVEUSDT,2024-12-23,2024-12-22,0.2308247526,2.0000000000,0.6062641048,93806513.9875500053,1332,TRADING,True,False,0.0058617304,0.2024014798,True,False,-0.0092003283,0.1599523466,True,False,-0.0682104857,0.0431702041,True,False,-0.1240248220,0.0712606201,True,False,-0.0026401786,0.1624917704,730-1459d,25-100m
AAVEUSDT,2025-05-20,2025-05-19,0.2301112522,2.0000000000,0.2150493417,67025244.8293099999,1480,TRADING,True,False,0.0033107122,0.0472231191,False,False,-0.0871239895,0.0366080077,True,True,0.0570043036,0.0797546012,True,True,0.1417828724,0.0405634485,True,True,0.2155886611,0.0456086535,1460d+,25-100m
AAVEUSDT,2025-05-25,2025-05-24,0.2222716309,2.0000000000,0.2204725694,76214135.8757099956,1485,TRADING,True,True,0.0575203054,0.0283750239,True,False,0.1275308401,0.0371204888,True,True,-0.0281633055,-0.0563681497,False,False,0.3477989137,-0.0168417033,True,False,0.0893947152,-0.0183692954,1460d+,25-100m
AAVEUSDT,2025-05-29,2025-05-28,0.2397062525,2.0000000000,0.3625475199,35214344.5519400015,1489,TRADING,True,False,-0.0793375382,-0.0565681724,True,True,-0.1702382561,-0.0675497189,True,True,0.0620084789,-0.0032454055,True,True,0.2974190597,0.1465715687,True,True,0.0339695950,-0.0216234575,1460d+,25-100m
AAVEUSDT,2025-05-31,2025-05-30,0.3500000000,1.0000000000,0.2572132822,53599877.1810899973,1491,TRADING,True,True,-0.0649040184,-0.0154207842,True,True,0.0996189319,0.0272951865,True,True,0.1624993252,-0.0002789289,True,True,0.3461291927,0.1602247370,True,True,0.2616761528,0.1101769206,1460d+,25-100m
AAVEUSDT,2025-06-07,2025-06-06,0.1329637367,2.0000000000,0.4197126074,33877411.6721300036,1498,TRADING,False,False,0.1485588757,0.0261070589,True,True,0.1301416757,0.1292199769,True,True,0.1836298676,0.1605484475,True,False,-0.0727190481,-0.0142692016,True,True,0.1064410183,0.1453226514,1460d+,25-100m
AAVEUSDT,2025-06-10,2025-06-09,0.3500000000,1.0000000000,0.5498542831,44123840.6367499977,1501,TRADING,True,False,0.1266395550,0.0883484522,True,True,0.0895367893,0.0374501430,True,True,-0.1009550772,-0.0289082630,True,False,-0.2399869985,-0.0927252833,True,True,0.1208877342,0.0648406339,1460d+,25-100m
AAVEUSDT,2025-06-12,2025-06-11,0.3500000000,1.0000000000,0.6599665796,67376948.6904100031,1503,TRADING,True,True,-0.0205755073,-0.0326169239,True,True,-0.2041547677,-0.0945265444,True,True,-0.2293285768,-0.1473521377,True,False,-0.2533875919,-0.1575881249,True,True,0.0894204932,-0.0211302373,1460d+,25-100m
AAVEUSDT,2025-06-25,2025-06-24,0.2574623513,1.0000000000,0.4419267134,54500031.0889599994,1516,TRADING,True,False,-0.0353477256,-0.0309329093,True,True,-0.0454095985,-0.0184007269,True,False,-0.0423865546,-0.0158640012,True,True,0.1327116579,0.1093442375,True,False,0.0541437492,0.0830304407,1460d+,25-100m
AAVEUSDT,2025-06-27,2025-06-26,0.1465972165,2.0000000000,0.3522934218,45839090.7990899980,1518,TRADING,True,True,0.0442236931,0.0357970435,True,True,0.1665960133,0.1131042749,True,False,0.0599791386,0.1161406312,True,True,0.4399319664,0.2335597283,False,False,0.1213618945,0.1782660807,1460d+,25-100m
AAVEUSDT,2025-06-30,2025-06-29,0.3500000000,1.0000000000,0.5188894351,39153522.5924199969,1521,TRADING,True,False,-0.1385206610,-0.0148235885,True,True,-0.1023583765,-0.0087936542,True,True,0.0072641907,0.0313700154,True,True,0.2343285301,0.0975916155,True,False,-0.1710372039,0.0134237823,1460d+,25-100m
AAVEUSDT,2025-07-03,2025-07-02,0.1420559839,2.0000000000,0.4165310586,48623385.6429300010,1524,TRADING,True,False,-0.0042584982,0.0116236964,False,False,0.0020165726,-0.0094148320,True,True,0.2542109587,0.0924101970,True,False,0.4881314969,0.1704446698,False,False,-0.4182615415,-0.0753186559,1460d+,25-100m
AAVEUSDT,2025-07-07,2025-07-06,0.1518457181,2.0000000000,0.5261536257,32122003.5145899989,1528,TRADING,True,True,-0.0325044745,-0.0143727162,True,True,0.1445883916,0.0498694971,True,True,0.2270643394,0.0642074126,True,False,0.3612314273,0.1286236297,False,False,-0.5306956128,-0.1112232469,1460d+,25-100m
ACHUSDT,2023-03-23,2023-03-22,0.2383847583,2.0000000000,0.3785561427,25909744.0035800003,437,TRADING,False,False,-0.0029496637,0.0148190368,False,False,-0.0292829378,-0.0723852950,False,False,0.0538472613,0.0304930180,False,False,0.0214036998,0.0635508692,False,False,-0.1240570333,-0.0638358507,365-729d,25-100m
ACHUSDT,2023-03-31,2023-03-30,0.2330334996,2.0000000000,0.4331792262,28055258.8743599989,445,TRADING,False,False,-0.0058957960,0.0056866648,False,False,-0.0863016892,-0.0508956497,True,True,-0.0344334122,0.1430196190,False,False,0.1432749704,0.1376172875,False,False,-0.2074101371,-0.0685243105,365-729d,25-100m
ACHUSDT,2023-04-04,2023-04-03,0.2165845923,2.0000000000,0.3950241926,67230989.7569199950,449,TRADING,False,False,0.0187162687,0.0120675784,True,True,0.0037216214,0.0780370072,True,True,0.1087741208,0.1657280772,False,False,0.2179643960,0.0289621883,False,False,-0.1624852166,-0.1834271923,365-729d,25-100m
ACHUSDT,2023-04-07,2023-04-06,0.2282112265,2.0000000000,0.3987458140,47943301.3312700018,452,TRADING,True,True,0.0622696126,-0.0139303483,True,True,0.0847072088,0.0241293532,False,False,0.1777083826,-0.0047263682,False,False,0.0215855757,-0.1415422886,False,False,-0.2844080671,-0.3226368159,365-729d,25-100m
ACHUSDT,2023-04-10,2023-04-09,0.3079527082,1.0000000000,0.4834530228,60048117.4391900003,455,TRADING,True,True,0.0203452906,0.0558659218,True,True,0.0800533143,0.0021860578,False,False,0.2039267083,-0.0085013359,False,False,-0.2757742825,-0.1853291231,False,False,-0.4418993490,-0.4376973524,365-729d,25-100m
ADAUSDT,2021-05-12,2021-05-11,0.2248083495,2.0000000000,0.7904110635,888681876.9139209986,11,TRADING,True,False,-0.0730398298,-0.1099137931,True,False,-0.1161415573,0.1382146098,True,False,-0.1631327346,0.1363430127,True,True,-0.4214231915,-0.1191016334,True,False,-0.4991705381,-0.1306715064,240-364d,500m-2b
ADAUSDT,2021-05-22,2021-05-21,0.2481288568,2.0000000000,0.4132723410,1851576033.7784380913,21,TRADING,True,True,-0.0160802849,-0.0557671206,True,True,-0.0273043806,0.0004518169,True,True,-0.0590848682,-0.0232363003,True,True,-0.0913678617,0.1022397212,True,False,-0.0520140924,-0.0793906926,240-364d,500m-2b
ADAUSDT,2021-05-25,2021-05-24,0.2605207831,1.0000000000,0.3859679604,1503761177.4108390808,24,TRADING,True,True,-0.0169800884,0.0020645161,True,True,-0.0151343933,0.0678709677,True,True,-0.0261295026,0.1208387097,True,False,-0.0843926378,0.0102580645,True,False,-0.0535869763,-0.1927741935,240-364d,500m-2b
ADAUSDT,2021-06-01,2021-05-31,0.2681775018,1.0000000000,0.3598384578,975900758.7021390200,31,TRADING,True,True,0.0039273747,-0.0005756058,True,True,-0.0116647355,0.0621654291,True,False,-0.0582631352,-0.0986588384,True,False,-0.0523709687,-0.0923271744,True,False,0.0656707637,-0.2026132504,240-364d,500m-2b
ADAUSDT,2021-06-16,2021-06-15,0.2158499257,2.0000000000,0.2719193636,340383009.2346079946,46,TRADING,True,False,0.0106928376,-0.0450745885,True,True,0.1166404068,-0.0893132716,True,False,-0.0223308425,-0.2562371399,True,False,0.0722763521,-0.1171553498,True,False,-0.1086284650,-0.2118055556,240-364d,100-500m
ADAUSDT,2021-08-13,2021-08-12,0.2407563750,2.0000000000,0.8255168766,765468929.6326019764,104,TRADING,True,True,-0.0062760181,0.1671032526,True,False,0.0946397096,0.1824383322,True,True,0.0430566782,0.3321872954,True,False,-0.0556308336,0.3796114386,True,False,-0.3331934765,0.4396419996,240-364d,500m-2b
ADAUSDT,2021-08-17,2021-08-16,0.2425346264,2.0000000000,0.8766278664,669432796.1338399649,108,TRADING,True,True,-0.0913843261,-0.0712078787,True,True,-0.0080543116,0.1784783238,True,False,0.0326477215,0.4073573429,True,False,-0.1692760153,0.3198802742,True,False,-0.4490664191,0.2093270252,240-364d,500m-2b
ADAUSDT,2021-08-25,2021-08-24,0.2485870727,2.0000000000,0.8468273580,1781493179.4875109196,116,TRADING,True,True,-0.0077838976,0.0074668040,True,False,-0.0981426252,0.0836061353,True,False,-0.1471042128,0.0177658440,True,False,-0.2934459014,-0.0752933387,True,False,-0.4195660519,-0.1440762129,240-364d,500m-2b
ADAUSDT,2021-08-30,2021-08-29,0.2410088160,2.0000000000,0.7273080446,781366522.6181999445,121,TRADING,True,False,-0.0199561935,-0.0410382322,True,False,-0.0168368498,0.0063135742,True,False,-0.0757074431,0.0206944932,True,False,-0.3008609204,-0.0947036128,True,True,-0.2636202973,-0.2855138548,240-364d,500m-2b
ADAUSDT,2021-09-26,2021-09-25,0.2545084619,1.0000000000,0.5261990006,772544525.9270870686,148,TRADING,True,True,0.0663035145,-0.0404347826,True,True,-0.0625112533,-0.1143478261,True,False,-0.1107326899,-0.0230434783,True,False,-0.0940298571,-0.0139130435,False,False,-0.7379506484,-0.0678260870,240-364d,500m-2b
ADAUSDT,2023-12-08,2023-12-07,0.2484217283,2.0000000000,0.6925916943,80570510.5473500043,951,TRADING,True,True,0.0617020092,0.1973655324,True,True,0.1316004677,0.3058177827,True,False,0.0800067113,0.4122941822,True,False,0.0475196009,0.3942919868,True,False,-0.4006425359,0.1475301866,730-1459d,25-100m
ADAUSDT,2023-12-13,2023-12-12,0.2536429716,1.0000000000,0.7551380767,202207307.7594999969,956,TRADING,True,True,0.0614014199,0.1540456432,True,False,-0.0378472309,0.0380359613,True,False,-0.0833895916,-0.0039764869,True,False,-0.0521329055,0.0523858921,True,False,-0.3555604261,0.0062240664,730-1459d,100-500m
ADAUSDT,2024-12-04,2024-12-03,0.2494806388,2.0000000000,0.6619426629,996076336.2746000290,1313,TRADING,True,True,-0.0069552927,-0.0036091993,True,False,-0.0013778060,0.0305522914,True,False,-0.0635499068,-0.1426053383,True,False,-0.0927756197,-0.1168373342,True,False,-0.0629115361,-0.1932180628,730-1459d,500m-2b
ADAUSDT,2025-01-17,2025-01-16,0.2188507399,2.0000000000,0.7376941601,416688678.5374000072,1357,TRADING,True,True,0.0287859453,0.0402130004,True,False,-0.1221092067,-0.0883217040,True,False,-0.4226220409,-0.0941057657,True,False,-0.4358069329,-0.1190782225,True,False,-0.5541401195,-0.2828681601,730-1459d,100-500m
AGLDUSDT,2023-07-21,2023-07-20,0.2623132990,1.0000000000,0.5947927311,26856501.2226999998,654,TRADING,True,False,-0.3506132401,-0.3992337165,False,False,-0.4043119343,-0.4896551724,False,False,-0.4328465585,-0.4950191571,False,False,-0.5061441251,-0.5287356322,False,False,-0.5577214822,-0.6122605364,365-729d,25-100m
AKROUSDT,2023-08-03,2023-08-02,0.2121969673,2.0000000000,0.6669668459,29834120.5249099992,824,BREAK,False,False,0.0359211501,0.0154083205,False,False,0.0889669028,0.0631741140,False,False,0.0956641695,0.3204930663,False,False,-0.2205922687,0.4067796610,False,False,-0.1737965010,1.8181818182,730-1459d,25-100m
AKROUSDT,2023-08-11,2023-08-10,0.1935397130,2.0000000000,0.6890819061,29684748.9541100003,832,BREAK,False,False,-0.1540565769,-0.1706642066,False,False,-0.2139486640,-0.2527675277,False,False,-0.2483072010,-0.2057195572,False,False,-0.1927657741,0.2057195572,False,False,-0.2530702578,0.1180811808,730-1459d,25-100m
AKROUSDT,2023-08-30,2023-08-29,0.2437090770,2.0000000000,0.4813821371,40813329.2032999992,851,BREAK,False,False,-0.0088990382,-0.0406976744,False,False,0.0117882078,-0.0332980973,False,False,-0.0230200820,-0.1802325581,False,False,-0.0989379814,-0.3879492600,False,False,-0.3292697919,-0.6575052854,730-1459d,25-100m
ARBUSDT,2024-01-13,2024-01-12,0.1774570376,2.0000000000,0.5919727778,404962588.6842200160,296,TRADING,True,True,0.0002854051,-0.0122549020,True,False,-0.0106183934,-0.0423021060,True,False,-0.1137634796,-0.1574074074,True,False,-0.1076073474,-0.1752450980,True,False,0.2281631884,-0.1186909949,240-364d,100-500m
ARDRUSDT,2023-10-20,2023-10-19,0.2222609017,2.0000000000,0.4618147200,29854085.9726000018,902,BREAK,False,False,-0.0198445517,0.0255905512,False,False,-0.2749591457,-0.1309055118,False,False,-0.4446127877,-0.1968503937,False,False,-0.3351169992,-0.1338582677,False,False,0.2452406205,0.3287401575,730-1459d,25-100m
ARPAUSDT,2023-03-19,2023-03-18,0.2423222297,2.0000000000,0.4579960316,48776754.6088579968,687,TRADING,False,False,-0.0937794037,-0.0487473296,False,False,-0.2378421031,-0.1167216935,False,False,-0.4373875831,-0.2219848514,False,False,-0.4559826720,-0.1961545931,False,False,-0.1333277869,-0.1155564187,365-729d,25-100m
ARPAUSDT,2023-05-13,2023-05-12,0.2839873501,1.0000000000,0.5932659136,46881423.8892079964,742,TRADING,False,False,-0.0246702462,-0.0175406872,False,False,-0.2327731125,-0.0994575045,False,False,-0.1430619578,-0.0972875226,True,False,-0.1449427294,0.9385171790,False,False,-0.5662874210,-0.1591320072,730-1459d,25-100m
ARPAUSDT,2023-06-26,2023-06-25,0.1606030827,2.0000000000,0.1857029423,40960639.1684660017,786,TRADING,False,False,-0.0391592426,-0.0559416850,False,False,-0.0222046423,-0.0778097983,False,False,-0.0488478418,-0.0762841160,False,False,-0.0593854777,-0.1698592982,False,False,-0.3938109295,-0.1918969317,730-1459d,25-100m
ASTRUSDT,2023-02-10,2023-02-09,0.2311147718,2.0000000000,0.8154770250,68181982.7099100053,347,TRADING,False,False,-0.0178270312,-0.0219072165,False,False,-0.0644905754,-0.0335051546,True,False,-0.1321408176,0.1597938144,False,False,-0.1921935847,0.1585051546,False,False,-0.6612773972,-0.2925257732,240-364d,25-100m
ASTRUSDT,2024-01-19,2024-01-18,0.2491898740,2.0000000000,0.6397366712,26558280.8477599993,690,TRADING,True,False,-0.0069047881,0.0240893067,True,True,0.0353969089,0.0987074031,False,False,-0.0243918226,0.0070505288,False,False,0.1039877867,0.0534665100,False,False,0.2770327249,-0.0229142186,365-729d,25-100m
ASTRUSDT,2024-01-22,2024-01-21,0.2533784156,1.0000000000,0.6751335801,30531725.2404000014,693,TRADING,True,False,-0.0978081772,-0.1037433155,False,False,-0.0796221201,-0.0524064171,False,False,-0.0247658214,-0.0513368984,False,False,0.0961848097,-0.0443850267,False,False,0.2683799407,-0.1010695187,365-729d,25-100m
AUCTIONUSDT,2023-09-22,2023-09-21,0.1820977794,2.0000000000,0.3359879740,47394052.8857000023,693,TRADING,False,False,-0.1377592767,-0.0843949045,False,False,-0.4008107643,-0.1449044586,False,False,-0.2370336690,-0.0414012739,False,False,-0.3468667476,-0.1735668790,False,False,-0.1210008891,-0.0668789809,365-729d,25-100m
AVAXUSDT,2021-11-01,2021-10-31,0.2294869248,2.0000000000,0.8525998443,95846366.2232999951,184,TRADING,True,False,-0.0377208518,0.0066666667,True,True,0.0063445871,0.1713178295,True,False,0.0714520564,0.3576744186,True,False,-0.1282647198,0.4790697674,True,False,-0.1954337490,0.8668217054,240-364d,25-100m
AVAXUSDT,2021-11-04,2021-11-03,0.2371701976,2.0000000000,0.8589444314,323636741.7245000005,187,TRADING,True,False,0.0016791230,0.0452680344,True,False,0.0707199536,0.0419589676,True,False,-0.0705394955,0.1281270682,True,False,-0.0783350009,0.4246194573,True,False,-0.2633919972,0.4337524818,240-364d,100-500m
AVAXUSDT,2021-11-09,2021-11-08,0.2362922626,2.0000000000,0.8958869334,630273009.1479190588,192,TRADING,True,False,-0.0244402237,-0.0312568546,True,False,-0.1186768186,-0.0361921474,True,False,-0.2185014737,0.0298311033,True,False,-0.1314941493,0.4788330774,True,False,-0.4163042164,0.0220443080,240-364d,500m-2b
AVAXUSDT,2021-11-19,2021-11-18,0.2331198882,2.0000000000,0.7242370314,574610818.8891439438,202,TRADING,True,False,0.0579902623,0.1122925569,True,False,0.0200475739,0.2766570605,True,False,-0.0373440357,0.1852330319,True,False,-0.1527689333,0.0710523701,True,False,-0.2126110720,0.1517440127,240-364d,500m-2b
AVAXUSDT,2022-03-24,2022-03-23,0.2412474471,2.0000000000,0.4391158271,223267532.1525000036,327,TRADING,True,False,0.0048190826,0.0181395349,True,True,-0.0228819202,-0.0016279070,True,True,0.1156364384,0.1113953488,True,False,-0.0184440092,-0.0355813953,False,False,-0.6320424038,-0.1391860465,240-364d,100-500m
AVAXUSDT,2022-03-27,2022-03-26,0.2309846939,2.0000000000,0.4162339070,114857398.1833000034,330,TRADING,True,False,0.0054561367,0.0468204053,True,False,0.0570031968,0.0801304449,True,True,0.2973227440,0.1210109481,True,False,-0.0229179558,-0.0152573958,False,False,-0.7384704789,-0.1511763336,240-364d,100-500m
AVAXUSDT,2022-03-29,2022-03-28,0.2311239924,2.0000000000,0.4499085339,360373912.5381000042,332,TRADING,True,False,0.0233285699,0.0352757312,True,True,0.2387267981,0.0874079035,True,True,0.4207369293,0.0734538960,False,False,-0.3633533447,-0.1700156285,False,False,-0.8256304120,-0.2201384238,240-364d,100-500m
AVAXUSDT,2022-03-31,2022-03-30,0.2403442855,2.0000000000,0.5547522655,336542961.0928999782,334,TRADING,True,True,0.1338830664,0.0191462649,True,True,0.1588043854,0.0070098347,True,False,-0.1340804475,-0.1322452396,True,False,-0.2840302399,-0.1609123248,False,False,-1.0502823698,-0.3366813141,240-364d,100-500m
AVAXUSDT,2023-12-16,2023-12-15,0.2571462001,1.0000000000,0.9019292673,361849206.9914000034,959,TRADING,True,True,0.0149346802,0.0632082599,True,False,-0.0002269530,0.0365147318,True,True,0.1608262460,0.1420297154,True,False,-0.0295991806,0.0118358096,True,True,-0.3430690036,-0.1113069756,730-1459d,100-500m
AVAXUSDT,2023-12-20,2023-12-19,0.2454646139,2.0000000000,0.8847020025,192934937.9126000106,963,TRADING,True,True,0.0590552680,0.0936084550,True,True,0.1780535108,0.1411675893,True,True,0.0950366007,0.1175138400,True,False,-0.1589090133,0.0218922999,True,False,-0.3375403126,-0.1547559134,730-1459d,100-500m
AVAXUSDT,2023-12-31,2023-12-30,0.2406794511,2.0000000000,0.8021531558,87475649.3759000003,974,TRADING,True,False,-0.0705015802,-0.0198321892,True,False,-0.0763601666,0.0325451309,True,False,-0.2690358731,-0.1200101704,True,False,-0.2158028253,-0.0722095093,True,True,-0.0274691569,-0.0831426392,730-1459d,25-100m
AVAXUSDT,2024-01-15,2024-01-14,0.2372711370,2.0000000000,0.5588602637,79754495.8894000053,989,TRADING,True,False,0.0137964633,0.0090677246,True,False,0.0626709977,0.0218192122,True,False,0.0315573474,-0.0779257580,True,True,0.1851815026,-0.0133182205,True,False,0.1591551409,0.1260980448,730-1459d,25-100m
AVAXUSDT,2024-01-25,2024-01-24,0.2225764354,2.0000000000,0.5722632203,104263442.8062999994,999,TRADING,True,True,0.0254254101,-0.0221153846,True,True,0.1585469650,0.0666666667,True,False,0.0234167066,0.0631410256,True,False,0.1215741157,0.1307692308,True,False,-0.2083001257,0.1512820513,730-1459d,100-500m
AVAXUSDT,2024-03-18,2024-03-17,0.1900516438,2.0000000000,0.7091599332,352408551.0893999934,1052,TRADING,True,True,0.0711172664,0.0376390077,True,False,-0.0288915306,-0.0237810094,True,False,-0.0461955267,-0.0473909324,True,False,-0.1562612969,-0.0751069290,False,False,-0.9327402426,-0.4053036784,730-1459d,100-500m
AXSUSDT,2021-07-27,2021-07-26,0.2519877095,1.0000000000,0.3008166019,818594366.8479529619,87,TRADING,True,False,-0.0002914158,0.1461672657,True,False,-0.0073441908,0.0814699183,True,False,-0.0175426879,-0.0164740655,True,False,0.0334130231,0.0655414812,True,False,0.2459030179,0.7740926785,240-364d,500m-2b
AXSUSDT,2021-09-10,2021-09-09,0.2494319749,2.0000000000,0.6833132425,161945336.1532000005,132,TRADING,True,False,-0.0475764243,-0.0530883842,True,False,-0.0343931923,0.0098365399,True,False,-0.0166771371,-0.0270504846,True,False,-0.2040694675,-0.0256039346,True,True,-0.2204704174,0.8306089975,240-364d,100-500m
AXSUSDT,2021-09-16,2021-09-15,0.2483047982,2.0000000000,0.6627222539,62201569.3361999989,138,TRADING,True,False,0.0039138516,-0.0201048951,True,False,-0.0186068978,-0.0364219114,True,False,-0.2159027652,-0.1028554779,True,True,-0.0999874890,0.0099067599,True,True,-0.2382289057,0.8299825175,240-364d,25-100m
AXSUSDT,2021-09-18,2021-09-17,0.2451529577,2.0000000000,0.6563347134,57484015.1123000011,140,TRADING,True,False,-0.0122193573,0.0040989828,True,False,-0.1163558641,-0.1633520571,True,False,-0.1669001740,0.0359799605,True,True,-0.1872682043,0.6742067709,True,False,-0.2375132332,0.8906937908,240-364d,25-100m
AXSUSDT,2021-09-28,2021-09-27,0.2480290856,2.0000000000,0.5303013543,65777594.8769000024,150,TRADING,True,True,0.0284101504,0.0823934837,True,True,0.0707875101,0.1691729323,True,False,-0.0783221282,1.1083959900,True,False,-0.0891768673,0.8251879699,True,False,-0.1495226855,0.9046052632,240-364d,25-100m
AXSUSDT,2021-10-07,2021-10-06,0.2185813697,2.0000000000,0.4422785177,720947379.7720999718,159,TRADING,True,False,0.0342318119,-0.0130755210,True,True,0.0205643074,0.0028528410,True,False,0.0024586371,-0.0352642840,True,False,-0.0253940881,0.0118868373,True,False,0.4477807666,0.2015215152,240-364d,500m-2b
AXSUSDT,2021-10-09,2021-10-08,0.2253812528,2.0000000000,0.4788260691,394839331.2177000046,161,TRADING,True,True,-0.0159832439,0.0020587537,True,False,-0.0377015821,-0.0773616280,True,True,-0.0543327209,-0.0053844327,True,False,-0.0555538861,0.0304853908,True,False,0.4381928110,0.2699342782,240-364d,100-500m
AXSUSDT,2021-10-16,2021-10-15,0.2073272021,2.0000000000,0.4244933481,385607236.3755000234,168,TRADING,True,False,-0.0083543124,-0.0041397978,True,False,-0.0205090242,-0.0249980097,True,False,-0.0012211652,0.0360640076,True,False,0.0035776358,0.1391608948,True,False,0.5136265229,0.1335084786,240-364d,100-500m
AXSUSDT,2021-11-10,2021-11-09,0.2282355734,2.0000000000,0.8848128179,131776463.5559999943,193,TRADING,True,False,-0.0513637064,-0.0529717484,True,False,-0.0537189558,-0.0445762260,True,True,0.0416016209,-0.1109408316,True,True,-0.0630942199,-0.0914845416,True,False,-0.5078568395,-0.3091684435,240-364d,100-500m
AXSUSDT,2021-11-16,2021-11-15,0.2450649553,2.0000000000,0.9621395297,86858563.8172000051,199,TRADING,True,True,-0.0357250909,-0.0639118844,True,False,-0.2475158039,-0.1322435807,True,True,-0.1847556472,-0.1012347411,True,True,-0.0697494493,-0.0562649081,True,False,-0.7385038370,-0.2884804265,240-364d,25-100m
AXSUSDT,2021-11-23,2021-11-22,0.2408768867,2.0000000000,0.7773838825,80369387.1481000036,206,TRADING,True,True,0.0443347154,0.0643197252,True,False,0.0019001207,0.0834439154,True,True,0.1150061979,0.0500351261,True,False,-0.3568066583,-0.1743033331,True,False,-0.5138204250,-0.2072437749,240-364d,25-100m
AXSUSDT,2021-11-29,2021-11-28,0.2644403926,1.0000000000,0.8571889297,75740276.9631000012,212,TRADING,True,True,0.0352011507,0.0109724936,True,True,-0.0532198460,0.0147301969,True,False,-0.4067899140,-0.1924695626,True,False,-0.5415899749,-0.2173455584,True,False,-0.6548691772,-0.2500375770,240-364d,25-100m
BCHUSDT,2023-06-24,2023-06-23,0.3500000000,1.0000000000,0.3679864099,132953245.6345999986,784,TRADING,True,True,0.1147858353,0.1673984632,True,True,0.0938850836,0.2277716795,True,True,0.1614822182,0.6695938529,True,True,0.1505231597,0.5274423710,True,False,0.0706932635,0.3693743139,730-1459d,100-500m
BCHUSDT,2023-07-16,2023-07-15,0.2060319209,2.0000000000,0.4529096162,43742306.4298999980,806,TRADING,True,False,-0.0322811184,-0.0134228188,True,True,-0.0485275186,-0.0382945124,False,False,-0.1496361415,-0.0548756415,False,False,0.2332973079,-0.0454007106,False,False,0.7627575864,-0.0911962100,730-1459d,25-100m
BCHUSDT,2023-07-18,2023-07-17,0.1913944664,2.0000000000,0.3910270668,50439431.1797000021,808,TRADING,True,True,0.0133550307,0.0070276974,True,False,-0.0972556766,0.0086812733,True,True,0.0913307374,-0.0144687888,True,True,0.7425007957,0.0248036379,True,True,0.4214510833,-0.1393137660,730-1459d,25-100m
BCHUSDT,2023-07-25,2023-07-24,0.2814310303,1.0000000000,0.4823578042,27215919.4331000000,815,TRADING,False,False,0.0197654457,-0.0054530201,False,False,0.1097861322,0.0285234899,True,True,0.6511700583,0.0398489933,True,True,0.6660801067,-0.0029362416,False,False,-0.0770097232,-0.1870805369,730-1459d,25-100m
BCHUSDT,2023-07-31,2023-07-30,0.2738894115,1.0000000000,1.1331929568,43548512.9092999995,821,TRADING,True,True,0.0003349057,-0.0201581028,True,True,-0.2285849247,-0.0944664032,False,False,-0.0585587456,-0.1181818182,False,False,0.0344219260,-0.0972332016,True,False,-0.8556781591,-0.1098814229,730-1459d,25-100m
BCHUSDT,2023-08-08,2023-08-07,0.3500000000,1.0000000000,1.1484379108,149364153.2685000002,829,TRADING,True,True,-0.0026234945,0.0029448885,True,True,-0.0573117773,-0.0244005048,False,False,0.0672292917,-0.0315523769,False,False,-0.5952706192,-0.2187631468,False,False,-0.8870629708,-0.1876314682,730-1459d,100-500m
BCHUSDT,2023-08-16,2023-08-15,0.3431057419,1.0000000000,1.1749200599,53184290.6538999975,837,TRADING,True,True,-0.3624419098,-0.0904325033,True,True,-0.5528698135,-0.1808650066,False,False,-0.7349849812,-0.1922236785,True,False,-0.8974052622,-0.0161642639,True,False,-0.7967062569,-0.0921799913,730-1459d,25-100m
BCHUSDT,2023-09-16,2023-09-15,0.2736814819,1.0000000000,0.5381735315,53089653.1739000008,868,TRADING,True,True,0.0011285408,-0.0119705341,True,True,-0.0919687194,0.0004604052,False,False,-0.0472742264,-0.0432780847,True,False,0.4909145929,0.0819521179,False,False,0.4440293987,-0.0096685083,730-1459d,25-100m
BCHUSDT,2023-09-21,2023-09-20,0.2164384864,2.0000000000,0.4677010210,28853788.4045000002,873,TRADING,False,False,-0.0362282608,-0.0320334262,False,False,0.0227270267,-0.0334261838,True,True,0.2626976405,0.0649953575,False,False,0.5326475243,0.0821727019,True,True,0.4769554184,0.1160631383,730-1459d,25-100m
BCHUSDT,2023-09-29,2023-09-28,0.3018875823,1.0000000000,1.0075147928,63847238.0143999979,881,TRADING,True,False,0.0215733316,-0.0155006284,True,True,0.2461519457,0.0150816925,False,False,-0.0575306961,-0.0326770004,False,False,-0.1820487147,-0.1034771680,False,False,-1.1607889909,0.0263929619,730-1459d,25-100m
BCHUSDT,2023-10-02,2023-10-01,0.3120552899,1.0000000000,1.2536667386,25868908.3086999990,884,TRADING,True,True,0.1041775916,0.0165084606,False,False,-0.2533181933,-0.0379694593,False,False,-0.4545530523,-0.0598431696,False,False,-0.2714638084,-0.1122575320,False,False,-1.2220844678,0.0107304994,730-1459d,25-100m
BCHUSDT,2023-10-17,2023-10-16,0.1772406961,2.0000000000,1.1282131185,62049578.7153000012,899,TRADING,False,False,-0.2278363580,-0.0190641248,False,False,-0.3400569325,-0.0151646447,True,False,-0.3190081915,0.1351819757,False,False,-1.1321765978,0.0649913345,False,False,-1.3507872276,0.0303292894,730-1459d,25-100m
BCHUSDT,2023-10-19,2023-10-18,0.3128231036,1.0000000000,0.8541218388,25914258.5408000015,901,TRADING,False,False,-0.0659656528,0.0022045855,False,False,0.0173783460,0.0758377425,False,False,-0.4122155117,0.1208112875,False,False,-0.7649021507,0.0815696649,False,False,-1.1904364647,0.0127865961,730-1459d,25-100m
BCHUSDT,2023-10-21,2023-10-20,0.1697450246,2.0000000000,0.9446564394,38092365.4191000015,903,TRADING,False,False,-0.0731562546,0.0149750416,True,False,-0.1354515124,0.0898502496,False,False,-0.8065939692,-0.0045757072,False,False,-0.9282359267,-0.0116472546,False,False,-1.2744084674,-0.0428452579,730-1459d,25-100m
BCHUSDT,2024-04-07,2024-04-06,0.2490643197,2.0000000000,0.6615100877,367615439.6439999938,1072,TRADING,True,True,-0.0094913432,-0.0131142816,True,False,-0.0074014852,-0.0318489696,True,False,-0.3070996001,-0.3088341260,True,False,-0.3451296071,-0.2572416775,True,False,-0.2727401824,-0.3182014700,730-1459d,100-500m
BCHUSDT,2025-06-14,2025-06-13,0.2602680117,1.0000000000,0.6550262542,38649262.1644999981,1505,TRADING,False,False,-0.2052631524,-0.0396701582,True,True,0.0438522282,0.0334299086,True,True,0.0905908610,0.0557165144,True,True,0.2515846260,0.1250278583,True,False,-0.1151126356,0.1321595721,1460d+,25-100m
BCHUSDT,2025-06-16,2025-06-15,0.2977860536,1.0000000000,0.7044614977,34369385.6749000028,1507,TRADING,True,True,-0.0055830153,0.0071676803,False,False,0.0404962652,-0.0015204170,True,True,0.0824088435,-0.0119461338,False,False,0.1859613743,0.0957862728,False,False,-0.2176107686,0.0814509123,1460d+,25-100m
BCHUSDT,2025-06-20,2025-06-19,0.3451764550,1.0000000000,0.8800186325,65677151.9377000034,1511,TRADING,True,True,-0.1344015173,-0.0470730235,True,True,-0.0931482914,-0.0848923758,True,True,-0.0307427808,-0.0158921746,True,True,-0.2215276255,-0.0014081674,False,False,-0.2180717036,0.0321866828,1460d+,25-100m
BCHUSDT,2025-06-23,2025-06-22,0.2683938948,1.0000000000,0.7868703411,73939438.4273000062,1514,TRADING,True,True,-0.0232596499,0.0171466256,True,True,0.0603569679,0.0613321609,False,False,0.1035525308,0.1090349527,False,False,-0.2643815401,0.0804572434,True,False,-0.2624946199,0.1565179160,1460d+,25-100m
BCHUSDT,2025-06-26,2025-06-25,0.3331941752,1.0000000000,0.8472273090,58923866.5961000025,1517,TRADING,True,True,0.0020485427,0.0132560066,False,False,-0.0435303374,0.0169842585,False,False,0.1334506590,0.0582021541,True,False,-0.3582041075,0.0656586578,True,False,0.0406831656,0.1543082022,1460d+,25-100m
BCHUSDT,2025-07-01,2025-06-30,0.2797077776,1.0000000000,0.9175525633,34906938.0461999997,1522,TRADING,True,True,-0.0025853998,-0.0108760134,True,True,-0.2590615563,-0.0183903500,False,False,-0.4053677202,-0.0179948586,True,False,-0.3946349469,-0.0015819656,True,False,0.0236150582,0.1668973700,1460d+,25-100m
BCHUSDT,2025-07-04,2025-07-03,0.1798264770,2.0000000000,0.6584910070,26786106.8722000010,1525,TRADING,False,False,-0.0685464061,-0.0251813054,False,False,-0.1360022060,-0.0098710717,True,False,-0.0725270905,0.0443190975,False,False,-0.3076219541,0.0072522160,False,False,-0.1031740993,0.0479452055,1460d+,25-100m
BCHUSDT,2025-07-12,2025-07-11,0.2451796344,2.0000000000,0.7210351814,39692250.5333999991,1533,TRADING,True,False,-0.1716708156,-0.0474129821,True,False,-0.1981175650,-0.0500470367,True,False,-0.0443151734,-0.0319849483,True,False,0.1668752932,0.0485418627,True,False,-0.0991147854,0.0733772342,1460d+,25-100m
BLZUSDT,2023-09-20,2023-09-19,0.2848888870,1.0000000000,0.5301273517,39970110.0090000033,872,BREAK,True,True,0.0826195382,-0.0499764262,False,False,0.0590323659,-0.1555869873,True,True,-0.0178856791,-0.2253653937,False,False,-0.1092018641,-0.3267326733,False,False,-0.1312090644,-0.2909005186,730-1459d,25-100m
BLZUSDT,2023-09-24,2023-09-23,0.2095418566,2.0000000000,0.5832832218,25231291.3405000009,876,BREAK,False,False,0.0000433637,-0.0039084310,True,True,-0.0710415492,-0.0826353992,False,False,-0.1772270996,-0.1680625349,False,False,-0.2432436405,-0.2439977666,False,False,-0.0668325640,0.3506420994,730-1459d,25-100m
BNBUSDT,2021-05-17,2021-05-16,0.2405544562,2.0000000000,0.7522303060,1678652421.1763899326,16,TRADING,True,False,-0.0809584391,-0.0925893110,True,False,-0.4268757403,-0.4067195917,True,False,-0.5001861598,-0.5379926283,True,False,-0.5056464991,-0.4230755600,True,False,-0.5586370162,-0.3505812305,240-364d,500m-2b
BNBUSDT,2021-07-28,2021-07-27,0.2395472922,2.0000000000,0.3343988737,516987151.3794390559,88,TRADING,True,False,0.0300289307,0.0010207988,True,False,-0.0957541176,0.0290289652,True,False,-0.1004303857,0.0317404619,False,False,-0.1237832834,0.1864233763,True,True,0.4729233929,0.5251371698,240-364d,500m-2b
BNBUSDT,2021-08-21,2021-08-20,0.2469567921,2.0000000000,0.9997427518,741836933.5102249384,112,TRADING,True,True,-0.0278545584,-0.0136064889,True,True,-0.0660541261,0.0970039347,True,True,-0.2449569029,0.0869804146,True,False,-0.3988615505,0.0737915723,True,False,-0.6266232276,-0.1018398435,240-364d,500m-2b
BNBUSDT,2021-08-24,2021-08-23,0.2395536162,2.0000000000,0.9336886258,1298353030.8521690369,115,TRADING,True,False,-0.1049358414,-0.0549833687,True,True,-0.1263663592,-0.0419989580,True,False,-0.2823504561,-0.0776660121,True,False,-0.4470230788,-0.0059311506,True,False,-0.6938116894,-0.2405722759,240-364d,500m-2b
BNBUSDT,2021-08-26,2021-08-25,0.2523986828,1.0000000000,0.8553002330,1097153964.7135701180,117,TRADING,True,True,-0.0479779664,-0.0498618812,True,True,-0.1161991269,-0.0337645820,True,False,-0.1940140598,-0.0274051551,True,False,-0.6867497859,-0.1752618295,True,False,-0.7213781443,-0.2945010831,240-364d,500m-2b
BNBUSDT,2021-11-08,2021-11-07,0.2431970134,2.0000000000,0.9569577314,968328578.1423630714,191,TRADING,True,False,-0.0848165967,0.0060036946,True,False,-0.1241212047,-0.0546490148,True,True,0.0030771169,0.0018472906,True,False,-0.2255630136,-0.1009852217,True,True,-0.2454030579,-0.1091440887,240-364d,500m-2b
BNBUSDT,2021-11-12,2021-11-11,0.2263284355,2.0000000000,0.8967796283,635981486.4901000261,195,TRADING,True,True,0.0117580495,-0.0023870146,True,True,0.0632552200,0.0356460853,True,False,-0.2909995849,-0.1537237428,True,False,-0.1036130028,0.0170273711,True,True,-0.3169424694,-0.1016868237,240-364d,500m-2b
BNBUSDT,2021-11-17,2021-11-16,0.2444714316,2.0000000000,0.8863269795,1320193365.0954000950,200,TRADING,True,True,-0.0393117702,-0.0181756412,True,False,-0.1322068888,-0.0130796671,True,False,-0.1046948552,0.0040767793,True,False,-0.1154542811,0.0574146424,True,False,-0.5695066001,-0.1061661288,240-364d,500m-2b
BNBUSDT,2021-11-27,2021-11-26,0.2345539872,2.0000000000,0.6994595536,1447846558.5573000908,210,TRADING,True,False,0.0343733710,0.0214541120,True,False,0.0696376856,0.0614677337,True,True,-0.0042059028,0.0131108462,True,False,-0.1146468994,-0.0594244849,True,False,-0.4516839840,-0.0696407288,240-364d,500m-2b
BNBUSDT,2021-12-03,2021-12-02,0.2362361172,2.0000000000,0.7167351554,685357094.9823999405,216,TRADING,True,True,-0.0214815046,-0.0401677690,True,False,-0.0610728121,-0.1001774480,True,False,-0.0629059305,-0.0801742216,True,False,-0.3999147760,-0.1511534118,False,False,-0.6238892318,-0.1493789321,240-364d,500m-2b
BNBUSDT,2023-02-08,2023-02-07,0.2106446672,2.0000000000,0.9316341738,87505720.4959000051,648,TRADING,True,True,-0.0501015161,-0.0144144144,True,False,-0.3103424929,-0.0816816817,True,False,-0.4628175756,-0.1105105105,False,False,-0.7721878279,-0.0645645646,False,False,-1.0576624808,-0.1678678679,365-729d,25-100m
BNBUSDT,2023-02-13,2023-02-12,0.2226717699,2.0000000000,0.8614475582,91485948.2107000053,653,TRADING,True,False,-0.4459426993,-0.0585412668,False,False,-0.4328021211,0.0153550864,False,False,-0.6614106865,-0.0035188740,False,False,-0.8022469527,-0.0124760077,False,False,-1.0869342548,-0.0134357006,365-729d,25-100m
BNBUSDT,2024-02-25,2024-02-24,0.2227238662,2.0000000000,1.3517031783,168773631.0203000009,1030,TRADING,True,True,-0.0312885390,0.0178150380,False,False,-0.4660978215,0.0337961750,False,False,-0.5210405479,0.0764998690,True,False,-0.5248331936,0.2792769190,True,False,-0.6699811394,0.5378569557,730-1459d,100-500m
BNBUSDT,2024-03-11,2024-03-10,0.2522844399,1.0000000000,0.9271634042,1008148996.3420000076,1045,TRADING,True,True,-0.1402479186,-0.0111552278,True,True,-0.0701352722,0.1920968047,True,False,-0.2342266512,0.0809226697,True,False,-0.2482384599,0.0733598034,True,True,-0.2349575182,0.0975609756,730-1459d,500m-2b
BNBUSDT,2024-03-14,2024-03-13,0.2260381472,2.0000000000,0.8570281319,1472173679.0132999420,1048,TRADING,True,False,-0.0520169912,-0.0432989691,True,False,-0.0959976003,-0.0858049167,True,False,-0.2417322973,-0.1168913561,True,False,-0.2243814246,-0.0891356067,True,True,0.1000251053,-0.0553528945,730-1459d,500m-2b
BNBUSDT,2024-03-16,2024-03-15,0.2147050716,2.0000000000,0.8776499482,1801522551.2583999634,1050,TRADING,True,False,-0.1166194166,-0.0889837206,True,False,-0.2092891575,-0.1221748064,True,False,-0.2023660017,-0.1247036510,True,False,-0.1729769427,-0.0319266635,True,True,-0.0505005986,-0.1047889995,730-1459d,500m-2b
BNBUSDT,2024-04-01,2024-03-31,0.2157279621,2.0000000000,0.6787450579,196801011.3463999927,1066,TRADING,True,False,-0.0740590828,-0.0509312675,True,False,-0.1195727200,-0.0745014010,True,True,0.0047037876,-0.0375803527,True,True,0.1484042918,-0.0664249217,True,True,0.5896249376,-0.0466457887,730-1459d,100-500m
BNBUSDT,2024-04-07,2024-04-06,0.2509356803,1.0000000000,0.6664803857,132278897.6139000058,1072,TRADING,True,True,0.0169684598,-0.0025623505,True,True,0.0257255003,-0.0083703451,True,True,0.1505687462,-0.0551759481,True,True,0.4397975472,-0.0247693885,True,True,0.8394245304,0.0047830543,730-1459d,100-500m
BNBUSDT,2024-04-10,2024-04-09,0.2358574970,2.0000000000,0.6922058859,345991219.2587000132,1075,TRADING,True,True,0.0408464891,0.0503014643,True,True,0.2648473514,0.0260120586,True,True,0.1189840656,-0.0739018088,True,True,0.5833206703,0.0442721792,True,True,0.7221570351,0.0280792420,730-1459d,100-500m
BNBUSDT,2024-05-22,2024-05-21,0.3120846425,1.0000000000,1.1020431402,629680133.3533999920,1117,TRADING,True,True,0.1570864513,-0.0059822150,True,True,-0.0434093661,-0.0294260307,True,True,-0.1767425953,-0.0271624899,True,True,0.5551767902,0.1086499596,True,True,-0.2190993602,-0.0497978981,730-1459d,500m-2b
BNBUSDT,2024-06-26,2024-06-25,0.2275247584,2.0000000000,0.5816909178,101775508.7125000060,1152,TRADING,True,True,0.0138620964,-0.0089934279,True,False,0.0546332976,-0.0186786579,True,True,0.2006793603,0.0032860602,True,False,-0.4127734080,-0.1060186787,True,True,-0.1204103210,-0.0131442407,730-1459d,100-500m
BNBUSDT,2024-07-01,2024-06-30,0.2633159781,1.0000000000,0.8002405607,98063504.9200000018,1157,TRADING,True,True,-0.0122435256,-0.0091034009,True,True,-0.0759065323,-0.0437993817,False,False,-0.6980588448,-0.1571624871,True,False,-0.5682471069,-0.0642390931,True,True,-0.2100727654,0.0103057369,730-1459d,25-100m
BNBUSDT,2024-07-18,2024-07-17,0.1156197140,2.0000000000,0.4503967774,114191416.2814999968,1174,TRADING,True,True,0.0390766266,0.0052733345,True,True,-0.0672035867,0.0425382317,True,True,0.0279045683,0.0105466690,True,True,0.0896935044,0.0133591141,False,False,-0.2700401077,-0.0864826859,730-1459d,100-500m
BNBUSDT,2024-07-29,2024-07-28,0.2073365573,2.0000000000,0.3362067638,53762708.7859999985,1185,TRADING,True,False,0.0231423177,-0.0164411714,True,True,0.2038835180,-0.0126734030,False,False,-0.5917452283,-0.1489981161,False,False,-0.3712610022,-0.1378660730,True,False,-0.1476072972,-0.0866586744,730-1459d,25-100m
BNBUSDT,2024-07-31,2024-07-30,0.1745618638,2.0000000000,0.5901677953,94752452.1439000070,1187,TRADING,True,True,-0.0500775135,-0.0198911935,True,True,-0.3550836841,-0.0770146209,False,False,-0.7497477978,-0.1757905474,True,False,-0.5255484611,-0.1088065284,True,False,-0.3484820416,-0.0880652839,730-1459d,25-100m
BNBUSDT,2024-09-21,2024-09-20,0.1560070506,2.0000000000,0.5886888577,146299260.2960000038,1239,TRADING,True,True,0.3461464221,0.0344463972,True,True,0.5850570024,0.0623901582,True,True,0.5226764025,0.0664323374,True,False,-0.2950141661,-0.0240773286,False,False,-0.1517673318,0.0648506151,730-1459d,100-500m
BNBUSDT,2024-10-06,2024-10-05,0.2021232256,2.0000000000,0.3839290059,70050933.4191000015,1254,TRADING,True,True,0.2198403912,0.0129662522,True,True,0.6981637394,0.0316163410,True,False,0.2675650914,0.0241563055,False,False,-0.2416502374,0.0616341030,False,False,-0.5736187083,-0.0186500888,730-1459d,25-100m
BNBUSDT,2024-10-09,2024-10-08,0.1297199390,2.0000000000,1.0820927453,164556094.6574999988,1257,TRADING,True,True,-0.0528848960,-0.0173898072,True,True,-0.3583799248,-0.0123966942,True,False,-0.5280359772,0.0235881543,False,False,-0.7225734924,0.0223829201,False,False,-1.2641019199,0.0300619835,730-1459d,100-500m
BNBUSDT,2024-10-12,2024-10-11,0.0978839785,2.0000000000,0.7237128206,105075683.8836999983,1260,TRADING,True,False,-0.0722187233,0.0052301255,True,False,-0.3422052644,0.0270223152,False,False,-0.4677107381,0.0446304045,False,False,-0.4629311265,0.0029637378,False,False,-1.1148200975,0.0936715481,730-1459d,100-500m
BNBUSDT,2024-10-17,2024-10-16,0.1075277238,2.0000000000,0.5809732908,155177541.6938999891,1265,TRADING,False,False,-0.2410860152,-0.0133133633,False,False,-0.4386945223,-0.0053253453,False,False,-0.2490403729,-0.0266267266,False,False,-0.3289987101,-0.0088201032,False,False,-1.0430816018,0.0307372275,730-1459d,100-500m
BNBUSDT,2025-07-21,2025-07-20,0.2153398343,2.0000000000,1.2902281584,189589685.2592499852,1542,TRADING,True,True,0.1713084958,0.0124203906,True,True,0.4470757790,0.0263206575,True,True,0.6173088027,0.1151925161,False,False,-0.5967291409,-0.0074125948,True,True,0.2442443754,0.0889114981,1460d+,100-500m
BNBUSDT,2025-08-07,2025-08-06,0.1814437259,2.0000000000,0.9386327398,124894215.6808200032,1559,TRADING,True,True,0.1149501679,0.0248456890,True,True,0.1741883921,0.0380482100,True,True,0.3424001513,0.1019556884,True,True,0.6379343405,0.1292963420,True,True,0.4917295531,0.1047235397,1460d+,100-500m
BNBUSDT,2025-08-13,2025-08-12,0.2018801275,2.0000000000,1.2537219293,219773129.7576799989,1565,TRADING,True,True,0.0273109618,0.0186673394,True,True,0.0408005182,-0.0055977993,True,True,0.2807506044,-0.0100424039,True,True,0.1606389229,0.0375148654,True,True,0.2143653751,0.0844474876,1460d+,100-500m
BNBUSDT,2025-09-04,2025-09-03,0.2269676057,2.0000000000,1.4170612242,99662265.2254499942,1587,TRADING,True,True,0.0076282851,-0.0130211989,True,True,0.0207183415,0.0071248070,True,True,0.1443762271,0.0456385418,True,True,0.4522150853,0.1581964528,True,True,0.2000760556,0.3915017081,1460d+,25-100m
BNBUSDT,2025-09-29,2025-09-28,0.2683561649,1.0000000000,1.8069327924,183624760.0774300098,1612,TRADING,True,True,0.0335105902,0.0370389019,True,True,0.0122207764,0.0337257429,True,True,-0.2502902027,0.1755974260,True,True,-0.8303641481,0.3118196191,True,True,-1.1738006064,0.1112174097,1460d+,100-500m
BNBUSDT,2025-10-20,2025-10-19,0.0997758179,2.0000000000,0.7660807970,451830662.1445500255,1633,TRADING,True,True,0.0077378818,-0.0087306736,True,False,-0.0336763846,-0.0342919955,True,True,-0.0370691484,0.0255072620,True,True,-0.1264212775,-0.0239935849,True,True,0.0199962941,-0.1595577900,1460d+,100-500m
BNBUSDT,2025-10-24,2025-10-23,0.1288093545,2.0000000000,0.7192728858,864047274.9668700695,1637,TRADING,True,True,-0.0001150476,-0.0157181909,True,True,0.0097387628,0.0101799915,True,True,0.0070433990,-0.0423086481,True,True,-0.1707456195,-0.1564896336,False,False,-0.2231005557,-0.2599936098,1460d+,500m-2b
BNTUSDT,2023-08-06,2023-08-05,0.2014519978,2.0000000000,0.1939689446,51293254.5279200003,827,TRADING,False,False,-0.1101390979,-0.1004566210,True,False,-0.0363773626,-0.0293291184,False,False,-0.0636227613,-0.0802599227,False,False,-0.1903846720,-0.2829293994,False,False,-0.1170796895,-0.2571127503,730-1459d,25-100m
BNXUSDT,2024-04-14,2024-04-13,0.2260800118,2.0000000000,0.6743519468,25140079.5078000017,892,BREAK,True,True,0.0025525825,0.1182137942,False,False,-0.0487967711,0.1510934394,False,False,-0.1017334005,0.1145435082,False,False,-0.1470239636,0.5282153234,False,False,-0.2630868629,0.3914971708,730-1459d,25-100m
BNXUSDT,2024-04-24,2024-04-23,0.1524153087,2.0000000000,0.5593162720,54421913.9979899973,902,BREAK,True,True,0.0046154269,0.0255953005,True,False,-0.0334772133,0.0371341655,False,False,-0.0374563309,-0.0086016994,False,False,-0.0446528573,0.0193013742,True,True,0.2589476289,0.4077415294,730-1459d,25-100m
BNXUSDT,2024-05-23,2024-05-22,0.1892990653,2.0000000000,0.7671430247,38450157.0386499986,931,BREAK,True,True,0.0511208762,0.0081129808,False,False,0.1867390587,0.0496544471,False,False,-0.1197836043,-0.2442157452,False,False,-0.1153207929,-0.1787860577,False,False,-0.2009362921,-0.2005709135,730-1459d,25-100m
BONDUSDT,2023-10-15,2023-10-14,0.1387714587,2.0000000000,0.1556441541,132194919.7855100036,832,BREAK,True,False,-0.0485628187,-0.1553361892,True,False,-0.1317033772,-0.3345129447,True,False,-0.1185865607,-0.2356118458,False,False,-0.1123803609,-0.2460420935,False,False,-0.0587961896,-0.2145650959,730-1459d,100-500m
BURGERUSDT,2024-03-15,2024-03-14,0.2293494108,2.0000000000,0.9241243207,48783379.1493899971,1049,BREAK,False,False,-0.0905493455,-0.0496685466,False,False,-0.0577925849,-0.0797467102,False,False,-0.3081479044,-0.1766102701,False,False,-0.3604651012,-0.0913228456,False,False,-1.1172966468,-0.4729395468,730-1459d,25-100m
CAKEUSDT,2025-05-28,2025-05-27,0.2425436668,2.0000000000,0.3692933905,92825957.5643499941,1488,TRADING,True,True,0.0243920125,-0.0216450216,False,False,-0.3684400578,-0.1753246753,False,False,-0.1413807590,-0.1428571429,True,False,-0.0910396614,-0.0508658009,False,False,-0.5806669444,-0.2297979798,1460d+,25-100m
CFXUSDT,2023-04-01,2023-03-31,0.2402661500,2.0000000000,0.3465137919,145533360.5936999917,700,TRADING,True,False,-0.0080825158,-0.0421307506,True,False,-0.0393838044,-0.1176755448,True,False,-0.0438676692,-0.0992736077,True,False,0.0782922153,-0.0847457627,True,False,0.0799250933,-0.2276029056,365-729d,100-500m
CFXUSDT,2023-04-03,2023-04-02,0.2334212400,2.0000000000,0.3244036187,84983495.1252000034,702,TRADING,True,False,-0.0172736311,-0.0169948746,True,True,-0.0006073577,0.0455894254,True,True,-0.0229097812,0.0140275155,True,False,0.1766025931,0.0205017534,False,False,0.1732643740,-0.1615861883,365-729d,25-100m
CFXUSDT,2023-04-06,2023-04-05,0.2354311207,2.0000000000,0.3237962610,118072003.3777000010,705,TRADING,True,False,-0.0347183434,-0.0371517028,True,True,-0.0465668011,-0.0497936017,True,False,0.0497918392,-0.0110939112,True,False,0.0554653789,-0.1718266254,True,False,0.1984907363,-0.1700206398,365-729d,100-500m
CFXUSDT,2023-04-09,2023-04-08,0.2499651032,2.0000000000,0.2772294598,43967879.5006000027,708,TRADING,True,True,0.0242643776,0.0206353516,True,False,0.0574644099,0.0980179202,True,False,0.1215083217,0.0181916916,True,False,-0.0412518973,-0.1938636981,True,True,0.0976312165,-0.3195764323,365-729d,25-100m
CFXUSDT,2023-04-14,2023-04-13,0.1900766024,2.0000000000,0.4153500664,64811560.0455999970,713,TRADING,True,False,0.0094559408,-0.0287769784,True,False,0.0856561454,-0.0280061665,True,False,-0.0791794061,-0.1603288798,True,False,-0.0102381307,-0.1461973279,False,False,-0.0990197558,-0.3535457348,365-729d,25-100m
CFXUSDT,2023-05-05,2023-05-04,0.2303314548,2.0000000000,0.5287537487,35826784.0423000008,734,TRADING,True,False,-0.0064667515,-0.0064854849,False,False,-0.0619305906,-0.1019147622,True,True,-0.0463521729,-0.2121680049,True,False,-0.2718681621,-0.0929586164,False,False,-0.2522130873,-0.1646077826,730-1459d,25-100m
CFXUSDT,2023-05-07,2023-05-06,0.3331052781,1.0000000000,0.4110403916,32894076.1840999983,736,TRADING,False,False,0.0557827665,-0.0071696825,True,True,0.0085731378,-0.1201775350,False,False,-0.0947100810,-0.1410037555,False,False,-0.0634059121,0.0235575282,True,False,-0.2996259615,-0.2215773301,730-1459d,25-100m
CFXUSDT,2023-05-09,2023-05-08,0.2292872475,2.0000000000,0.3748606763,43798493.1633000001,738,TRADING,True,True,0.0447528531,0.0283320032,True,True,0.1075408995,0.0179569034,True,True,0.0121174691,0.1408619314,True,False,0.1157184296,0.2857142857,True,False,-0.2454377366,-0.0778132482,730-1459d,25-100m
CFXUSDT,2023-05-15,2023-05-14,0.3500000000,1.0000000000,0.4196664302,38935949.4362000003,744,TRADING,True,True,-0.0326882848,0.0225321888,True,False,-0.0922481546,0.0761802575,True,False,-0.0037071141,0.0600858369,True,False,0.0695399210,0.1766809728,False,False,-0.3531863227,-0.3376251788,730-1459d,25-100m
COCOSUSDT,2023-04-02,2023-04-01,0.2200174001,2.0000000000,0.3745491942,50642417.1642000005,701,BREAK,False,False,-0.0909448178,-0.1220759375,False,False,-0.0587620064,-0.1145527213,False,False,-0.0810716935,-0.1148465969,False,False,0.0381868308,-0.0817562008,False,False,0.0188198174,0.0255084048,365-729d,25-100m
COCOSUSDT,2023-04-24,2023-04-23,0.1816871413,2.0000000000,0.3374155788,30577348.9879000001,723,BREAK,True,False,-0.0073902039,0.0351146776,True,False,0.0252030077,0.0874736782,False,False,-0.0919764514,-0.0168459393,False,False,0.1016866631,-0.0822377782,False,False,0.0130687237,-0.0898070685,365-729d,25-100m
COMPUSDT,2023-07-10,2023-07-09,0.1672957657,2.0000000000,0.2464909702,29566597.9772300012,800,TRADING,True,True,0.0047257625,-0.0181938472,True,True,0.0935483116,0.1726761495,True,False,0.1369442722,0.2823354284,False,False,0.0565232970,0.1604366523,False,False,-0.0645117559,-0.0739331790,730-1459d,25-100m
COMPUSDT,2023-08-04,2023-08-03,0.3500000000,1.0000000000,0.2629473873,27124256.0714900009,825,TRADING,True,True,-0.0723200978,-0.0317036543,False,False,-0.0894164138,-0.0530619056,False,False,-0.0384302067,-0.0754213249,False,False,-0.3072184058,-0.3343901218,False,False,-0.6206513688,-0.3252127482,730-1459d,25-100m
CRVUSDT,2025-04-25,2025-04-24,0.2461721699,2.0000000000,0.1775587037,48323456.1424700022,1455,TRADING,True,False,0.0424057890,-0.0069087167,False,False,0.0091161860,-0.0380714391,True,True,0.0265847844,0.0408643246,True,True,0.1837029791,0.1190651183,False,False,0.1770042994,0.1277377628,730-1459d,25-100m
CRVUSDT,2025-05-02,2025-05-01,0.2071862483,2.0000000000,0.2041434881,37164976.7346900031,1462,TRADING,False,False,0.0473719161,0.0362943087,False,False,0.0197533441,-0.0261262534,True,True,0.1571181947,0.0751306313,True,False,-0.0098330322,-0.0151108600,False,False,-0.1638936509,-0.0605846632,1460d+,25-100m
CRVUSDT,2025-05-06,2025-05-05,0.2395393234,2.0000000000,0.2369945278,25754740.3508200012,1466,TRADING,True,True,-0.0590377128,-0.0211594203,True,True,0.1242671550,0.1033333333,True,False,0.1272485498,0.0914492754,False,False,-0.0590877320,-0.0281159420,False,False,0.0284854920,-0.0763768116,1460d+,25-100m
CRVUSDT,2025-05-09,2025-05-08,0.2434679943,2.0000000000,0.3612616828,36322222.2836100012,1469,TRADING,True,True,0.0547310863,0.0048601077,True,True,0.0800322802,0.0267962695,True,False,-0.1669512269,-0.0839353737,True,True,0.0421152298,0.0820964140,False,False,0.0790713504,-0.1317483252,1460d+,25-100m
CRVUSDT,2025-05-23,2025-05-22,0.2876312951,1.0000000000,0.4033769126,43901913.9285899997,1483,TRADING,True,True,-0.0293446241,-0.0509832484,True,True,-0.1314377398,-0.0755037630,True,True,-0.0278115517,-0.0992959456,True,False,-0.1049971130,-0.2589220685,False,False,-0.5116969372,-0.3262927895,1460d+,25-100m
CRVUSDT,2025-05-26,2025-05-25,0.2472479773,2.0000000000,0.2719391729,27443779.9353200011,1486,TRADING,False,False,0.0082628910,-0.0040703782,False,False,0.1298607180,0.0015756303,False,False,-0.0760276695,-0.1068802521,False,False,0.0546916673,-0.1528361345,False,False,-0.2482143873,-0.2519695378,1460d+,25-100m
CRVUSDT,2025-05-28,2025-05-27,0.2574563332,1.0000000000,0.3919991954,37374811.3005300015,1488,TRADING,False,False,0.0098006955,0.0051390170,False,False,-0.3285841852,-0.1266306496,False,False,-0.0598804492,-0.0984319410,True,False,-0.0180127362,-0.0303070233,False,False,-0.6192673662,-0.3354855712,1460d+,25-100m
CRVUSDT,2025-05-30,2025-05-29,0.1046130265,2.0000000000,0.3755653610,31554454.9248999991,1490,TRADING,False,False,-0.3121503508,-0.1067385445,False,False,-0.1796538576,-0.0832884097,True,False,-0.0771855613,-0.1772237197,False,False,-0.3513746755,-0.1607816712,False,False,-0.5544986032,-0.3036388140,1460d+,25-100m
CTXCUSDT,2024-02-01,2024-01-31,0.2484797123,2.0000000000,0.8481240879,25541450.8788999990,1006,BREAK,False,False,-0.0060369101,-0.0269828291,False,False,0.1524137156,0.0838103025,False,False,0.2212617943,0.1326655765,False,False,0.1187579331,0.1365494685,False,False,-0.1500314917,0.2978331971,730-1459d,25-100m
DASHUSDT,2024-12-05,2024-12-04,0.2498733830,2.0000000000,0.6543242455,32207080.5872399993,1314,TRADING,True,True,0.0555135745,0.1090006845,False,False,-0.0216834823,0.0256673511,False,False,-0.2450664878,-0.1591375770,False,False,-0.5290702760,-0.3369267625,False,False,-0.4249656556,-0.2614647502,730-1459d,25-100m
DENTUSDT,2024-03-05,2024-03-04,0.2504383067,1.0000000000,0.8982246621,26716886.4892689995,1039,BREAK,False,False,-0.1857660822,-0.1353568499,False,False,-0.1532745756,-0.0931091058,False,False,-0.2725623022,-0.0869565217,False,False,-0.5739522740,-0.2703035275,False,False,-0.6128748746,-0.3022969647,730-1459d,25-100m
DOCKUSDT,2024-01-04,2024-01-03,0.2332126418,2.0000000000,0.9320529202,30461170.2437600009,978,BREAK,False,False,-0.1826496228,-0.0350678733,False,False,-0.2059371985,0.1202865762,False,False,-0.5465632087,0.0128205128,False,False,-0.4590075427,0.0595776772,False,False,-0.6466490216,0.0067873303,730-1459d,25-100m
DODOUSDT,2023-03-01,2023-02-28,0.2027746879,2.0000000000,0.5669088041,36875568.2687200010,669,TRADING,False,False,-0.0356870984,-0.0651503470,False,False,-0.1362243451,-0.1727062452,False,False,-0.2379367457,-0.2675404780,False,False,-0.4482545758,-0.3114880493,False,False,-0.5698320433,-0.3438704703,365-729d,25-100m
DOGEUSDT,2021-06-15,2021-06-14,0.2293958226,2.0000000000,0.3256162027,427464905.6831430197,45,TRADING,True,False,-0.0660862751,-0.0225531785,True,False,-0.0373733309,-0.0655537584,True,False,-0.1568744794,-0.4545426801,True,False,-0.0969533784,-0.2154606769,True,False,-0.2429203655,-0.3969237342,240-364d,100-500m
DOGEUSDT,2024-10-19,2024-10-18,0.2523782010,1.0000000000,0.6044296001,349018617.5960199833,1267,TRADING,True,True,0.1581463344,0.0503791193,True,True,0.2231127201,0.0474628171,True,False,-0.1997150616,-0.0404636920,True,False,0.1215036254,0.1603966171,True,False,0.0024237868,1.6759988335,730-1459d,100-500m
DOGEUSDT,2024-10-29,2024-10-28,0.2246221669,2.0000000000,0.6705300479,487125057.1860299706,1277,TRADING,True,True,0.0246606004,0.0891861761,True,False,0.0123969452,0.0011148272,True,False,-0.0455694971,-0.0200668896,True,True,-0.0097856077,1.1761426979,True,False,-0.0878572676,1.4831537223,730-1459d,100-500m
DOGEUSDT,2024-11-03,2024-11-02,0.2509383979,1.0000000000,0.7322843207,201789654.0114499927,1282,TRADING,True,False,-0.1796355658,-0.0511438421,True,True,-0.0247178697,0.0654340332,True,True,0.0388000136,0.3719837042,True,False,-0.1236455076,1.2827326857,True,False,-0.1674326953,1.6610466938,730-1459d,100-500m
DOGEUSDT,2024-11-06,2024-11-05,0.2570163985,1.0000000000,0.7075664509,660058812.2059400082,1285,TRADING,True,True,-0.0090156260,0.1557150421,True,True,0.0322810608,0.1881287135,True,True,-0.0415960260,1.2345432084,True,False,-0.1039506957,1.2981940114,True,False,-0.1341142619,1.5108535796,730-1459d,500m-2b
DOGEUSDT,2024-12-12,2024-12-11,0.2635693475,1.0000000000,0.8320394062,1195264275.4288001060,1321,TRADING,True,True,-0.0287177116,-0.0191053572,True,True,-0.0261685655,-0.0380174871,True,False,-0.1349958602,-0.1347277909,True,True,-0.1818277177,-0.1924786242,True,False,-0.3388534670,-0.1935655282,730-1459d,500m-2b
DOGEUSDT,2024-12-24,2024-12-23,0.2328478976,2.0000000000,0.6224829302,669749778.6762599945,1333,TRADING,True,False,-0.0030332574,0.0373265224,True,True,-0.0147943039,-0.0376342432,True,True,-0.0254536595,-0.0338800505,True,True,0.1331424200,0.1934024679,True,False,-0.2551099534,0.1167492384,730-1459d,500m-2b
DOGEUSDT,2024-12-26,2024-12-25,0.2484757123,2.0000000000,0.6502116884,391656942.4994400144,1335,TRADING,True,True,-0.0425230622,-0.0645769150,True,True,-0.0584446087,-0.0297311040,True,True,-0.0233532738,-0.0275177220,True,False,0.1193404817,0.0238387222,True,False,-0.4025242562,0.0494122574,730-1459d,100-500m
DOGEUSDT,2025-01-02,2025-01-01,0.2224987707,2.0000000000,0.6268584147,225584886.8199299872,1342,TRADING,True,True,0.0375854778,0.0424445606,True,True,0.1432980502,0.2143757881,True,False,0.1426937555,0.0528096454,True,False,-0.0071802025,0.1852797343,True,False,-0.3985756946,0.0115953619,730-1459d,100-500m
EGLDUSDT,2021-09-02,2021-09-01,0.2362276911,2.0000000000,0.7397883191,74958760.8548620045,124,TRADING,True,True,-0.0295826140,-0.0239514161,False,False,-0.0410186857,-0.0261649356,True,True,-0.0698189223,-0.0215108689,True,False,-0.0901370633,0.4688120779,True,False,-0.3283294181,0.3719847891,240-364d,25-100m
EGLDUSDT,2021-09-07,2021-09-06,0.2388531272,2.0000000000,0.7328845428,43363080.3743830025,129,TRADING,True,False,-0.1821625742,-0.1186770428,True,True,-0.0464591167,0.1142301278,True,True,-0.0419799850,0.4501945525,True,False,-0.2476844876,0.0313507504,True,False,-0.4984819472,0.2811006115,240-364d,25-100m
EGLDUSDT,2021-09-09,2021-09-08,0.2457707689,2.0000000000,0.6699693968,69955054.9868000001,131,TRADING,True,True,0.0164560293,0.1627030162,True,True,0.0230916969,0.3341067285,True,False,-0.0203181409,0.5011020882,True,True,-0.1636749969,0.3344547564,True,False,-0.3495090214,0.4941995360,240-364d,25-100m
EGLDUSDT,2021-09-22,2021-09-21,0.2331985392,2.0000000000,0.4952727083,205853139.8650000095,144,TRADING,True,True,0.0110216915,0.1515667234,True,True,0.0151840853,0.1910101111,True,False,-0.0568444098,0.0018520372,True,False,-0.1886518277,0.2238462309,True,False,0.0386892235,0.2476724397,240-364d,100-500m
EGLDUSDT,2021-11-19,2021-11-18,0.2668801118,1.0000000000,0.8291204212,90007681.9502000064,202,TRADING,True,True,0.0778376735,0.1265239948,True,True,0.0455739810,0.3817769131,True,True,-0.0277462150,0.4252269780,True,False,-0.3279817096,0.1584630350,True,False,-0.6326272577,-0.1757457847,240-364d,25-100m
EGLDUSDT,2021-11-26,2021-11-25,0.2339002033,2.0000000000,0.8013742063,183461941.2542999983,209,TRADING,True,True,-0.0097920555,-0.0932793375,True,False,-0.0399107263,-0.0604040588,True,False,-0.3002354946,-0.1871729535,True,False,-0.5339556094,-0.3943213359,False,False,-0.5994977553,-0.4184829595,240-364d,100-500m
ELFUSDT,2023-02-26,2023-02-25,0.3227185447,1.0000000000,1.4429528405,25053139.3618399985,536,BREAK,False,False,-0.1449405720,-0.0341880342,False,False,-0.2068851343,-0.0297435897,False,False,-0.1204786748,-0.0222222222,False,False,0.0029597922,0.0560683761,False,False,-0.4659074059,0.0147008547,365-729d,25-100m
ELFUSDT,2023-12-24,2023-12-23,0.2429117629,2.0000000000,1.0169175910,58636092.1923300028,837,BREAK,True,False,-0.4958169171,-0.2511544920,False,False,-0.6055946457,-0.3308144416,False,False,-0.7006528097,-0.3729009236,False,False,-0.7852875663,-0.3918975651,False,False,-0.6762231120,-0.3996641478,730-1459d,25-100m
EOSUSDT,2025-05-08,2025-05-07,0.2412533048,2.0000000000,0.2801164964,59362781.4047100022,1468,BREAK,True,False,0.0612126494,0.0445447889,True,False,0.1683562026,0.1464486209,True,False,0.0023331552,-0.0291676837,False,False,-0.2328905410,-0.0776177691,False,False,,,1460d+,25-100m
EOSUSDT,2025-05-12,2025-05-11,0.2524178175,1.0000000000,0.4499130669,30113816.0490700006,1472,BREAK,True,False,-0.0193666349,-0.0487857528,True,False,-0.1674634152,-0.1413923368,False,False,-0.2800521377,-0.1188343227,False,False,-0.3759401309,-0.1732325958,False,False,,,1460d+,25-100m
EOSUSDT,2025-05-17,2025-05-16,0.0984457663,2.0000000000,0.3020790717,41553726.0093400031,1477,BREAK,False,False,-0.1386599698,-0.0383838384,False,False,-0.1532702241,-0.0773618538,False,False,-0.3041485905,-0.1330956625,False,False,,,False,False,,,1460d+,25-100m
ETCUSDT,2021-07-31,2021-07-30,0.2489150670,2.0000000000,0.3600103684,101407180.9278829992,91,TRADING,True,False,0.0378948571,0.0070835704,True,True,0.1700032036,0.0071031925,True,True,0.2230252722,0.0419323823,True,False,0.2453613470,0.2609932696,True,False,0.0042959521,0.2407040402,240-364d,100-500m
ETCUSDT,2021-08-03,2021-08-02,0.2251451344,2.0000000000,0.5300135721,81773678.9069509953,94,TRADING,True,False,-0.0365333050,-0.0365124208,True,True,0.0450275136,0.0215489528,True,False,0.0603292939,0.1501997077,True,False,0.1701679551,0.3450754993,True,False,-0.2089006595,0.3395031661,240-364d,25-100m
ETCUSDT,2021-08-05,2021-08-04,0.2205886174,2.0000000000,0.5574187573,77634435.8796630055,96,TRADING,True,True,0.0176223284,0.0165774779,True,True,0.1186403847,0.1747130448,True,False,0.1008148124,0.1773111525,True,False,0.0665081326,0.2399565689,False,False,-0.4524214477,0.3568326353,240-364d,25-100m
ETHUSDT,2021-05-21,2021-05-20,0.2531674747,1.0000000000,0.4587117197,7750201898.6674413681,20,TRADING,True,True,-0.0392063937,-0.1219524528,True,False,-0.1322683009,-0.2428032738,True,True,-0.0860821208,-0.0095318245,True,False,-0.1612124177,0.0320123383,True,False,-0.1665473121,-0.2181411678,240-364d,2b+
ETHUSDT,2021-05-25,2021-05-24,0.2394792169,2.0000000000,0.3547943615,5180244966.7212314606,24,TRADING,True,True,0.0075968273,0.0214013585,True,True,0.0178352373,0.0354172094,True,True,-0.0437367608,0.0217940440,True,True,-0.0358271834,-0.0212880839,True,False,-0.0587603372,-0.2568653882,240-364d,2b+
ETHUSDT,2021-06-01,2021-05-31,0.2318224982,2.0000000000,0.3110576007,3277131772.1340703964,31,TRADING,True,False,-0.0205997319,-0.0264508619,True,False,-0.0135582988,0.0558357815,True,True,0.0079095774,-0.0421632208,True,False,-0.0376744288,-0.0463315042,True,True,0.1362596237,-0.1590710049,240-364d,2b+
ETHUSDT,2021-06-03,2021-06-02,0.2372050160,2.0000000000,0.3111268488,2616566301.6287875175,33,TRADING,True,False,-0.0136275469,0.0558084709,True,False,-0.0159712391,-0.0290035548,True,True,0.0104191733,-0.0354886151,True,False,-0.0668790336,-0.1250193998,True,False,0.0241408627,-0.2040078042,240-364d,2b+
ETHUSDT,2021-07-29,2021-07-28,0.2577138030,1.0000000000,0.3915256478,1649860557.2934496403,89,TRADING,True,True,0.0449377531,0.0356469208,True,True,0.0746878940,0.1000260768,True,True,0.3145359231,0.1842235647,True,True,0.5396823131,0.3735929419,True,False,0.2676999270,0.4226824286,240-364d,500m-2b
ETHUSDT,2021-08-31,2021-08-30,0.2503878811,1.0000000000,0.7181108036,2027490192.4973871708,122,TRADING,True,True,0.0237048043,0.0617901686,True,True,0.0389736761,0.1722111443,True,True,0.0831787117,0.2158537794,True,False,-0.1758133776,0.0172496006,True,False,-0.5157985745,-0.1174093707,240-364d,2b+
ETHUSDT,2021-09-17,2021-09-16,0.2484726500,2.0000000000,0.7705578061,1680487713.2244648933,139,TRADING,True,False,-0.1339556374,-0.0471331117,True,True,-0.0954583014,-0.0670855778,True,False,-0.5126677159,-0.1164468411,True,False,-0.5463283110,-0.1590171470,True,False,-0.3693749885,0.0734252995,240-364d,500m-2b
ETHUSDT,2021-09-19,2021-09-18,0.2579114120,1.0000000000,0.7206198119,1090387917.4296889305,141,TRADING,True,True,-0.0455203073,-0.0311499459,True,False,-0.5251843252,-0.1949389342,True,False,-0.4326722295,-0.1495820284,True,False,-0.3851266703,-0.0139362681,False,False,-0.3838629742,0.0900327159,240-364d,500m-2b
ETHUSDT,2021-10-18,2021-10-17,0.2157701291,2.0000000000,0.4380146131,1406207658.8407680988,170,TRADING,False,False,-0.1012577753,-0.0264866059,True,True,0.1632724171,0.0817032117,True,True,0.4696182852,0.0612137203,True,False,0.3862401029,0.1144728804,True,False,0.4227308074,0.0943395245,240-364d,500m-2b
ETHUSDT,2021-10-21,2021-10-20,0.2302642697,2.0000000000,0.6012870302,2149449047.3673105240,173,TRADING,True,True,0.0881089862,-0.0259928145,True,True,0.2468533797,0.0014346995,True,True,0.1925323771,-0.0574720931,True,False,0.2393713845,0.1062686998,True,True,0.3164908568,0.0321089122,240-364d,2b+
ETHUSDT,2021-11-02,2021-11-01,0.2326556782,2.0000000000,0.8457327041,1794319887.3023600578,185,TRADING,True,True,0.0219587330,0.0626147431,True,True,0.0228097367,0.0492865957,True,True,0.1540982408,0.1131052014,True,True,0.1551573811,0.0565699641,True,True,-0.0265569051,0.0610080497,240-364d,500m-2b
ETHUSDT,2021-11-05,2021-11-04,0.2370532997,2.0000000000,0.8685424409,1663942873.7930359840,188,TRADING,True,True,0.0639605727,-0.0128146292,True,True,0.1419535357,0.0177105765,True,True,0.2158245470,0.0411886186,True,False,-0.2423409183,-0.1181337593,True,True,-0.1270023539,-0.0915800297,240-364d,500m-2b
ETHUSDT,2021-11-20,2021-11-19,0.2514823778,1.0000000000,0.9177778870,1740904041.2839980125,203,TRADING,True,True,0.0468669188,0.0273379653,True,False,-0.1984329355,-0.0486150565,True,False,-0.2207840490,-0.0590393875,True,True,-0.2141680836,-0.0184014939,True,True,-0.3795316997,-0.0862958582,240-364d,500m-2b
ETHUSDT,2021-11-24,2021-11-23,0.2583818694,1.0000000000,0.8787303627,2125825553.2223231792,207,TRADING,True,True,-0.0304499171,-0.0161495493,True,False,-0.1817365247,-0.0687277621,True,True,-0.0057778444,0.0670178641,True,True,-0.0777385183,-0.0076138857,True,True,-0.3150133728,-0.0525482551,240-364d,2b+
ETHUSDT,2021-11-28,2021-11-27,0.2433767239,2.0000000000,0.7666670110,1133169071.3503899574,211,TRADING,True,True,-0.0030957357,0.0487120570,True,True,0.1062855073,0.1306305536,True,True,-0.0251269241,0.0053622576,True,True,-0.1343511574,-0.0014455631,True,False,-0.3435871883,-0.0141772622,240-364d,500m-2b
ETHUSDT,2023-01-16,2023-01-15,0.1588660598,2.0000000000,0.7397801073,596626752.2978430986,625,TRADING,True,True,0.3192605845,0.0157292660,True,True,-0.0802840273,-0.0264666478,True,True,0.0270837880,0.0482570273,False,False,-0.4249740381,0.0593873187,True,False,-0.1488520741,0.0020547239,365-729d,500m-2b
ETHUSDT,2023-03-09,2023-03-08,0.2266585580,2.0000000000,0.3926674365,714552395.9932790995,677,TRADING,True,True,0.0547880497,-0.0620342213,True,False,-0.1596215642,-0.0394223365,False,False,-0.5042207678,0.0767303149,False,False,-0.4955809983,0.1317884598,False,False,-0.3646596028,0.2162257404,365-729d,500m-2b
ETHUSDT,2023-04-17,2023-04-16,0.2734338171,1.0000000000,0.8625093807,673034613.4158350229,716,TRADING,True,True,0.0319741005,-0.0210839819,False,False,-0.5460624772,-0.0872906116,False,False,-0.5372287747,-0.1211467572,False,False,-0.9762801680,-0.1173283239,False,False,-0.6468564895,-0.1389834188,365-729d,500m-2b
ETHUSDT,2023-05-27,2023-05-26,0.2388961618,2.0000000000,0.6754083720,501773973.8799369335,756,TRADING,True,True,-0.0599899761,0.0011489285,True,True,0.1140419701,0.0354581216,True,True,0.3880774444,0.0431614135,True,True,0.1614313291,0.0068826287,False,False,-1.0006695440,0.0388501961,730-1459d,500m-2b
ETHUSDT,2024-01-14,2024-01-13,0.2749064757,1.0000000000,0.7233242727,1075466481.7204198837,988,TRADING,True,True,-0.1045017578,-0.0408503640,True,True,-0.0075419141,0.0035722736,True,False,-0.0719725015,-0.0411839314,False,False,-0.5942731320,-0.1203363600,False,False,-0.2948947467,0.0317276849,730-1459d,500m-2b
ETHUSDT,2024-02-20,2024-02-19,0.1789998063,2.0000000000,1.2005023266,1302430726.1296610832,1025,TRADING,True,True,0.0885985317,0.0237741103,True,True,0.4892408767,0.0090328715,True,True,0.3088030377,0.0784908992,False,False,-0.1128493274,0.2319206737,False,False,-1.0087120475,0.1941490084,730-1459d,500m-2b
ETHUSDT,2024-03-02,2024-03-01,0.2809826073,1.0000000000,1.3347837186,1405295834.5726940632,1036,TRADING,True,True,0.0277940294,-0.0035037848,False,False,-0.2471307194,0.0565993773,True,True,-0.1042850789,0.1310438832,False,False,-0.7637939526,0.0899275651,False,False,-1.2052015371,0.0617050588,730-1459d,500m-2b
ETHUSDT,2024-03-06,2024-03-05,0.2987076693,1.0000000000,1.3035901738,5043847679.6834802628,1040,TRADING,True,True,0.0662267056,0.0745543315,True,True,-0.0730915341,0.0927806621,False,False,-0.5846141621,0.1199639807,False,False,-1.2375136590,-0.1111561352,False,False,-1.2561981481,-0.0636669340,730-1459d,2b+
ETHUSDT,2024-06-20,2024-06-19,0.2041846123,2.0000000000,0.7220712296,1138419054.6529269218,1146,TRADING,True,True,-0.1028072895,-0.0133211253,True,False,-0.1217728910,-0.0181884056,True,False,-0.1674436030,-0.0531019433,True,False,-0.1907447291,-0.0744359656,False,False,-0.6398850749,-0.0160033254,730-1459d,500m-2b
ETHUSDT,2024-06-25,2024-06-24,0.2377409563,2.0000000000,0.5999808473,1807046957.9652192593,1151,TRADING,True,False,-0.0301148198,0.0125807924,True,True,0.1926937163,0.0291434145,True,True,0.2257921429,0.0266857158,False,False,-0.6955594154,-0.0995367954,False,False,-0.7507498928,-0.0050466336,730-1459d,500m-2b
ETHUSDT,2024-06-28,2024-06-27,0.2564703306,1.0000000000,0.7926745636,687897292.1454139948,1154,TRADING,True,True,-0.0181801886,-0.0203713150,True,True,-0.0733708746,-0.0035589664,False,False,-0.8079016364,-0.1132435284,False,False,-0.7331111162,-0.1016884803,False,False,-1.1839881794,-0.0583780619,730-1459d,500m-2b
ETHUSDT,2024-07-19,2024-07-18,0.2378075465,2.0000000000,0.4439504943,829503482.7670120001,1175,TRADING,False,False,-0.3617643396,0.0224806654,False,False,-0.4765729082,0.0319334598,False,False,-0.8751834572,-0.0732584270,False,False,-0.8009260693,-0.0651101707,False,False,-0.9829484637,-0.2369735882,730-1459d,500m-2b
ETHUSDT,2025-06-12,2025-06-11,0.1460767033,2.0000000000,0.2723916259,2388186204.9777660370,1503,TRADING,False,False,-0.0977376353,-0.0465289128,False,False,-0.2710462515,-0.0868989504,False,False,-0.3827933724,-0.0889771649,False,False,-0.4521222332,-0.1274060925,True,False,0.1706843744,0.0673290975,1460d+,2b+
ETHUSDT,2025-08-01,2025-07-31,0.2528468072,1.0000000000,1.1007370721,1961880275.4025471210,1553,TRADING,True,True,-0.2111134739,-0.0568328381,True,True,-0.2598754057,-0.0545237252,True,False,-0.1396586038,0.0573006092,True,False,-0.0298817980,0.2294106354,True,False,-0.3524589037,0.1825956700,1460d+,500m-2b
ETHUSDT,2025-08-11,2025-08-10,0.2010161127,2.0000000000,1.0401124279,2091948332.5891139507,1563,TRADING,True,True,0.0249384384,-0.0064344311,True,False,0.0798347553,0.1173324989,True,False,0.1081284457,0.0521718264,True,False,-0.0784685146,0.1245903491,True,False,-0.2907317095,0.0140028279,1460d+,2b+
ETHUSDT,2025-10-04,2025-10-03,0.1910627688,2.0000000000,1.0001213676,2184423024.5825448036,1617,TRADING,True,True,0.0843717862,-0.0056992557,True,False,0.2019412755,0.0379226523,True,False,-0.7470619402,-0.1513781695,True,False,-0.6168776718,-0.1509682309,True,False,-0.6829428273,-0.1343468790,1460d+,2b+
FETUSDT,2021-09-08,2021-09-07,0.2386266275,2.0000000000,0.6314457273,227625920.2422539890,130,TRADING,True,False,-0.0251737332,-0.0266593527,True,False,-0.0563130558,-0.1329676358,True,False,-0.0876854558,-0.0032912781,True,False,-0.2553068167,-0.3383433900,True,False,-0.3375414081,-0.2174437740,240-364d,100-500m
FETUSDT,2023-03-08,2023-03-07,0.2427401905,2.0000000000,0.4311395553,26887667.2368000001,676,TRADING,True,False,-0.0484263578,-0.1316183816,True,True,0.0209726546,-0.1658341658,True,True,0.0469154719,0.1251248751,False,False,-0.0607817104,-0.0122377622,False,False,-0.2694627504,-0.1193806194,365-729d,25-100m
FETUSDT,2023-03-11,2023-03-10,0.2496710295,2.0000000000,0.4521122099,37655512.0979000032,679,TRADING,False,False,0.0025467425,-0.0556886228,True,False,0.0058174784,0.1634730539,True,True,0.0281156813,0.3500000000,False,False,-0.0989981184,0.1005988024,False,False,-0.2968715652,0.0293413174,365-729d,25-100m
FETUSDT,2023-03-13,2023-03-12,0.2628278712,1.0000000000,0.5039417025,26738974.6986000016,681,TRADING,True,False,-0.0460120142,0.0229007634,True,True,-0.0754368405,0.0779152409,True,True,-0.0588323873,0.1045011845,False,False,-0.1218941809,-0.0197420374,False,False,-0.2741817121,-0.0731771519,365-729d,25-100m
FETUSDT,2023-03-15,2023-03-14,0.2409975272,2.0000000000,0.4780550272,93650671.4678000063,683,TRADING,True,True,-0.0495501652,-0.0910099889,True,True,0.0021728640,0.0008879023,False,False,-0.1076971823,-0.1220865705,False,False,-0.0863616151,-0.2091009989,False,False,-0.1396602646,-0.1984461709,365-729d,25-100m
FETUSDT,2023-03-20,2023-03-19,0.2416662581,2.0000000000,0.4451093152,26794659.8053000011,688,TRADING,True,True,-0.0606472423,-0.0655386082,True,False,-0.0679671715,-0.0958055291,False,False,-0.0630617936,-0.1124880839,False,False,-0.1074990006,-0.1680171592,True,True,0.1707006970,0.0116777884,365-729d,25-100m
FETUSDT,2023-03-30,2023-03-29,0.2557162360,1.0000000000,0.4224165194,36070846.4258999974,698,TRADING,False,False,-0.0347287036,-0.0511821252,False,False,-0.0519062565,-0.0558586646,False,False,-0.1350611686,-0.0548194336,False,False,-0.2117905812,-0.1122369447,False,False,-0.1099228602,-0.1351000260,365-729d,25-100m
FETUSDT,2023-04-15,2023-04-14,0.2237246319,2.0000000000,0.5421731729,75039834.4749000072,714,TRADING,True,False,-0.0522840514,0.0054320988,True,False,0.1785698314,0.0523456790,False,False,-0.2235516369,-0.1770370370,False,False,-0.2296795137,-0.1780246914,False,False,-0.8060928805,-0.4039506173,365-729d,25-100m
FETUSDT,2023-04-19,2023-04-18,0.2308507502,2.0000000000,0.6158100122,39646934.5243000016,718,TRADING,True,False,-0.1734417088,-0.1213191991,False,False,-0.2971884763,-0.2148409894,False,False,-0.3365079795,-0.1877502945,False,False,-0.3404499618,-0.2492343934,False,False,-0.8721337130,-0.4186101296,365-729d,25-100m
FLMUSDT,2023-09-23,2023-09-22,0.2325292609,2.0000000000,0.2538962501,45334490.3144000024,875,BREAK,True,False,-0.1970666909,-0.3706591070,False,False,-0.2730119210,-0.4266477675,False,False,-0.2681120685,-0.4301913536,False,False,-0.2963243466,-0.4670446492,False,False,-0.3966794873,-0.5024805103,730-1459d,25-100m
FLOKIUSDT,2024-06-16,2024-06-15,0.1523372255,2.0000000000,0.4798613026,48885492.6199385673,408,TRADING,True,False,-0.0431210957,0.0215738547,True,False,-0.1696754068,-0.1699743286,True,False,-0.2695360959,-0.1599526066,False,False,-0.2267537111,-0.1899684044,True,False,-0.3903285724,-0.0951816746,365-729d,25-100m
FLOWUSDT,2024-03-13,2024-03-12,0.2327764108,2.0000000000,0.9046610850,53887819.4038999975,957,TRADING,True,False,-0.1423811359,-0.0261557178,True,False,-0.3553165830,-0.1441605839,True,False,-0.4857471297,-0.2694647202,False,False,-0.3614269257,-0.1222627737,False,False,-0.7053620766,-0.2773722628,730-1459d,25-100m
FRONTUSDT,2023-09-20,2023-09-19,0.2151111130,2.0000000000,0.4002833730,26322225.3453000002,716,BREAK,True,False,0.0254382749,0.0850991114,True,True,-0.1082348909,0.4415584416,True,False,-0.1025855324,1.0799726589,False,False,-0.2521681052,0.1056049214,False,False,-0.3681450594,-0.1220095694,365-729d,25-100m
FRONTUSDT,2023-09-23,2023-09-22,0.2674707391,1.0000000000,0.2920484821,69422312.9416999966,719,BREAK,True,False,-0.0384053013,-0.1116642959,False,False,-0.0106575013,0.0244191560,True,False,-0.1113987781,-0.1201991465,False,False,-0.1601227257,-0.2373162636,False,False,-0.2195587058,-0.3293029872,365-729d,25-100m
FTMUSDT,2021-10-20,2021-10-19,0.2020528862,2.0000000000,0.4308290786,421554567.3777639866,172,BREAK,True,False,0.0443345830,0.0314371893,True,False,0.0822074728,0.1122817452,True,False,0.1295442625,0.3337864820,True,False,0.0860178952,0.1569310506,True,False,-0.1027652896,-0.2150473682,240-364d,100-500m
FTMUSDT,2023-01-14,2023-01-13,0.1677772216,2.0000000000,0.6778091294,60349413.5922000036,623,BREAK,True,True,-0.0127628778,0.1798021153,True,False,-0.0356680963,0.0859774821,True,False,-0.0921985899,0.1832139202,True,False,-0.0282012546,0.5933128625,True,False,-0.2650308351,0.5069941999,365-729d,25-100m
FTMUSDT,2023-01-24,2023-01-23,0.2322702391,2.0000000000,0.6940260069,74475859.1905999929,633,BREAK,True,True,-0.0850999532,-0.0649415277,True,False,-0.0299658488,0.2042796716,True,True,-0.0612987057,0.2002985817,True,False,-0.0712406094,0.3102761881,True,False,-0.3160579659,0.2637472008,365-729d,25-100m
FTMUSDT,2023-01-31,2023-01-30,0.2164776295,2.0000000000,0.6327273012,85843259.1376000047,640,BREAK,True,True,0.0341012384,0.1123548922,True,True,0.0703185946,0.2605721393,True,False,-0.0099419037,0.0916252073,True,False,-0.1480128365,-0.0400082919,True,False,-0.1946284086,-0.0283996683,365-729d,25-100m
FTMUSDT,2024-10-19,2024-10-18,0.2476217990,2.0000000000,0.5930383226,43660376.8464000002,1267,BREAK,False,False,-0.0641529965,-0.0176085176,True,False,-0.0695476561,0.0049140049,True,False,-0.3500724099,-0.1534261534,True,False,-0.4197560696,-0.1265356265,False,False,-0.8120402139,-0.0470925471,730-1459d,25-100m
FTTUSDT,2021-05-04,2021-05-03,0.2673785873,1.0000000000,1.1682924858,34457716.6493259966,3,TRADING,True,True,-0.1170077099,-0.0698738988,True,True,-0.0734938591,0.0017965106,True,True,-0.0057957025,0.0225254794,True,True,-0.2580869411,-0.1285541544,False,False,-0.8951576944,-0.3964588012,240-364d,25-100m
FTTUSDT,2021-05-07,2021-05-06,0.2696610693,1.0000000000,1.0947986267,27461028.7470350005,6,TRADING,True,True,0.0263782751,0.0104493568,False,False,0.1124831977,0.0507638721,True,True,-0.0161167065,-0.0576611374,True,True,-0.6475651412,-0.2984274235,True,False,-0.8607831689,-0.4222160913,240-364d,25-100m
FTTUSDT,2021-05-11,2021-05-10,0.2742249922,1.0000000000,1.1624967833,37508542.0951000005,10,TRADING,False,False,0.0380564192,0.0348515052,True,True,-0.0838148630,-0.0767645369,True,True,-0.2522912386,-0.1477514613,False,False,-0.8660053507,-0.4379666858,False,False,-0.9464758062,-0.4316315843,240-364d,25-100m
FTTUSDT,2021-05-13,2021-05-12,0.2718048513,1.0000000000,1.0746790832,39447470.1190019995,12,TRADING,True,True,0.0040028370,-0.0223088896,True,True,-0.0802630310,-0.0464604540,True,False,-0.6558536922,-0.3441150688,False,False,-0.7605273367,-0.3430416659,False,False,-0.8878129685,-0.4361593645,240-364d,25-100m
FTTUSDT,2021-05-18,2021-05-17,0.2719892259,1.0000000000,0.9102055446,31214229.3840310015,17,TRADING,True,True,0.0139743480,0.0107437361,True,True,-0.4629720591,-0.1934863622,False,False,-0.6137141121,-0.3405288614,False,False,-0.6455110710,-0.3255233111,False,False,-0.7530247629,-0.3677846495,240-364d,25-100m
FTTUSDT,2021-05-21,2021-05-20,0.2468325253,2.0000000000,0.4472334856,32227200.5170859993,20,TRADING,True,False,-0.0423344780,-0.1148524099,True,False,-0.1944408723,-0.3374050680,False,False,-0.1352434609,-0.1184899354,False,False,-0.1810753130,-0.1038906776,False,False,-0.3482772600,-0.2734780151,240-364d,25-100m
FTTUSDT,2021-08-10,2021-08-09,0.2245762561,2.0000000000,0.7197000754,45669941.1220479980,101,TRADING,True,True,0.0175862267,0.0021525657,False,False,0.0238202517,0.0079747432,True,False,0.0116502329,-0.0355890855,True,False,0.0552317294,0.0388281843,True,False,-0.1810018614,0.5635826893,240-364d,25-100m
FTTUSDT,2021-08-16,2021-08-15,0.2372929387,2.0000000000,0.9302290414,50844271.3592899963,107,TRADING,True,False,-0.1988787331,-0.0849623621,True,False,-0.2094057753,-0.0933846842,True,False,-0.1725619283,-0.0236719768,True,False,-0.5236625373,-0.0786018556,True,False,-0.4525765200,0.3164497870,240-364d,25-100m
FTTUSDT,2022-03-25,2022-03-24,0.3191867506,1.0000000000,0.8004798712,31126748.8464000002,328,TRADING,True,True,-0.0251319780,0.0048514251,False,False,0.0044914035,0.0509399636,True,False,-0.3084831071,-0.0129371336,False,False,-0.7704773604,-0.0792399434,False,False,-0.8857188989,-0.1706084496,240-364d,25-100m
FTTUSDT,2022-03-30,2022-03-29,0.2611061046,1.0000000000,0.6038981929,25258227.8531000018,333,TRADING,False,False,0.0036472841,0.0011739386,True,False,-0.0999480818,-0.0121306985,False,False,-0.1388862555,-0.0500880454,False,False,-0.5696901446,-0.1825474467,False,False,-0.7778597572,-0.2205047936,240-364d,25-100m
FUNUSDT,2025-06-22,2025-06-21,0.1292080919,2.0000000000,0.3157012753,97036004.6073590070,1513,BREAK,True,False,0.0527761548,0.2039864292,True,True,0.1006076157,0.3624540571,False,False,0.1224651991,0.4141928188,True,True,0.1773132944,0.8934124965,False,False,0.2115117108,1.3871925360,1460d+,25-100m
FUNUSDT,2025-06-25,2025-06-24,0.2425376487,2.0000000000,0.4163088910,58019852.2727660015,1516,BREAK,True,True,0.0078355286,0.0367296120,False,False,0.0067417732,0.0370408799,False,False,0.0725492039,0.0373521477,False,False,0.0816354198,0.3944801826,False,False,0.0034485232,0.4087985059,1460d+,25-100m
FUNUSDT,2025-07-05,2025-07-04,0.1575430749,2.0000000000,0.5044875745,49012252.6722069979,1526,BREAK,True,True,-0.0114730048,-0.0354313697,False,False,-0.0181370290,-0.0570358635,False,False,-0.0029118562,0.0970761918,False,False,0.0091098998,0.4069566470,False,False,-0.3750596884,-0.2797061789,1460d+,25-100m
HBARUSDT,2023-08-15,2023-08-14,0.1724622019,2.0000000000,0.4317028160,50155809.3316000029,836,TRADING,True,True,0.1055607402,0.0351681957,True,False,-0.1685895614,-0.1192660550,True,False,-0.0540909761,-0.0626911315,False,False,-0.2645080699,-0.1406727829,False,False,-0.7603575405,-0.2415902141,730-1459d,25-100m
HBARUSDT,2024-01-03,2024-01-02,0.2583272173,1.0000000000,1.0810487329,46237626.6565999985,977,TRADING,True,False,-0.3281765635,-0.0896907216,False,False,-0.5152415399,-0.1268041237,False,False,-0.9591568674,-0.2010309278,False,False,-0.8093058546,-0.1690721649,False,False,-0.9959107370,-0.2752577320,730-1459d,25-100m
HBARUSDT,2025-01-21,2025-01-20,0.2106787328,2.0000000000,0.6865551264,316715278.4502300024,1361,TRADING,True,False,-0.0644639154,-0.0128598568,True,True,-0.0358614340,-0.0410930878,True,False,0.0453964726,-0.0802571971,True,False,-0.3142632991,-0.1966389011,True,False,-0.4275693243,-0.3693117054,730-1459d,100-500m
HBARUSDT,2025-01-24,2025-01-23,0.2082054804,2.0000000000,0.6506936924,136142103.4139600098,1364,TRADING,True,True,0.0221164290,-0.0037184919,True,False,0.0732962582,-0.0149958853,True,False,0.0247065716,-0.0372153982,True,False,-0.5299404267,-0.3032094852,True,False,-0.4860994620,-0.3403334451,730-1459d,100-500m
HBARUSDT,2025-03-08,2025-03-07,0.1963838459,2.0000000000,0.4012554171,127257594.7518299967,1407,TRADING,True,True,0.0086035024,-0.0237368308,True,False,-0.1215620292,-0.1853364868,True,False,-0.1854431246,-0.1782412384,False,False,-0.3968122339,-0.2062352182,False,False,-0.8869979240,-0.3977639217,730-1459d,100-500m
HIFIUSDT,2023-09-16,2023-09-15,0.2263185181,2.0000000000,0.4450379150,148186635.9700999856,247,BREAK,True,False,-0.0377830840,0.4380380256,True,False,-0.3186955666,-0.4622530501,False,False,-0.3425759126,-0.5421440515,False,False,-0.3606627805,-0.5905121694,False,False,-0.4004501202,-0.6359695299,240-364d,100-500m
HNTUSDT,2021-10-04,2021-10-03,0.2270061489,2.0000000000,0.4760743830,28473035.9657000005,156,BREAK,False,False,-0.0786977633,-0.0307119591,False,False,-0.0959076362,0.0041879944,False,False,-0.1767295378,-0.1112145184,False,False,-0.1383105471,0.0116333178,False,False,0.3338013304,0.3313168916,240-364d,25-100m
HNTUSDT,2021-11-07,2021-11-06,0.2453344109,2.0000000000,0.9888245166,53483094.8274110034,190,BREAK,True,False,-0.1042165386,0.1963141026,True,False,-0.1261272750,0.2577457265,True,False,-0.1257238097,0.3547008547,False,False,-0.3380683921,0.2451923077,False,False,-0.6654105901,-0.1688034188,240-364d,25-100m
HNTUSDT,2021-11-11,2021-11-10,0.2273193733,2.0000000000,0.8847688677,51328750.7863999978,194,BREAK,True,False,-0.0357175538,-0.0389559027,True,False,-0.0216681608,0.0029661855,True,False,-0.1350317522,-0.1010480522,False,False,-0.2859561488,-0.1350603124,False,False,-0.5331490610,-0.4445323314,240-364d,25-100m
HOTUSDT,2023-12-30,2023-12-29,0.2469577200,2.0000000000,0.8728996602,25932913.4278759994,973,TRADING,False,False,-0.1402678562,-0.0658682635,False,False,-0.2532475546,-0.0883233533,False,False,-0.5306633938,-0.1957335329,False,False,-0.6505643375,-0.2451347305,False,False,-0.6369799443,-0.2926646707,730-1459d,25-100m
ICXUSDT,2023-04-05,2023-04-04,0.2172218365,2.0000000000,0.3542553489,80682154.3820700049,704,TRADING,True,True,0.0096150419,0.0195825818,True,False,-0.0744482935,-0.0767843339,False,False,-0.2139056299,-0.1917031693,False,False,-0.1244499442,-0.1118268488,False,False,-0.3747667086,-0.2836897707,365-729d,25-100m
IMXUSDT,2023-03-16,2023-03-15,0.2356323312,2.0000000000,0.3819286981,50460032.2038000003,430,TRADING,True,True,0.0523934855,0.0214224507,True,True,0.1050897500,0.2767780634,True,False,-0.0539942174,0.0077120823,False,False,-0.1751053694,-0.0368466153,False,False,-0.1193362423,0.0402742074,365-729d,25-100m
IMXUSDT,2023-03-19,2023-03-18,0.2576777703,1.0000000000,0.4870184481,40959198.4012999982,433,TRADING,True,True,-0.0112103819,-0.0228187919,True,False,-0.1463284865,-0.1483221477,False,False,-0.2880261454,-0.2946308725,False,False,-0.3218452705,-0.2536912752,False,False,-0.2511883718,-0.2422818792,365-729d,25-100m
INJUSDT,2023-03-12,2023-03-11,0.2587824737,1.0000000000,0.4032281405,26178054.6873000003,680,TRADING,True,True,0.0515216766,0.1865168539,True,True,0.1105424180,0.3691813804,False,False,0.0794976865,0.4256821830,False,False,0.0167965822,0.2279293740,True,True,0.1896995242,1.0250401284,365-729d,25-100m
INJUSDT,2023-03-18,2023-03-17,0.2650160505,1.0000000000,0.5416033706,28434253.0075000003,686,TRADING,False,False,-0.0588775435,-0.0811090420,False,False,-0.0891134073,-0.1758741982,False,False,-0.0580437026,-0.1371818746,False,False,-0.0632225291,-0.0225532795,True,True,0.1730685022,0.9261328367,365-729d,25-100m
INJUSDT,2023-03-31,2023-03-30,0.2669665004,1.0000000000,0.4962562992,33777496.1803999990,699,TRADING,False,False,-0.0178754577,0.0044652350,False,False,-0.0652084007,0.0965341272,True,True,-0.0213689004,0.1960450776,True,True,0.1809796267,0.4303635977,True,True,0.1481677904,0.7184775675,365-729d,25-100m
INJUSDT,2023-04-02,2023-04-01,0.2799825999,1.0000000000,0.4766316533,33846822.4047000036,701,TRADING,False,False,-0.0455837549,-0.0054001929,True,True,-0.0154640351,0.0551591128,False,False,-0.0171119866,0.0435872710,True,True,0.1969554074,0.5812921890,True,True,0.1440168353,0.5143683703,365-729d,25-100m
INJUSDT,2023-04-04,2023-04-03,0.2834154077,1.0000000000,0.5169155451,50786421.0534999967,703,TRADING,True,True,-0.0557479269,-0.0687659574,True,True,-0.0420281463,-0.0425531915,True,True,0.0760121196,0.0737021277,True,True,0.2278452202,0.5417872340,True,True,0.1386548302,0.3509787234,365-729d,25-100m
INJUSDT,2023-04-07,2023-04-06,0.2717887735,1.0000000000,0.4748873988,28578317.8986000009,706,TRADING,True,True,0.0317597953,-0.0096000000,False,False,0.0769975515,0.0135111111,True,True,0.2023485271,0.1959111111,True,True,0.2302356651,0.4055111111,False,False,0.0101586724,0.2849777778,365-729d,25-100m
INJUSDT,2023-04-11,2023-04-10,0.2703171424,1.0000000000,0.5929276647,28844218.0696999989,710,TRADING,True,True,0.0691407468,0.0512048193,True,True,0.0843082612,0.0664235891,True,True,0.1518331005,0.4359543437,True,True,0.0460824546,0.1082752061,True,True,-0.1129673847,0.0542168675,365-729d,25-100m
INJUSDT,2023-05-06,2023-05-05,0.2433063027,2.0000000000,0.5719904971,28042490.8559000008,735,TRADING,False,False,-0.0869444259,-0.0746383306,False,False,-0.0940650581,-0.1469722187,True,False,-0.1730308982,-0.2143131481,True,True,-0.0126876207,-0.1022916400,False,False,0.1406327858,-0.0002560492,730-1459d,25-100m
INJUSDT,2023-05-11,2023-05-10,0.2383149969,2.0000000000,0.4799602801,36396671.6644999981,740,TRADING,True,False,-0.0915137106,-0.1300751880,False,False,-0.0719736870,-0.0947368421,False,False,-0.0129028361,-0.0063157895,False,False,0.0703722208,-0.0421052632,False,False,0.0367695331,0.0386466165,730-1459d,25-100m
INJUSDT,2023-05-20,2023-05-19,0.2355385921,2.0000000000,0.5593028764,35934959.4953000024,749,TRADING,True,True,0.0283398040,0.0292355961,False,False,-0.0351329770,-0.0479178551,False,False,0.0671167355,-0.0865658871,True,False,0.1329139683,0.1236451797,False,False,-0.4652482743,-0.1476041072,730-1459d,25-100m
INJUSDT,2023-05-30,2023-05-29,0.2442403600,2.0000000000,0.7538939126,43846159.6957999989,759,TRADING,True,True,-0.0078856784,0.0242882202,False,False,-0.0652019222,-0.0179462960,True,False,-0.1096396261,-0.0443934692,False,False,-0.5101030290,-0.2366752125,False,False,-0.4140436933,-0.0012144110,730-1459d,25-100m
INJUSDT,2023-06-22,2023-06-21,0.2450016642,2.0000000000,0.2844827766,28425742.4158000015,782,TRADING,False,False,-0.0086226566,-0.0267058166,False,False,-0.1091426474,-0.0349552573,False,False,0.0553674426,0.0349552573,False,False,0.3470151959,0.1581375839,False,False,0.6144400591,0.2581096197,730-1459d,25-100m
INJUSDT,2023-06-27,2023-06-26,0.1705230880,2.0000000000,0.2390448327,32456665.9162000008,787,TRADING,False,False,0.1057976490,0.0294277190,False,False,0.1795887754,0.0657716301,False,False,0.3691203734,0.1693788988,False,False,0.7696305139,0.1019799295,False,False,0.5837822859,0.0888256035,730-1459d,25-100m
INJUSDT,2023-07-14,2023-07-13,0.3344366681,1.0000000000,0.9863247705,26234042.1770999990,804,TRADING,True,True,0.0511967320,0.0772037861,False,False,-0.0839163162,0.0117459231,False,False,0.0379292197,0.0606682632,False,False,-0.2384921617,-0.0897479758,False,False,-0.5090371429,-0.1261261261,730-1459d,25-100m
INJUSDT,2023-10-24,2023-10-23,0.2828505788,1.0000000000,1.1130045360,56410977.7150000036,906,TRADING,True,True,0.0033505540,0.0733393995,True,True,0.0394360130,0.1037306642,False,False,-0.1156577204,0.2016378526,True,True,0.0078291561,0.5413102821,False,False,-0.3848268094,0.4611464968,730-1459d,25-100m
INJUSDT,2023-10-30,2023-10-29,0.2517083559,1.0000000000,1.0612955678,28397761.0027999990,912,TRADING,False,False,-0.0639487522,-0.0511567754,True,True,0.0076929724,0.0669636442,True,True,0.0500955027,0.1581405374,True,True,-0.0294284081,0.2422043397,True,True,-0.4106099146,0.1911194137,730-1459d,25-100m
INJUSDT,2023-11-01,2023-10-31,0.2551477813,1.0000000000,1.0192146828,27658191.9079000019,914,TRADING,True,True,0.0497738574,0.0496183206,False,False,0.0624070535,0.0407124682,True,True,0.1005493738,0.1969889737,True,True,-0.1654507335,0.0992366412,True,True,-0.3156542145,0.3020921685,730-1459d,25-100m
INJUSDT,2023-11-06,2023-11-05,0.2675372543,1.0000000000,1.1113910705,30574305.0494999997,919,TRADING,True,True,0.0094426215,0.0508716422,False,False,0.0339730340,0.0510577579,True,True,-0.0795239107,0.0725851480,True,True,-0.2982080387,0.0380296544,True,False,-0.5065594867,0.0665053663,730-1459d,25-100m
INJUSDT,2023-11-10,2023-11-09,0.2573569354,1.0000000000,1.1200904405,58369805.5251739994,923,TRADING,True,True,-0.0244562697,0.0980093748,True,True,-0.0882232808,0.0524745845,True,True,-0.3454934021,-0.0321422049,False,False,-0.4689822456,-0.0813903939,True,False,-0.4563910410,0.1332562245,730-1459d,25-100m
INJUSDT,2023-11-20,2023-11-19,0.2596392803,1.0000000000,0.8131830318,25545230.8867000006,933,TRADING,False,False,-0.0834764239,-0.0508008606,False,False,-0.0850053053,-0.0402820942,False,False,-0.1333736857,0.0205594071,True,False,-0.0997467768,0.0420153000,True,False,-0.0683003028,1.1742170691,730-1459d,25-100m
INJUSDT,2023-11-28,2023-11-27,0.2483646645,2.0000000000,0.6614688716,31644803.0432000011,941,TRADING,True,True,-0.0107832184,-0.0062342645,True,True,0.0420915966,0.1043040403,True,False,-0.0178994500,0.0106701834,True,False,0.0761102003,0.4377173001,True,False,0.0598563468,1.3511569356,730-1459d,25-100m
INJUSDT,2023-12-01,2023-11-30,0.2536294613,1.0000000000,0.7035604683,50096057.4685999975,944,TRADING,True,True,-0.0220231732,-0.0251329932,True,False,0.0098757868,-0.0535772446,True,False,-0.0365141221,-0.0086309847,True,True,0.0718890870,0.6496580176,True,False,-0.0134979070,1.0209532081,730-1459d,25-100m
INJUSDT,2023-12-07,2023-12-06,0.2443988477,2.0000000000,0.6166968910,35636374.7097999975,950,TRADING,True,False,0.0503494552,0.0753694871,True,False,0.0470025085,0.0961549785,True,True,0.1497591499,0.7223105458,True,False,0.1080183847,1.5007949126,True,False,-0.0273452749,1.2674439145,730-1459d,25-100m
INJUSDT,2023-12-14,2023-12-13,0.2420903985,2.0000000000,0.7664560409,115156019.1344400048,957,TRADING,True,True,0.0089935144,0.0389743590,True,False,0.0347428891,0.0110769231,True,False,-0.0417407652,0.4520000000,True,False,-0.0451308225,0.3409230769,True,False,-0.2719342902,0.2566153846,730-1459d,100-500m
INJUSDT,2024-01-23,2024-01-22,0.2405744600,2.0000000000,0.6065152214,55712956.9041000009,997,TRADING,True,True,0.0013306524,-0.0268595041,True,False,-0.0444943939,-0.0608028335,True,False,0.0184037353,0.1041912633,True,False,0.0067676768,-0.0560802834,True,False,-0.1369858153,0.0354191263,730-1459d,25-100m
JASMYUSDT,2024-04-09,2024-04-08,0.2676850685,1.0000000000,0.7908686313,35040450.5698195025,869,TRADING,True,True,-0.0156505541,-0.0503514494,True,True,-0.0220268240,0.0598612579,True,False,-0.2969103068,-0.1790784215,False,False,-0.2119682196,-0.0480543943,False,False,-0.4253696514,-0.1760463086,730-1459d,25-100m
JASMYUSDT,2024-05-27,2024-05-26,0.1991153197,2.0000000000,0.7451603592,63093083.5918691978,917,TRADING,True,True,0.0391685042,0.0590200445,True,True,0.0008218634,0.0048122813,True,False,0.0384214839,0.4376391982,True,False,0.0505749160,0.5696388801,True,False,-0.2979348757,0.2231546293,730-1459d,25-100m
JASMYUSDT,2024-06-05,2024-06-04,0.1606960139,2.0000000000,0.7848673984,160323324.4150486887,926,TRADING,True,False,-0.0042102913,-0.0411077993,True,True,0.0147280893,0.0132389468,True,True,-0.0446737252,-0.1287382017,True,True,-0.1724202205,-0.2015399901,True,False,-0.5593034284,-0.4510680576,730-1459d,100-500m
JASMYUSDT,2024-06-07,2024-06-06,0.1539267293,2.0000000000,0.7985113465,67160091.5564991981,928,TRADING,True,True,0.0010841412,0.0003187837,True,False,-0.0027760714,-0.0321971555,True,True,-0.1012293643,-0.1588769004,True,False,-0.4201937283,-0.2955615498,True,False,-0.5073638855,-0.3903874448,730-1459d,25-100m
JASMYUSDT,2024-06-12,2024-06-11,0.2433373197,2.0000000000,0.7401936732,59067704.6498807967,933,TRADING,True,True,0.0018091074,0.0754340451,True,True,-0.0176453887,-0.0517433076,True,True,-0.1277464953,-0.0835590273,True,False,-0.2929681897,-0.1232146421,False,False,-0.4300376150,-0.3380277675,730-1459d,25-100m
JASMYUSDT,2024-06-17,2024-06-16,0.1963580934,2.0000000000,0.7078122130,44539862.9485817030,938,TRADING,True,True,-0.0278635513,-0.0586638831,True,False,-0.2139564957,-0.2146920668,True,False,-0.3248814766,-0.2298277662,False,False,-0.2662839598,-0.2439979123,True,False,-0.2719798161,-0.2124217119,730-1459d,25-100m
JASMYUSDT,2024-07-28,2024-07-27,0.2496914165,2.0000000000,0.4748492339,36288680.3087003008,979,TRADING,False,False,0.0000114219,-0.0096784265,True,False,-0.1375842442,-0.0490165470,False,False,-0.3790779979,-0.2591320637,False,False,-0.4686740231,-0.3187636591,False,False,-0.4448313420,-0.3487355604,730-1459d,25-100m
JOEUSDT,2023-03-28,2023-03-27,0.2434901571,2.0000000000,0.3509669405,58232064.4574740008,455,TRADING,True,False,-0.0273537571,-0.0636055702,True,False,0.0233217270,0.1358675198,True,False,0.0106025204,0.1087692887,False,False,0.0205185194,0.1328566052,False,False,0.1341289882,-0.0602182913,365-729d,25-100m
JOEUSDT,2023-04-01,2023-03-31,0.2597338500,1.0000000000,0.3745902668,50090751.5507669970,459,TRADING,False,False,0.0015623438,0.0135425268,True,False,-0.0130208059,-0.0269199009,False,False,-0.0348618893,-0.0571428571,False,False,0.0522912363,0.0640792733,False,False,0.1369001208,-0.2203137903,365-729d,25-100m
JOEUSDT,2023-04-03,2023-04-02,0.2665787600,1.0000000000,0.3704851984,27590277.8148720004,461,TRADING,True,False,-0.0089157375,-0.0280435500,False,False,-0.0155078289,-0.0209501815,False,False,-0.0124861821,-0.0225998020,False,False,0.0368062533,0.0631804685,False,False,0.0682374695,-0.2860442098,365-729d,25-100m
JSTUSDT,2025-04-29,2025-04-28,0.2275085350,2.0000000000,0.4018161686,39537587.8172129989,1459,TRADING,False,False,-0.1847061899,-0.0631552671,False,False,-0.2343190632,-0.0659011483,False,False,-0.3994999921,-0.1200698952,False,False,-0.2036443726,-0.0381927109,False,False,-0.7465595822,-0.1268097853,730-1459d,25-100m
KAVAUSDT,2021-07-27,2021-07-26,0.2480122905,2.0000000000,0.2960708465,113924560.8372579962,87,TRADING,True,True,0.0675111891,0.0957735864,True,True,0.0671477270,0.0442077706,True,False,0.0434505829,0.1389500407,True,False,0.1117781926,0.1846056207,True,False,0.4769721262,0.6027845541,240-364d,100-500m
KAVAUSDT,2021-07-30,2021-07-29,0.2271018887,2.0000000000,0.3632185735,39767537.1715049967,90,TRADING,True,False,-0.1075533992,0.0043304843,True,False,-0.1183525305,-0.0075593542,True,False,0.0385106392,0.1489458689,True,False,0.0620042711,0.1193352327,True,True,0.4694471825,0.6438746439,240-364d,25-100m
KAVAUSDT,2021-08-23,2021-08-22,0.2457609626,2.0000000000,0.9227163862,138125198.1408379972,114,TRADING,True,False,-0.0073380132,0.0243051067,True,False,-0.1496734135,-0.0501968620,True,True,-0.1411417752,-0.0149850150,False,False,-0.3370592137,-0.0610565905,True,False,-0.8661640648,-0.4506669801,240-364d,100-500m
KAVAUSDT,2021-08-27,2021-08-26,0.2456502982,2.0000000000,0.7797098018,35872382.3379810005,118,TRADING,True,True,0.0335152341,0.0721134901,True,True,0.0018648092,0.1008800736,True,False,-0.0922935465,0.0675160909,True,False,-0.4221397061,-0.1154603967,True,False,-0.5850072934,-0.2242217260,240-364d,25-100m
LDOUSDT,2023-02-28,2023-02-27,0.2126886581,2.0000000000,0.5780167881,83292242.8123899996,295,TRADING,True,False,-0.0517241912,-0.0810893513,True,False,-0.0095329598,-0.0761933905,True,False,-0.1714281277,-0.2074663403,True,False,-0.2641786535,-0.1826805386,False,False,-0.5037910591,-0.2717258262,240-364d,25-100m
LINAUSDT,2023-06-17,2023-06-16,0.2628808863,1.0000000000,0.1189186400,28467675.0158109292,777,BREAK,True,True,-0.0155616684,0.0080569743,False,False,-0.0601333008,-0.0338105172,False,False,-0.0811562829,0.0367599453,False,False,-0.0037258140,-0.0135961442,False,False,0.0898005882,-0.0376231926,730-1459d,25-100m
LINAUSDT,2023-06-28,2023-06-27,0.0867716508,2.0000000000,0.0999764307,27158134.7033366598,788,BREAK,True,True,-0.0150354810,-0.0488779383,False,False,0.0152163953,-0.0869015116,False,False,-0.0575215904,-0.1051474995,False,False,0.1156255932,-0.0582672971,False,False,-0.0375567457,-0.1619497902,730-1459d,25-100m
LINKUSDT,2023-09-29,2023-09-28,0.1981124177,2.0000000000,0.6611772169,56335724.0691599995,881,TRADING,True,False,0.1217741135,0.0178045344,True,True,0.0938813879,0.0316382733,True,True,-0.1785618544,-0.0438068400,False,False,-0.3284242948,-0.0781350070,True,True,0.0929086014,0.3991289868,730-1459d,25-100m
LINKUSDT,2023-10-01,2023-09-30,0.3500000000,1.0000000000,0.8945457667,43246928.1742099971,883,TRADING,True,True,-0.1394871620,-0.0167256745,True,False,-0.4230188039,-0.0954706385,False,False,-0.4759557486,-0.0814308387,False,False,-0.4144735097,-0.1049932853,True,False,-0.0978402168,0.3697961177,730-1459d,25-100m
LINKUSDT,2023-10-05,2023-10-04,0.2247473774,2.0000000000,0.5648365576,41343272.9432099983,887,TRADING,True,True,-0.0822211951,-0.0272348189,False,False,-0.1462465395,-0.0195465207,True,True,-0.0625891214,-0.0368777691,False,False,-0.2853595555,-0.0414386239,True,True,0.2846741069,0.4933541830,730-1459d,25-100m
LINKUSDT,2023-10-09,2023-10-08,0.2466207244,2.0000000000,0.5276855397,40191832.5542299971,891,TRADING,True,False,-0.2479550578,-0.0517398671,True,True,-0.0254381035,-0.0367522481,False,False,-0.1310056898,-0.0325817803,True,True,0.2244383485,0.3280333637,True,False,0.4144336074,0.6994656588,730-1459d,25-100m
LINKUSDT,2023-10-12,2023-10-11,0.2830705742,1.0000000000,0.5022474361,27006057.0043700002,894,TRADING,False,False,-0.1694945141,-0.0262481396,False,False,-0.0221751791,-0.0081179813,False,False,-0.2227704340,-0.0047354891,True,False,0.2627840678,0.4961439589,True,True,0.4369737331,1.0961980787,730-1459d,25-100m
LINKUSDT,2023-10-14,2023-10-13,0.2688830769,1.0000000000,0.2909906486,30666618.6948999986,896,TRADING,False,False,0.1890816084,0.0103362734,True,False,0.1280428566,0.0370727674,True,False,-0.0380260961,0.0432745314,True,True,0.5046451608,0.5414829107,True,True,0.6518070292,1.2085170893,730-1459d,25-100m
LINKUSDT,2023-10-22,2023-10-21,0.2020064782,2.0000000000,0.5836058276,133634101.0098800063,904,TRADING,True,True,0.1685180606,0.1431456136,True,False,0.0914782833,0.1635629347,True,True,0.1704799906,0.2253758133,True,True,0.2758372327,0.2896567198,True,True,0.1620728493,0.6240744896,730-1459d,100-500m
LINKUSDT,2023-10-28,2023-10-27,0.2104602852,2.0000000000,0.7956358094,129451116.9482299984,910,TRADING,True,True,-0.0415499912,-0.0234242289,True,False,0.0010697405,0.0031291909,True,True,0.0538748551,0.0245864998,True,True,0.1435853599,0.3851586947,True,True,-0.0812670118,0.3201609298,730-1459d,100-500m
LINKUSDT,2023-11-04,2023-11-03,0.2287611996,2.0000000000,0.8495106645,98581602.6274899989,917,TRADING,True,True,0.0099323959,0.0031413613,True,False,0.0975603212,0.1329842932,True,True,0.0897105047,0.3519197208,True,False,-0.2022360991,0.1956369983,True,True,-0.1270792861,0.3704188482,730-1459d,25-100m
LINKUSDT,2023-11-09,2023-11-08,0.2397926394,2.0000000000,0.9620774843,175239537.2660900056,922,TRADING,True,False,-0.0337957000,-0.0211810443,True,False,0.0061252566,0.1044305919,True,False,-0.1851715875,0.0072390911,True,True,-0.2038166910,-0.0473892352,True,True,-0.1112340886,0.1344594142,730-1459d,100-500m
LINKUSDT,2023-11-11,2023-11-10,0.2307832775,2.0000000000,0.9392211692,190685843.6479800045,924,TRADING,True,False,0.0289815716,0.0635125541,True,False,-0.1359782951,-0.0732588911,True,False,-0.2919466038,-0.1156005938,True,True,-0.2000994027,-0.0652552766,True,True,-0.1599130984,0.0564125734,730-1459d,100-500m
LINKUSDT,2023-11-13,2023-11-12,0.2387234684,2.0000000000,0.9427976778,151077585.1866399944,926,TRADING,True,False,-0.1395548037,-0.1040249610,True,False,-0.1658917810,-0.0622776911,True,False,-0.2425004847,-0.0697035881,True,True,-0.2284288803,-0.0785647426,True,False,-0.3356993789,-0.0937285491,730-1459d,100-500m
LINKUSDT,2023-11-21,2023-11-20,0.2450201669,2.0000000000,0.7456786769,117470342.9303600043,934,TRADING,True,True,-0.0405840535,-0.0772259446,True,True,0.0100919769,-0.0054569317,True,True,-0.0754990370,-0.0201008496,True,True,-0.0427250739,0.0922843130,True,False,-0.1183132689,-0.0154728190,730-1459d,100-500m
LINKUSDT,2023-12-03,2023-12-02,0.2428811683,2.0000000000,0.6859420768,103112115.3696399927,946,TRADING,True,True,0.0364893015,-0.0179464732,True,True,-0.0592734259,-0.0164457229,True,True,0.0494907563,0.0127563782,True,False,-0.0150068141,-0.1045522761,True,False,0.0825541001,-0.0277638819,730-1459d,100-500m
LINKUSDT,2024-01-21,2024-01-20,0.2394099947,2.0000000000,0.6527610356,134024889.7229699939,995,TRADING,True,False,-0.1066046650,-0.0243964261,True,False,-0.1959971610,-0.0938470312,True,False,-0.1693371406,-0.0909955009,True,True,0.1648299939,0.1189404981,True,False,0.3450802457,0.2567010963,730-1459d,100-500m
LINKUSDT,2024-02-03,2024-02-02,0.2302965638,2.0000000000,0.8185454678,335752047.1034500003,1008,TRADING,True,True,-0.0009544383,-0.0095355620,True,True,0.1342583118,0.0749382993,True,False,0.0593122936,0.0360107696,True,True,0.1446479368,0.0966457258,True,False,-0.1372508953,0.1502692394,730-1459d,100-500m
LINKUSDT,2024-02-06,2024-02-05,0.1971458376,2.0000000000,0.9528037795,222110438.4020099938,1011,TRADING,True,False,-0.1463198213,-0.0457628887,True,False,-0.1904691479,-0.0496764767,True,False,0.0779268048,0.0678877061,True,False,0.0450375017,0.0348570236,False,False,-0.4571909004,0.0480588604,730-1459d,100-500m
LINKUSDT,2024-02-15,2024-02-14,0.2229810780,2.0000000000,1.0374489175,102253074.3366300017,1020,TRADING,True,True,-0.0210980936,-0.0152173913,True,False,0.0631800318,-0.0102766798,True,False,-0.2805673672,-0.0813241107,False,False,-0.5338206066,-0.0400197628,False,False,-0.8094634340,-0.0301383399,730-1459d,100-500m
LINKUSDT,2024-02-19,2024-02-18,0.1850025006,2.0000000000,1.1536637966,57911475.3454200029,1024,TRADING,True,False,-0.1558225154,-0.0142651225,True,False,-0.3967822463,-0.0757989960,True,False,-0.6025722271,-0.0694368507,True,False,-0.4723692242,0.0192852527,False,False,-1.2996955305,-0.1647199165,730-1459d,25-100m
LITUSDT,2023-01-27,2023-01-26,0.2631431129,1.0000000000,0.8391571605,26316087.3808999993,636,BREAK,False,False,0.0086202936,-0.0091911765,False,False,-0.1395916857,-0.0045955882,False,False,-0.6732119916,-0.0744485294,False,False,-0.2072034399,0.0818014706,False,False,-0.4565221942,0.1875000000,365-729d,25-100m
LPTUSDT,2025-05-31,2025-05-30,0.1148711234,2.0000000000,0.0767181598,283385981.4257100224,1464,TRADING,False,False,-0.0571651705,-0.1752340426,False,False,-0.0780433581,-0.2809361702,False,False,-0.0850240500,-0.3874893617,False,False,-0.0952513813,-0.4037446809,False,False,-0.1959459747,-0.4359148936,1460d+,100-500m
LTCUSDT,2023-01-13,2023-01-12,0.2096285349,2.0000000000,1.2997170980,120293965.4218599945,622,TRADING,True,True,0.0424414509,0.0016262051,True,True,0.2888166850,0.0148681612,True,True,-0.0118699674,-0.0218376118,True,True,-0.5443860895,0.0166105239,True,True,-0.1748191454,0.0951330003,365-729d,100-500m
LTCUSDT,2023-05-18,2023-05-17,0.2436130523,2.0000000000,0.4619527085,151079802.8144100010,747,TRADING,True,True,-0.0640304040,-0.0367490413,True,False,0.1221147124,-0.0155517682,False,False,-0.3956528085,-0.0858542821,True,False,-0.1453203785,-0.0368555603,False,False,-0.9718792660,-0.1890711547,730-1459d,100-500m
LTCUSDT,2023-07-01,2023-06-30,0.1877943898,2.0000000000,0.3184799846,544595250.6119400263,791,TRADING,True,True,-0.0206584747,-0.0147194112,True,True,-0.0715360119,-0.0131554738,True,True,-0.0404348235,-0.0963201472,False,False,-0.1562551401,-0.1248390064,False,False,-0.4173415784,-0.1349586017,730-1459d,500m-2b
LTCUSDT,2023-07-08,2023-07-07,0.1745298536,2.0000000000,0.2780451612,83882033.8315699995,798,TRADING,True,True,-0.0248996511,-0.0044792833,False,False,-0.0509130664,-0.0153720859,False,False,-0.1158203166,-0.0315585870,False,False,-0.4642143782,-0.0421459839,False,False,-0.9645711894,-0.1594217652,730-1459d,25-100m
LTCUSDT,2025-03-02,2025-03-01,0.2277897282,2.0000000000,0.6130448204,109769197.0772300065,1401,TRADING,True,False,-0.0705315677,0.0287989703,True,False,-0.4348279663,-0.1661169657,True,False,-0.4501010807,-0.1767355804,False,False,-0.6346228263,-0.2561338589,False,False,-1.1142757913,-0.3325557075,730-1459d,100-500m
LTOUSDT,2024-03-20,2024-03-19,0.2331581732,2.0000000000,0.8005843697,36440469.8418999985,1054,BREAK,False,False,-0.0671888643,-0.0018987342,False,False,-0.1522878616,0.0537974684,True,False,-0.1858324027,0.7632911392,False,False,-0.2898421667,0.4588607595,False,False,-0.4658232003,0.2481012658,730-1459d,25-100m
LUNAUSDT,2021-05-02,2021-05-01,0.2245949563,2.0000000000,0.8390057346,55257446.2934570014,1,TRADING,True,True,0.0230896904,0.0360164370,True,False,-0.0282102938,-0.0158327290,True,False,-0.0092139011,0.0267706067,True,False,-0.4630586551,-0.0808556925,True,False,-0.7685713249,-0.6044234953,240-364d,25-100m
LUNAUSDT,2021-05-06,2021-05-05,0.2263792260,2.0000000000,0.7744524841,147432213.9978690147,5,TRADING,True,False,0.0380183626,-0.0145097809,True,False,0.0553393495,-0.0018798097,True,False,-0.1438749968,-0.1412207014,True,False,-0.6191345692,-0.4432826176,True,False,-0.7226308332,-0.6256241556,240-364d,100-500m
LUNAUSDT,2021-05-10,2021-05-09,0.2337940051,2.0000000000,0.8396426647,92850939.2134730071,9,TRADING,True,False,-0.0309640090,-0.0672080979,True,False,-0.2090651774,-0.1396539548,True,False,-0.3027865322,-0.0484934087,True,False,-0.7937905213,-0.7595338983,True,False,-0.8215666102,-0.6704919962,240-364d,25-100m
LUNAUSDT,2021-07-29,2021-07-28,0.2422861970,2.0000000000,0.3680876194,148518780.3407810032,89,TRADING,True,False,-0.0259794189,0.0060103816,True,False,-0.0476783054,-0.0224023313,True,False,0.0919827286,0.3221928786,True,False,0.1533104393,0.5441216647,True,False,0.1619283750,1.9724068846,240-364d,100-500m
LUNAUSDT,2021-10-12,2021-10-11,0.2140636075,2.0000000000,0.4577369830,197415281.6976000071,164,TRADING,True,False,-0.0478210021,-0.0398467433,True,False,-0.1096287441,-0.0510855683,True,False,-0.1598356270,-0.0848020434,True,False,0.0212494468,0.0947637292,True,False,0.1249852497,0.2446998723,240-364d,100-500m
LUNAUSDT,2022-03-20,2022-03-19,0.2725399337,1.0000000000,0.4626502263,312873597.5652999878,323,TRADING,True,True,-0.0582347434,-0.0161763109,True,True,0.0001042806,0.0103137553,True,True,0.0221147597,-0.0080338725,True,True,0.2302903720,0.2504614048,True,False,-0.0108092811,-0.0110737162,240-364d,100-500m
LUNAUSDT,2022-03-24,2022-03-23,0.2587525529,1.0000000000,0.4709784191,245353098.7802000046,327,TRADING,True,True,-0.0175217317,-0.0128610584,True,True,0.0137865669,-0.0367910605,True,True,0.1283476499,0.1178578958,True,True,0.2630368995,0.1387307611,True,False,-0.0792596416,-0.0140206620,240-364d,100-500m
LUNAUSDT,2022-04-05,2022-04-04,0.2262235359,2.0000000000,0.7194208451,399306984.8763999939,339,TRADING,True,True,0.0712499324,-0.0012884384,True,True,-0.0364894372,-0.1108057035,True,False,-0.1340820873,-0.2911870813,True,False,-0.2675798999,-0.2175742999,True,False,-0.4496165788,-0.2597491840,240-364d,100-500m
MASKUSDT,2023-03-21,2023-03-20,0.2635242421,1.0000000000,0.4284374741,64626268.8391999975,665,TRADING,True,True,-0.0719981216,-0.0621498599,True,True,-0.0371347471,0.0828081232,True,False,-0.1104346836,-0.0028011204,True,False,-0.1985482038,0.0110294118,True,False,-0.2083447524,-0.1162464986,365-729d,25-100m
MASKUSDT,2023-03-24,2023-03-23,0.2403128313,2.0000000000,0.3913027270,92405996.1060999930,668,TRADING,True,True,-0.0077195708,-0.0517380760,True,True,-0.0305856841,-0.0114793856,True,False,-0.0759488190,0.0143896524,True,False,-0.2236119102,-0.1204527082,False,False,-0.1545647816,-0.2425222312,365-729d,25-100m
MASKUSDT,2023-03-29,2023-03-28,0.2476180775,2.0000000000,0.3759300561,80619476.9008000046,673,TRADING,True,False,-0.0027037506,0.0243607202,True,False,-0.0638798258,-0.0254198820,True,False,-0.1596566965,-0.1201392041,False,False,-0.1281019597,-0.1581177183,False,False,0.0169376903,-0.2756846724,365-729d,25-100m
MASKUSDT,2025-06-02,2025-06-01,0.2676492476,1.0000000000,0.2722274039,87051597.2457000017,1469,TRADING,True,True,-0.0302466645,-0.0344448516,False,False,0.0591135788,0.0784170026,False,False,-0.3451873777,-0.3653352877,False,False,-0.4299440530,-0.4877244412,False,False,-0.6499332630,-0.5727372664,1460d+,25-100m
MATICUSDT,2023-01-28,2023-01-27,0.2432375464,2.0000000000,0.8273824508,180539910.3612999916,637,BREAK,True,True,-0.0821807806,-0.0125992406,True,False,-0.3109835806,-0.0615291681,True,True,-0.1077234174,0.0752502589,True,True,-0.0145238381,0.0612702796,True,True,-0.1202685639,0.1060579910,365-729d,100-500m
MATICUSDT,2023-02-04,2023-02-03,0.2026587021,2.0000000000,0.7196590334,135208372.3756999969,644,BREAK,True,False,0.0230722906,0.0068218299,True,False,-0.0604928229,-0.0441412520,True,True,0.0931995792,-0.0130016051,True,True,0.2028856606,0.2230337079,True,False,-0.4192185547,-0.0882825040,365-729d,100-500m
MATICUSDT,2023-02-11,2023-02-10,0.2156528591,2.0000000000,0.8128586127,185373557.8473300040,651,BREAK,True,True,0.0192426030,0.0158562368,True,True,-0.0124340847,-0.0363473736,True,True,0.1096860814,0.2391445764,True,False,-0.2260621299,0.0286225403,True,False,-0.5966293529,-0.0656204261,365-729d,100-500m
MATICUSDT,2023-02-14,2023-02-13,0.2135304868,2.0000000000,0.8004245280,141872464.9224799871,654,BREAK,True,True,0.0577194092,0.0614294152,True,True,0.0540027412,0.1569487807,True,True,0.0613131570,0.2448738503,True,False,-0.2228401915,0.0416842461,False,False,-0.9016446502,-0.0621044638,365-729d,100-500m
MATICUSDT,2023-02-27,2023-02-26,0.2229449397,2.0000000000,0.7071138869,77133728.8976600021,667,BREAK,True,False,-0.1295295505,-0.0368260903,True,True,-0.0553239969,-0.0255910119,True,False,-0.4066734082,-0.1136771475,True,False,-0.4908846271,-0.1034563470,False,False,-0.8955659756,-0.1526878365,365-729d,25-100m
MATICUSDT,2023-03-02,2023-03-01,0.1997123355,2.0000000000,0.6517898901,90681614.9575199932,670,BREAK,True,False,-0.0452862861,-0.0172151493,True,False,-0.3631368926,-0.0970454000,False,False,-0.5280728998,-0.1586996557,False,False,-0.7530100123,-0.1100168148,False,False,-0.8116166573,-0.1051325166,365-729d,25-100m
MKRUSDT,2023-07-07,2023-07-06,0.1857645652,2.0000000000,0.3005159768,31702732.1112999991,797,BREAK,False,False,-0.0156821879,-0.0237849018,False,False,0.0326726537,-0.0062047570,False,False,0.0361265765,-0.0444674250,False,False,0.2939790147,0.0692864529,False,False,0.6917333265,0.2895553257,730-1459d,25-100m
MKRUSDT,2023-07-17,2023-07-16,0.2268763418,2.0000000000,0.5456917880,30068955.0727999993,807,BREAK,False,False,-0.0547168914,-0.0360453141,False,False,0.0234904948,0.0226570546,False,False,0.0572821444,0.1215242019,False,False,0.3659591251,0.2883625129,False,False,0.4705686308,0.2687950566,730-1459d,25-100m
MKRUSDT,2023-07-22,2023-07-21,0.2811102771,1.0000000000,0.6346964591,43764631.0511000007,812,BREAK,False,False,0.0141077826,0.0146386093,False,False,-0.0185111567,-0.0228728271,False,False,0.0944767284,0.0805123513,False,False,0.4076623921,0.1930466606,False,False,0.2394762709,0.0155535224,730-1459d,25-100m
MKRUSDT,2023-07-26,2023-07-25,0.1701997721,2.0000000000,0.6930474702,25631042.7646000013,816,BREAK,False,False,0.0179060841,0.0422163588,False,False,0.0361257174,0.0386983289,True,True,0.2030755634,0.1767810026,False,False,0.2721654027,0.0650835532,False,False,0.0095205805,-0.0914687775,730-1459d,25-100m
MKRUSDT,2023-07-28,2023-07-27,0.2996098811,1.0000000000,0.7055317770,30648188.7611999996,818,BREAK,False,False,0.0236414105,0.0137339056,False,False,0.2061191362,0.0738197425,False,False,0.2648806137,0.1081545064,False,False,0.3081879232,0.0806866953,False,False,0.0971631659,-0.1055793991,730-1459d,25-100m
MKRUSDT,2023-07-30,2023-07-29,0.2991760168,1.0000000000,0.7617135032,31450563.7076000012,820,BREAK,False,False,0.1499374100,-0.0249415433,True,True,0.1344095304,0.0428682775,False,False,0.2305358002,-0.0280592362,False,False,0.1968961620,-0.0452065472,False,False,0.1139159330,-0.1987529228,730-1459d,25-100m
MKRUSDT,2023-08-02,2023-08-01,0.2307471679,2.0000000000,0.8961230336,38277301.4165999964,823,BREAK,False,False,0.0716973181,-0.0306427504,False,False,0.1462358176,-0.0254110613,False,False,0.0690898393,-0.0949177877,False,False,0.1201373852,-0.0792227205,True,True,0.1026096736,-0.1367713004,730-1459d,25-100m
MKRUSDT,2023-09-30,2023-09-29,0.1347352324,2.0000000000,1.1984972465,29782553.5163000003,882,BREAK,False,False,0.1175661490,0.0543328748,True,True,-0.0307707484,-0.0027510316,False,False,-0.1071542667,-0.0089408528,False,False,-0.1192450238,-0.0165061898,False,False,-0.4052848067,-0.0206327373,730-1459d,25-100m
MKRUSDT,2023-10-03,2023-10-02,0.2311807068,2.0000000000,1.1677264981,26594099.5181000009,885,BREAK,False,False,-0.0586026440,-0.0172413793,False,False,-0.0034200958,0.0137931034,False,False,-0.2162786648,-0.0531034483,False,False,-0.1118474358,-0.0241379310,False,False,-0.8793825655,-0.0765517241,730-1459d,25-100m
MKRUSDT,2023-12-29,2023-12-28,0.2518137595,1.0000000000,0.9365136234,34438088.2392000034,972,BREAK,False,False,-0.1450802810,-0.0141116100,False,False,0.2254338932,0.0910840282,True,True,0.0401713664,0.1391917896,True,True,0.2133781732,0.3713919179,False,False,-0.1337724400,0.2847979474,730-1459d,25-100m
MKRUSDT,2024-01-03,2024-01-02,0.2416727827,2.0000000000,1.0113531907,55122364.5055999979,977,BREAK,True,True,0.0548837608,-0.0131147541,False,False,-0.0518802919,-0.0486338798,True,True,0.0681908887,0.0092896175,False,False,0.0293567171,0.0994535519,False,False,-0.2629797316,0.0901639344,730-1459d,25-100m
MKRUSDT,2024-01-09,2024-01-08,0.2332394435,2.0000000000,0.9485246788,53403296.8070999980,983,BREAK,True,True,0.1310194006,0.0159515952,True,True,0.2013671178,0.1760176018,False,False,0.1100992526,0.1100110011,False,False,0.0042343270,0.0632563256,False,False,-0.1894789690,0.0715071507,730-1459d,25-100m
MKRUSDT,2024-04-17,2024-04-16,0.2015609866,2.0000000000,0.5478648555,46327929.5931999981,1082,BREAK,True,False,-0.0551426623,-0.0346732126,True,False,-0.1546085121,-0.0948143602,False,False,-0.1693354127,-0.1021785824,False,False,-0.1825743826,-0.1822644983,False,False,-0.6125461983,-0.1736729058,730-1459d,25-100m
MKRUSDT,2024-07-15,2024-07-14,0.0839840382,2.0000000000,0.3450762774,25439869.6339999996,1171,BREAK,True,False,-0.0398696744,0.0513833992,True,False,-0.0889754288,0.0265900108,False,False,-0.2029286962,0.0406036651,False,False,-0.4284245589,-0.0528206971,False,False,-0.5273065025,-0.2314049587,730-1459d,25-100m
MKRUSDT,2025-06-04,2025-06-03,0.2560045897,1.0000000000,0.4392245006,28945690.0157999992,1495,BREAK,True,False,-0.0716622780,-0.0491978610,False,False,-0.0575857090,-0.0909090909,True,True,0.3193706115,0.1470588235,False,False,0.2471116660,0.0818181818,False,False,-0.1769942733,0.0365775401,1460d+,25-100m
MKRUSDT,2025-06-06,2025-06-05,0.1096615583,2.0000000000,0.4437767000,26343831.0300000012,1497,BREAK,False,False,-0.0621379085,-0.0179087233,False,False,-0.0112034901,0.0179087233,False,False,0.2605968374,0.1467359908,False,False,0.1493980245,0.1057192374,False,False,-0.3027013637,0.0612362796,1460d+,25-100m
MKRUSDT,2025-06-11,2025-06-10,0.1899644336,2.0000000000,0.7585951121,25511392.8275999986,1502,BREAK,False,False,-0.0772175059,-0.0391608392,False,False,0.0168592065,0.0079254079,False,False,-0.0722589455,-0.0568764569,False,False,-0.2791796774,-0.0703962704,False,False,-0.4070848522,-0.0586946387,1460d+,25-100m
MTLUSDT,2023-06-23,2023-06-22,0.2060678377,2.0000000000,0.1340895063,25221327.4116999991,783,TRADING,True,True,-0.0051796695,0.0110650069,False,False,-0.1172912674,-0.0262793914,False,False,-0.1577042948,-0.1251728907,False,False,-0.0427793671,-0.0919778700,False,False,0.3336674736,-0.0532503458,730-1459d,25-100m
NEARUSDT,2022-04-04,2022-04-03,0.2146061816,2.0000000000,0.6547950804,339955341.4520999789,338,TRADING,True,False,0.0159767333,0.0179622911,True,True,-0.0760126350,-0.0916552668,True,False,-0.1106303713,-0.0600130851,True,True,0.0035788747,-0.0672693749,False,False,-0.6055758721,-0.2863855350,240-364d,100-500m
NEARUSDT,2024-04-28,2024-04-27,0.1496636022,2.0000000000,0.5339594481,176874276.4433000088,1093,TRADING,True,True,-0.0183476749,-0.0130252101,True,False,-0.1175304306,-0.1324929972,True,True,0.0266909674,-0.0386554622,True,False,-0.1415379978,-0.0166666667,True,False,0.0180045670,0.0962184874,730-1459d,100-500m
NEARUSDT,2024-05-03,2024-05-02,0.1352540737,2.0000000000,0.4824639444,93599723.7833999991,1098,TRADING,True,True,0.0760408794,0.1292919336,True,False,0.0821446435,0.2304912108,True,False,0.0729788593,0.2286840808,True,False,0.0384434052,0.3177263020,True,False,0.1214234247,0.2115984886,730-1459d,25-100m
NEARUSDT,2024-05-09,2024-05-08,0.1280247756,2.0000000000,0.5170388393,79802775.9279000014,1104,TRADING,True,False,0.0384039645,0.0983991776,True,False,-0.1246173890,0.0311352622,True,False,0.0739897912,0.1825525040,True,False,0.1639568453,0.1728594507,True,False,-0.1578586009,0.0096930533,730-1459d,25-100m
NEARUSDT,2024-05-21,2024-05-20,0.2456606708,2.0000000000,0.7007362990,134094167.7265000045,1116,TRADING,True,False,-0.0800202056,-0.0569292003,True,False,-0.1134112377,-0.0718851767,True,False,-0.1487722839,-0.0559642986,True,False,-0.1670114347,-0.1411168737,False,False,-0.6298962947,-0.4015197202,730-1459d,100-500m
OMGUSDT,2021-09-21,2021-09-20,0.2397165199,2.0000000000,0.5436592588,399723378.0361049771,143,BREAK,True,False,-0.1693051412,-0.1701527386,True,False,-0.1519409610,-0.0400817200,True,False,-0.1278367850,-0.0935888705,True,True,-0.0852462529,0.6135810877,True,False,-0.1188117858,0.4269870610,240-364d,100-500m
OMGUSDT,2021-10-05,2021-10-04,0.2189628292,2.0000000000,0.4584130058,378609708.6895409822,157,BREAK,True,True,0.0178837968,-0.0622211504,True,True,0.0322701419,-0.0993006150,True,False,-0.0537617654,-0.1820812734,True,False,-0.0315437436,-0.1573013385,True,False,0.2920829096,-0.0747015555,240-364d,100-500m
OMGUSDT,2021-10-08,2021-10-07,0.2253018049,2.0000000000,0.4906831478,206960538.3089999855,160,BREAK,True,False,-0.0323293046,-0.0618515296,True,False,-0.1045090337,-0.1376932860,True,False,-0.0325286652,-0.0319967869,True,False,0.0197207433,-0.0106432827,True,False,0.1415282600,0.1162059040,240-364d,100-500m
OMGUSDT,2021-10-17,2021-10-16,0.2125393921,2.0000000000,0.4336105868,61203386.3514000028,169,BREAK,True,False,-0.0079567466,-0.0232311070,True,False,-0.0042582332,0.0050286848,True,False,-0.0137065959,0.0078617466,True,False,0.1435435373,-0.0410085700,True,False,-0.2511132796,-0.2085841773,240-364d,25-100m
OMUSDT,2024-03-17,2024-03-16,0.2087917093,2.0000000000,0.8653594064,35230233.1068916023,1051,BREAK,True,False,-0.1604324750,0.3235708862,True,False,-0.3434538945,0.4788371841,False,False,-0.3880245702,0.1941208374,False,False,-0.4168344755,0.4867122248,True,False,-0.4960992312,0.9219872003,730-1459d,25-100m
OMUSDT,2024-04-30,2024-04-29,0.1339926209,2.0000000000,0.4845303153,27738037.1581000015,1095,BREAK,False,False,-0.0555191457,-0.1063394683,False,False,-0.0561400702,-0.1025221541,False,False,-0.0155753076,0.0432174506,False,False,0.1055437110,-0.0410361282,False,False,0.0526308646,-0.0912065440,730-1459d,25-100m
OMUSDT,2024-06-02,2024-06-01,0.1954142046,2.0000000000,0.8479449650,39324908.4443899989,1128,BREAK,True,True,0.1736874943,0.0981150917,False,False,0.1630310015,0.1472974660,False,False,0.1014299628,0.1459243540,False,False,-0.2930089625,-0.0554237923,False,False,-0.2779235852,0.0385719636,730-1459d,25-100m
OMUSDT,2024-06-06,2024-06-05,0.1902055740,2.0000000000,1.0496775896,29724263.1893099993,1132,BREAK,False,False,-0.0231331893,-0.0074683407,False,False,-0.1003026618,-0.0063859725,False,False,-0.3665008962,-0.0764151964,False,False,-0.5058667448,-0.2011040156,False,False,-0.5535445096,-0.1457949995,730-1459d,25-100m
OMUSDT,2024-06-10,2024-06-09,0.1885096267,2.0000000000,0.9245387446,48210762.2084100023,1136,BREAK,True,True,-0.0761770538,-0.0012577399,False,False,-0.2413620512,-0.1744388545,False,False,-0.3312691842,-0.2739938080,False,False,-0.5530631111,-0.3658088235,False,False,-0.3106876254,-0.0714009288,730-1459d,25-100m
OMUSDT,2024-07-16,2024-07-15,0.1606906062,2.0000000000,0.6774719111,33429791.0666330010,1172,BREAK,True,True,-0.0339148486,0.0516906649,False,False,0.0383072427,0.0487785148,False,False,0.0556162974,0.0421452839,False,False,-0.0265540314,-0.0517715580,False,False,-0.1124056650,-0.2110499919,730-1459d,25-100m
OMUSDT,2024-12-19,2024-12-18,0.2642465475,1.0000000000,0.8207228546,34936303.3515999988,1328,BREAK,True,True,0.0321157229,0.0153477463,True,True,-0.0603949622,-0.0606006527,False,False,-0.0699465774,-0.0363043035,False,False,-0.1346885305,-0.0366612278,False,False,-0.1587342920,-0.0261829492,730-1459d,25-100m
OMUSDT,2025-01-09,2025-01-08,0.2304310281,2.0000000000,0.9540647815,25000978.1477000006,1349,BREAK,True,True,0.1303709759,-0.0475906903,False,False,0.2327370084,-0.0340429755,False,False,0.0280265873,-0.0345888542,False,False,-0.3500980444,-0.0823532331,True,True,-0.2935788651,0.4922336360,730-1459d,25-100m
OMUSDT,2025-01-27,2025-01-26,0.2235570758,2.0000000000,0.7555302991,174293234.9047800004,1367,BREAK,True,True,0.0091790338,-0.0081514817,True,True,-0.0274606441,-0.0129065127,True,True,-0.1117032151,0.0492485353,True,True,-0.1027828342,0.3056593360,True,True,-0.0702823603,0.6462808865,730-1459d,100-500m
OMUSDT,2025-03-03,2025-03-02,0.2772889578,1.0000000000,0.7374790444,36535300.9729999974,1402,BREAK,True,True,-0.0188338604,-0.0629186728,True,True,0.1271345807,-0.0710566255,True,True,-0.0622277790,-0.1919091480,True,True,0.0703052202,-0.1157891982,False,False,0.2570038791,-0.1716035169,730-1459d,25-100m
OPUSDT,2023-03-05,2023-03-04,0.2307309360,2.0000000000,0.4855829706,40995830.7371200025,277,TRADING,True,True,0.0609003761,0.0266047297,True,True,-0.0286545994,0.0143581081,True,True,-0.1097240757,-0.2031250000,True,False,-0.1451374050,0.1055743243,False,False,-0.5617034185,-0.0853040541,240-364d,25-100m
OPUSDT,2023-03-14,2023-03-13,0.2431622586,2.0000000000,0.4608316517,174861883.0507000089,286,TRADING,True,False,-0.0267997303,0.0363288719,True,False,-0.1523583614,-0.0508604207,True,False,-0.1649552315,-0.0543021033,False,False,-0.4244535036,-0.2091778203,False,False,-0.4380913563,-0.1273422562,240-364d,100-500m
OPUSDT,2023-08-08,2023-08-07,0.0970005187,2.0000000000,0.2764248547,53803447.3389799967,433,TRADING,False,False,-0.2155125841,-0.0656284761,False,False,-0.2198867536,-0.1212458287,False,False,-0.2649617098,-0.1490545050,False,False,-0.2438614011,-0.1501668521,False,False,-0.3720998392,-0.2591768632,365-729d,25-100m
PAXGUSDT,2025-04-22,2025-04-21,0.3500000000,1.0000000000,2.5416239341,30553368.0898000002,1452,TRADING,True,True,-0.8570937241,-0.0326400924,False,False,-0.7375682222,-0.0280184864,False,False,-1.0985958680,-0.0355285962,False,False,-1.1162643272,-0.0329289428,False,False,-1.6632531544,-0.0403032929,730-1459d,25-100m
PAXGUSDT,2025-04-26,2025-04-25,0.3500000000,1.0000000000,1.4876554721,25981926.4323999994,1456,TRADING,False,False,-0.0275552262,-0.0003018412,False,False,-0.0446274060,0.0078478720,False,False,-0.4195679161,-0.0181104739,False,False,-0.7270453203,0.0066405071,False,False,-0.4682418118,0.0104557803,730-1459d,25-100m
PAXGUSDT,2025-09-02,2025-09-01,0.3500000000,1.0000000000,4.8898524956,26337237.1569369994,1585,TRADING,True,True,-0.5932697060,0.0128340170,False,False,-0.5127097773,0.0159568850,False,False,0.5072819497,0.0392813407,False,False,1.3913550916,0.0515815585,True,True,-0.0402026250,0.1047102783,1460d+,25-100m
PAXGUSDT,2025-09-10,2025-09-09,0.3500000000,1.0000000000,5.5570528519,27652579.5309239998,1593,TRADING,False,False,0.0913691345,-0.0002360614,False,False,0.1103490376,-0.0003101737,False,False,0.5034568203,0.0169964207,True,True,0.2395034642,0.0360158326,True,True,-0.4552792904,0.0980341026,1460d+,25-100m
PAXGUSDT,2025-09-23,2025-09-22,0.3500000000,1.0000000000,5.6611764304,34136161.2749650031,1606,TRADING,True,True,0.1353798857,0.0044229065,True,True,0.3757593302,-0.0011762483,True,True,-0.3626793916,0.0239294677,True,True,-1.1434778542,0.0600099529,True,True,-3.5428692169,0.0889025497,1460d+,25-100m
PAXGUSDT,2025-09-30,2025-09-29,0.3500000000,1.0000000000,5.2984970388,29889414.7134849988,1613,TRADING,True,True,0.0183956160,0.0073109940,True,True,-0.8001711922,0.0046106304,True,True,-0.7807984626,0.0352372759,True,True,-0.3620655523,0.0764262676,True,True,-3.6990872951,0.0282251672,1460d+,25-100m
PAXGUSDT,2025-10-07,2025-10-06,0.3500000000,1.0000000000,4.5176985762,25087902.8845289983,1620,TRADING,True,True,0.9479798357,0.0044361206,True,True,0.5840749853,0.0042829778,True,True,0.4187329104,0.0397870060,True,True,-1.5366803677,0.0956213707,True,True,-3.2925012753,-0.0028795871,1460d+,25-100m
PAXGUSDT,2025-10-20,2025-10-19,0.3500000000,1.0000000000,3.0729295607,37000071.5152940005,1633,TRADING,True,True,-0.0919113522,0.0286696869,True,True,-0.9546223471,-0.0355171292,True,True,-1.3106134526,-0.0430174946,False,False,-1.6810055199,-0.0620889767,True,True,-0.5374170745,-0.0408866554,1460d+,25-100m
PAXGUSDT,2025-10-24,2025-10-23,0.3500000000,1.0000000000,2.0727327439,63564082.7573959976,1637,TRADING,True,True,-0.0952081389,-0.0016830765,True,True,-0.3104166358,-0.0139649201,True,True,-0.3213558981,-0.0202090609,True,True,-0.5615328593,-0.0318643047,False,False,1.9109906343,-0.0144263697,1460d+,25-100m
PAXGUSDT,2025-10-27,2025-10-26,0.3500000000,1.0000000000,1.7623161081,31549314.2412500009,1640,TRADING,True,True,-0.1364277782,-0.0166898196,True,True,-0.1629063644,-0.0255495128,False,False,-0.3703920673,-0.0199287678,False,False,-0.3732968472,-0.0136134346,True,True,2.1576335016,0.0168942551,1460d+,25-100m
PENDLEUSDT,2024-04-18,2024-04-17,0.1924773647,2.0000000000,0.5504415998,60495320.0312400013,290,TRADING,True,True,0.0007879179,-0.0117476986,True,True,-0.0051224172,0.0451131568,True,False,-0.0446386634,0.0446645176,True,False,-0.2257045129,-0.2853344854,True,False,-0.0992839590,-0.2128875744,240-364d,25-100m
PENDLEUSDT,2025-05-21,2025-05-20,0.2751685085,1.0000000000,0.3230892064,28312621.4523000009,688,TRADING,False,False,-0.0374121154,-0.0036488027,False,False,-0.0586464789,-0.0301026226,False,False,0.0470512688,0.0387685291,False,False,-0.1595657040,-0.0383124287,False,False,-0.3419752015,-0.1135689852,365-729d,25-100m
PEOPLEUSDT,2024-08-27,2024-08-26,0.1152705779,2.0000000000,0.3414890423,38087995.0021850020,978,TRADING,True,False,-0.0199193398,-0.0723629279,True,False,-0.0245982732,-0.0343723908,True,False,-0.0975418836,-0.1383245199,True,False,-0.0915980156,-0.1271917618,True,False,-0.2820401960,-0.0414695241,730-1459d,25-100m
PEPEUSDT,2024-05-01,2024-04-30,0.1255624758,2.0000000000,0.4253304400,389954174.5438726544,362,TRADING,True,True,0.0190705057,0.0464767616,True,False,0.0537972858,0.2113943028,True,False,-0.0047181958,0.1829085457,True,True,0.2381482872,0.5847076462,True,False,0.2113655639,1.1619190405,240-364d,100-500m
PEPEUSDT,2024-05-15,2024-05-14,0.2413606512,2.0000000000,0.6634787273,1041243394.8369652033,376,TRADING,True,True,0.0400852863,-0.0066225166,True,True,0.0981132849,-0.0368968780,True,False,-0.0401993724,0.3093661306,True,False,0.0052423411,0.5137180700,True,False,-0.1734005851,0.1277199622,365-729d,500m-2b
PEPEUSDT,2024-05-26,2024-05-25,0.1897613031,2.0000000000,0.6485741966,652623743.3152980804,387,TRADING,True,False,0.0245780444,0.0708082832,True,False,0.0201468718,0.0688042752,True,False,0.0068537472,-0.0073480294,True,False,-0.0591043908,-0.1910487642,True,True,0.0132823286,-0.2444889780,365-729d,500m-2b
PEPEUSDT,2024-06-23,2024-06-22,0.2105608122,2.0000000000,0.6179668859,147712918.5715324283,415,TRADING,True,True,0.0012302795,-0.0446194226,True,True,0.0786446586,0.1242344707,True,True,0.0448534056,-0.0104986877,True,False,-0.3243167694,-0.1496062992,True,False,-0.3981704874,0.0411198600,365-729d,100-500m
PEPEUSDT,2024-06-29,2024-06-28,0.2399691262,2.0000000000,0.7147410447,242656170.1955600679,421,TRADING,True,True,-0.0519207532,-0.0241587575,True,False,-0.1418646416,-0.0146678171,True,True,-0.4136244753,-0.2329594478,True,False,-0.6185802435,-0.2502157032,True,False,-0.4416521251,0.0138050043,365-729d,100-500m
PEPEUSDT,2025-05-19,2025-05-18,0.2138601647,2.0000000000,0.1879979150,512811832.2279256582,745,TRADING,True,False,-0.0095103254,-0.0418772563,True,True,0.0289505009,-0.0144404332,True,False,-0.0421602391,-0.0173285199,False,False,-0.1640746432,-0.1480144404,False,False,-0.3130728291,-0.2685920578,730-1459d,500m-2b
PEPEUSDT,2025-05-22,2025-05-21,0.2268941017,2.0000000000,0.2169484159,708363928.3827233315,748,TRADING,True,True,0.0808795117,0.1355311355,True,False,-0.0212056301,0.0095238095,True,False,0.0367422945,0.0249084249,True,False,-0.1279940838,-0.1340659341,False,False,-0.3131769014,-0.2791208791,730-1459d,500m-2b
PEPEUSDT,2025-05-27,2025-05-26,0.1897748536,2.0000000000,0.1664240997,372299242.6456286311,753,TRADING,True,False,0.0373247458,0.0036101083,True,False,0.0245754561,-0.0303249097,True,False,-0.0720628734,-0.1083032491,True,False,0.0295993743,-0.0866425993,False,False,-0.3250453485,-0.3169675090,730-1459d,100-500m
PONDUSDT,2023-12-12,2023-12-11,0.2671019733,1.0000000000,0.8665671435,27942808.7601451986,955,BREAK,False,False,0.0058629310,0.0711909514,False,False,-0.0516981140,0.0186294079,False,False,-0.2365841954,-0.0479041916,False,False,0.1005206370,0.0858283433,False,False,-0.3714473475,0.0159680639,730-1459d,25-100m
PONDUSDT,2024-02-02,2024-02-01,0.2385518464,2.0000000000,0.8277824637,29251693.6717276014,1007,BREAK,False,False,0.0489051789,0.0375457875,False,False,0.0074634621,0.1904761905,False,False,0.0000388105,0.0714285714,False,False,-0.1251187290,0.0485347985,False,False,-0.1206690027,0.1607142857,730-1459d,25-100m
PUNDIXUSDT,2023-02-25,2023-02-24,0.2554008539,1.0000000000,0.7087108575,27794716.6072999984,665,TRADING,False,False,-0.3573190182,-0.1341653666,False,False,-0.4220539770,-0.1684867395,False,False,-0.6113578871,-0.2636505460,False,False,-0.7558044254,-0.3837753510,False,False,-0.8754092832,-0.2792511700,365-729d,25-100m
PUNDIXUSDT,2025-05-03,2025-05-02,0.1967417897,2.0000000000,0.2024105956,37997658.0822999999,1463,TRADING,True,True,0.0031090967,-0.0028725921,False,False,-0.0593127668,-0.1122000676,False,False,-0.1780167358,-0.2342007435,False,False,-0.1561313405,-0.2257519432,False,False,-0.4848547696,-0.4452517742,1460d+,25-100m
RADUSDT,2023-05-07,2023-05-06,0.1668947219,2.0000000000,0.2059423142,58419716.3681000024,577,TRADING,True,False,-0.0589123379,-0.1317103620,False,False,-0.0954710194,-0.2100499376,False,False,-0.1394657048,-0.3064918851,False,False,-0.1976617730,-0.3558052434,False,False,-0.5637458106,-0.4881398252,365-729d,25-100m
RAYUSDT,2024-07-21,2024-07-20,0.2778432384,1.0000000000,0.4792455393,36503168.1869100034,1076,TRADING,False,False,0.0858378397,0.1061749783,False,False,-0.1227009896,-0.0809718269,False,False,-0.0598352303,-0.0166233552,False,False,-0.3632620549,-0.2946417523,False,False,-0.5457526298,-0.2983541641,730-1459d,25-100m
RAYUSDT,2024-10-25,2024-10-24,0.2168849307,2.0000000000,0.7475612116,39423408.2579900026,1172,TRADING,True,True,-0.0741883607,-0.0773572377,True,True,-0.0287277250,0.1563745020,True,True,-0.0493448506,0.0703851262,True,False,-0.1586424135,0.5375166003,True,False,-0.2709231007,1.0222443559,730-1459d,25-100m
RAYUSDT,2024-10-28,2024-10-27,0.2293005222,2.0000000000,0.7188334866,56650339.0795399994,1175,TRADING,True,False,-0.0620603332,-0.0628768303,True,True,-0.1076539579,-0.1145564169,True,True,-0.0524877869,-0.0422049957,True,False,-0.1422492111,0.5515360322,True,False,-0.2964265641,0.5713465403,730-1459d,25-100m
RAYUSDT,2024-10-31,2024-10-30,0.2449720179,2.0000000000,0.6111795286,27791353.6713000014,1178,TRADING,True,True,0.0870368324,0.0453955901,True,True,0.1156279572,0.1676394293,True,False,-0.0403999665,0.3968871595,True,False,-0.1715891876,0.6105706874,False,False,-0.2188593947,0.8417639429,730-1459d,25-100m
RNDRUSDT,2023-04-20,2023-04-19,0.2226350228,2.0000000000,0.5792052642,49503258.3640900031,509,BREAK,True,True,0.0247225377,-0.0180785124,True,True,-0.0890476700,-0.0625000000,True,True,0.0666547388,0.1869834711,True,True,0.0583117634,0.1766528926,True,False,-0.0767314135,0.1962809917,365-729d,25-100m
RNDRUSDT,2023-04-25,2023-04-24,0.2260324517,2.0000000000,0.5272048637,32467213.7758600004,514,BREAK,True,True,0.0666398630,0.1404399323,True,True,0.0988322459,0.3197969543,True,True,0.0847935474,0.2430908065,True,True,-0.0846178180,0.0485053582,True,True,0.1152984663,0.4861816131,365-729d,25-100m
RNDRUSDT,2023-05-08,2023-05-07,0.3500000000,1.0000000000,0.5685246599,28050860.0238000005,527,BREAK,True,True,-0.1259376142,-0.1259990597,True,False,-0.1039362141,-0.1391631406,False,False,-0.0943691855,-0.1419840150,True,True,0.0205686654,0.1574988246,True,False,-0.1161547073,0.1349318289,365-729d,25-100m
RNDRUSDT,2023-05-12,2023-05-11,0.2360891852,2.0000000000,0.4315465247,29363507.6358399987,531,BREAK,True,True,0.0197163291,0.0637799883,False,False,0.0426089497,0.0678759508,True,True,0.0789200755,0.3996489175,True,True,0.2511278715,0.5822118198,True,False,-0.1872427813,0.1105909889,365-729d,25-100m
RNDRUSDT,2023-05-17,2023-05-16,0.2521598893,1.0000000000,0.3732342697,27230399.2431599982,536,BREAK,True,True,0.1129410143,0.1963636364,True,False,0.1292395810,0.2031168831,True,True,0.2649640632,0.4135064935,True,False,0.2909931205,0.3350649351,False,False,-0.2651278170,-0.0254545455,365-729d,25-100m
RNDRUSDT,2023-05-22,2023-05-21,0.1176371581,2.0000000000,0.5890933254,115269853.2657700032,541,BREAK,True,True,0.0438425784,-0.0040617384,True,True,0.0534100047,0.0702680747,True,True,0.1212769396,0.1133225020,True,False,0.0970441364,0.0796100731,False,False,-0.3315053216,-0.1551584078,365-729d,100-500m
RNDRUSDT,2023-06-02,2023-06-01,0.2036523561,2.0000000000,0.6518146913,29532028.2411900014,552,BREAK,True,False,0.0030312178,0.0300480769,True,False,0.0343227704,0.0649038462,True,False,-0.1985563645,-0.0921474359,False,False,-0.5437082386,-0.2483974359,False,False,-0.4570853690,-0.1746794872,365-729d,25-100m
RNDRUSDT,2023-06-12,2023-06-11,0.1478059726,2.0000000000,0.2797501503,27385739.6154199988,562,BREAK,True,False,-0.0516790980,-0.0097087379,False,False,-0.1424382259,-0.0766479305,False,False,-0.1239515083,0.0061318344,False,False,-0.1476934500,0.0562084824,False,False,0.0448625524,0.0183955033,365-729d,25-100m
RNDRUSDT,2023-06-14,2023-06-13,0.1179840195,2.0000000000,0.2095539056,26167099.1993400007,564,BREAK,False,False,-0.0722419813,-0.0632452048,False,False,-0.0809748217,-0.0031104199,False,False,0.0480340982,0.0782789010,False,False,-0.0970012682,0.0684292379,False,False,0.2505209760,0.1036806636,365-729d,25-100m
RNDRUSDT,2023-10-29,2023-10-28,0.2704034761,1.0000000000,0.8881119937,29574524.0787400007,701,BREAK,True,True,0.1587774529,0.0646911519,True,False,-0.0122062823,-0.0050083472,False,False,-0.0152358913,-0.0287979967,True,False,-0.1275839220,0.0475792988,True,False,-0.2467151294,0.3209515860,365-729d,25-100m
RNDRUSDT,2023-11-19,2023-11-18,0.2580863091,1.0000000000,0.7491807186,99777323.7023099959,722,BREAK,True,True,0.0036223957,-0.0065031038,True,True,-0.0844193465,-0.0960685782,False,False,-0.0495317308,0.0233520544,True,True,-0.0230288039,0.0736033107,True,True,0.1628605289,0.3094886196,365-729d,25-100m
RNDRUSDT,2023-11-29,2023-11-28,0.2548321194,1.0000000000,0.6763349412,33806388.4751100019,732,BREAK,True,True,-0.0103504777,-0.0196552767,True,True,0.0078185967,0.0740852737,True,True,-0.0318164947,0.1149077714,True,False,0.0174005212,0.2606592077,True,False,0.1193490915,0.3779860901,730-1459d,25-100m
RNDRUSDT,2023-12-16,2023-12-15,0.2428537999,2.0000000000,0.8517992868,50606074.2349900007,749,BREAK,True,False,0.0283714224,0.0110091743,True,True,0.0602419606,0.0160550459,True,False,0.0243728600,0.0263761468,True,False,-0.0415657066,0.0566513761,False,False,-0.5071594101,-0.1366972477,730-1459d,25-100m
RNDRUSDT,2023-12-19,2023-12-18,0.2474432615,2.0000000000,0.9120412474,45749961.9402400032,752,BREAK,True,False,-0.0428428868,-0.0546275395,True,False,-0.0744471257,-0.0306997743,True,False,0.0153953783,0.0444695260,True,True,-0.1199705068,0.0699774266,True,False,-0.5506029405,-0.0528216704,730-1459d,25-100m
RNDRUSDT,2024-01-02,2024-01-01,0.2381723421,2.0000000000,0.7920707407,29233335.0459499992,766,BREAK,True,False,-0.0134852404,-0.0179324895,True,False,-0.0810458890,-0.0770042194,True,False,-0.2768471154,-0.1438818565,False,False,-0.5335334228,-0.2056962025,True,False,-0.2428169260,-0.0879746835,730-1459d,25-100m
RNDRUSDT,2024-02-28,2024-02-27,0.2137741050,2.0000000000,1.0232409150,71735766.9945600033,823,BREAK,True,True,-0.0064382885,0.1143294806,True,True,0.0171823793,0.0920484612,True,True,-0.1447810316,-0.0396880657,True,False,-0.4021315969,0.5873833728,True,False,-0.5987198441,0.5560506893,730-1459d,25-100m
RNDRUSDT,2024-05-11,2024-05-10,0.1347470941,2.0000000000,0.5451029222,177084043.1047599912,896,BREAK,True,True,0.0016354923,0.0008219178,True,True,0.0434796486,0.0278538813,True,False,-0.0692400965,-0.0797260274,True,False,-0.0233447302,-0.0767123288,False,False,-0.1357852343,-0.1586301370,730-1459d,100-500m
ROSEUSDT,2024-01-01,2023-12-31,0.2401377387,2.0000000000,0.7987627891,31323575.7767749988,975,TRADING,False,False,-0.0021265283,0.0148471616,True,False,-0.0947875903,-0.0949053857,False,False,-0.1823501946,-0.1739446870,False,False,-0.3630399167,-0.1951237263,False,False,-0.3239617000,-0.2131004367,730-1459d,25-100m
ROSEUSDT,2024-03-10,2024-03-09,0.2230820080,2.0000000000,0.9799014273,27785964.4575029984,1044,TRADING,False,False,-0.1732171685,-0.0297432514,False,False,-0.0948727490,-0.0269943372,False,False,-0.4048923106,-0.1823079883,False,False,-0.6600598359,-0.2385507724,False,False,-0.8025931065,-0.2651052834,730-1459d,25-100m
RUNEUSDT,2023-08-18,2023-08-17,0.2291344997,2.0000000000,0.4790757267,33208232.5260000005,839,TRADING,True,False,0.1275646808,0.0734312417,True,True,0.2926236909,0.1835781041,False,False,-0.0276604698,0.0000000000,False,False,-0.0802476333,0.0020026702,True,True,0.1682956086,0.2923898531,730-1459d,25-100m
RUNEUSDT,2023-08-30,2023-08-29,0.2562909230,1.0000000000,0.5062342107,30094727.9884000011,851,TRADING,False,False,-0.0814572482,-0.0482972136,False,False,-0.0757317411,-0.0346749226,False,False,-0.1630823841,-0.0693498452,False,False,-0.3007652327,-0.0811145511,False,False,0.1908508430,0.1931888545,730-1459d,25-100m
RUNEUSDT,2023-09-17,2023-09-16,0.2727672716,1.0000000000,0.6473713353,29172546.6022999994,869,TRADING,False,False,-0.0753066251,-0.0516528926,False,False,-0.0105956366,-0.0134297521,False,False,-0.0781058308,-0.1126033058,False,False,0.0324505225,-0.0056818182,True,False,-0.4739512471,-0.1534090909,730-1459d,25-100m
RUNEUSDT,2023-10-05,2023-10-04,0.2752526226,1.0000000000,0.6917666655,37052796.9628000036,887,TRADING,True,True,-0.1034661394,-0.0151219512,True,True,-0.3536729768,-0.1502439024,False,False,-0.4001155185,-0.2034146341,False,False,-0.7522253578,-0.2321951220,True,False,0.0167483046,0.6419512195,730-1459d,25-100m
RUNEUSDT,2023-10-08,2023-10-07,0.2019996713,2.0000000000,0.3380936886,36002753.3506999984,890,TRADING,False,False,0.0119744522,-0.0045924225,False,False,-0.0030458087,-0.0338691160,False,False,-0.0844648289,-0.0619977038,False,False,-0.2273565212,0.0034443169,True,False,0.4697650987,1.0373134328,730-1459d,25-100m
RUNEUSDT,2024-01-06,2024-01-05,0.2276043932,2.0000000000,0.6500192131,66113750.5940999985,980,TRADING,True,True,-0.0468400354,-0.0589473684,True,False,-0.1407940543,-0.0614354067,True,False,-0.3100899001,-0.1268899522,True,False,-0.4407770062,-0.1967464115,True,False,-0.3888227981,-0.1770334928,730-1459d,25-100m
RVNUSDT,2025-06-10,2025-06-09,0.1487805600,2.0000000000,0.2329245446,29996851.3000710011,1501,TRADING,True,False,-0.0170433209,-0.0241855874,True,True,0.0339874494,0.0621915104,False,False,-0.0523286195,-0.0725567621,False,False,-0.1933818289,-0.2211253702,False,False,-0.6574027699,-0.3400789733,1460d+,25-100m
RVNUSDT,2025-06-13,2025-06-12,0.1472531672,2.0000000000,0.2669119940,25895918.0868690014,1504,TRADING,False,False,-0.0803041457,-0.1222118959,False,False,-0.0689266484,-0.1161710037,False,False,-0.1640288908,-0.2369888476,False,False,-0.3514223891,-0.3573420074,False,False,-0.6055627701,-0.3396840149,1460d+,25-100m
SCUSDT,2024-01-08,2024-01-07,0.2939725992,1.0000000000,1.0643888670,31636376.1053659990,982,TRADING,True,True,0.0204575355,0.0484973419,False,False,-0.2430129143,-0.0783335142,False,False,-0.1035191924,0.0553325377,False,False,-0.0448558077,0.3992622328,False,False,-0.6532399459,-0.0645546273,730-1459d,25-100m
SHIBUSDT,2023-02-05,2023-02-04,0.2206827673,2.0000000000,0.8196626661,387410377.7983061671,636,TRADING,True,True,-0.0234196346,-0.0272108844,True,False,0.0391782134,-0.0210884354,True,False,-0.2663159934,-0.1217687075,True,False,-0.4551838540,-0.1027210884,False,False,-1.0141929800,-0.2414965986,365-729d,100-500m
SHIBUSDT,2023-08-12,2023-08-11,0.2260884505,2.0000000000,0.3660313671,84892196.3446640372,824,TRADING,True,True,0.0230351189,0.0142585551,True,False,-0.1080694995,-0.0313688213,False,False,-0.4159835409,-0.1834600760,False,False,-0.5886486619,-0.2262357414,False,False,-0.9935421021,-0.3003802281,730-1459d,25-100m
SHIBUSDT,2024-04-23,2024-04-22,0.1526202254,2.0000000000,0.5509914804,181234261.4298875928,1079,TRADING,True,False,0.0061049938,-0.0026031982,True,True,-0.0056956697,-0.0438824842,True,False,-0.0784110116,-0.1037560431,True,False,-0.2388185779,-0.1119375232,True,False,-0.1331936746,-0.0580141316,730-1459d,100-500m
SHIBUSDT,2024-04-26,2024-04-25,0.1476813707,2.0000000000,0.5452958106,195183791.3942246139,1082,TRADING,True,True,-0.0178721252,-0.0190587320,True,False,-0.0637027581,-0.0575651497,True,False,-0.1374786712,-0.1135744846,True,False,-0.2815896556,-0.0867366783,True,False,-0.2514387290,-0.0245040840,730-1459d,100-500m
SOLUSDT,2021-08-01,2021-07-31,0.2504696729,1.0000000000,0.4679685817,146906971.5028620064,92,TRADING,True,False,-0.1051628066,-0.0701883301,True,False,-0.1411384459,-0.0718212497,True,False,-0.1002243827,0.0741617679,True,False,0.1005564659,0.2012845635,True,False,0.2179030717,2.0004898759,240-364d,100-500m
SOLUSDT,2021-09-01,2021-08-31,0.2441082228,2.0000000000,0.7076557584,1927599440.2577848434,123,TRADING,True,False,0.0170753445,0.0225362520,True,True,-0.0044684171,0.3521751178,True,True,-0.0160183620,0.6021058465,True,True,-0.0454071333,0.4674425048,True,True,-0.2251398224,0.3057171885,240-364d,500m-2b
SOLUSDT,2021-09-04,2021-09-03,0.2272576415,2.0000000000,0.7031873413,1668352305.5591409206,126,TRADING,True,True,-0.0267771099,-0.0513661202,True,False,-0.0369585767,0.1217213115,True,True,-0.0383075663,0.2267759563,True,True,-0.0208991814,0.0080601093,True,True,-0.1306681395,0.1815573770,240-364d,500m-2b
SOLUSDT,2021-09-08,2021-09-07,0.2613733725,1.0000000000,0.6916373964,4280553283.7956290245,130,TRADING,True,True,0.0013897091,0.1012337138,True,True,-0.0267576214,0.0353972097,True,True,-0.0293887712,-0.0840539606,True,True,-0.1249979889,-0.2834659287,True,True,-0.0933742130,-0.1106883431,240-364d,2b+
SOLUSDT,2021-09-11,2021-09-10,0.2410545080,2.0000000000,0.6648797749,1634482755.5334999561,133,TRADING,True,True,0.0010065640,-0.0031180401,True,True,-0.0175239231,-0.0560690423,True,True,0.0174083849,-0.1782850780,True,True,-0.1524445050,-0.2253340757,True,True,-0.0490505241,-0.1784521158,240-364d,500m-2b
SOLUSDT,2021-09-18,2021-09-17,0.2548470423,1.0000000000,0.6822881599,1088492757.8538000584,140,TRADING,True,True,-0.0058782584,0.1466323350,True,True,-0.0919845631,-0.1003523513,True,True,-0.1698528899,-0.0572570809,True,True,-0.1963387629,0.0947282830,True,True,-0.1052998738,0.0849708633,240-364d,500m-2b
SOLUSDT,2021-09-30,2021-09-29,0.2294114127,2.0000000000,0.4770998609,502380517.6916999817,152,TRADING,True,True,0.0054160751,0.0452495379,True,True,0.0612935438,0.2493900185,True,True,0.0923238499,0.1376709797,True,True,0.0874943921,0.0945656192,True,True,0.3785374728,0.4817744917,240-364d,500m-2b
SOLUSDT,2023-07-14,2023-07-13,0.1655633319,2.0000000000,0.4882814322,395883099.3331999779,804,TRADING,True,False,0.1054454111,0.0253748558,True,True,0.1686461975,0.0542099193,True,True,0.0506707389,-0.0242214533,True,True,-0.0163958048,-0.0349865436,True,True,0.1850242668,-0.0422914264,730-1459d,100-500m
SOLUSDT,2023-07-16,2023-07-15,0.2939680791,1.0000000000,0.6462152531,308185912.9330000281,806,TRADING,True,True,0.0107123766,-0.0014566642,True,True,-0.1132114142,-0.0699198835,True,True,-0.2112928899,-0.1070648216,True,True,-0.1349097632,-0.0833940277,True,True,0.1736686880,-0.0830298616,730-1459d,100-500m
SOLUSDT,2023-07-27,2023-07-26,0.1398523869,2.0000000000,0.4936865973,148145864.3815000057,817,TRADING,True,True,-0.0218009699,-0.0027810886,True,True,0.0176188925,0.0000000000,True,False,-0.3708450860,-0.0802542710,True,True,-0.0810476799,-0.0313865713,True,True,0.0767066544,-0.1887167263,730-1459d,100-500m
SOLUSDT,2023-08-07,2023-08-06,0.2140486174,2.0000000000,0.2352594692,61527018.5437999964,828,TRADING,True,False,0.0020270354,-0.0034482759,True,True,0.1773794483,0.0508620690,True,True,0.5265499967,0.0443965517,False,False,0.3149098451,-0.0616379310,False,False,-0.1859745765,-0.1267241379,730-1459d,25-100m
SOLUSDT,2023-08-09,2023-08-08,0.1215469602,2.0000000000,0.3679987862,111090298.3642999977,830,TRADING,True,True,0.0446401313,0.0066061107,True,True,0.0754569443,0.0165152766,True,False,0.0751972762,-0.0132122213,True,True,0.0436686308,-0.1498761354,False,False,-0.5433406314,-0.1775392238,730-1459d,100-500m
SOLUSDT,2023-08-12,2023-08-11,0.2739115495,1.0000000000,0.4434557305,59437169.2550999969,833,TRADING,True,True,0.2298499685,0.0117790414,True,True,0.3764282106,0.0227457352,True,False,-0.0692952187,-0.1332250203,True,True,0.1269375212,-0.1705930138,False,False,-1.0209321446,-0.2591389115,730-1459d,25-100m
SOLUSDT,2023-10-07,2023-10-06,0.1012678549,2.0000000000,0.4134093361,101516273.2660000026,889,TRADING,True,True,0.0853639031,-0.0046988466,True,True,-0.1292738737,-0.0559589919,True,True,-0.1632899751,-0.0670653567,True,False,0.3286730868,0.1546347715,True,True,0.5522768090,0.7577958138,730-1459d,100-500m
SOLUSDT,2023-10-18,2023-10-17,0.3014414798,1.0000000000,0.5467915570,107191830.7671999931,900,TRADING,True,False,-0.1691610763,-0.0213121605,True,False,0.1952908659,0.1295445048,True,True,0.1390852681,0.2607605516,True,True,0.4312964165,0.6046803176,True,False,0.1444916804,1.4153781864,730-1459d,100-500m
SOLUSDT,2023-10-20,2023-10-19,0.2777390983,1.0000000000,0.5770875709,144450495.7130999863,902,TRADING,True,False,0.1649948520,0.0842358604,True,True,0.2579500530,0.1652627357,True,True,0.2481438465,0.3144805455,True,True,0.4146643912,0.6137184116,True,True,0.1251467839,1.3489771360,730-1459d,100-500m
SOLUSDT,2023-10-22,2023-10-21,0.2979935218,1.0000000000,0.8609167265,275425425.7735999823,904,TRADING,True,True,-0.0258791025,-0.0092087312,True,True,-0.1750399014,0.0289904502,True,False,-0.1269931715,0.0787858117,True,True,0.1599368896,0.4464529332,True,False,-0.1891936862,0.9293997271,730-1459d,100-500m
SOLUSDT,2023-10-31,2023-10-30,0.2316376755,2.0000000000,0.8770946455,260895757.8188000023,913,TRADING,True,True,0.1009933281,0.0990269033,True,True,0.1146573167,0.1514024041,True,False,0.1159299426,0.2066399542,True,False,-0.0995418301,0.4768174013,True,True,-0.2385358050,0.6974813967,730-1459d,100-500m
SOLUSDT,2023-11-08,2023-11-07,0.2345525415,2.0000000000,0.9894368811,372908004.0303999782,921,TRADING,True,True,0.0545469687,0.0046587468,True,False,-0.1298219196,0.3200559050,True,False,-0.1962906643,0.3233170277,True,False,-0.3763871835,0.2031213604,True,False,-0.3859215752,0.5779175402,730-1459d,100-500m
SOLUSDT,2023-11-19,2023-11-18,0.2419136909,2.0000000000,0.7022343549,423498344.4915999770,932,TRADING,True,False,0.0164583417,0.0433743169,True,False,-0.0891846572,-0.1179986339,True,False,-0.0492369351,0.0044398907,True,False,-0.0758483331,0.0870901639,True,True,0.2286544532,0.2708333333,730-1459d,100-500m
SOLUSDT,2023-11-30,2023-11-29,0.2447442099,2.0000000000,0.6385588405,452934119.5892999768,943,TRADING,True,False,-0.0426259788,-0.0001686056,True,False,-0.0121728187,0.0733434497,True,False,-0.0773685690,0.0428258304,True,False,0.1139211906,0.1906929691,True,True,0.2558473767,0.7900859889,730-1459d,100-500m
SOLUSDT,2023-12-12,2023-12-11,0.2328980267,2.0000000000,0.7555982283,901955694.2818000317,955,TRADING,True,False,-0.0466669506,-0.0234875445,True,True,0.0452749399,0.0772953737,True,True,0.1752905798,0.0593594306,True,False,0.2218925460,0.7211387900,True,True,-0.0564605180,0.4519572954,730-1459d,500m-2b
SOLUSDT,2023-12-15,2023-12-14,0.2540321079,1.0000000000,0.8008731683,543474285.6241999865,958,TRADING,True,False,0.0465816074,-0.0418868922,True,True,0.1438791218,-0.0635570825,True,True,0.1455584197,0.2399577167,True,False,0.0844567191,0.3451374207,True,False,-0.2279852894,0.2665169133,730-1459d,500m-2b
SOLUSDT,2023-12-17,2023-12-16,0.2551681485,1.0000000000,0.9555720569,410808269.5863999724,960,TRADING,True,True,-0.0108197668,-0.0386597938,True,True,-0.0381772346,-0.0097666848,True,False,0.0281922093,0.4633749322,True,True,-0.0912905585,0.3822571894,True,False,-0.3873461677,0.2799782963,730-1459d,100-500m
SOLUSDT,2023-12-25,2023-12-24,0.2401242216,2.0000000000,0.9877401312,1381818060.2829000950,968,TRADING,True,False,-0.0102493569,0.0752334371,True,False,-0.0688438471,-0.0492663406,True,True,-0.1233682677,-0.0954201867,True,True,-0.2417751253,-0.2046242775,True,True,-0.3001634571,-0.2498888395,730-1459d,500m-2b
SOLUSDT,2023-12-30,2023-12-29,0.2530422800,1.0000000000,0.8944062172,998024734.4306000471,973,TRADING,True,True,-0.0301247188,-0.0402185175,True,True,-0.0236668814,0.0352265235,True,True,-0.1164670243,-0.0586794763,True,False,-0.3145128599,-0.1323349345,True,True,-0.0157694502,-0.0959781483,730-1459d,500m-2b
SOLUSDT,2024-01-05,2024-01-04,0.2269527158,2.0000000000,0.8118055872,737464117.3015999794,979,TRADING,True,True,-0.0338663943,-0.0473739396,True,True,-0.0658405813,-0.1474597274,True,True,-0.1465064440,-0.0477552188,True,False,-0.2360800225,-0.1001811076,True,True,0.1522346169,-0.0662472596,730-1459d,500m-2b
SOLUSDT,2024-01-10,2024-01-09,0.1997165338,2.0000000000,0.7179975783,856996851.9726999998,984,TRADING,True,True,-0.0188598679,0.0265700483,True,False,-0.1381042210,-0.0728663446,True,True,-0.1038619909,-0.0176127214,True,True,-0.0304209042,-0.1510668277,True,True,0.3721175137,0.0342190016,730-1459d,500m-2b
SOLUSDT,2024-01-17,2024-01-16,0.2308922852,2.0000000000,0.6141355874,364626155.0271000266,991,TRADING,True,True,0.0677183156,0.0459993853,True,True,0.0274214514,-0.0408769593,True,True,0.0734410867,-0.1358467370,True,True,0.2624892489,0.0388279889,True,True,0.5942185814,0.1627906977,730-1459d,100-500m
SOLUSDT,2024-01-20,2024-01-19,0.2435295675,2.0000000000,0.6415570388,586831116.7400000095,994,TRADING,True,True,0.0689521525,-0.0079042940,True,True,0.0124838714,-0.1044648579,True,True,0.1961533040,-0.0143131809,True,True,0.3170526844,0.0743430891,True,False,0.4858153375,0.1988891263,730-1459d,500m-2b
SOLUSDT,2024-02-07,2024-02-06,0.1822774769,2.0000000000,0.8676366710,408309176.2013999820,1012,TRADING,True,True,0.2119527496,0.0439719240,True,True,0.2626902194,0.1038398018,True,True,0.4156039757,0.1610239472,True,False,0.0324598319,0.1179810074,True,True,0.2117675823,0.4845169282,730-1459d,100-500m
SOLUSDT,2024-03-01,2024-02-29,0.2377127027,2.0000000000,0.8664793334,1758043857.4217000008,1035,TRADING,True,False,0.0084750845,0.0298376830,True,False,0.0941510957,0.0356460853,True,True,0.2129249200,0.1443348186,True,True,0.2240610388,0.4055537874,True,True,0.0119173934,0.5451941439,730-1459d,500m-2b
SOLUSDT,2024-03-07,2024-03-06,0.2008788484,2.0000000000,0.9199190221,1233993440.9800999165,1041,TRADING,True,True,0.1594852312,0.0996253536,True,False,0.0163890675,0.1032189005,True,True,0.1188127927,0.2531539108,True,True,-0.0388230080,0.4662435966,True,True,-0.2788586911,0.3332059026,730-1459d,500m-2b
SOLUSDT,2024-03-11,2024-03-10,0.2477155601,2.0000000000,0.9103724431,651013489.9828000069,1045,TRADING,True,True,0.0211823402,0.0307500519,True,True,0.1283593717,0.1351201607,True,True,0.2461708582,0.3980192534,True,True,-0.0678563762,0.2734953944,True,False,-0.3459565556,0.1941270171,730-1459d,500m-2b
SOLUSDT,2024-05-06,2024-05-05,0.1403226367,2.0000000000,0.5774818612,310504070.3961499929,1101,TRADING,True,True,0.0799175753,0.0486516160,True,False,-0.0969304018,-0.0243601180,True,False,-0.2034977425,-0.0157826117,True,True,0.0333717726,0.1660605229,True,False,0.0179828045,0.1787552323,730-1459d,100-500m
SOLUSDT,2024-05-10,2024-05-09,0.1431925217,2.0000000000,0.5676063580,571152033.4123400450,1105,TRADING,True,False,-0.0857751045,-0.0429966573,True,False,-0.1936222392,-0.0599069280,True,False,-0.1537326043,0.0445697057,True,False,0.0871932880,0.1546175526,True,False,-0.2784345903,0.0344759782,730-1459d,500m-2b
SOLUSDT,2024-05-20,2024-05-19,0.2003352889,2.0000000000,0.6108536338,460508285.3258200288,1115,TRADING,True,True,0.1146381582,0.0986876949,True,False,0.0810184559,0.0413111281,True,False,-0.2003245363,-0.0383687401,True,False,-0.1301856330,-0.0398987819,True,False,-0.4107131498,-0.1913729183,730-1459d,100-500m
SOLUSDT,2024-06-28,2024-06-27,0.2435296694,2.0000000000,0.7526787758,646251166.2305799723,1154,TRADING,True,False,-0.2454786270,-0.0646583395,True,False,-0.2395008570,-0.0207066996,True,False,-0.4973696763,-0.1459488344,True,False,-0.5190674471,-0.0933805357,True,True,-0.2766558481,0.2285084497,730-1459d,500m-2b
SOLUSDT,2024-07-22,2024-07-21,0.2530497207,1.0000000000,0.4604685547,651749302.1418100595,1178,TRADING,True,True,-0.1287165561,-0.0302997452,True,True,0.0189872170,-0.0348528376,True,True,0.0141000897,0.0022223427,False,False,-0.5449519638,-0.2502032630,False,False,-0.4705214290,-0.2288470920,730-1459d,500m-2b
SOLUSDT,2024-07-25,2024-07-24,0.2503013358,1.0000000000,0.4794557716,682705655.2517499924,1181,TRADING,True,False,-0.0751336074,-0.0348758845,True,True,-0.0034328440,0.0329102550,True,False,-0.0431535155,-0.0356621364,True,True,-0.2280634263,-0.1869594519,True,False,-0.2287383657,-0.1392788948,730-1459d,500m-2b
SOLUSDT,2024-07-27,2024-07-26,0.2687411149,1.0000000000,0.4381398354,541455609.2351200581,1183,TRADING,True,True,0.0378830922,0.0046979133,True,True,0.0232461515,-0.0026767180,True,False,-0.2215702973,-0.1654648749,True,True,-0.2066895551,-0.1462908336,True,False,-0.0857063141,-0.1318693325,730-1459d,500m-2b
SOLUSDT,2024-10-21,2024-10-20,0.2502667136,1.0000000000,0.7444369781,499091756.8812199831,1269,TRADING,True,True,0.0783835743,-0.0073476703,True,True,0.0856431886,0.0206093190,True,True,0.1041779640,0.0551373955,True,False,-0.3893578499,-0.0290919952,True,False,-0.2488426820,0.4195340502,730-1459d,100-500m
SOLUSDT,2024-10-27,2024-10-26,0.1551207974,2.0000000000,0.7307366525,505678400.8129299879,1275,TRADING,True,True,0.1178782896,0.0336493446,True,True,0.0299657618,0.0499765918,True,False,-0.0956163370,-0.0275632022,True,True,-0.0495693371,0.1697682584,False,False,-0.3927972393,0.3704353933,730-1459d,500m-2b
SOLUSDT,2024-11-07,2024-11-06,0.2436482439,2.0000000000,0.6639341360,1909187913.2584900856,1286,TRADING,True,True,0.1000796967,0.0523071976,True,True,0.0172331793,0.0712792754,False,False,-0.4180207960,0.1529556782,True,False,-0.2397384382,0.2620183290,False,False,-0.2882503149,0.2694678171,730-1459d,500m-2b
STORJUSDT,2023-10-10,2023-10-09,0.2784446297,1.0000000000,0.3570935497,43647025.8147000000,892,TRADING,True,False,-0.0852175521,-0.1204655674,False,False,-0.1252590000,-0.2054316198,False,False,-0.1292188188,-0.2180407371,False,False,-0.2826806661,-0.2292919496,True,False,0.0475728097,0.3293889428,730-1459d,25-100m
STPTUSDT,2023-09-24,2023-09-23,0.2904581434,1.0000000000,0.8085227667,30138420.0887949988,876,BREAK,False,False,-0.4278557478,-0.1960698690,False,False,-0.2921217980,-0.0898107715,False,False,-0.3808952833,-0.1337700146,False,False,-0.4274575700,-0.0700145560,False,False,-0.6040087377,-0.1107714702,730-1459d,25-100m
STRAXUSDT,2023-10-11,2023-10-10,0.2541032218,1.0000000000,0.3038937292,34693430.9316999987,893,TRADING,False,False,-0.0065855364,-0.0417754569,False,False,-0.0217523759,-0.0443864230,True,True,0.0562760872,0.4373368146,True,False,-0.1782458499,-0.0261096606,False,False,-0.0788612680,0.1592689295,730-1459d,25-100m
STRAXUSDT,2023-10-16,2023-10-15,0.2295631214,2.0000000000,0.3451717035,59392864.2986000031,898,TRADING,True,False,0.0089178279,0.0773042616,True,False,-0.1712343019,-0.2517343905,False,False,-0.2487368711,-0.3498513380,False,False,-0.1741384622,-0.1308225966,False,False,-0.0271521974,-0.0188305253,730-1459d,25-100m
STRAXUSDT,2023-10-18,2023-10-17,0.1985585202,2.0000000000,0.3601698164,26021565.8548999988,900,TRADING,True,False,-0.1862324147,-0.3142597639,False,False,-0.2446539111,-0.3923705722,True,False,-0.2345219371,-0.3224341508,True,False,-0.1671575181,-0.1316984559,False,False,-0.0545478434,-0.1280653951,730-1459d,25-100m
STXUSDT,2021-10-11,2021-10-10,0.2119956038,2.0000000000,0.4533024343,169769910.1715430021,163,TRADING,True,False,-0.0631015098,-0.0551996057,True,True,0.0184979331,0.0956136028,True,False,-0.0426685284,0.0827994086,False,False,-0.0490356921,0.0857565303,False,False,-0.2439529840,0.0916707738,240-364d,100-500m
STXUSDT,2021-10-14,2021-10-13,0.2276161793,2.0000000000,0.4718003674,44471363.4033000022,166,TRADING,False,False,-0.0009652257,-0.0040485830,False,False,-0.1231366799,-0.1169590643,False,False,-0.0125063330,0.0841205578,False,False,-0.1650641735,-0.1632928475,True,False,-0.2447401108,0.0125955915,240-364d,25-100m
STXUSDT,2021-10-19,2021-10-18,0.2143623238,2.0000000000,0.4658978149,121812026.2176499963,171,TRADING,True,False,-0.0460441911,-0.0915465524,False,False,-0.0348821340,-0.1082976237,False,False,-0.0496252810,-0.1355668095,True,False,-0.2939026085,-0.2411375146,False,False,0.0203629234,-0.1647837943,240-364d,100-500m
STXUSDT,2023-03-22,2023-03-21,0.2585157504,1.0000000000,0.3815784544,66633043.4882400036,690,TRADING,True,True,0.0338678079,0.0292152846,True,True,0.0200248650,-0.0920103322,True,True,0.0015839997,-0.1579228645,False,False,-0.0615360115,-0.2177785695,False,False,-0.1358248465,-0.3449719426,365-729d,25-100m
STXUSDT,2023-06-21,2023-06-20,0.3500000000,1.0000000000,0.2843579315,40085799.4075599983,781,TRADING,True,True,0.0117324434,0.0931784808,True,False,-0.1759393146,0.0222934188,False,False,-0.2917391485,-0.0492591109,False,False,-0.2092208071,-0.0746228808,False,False,-0.6666407732,-0.1682018422,730-1459d,25-100m
STXUSDT,2024-02-09,2024-02-08,0.2387274369,2.0000000000,0.9960494082,68866824.3645900041,1014,TRADING,True,True,0.0042803236,0.0138881111,True,True,0.1105788884,0.0361202890,True,False,-0.1060558094,0.4183233466,True,False,-0.0122276318,0.4245953968,False,False,-0.4136885611,0.5717645741,730-1459d,25-100m
STXUSDT,2024-02-29,2024-02-28,0.2384639401,2.0000000000,0.9271025984,135464059.7125119865,1034,TRADING,True,False,-0.0626344631,-0.0597039153,False,False,-0.0330905343,-0.0350626583,True,False,-0.2737795352,-0.0778845530,True,False,-0.2484673369,0.0023375106,True,True,-0.1638395955,0.1880397377,730-1459d,100-500m
STXUSDT,2024-03-21,2024-03-20,0.2196379603,2.0000000000,0.6902579663,115552639.3125669956,1055,TRADING,True,False,-0.0200572582,-0.0391703721,True,True,0.0339104647,0.0566931898,True,True,0.0224244307,-0.0144219518,True,True,-0.0484752775,-0.0836063656,True,False,-0.5258011899,-0.2822665575,730-1459d,100-500m
STXUSDT,2024-03-23,2024-03-22,0.2276913089,2.0000000000,0.7057269316,93286137.3168340027,1057,TRADING,True,True,0.0184414994,0.0475002900,True,True,0.0339223004,0.0502551908,True,True,0.0575360714,0.0611877972,True,True,-0.0175520131,-0.1037582647,True,False,-0.4341402886,-0.1905811391,730-1459d,25-100m
STXUSDT,2024-04-02,2024-04-01,0.2359344945,2.0000000000,0.7603721595,74150817.7670300007,1067,TRADING,True,True,-0.0931185695,-0.0903762683,True,True,-0.0423519687,-0.0957396810,True,True,-0.0740036857,-0.0426308369,True,False,-0.5360695133,-0.2991070194,True,False,-0.6914711654,-0.4078958281,730-1459d,25-100m
STXUSDT,2024-04-09,2024-04-08,0.2323149315,2.0000000000,0.6863684737,34329365.7308500037,1074,TRADING,True,False,-0.1536961599,-0.0820699414,True,False,-0.2364856485,-0.1364463311,True,False,-0.4620658276,-0.2678968495,True,False,-0.2897865256,-0.1281873574,False,False,-0.6881840971,-0.4057581796,730-1459d,25-100m
SUIUSDT,2024-03-22,2024-03-21,0.2259331718,2.0000000000,0.6884313912,217899244.7153399885,324,TRADING,True,False,-0.0736725007,-0.0520696452,True,False,-0.1791936890,-0.0810884801,True,False,-0.0654391198,0.1070411739,True,False,-0.2701045762,-0.0780223390,False,False,-0.6438965808,-0.2185720543,240-364d,100-500m
SUIUSDT,2024-09-22,2024-09-21,0.1636736350,2.0000000000,0.4549387272,110075844.7372699976,508,TRADING,True,False,0.0549834314,0.0696544276,True,False,0.0976470191,0.1764308855,True,False,0.1098888190,0.1386339093,True,True,0.1108722208,0.1839227862,True,False,0.0495171636,0.3563714903,365-729d,100-500m
SUIUSDT,2024-10-01,2024-09-30,0.1105916472,2.0000000000,0.6584328420,172933057.2066299915,517,TRADING,True,True,0.0163868467,-0.0096939638,True,False,-0.1221661306,-0.0625598828,True,False,-0.0623447364,0.1369554190,True,False,-0.0759090542,0.2681620921,True,False,-0.1335936111,0.1738713859,365-729d,100-500m
SUIUSDT,2024-10-06,2024-10-05,0.2978767744,1.0000000000,0.5658109480,105516042.0386199951,522,TRADING,True,True,-0.0190084987,0.0495410752,True,False,0.0324435640,0.1326606237,True,False,0.0373947023,0.2778632917,True,True,-0.0425711522,0.1759876860,True,False,-0.1306152701,0.0543868651,365-729d,100-500m
SUIUSDT,2024-10-14,2024-10-13,0.0847968886,2.0000000000,0.6451384884,257246254.5533800125,530,TRADING,True,False,-0.0626147006,-0.0399778138,True,False,-0.1168685943,-0.1113576244,True,False,-0.0769535590,-0.0919873709,True,False,-0.2839861550,-0.2508319823,True,True,-0.0250856183,0.3717467361,365-729d,100-500m
SUIUSDT,2024-10-18,2024-10-17,0.1092866714,2.0000000000,0.5278455951,178692389.0643599927,534,TRADING,True,False,0.0468715526,0.0497308509,True,False,0.0403393343,0.0510148649,True,False,0.0073654919,-0.0434589362,True,False,-0.0721388520,-0.0263716727,True,True,0.1503714864,0.8572275174,365-729d,100-500m
SUIUSDT,2024-10-20,2024-10-19,0.2034660891,2.0000000000,0.5232397958,66654150.5148200020,536,TRADING,True,False,0.0449451336,0.0317044793,True,False,-0.0918005618,-0.0598700795,True,False,-0.0917983049,-0.1298235408,True,False,-0.1206204075,-0.0748981966,True,True,0.1634338261,0.7932906729,365-729d,25-100m
SUIUSDT,2024-11-12,2024-11-11,0.2420580522,2.0000000000,0.6200562317,637939251.6509300470,559,TRADING,True,True,-0.0000033616,-0.0175701277,True,True,0.0490955762,0.0246898490,True,True,0.0666173901,0.1303550694,True,True,-0.0210182434,-0.0244453951,True,True,0.1263113622,0.3361852961,365-729d,500m-2b
SUIUSDT,2024-11-26,2024-11-25,0.2328951578,2.0000000000,0.5990379884,320031529.6373999715,573,TRADING,True,False,0.0351292792,0.0945311032,True,False,0.0625113326,0.0786193071,True,False,0.0077178027,0.0616425484,True,True,0.1440424973,0.2021236610,True,True,0.0591512174,0.4089770093,365-729d,100-500m
SUIUSDT,2024-12-04,2024-12-03,0.2505193612,1.0000000000,0.6646986872,696859980.0777599812,581,TRADING,True,False,-0.0339320404,-0.0057914535,True,True,0.0266146040,0.1412681659,True,True,0.0778604846,0.0049795675,True,True,0.0984338458,0.2559605965,True,False,-0.0528812773,0.1779383508,365-729d,500m-2b
SUIUSDT,2024-12-06,2024-12-05,0.2476270214,2.0000000000,0.6964890854,870060891.4910099506,583,TRADING,True,True,-0.0051757942,-0.0024364858,True,True,0.0330351830,0.0011354497,True,True,0.0760188835,0.0930832190,True,True,-0.0087154933,-0.0359559067,True,False,0.0339377285,0.2514074845,365-729d,500m-2b
SUIUSDT,2025-01-08,2025-01-07,0.2236858082,2.0000000000,0.6859245700,304345370.8347600102,616,TRADING,True,False,0.0523785245,0.0231756248,True,False,0.1227209639,0.0705717629,True,True,0.0015988736,-0.0417328429,True,True,-0.0022206198,-0.0265610633,False,False,-0.6215365749,-0.3446877873,365-729d,100-500m
SUIUSDT,2025-01-12,2025-01-11,0.2092638931,2.0000000000,0.7948788171,198223856.9491199851,620,TRADING,True,True,-0.1069487125,-0.0477263581,True,True,-0.1073553735,-0.0773641851,True,False,-0.0206450076,0.0068410463,True,False,-0.3353504792,-0.1690140845,False,False,-0.8165213320,-0.3529376258,365-729d,100-500m
SUIUSDT,2025-01-20,2025-01-19,0.2102771204,2.0000000000,0.6833790743,645597465.5156199932,628,TRADING,True,False,-0.0241944246,-0.0197466220,True,True,-0.0177153518,-0.0079873977,True,False,-0.2685065131,-0.1413547514,True,False,-0.4886098501,-0.2662244015,True,False,-0.6054127751,-0.3199174636,365-729d,500m-2b
SUIUSDT,2025-01-22,2025-01-21,0.2127072774,2.0000000000,0.6837039502,340315876.2208099961,630,TRADING,True,True,-0.0180402278,-0.0401451235,True,False,-0.1713609789,-0.0980013310,True,False,-0.3620766625,-0.2158176080,True,False,-0.5194637801,-0.2284407806,True,False,-0.5157799836,-0.2591829287,365-729d,100-500m
SUIUSDT,2025-04-25,2025-04-24,0.2538278301,1.0000000000,0.1830805671,520483774.2343099713,723,TRADING,True,True,0.1190405782,0.0524269522,True,True,0.1287357529,0.0641205850,True,True,0.1054328893,0.0618177468,True,True,0.1975657035,0.2062984119,True,True,0.0923998749,0.0843676167,365-729d,500m-2b
SUIUSDT,2025-04-30,2025-04-29,0.2307183523,2.0000000000,0.3187057392,249163218.2572000027,728,TRADING,True,True,0.0113051259,-0.0075313571,True,True,-0.0067096195,-0.0300121748,True,True,-0.0383740429,-0.0526911860,True,False,0.0837087474,0.1504289476,False,False,-0.1779912002,-0.0018403692,365-729d,100-500m
SUIUSDT,2025-05-18,2025-05-17,0.1040994236,2.0000000000,0.2501743713,150033442.0703800023,746,TRADING,True,True,0.0013623864,0.0369561787,True,True,0.0138116080,0.0137829449,True,True,0.0253060707,-0.0462938608,False,False,-0.2839534845,-0.1462728181,False,False,-0.2863556266,-0.2118996265,730-1459d,100-500m
SUIUSDT,2025-05-25,2025-05-24,0.2777283691,1.0000000000,0.2754804420,113066291.9438599944,753,TRADING,False,False,-0.0881988410,-0.0069777704,True,False,-0.0027144609,0.0127971758,False,False,-0.3092595553,-0.1048320371,True,True,-0.0823011459,-0.1056594407,False,False,-0.5747275472,-0.2201445198,730-1459d,100-500m
SUIUSDT,2025-06-08,2025-06-07,0.0591593706,2.0000000000,0.1931792961,87626245.7782700062,767,TRADING,False,False,-0.0974216125,-0.0060135073,False,False,-0.0473996880,0.0771270855,False,False,-0.2722391232,-0.0911894409,False,False,-0.5838004326,-0.2077898048,False,False,-0.4671488088,-0.1186665433,730-1459d,25-100m
SUNUSDT,2024-08-26,2024-08-25,0.1188324288,2.0000000000,0.3717613391,131327427.6604429930,1213,TRADING,True,False,-0.0337832056,-0.1430544049,True,False,-0.0273871212,-0.1494062414,True,True,-0.0304753613,-0.0856117095,False,False,-0.0539558639,-0.2292184479,False,False,0.0712260362,-0.3487986744,730-1459d,100-500m
SUNUSDT,2024-09-01,2024-08-31,0.1135559729,2.0000000000,0.3533807564,44483723.0255400017,1219,TRADING,True,True,-0.0120947786,-0.0868725869,True,False,-0.0352366797,-0.2137341423,False,False,-0.0387748528,-0.2584114727,False,False,-0.1575636821,-0.3207391065,False,False,0.1856652950,-0.4437396580,730-1459d,25-100m
SUPERUSDT,2024-01-16,2024-01-15,0.2365835128,2.0000000000,0.6033181078,26545542.4622999988,990,TRADING,False,False,0.0239431896,0.0066461339,False,False,0.0196563357,-0.0071324364,False,False,0.0736035240,-0.0661371373,False,False,0.0579769776,0.1541578862,True,False,0.0125397587,0.8126114443,730-1459d,25-100m
TAOUSDT,2025-05-16,2025-05-15,0.0853910839,2.0000000000,0.2933861416,50041933.9782600030,400,TRADING,True,False,-0.0438641239,-0.0256586483,False,False,-0.1736556931,-0.0254295533,True,False,-0.0496199974,0.0687285223,False,False,-0.3378678038,-0.0462772050,False,False,-0.4666364130,-0.1672394044,365-729d,25-100m
TFUELUSDT,2021-06-02,2021-06-01,0.2358819342,2.0000000000,0.3248766340,34862628.6699149981,32,TRADING,False,False,0.0033395697,0.0068791624,True,True,0.0542456793,0.1824211363,True,True,0.0830932404,0.5827555020,True,True,0.0330846074,0.3662126237,True,False,-0.0293386624,0.0350809877,240-364d,25-100m
TFUELUSDT,2021-06-04,2021-06-03,0.2506883713,1.0000000000,0.3500963987,59317881.4852200001,34,TRADING,True,True,0.0290259147,-0.0026584678,True,True,0.0413477174,0.0626936058,True,True,0.0572147673,0.2273105553,True,True,0.0352522307,0.2993434740,True,False,-0.0726186282,-0.1280225623,240-364d,25-100m
TFUELUSDT,2021-06-15,2021-06-14,0.2706041774,1.0000000000,0.3841094560,150664163.1489459872,45,TRADING,True,True,-0.0261482146,-0.0939675385,True,True,0.0012391734,0.0215925408,True,True,0.0384177598,-0.1663243607,True,False,-0.0756823859,-0.2202693615,False,False,-0.1939638875,-0.4543157818,240-364d,100-500m
TOMOUSDT,2023-06-13,2023-06-12,0.2198067548,2.0000000000,0.5719842886,25409855.9629199989,773,BREAK,False,False,-0.0144995222,-0.0338588783,False,False,0.0039909910,0.0275911088,False,False,-0.2219350618,-0.2550400620,False,False,-0.1445746534,-0.0787671233,False,False,-0.2246735314,-0.2657017317,730-1459d,25-100m
TOMOUSDT,2023-06-15,2023-06-14,0.3414282952,1.0000000000,0.5770992227,26036863.3405699991,775,BREAK,False,False,-0.0011239431,0.0179874536,False,False,-0.1470871460,-0.1325054410,False,False,-0.2411119717,-0.2343489950,False,False,-0.0258405779,-0.0535782870,False,False,-0.2772741809,-0.2992574574,730-1459d,25-100m
TOMOUSDT,2023-06-30,2023-06-29,0.1740461529,2.0000000000,0.2729686199,25390873.8896799982,790,BREAK,True,False,-0.0338476367,-0.0469144713,False,False,-0.0357891285,-0.0138939011,False,False,-0.0609667663,-0.1182785998,False,False,0.0926349775,0.0681162035,False,False,0.4424192572,0.3483399495,730-1459d,25-100m
TRBUSDT,2023-10-01,2023-09-30,0.1185738540,2.0000000000,0.2780872268,44155893.4799000025,883,TRADING,False,False,-0.0004092859,0.0096609206,False,False,-0.0291669680,-0.1219928017,False,False,0.0131172176,-0.0723621898,False,False,0.0271020172,-0.0208372798,True,False,0.2434804154,1.2263686304,730-1459d,25-100m
TRBUSDT,2023-12-13,2023-12-12,0.2463570284,2.0000000000,0.7334465903,31876608.6119000018,956,TRADING,True,False,0.0219358658,0.1248181818,True,False,0.0431730477,0.1177272727,True,False,-0.0814580627,0.2547272727,True,False,-0.1181613290,0.6979090909,True,False,-0.5035330750,0.1310000000,730-1459d,25-100m
TRBUSDT,2025-06-09,2025-06-08,0.0409020184,2.0000000000,0.1134321683,31653857.9430299997,1500,TRADING,True,False,0.0212218078,0.0771103896,False,False,-0.0466514830,-0.0653409091,False,False,-0.0846791456,-0.1631493506,False,False,-0.2162651389,-0.2897727273,False,False,-0.3122639132,-0.2293019481,1460d+,25-100m
TROYUSDT,2024-12-25,2024-12-24,0.2407916091,2.0000000000,0.6548204355,40701416.4166390002,1334,BREAK,False,False,0.0219959582,0.0282383845,False,False,-0.1306733625,-0.0942373994,True,False,-0.2517131898,0.0009850599,False,False,-0.6516336371,-0.4014119192,False,False,-0.8276373581,-0.6557215564,730-1459d,25-100m
TRUUSDT,2024-05-25,2024-05-24,0.1877211781,2.0000000000,0.6363799443,43855732.4569500014,1120,BREAK,False,False,-0.0966177686,-0.0175507531,True,False,-0.0210431079,0.1885396202,False,False,-0.0711942594,0.1268500327,False,False,-0.1111500743,0.2341191880,False,False,-0.4216476544,-0.1504256713,730-1459d,25-100m
TRXUSDT,2023-05-21,2023-05-20,0.3415291856,1.0000000000,1.2664611264,28438134.6614019983,750,TRADING,True,True,0.6483028965,0.0336227091,True,True,0.6623554057,0.0814386110,False,False,0.4242085802,0.0632492766,True,True,-0.0092661859,0.1267741491,False,False,-1.3622241935,-0.0355518809,730-1459d,25-100m
TRXUSDT,2023-06-03,2023-06-02,0.2771780663,1.0000000000,1.3229170806,38659609.3694709986,763,TRADING,True,True,-0.0657221401,-0.0107669973,True,True,-0.2442649675,-0.0525042342,False,False,-1.0373798118,-0.1289620131,False,False,-1.2747963823,-0.1467457053,False,False,-1.2128213351,-0.0802080813,730-1459d,25-100m
TRXUSDT,2023-07-15,2023-07-14,0.2757740631,1.0000000000,1.2760411409,27733601.1279590018,805,TRADING,False,False,0.1340439194,0.0117676515,False,False,0.0533350832,0.0011266900,False,False,-0.1519242434,0.0068853280,False,False,0.3287716370,0.0648472709,False,False,-0.8344302009,-0.0346770155,730-1459d,25-100m
TRXUSDT,2023-07-23,2023-07-22,0.3500000000,1.0000000000,1.4571938888,108012539.3518889993,813,TRADING,True,True,-0.1303762111,-0.0063170441,True,True,-0.1142589909,-0.0238379023,False,False,-0.0474684996,-0.0081048868,False,False,-1.1442050506,-0.0758045292,False,False,-0.2335800727,-0.1048867700,730-1459d,100-500m
TRXUSDT,2023-07-26,2023-07-25,0.3298002279,1.0000000000,1.3429348979,25120057.3850580007,816,TRADING,True,True,-0.0715940679,0.0063492063,False,False,0.2618778799,0.0385836386,False,False,-1.0034627520,-0.0395604396,False,False,-1.0118090038,-0.0626373626,False,False,0.2138413176,-0.0642246642,730-1459d,25-100m
TRXUSDT,2023-07-31,2023-07-30,0.2261105885,2.0000000000,0.9355123479,28109824.2248420008,821,TRADING,True,True,-0.2360193467,-0.0258782348,False,False,-0.9181965994,-0.0458807351,False,False,-0.7156952131,-0.0375046881,False,False,-0.4939014079,-0.0360045006,False,False,0.3649048936,-0.0333791724,730-1459d,25-100m
TRXUSDT,2023-09-30,2023-09-29,0.3500000000,1.0000000000,3.2491042662,28047009.7881929986,882,TRADING,False,False,-0.4680183452,-0.0058348294,False,False,-1.0919573333,-0.0188509874,True,True,-1.6213459653,-0.0216561939,False,False,-1.3199300577,-0.0407315978,False,False,-1.8747158611,0.0647441652,730-1459d,25-100m
TRXUSDT,2023-10-04,2023-10-03,0.3500000000,1.0000000000,2.4175052416,26841838.3726859987,886,TRADING,False,False,-0.3767211711,-0.0198434572,True,True,-0.7897469406,-0.0388049829,False,False,-0.5672115267,-0.0494984015,False,False,-0.4514484290,-0.0239223900,False,False,-0.7480528139,0.0938154558,730-1459d,25-100m
TRXUSDT,2023-10-07,2023-10-06,0.3500000000,1.0000000000,1.6277583009,27887210.0196649991,889,TRADING,False,False,0.4750247260,0.0102075926,False,False,0.1792059971,-0.0121573575,False,False,0.3014159075,-0.0194976488,True,True,0.2101600118,0.0407156784,False,False,-0.1307781077,0.1248996445,730-1459d,25-100m
TRXUSDT,2023-10-17,2023-10-16,0.3227593039,1.0000000000,2.0545015269,29491539.8066040017,899,TRADING,False,False,-0.0884447143,-0.0034890264,False,False,-0.1439397050,0.0128306134,False,False,-0.8965348771,0.0375914463,False,False,-0.7461985963,0.0757456387,True,True,-0.8114234802,0.1711873945,730-1459d,25-100m
TRXUSDT,2023-10-21,2023-10-20,0.3302549754,1.0000000000,1.8379183127,28173435.9541330002,903,TRADING,False,False,0.0517383763,0.0094776284,False,False,-0.6799516629,0.0159797223,False,False,-0.6361682563,0.0307471898,False,False,-0.4144396240,0.0714128279,False,False,-0.7406082475,0.1405113511,730-1459d,25-100m
TRXUSDT,2023-11-12,2023-11-11,0.2999001771,1.0000000000,1.6041498386,32005949.3255160004,925,TRADING,False,False,0.2836724907,0.0047222222,True,True,-0.1426540928,-0.0535185185,False,False,-0.2898396102,-0.0472222222,True,True,-0.6271634815,0.0087962963,False,False,-0.9298890992,-0.0386111111,730-1459d,25-100m
TRXUSDT,2023-11-14,2023-11-13,0.3443452233,1.0000000000,1.8784965741,38304769.7037919983,927,TRADING,True,True,-0.4170008283,-0.0436002994,True,True,-0.5856456237,-0.0425711078,False,False,-1.0527738512,-0.0553892216,False,False,-1.1911833256,-0.0463136228,False,False,-1.4023791778,-0.0241392216,730-1459d,25-100m
TRXUSDT,2023-11-26,2023-11-25,0.2825536071,1.0000000000,0.9769863570,38382901.0231489986,939,TRADING,True,True,0.0179015570,-0.0107388710,False,False,-0.3017552377,-0.0550711335,False,False,-0.5955135094,-0.0530518587,False,False,-0.5016244311,-0.0212023864,False,False,-0.2656843353,-0.0283616338,730-1459d,25-100m
TRXUSDT,2024-02-05,2024-02-04,0.2970663819,1.0000000000,1.3962448919,25242194.8632070012,1010,TRADING,True,True,0.0674461200,0.0046440936,True,True,0.0282973208,0.0436544794,False,False,-0.4727014950,0.0488896394,True,True,0.5680594283,0.1414337583,False,False,-0.7488745940,0.1470911087,730-1459d,25-100m
TRXUSDT,2024-02-18,2024-02-17,0.3105436967,1.0000000000,1.9693523766,83700669.2385489941,1023,TRADING,True,True,-0.0050480563,-0.0052980132,True,True,0.4159974110,0.0243561442,False,False,0.3834371374,0.0111846946,False,False,-0.7362858306,0.0389992642,False,False,-2.6941674747,-0.0869757174,730-1459d,25-100m
TRXUSDT,2024-07-15,2024-07-14,0.3500000000,1.0000000000,1.7093395657,29372567.6445560008,1171,TRADING,True,True,-0.2788104961,-0.0022527433,True,True,-0.2119855576,-0.0292856624,False,False,-0.5863180387,-0.0239808153,False,False,-0.2158170875,0.0071942446,True,True,-0.4471108376,-0.0647482014,730-1459d,25-100m
TRXUSDT,2024-07-20,2024-07-19,0.3464789916,1.0000000000,1.2013778674,29215522.3606619984,1176,TRADING,False,False,0.0971888711,0.0001485222,False,False,-0.2389089417,-0.0167830091,False,False,0.2450871353,0.0210901530,True,True,-0.7246812397,-0.0821327789,True,True,0.5819634953,0.0032674885,730-1459d,25-100m
TRXUSDT,2024-07-24,2024-07-23,0.3500000000,1.0000000000,1.2470883224,27688424.2722870000,1180,TRADING,False,False,0.1251643399,0.0022388060,False,False,0.1993766803,0.0261194030,True,True,-0.1468302070,-0.0074626866,True,True,-0.3473282927,-0.0791044776,True,True,0.0437318817,0.1597014925,730-1459d,25-100m
TRXUSDT,2024-07-26,2024-07-25,0.3500000000,1.0000000000,1.4926928652,29804563.3355300017,1182,TRADING,False,False,-0.0462278625,0.0140117994,False,False,0.0008296130,0.0221238938,True,True,-0.8386972226,-0.0538348083,True,True,-0.5890644352,-0.0634218289,True,True,-0.3462845417,0.1718289086,730-1459d,25-100m
TRXUSDT,2024-07-30,2024-07-29,0.3500000000,1.0000000000,1.5403203465,45653192.3742429987,1186,TRADING,True,True,-0.4400622311,-0.0327272727,True,True,-0.8863247039,-0.0669090909,True,True,-0.6915807194,-0.1163636364,True,True,-0.3012271349,-0.0785454545,True,True,-0.3617577144,0.1512727273,730-1459d,25-100m
TRXUSDT,2024-08-14,2024-08-13,0.3500000000,1.0000000000,1.2622287281,26464083.1051100008,1201,TRADING,True,True,0.2957747543,0.0132090132,True,True,0.5011565296,0.0419580420,True,True,0.1957462143,0.2533022533,True,True,-0.1254688062,0.2268842269,True,True,-0.4205750156,0.1810411810,730-1459d,25-100m
TRXUSDT,2024-08-22,2024-08-21,0.3260211389,1.0000000000,1.2501683163,288438164.3356170058,1209,TRADING,True,True,0.0406518878,0.0097465887,True,True,-0.1037599928,0.0324886290,True,True,-0.0716056842,0.0285899935,True,True,-0.1223670909,-0.0253411306,True,True,0.0478808140,-0.0123456790,730-1459d,100-500m
TRXUSDT,2024-09-03,2024-09-02,0.3268931008,1.0000000000,1.1744194286,49189981.0541800037,1221,TRADING,True,True,-0.0570981022,-0.0252918288,True,True,-0.0052590920,-0.0285343709,True,True,-0.4166651748,0.0025940337,True,True,-0.4981029934,-0.0343709468,True,True,1.2723943502,0.0012970169,730-1459d,25-100m
TRXUSDT,2024-09-10,2024-09-09,0.3087065469,1.0000000000,0.7577542539,45553597.9960099980,1228,TRADING,True,True,0.0760590707,-0.0097024580,True,True,0.0838994586,-0.0168175938,True,True,-0.0814378187,-0.0368693402,True,True,0.7703150663,-0.0148771022,True,True,2.5140045714,0.0381630013,730-1459d,25-100m
TRXUSDT,2024-09-19,2024-09-18,0.2745508705,1.0000000000,0.5817670508,30876312.7310599983,1237,TRADING,True,True,0.4642152040,0.0127005348,False,False,0.6430993587,0.0160427807,False,False,1.2764679636,0.0026737968,True,True,1.8650467281,0.0320855615,False,False,0.8353862122,0.0594919786,730-1459d,25-100m
TRXUSDT,2024-09-24,2024-09-23,0.2827856863,1.0000000000,1.5280693202,32680593.3212499991,1242,TRADING,True,True,0.2297192562,-0.0065659882,True,True,0.4822026303,0.0059093894,True,True,0.7903629929,0.0242941563,True,True,1.3635653307,0.0236375575,False,False,-0.5373156734,0.0525279054,730-1459d,25-100m
TRXUSDT,2024-09-27,2024-09-26,0.3348663103,1.0000000000,2.0102719505,32744906.1094099991,1245,TRADING,True,True,-0.0516451063,0.0130548303,True,True,0.0576337119,0.0215404700,True,True,1.0605636208,0.0293733681,True,True,1.0876315935,0.0365535248,True,True,-0.3856292323,0.0783289817,730-1459d,25-100m
TRXUSDT,2024-10-08,2024-10-07,0.3500000000,1.0000000000,2.8916346509,34649577.0252299979,1256,TRADING,True,True,0.1971531714,0.0262989096,True,True,0.2062688931,0.0186016677,True,True,-0.4052833564,0.0301475305,False,False,-1.9728470990,0.0160359205,False,False,-2.1126971100,0.0423348300,730-1459d,25-100m
TRXUSDT,2024-10-12,2024-10-11,0.3500000000,1.0000000000,2.9730761313,36476148.6058700010,1260,TRADING,True,True,0.0551337124,0.0168961202,True,True,-0.4867248369,0.0050062578,False,False,-1.5559228684,-0.0081351690,True,True,-1.6088909541,0.0175219024,False,False,-2.4241232940,0.0256570713,730-1459d,25-100m
TRXUSDT,2024-10-26,2024-10-25,0.3347598347,1.0000000000,1.3641851773,74437491.0160200000,1274,TRADING,True,True,0.2604575409,0.0159901599,False,False,-0.4441312439,0.0098400984,False,False,0.0630756114,0.0295202952,False,False,-0.8155220671,-0.0104551046,True,True,-0.5790626467,0.2822878229,730-1459d,25-100m
TRXUSDT,2024-11-04,2024-11-03,0.3500000000,1.0000000000,1.6631429456,31974795.8586799987,1283,TRADING,True,True,0.0635254744,-0.0133252574,False,False,-0.8842054046,-0.0157480315,False,False,-1.1141901082,-0.0072683222,True,True,-0.7974030970,0.2071471835,True,False,-1.3149179154,1.6250757117,730-1459d,25-100m
TRXUSDT,2024-11-17,2024-11-16,0.2726791186,1.0000000000,0.8135444262,139747594.6788290143,1296,TRADING,True,True,0.0521954224,-0.0044955045,True,True,0.0122174043,-0.0034965035,True,True,0.0318897931,0.0589410589,True,True,-0.0620087067,0.0234765235,True,False,-0.6214746133,0.4820179820,730-1459d,100-500m
TRXUSDT,2024-11-24,2024-11-23,0.2771860973,1.0000000000,0.8454342193,209387048.8346059918,1303,TRADING,True,True,-0.0603116887,-0.0165094340,True,True,-0.1617741768,-0.0830188679,True,True,-0.0938984998,-0.0334905660,True,False,-0.6128849338,0.5037735849,True,False,-0.7794161351,0.1915094340,730-1459d,100-500m
TRXUSDT,2024-11-27,2024-11-26,0.2502740789,1.0000000000,0.6836600425,196115884.1326099932,1306,TRADING,True,True,0.0401400523,0.0344650206,True,True,0.0316368677,0.0514403292,True,False,-0.3354350124,1.2294238683,True,False,-0.5025485005,0.3858024691,True,False,-0.6124031345,0.3050411523,730-1459d,100-500m
TRXUSDT,2025-03-05,2025-03-04,0.1929534927,2.0000000000,0.4603677450,267239994.9817000031,1404,TRADING,True,True,0.0101696738,0.0045342127,True,True,0.1599868774,0.0041220115,True,False,-0.0857176023,-0.0750206101,True,True,0.1154988969,-0.0226710635,True,True,-0.0979109076,-0.0181368508,730-1459d,100-500m
TRXUSDT,2025-04-22,2025-04-21,0.1050332470,2.0000000000,0.6758923694,115251581.9258700013,1452,TRADING,True,True,-0.2652377634,0.0081201786,False,False,-0.5741790590,-0.0036540804,False,False,-0.5391036965,0.0081201786,False,False,-0.7624893534,0.0081201786,False,False,0.1085307653,0.0893219651,730-1459d,100-500m
TRXUSDT,2025-05-13,2025-05-12,0.3270795525,1.0000000000,1.0267705882,393512744.7088000178,1473,TRADING,True,True,0.1967738992,-0.0029444240,True,True,0.3977400817,0.0058888480,False,False,0.0817745497,-0.0184026500,False,False,0.0227463573,0.0080971660,False,False,-0.2925702525,0.0287081340,1460d+,100-500m
TRXUSDT,2025-05-30,2025-05-29,0.3500000000,1.0000000000,1.4194566052,91447982.7853199989,1490,TRADING,False,False,-0.7685500807,-0.0280305788,False,False,-0.7984697361,-0.0141973062,True,True,0.1601589706,0.0265744448,False,False,-0.9429675425,-0.0105569712,False,False,-0.9708158864,0.0000000000,1460d+,25-100m
TRXUSDT,2025-06-05,2025-06-04,0.3500000000,1.0000000000,1.0972086490,66905927.4548100010,1496,TRADING,True,True,0.4824069269,0.0276967930,True,True,0.3423144824,0.0455539359,False,False,-0.3630083133,0.0185860058,False,False,-0.4847245975,-0.0051020408,True,True,-0.0005862579,0.0302478134,1460d+,25-100m
TRXUSDT,2025-06-11,2025-06-10,0.3100355664,1.0000000000,1.2380815756,118854997.8000700027,1502,TRADING,False,False,-0.5038812399,-0.0450973693,False,False,-0.7498736354,-0.0785787496,False,False,-0.5463499858,-0.0724291083,False,False,-0.5538140413,-0.0645712333,False,False,-0.2018556705,0.0040997608,1460d+,100-500m
TRXUSDT,2025-06-21,2025-06-20,0.2506993803,1.0000000000,0.7498005782,80800848.0374599993,1512,TRADING,True,True,0.1561757935,-0.0044085231,True,True,-0.0695088476,0.0018368846,False,False,-0.4048719098,0.0036737693,True,True,0.3468218129,0.0385745775,True,True,0.9557666360,0.1535635562,1460d+,25-100m
TRXUSDT,2025-07-01,2025-06-30,0.2202922224,2.0000000000,0.7226459522,50150293.9205600023,1522,TRADING,True,True,0.3168460943,-0.0035739814,True,True,0.4497697518,0.0257326662,True,True,0.6681542607,0.0246604718,False,False,0.6627552269,0.0811293781,True,True,0.9261711357,0.1701215154,1460d+,25-100m
TRXUSDT,2025-07-17,2025-07-16,0.2895128739,1.0000000000,1.5828025378,97129802.5357500017,1538,TRADING,True,True,0.5535600047,0.0193798450,True,True,0.2822357311,0.0268087855,True,True,0.1535932929,-0.0003229974,True,True,0.0660145501,0.0574935401,True,True,0.4859374872,0.1388888889,1460d+,25-100m
TRXUSDT,2025-08-02,2025-08-01,0.2822430111,1.0000000000,1.1530745550,292346122.2255899906,1554,TRADING,True,True,0.0307760232,-0.0040197897,True,True,0.0356519763,0.0290661719,True,True,0.4294381188,0.0445269017,True,True,0.9156654701,0.0902906617,True,True,0.7828904764,0.0544217687,1460d+,100-500m
TRXUSDT,2025-09-11,2025-09-10,0.2186407461,2.0000000000,1.2133734524,75920386.1007699966,1594,TRADING,True,True,0.0627637602,0.0236476500,True,True,0.1179986141,0.0336979013,True,True,0.0623148986,0.0147797813,True,False,0.2703476129,-0.0002955956,True,False,-0.6961859707,-0.0526160213,1460d+,25-100m
TRXUSDT,2025-09-29,2025-09-28,0.2316438351,2.0000000000,1.5597362632,39143011.1054399982,1612,TRADING,True,False,-0.1939513920,0.0032767352,True,False,-0.3628214596,0.0172773310,False,False,-1.0132290933,0.0166815609,True,False,-1.1102208344,-0.0387250521,False,False,-2.1019020618,-0.1200476616,1460d+,25-100m
TRXUSDT,2026-05-07,2026-05-06,0.3500000000,1.0000000000,3.5708153541,35123802.7187800035,1832,TRADING,True,True,0.2686124185,0.0077967081,True,True,0.1218897175,0.0112619116,True,True,0.6208553800,0.0098180768,True,True,1.0043632481,0.0372509385,True,True,-2.0956879891,-0.0750794109,1460d+,25-100m
TRXUSDT,2026-05-11,2026-05-10,0.3500000000,1.0000000000,3.4481279827,25250804.9158900008,1836,TRADING,True,True,0.2154457077,0.0014261266,True,True,0.7435427514,-0.0025670280,True,True,1.0048132629,0.0134055904,True,True,2.2348308885,0.0430690245,True,True,-1.7677364030,-0.0790074159,1460d+,25-100m
TWTUSDT,2022-03-28,2022-03-27,0.2354127557,2.0000000000,0.4617505983,32418794.5628000014,331,TRADING,False,False,-0.0621152275,-0.0990586851,False,False,-0.0257080842,-0.0544197676,False,False,0.1149267935,-0.0392704810,False,False,0.0016417221,-0.1709810266,False,False,0.0076445783,-0.2115016914,240-364d,25-100m
UMAUSDT,2023-05-08,2023-05-07,0.1214611041,2.0000000000,0.1824214993,36306317.4914999977,737,TRADING,False,False,-0.0536947544,-0.0792181070,False,False,-0.0951885152,-0.1179698217,False,False,-0.1333252119,-0.1927297668,False,False,-0.2441530565,-0.3004115226,False,False,-0.8622345168,-0.3803155007,730-1459d,25-100m
VETUSDT,2023-12-23,2023-12-22,0.2624838068,1.0000000000,1.1744719763,25511554.9021940008,966,TRADING,False,False,-0.0236714312,-0.0138850319,True,True,-0.0648284661,0.0569286309,False,False,-0.1105010644,-0.0269369620,False,False,-0.6124291403,-0.1352402111,False,False,-0.8826099385,-0.2232713135,730-1459d,25-100m
VETUSDT,2023-12-26,2023-12-25,0.2549759247,1.0000000000,1.1096435102,28612228.2009259984,969,TRADING,True,True,0.0038410506,-0.0170782974,False,False,-0.0393211315,-0.0675249606,False,False,-0.0699377989,-0.0396741986,True,False,-0.7345733378,-0.1818181818,False,False,-0.8272212074,-0.2866526537,730-1459d,25-100m
VIDTUSDT,2024-08-30,2024-08-29,0.1150788368,2.0000000000,0.3643031825,26217294.9967099987,1086,BREAK,False,False,-0.0211103339,-0.0601135696,False,False,-0.0538284699,-0.1110240846,False,False,-0.0532954940,-0.1458782064,False,False,-0.0647697651,-0.0589387116,False,False,-0.0067662763,-0.0838065400,730-1459d,25-100m
WAVESUSDT,2021-09-17,2021-09-16,0.2515273500,1.0000000000,0.7800309732,44646207.5601999983,139,BREAK,False,False,-0.1953612194,-0.0685197156,False,False,-0.1832792900,-0.1144149968,False,False,-0.4013153111,-0.1871363930,False,False,-0.3531979800,-0.2165481577,False,False,-0.4514826262,-0.0552682612,240-364d,25-100m
WAVESUSDT,2021-10-13,2021-10-12,0.2272638901,2.0000000000,0.4859817752,102019653.2120999992,165,BREAK,True,False,-0.0365063909,0.0793918919,False,False,-0.1654758235,0.0202702703,False,False,-0.2003034130,-0.0354729730,False,False,0.0243337560,-0.0317567568,False,False,-0.6004515811,-0.1804054054,240-364d,100-500m
WAVESUSDT,2021-10-15,2021-10-14,0.2183391598,2.0000000000,0.4613065416,33756349.1485000029,167,BREAK,False,False,-0.1408005899,-0.0650154799,False,False,-0.1505417632,-0.1068111455,False,False,-0.1104698567,-0.1359133127,False,False,-0.1095542847,-0.1436532508,False,False,-0.6204832639,-0.2650154799,240-364d,25-100m
WAVESUSDT,2023-12-28,2023-12-27,0.2494953261,2.0000000000,0.9471448390,36210327.2178800032,971,BREAK,False,False,-0.0141952382,-0.0118966689,False,False,-0.1590119280,-0.0696804895,False,False,-0.3623320069,-0.1009517335,False,False,-0.8194031651,-0.1420802175,False,False,-0.9259038327,-0.2392929980,730-1459d,25-100m
WAXPUSDT,2023-10-19,2023-10-18,0.1871768964,2.0000000000,0.5110615972,48478962.9840999991,787,TRADING,False,False,-0.3093016729,-0.1294851794,False,False,-0.4644356318,-0.1653666147,False,False,-0.6511780612,-0.1965678627,False,False,-0.3983102954,-0.0436817473,False,False,-0.3150979359,0.0249609984,730-1459d,25-100m
WOOUSDT,2023-04-16,2023-04-15,0.2292873413,2.0000000000,0.5705126130,30215346.0965000018,432,TRADING,False,False,-0.0251711581,-0.0316169828,False,False,-0.0577837264,-0.0761818729,False,False,-0.1154358205,-0.1517615176,False,False,-0.1887757884,-0.1900030111,False,False,-0.5303609257,-0.3029208070,365-729d,25-100m
XLMUSDT,2023-07-29,2023-07-28,0.2007931065,2.0000000000,0.3022925695,32713958.0377000012,819,TRADING,False,False,-0.0124065329,-0.0093867334,False,False,-0.0314380122,-0.0613266583,False,False,-0.1033524303,-0.1464330413,False,False,-0.1409023057,-0.1257822278,False,False,0.0911007142,-0.2428035044,730-1459d,25-100m
XMRUSDT,2023-01-13,2023-01-12,0.2903714651,1.0000000000,1.8003310383,26735081.2802999988,622,BREAK,False,False,0.0064740317,0.0240096038,False,False,-0.0228467119,0.0468187275,False,False,-1.0379616460,-0.0048019208,False,False,-1.5327725217,0.0324129652,False,False,-1.5601839105,-0.0312124850,365-729d,25-100m
XRPUSDT,2023-04-09,2023-04-08,0.2500348968,1.0000000000,0.2773068660,69517878.4432000071,708,TRADING,True,False,0.0083877857,0.0011885895,False,False,-0.0165099587,0.0235736926,False,False,0.0103084372,0.0285261490,False,False,-0.1800118432,-0.0651743265,False,False,-0.5615050564,-0.1515451664,365-729d,25-100m
XRPUSDT,2023-06-01,2023-05-31,0.2090853247,2.0000000000,0.6979843163,226321932.8499000072,761,TRADING,True,False,-0.2065869796,-0.0195509098,True,False,-0.0491238426,0.0042586140,True,False,-0.0913173945,0.0032907472,True,True,-0.4299584705,-0.0706542780,False,False,-1.0292819185,-0.0845915602,730-1459d,100-500m
XRPUSDT,2023-06-09,2023-06-08,0.2331485687,2.0000000000,0.6780468890,137027019.7161000073,769,TRADING,True,True,0.1371199555,0.0275019099,True,True,-0.0114545288,-0.0053475936,True,True,-0.4753863034,-0.0830786860,False,False,-0.7965523432,-0.0569136746,False,False,-0.8576287098,-0.1016042781,730-1459d,100-500m
XRPUSDT,2023-06-17,2023-06-16,0.2371191137,2.0000000000,0.1072648640,177084797.8847999871,777,TRADING,True,True,-0.0189993120,0.0073544862,True,True,0.0924631904,0.0371926875,False,False,-0.2341487992,0.0424458920,False,False,-0.4385624662,-0.0063038453,True,False,0.1995453646,0.5692372347,730-1459d,100-500m
XRPUSDT,2023-08-04,2023-08-03,0.1440662499,2.0000000000,0.1064294802,236749567.6446000040,825,TRADING,True,False,-0.0301222351,-0.0413273002,False,False,-0.0595695926,-0.0588235294,False,False,-0.0596766235,-0.0450980392,False,False,-0.1758090634,-0.2361990950,True,False,-0.0205750864,-0.2476621418,730-1459d,100-500m
XRPUSDT,2023-11-07,2023-11-06,0.2516098445,1.0000000000,1.1353621905,492269742.4642000198,920,TRADING,True,False,-0.2353324075,-0.0416899832,True,False,-0.3543459227,-0.0675713486,False,False,-0.7438858115,-0.0623950755,False,False,-1.4030752286,-0.1435366536,False,False,-1.5016884400,-0.1046446558,730-1459d,100-500m
XRPUSDT,2024-11-21,2024-11-20,0.2386711589,2.0000000000,0.6009118331,673862209.4399000406,1300,TRADING,True,True,0.0409235189,0.1294266824,True,True,0.0786839319,0.3300425686,True,True,0.0818112617,0.3310388552,True,False,0.0328973420,1.1351326873,True,False,-0.0362587356,1.0643963409,730-1459d,500m-2b
XRPUSDT,2025-01-01,2024-12-31,0.2475580783,2.0000000000,0.6023206781,421967928.6517999768,1341,TRADING,True,True,0.1794992849,0.1196006911,True,True,0.2321886343,0.1781052025,True,True,0.2449869574,0.0900364753,True,True,0.4759073810,0.2801401421,True,True,0.2828249328,0.5010558648,730-1459d,100-500m
XRPUSDT,2025-04-24,2025-04-23,0.0511587430,2.0000000000,0.1986445235,494085337.3041300178,1454,TRADING,True,False,-0.0375788985,-0.0060854670,True,True,0.0618250262,-0.0122610891,True,True,0.1274215295,-0.0124413992,False,False,-0.1502336974,-0.0414262532,False,False,-0.3131520619,0.0352506311,730-1459d,100-500m
XRPUSDT,2025-04-27,2025-04-26,0.2327597149,2.0000000000,0.2604695497,197714019.9650900066,1457,TRADING,True,True,0.1341144083,0.0277473530,True,True,0.1115060897,0.0213581599,False,False,-0.2450574092,-0.0018254838,True,True,0.2643509310,0.1277382256,False,False,-0.3040106976,0.0543537788,730-1459d,100-500m
XRPUSDT,2025-05-11,2025-05-10,0.2613021891,1.0000000000,0.5248204807,417538802.2719399929,1471,TRADING,False,False,-0.3017675920,-0.0421269880,True,True,0.0125596258,0.0452430092,False,False,-0.5376029651,-0.0477520133,False,False,-0.5855649171,-0.0569786735,False,False,-0.3007555353,-0.0607017118,1460d+,100-500m
XRPUSDT,2025-05-13,2025-05-12,0.1729204475,2.0000000000,0.5428331680,1275311866.3116099834,1473,TRADING,True,True,-0.0054530614,0.0153307913,False,False,-0.4515367920,-0.0622272888,False,False,-0.5434955554,-0.0643107040,False,False,-0.5863743159,-0.0918275089,False,False,-0.4854795972,-0.1075120877,1460d+,500m-2b
XRPUSDT,2025-07-11,2025-07-10,0.2323304314,2.0000000000,0.6876316466,518124516.2974399924,1532,TRADING,True,False,-0.0034674817,0.0726708806,True,True,0.0650235023,0.1134623690,True,True,0.3819611927,0.3668093126,True,False,0.1394612037,0.2348553257,True,False,-0.1855432431,0.2664991559,1460d+,500m-2b
XRPUSDT,2025-07-13,2025-07-12,0.2305826653,2.0000000000,0.6615258131,942433146.0047600269,1534,TRADING,True,True,0.0911293358,0.0352619091,True,True,0.3673916311,0.0655229056,True,True,0.4282221541,0.2500091258,True,False,0.2311328202,0.1557583501,True,False,-0.2827531863,0.1423617448,1460d+,500m-2b
YFIIUSDT,2021-08-02,2021-08-01,0.2277197244,2.0000000000,0.4976574125,30144258.7810126804,93,BREAK,False,False,0.0046451252,0.0377251705,True,False,-0.0285998096,0.2898846921,False,False,-0.1207773339,0.1502203827,False,False,-0.0618685098,0.2795887333,True,False,-0.0140216926,0.8036507492,240-364d,25-100m
YFIIUSDT,2021-08-04,2021-08-03,0.2279587654,2.0000000000,0.5049069618,60794207.1270499974,95,BREAK,True,False,-0.0358493589,-0.0352125474,False,False,-0.0965366543,-0.0958349992,False,False,-0.0994774720,-0.1066681490,False,False,-0.1022186774,-0.1797571681,False,False,-0.0077910142,0.2192905751,240-364d,25-100m
YFIUSDT,2023-03-03,2023-03-02,0.2227449275,2.0000000000,0.6623858554,29070655.7639300004,671,TRADING,True,True,0.0091876468,-0.0065229722,False,False,-0.0294400116,-0.0366799017,False,False,-0.3582690845,-0.2931556060,False,False,-0.6043686340,-0.2196067310,False,False,-0.8013664478,-0.1695972774,365-729d,25-100m
YFIUSDT,2023-11-18,2023-11-17,0.2537565645,1.0000000000,0.8038370258,70860888.4750923961,931,TRADING,True,False,-0.6076706349,-0.3343646865,False,False,-0.7110905276,-0.4308993399,False,False,-0.7110195688,-0.4026402640,False,False,-0.7593070143,-0.4174917492,False,False,-0.7937223499,-0.4339246425,730-1459d,25-100m
YGGUSDT,2023-08-05,2023-08-04,0.2523082365,1.0000000000,0.1941801962,62999046.8919999972,680,TRADING,True,True,0.0932780646,0.6805708013,True,False,-0.0193622781,0.3841931943,True,False,-0.0360584891,0.2553969996,True,False,-0.0896668979,-0.0160995243,False,False,-0.1690609180,-0.1829491401,365-729d,25-100m
ZECUSDT,2022-03-20,2022-03-19,0.2274600663,2.0000000000,0.3861248873,59451648.5582000017,323,TRADING,True,False,-0.0364534759,-0.0339077265,False,False,-0.0734071335,-0.0305725403,True,False,-0.0161668633,0.1384102279,False,False,-0.1713628758,-0.0122290161,True,False,-0.2582159115,-0.1322957198,240-364d,25-100m
ZECUSDT,2025-10-26,2025-10-25,0.1595072793,2.0000000000,0.3473702390,91879753.0355799943,1639,TRADING,True,False,0.0055457184,0.1778936694,True,False,0.0015139444,0.1438867159,True,True,0.0786503056,0.4925756917,True,True,0.2177639523,1.1757569173,True,False,0.1105361770,0.8830218745,1460d+,25-100m
ZECUSDT,2025-11-02,2025-11-01,0.2031984958,2.0000000000,0.4260205447,377149761.5679067373,1646,TRADING,True,True,0.0051290749,0.0155048164,True,False,0.0264444588,0.0719918472,True,True,0.1391136467,0.4577196516,True,True,0.1417352975,0.6277388203,True,False,-0.0520285279,-0.1655302938,1460d+,100-500m
ZECUSDT,2026-05-07,2026-05-06,0.0676646676,2.0000000000,0.5588671941,279031478.2315499783,1832,TRADING,True,True,0.1733367944,0.0369154157,True,True,0.2508316727,0.0728023961,True,True,0.1594784009,-0.0535147229,True,True,0.1972071707,0.2152497113,True,False,-0.2471425878,-0.2973621536,1460d+,100-500m
ZECUSDT,2026-05-11,2026-05-10,0.0975689060,2.0000000000,0.8359942363,106799156.4394599944,1836,TRADING,True,True,-0.0497673215,-0.0606275304,True,True,-0.1176486413,-0.1150809717,True,True,-0.1344937272,-0.0959008097,True,True,-0.1693544849,0.1182017544,True,False,-0.6375189016,-0.2745951417,1460d+,100-500m
