date,V1_BASELINE,V1_PLUS_FIXED_PANEL_DISP0014,V1_PLUS_DYNAMIC_UNIVERSE_DISP0015,BRRK0011_BASELINE,BRRK0011_PLUS_FIXED_PANEL_DISP0014,BRRK0011_PLUS_DYNAMIC_UNIVERSE_DISP0015
2022-12-10,9999.4591682859,9999.3962653253,9999.3692717293,9999.1000001508,9999.2323134497,9999.2988564529
2022-12-11,9991.4998197407,9991.7313710440,9991.8721466369,9999.0999992969,9999.2323126369,9999.2988556635
2022-12-12,10014.1436945252,10013.5030770926,10013.1468992553,9999.1000018137,9999.2323150325,9999.2988579901
2022-12-13,10116.1382715543,10111.5606073955,10108.9614440746,9999.1000131245,9999.2323257986,9999.2988684458
2022-12-14,10121.7414173676,10117.0212012177,10114.3408745781,9999.1000136761,9999.2323263236,9999.2988689556
2022-12-15,10029.7106333962,10026.8484389604,10025.2259583031,9999.1000050275,9999.2323180915,9999.2988609608
2022-12-16,9878.0919858188,9878.2639429743,9878.3694092149,9999.0999906482,9999.2323044048,9999.2988476688
2022-12-17,9896.2031915719,9896.1327197784,9896.2209336098,9999.0999936401,9999.2323072526,9999.2988504344
2022-12-18,9891.2448792355,9891.2437190161,9891.3412476634,9999.0999928532,9999.2323065035,9999.2988497070
2022-12-19,9841.8493415932,9842.2844230033,9842.4403992157,9999.0999866906,9999.2323006377,9999.2988440103
2022-12-20,9917.7548459644,9917.5145075053,9917.5799808370,9999.0999962639,9999.2323097500,9999.2988528599
2022-12-21,9906.2021712576,9906.0654140295,9906.1447665132,9999.0999948180,9999.2323083737,9999.2988515233
2022-12-22,9905.6725536280,9905.5405394759,9905.6205274997,9999.0999947517,9999.2323083106,9999.2988514619
2022-12-23,9898.6541436451,9898.5849806678,9898.6733903256,9999.0999938722,9999.2323074734,9999.2988506490
2022-12-24,9908.0915588540,9907.9379413557,9908.0150346600,9999.0999950556,9999.2323085999,9999.2988517429
2022-12-25,9907.4363961572,9907.2886471771,9907.3665268230,9999.0999949735,9999.2323085218,9999.2988516671
2022-12-26,9921.6988502807,9921.4233559396,9921.4841185739,9999.0999967604,9999.2323102226,9999.2988533188
2022-12-27,9887.0172684337,9887.0528504626,9887.1552950956,9999.0999924215,9999.2323060927,9999.2988493080
2022-12-28,9860.8851919204,9861.1543532286,9861.2880960364,9999.0999891408,9999.2323029699,9999.2988462753
2022-12-29,9871.0483602108,9871.2646661611,9871.4105903233,9999.0999909351,9999.2323046778,9999.2988479339
2022-12-30,9867.8877192687,9868.1218730390,9868.2649029042,9999.0999903967,9999.2323041653,9999.2988474362
2022-12-31,9859.9635003131,9860.2423870406,9860.3781627154,9999.0999890462,9999.2323028799,9999.2988461879
2023-01-01,9869.0447626957,9869.2724259864,9869.4165085549,9999.0999905951,9999.2323043542,9999.2988476196
2023-01-02,9875.8749900002,9876.0640915334,9876.2144275122,9999.0999917589,9999.2323054620,9999.2988486955
2023-01-03,9876.1553820280,9876.3428994449,9876.4934923092,9999.0999918067,9999.2323055074,9999.2988487396
2023-01-04,9897.4167090363,9897.4841040242,9897.6541763307,9999.0999954269,9999.2323089533,9999.2988520861
2023-01-05,9894.2925456398,9894.3740890643,9894.5292407215,9999.0999950484,9999.2323085930,9999.2988517362
2023-01-06,9916.3307981277,9916.3264174440,9916.5501331438,9999.0999974806,9999.2323109081,9999.2988539846
2023-01-07,9915.0066517132,9915.0073703019,9915.2270166300,9999.0999973367,9999.2323107711,9999.2988538515
2023-01-08,9949.4779195918,9949.3459073860,9949.6714769657,9999.1000010842,9999.2323143381,9999.2988573157
2023-01-09,9963.6418459145,9963.4787337971,9963.8292571886,10011.7362293757,10011.8437974203,10011.9301617348
2023-01-10,10021.7558131089,10021.5011102168,10021.9254880309,10070.1307120085,10070.1478280634,10070.3068551503
2023-01-11,10156.2023134015,10155.7739500100,10156.3388979119,10205.2261839819,10205.0724597125,10205.3691527518
2023-01-12,10458.9385106785,10458.1912118334,10459.0155620530,10509.4236853338,10508.9577258515,10509.5070042160
2023-01-13,10889.4574712400,10888.3324106501,10889.4656050945,10942.0207558689,10941.1869309281,10942.0350672050
2023-01-14,11378.0705906868,11355.9719157456,11378.0136096379,11432.9924051110,11411.0964678545,11432.9415626217
2023-01-15,11338.4839995971,11321.5200305080,11338.4316194363,11393.2147300108,11376.4773450864,11393.1684883061
2023-01-16,11439.5618762392,11399.8275454222,11439.4981775800,11494.7805083772,11455.1649830427,11494.7229505095
2023-01-17,11393.6986561549,11367.5595379568,11393.6384069695,11448.6959070679,11422.7403391016,11448.6417894741
2023-01-18,11016.8679839551,11124.5888435213,11016.8356191910,11070.0462776360,11178.5902079336,11070.0199666636
2023-01-19,11281.2711815871,11284.6082688496,11272.7972694299,11335.7257464007,11339.3864050807,11327.2172850666
2023-01-20,12023.4249183443,11729.9497744747,11990.9516492164,12081.4618505359,11786.8897028163,12048.8385924288
2023-01-21,11918.0641467204,11675.3893435774,11895.3787876539,11975.5925037045,11732.0644227921,11952.8043479128
2023-01-22,11900.6880810824,11664.0083903581,11879.5881960414,11958.1325640017,11720.6282237568,11936.9375263992
2023-01-23,11951.1367998504,11689.2190824560,11925.4145345596,12008.8247981429,11745.9612944664,11982.9850939469
2023-01-24,11618.8165291341,11513.2307300602,11623.6579164662,11674.9004213817,11569.1186533357,11679.7717301055
2023-01-25,11832.7507954642,11636.3020311764,11824.1438792285,11889.8673459041,11692.7873714101,11881.2255492675
2023-01-26,11806.4334906059,11621.2771237758,11799.5091331054,11863.4230077242,11677.6895295854,11856.4718776278
2023-01-27,11839.5340820742,11640.1923705874,11830.4978548256,11896.6833753590,11696.6965954410,11887.6101990118
2023-01-28,11813.0782380794,11625.0919761293,11805.7343151687,11870.0998293158,11681.5229001269,11862.7271120809
2023-01-29,12182.3620030731,11856.5927260029,12151.4450235487,12241.1661227078,11914.1474089316,12210.1067568633
2023-01-30,11712.2781885684,11564.7237282670,11712.2125753338,11768.8132191508,11620.8616106326,11768.7538911904
2023-01-31,11865.6871924003,11675.9643411699,11855.9173205079,11922.9627264433,11732.6422115586,11913.1523784865
2023-02-01,12177.4156427917,11902.4039313235,12147.6878339183,12236.1958864049,11960.1809925870,12206.3314292061
2023-02-02,12052.3609822327,11804.7478450278,12030.8291294984,12110.5375884680,11862.0508607465,12088.9085833208
2023-02-03,12193.7651689241,11920.8989494596,12153.8972944145,12252.6243315082,11978.7657898786,12212.5708661956
2023-02-04,12155.2169877953,11888.3248946637,12120.8211421790,12213.8900787618,11946.0336129816,12179.3350371171
2023-02-05,11957.2393474702,11719.9585374047,11951.3793140799,12014.9568026916,11776.8499659398,12009.0752197918
2023-02-06,11852.9249202592,11631.0546496405,11861.8909346396,11910.1388509652,11687.5145178549,11919.1548305515
2023-02-07,12169.2407233659,11918.5340004155,12113.0858524332,12227.9815067399,11976.3893608178,12171.5624048587
2023-02-08,12015.0082812289,11777.6210711247,11990.3717922559,12073.0045864158,11834.7924071219,12048.2559361819
2023-02-09,11309.6175523236,11134.0244950281,11428.9357048769,11364.2089447445,11188.0716623104,11484.1094869285
2023-02-10,11195.2020691151,11030.5065720431,11337.8855489963,11249.2411793412,11084.0512390498,11392.6197816906
2023-02-11,11344.3402102308,11173.4637274335,11465.8228762784,11399.0991971704,11227.7023313315,11521.1747235171
2023-02-12,11301.9119448352,11132.8180217781,11429.4988514527,11356.4661342934,11186.8593250076,11484.6753453576
2023-02-13,11116.9428252378,10955.0065399572,11266.5485137864,11170.6041850760,11008.1847181489,11320.9383689165
2023-02-14,11350.6247441043,11181.8117323861,11479.7848314106,11405.4140662415,11236.0908591102,11535.2040798895
2023-02-15,12287.3780235727,12094.2871876707,12339.0758865916,12346.6889708568,12152.9956142006,12398.6433413816
2023-02-16,11906.4973770363,11723.5936909024,11989.9466521888,11963.9698493636,11780.5027148435,12047.8286960818
2023-02-17,12373.5449087328,12180.1560834571,12415.2141147037,12433.2717765783,12239.2813317572,12475.1491254437
2023-02-18,12380.9336004949,12187.3771247595,12421.9170540472,12440.6961328554,12246.5374250886,12481.8844230230
2023-02-19,12246.9730110588,12056.4566804555,12300.3964427684,12306.0889283537,12114.9814731086,12359.7771746941
2023-02-20,12476.6300469349,12280.9194150358,12508.9452779959,12536.8544971609,12340.5337840021,12569.3327732288
2023-02-21,12274.4998711460,12082.5444468754,12339.2873105289,12333.7486582901,12141.1958737967,12398.8557871781
2023-02-22,12138.9903194248,11949.5459793651,12225.2424047826,12197.5850147165,12007.5518114801,12284.2603330623
2023-02-23,12017.5060941532,11830.3090288310,12131.7608381202,12075.5143964204,11887.7360665371,12190.3274868682
2023-02-24,11638.5562305122,11458.3581185726,11840.9360625533,11694.7353768417,11513.9796493431,11898.0987630246
2023-02-25,11624.3903496100,11444.4525419965,11830.4743750541,11680.5011185077,11500.0065729250,11887.5865720091
2023-02-26,11824.0680287493,11640.4617572743,11973.1240714349,11881.1426238453,11696.9672475868,12030.9249059900
2023-02-27,11792.5637521573,11609.5378093819,11950.7307026498,11849.4862789840,11665.8931900547,12008.4234338353
2023-02-28,11616.6096566976,11436.8235439885,11825.5622266055,11672.6828691207,11492.3405427929,11882.6507104106
2023-03-01,11861.2748002758,11676.9943736138,12000.3954080220,11918.5289893591,11733.6771992014,12058.3278943492
2023-03-02,11779.1257425274,11596.3592191633,11942.0541039689,11835.9834056202,11652.6506292212,11999.7049492707
2023-03-03,11214.1485723755,11040.3389879326,11568.2571577699,11268.2791420273,11093.9313893699,11624.1035085545
2023-03-04,11204.6436449473,11030.9837403031,11561.8937486419,11258.7283351420,11084.5307298786,11617.7093802277
2023-03-05,11246.5960579472,11072.2755123087,11589.9886352359,11300.8832487890,11126.0229387237,11645.9398941871
2023-03-06,11236.4476554240,11062.2869300379,11583.2013045272,11290.6858608127,11115.9858702861,11639.1197978097
2023-03-07,11130.1301025076,10957.6436757163,11512.0727544832,11183.8551223427,11010.8346609598,11567.6478764715
2023-03-08,10883.1789557317,10714.5809523276,11346.3035915028,10935.7119637442,10766.5920722656,11401.0784669303
2023-03-09,10203.4251390920,10045.4138725885,10850.1018667369,10252.6770330645,10094.1767474235,10902.4813399810
2023-03-10,10111.8085848749,9955.2235608365,10775.6894688590,10160.6182530448,10003.5486368728,10827.7097118045
2023-03-11,10349.7220776484,10189.4335062380,10968.4946325444,10399.6801354428,10238.8954765289,11021.4456531895
2023-03-12,11120.6088238425,10948.3185841685,11659.7565195528,11174.2878896839,11001.4643082533,11716.0446455779
2023-03-13,11983.2104125116,11797.4857599068,12425.5327352849,12041.0531819973,11854.7534775666,12485.5176887751
2023-03-14,12253.9855525051,12064.0570026350,12678.7561826384,12313.1353493621,12122.6187186072,12739.9635864682
2023-03-15,12062.8772190268,11875.9158186001,12500.4229809070,12121.1045389432,11933.5642538592,12560.7694712420
2023-03-16,12417.0894991309,12224.6287458508,12831.4707838429,12477.0265961906,12283.9699141098,12893.4154259420
2023-03-17,13607.3752819268,13396.4337397424,13940.8018350190,13673.0578698678,13461.4631197870,14008.1018347455
2023-03-18,13365.1606809200,13157.9804116786,13702.2205685723,13429.6741027654,13221.8522842556,13768.3688039056
2023-03-19,13894.3432574531,13678.9457373611,14222.9466678114,13961.4110353296,13745.3464958201,14291.6087374815
2023-03-20,13767.2555948052,13553.8316459977,14098.0813033338,13833.7099225192,13619.6250717923,14166.1405784807
2023-03-21,13960.2067142932,13743.7864341201,14287.7287400900,14027.5924140471,13810.5019442804,14356.7035488334
2023-03-22,13535.7698826955,13325.9408241338,13870.7907675532,13601.1068324929,13390.6280153028,13937.7527849400
2023-03-23,14054.5513974923,13836.6664411380,14381.0487297528,14122.3924975583,13903.8328122806,14450.4740459600
2023-03-24,13636.8499239244,13425.4516554584,13970.8194861130,13702.6747855020,13490.6218951606,14038.2643977272
2023-03-25,13641.0620062322,13429.5983297479,13974.9613107625,13706.9071994653,13494.7886983638,14042.4262172666
2023-03-26,13891.9491257640,13676.5895049971,14221.6605644326,13959.0053472043,13742.9788257606,14290.3164253667
2023-03-27,13473.1548949937,13264.2987950741,13810.1558130457,13538.1896032235,13328.6867616127,13876.8251118019
2023-03-28,13540.7866316705,13330.8803240605,13876.6933705481,13606.1477972369,13395.5914927017,13943.6838830806
2023-03-29,14080.9712864012,13862.6767431112,14408.0319851764,14148.9399148583,13929.9693742604,14477.5875645567
2023-03-30,13921.9900146757,13706.1643683769,14251.8952633706,13989.1912430175,13772.6972523504,14320.6970840031
2023-03-31,14138.9668913835,13919.7717724210,14465.0877016634,14207.2154637200,13987.3415560147,14534.9187207027
2023-04-01,14132.6934716257,13913.5957762871,14458.9275021218,14200.9117622629,13981.1355801708,14528.7287824536
2023-04-02,13993.1881134951,13776.2568772362,14321.9374382743,14060.7330139478,13843.1300064187,14391.0773914194
2023-04-03,13808.4773767295,13594.4145707921,14151.4323404747,13875.1306813410,13660.4049954665,14219.7491707341
2023-04-04,13990.0091834516,13763.3829755460,14318.7987194964,14057.5387392586,13830.1936118395,14387.9235203012
2023-04-05,13992.2642369512,13765.4849082227,14320.8750970147,14059.8046778663,13832.3057477824,14390.0099216480
2023-04-06,13924.6175990398,13702.4320917734,14258.5893526014,13991.8315106903,13768.9468584152,14327.4234893236
2023-04-07,13861.2923191564,13646.6389422935,14200.2540727305,13928.2005606700,13712.8828761158,14268.8065926300
2023-04-08,13877.2118047652,13660.5707406836,14214.9258358592,13944.1968893872,13726.8823026694,14283.5491845149
2023-04-09,14068.6330641697,13828.0700298998,14391.3237454322,14136.5421362208,13895.1946720790,14460.7986648516
2023-04-10,14721.0985214547,14349.7176704061,14947.4346792684,14792.1570340767,14419.3745105809,15019.5942552907
2023-04-11,15000.7847603500,14571.6977559065,15184.2564789932,15073.1933140784,14642.4321386290,15257.5593254848
2023-04-12,14845.6380729895,14438.4211564133,15053.2942097051,14917.2977360814,14508.5085837738,15125.9648285249
2023-04-13,15086.9238303742,14645.1861176593,15257.3216128289,15159.7481760481,14716.2772298442,15330.9771853362
2023-04-14,15133.1623612734,14684.7339463966,15299.0974224591,15206.2098996138,14756.0170328661,15372.9546700214
2023-04-15,15047.8080896038,14606.5250641415,15221.0057700659,15120.4436242080,14677.4285066531,15294.4860258134
2023-04-16,15052.5566163563,14610.8537368273,15225.3525957935,15125.2150720250,14681.7781917148,15298.8538360850
2023-04-17,14669.1907306601,14253.3957378438,14888.7287102415,14739.9986851866,14322.5850091357,14960.6048799184
2023-04-18,15010.2096476960,14571.8384891995,15188.9452977579,15082.6636952084,14642.5735550739,15262.2707797840
2023-04-19,14220.6175404836,13824.4201533150,14507.1948829583,14289.2602392278,13891.5270781512,14577.2291767678
2023-04-20,13947.3122153717,13565.3544511999,14269.2946677443,14014.6356735805,13631.2038113493,14338.1804849735
2023-04-21,13462.9674761486,13106.0204771731,13846.4816763695,13527.9530098666,13169.6401242403,13913.3263402604
2023-04-22,13736.5493411143,13365.7077764702,14086.5681522631,13802.8554502212,13430.5880056003,14154.5718470300
2023-04-23,13624.8223019841,13259.7077534960,13998.1820167859,13690.5891064183,13324.0734340595,14065.7590225456
2023-04-24,13585.4795695753,13222.3740578267,13967.2166867073,13651.0564672547,13286.5585120182,14034.6442056061
2023-04-25,13975.5291568784,13592.5324896838,14274.4194551661,14042.9888178232,13658.5137783023,14343.3300125929
2023-04-26,14032.0716805487,13646.1542005025,14322.0840034989,14099.8042713720,13712.3957812762,14391.2246641958
2023-04-27,14554.2776886784,14141.3348927629,14766.4404566268,14624.5309597462,14209.9801948593,14837.7262729272
2023-04-28,14474.7379132410,14065.9789566025,14693.8885988815,14544.6072470552,14134.2584635995,14764.8241670352
2023-04-29,14434.6149433877,14027.9612701603,14657.4934107508,14504.2906042531,14096.0562305364,14728.2532791003
2023-04-30,14435.9778898098,14029.2527912355,14658.7300930693,14505.6601295963,14097.3540209528,14729.4959315718
2023-05-01,13860.7009208168,13484.1245541296,14106.0297835464,13927.6063076597,13549.5796056183,14174.1274304255
2023-05-02,14157.7837351403,13765.9293960378,14391.8944436523,14226.1231360876,13832.7523932438,14461.3721181493
2023-05-03,14333.7322170942,13932.7421093285,14561.0053242958,14402.9209186156,14000.3748539300,14631.2993910173
2023-05-04,14240.8938376181,13844.7511158042,14471.8344630990,14309.6344097319,13911.9567318229,14541.6980525061
2023-05-05,14570.4947758166,14157.1933263437,14788.5272066969,14640.8263265107,14225.9156089354,14859.9196480172
2023-05-06,14245.8518021391,13849.6245608679,14476.9827926244,14314.6163062701,13916.8538337132,14546.8712358799
2023-05-07,14039.3851720383,13653.9056427712,14278.6005290105,14107.1530649708,13720.1848508341,14347.5312708049
2023-05-08,13663.4341790652,13297.3942581469,13917.0806969146,13729.3873624269,13361.9428776985,13984.2661815215
2023-05-09,13643.4245453611,13278.4062603130,13897.8102959637,13709.2811425335,13342.8627077424,13964.9027516334
2023-05-10,13628.8469444987,13264.5724450396,13883.7701256228,13694.6331758194,13328.9617399382,13950.7948015858
2023-05-11,13317.6754122685,12969.2697853246,13584.0530445258,13381.9596234636,13032.2256129840,13649.6308195347
2023-05-12,13231.9431193917,12887.8621956712,13501.3714739058,13295.8135021482,12950.4228521091,13566.5500990132
2023-05-13,13222.2000277584,12878.6090925109,13491.9717654358,13286.0233807637,12941.1248322512,13557.1050129253
2023-05-14,13292.4905327298,12945.3658540101,13559.7876920195,13356.6531769047,13008.2056464721,13625.2483246834
2023-05-15,13413.2396845888,13060.0294127354,13676.2522961920,13477.9851830337,13123.4258085653,13742.2751682395
2023-05-16,13349.8824288080,12999.8787818757,13615.1731281455,13414.3221027689,13062.9831926662,13680.9011370967
2023-05-17,13533.4703242220,13174.1955894154,13792.2056705540,13598.7961740864,13238.1461742061,13858.7883139945
2023-05-18,13244.9158014600,12900.3055893106,13514.1602340418,13308.8488031502,12962.9266488520,13579.4005976032
2023-05-19,13274.0413739147,12927.9660000605,13542.2583802574,13338.1149642883,12990.7213296171,13607.6343891895
2023-05-20,13348.2618718890,13000.4106893318,13618.0276052568,13412.6937234470,13063.5176821237,13683.7693943558
2023-05-21,13207.7005931996,12863.5157706377,13475.1818639171,13271.4539576609,12925.9582439115,13540.2340572190
2023-05-22,13278.2735903865,12932.2479801126,13546.9048046648,13342.3676096028,12995.0240953883,13612.3032444703
2023-05-23,13503.9215013635,13152.0101847441,13776.2247816309,13569.1047195215,13215.8530764621,13842.7302764371
2023-05-24,13085.7672802713,12744.7630926469,13351.2933007042,13148.9320745357,12806.6291130245,13415.7474150456
2023-05-25,13142.5025450833,12800.0185191892,13408.9552521965,13205.9411995847,12862.1527621552,13473.6877328303
2023-05-26,13280.8788939354,12934.7855532275,13538.6915685775,13344.9854889113,12997.5739864685,13604.0503585269
2023-05-27,13325.3955805828,12978.1410856634,13580.5522468062,13389.7170569097,13041.1399766614,13646.1131215185
2023-05-28,13912.5162991286,13549.9475513681,14132.5003896139,13979.6717979932,13615.7221228712,14200.7258248227
2023-05-29,13772.6090896561,13413.6897749407,14001.4051371288,13839.0892586059,13478.8029197612,14068.9977026820
2023-05-30,13791.2534145861,13431.8477734086,14018.8889284524,13857.8235794011,13497.0490613428,14086.5658979850
2023-05-31,13572.9148995596,13219.2044997125,13814.1625715249,13638.4311477730,13283.3735681377,13880.8512131315
2023-06-01,13432.1207500074,13082.0828344505,13681.9814004191,13496.9573870602,13145.5862826773,13748.0319300373
2023-06-02,13700.4383351361,13343.4016728581,13934.0896719911,13766.5701369812,13408.1736230151,14001.3572683754
2023-06-03,13604.3180401451,13249.7886073025,13843.9132947963,13669.9858708276,13314.1061380419,13910.7455596816
2023-06-04,13608.5047860543,13253.8661456380,13847.8432920685,13674.1928260939,13318.2034696892,13914.6945292352
2023-06-05,12974.2053577897,12636.1118631025,13219.0219959428,13036.8316443968,12697.4504653451,13282.8375631706
2023-06-06,13618.5359943334,13263.6364562431,13858.2317415217,13684.2724548587,13328.0212076361,13925.1331295086
2023-06-07,13206.0734103375,12861.9325823083,13449.5568055187,13269.8189204126,12924.3673704207,13514.4852924195
2023-06-08,13294.6913096148,12948.2390311292,13537.4331061121,13358.8645769054,13011.0927706558,13602.7858207636
2023-06-09,13270.4928116203,12924.6717145718,13513.4413231252,13334.5492731391,12987.4110529066,13578.6782161040
2023-06-10,12790.6604851769,12457.3550718784,13037.6851184595,12852.4008035509,12517.8259474158,13100.6252717799
2023-06-11,12816.0245071413,12479.3450917422,13062.8585074012,12877.8872572532,12539.9208125532,13125.9201866633
2023-06-12,12773.7379458553,12441.7811703758,13020.8919531347,12835.3965793963,12502.1770813451,13083.7510365114
2023-06-13,12781.6804380917,12448.0615469259,13028.9523701402,12843.3768753336,12508.4875218877,13091.8498231078
2023-06-14,12384.6162914536,12134.1272434728,12625.9939885095,12444.4228480500,12193.0504340816,12686.9732760754
2023-06-15,12616.2013120752,12318.3319754002,12861.0500561743,12677.1106286905,12378.1372635750,12923.1487642235
2023-06-16,12825.4070553680,12478.4671847763,13073.8476393335,12887.3123080511,12539.0391481012,13136.9595033025
2023-06-17,12906.4164341303,12540.2552543156,13156.2751839184,12968.7072477226,12601.1229853965,13219.7794054453
2023-06-18,12820.2568120477,12474.6314161594,13068.6064310047,12882.1375887499,12535.1850401505,13131.6933836337
2023-06-19,13065.7499212221,12661.8838379219,13318.4025167585,13128.7991199263,12723.3338079008,13382.6785136161
2023-06-20,13778.1364835601,13244.7989335335,14043.2510791644,13844.5753781469,13309.0386402674,14110.9764833199
2023-06-21,14598.7019951924,13911.2702760159,14878.0929183128,14669.0424700814,13978.6976319345,14949.7882653527
2023-06-22,14545.6638412079,13868.5676799870,14824.1374841496,14615.7523338039,13935.7909324149,14895.5764594150
2023-06-23,14936.7843310575,14183.6484984738,15222.0249186395,15008.7311185067,14252.3777924344,15295.3545721659
2023-06-24,14858.3879333123,14120.7499982135,15142.2759281542,14929.9623813170,14189.1787403223,15215.2267713736
2023-06-25,14826.8629151093,14097.0325899104,15110.2066948518,14898.2876255532,14165.3479945282,15183.0051967994
2023-06-26,14732.1126403899,14027.1968032907,15013.8203793417,14803.0872923321,14095.1784783418,15086.1609952132
2023-06-27,14938.7020178218,14179.6838545609,15223.9793536803,15010.6580471670,14248.3942821366,15297.3184268510
2023-06-28,14639.3530608141,13959.4162885200,14919.4656513908,14709.8873484056,14027.0741924010,14991.3582744497
2023-06-29,14819.3917242893,14103.0448159859,15102.6173423421,14890.7813435890,14171.3891851016,15175.3801935519
2023-06-30,14831.4089035301,14112.6424357194,15114.8420405929,14902.8556044879,14181.0326695913,15187.6629663369
2023-07-01,14886.8465995827,14159.4044395861,15171.2369814666,14958.5566268353,14228.0181358820,15244.3258134061
2023-07-02,14901.9982719103,14172.2846867877,15186.6501744830,14973.7802650543,14240.9599312883,15259.8122234944
2023-07-03,15164.4244578684,14395.3458088526,15429.2347471040,15237.4528785948,14465.0869363009,15503.5491255956
2023-07-04,14974.7535555444,14234.4227662165,15264.6829497253,15046.8813303550,14303.3951012818,15338.2158455105
2023-07-05,14847.3782697065,14126.2079557489,15154.2780991341,14918.9010986654,14194.6632239551,15227.2865845918
2023-07-06,14550.7792949876,13873.9953306239,14918.0334940694,14620.8933095815,13941.2453584267,14989.9197290204
2023-07-07,14769.4491255891,14060.3436644806,15092.5838835501,14840.6020991813,14128.4844171026,15165.2994843742
2023-07-08,14740.2117032724,14035.4670042475,15071.4474299128,14811.2257911650,14103.4888713226,15144.0615914135
2023-07-09,14679.8970474793,13984.1374662616,15029.3017388802,14750.6246163181,14051.9140233770,15101.7128426434
2023-07-10,14801.9962611030,14081.4594730057,15106.8383552808,14873.3038844425,14149.7081387978,15179.6230300902
2023-07-11,14904.4659551323,14163.3405686913,15172.0802583275,14976.2603224855,14231.9860879164,15245.1792683133
2023-07-12,14786.6304308626,14069.2846036136,15097.2490359593,14857.8651190873,14137.4742614176,15169.9875094743
2023-07-13,15309.4823731847,14487.1557156290,15430.2804606359,15383.2007127953,14557.3706710183,15504.6234779591
2023-07-14,15218.0934824489,14418.1427701634,15369.1818861575,15291.3722807674,14488.0232402346,15443.2305308417
2023-07-15,15437.8377851492,14570.0893480896,15517.1911173682,15512.1747053971,14640.7062582462,15591.9528698191
2023-07-16,15411.9330853241,14553.0646636134,15496.7392375353,15486.1452681812,14623.5990601638,15571.4024529272
2023-07-17,15213.7341532260,14434.7320212236,15345.6269561544,15286.9919603205,14504.6928944841,15419.5621132987
2023-07-18,14785.7107453257,14178.7648396604,14980.0216584117,14856.9075162583,14247.4851157611,15052.1953309833
2023-07-19,15020.9957246729,14304.5273799386,15181.5177617581,15093.3254496493,14373.8571898449,15254.6622415901
2023-07-20,14728.0926157471,14148.4332213813,14914.3745987698,14799.0119414596,14217.0064891067,14986.2319841227
2023-07-21,14788.0474053059,14180.6642083459,14969.0759634676,14859.2554278211,14249.3936901244,15041.1968997334
2023-07-22,14477.2481893629,14029.6988213475,14685.6237774267,14546.9596385334,14097.6966185828,14756.3790424184
2023-07-23,14618.4957556492,14098.8571729698,14814.7168952515,14688.8873459908,14167.1901602637,14886.0941302664
2023-07-24,13987.7338980914,13791.4967253652,14238.7840695968,14055.0882176343,13858.3400275518,14307.3864630173
2023-07-25,13970.3703541067,13782.8469716501,14221.5055724601,14037.6410639886,13849.6483510409,14290.0247181642
2023-07-26,14570.1188173316,14081.7989902345,14804.9090447302,14640.2774610225,14150.0493015661,14876.2390255682
2023-07-27,14517.7963728602,14056.2493726274,14754.1056322040,14587.7030713347,14124.3758525254,14825.1908424439
2023-07-28,14459.5143140028,14027.7388637260,14697.5065638820,14529.1403702772,14095.7271616268,14768.3190800820
2023-07-29,14571.0243519354,14088.1701873256,14805.8159589536,14641.1873559943,14156.4513779636,14877.1503093000
2023-07-30,14286.9047754641,13933.6991123561,14529.9452247964,14355.6996750909,14001.2316274189,14599.9504312675
2023-07-31,14121.8105210079,13843.1588513313,14369.5025122756,14189.8104518964,13910.2525445499,14438.7347065266
2023-08-01,14331.4566626637,13958.7203595651,14573.3476871813,14400.4660903955,14026.3741452065,14643.5620065082
2023-08-02,13937.8700681724,13743.1559419592,14190.9004754948,14004.9842813222,13809.7649506780,14259.2721659884
2023-08-03,13789.1749779365,13643.5102161085,14046.2325077050,13855.5731882873,13709.6362714904,14113.9071886229
2023-08-04,13744.6589158047,13610.9382642544,14001.1684041339,13810.8427705569,13676.9064530274,14068.6259664168
2023-08-05,13724.8968899808,13595.0922501285,13981.1626834561,13790.9855858022,13660.9836379616,14048.5238582726
2023-08-06,13732.5873677799,13601.1224671897,13987.4993833985,13798.7130951107,13667.0430816999,14054.8910884050
2023-08-07,13730.9932538753,13600.2643956434,13985.7833568534,13797.1113051609,13666.1808513336,14053.1667940510
2023-08-08,14189.1056413017,13993.4961620566,14381.2123945503,14257.4296143345,14061.3184956113,14450.5010068500
2023-08-09,14191.0685166309,13995.1737878264,14382.8983452638,14259.4019413823,14063.0042523362,14452.1950804655
2023-08-10,14230.6379920288,14031.0767683892,14418.7175959132,14299.1619533571,14099.0812440082,14488.1869080830
2023-08-11,14223.4588409102,14024.4816683242,14412.1481413311,14291.9482328927,14092.4541794471,14481.5858019020
2023-08-12,14308.2287581316,14102.3579167947,14489.7226816276,14377.1263377306,14170.7078710201,14559.5340959404
2023-08-13,14082.2245072068,13894.8168092370,14283.0206425354,14150.0338217761,13962.1608732066,14351.8361674720
2023-08-14,14388.8266996471,14176.6800765590,14563.8729591472,14458.1123777937,14245.3902482729,14634.0416291222
2023-08-15,13966.6549105732,13789.1369576609,14177.9552898003,14033.9077296360,13855.9688227036,14246.2646104018
2023-08-16,13538.8094182868,13373.9436860765,13785.7060461199,13604.0020580117,13438.7632323473,13852.1255118520
2023-08-17,12698.2337790136,12558.4681262677,13012.7064039729,12759.3788440921,12619.3353041062,13075.4015613384
2023-08-18,12468.6411736419,12335.4673471495,12786.1974698998,12528.6806948901,12395.2537062776,12847.8013083628
2023-08-19,12478.4726303436,12345.1046495448,12795.6066447422,12538.5594924297,12404.9377178226,12857.2558165623
2023-08-20,12505.2673824795,12371.3700618884,12818.5312485800,12565.4832677669,12431.3304308385,12880.2908710259
2023-08-21,12488.3921762510,12354.7861838851,12803.7973634206,12548.5268033458,12414.6661756916,12865.4859980820
2023-08-22,12469.9515110610,12336.6498183919,12787.6657389720,12529.9973419004,12396.4419086078,12849.2766515480
2023-08-23,12568.0280743913,12433.1088024040,12873.4803042237,12628.5461675642,12493.3684007391,12935.5046709430
2023-08-24,12502.6746257532,12368.8361721432,12822.7758870809,12562.8780262910,12428.7842600805,12884.5559601738
2023-08-25,12471.4894650047,12338.1658126505,12798.7193379934,12531.5427014637,12397.9652504416,12860.3835067540
2023-08-26,12461.1882352496,12328.0075294895,12790.1508361497,12521.1918688001,12387.7577330916,12851.7737219115
2023-08-27,12480.8977190280,12347.4688859320,12807.1274269472,12540.9962585018,12407.3134129632,12868.8321058380
2023-08-28,12485.1478202559,12351.6654688957,12810.7872846638,12545.2668249934,12411.5303355213,12872.5095967307
2023-08-29,12857.1818375524,12719.0145068633,13131.1366031822,12919.0922759131,12780.6598054472,13194.4023566521
2023-08-30,12471.1443878917,12337.4226827131,12799.6777142287,12531.1959627241,12397.2185187766,12861.3465004433
2023-08-31,12132.2602003125,12002.3833332467,12496.1932181262,12190.6799659559,12060.5553328400,12556.3998175671
2023-09-01,12102.8864738848,11973.3391058245,12469.2327599443,12161.1647979428,12031.3703366517,12529.3094640333
2023-09-02,12116.6278988288,11986.9265948725,12481.8815593371,12174.9723911660,12045.0236802339,12542.0192052780
2023-09-03,12138.2785885102,12008.3347342772,12501.8083236479,12196.7273341460,12066.5355785482,12562.0419766390
2023-09-04,12107.4354306674,11977.8371363227,12473.4264322397,12165.7356590507,12035.8901677712,12533.5233414207
2023-09-05,12100.2076038780,11970.6902793252,12466.7735764870,12158.4730285301,12028.7086720751,12526.8384322425
2023-09-06,12093.3520222051,11963.9114953248,12460.4629522399,12151.5844355760,12021.8970333168,12520.4974034396
2023-09-07,12212.6384870725,12081.9045855172,12557.7068155187,12271.4452865509,12140.4619941139,12618.2097871626
2023-09-08,12119.2605456197,11989.5359161459,12490.7936586665,12177.6177134449,12047.6456467871,12550.9742430573
2023-09-09,12116.8478721520,11987.1493201675,12489.0532951201,12175.1934225175,12045.2474838292,12549.2254944481
2023-09-10,12100.5620156207,11971.0394897085,12477.3049151004,12158.8291466378,12029.0595747670,12537.4205107925
2023-09-11,11916.0563239089,11788.5280062483,12344.1514317027,11973.4350265932,11845.6635232192,12403.6254945815
2023-09-12,12057.8439897135,11928.7923706235,12461.7799060125,12115.9054258295,11986.6076990902,12521.8206950480
2023-09-13,12145.6654445209,12015.6708664655,12537.7960520927,12204.1497568723,12073.9072640453,12598.2030819116
2023-09-14,12214.5463717467,12083.8122042905,12597.4351334662,12273.3623582274,12142.3788586252,12658.1295004279
2023-09-15,12234.1230573192,12103.1788911543,12612.6572002108,12293.0333090768,12161.8394089045,12673.4249060772
2023-09-16,12212.8927576038,12082.1761806999,12597.5594732387,12271.7007816357,12140.7349058144,12658.2544392623
2023-09-17,12198.1046735995,12067.5466353290,12586.9340125044,12256.8414903359,12126.0344562612,12647.5777857652
2023-09-18,12261.7671687173,12130.5270656710,12630.9237601205,12320.8105318715,12189.3201302643,12691.7794730605
2023-09-19,12387.1299833052,12254.5466902449,12717.7029657093,12446.7769910252,12313.9408336429,12778.9767750736
2023-09-20,12345.9077122191,12213.7659147506,12689.0342451198,12405.3562272931,12272.9624083268,12750.1699305124
2023-09-21,12092.4263141328,11962.9994218853,12512.6746816142,12150.6542706549,12020.9805399793,12572.9606784417
2023-09-22,12097.9154071101,11968.4297249168,12516.4821967709,12156.1697946097,12026.4371617538,12576.7865379547
2023-09-23,12096.0128856636,11966.5475800912,12515.0221179276,12154.2581121777,12024.5458948432,12575.3194245480
2023-09-24,11946.9152838804,11819.0468617473,12400.5933971245,12004.4425784216,11876.3302930995,12460.3393937358
2023-09-25,11960.3138893273,11832.3020585713,12410.4144589751,12017.9057005920,11889.6497331472,12470.2077728184
2023-09-26,11937.1817006220,11809.4175092789,12393.2008205987,11994.6621261900,11866.6542705866,12452.9112002619
2023-09-27,11979.3355352700,11851.1200703121,12424.5864621827,12037.0189392251,11908.5589491004,12484.4480558101
2023-09-28,12132.5758824511,12002.7200974283,12539.4922915968,12190.9971665397,12060.8937275944,12599.9074939619
2023-09-29,12078.2980332315,11949.0232392930,12497.4507366422,12136.4579596490,12006.9366199392,12557.6633855806
2023-09-30,12103.2563849237,11973.7144360907,12516.7664271352,12161.5364903301,12031.7474861681,12577.0721377947
2023-10-01,12565.6188278458,12431.1277375740,12874.4105646185,12626.1252921952,12491.3777068505,12936.4393810789
2023-10-02,12315.9439168423,12184.1252486307,12660.9985775479,12375.2481518102,12243.1780854529,12721.9991895280
2023-10-03,12361.3074658530,12229.0032450545,12700.0076682680,12420.8301344839,12288.2735894809,12761.1962234414
2023-10-04,12317.5674602202,12185.7314143539,12659.3981641185,12376.8795128518,12244.7920356967,12720.3910654212
2023-10-05,12121.4429815985,11991.7061707029,12478.9247741117,12179.8106595253,12049.8264210575,12539.0481666751
2023-10-06,12426.1395682350,12293.1414140472,12759.7807680495,12485.9744154291,12352.7226135527,12821.2573062792
2023-10-07,12402.6353928624,12269.8888177035,12736.6128693808,12462.3570632287,12329.3573201995,12797.9786010106
2023-10-08,12372.5548502452,12240.1302448181,12707.3774460604,12432.1316773902,12299.4545181622,12768.6031463146
2023-10-09,12001.7181693804,11873.2628465154,12346.9125510002,12059.5093511750,11930.8090448314,12406.4116786637
2023-10-10,11960.9334323524,11832.9146518338,12307.2028732224,12018.5282282227,11890.2652968097,12366.5117647300
2023-10-11,11821.5249447219,11694.9983326752,12171.4443044890,11878.4484633482,11751.6805463070,12230.1028084476
2023-10-12,11599.9963941757,11475.8409271327,11955.5793862593,11655.8532123488,11531.4609626144,12013.2036638136
2023-10-13,11774.8160432057,11648.7893845207,12126.1038788677,11831.5146501377,11705.2476399836,12184.5452402022
2023-10-14,11815.8607166050,11689.3947337203,12166.1082738195,11872.7569611505,11746.0497889075,12224.7413039844
2023-10-15,11863.4344788812,11736.4592872087,12212.4676476083,11920.5597997880,11793.3424475823,12271.3227902326
2023-10-16,12703.9784718942,12568.0064625122,13031.3795580552,12765.1511655647,12628.9198367063,13094.1581027680
2023-10-17,12675.3016447963,12539.6365806490,13003.5397977498,12736.3362544244,12600.4124562155,13066.1850117987
2023-10-18,12523.2903470073,12389.2523505425,12864.4175315287,12583.5929950756,12449.2993677389,12926.3964503812
2023-10-19,13014.0592927504,12874.7683061739,13312.9712151874,13076.7250813420,12937.1684452464,13377.0985194331
2023-10-20,13778.6790456479,13631.2038676673,14008.9137825335,13845.0266137853,13697.2701771474,14076.3736989909
2023-10-21,14418.2545808896,14263.9336184844,14622.0918288039,14487.6818163670,14333.0665387884,14692.4871674952
2023-10-22,14371.7911170926,14217.9674837597,14577.6314540229,14440.9946230428,14286.8776230612,14647.8140035386
2023-10-23,15809.1740717026,15639.9651836732,15953.2983271186,15885.2988227715,15715.7672247572,16030.0649932794
2023-10-24,15589.0097555429,15422.1574408071,15743.6685585724,15664.0743789321,15496.9038487728,15819.4324210565
2023-10-25,16307.2037544287,16132.6641099543,16428.0431863722,16385.7266015941,16210.8540800874,16507.0811420579
2023-10-26,16308.7461265533,16133.6089381650,16429.5092749994,16387.2764004934,16211.8032332938,16508.5542428227
2023-10-27,15987.9620362307,15835.4922706452,16124.5923303130,16064.9476821813,15912.2501212320,16202.1789153260
2023-10-28,16007.3422623543,15853.5249302053,16143.0348049144,16084.4212272948,15930.3696789081,16220.7096080301
2023-10-29,16415.4699973493,16233.2464420703,16531.3879084115,16494.5141647147,16311.9210297757,16610.9203550048
2023-10-30,16930.8229893651,16712.0080814196,17021.0827348820,17012.3486656949,16792.9894557104,17102.9572564728
2023-10-31,17809.6527241344,17463.4170723795,17854.7227928351,17895.4101077873,17548.0183039428,17940.5837063279
2023-11-01,18648.3090541304,18127.5811670459,18648.0391500901,18738.1047011589,18215.3811520762,18737.6925839746
2023-11-02,18313.5361835461,17885.0537037770,18332.1689252769,18401.7198469650,17971.6858769456,18420.3126929712
2023-11-03,18077.0864907316,17713.3759601367,18108.8399296735,18164.1316117227,17799.1814093304,18195.9162127763
2023-11-04,18845.1601721297,18219.5962409120,18834.8285225317,18935.9036892044,18307.8395614804,18925.3751931899
2023-11-05,18551.7275024359,18028.5480743901,18558.1120444824,18641.0580955860,18115.8714893323,18647.3362501457
2023-11-06,18788.4609662067,18183.4766550113,18781.5586736488,18878.9314680165,18271.5461045456,18871.8508547821
2023-11-07,19054.6658713664,18356.9757700263,19032.6439214914,19146.4181912333,18445.8806358911,19124.1360939411
2023-11-08,19159.7693749789,18425.1644815465,19136.5743449764,19252.0277844877,18514.3976649464,19228.5658694119
2023-11-09,19928.9889196047,18923.3222422734,19900.7228073684,20024.9512400551,19014.9539219960,19996.3876737868
2023-11-10,22595.8124565502,20628.6265634214,22549.4143066771,22704.6159380877,20728.4675579194,22657.8117115524
2023-11-11,22478.0393956851,20556.2190207962,22432.5163875899,22586.2757828570,20655.7116154756,22540.3518518803
2023-11-12,22446.1318199653,20537.7674473614,22400.8450148464,22554.2145675232,20637.1709316807,22508.5282315188
2023-11-13,21330.8263476612,19915.2699994177,21293.7873614229,21433.5387371964,20011.6605751790,21396.1488355860
2023-11-14,22141.0182639832,20376.6921548259,22098.2143852748,22247.6318479682,20475.3160293187,22204.4428246996
2023-11-15,24539.1836173378,21723.0088700674,24478.8461831334,24657.3447184887,21828.1489626855,24596.5185698528
2023-11-16,22559.1497664778,20778.7810278083,22514.3238898506,22667.7767265597,20879.3510259528,22622.5526114037
2023-11-17,22838.1901705596,20917.1217866857,22791.3092322969,22948.1607508587,21018.3613587500,22900.8694515066
2023-11-18,22833.6581391467,20914.8876030108,22786.8108743186,22943.6068970573,21016.1163615511,22896.3494694487
2023-11-19,23576.0485817070,21280.9019719661,23523.6860716946,23689.5720572651,21383.9022523468,23636.7669033558
2023-11-20,22730.1321986324,20869.9111039881,22684.1964977839,22839.5824657382,20970.9221747623,22793.2418148196
2023-11-21,21223.6060407414,20125.3831010320,21188.8162867218,21325.8021653877,20222.7906312629,21290.6731538946
2023-11-22,22932.6963286195,21161.0946438103,22885.9108399732,23043.1219788038,21263.5150526983,22995.9258190551
2023-11-23,22688.5676020505,21016.9898016902,22643.5929489280,22797.8177369789,21118.7127383018,22752.4430804362
2023-11-24,22886.3703563975,21134.2019021455,22839.9398760742,22996.5729404298,21236.4921492605,22949.7338679004
2023-11-25,23301.1838743109,21407.8899439893,23251.6811926043,23413.3838456991,21511.5048504201,23363.4544682196
2023-11-26,22950.8312508343,21177.2242939639,22903.9567177472,23061.3442238163,21279.7227709005,23014.0584452605
2023-11-27,22387.7758958732,20804.9154222415,22384.6759354387,22495.5776756027,20905.6119117329,22492.2814256468
2023-11-28,23195.2597496071,21342.6531726755,23129.6192895502,23306.9496825151,21445.9523309419,23240.8058007669
2023-11-29,23431.4838247860,21498.4128358565,23330.8572899284,23544.3112107619,21602.4658761246,23443.0111733662
2023-11-30,23389.0639539309,21470.5222508265,23294.6379772108,23501.6870821228,21574.4402997262,23406.6177506052
2023-12-01,23774.9645465995,21724.3779324034,23624.2162148816,23889.4458417333,21829.5246513292,23737.7803055084
2023-12-02,24788.8344132213,22464.7536307853,24488.1087152170,24908.1976368126,22573.4837929608,24605.8256279018
2023-12-03,24820.4128305836,22487.6523076994,24514.8590644425,24939.9281086940,22596.4933002404,24632.7045688679
2023-12-04,25183.1560925721,22770.5825747273,24803.2250159339,25304.4180304588,22880.7929592645,24922.4567258000
2023-12-05,25682.9284559385,23160.5829849848,25200.2639779979,25806.5968675430,23272.6809846080,25321.4042958897
2023-12-06,25764.9595615258,23224.4258476959,25265.1874903988,25889.0229642620,23336.8328489190,25386.6399024393
2023-12-07,26847.6537459935,24125.6539974276,26121.5581091861,26976.9304709309,24242.4229731656,26247.1271848093
2023-12-08,28552.9789596570,25541.8892400132,27459.8869833501,28690.4670571280,25665.5128418931,27591.8895465511
2023-12-09,27902.2113279759,25003.8883887452,26919.4207360068,28036.5658932615,25124.9080484350,27048.8252211468
2023-12-10,28422.3485201739,25434.6552285779,27352.1586735039,28559.2076155425,25557.7598142408,27483.6433753959
2023-12-11,26722.3668665330,24028.7192131279,25941.3898411719,26851.0403249656,24145.0190212543,26066.0928289966
2023-12-12,26485.9497442662,23832.2520137209,25743.4755204468,26613.4848220155,23947.6009140033,25867.2271133284
2023-12-13,27315.2804025557,24521.9082691369,26438.5947836746,27446.8088209663,24640.5951288594,26565.6878879208
2023-12-14,28342.6827456504,25374.3105037123,27296.1325045158,28479.1582451135,25497.1230188802,27427.3478827245
2023-12-15,27392.6964787737,24542.8586163477,26507.1680003626,27524.5976681328,24661.6468764545,26634.5907432694
2023-12-16,27731.5439998905,24839.4183167654,26789.9246540699,27865.0767857994,24959.6419357829,26918.7066379325
2023-12-17,26899.2178546031,24111.1718781917,26096.5452231919,27028.7428783956,24227.8707599865,26221.9940592470
2023-12-18,27990.0439267036,25066.2780194476,27009.1418304793,28124.8214265033,25187.5996470458,27138.9776143516
2023-12-19,27597.7435301907,24723.0976158827,26682.6999073092,27730.6320511117,24842.7582388011,26810.9664505435
2023-12-20,29793.3249216233,26644.4026107722,28513.2672657747,29936.7854624890,26773.3624143976,28650.3335387178
2023-12-21,31966.5039096144,28542.8561495011,30306.7759523840,32120.4285901404,28681.0045320178,30452.4638101047
2023-12-22,32697.0997028876,29133.6260620992,30904.0886398382,32854.5422942360,29274.6337908351,31052.6478424327
2023-12-23,34264.4520234819,30327.9868298900,32181.5663045257,34429.4416116687,30474.7753048570,32336.2664765335
2023-12-24,34711.6107424679,30636.8948699139,32518.8925625643,34878.7534543991,30785.1784701698,32675.2142973518
2023-12-25,36253.3646254876,31600.4302120591,33682.1596696119,36427.9310691164,31753.3773557332,33844.0733516570
2023-12-26,34547.1173061161,30647.9994075722,32405.4357054777,34713.4679666197,30796.3367541634,32561.2120412275
2023-12-27,34064.0833140532,30373.8953255162,32040.5245321933,34228.1081071750,30520.9059991440,32194.5467015764
2023-12-28,32910.7259055857,29787.9315848324,31166.8086355938,33069.1971416117,29932.1061742746,31316.6307608233
2023-12-29,33425.0411105869,30052.6817076180,31559.0809461644,33585.9888383698,30198.1376965466,31710.7887656236
2023-12-30,32782.0211365765,29723.8757594724,31070.1131268189,32939.8726437118,29867.7403165684,31219.4704265739
2023-12-31,32808.8058385816,29737.6878828985,31090.5586083921,32966.7863173992,29881.6192911359,31240.0141917261
2024-01-01,34865.1720754017,30797.7252149737,32659.9887285580,35033.0542141425,30946.7872395017,32816.9887274466
2024-01-02,34663.5879082236,30696.4537329008,32507.9045441290,34830.4993947755,30845.0256000542,32664.1734583572
2024-01-03,32519.9527680767,29616.8373143323,30888.8191783962,32676.5423909510,29760.1838017589,31037.3049790850
2024-01-04,34070.1577623191,30419.7749697771,32074.7079274370,34234.2118167964,30567.0077024243,32228.8944199944
2024-01-05,33260.8278079098,30008.8037709993,31461.0623661188,33420.9848393126,30154.0473892411,31612.2989999611
2024-01-06,32167.5146411144,29447.8021342428,30628.1710674851,32322.4072338059,29590.3304857204,30775.4039053074
2024-01-07,31410.4418745866,29008.2180489275,30047.6144260539,31561.6890663046,29148.6187986666,30192.0564670769
2024-01-08,33972.8772355422,30505.9510016027,32021.8196076027,34136.4628808455,30653.6008291414,32175.7518604477
2024-01-09,33925.4413750973,30475.0172187876,31985.8095449946,34088.7986108898,30622.5173257784,32139.5686936836
2024-01-10,34576.2620568233,30919.1834852096,32480.0025599527,34742.7530744163,31068.8333718494,32636.1373464105
2024-01-11,34103.6663503318,30597.4518899188,32122.4571539233,34267.8817618861,30745.5445848305,32276.8731820318
2024-01-12,31467.0145654472,28591.9501987377,30122.3010948872,31618.5341744648,28730.3361980995,30267.1021625782
2024-01-13,32128.0743344000,29100.8476121568,30631.9566338454,32282.7770308401,29241.6966920933,30779.2076692836
2024-01-14,31110.5463154232,28297.9108887592,29853.8779646957,31260.3494248120,28434.8737279839,29997.3886941829
2024-01-15,31529.8483575873,28630.3248719837,30176.5623766199,31681.6704848697,28768.8966060530,30321.6242839945
2024-01-16,32399.4010656531,29318.5109391034,30843.9861741376,32555.4102521444,29460.4135168537,30992.2564578636
2024-01-17,32462.1929776188,29368.0347668213,30924.2476877747,32618.5045189309,29510.1770415612,31072.9037970335
2024-01-18,31022.2025275700,28184.0933328017,29693.0125198320,31171.5802450682,28320.5052912325,29835.7499522164
2024-01-19,31112.1877296791,28249.1747303404,29760.7535253492,31261.9987427851,28385.9016849213,29903.8165958677
2024-01-20,30933.1136438584,28102.7352298151,29608.3338709184,31082.0623816898,28238.7534122947,29750.6642441363
2024-01-21,30628.2085992297,27851.3874144650,29346.7053608707,30775.6891621441,27986.1890650755,29487.7780583395
2024-01-22,28695.5195766449,26160.1537350732,27682.5806869896,28833.6938798065,26286.7697578672,27815.6537622255
2024-01-23,28891.1517604104,26333.2736704859,27853.3376104382,29030.2680691905,26460.7275995823,27987.2315321543
2024-01-24,29715.9179861602,27062.5455656766,28573.4776871583,29859.0056988457,27193.5291952419,28710.8333979212
2024-01-25,29358.7145027202,26746.9624271229,28262.4039399141,29500.0822137072,26876.4186236971,28398.2642864754
2024-01-26,30949.8671736697,28153.2297840208,29649.6632253682,31098.8965828861,28289.4923618388,29792.1922731374
2024-01-27,31395.1940873065,28546.2066547011,30036.0423398156,31546.3678290486,28684.3712537732,30180.4287526024
2024-01-28,31644.8625542572,28766.4321216283,30252.3724417135,31797.2384964457,28905.6626193577,30397.7987760398
2024-01-29,33063.2191714187,30017.2291395841,31480.4205729339,33222.4247664625,30162.5135368945,31631.7502637141
2024-01-30,32879.6479502284,29855.5519790728,31322.1231985193,33037.9696154481,30000.0538534956,31472.6919371811
2024-01-31,32021.5520160237,29099.6727663372,30581.7791261428,32175.7417885472,29240.5161599805,30728.7889530270
2024-02-01,32351.0241713205,29390.1305749407,30882.8384962684,32506.8004140017,29532.3797941341,31031.2955471908
2024-02-02,32853.0683509149,29832.5905898032,31342.6368317853,33011.2620303840,29976.9813303307,31493.3041816385
2024-02-03,32353.3430722454,29392.3754634618,30885.2462746616,32509.1304808690,29534.6355479910,31033.7149000279
2024-02-04,31784.4066607743,28890.9598368642,30364.1812572730,31937.4545339806,29030.7930529183,30510.1450683286
2024-02-05,31859.6562385995,28957.3143613674,30433.1492865700,32013.0664526219,29097.4687355488,30579.4446341920
2024-02-06,32208.3758592567,29264.7910466894,30752.7284655100,32363.4652235887,29406.4336183559,30900.5600638379
2024-02-07,33383.8210573640,30300.8813275247,31829.4750338277,33544.5704105566,30447.5386109526,31982.4826660925
2024-02-08,34004.6134327071,30847.4996721354,32397.3282480845,34168.3520174989,30996.8026067120,32553.0656104405
2024-02-09,35388.5427013289,32065.4080898136,33662.3020479811,35558.9451648423,32220.6057420412,33824.1202723618
2024-02-10,35963.1700800007,32570.5100092757,34186.7033127504,36136.3394820049,32728.1523717598,34351.0423891337
2024-02-11,35914.1908776727,32527.4774761445,34142.0342082380,36087.1244356408,32684.9115597228,34306.1585555404
2024-02-12,37213.9660210406,33669.4907118611,35327.4966966355,37393.1582398502,33832.4521778604,35497.3196867304
2024-02-13,37272.8267831142,33721.1531719551,35381.1046306685,37452.3024275214,33884.3646859965,35551.1853197373
2024-02-14,38802.5621693982,35063.7481289787,36774.2346547152,38989.4037763020,35233.4578477098,36951.0122662495
2024-02-15,38258.7844454316,34587.0560242904,36279.8090717029,38443.0076607122,34754.4585372227,36454.2099274878
2024-02-16,37814.5189641765,34197.4338980404,35875.6310647472,37996.6029579271,34362.9506267943,36048.0889943671
2024-02-17,37398.2409605690,33832.2286469445,35496.7344593845,37578.3204977383,33995.9777700159,35667.3709931945
2024-02-18,38147.4543293077,34489.7404626011,36178.9773623600,38331.1414692203,34656.6719649460,36352.8935095190
2024-02-19,38317.0355374132,34643.5648316729,36333.5191626373,38501.5392426156,34811.2408491311,36508.1782084751
2024-02-20,38448.1824410079,34762.1318190958,36453.9667070177,38633.3176431228,34930.3817047557,36629.2047568622
2024-02-21,37759.0928481461,34139.1344126226,35816.9904351044,37940.9099547634,34304.3689699088,35989.1664730536
2024-02-22,37703.7891696535,34089.1346187562,35766.5388271244,37885.3399786972,34254.1271753606,35938.4723388908
2024-02-23,37140.0252579448,33579.4375017429,35253.6550160486,37318.8614381266,33741.9631071803,35423.1230414230
2024-02-24,37861.3057849345,34231.5452441058,35910.2475881254,38043.6150659931,34397.2270729205,36082.8719230120
2024-02-25,38673.8946070353,34966.2040472013,36649.3820604063,38860.1166555191,35135.4416493000,36825.5594923957
2024-02-26,40037.7431083295,36199.2539011839,37778.2530278549,40230.5323428781,36374.4595059939,37959.8570612469
2024-02-27,40860.2618056599,36942.8887551330,38452.4192622536,41057.0116218434,37121.6935776147,38637.2640835998
2024-02-28,43703.3397408009,39507.9359679584,40777.4635445004,43913.7795099219,39699.1557051097,40973.4850981100
2024-02-29,44446.9019675619,40178.9780854398,41374.3844544536,44660.9221281188,40373.4456889800,41573.2754696231
2024-03-01,45566.9367811851,41189.7464909889,42271.4320026803,45786.3501192196,41389.1062475635,42474.6352197078
2024-03-02,45450.8015629027,41084.8938334900,42181.0116430359,45669.6556881021,41283.7460996803,42383.7801998901
2024-03-03,46095.1343255078,41666.7010957485,42679.8002509758,46317.0910336814,41868.3693286310,42884.9665370989
2024-03-04,48218.3121857243,43583.8185010605,44319.5762927969,48450.4923930941,43794.7656465805,44532.6251547192
2024-03-05,45157.7208788608,40818.9324657591,42165.1347290376,45375.1637656548,41016.4974699960,42367.8269638973
2024-03-06,47716.0533383790,43130.4324189551,43981.8031470808,47945.8150752955,43339.1851606085,44193.2282979864
2024-03-07,49391.4291231303,44644.1274490494,45156.2809684205,49629.2581083492,44860.2065254932,45373.3519576693
2024-03-08,49814.0734249838,45026.0401363795,45437.9051454524,50053.9375217028,45243.9676830584,45656.3299317233
2024-03-09,49921.1412220770,45122.7892425167,45509.1691425738,50161.5208702993,45341.1850581191,45727.9365023698
2024-03-10,49896.7790180199,45100.7749665952,45492.9631347288,50137.0413576652,45319.0642323627,45711.6525905416
2024-03-11,51176.1114307750,46228.6170745168,46281.5920528080,51422.5339956838,46452.3651339707,46504.0725307273
2024-03-12,51620.1859492921,46619.8449317373,46553.0741281386,51868.7468162094,46845.4865471615,46776.8596489310
2024-03-13,55858.3057478549,50352.8174066347,49136.7993765363,56127.2739556575,50596.5267342274,49373.0051361878
2024-03-14,56259.7523037684,50705.7518568502,49375.5206608014,56530.6535519529,50951.1693990370,49612.8739787597
2024-03-15,57165.8330929820,51502.1984016810,49913.0783710074,57441.0972899300,51751.4707718973,50153.0157853845
2024-03-16,54305.8683220744,49293.3566207232,48225.0381029478,54567.3612528068,49531.9381225249,48456.8609303167
2024-03-17,57292.2824516442,51438.4865460005,50017.7898285260,57568.1555259458,51687.4505486952,50258.2306018862
2024-03-18,56031.3176321446,50602.7265988524,49273.6138565852,56301.1189245856,50847.6454953299,49510.4772978237
2024-03-19,50335.2944888856,47068.3440759696,45887.5150573399,50577.6683626834,47296.1564423168,46108.1011657183
2024-03-20,55748.3426603680,50544.8339482524,49223.3773819451,56016.7813753016,50789.4726423564,49459.9993311693
2024-03-21,53651.8378438869,49239.3141909998,47972.0250341969,53910.1814953275,49477.6341256264,48202.6316011488
2024-03-22,52648.6285507759,48606.9580951236,47365.6528161655,52902.1415615086,48842.2174050054,47593.3444881261
2024-03-23,52398.0653679421,48448.0772986298,47196.1608925599,52650.3718700039,48682.5676201198,47423.0377990274
2024-03-24,55020.6315851415,50113.5231897982,49074.6603263917,55285.5662349038,50356.0743253436,49310.5673770974
2024-03-25,56897.7304862594,51183.5096231739,50406.9251958286,57171.7037189244,51431.2395289975,50649.2365838036
2024-03-26,56927.8640176469,51200.4982279173,50428.1682512719,57201.9823489112,51448.3103591586,50670.5817568475
2024-03-27,56177.6923614397,50777.6519490284,49899.3814030116,56448.1984756271,51023.4174900764,50139.2529746237
2024-03-28,57172.3948985653,51341.1267625176,50602.4475414893,57447.6906918366,51589.6195405900,50845.6988259324
2024-03-29,57835.9806963629,51714.5906876840,51069.8100932759,58114.4717795803,51964.8910436988,51315.3080386326
2024-03-30,57699.4233597255,51638.0658196529,50973.8583506831,57977.2568937816,51887.9957927360,51218.8950459271
2024-03-31,59264.5733833801,52515.9293957516,52074.1395615963,59549.9434080470,52770.1082580303,52324.4654242780
2024-04-01,56921.7089762518,51214.8146111859,50436.0192905491,57195.7976698386,51462.6960342030,50678.4705368958
2024-04-02,53840.4117117000,49477.3185181468,48263.4773972051,54099.6633816454,49716.7904017114,48495.4850063022
2024-04-03,54616.6174208943,49972.4614062871,48817.1573000426,54879.6066667595,50214.3297980621,49051.8265066330
2024-04-04,55927.8690872355,50879.4722931917,49749.7788138968,56197.1722555506,51125.7306481256,49988.9312301375
2024-04-05,54501.5797484950,49896.8923730963,48740.1953993393,54764.0150664142,50138.3950082123,48974.4946419832
2024-04-06,55497.9762679898,50665.2112060136,49449.2538981661,55765.2094218355,50910.4325300886,49686.9616595470
2024-04-07,55703.3738182928,50823.5923316873,49603.9207916047,55971.5959998265,51069.5802257305,49842.3720530003
2024-04-08,56614.8537771216,51575.1800324773,50298.2839047286,56887.4649054321,51824.8056362381,50540.0730425974
2024-04-09,54784.3041117809,50075.1461060220,48915.6965965249,55048.1008004806,50317.5114951929,49150.8394918716
2024-04-10,56065.3069904120,51171.4141781634,49874.2874013889,56335.2719479814,51419.0855416269,50114.0383434974
2024-04-11,55638.1032395988,50806.3118180479,49534.7889565476,55906.0111310669,51052.2160738247,49772.9078939453
2024-04-12,52446.5963425412,48077.4125237612,47012.6645573237,52699.1365303385,48310.1088152902,47238.6593776194
2024-04-13,49044.6856368574,45060.2422300809,44181.7776157847,49280.8449872239,45278.3353160422,44394.1640649819
2024-04-14,51083.2687637119,46872.1877844764,45886.4489978740,51329.2442737837,47099.0507477840,46107.0299815925
2024-04-15,48870.1625730751,44907.6791133966,44041.1402578961,49105.4815621908,45125.0337887486,44252.8506485306
2024-04-16,48531.7961433899,44609.7305173841,43749.0314038129,48765.4858347503,44825.6431115234,43959.3375964807
2024-04-17,47087.8265992796,43337.8429837072,42503.5352941340,47314.5633067426,43547.5995994609,42707.8542560813
2024-04-18,49141.3301654831,45148.9393115801,44277.1289843990,49377.9548773623,45367.4616943952,44489.9737976480
2024-04-19,49361.5596649984,45342.8329579768,44466.9963397093,49599.2448231800,45562.2937925533,44680.7538652932
2024-04-20,50818.9112948020,46625.6702327540,45723.1869320256,51063.6138741309,46851.3400428308,45942.9830978322
2024-04-21,50850.3994932319,46653.3546245463,45750.2951653228,51095.2536941358,46879.1584280093,45970.2216432564
2024-04-22,52727.2312409018,48356.0096048865,47419.3480904587,52981.1227383145,48590.0543156462,47647.2978812470
2024-04-23,52451.3863428458,48105.8003963003,47174.0779725847,52703.9495953920,48338.6340860860,47400.8487241347
2024-04-24,51130.0199158715,46907.1664129700,45999.1025327913,51376.2205415002,47134.1986740144,46220.2250538938
2024-04-25,51140.7925893242,46916.9412511670,46008.6845283147,51387.0450873940,47144.0208227567,46229.8531110769
2024-04-26,50146.2858730894,46014.5543108731,45124.1003777948,50387.7496349895,46237.2662993607,45341.0166715618
2024-04-27,50099.5876786807,45972.1725124528,45082.5544038017,50340.8265800253,46194.6793716124,45299.2709817046
2024-04-28,49822.4903343620,45720.6851971799,44836.0266612089,50062.3949600767,45941.9748492861,45051.5581543392
2024-04-29,50012.7016873222,45893.7653880337,45006.6641070568,50253.5222163395,46115.8927540775,45223.0158723259
2024-04-30,47616.3631988723,43712.8052462084,42855.3038980880,47845.6449090891,43924.3766919075,43061.3138486909
2024-05-01,46256.5465929889,42470.9672378448,41633.2977002983,46479.2805314728,42676.5281458703,41833.4333386564
2024-05-02,46705.6631185547,42881.6062921990,42037.0371804262,46930.5596372557,43089.1547070408,42239.1136369047
2024-05-03,49349.6669456203,45300.9857776618,44414.4391194079,49587.2948347390,45520.2440673907,44627.9439938738
2024-05-04,49920.1010104827,45822.8633107843,44927.3278847561,50160.4756457343,46044.6475046026,45143.2982687410
2024-05-05,50087.6226431230,45976.1192755474,45077.9482887235,50328.8039261952,46198.6452331750,45294.6427206184
2024-05-06,50075.1311184683,45964.6916220601,45066.7170683422,50316.2522525259,46187.1622694766,45283.3575105955
2024-05-07,49116.1283373590,45085.6255141989,44203.9770974578,49352.6316946524,45303.8414533221,44416.4702591579
2024-05-08,48474.4482401250,44497.4119885598,43626.7019030915,48707.8617883826,44712.7809552469,43836.4200430230
2024-05-09,50126.0072084473,46012.1303684821,45112.7143464046,50367.3733203941,46234.8306210087,45329.5759023936
2024-05-10,48460.8508776769,44484.7111775397,43614.4022027511,48694.1989521746,44700.0186719556,43824.0612168093
2024-05-11,48572.5060093518,44587.1456350168,43714.8740851272,48806.3917240810,44802.9489155127,43925.0160779528
2024-05-12,48805.6239732620,44801.0158223115,43924.6442182593,49040.6321943566,45017.8542414153,44135.7945978880
2024-05-13,49652.6049989787,45578.0623454323,44686.7956251763,49891.6915912787,45798.6616947782,44901.6097457209
2024-05-14,48210.6100747733,44254.7766364207,43393.2259827449,48442.7531932857,44468.9712402701,43601.8217797882
2024-05-15,51577.4149860041,47344.6118654251,46415.7637174390,51825.7698965566,47573.7613715217,46638.8891671282
2024-05-16,50974.9339025503,46791.6768012921,45874.7011614638,51220.3877546447,47018.1500838758,46095.2256673262
2024-05-17,52689.4042441660,48365.1587384638,47414.4363854303,52943.1135898149,48599.2477243076,47642.3625582423
2024-05-18,52834.6786588569,48498.4858012222,47544.8959516864,53089.0875278248,48733.2200943389,47773.4492571614
2024-05-19,52257.2033062673,47973.1840398226,47025.7896287678,52508.8315240388,48205.3758555170,47251.8475363212
2024-05-20,56162.2095081983,51524.9084550389,50536.1429755119,56432.6410569701,51774.2907311993,50779.0755156494
2024-05-21,55395.0033225032,50861.6219910729,49846.2603723004,55661.7406308965,51107.7939394611,50085.8765752800
2024-05-22,54826.6664457139,50364.1003173968,49335.1282478157,55090.6671064032,50607.8642449093,49572.2873857015
2024-05-23,53941.4635060775,49589.0193492476,48539.0213519870,54201.2017500596,49829.0318599773,48772.3535215090
2024-05-24,53564.1266347055,49258.3704927972,48199.6605696322,53822.0479314999,49496.7826524340,48431.3613966921
2024-05-25,53963.0909870184,49616.1811569275,48558.5654274522,54222.9333713456,49856.3251316824,48791.9915473744
2024-05-26,53245.5073457565,48972.2173982966,47913.0289268047,53501.8944314428,49209.2445677620,48143.3518858459
2024-05-27,53909.6239758605,49573.7689957466,48505.4242261081,54169.2089066002,49813.7076942883,48738.5948907764
2024-05-28,53285.2563838739,49008.4267586694,47948.3623121869,53541.8348685791,49245.6291826121,48178.8551224839
2024-05-29,52597.7831320746,48385.8327300027,47328.0210699229,52851.0513052508,48620.0217788258,47555.5318355479
2024-05-30,52794.4791580947,48564.0015934181,47484.3046597241,53048.6944592111,48799.0529852725,47712.5666967723
2024-05-31,52494.2654998112,48292.0811587208,47236.8089514353,52747.0352163407,48525.8164469239,47463.8812509489
2024-06-01,52946.1704881605,48701.4328960301,47649.1763477023,53201.1162112401,48937.1494598131,47878.2309400542
2024-06-02,52850.1711420130,48614.4846341512,47553.6741964866,53104.6546103909,48849.7803655500,47782.2697000946
2024-06-03,53731.4577716464,49412.7033631583,48287.1251738074,53990.1847990127,49651.8624988823,48519.2464532533
2024-06-04,55854.8851755183,51360.2681026935,50021.3465072777,56123.8369033032,51608.8535168260,50261.8043707113
2024-06-05,56539.4808179393,51988.1543290994,50583.7176406704,56811.7290018924,52239.7787335506,50826.8788811731
2024-06-06,56492.9303790111,51945.4612900396,50540.9241022704,56764.9544138870,52196.8790587551,50783.8796297421
2024-06-07,54904.8898369466,50489.0105615740,49184.8509493339,55169.2671593462,50733.3790600916,49421.2876908153
2024-06-08,54865.3099280541,50453.2930692962,49150.9352136392,55129.4966657834,50697.4886939576,49387.2089186191
2024-06-09,54889.5026562797,50475.1411329685,49171.8892215565,55153.8058865241,50719.4425029881,49408.2636546520
2024-06-10,53760.9712157571,49455.9906039377,48194.4504325406,54019.8403558648,49695.3592513385,48426.1262147775
2024-06-11,51720.3621061916,47625.1997667739,46495.5930515128,51969.4053314537,47855.7073253407,46719.1022479935
2024-06-12,52843.6308918143,48633.9683034108,47433.3392421672,53098.0828665447,48869.3583354065,47661.3562830197
2024-06-13,51246.1247749615,47187.0153924157,46064.9791767246,51492.8844587009,47415.4021239673,46286.4183671086
2024-06-14,50773.7333397190,46757.5003490895,45655.7351147855,51018.2183702703,46983.8082134775,45875.2070260062
2024-06-15,51107.1767730323,47061.4735104497,45946.8428194811,51353.2673961326,47289.2526150971,46167.7141159952
2024-06-16,51767.7538064518,47664.8402000147,46526.8568439923,52017.0252316220,47895.5396196032,46750.5163288052
2024-06-17,50897.1299719771,46868.4151361513,45759.0190320948,51142.2091804115,47095.2598318154,45978.9874399475
2024-06-18,49639.0282347813,45715.8857182262,44644.8046358035,49878.0494478460,45937.1521329917,44859.4168980962
2024-06-19,49689.6993445959,45762.3420637569,44689.7854191650,49928.9645485394,45983.8333287872,44904.6139088049
2024-06-20,49195.6600514957,45308.8691158121,44249.7396262552,49432.5463637633,45528.1655566199,44462.4527695777
2024-06-21,48941.1927556119,45075.2838151557,44023.0473193982,49176.8537602158,45293.4496953022,44234.6707290062
2024-06-22,48988.6117646820,45118.8122948162,44065.2926687307,49224.5011006910,45337.1888542589,44277.1191561674
2024-06-23,48029.6720188519,44238.5523310156,43210.9861401965,48260.9438804799,44452.6684028164,43418.7058864755
2024-06-24,46558.0863874053,42887.6189646894,41899.7196136715,46782.2722887502,43095.1964738508,42101.1359641160
2024-06-25,47462.5294867371,43717.9956893412,42705.8738191491,47691.0704509090,43929.5922496001,42911.1654374801
2024-06-26,47009.3595323983,43300.9206183840,42299.0854788069,47235.7183984107,43510.4985213613,42502.4216228860
2024-06-27,48770.3914423576,44921.9011436838,43880.4817181684,49005.2300066660,45139.3246465747,44091.4197999667
2024-06-28,46959.8006176714,43255.1125368487,42254.0444786216,47185.9208482326,43464.4687271807,42457.1641058851
2024-06-29,47237.7552942663,43511.0244938876,42503.8223177166,47465.2139286259,43721.6193066439,42708.1426532714
2024-06-30,48737.6459600740,44891.9691557158,43851.6667120159,48972.3268487557,45109.2477867848,44062.4662770551
2024-07-01,48678.9758885218,44837.9525437353,43798.9462032448,48913.3742698264,45054.9697325972,44009.4923352643
2024-07-02,49153.8017180685,45275.1174504105,44225.6219755665,49390.4864746256,45494.2505320302,44438.2191828110
2024-07-03,46654.1543961884,42973.1346255394,41977.7733392483,46878.8028878912,43181.1260379035,42179.5649065842
2024-07-04,45063.3780688731,41508.0846477478,40547.0517023993,45280.3666777527,41708.9851719956,40741.9656433187
2024-07-05,44898.6478369907,41356.3689707895,40398.8820469985,45114.8432392640,41556.5351863636,40593.0837210977
2024-07-06,45513.6558763130,41922.7898399181,40952.0672041129,45732.8126563180,42125.6975504134,41148.9280963387
2024-07-07,44615.4653026797,41095.5598680289,40144.1697465584,44830.2971285723,41294.4637593188,40337.1469923704
2024-07-08,44946.9681856357,41400.8734316321,40442.3493989606,45163.3962593746,41601.2550502302,40636.7600251310
2024-07-09,45459.6070220501,41873.0124787317,40903.4557664631,45678.5035468288,42075.6792652499,41100.0829785172
2024-07-10,45336.6450726206,41759.7649892574,40792.8548552990,45554.9495128185,41961.8836543474,40988.9503973643
2024-07-11,45189.8124347339,41624.5326433655,40660.7827919062,45407.4098485604,41825.9967796268,40856.2434499383
2024-07-12,45399.4761997689,41817.6323108079,40849.3699941925,45618.0831834932,42020.0310555647,41045.7372103617
2024-07-13,45898.9982183902,42277.6902691948,41298.6765940587,46120.0104932349,42482.3157090112,41497.2036734023
2024-07-14,46598.7929274620,42922.2619201588,41921.8838800821,46823.1748435429,43130.0071071248,42123.4067811240
2024-07-15,49863.0108188488,45928.9033504163,44834.0744052087,50103.1105490261,46151.2007767813,45049.5965063679
2024-07-16,49556.0388404657,45646.1538067432,44559.9182601983,49794.6604437164,45867.0827164311,44774.1224645366
2024-07-17,48820.5430493532,44968.6941421327,43902.9761750809,49055.6231041483,45186.3441257455,44114.0223911580
2024-07-18,49032.4620016308,45156.5395581283,44092.7210278283,49268.5624854369,45375.0987194658,44304.6793669599
2024-07-19,50726.8773159822,46659.5152721668,45609.9415926183,50971.1367233862,46885.3488832439,45829.1933672943
2024-07-20,51173.2665450073,47060.3178115535,46010.1954523786,51419.6753992051,47288.0913195050,46231.3712885624
2024-07-21,52629.7135524817,48374.4482526666,47316.8404369045,52883.1354686792,48608.5821931899,47544.2974500186
2024-07-22,51577.5252297922,47421.9239297531,46372.5189401710,51825.8806644625,47651.4476227148,46595.4365027053
2024-07-23,50408.4818665783,46360.0219530167,45322.9154164121,50651.2081410252,46584.4060071039,45540.7874267897
2024-07-24,50484.1508427076,46428.7734615791,45390.8553811061,50727.2414772869,46653.4902751273,45609.0539858890
2024-07-25,49946.0692434341,45959.4596240271,44907.4916786364,50186.5689154726,46181.9049438613,45123.3667043363
2024-07-26,51870.5809082437,47626.4177129579,46636.6196284834,52120.3474603642,47856.9311623319,46860.8067502990
2024-07-27,51961.8008680263,47706.2129293572,46718.5878611645,52212.0066611403,47937.1125900809,46943.1690127094
2024-07-28,52218.1385504033,47930.5086446561,46948.9279550504,52469.5786569115,48162.4939036747,47174.6163751288
2024-07-29,51316.2838822146,47141.5668109934,46138.5410316111,51563.3813915517,47369.7335668067,46360.3338383672
2024-07-30,51117.1168356282,46967.1918702411,45959.5720713784,51363.2553187609,47194.5146458693,46180.5045559222
2024-07-31,49688.4056639547,45744.4647226626,44675.3113151309,49927.6646382641,45965.8694605191,44890.0702260264
2024-08-01,49547.1291339450,45623.3265932140,44548.3180157722,49785.7078355965,45844.1450187154,44762.4664567986
2024-08-02,46252.7120391972,42797.9626966446,41586.9685565292,46475.4275123569,43005.1062720433,41786.8814856990
2024-08-03,45949.2501789845,42531.8687022457,41314.1513411256,46170.5048848746,42737.7247758228,41512.7532214028
2024-08-04,45022.8154980577,41719.1430881507,40481.2700155909,45239.6106467271,41921.0667705140,40675.8694057949
2024-08-05,43735.7082687451,40566.5539216043,39324.0852288293,43946.3076588122,40762.9007411508,39513.1236217711
2024-08-06,44179.1513417827,40966.9151331916,39722.7738161256,44391.8853572409,41165.1991386440,39913.7281751335
2024-08-07,43986.5297529311,40793.0774073383,39549.5927171072,44198.3365385916,40990.5202849578,39739.7148274229
2024-08-08,45424.5607182920,42091.0280712882,40842.4895904677,45643.2898173507,42294.7511961080,41038.8249262962
2024-08-09,45146.3955231068,41862.9055761785,40592.7359129639,45363.7856194246,42065.5249211563,40787.8710290288
2024-08-10,45174.2856664273,41885.8445163703,40617.7783445008,45391.8100176832,42088.5748525203,40813.0338050590
2024-08-11,44453.8184321112,41293.3197141074,39970.8746761691,44667.8746669117,41493.1830908212,40163.0213619713
2024-08-12,44664.7959449238,41467.1491066953,40160.3144893092,44879.8677683515,41667.8535689849,40353.3715559814
2024-08-13,45075.0985901809,41805.0267513832,40528.7288712563,45292.1454965120,42007.3660559441,40723.5564047563
2024-08-14,44160.6728753803,40993.7917943201,39706.9139676146,44373.3180031121,41192.2058973994,39897.7921660390
2024-08-15,43771.0930141096,40644.5358686305,39356.7516299641,43981.8628057874,40841.2600686924,39545.9470681324
2024-08-16,44214.2265416569,41041.9632492927,39755.0507907025,44427.1294687960,41240.6104390419,39946.1603235985
2024-08-17,44416.7674171644,41223.5512618175,39937.0987815315,44630.6453230161,41423.0770795371,40129.0831744053
2024-08-18,44069.5429976812,40912.2957063361,39625.0066986703,44281.7494585514,41110.3154915007,39815.4912865879
2024-08-19,44402.7061582903,41211.0269683517,39881.9715707563,44616.5163810142,41410.4921898256,40073.6910446907
2024-08-20,44264.1126498639,41086.7887301756,39774.6942637217,44477.2557206289,41285.6528158654,39965.8982003561
2024-08-21,44966.0256860466,41716.0661409991,40318.2401206902,45182.5475811554,41917.9750342676,40512.0561512553
2024-08-22,45171.3331321687,41904.9246755211,40476.5182480352,45388.8433183349,42107.7473711311,40671.0949054492
2024-08-23,47424.8362087094,43983.4948501331,42165.6996826677,47653.1940956449,44196.3748068954,42368.3939188264
2024-08-24,47829.8276823762,44357.3846441881,42459.7475847018,48060.1350498475,44572.0736577269,42663.8548879813
2024-08-25,47525.9703365131,44076.6203518583,42244.5211755141,47754.8150499887,44289.9508977194,42447.5941959645
2024-08-26,46395.2127931144,43031.7768554179,41443.3328933016,46618.6144577333,43240.0519544211,41642.5557513951
2024-08-27,43596.2094982938,40441.7669401063,39488.5209170476,43806.1376919160,40637.5102509157,39678.3497416953
2024-08-28,43282.7880953572,40151.5788057169,39259.9004723211,43491.2075519857,40345.9180101558,39448.6306226377
2024-08-29,43184.1862548562,40060.2444889124,39186.4245907005,43392.1310643060,40254.1417614728,39374.8016395526
2024-08-30,43039.5962217422,39926.2782772325,39079.4867015824,43246.8450066509,40119.5273379920,39267.3498410154
2024-08-31,42892.5191590013,39790.0041508274,38970.6991188807,43099.0599466054,39982.5938319647,39158.0394594039
2024-09-01,41459.4277230930,38462.1690381603,37910.0194120285,41659.0699096928,38648.3338139967,38092.2624549530
2024-09-02,42064.7106609517,39023.3595882365,38326.8106560070,42267.2639822128,39212.2373755382,38511.0548895205
2024-09-03,41164.8645230911,38188.9836364359,37691.3565793798,41363.0899424009,38373.8276798446,37872.5496722419
2024-09-04,40897.3978132479,37940.9746970327,37501.6005414820,41094.3367908945,38124.6197243272,37681.8825002072
2024-09-05,40056.1920619495,37160.9627924673,36859.2655564565,40249.0850389568,37340.8367701220,37036.4632558359
2024-09-06,39283.4618612339,36444.2700263954,36244.7040869780,39472.6380966763,36620.6789920472,36418.9508245504
2024-09-07,39337.6622492078,36494.5434151514,36289.5502758494,39527.0991882068,36671.1954443951,36464.0123572889
2024-09-08,39586.8244078958,36725.6598793882,36499.4067298959,39777.4598135068,36903.4293170352,36674.8765053105
2024-09-09,40350.8548030358,37434.3551421233,37216.4649577822,40545.1651572102,37615.5509743069,37395.3778979437
2024-09-10,40582.9870737998,37649.6864793916,37419.4101628960,40778.4139478096,37831.9233707656,37599.2975816031
2024-09-11,40589.2144799742,37655.4630290367,37424.7555041880,40784.6713066293,37837.7278480212,37604.6685893650
2024-09-12,41411.5109077146,38418.2743798774,38156.2112514954,41610.9228238741,38604.2271260400,38339.6365322012
2024-09-13,42281.6700735137,39225.4955150287,38935.2839847985,42485.2671917616,39415.3508032182,39122.4500164190
2024-09-14,42097.1748924564,39054.3449332079,38752.5453723427,42299.8846663063,39243.3728072366,38938.8339974888
2024-09-15,41781.3264264241,38761.3418263545,38441.5151158603,41982.5170938392,38948.9531923890,38626.3103429849
2024-09-16,41442.2360994943,38446.7778196456,38107.7735810723,41641.7958617469,38632.8684291589,38290.9663476479
2024-09-17,42223.7621200899,39171.7765682640,38876.5329516816,42427.0807838205,39361.3722105978,39063.4169559076
2024-09-18,42752.9568290378,39662.6944857155,39397.7548805157,42958.8207020959,39854.6634369961,39587.1415001261
2024-09-19,43439.5225641466,40299.6255669577,40024.9526319566,43648.6884883269,40494.6736730398,40217.3506563127
2024-09-20,43603.4520521349,40451.7037913813,40174.8761340809,43813.4063836358,40647.4870848609,40367.9939824158
2024-09-21,44405.4657466347,41195.7359589124,40908.3460574170,44619.2772893651,41395.1160898745,41104.9854810996
2024-09-22,44489.7788634589,41273.9536449638,40985.4430591251,44703.9958937390,41473.7118917524,41182.4526372425
2024-09-23,45003.2642723404,41750.3165284889,41454.9741414389,45219.9508053785,41952.3775785651,41654.2380047036
2024-09-24,45383.1714277395,42102.7581680765,41802.3318640328,45601.6850217147,42306.5229463807,42003.2634185276
2024-09-25,44298.1351623437,41096.1650818351,40810.3202106800,44511.4306187854,41295.0639646168,41006.4890874730
2024-09-26,45342.8885562507,42065.3878935858,41765.6761368980,45561.2085678127,42268.9721578426,41966.4318379781
2024-09-27,45949.4114685114,42628.0619736026,42320.2053085710,46170.6483645148,42834.3662227222,42523.6233253498
2024-09-28,45764.3552087130,42456.3844663116,42151.0294279235,45984.7021477114,42661.8588336237,42353.6352374323
2024-09-29,45466.0427496338,42179.6386686099,41878.3081126304,45684.9550625886,42383.7752520906,42079.6045907774
2024-09-30,43601.5442802899,40449.9349723306,40173.6752532135,43811.4898917275,40645.7101371835,40366.7877489419
2024-10-01,41961.1144790986,38928.0998953623,38673.4233153031,42163.1705764848,39116.5181127769,38859.3327048450
2024-10-02,41581.4201395519,38575.8507212038,38323.6210602315,41781.6478880631,38762.5639963875,38507.8488938591
2024-10-03,41694.6257678771,38680.8736089420,38427.9240606796,41895.3986374544,38868.0952116667,38612.6532956697
2024-10-04,42553.9376046455,39478.0725688518,39219.6519567257,42758.8483337228,39669.1527417958,39408.1871555333
2024-10-05,42839.3764645509,39742.8793010508,39482.6396286132,43045.6616724234,39935.2411808486,39672.4390516178
2024-10-06,43380.0873180399,40244.5064223305,39980.8197975685,43588.9762204574,40439.2962574678,40173.0140530744
2024-10-07,42946.1393028512,39841.9250970505,39581.0064497524,43152.9386077090,40034.7663743111,39771.2787379472
2024-10-08,43552.0899772110,40404.0763651785,40105.6947873329,43761.8071270781,40599.6385443106,40298.4893370752
2024-10-09,42639.3568619093,39557.3175519769,39314.3002383299,42844.6789118483,39748.7812832887,39503.2904267078
2024-10-10,42507.0680816774,39434.5908270765,39199.7933412981,42711.7531191110,39625.4605414495,39388.2330765352
2024-10-11,43370.2164862046,40235.3494148194,39947.0621043912,43579.0578574308,40430.0949285787,40139.0940812160
2024-10-12,43702.6370249571,40543.7420524726,40241.4942656981,43913.0791066883,40739.9802358254,40434.9416254572
2024-10-13,43518.4537501011,40372.8718440382,40077.2128774989,43728.0089308484,40568.2829883070,40269.8705101024
2024-10-14,45656.5811834428,42356.4519784074,41996.9293097636,45876.4321270709,42561.4639671567,42198.8153291873
2024-10-15,45935.9035771265,42615.5844983785,42247.4206563299,46157.0995468219,42821.8507298886,42450.5108280973
2024-10-16,46223.7522102460,42882.6269673443,42505.5188290839,46446.3342625601,43090.1857270310,42709.8497204367
2024-10-17,45836.7463412196,42523.5944988688,42154.3418869382,46057.4648373215,42729.4154840973,42356.9846140340
2024-10-18,46422.3106682878,43066.8333043594,42685.9507498938,46645.8488426600,43275.2836521214,42891.1490066198
2024-10-19,46365.1789609367,43013.8311672563,42634.4750008194,46588.4420279871,43222.0249762142,42839.4258053091
2024-10-20,47667.7933953351,44222.2905725163,43813.0703924036,47897.3289647316,44436.3335178967,44023.6868952201
2024-10-21,46921.4426773711,43529.8872638035,43138.1231314307,47147.3843309428,43740.5788666445,43345.4950537961
2024-10-22,47138.8130725001,43731.5457833357,43334.7480370366,47365.8014335835,43943.2134456010,43543.0651670676
2024-10-23,47332.5517246092,43911.2806995592,43509.9835603896,47560.4729988538,44123.8183075093,43719.1430758724
2024-10-24,48753.7670211999,45229.7683088888,44795.3800737095,48988.5318986219,45448.6876073324,45010.7186977538
2024-10-25,46735.4685665573,43357.3556392917,42950.9797042299,46960.5146957009,43567.2121615295,43157.4519979273
2024-10-26,47603.7154336391,44162.8442581958,43744.7074602924,47832.9424472922,44376.5994739257,43954.9953314573
2024-10-27,48546.3139233411,45037.3102475071,44606.3225080627,48780.0798481885,45255.2980182124,44820.7523018665
2024-10-28,49454.7607321247,45880.0930948263,45438.7560212963,49692.9011169726,46102.1600690423,45657.1874573911
2024-10-29,50591.9968675833,46935.1280171092,46480.8187322308,50835.6134057267,47162.3015287596,46704.2595320137
2024-10-30,49814.2862089008,46213.6315057727,45768.2366868044,50054.1578231417,46437.3128591390,45988.2519896516
2024-10-31,48227.3320707865,44741.3849040849,44314.1191183365,48459.5619966724,44957.9403488907,44527.1442432707
2024-11-01,47584.0326046605,44144.5841332266,43724.6148544421,47813.1648392388,44358.2509670369,43934.8061372068
2024-11-02,47552.5424579647,44115.3701437666,43695.7569820596,47781.5230574822,44328.8955772045,43905.8095403727
2024-11-03,46826.5116495589,43441.8179818987,43030.4141969462,47051.9961800718,43652.0833153571,43237.2683450745
2024-11-04,45851.5105513441,42537.2914935649,42136.8748082993,46072.3001418084,42743.1787744341,42339.4335683281
2024-11-05,47624.1900112537,44181.8388995400,43761.5395779678,47853.5156165029,44395.6860523660,43971.9083638398
2024-11-06,52606.3111157491,48803.8444697788,48050.2518037112,52859.6272169510,49040.0628673552,48281.2371216474
2024-11-07,54081.6641933908,50172.5567106934,49313.0524849609,54342.0845883855,50415.3998939973,49550.1082896457
2024-11-08,54796.0527129066,50835.3081064012,49923.4704790989,55059.9131155861,51081.3591122524,50163.4606616311
2024-11-09,54861.5823631263,50896.1011706172,49979.4171649258,55125.7583118906,51142.4464246033,50219.6762922091
2024-11-10,57579.5602884902,53417.6193841233,52299.7474284383,57856.8241644747,53676.1691887617,52551.1607579061
2024-11-11,62197.6657167988,57701.9209008649,56230.5036687382,62497.1672376063,57981.2074087285,56500.8127780575
2024-11-12,60484.8772691026,56112.9354918081,54779.4528101425,60776.1311693765,56384.5310566491,55042.7864837184
2024-11-13,62121.0703076074,57630.6494256656,56224.6091707424,62420.2029971850,57909.5909682124,56494.8899442583
2024-11-14,60024.8642995346,55686.2398965438,54374.3571421836,60313.9030912125,55955.7701865921,54635.7434554826
2024-11-15,62572.5820879737,58049.4765944746,56625.0885949318,62873.8889502204,58330.4453273740,56897.2945376954
2024-11-16,62266.5999773124,57798.8126938365,56355.0472477206,62566.4334384849,58078.5681734445,56625.9550581312
2024-11-17,61764.1816820286,57438.5298490543,55911.5892171557,62061.5958394895,57716.5415021831,56180.3652532189
2024-11-18,62243.9979391279,57743.8100164613,56317.6807916732,62543.7225643057,58023.2992743310,56588.4089754969
2024-11-19,62598.9709715516,57946.8516129533,56618.7434618062,62900.4049046566,58227.3236245606,56890.9189024905
2024-11-20,62985.7004522873,58149.1083794823,56946.6231994554,63288.9966107071,58430.5593461249,57220.3748109734
2024-11-21,67125.7630579711,60324.9855381335,60455.3308827312,67448.9949331473,60616.9680975497,60745.9494185492
2024-11-22,67391.3973548758,60438.4821977500,60663.6797425673,67715.9083435844,60731.0140991157,60955.2998449916
2024-11-23,66712.2032057887,60142.4728742033,60126.6683647089,67033.4436588874,60433.5720431924,60415.7069667416
2024-11-24,66507.2768059237,60064.7032766814,59964.4406577843,66827.5304733014,60355.4260284045,60252.6994050388
2024-11-25,62405.5169254663,58552.1254721019,56716.1108540133,62706.0193158784,58835.5271058046,56988.7543554715
2024-11-26,61673.2669962789,58301.9621426300,56143.1762681833,61970.2433706440,58584.1529458856,56413.0655805895
2024-11-27,64287.2929066143,59201.7512564791,58191.8469662573,64596.8566462215,59488.2971826752,58471.5845694586
2024-11-28,64140.3409196130,59152.4759302257,58077.3287144472,64449.1970387157,59438.7833559770,58356.5158099236
2024-11-29,65358.1921834023,59561.4356596790,59026.6907562892,65672.9126432550,59849.7225158013,59310.4415883713
2024-11-30,64652.6979113023,59370.6087052101,58524.7525142768,64964.0211920973,59657.9719284120,58806.0904481937
2024-12-01,65173.8936160327,59511.1023676670,58894.7506205192,65487.7266197313,59799.1456026215,59177.8671950675
2024-12-02,63165.7043868643,59043.1612902750,57504.3328004611,63469.8673214169,59328.9396157196,57780.7654120711
2024-12-03,63140.0993021226,59037.4769813269,57486.3579820056,63444.1389400573,59323.2277938088,57762.7041857613
2024-12-04,63366.4600997946,59085.1021692841,57644.4044211298,63671.5897368856,59371.0834952779,57921.5103796343
2024-12-05,62279.5896115737,58856.0045275197,56884.2616261774,62579.4856219620,59140.8769843576,57157.7134555447
2024-12-06,64075.2820185256,59239.6245428474,58145.2120330415,64383.8248583501,59526.3537817950,58424.7254545898
2024-12-07,64133.8383927850,59251.8628183797,58186.0644058883,64442.6632001551,59538.6512925344,58465.7742113884
2024-12-08,64954.5912589817,59423.2788597440,58758.5490409049,65267.3682521581,59710.8970149013,59041.0108724707
2024-12-09,62492.1270867244,58914.0172298739,57045.9692850394,62793.0465325793,59199.1704774514,57320.1984692298
2024-12-10,62053.0538545238,58797.8611033463,56709.8505470817,62351.8590232708,59082.4521367299,56982.4639542338
2024-12-11,64964.4909158916,59561.9989658577,58928.8182141449,65277.3155790612,59850.2885484719,59212.0985571157
2024-12-12,64244.5269642046,59379.1595092442,58384.1767908916,64553.8847722122,59666.5641197025,58664.8389546108
2024-12-13,65156.7344155859,59612.6974629035,59075.5314049512,65470.4847922828,59901.2324343362,59359.5170219165
2024-12-14,65154.0041403187,59609.8934814252,59073.4669615207,65467.7413698728,59898.4148811399,59357.4426543732
2024-12-15,67109.5172251451,60222.4351501560,60552.0996393515,67432.6708714749,60513.9213493247,60843.1833582055
2024-12-16,68133.9614746268,60537.1811384857,61322.9705295774,68462.0481454868,60830.1907584795,61617.7599492547
2024-12-17,68182.1941962878,60551.8534317584,61359.1739444644,68510.5131230263,60844.9340679937,61654.1373998019
2024-12-18,64372.8306292303,59393.5920728621,58500.2067000460,64682.8062601474,59681.0665392321,58781.4266382711
2024-12-19,62611.2249059669,58729.4603497984,57165.1130464271,62912.7178456592,59013.7203126163,57439.9149739138
2024-12-20,62831.9467827420,58813.8118175062,57333.1761856778,63134.5025683949,59098.4800548925,57608.7860198080
2024-12-21,62502.0974095824,58654.1989248892,57062.5481800585,62803.0648657095,58938.0946103969,57336.8570616739
2024-12-22,61149.3455894448,57921.4955025151,55959.0801487943,61443.7991157847,58201.8447865004,56228.0844814330
2024-12-23,60953.5366714605,57800.6130226378,55798.9783249109,61247.0473156512,58080.3772161245,56067.2130222345
2024-12-24,63383.2311163347,59441.7039915730,57786.2811819034,63688.4415111985,59729.4113273095,58064.0691649024
2024-12-25,63875.3359304894,59795.6051887312,58187.1414790214,64182.9159663765,60085.0254627536,58466.8564621858
2024-12-26,61538.2203017921,58109.7858602580,56284.9287504191,61834.5463834185,58391.0464996307,56555.4994898928
2024-12-27,60579.3669004934,57334.9195939084,55501.3467340523,60871.0757983620,57612.4297568635,55768.1506682672
2024-12-28,61222.4077555943,57854.1450204725,56027.7304140480,61517.2130994762,58134.1683173738,56297.0647595951
2024-12-29,60219.0797762376,56993.5994873702,55207.3399441832,60509.0537771387,57269.4576065261,55472.7305402930
2024-12-30,59611.2562599947,56472.4001697344,54709.4592750925,59898.3033975577,56745.7356009963,54972.4564784452
2024-12-31,60114.8796236883,56904.6633155489,55091.7003423540,60404.3518677501,57180.0909694368,55356.5350402283
2025-01-01,60767.4411092502,57464.3199837612,55588.4868612398,61060.0556441858,57742.4564652587,55855.7096921145
2025-01-02,62304.7466890943,58860.5033527870,56756.6897519258,62604.7638388033,59145.3975846573,57029.5283226976
2025-01-03,63068.8318890987,59554.5604681300,57334.8948016561,63372.5283517979,59842.8140472278,57610.5128974508
2025-01-04,63098.5886774223,59581.5774529107,57357.3664255493,63402.4284285111,59869.9617985274,57633.0925460680
2025-01-05,63190.5250758893,59665.0474550198,57430.7260112012,63494.8075299451,59953.8358087707,57706.8047830917
2025-01-06,65677.9600245313,61923.2887476338,59470.8335118177,65994.2202681302,62223.0073497141,59756.7194098307
2025-01-07,62285.3585226088,58847.7741348025,56698.6230463975,62585.2823121365,59132.6067552257,56971.1824811411
2025-01-08,61068.6193800160,57742.4436758964,55699.0995651615,61362.6841840105,58021.9263204596,55966.8541291619
2025-01-09,59457.3586734057,56277.5926483421,54297.5327141265,59743.6647451956,56549.9851801042,54558.5497199968
2025-01-10,60853.7306560470,57548.4055401867,55512.4841466140,61146.7607025648,57826.9490091995,55779.3416201692
2025-01-11,60772.7089344716,57474.7342729026,55442.0654100424,61065.3488356592,57752.9211612220,55708.5843693621
2025-01-12,60737.4209296655,57442.6460203789,55411.3934720841,61029.8909078989,57720.6775964340,55677.7649864461
2025-01-13,60731.6648669846,57437.4117736424,55406.3902296495,61024.1071279475,57715.4180151077,55672.7376926174
2025-01-14,62032.4065493269,58620.2390160032,56537.0164025746,62331.1122947397,58903.9703301311,56808.7989680907
2025-01-15,64561.2774402589,60918.0071302718,58732.9753711907,64872.1605024412,61212.8600088553,59015.3142659975
2025-01-16,64233.6122873130,60620.7348493517,58448.9720283263,64542.9175376837,60914.1488826433,58729.9456732127
2025-01-17,66861.2163560830,62744.7136863929,60726.9932456620,67183.1743548423,63048.4081162972,61018.9177063174
2025-01-18,67168.7738347083,62974.8514448787,60993.1375062221,67492.2128204391,63279.6597782699,61286.3413653059
2025-01-19,64875.0961924756,61381.5552273245,58922.1960890178,65187.4903916509,61678.6517526919,59205.4445983640
2025-01-20,63857.6829058820,60669.2305555002,58002.8272252174,64165.1779368472,60962.8793157507,58281.6561800071
2025-01-21,66143.4600257405,62110.6333329253,60068.4992330422,66461.9617997359,62411.2587127034,60357.2582066677
2025-01-22,66312.8537002386,62216.3781506576,60221.5545909355,66632.1711585937,62517.5153522331,60511.0493263766
2025-01-23,65830.4332728249,61915.4827475387,59785.6701066688,66147.4277235556,62215.1635673325,60073.0694750223
2025-01-24,66168.3901029885,62126.7910853960,60091.0378026113,66487.0119232262,62427.4946712752,60379.9051227795
2025-01-25,66526.3343009149,62350.2133951320,60414.4571077956,66846.6797361856,62651.9983806543,60704.8791567786
2025-01-26,63786.9884170515,60643.4470200952,57939.3976767869,64094.1430315931,60936.9709839186,58217.9217154968
2025-01-27,63421.1984448856,60407.8230655179,57625.5652469449,63726.5916644987,60700.2065717896,57902.5806424976
2025-01-28,62956.9157069379,60108.1986898446,57227.1027640069,63260.0732576638,60399.1319663103,57502.2026860740
2025-01-29,64446.5518772446,61071.8198835710,58506.0795765406,64756.8824993923,61367.4172404330,58787.3277466311
2025-01-30,65061.4247221775,61466.6064384783,59033.3225139992,65374.7161524205,61764.1146252841,59317.1052260113
2025-01-31,63636.6120667140,60554.5760783050,57812.2103214919,63943.0425713537,60847.6698925841,58090.1229500511
2025-02-01,60474.8391597984,58329.3905562721,55074.9818612183,60766.0447233868,58611.7141174280,55339.7361906546
2025-02-02,58680.8402757240,56958.6338571444,53584.2744371366,58963.4071647269,57234.3227370687,53841.8626953168
2025-02-03,60859.8443212626,58634.1428703384,55399.7469253218,61152.9038070207,58917.9414813407,55666.0624528533
2025-02-04,58718.4029941358,56999.7689818397,53621.1655982274,59001.1507595617,57275.6569623338,53878.9311981749
2025-02-05,58027.2705976449,56468.2906017129,53045.3096319333,58306.6903410069,56741.6061420095,53300.3069992812
2025-02-06,57992.3866404118,56437.9407196726,53016.2137721037,58271.6384064369,56711.1093616956,53271.0712709560
2025-02-07,57963.8272022844,56414.3772449175,52992.3917847109,58242.9414455416,56687.4318359613,53247.1347674239
2025-02-08,57926.5527810398,56383.6210112399,52961.6903034798,58205.4875361164,56656.5267372033,53216.2856992158
2025-02-09,57937.3699310014,56391.3874413985,52970.2037500910,58216.3567740917,56664.3307581235,53224.8400713394
2025-02-10,58518.8112615575,56908.3424415167,53427.8049764428,58800.5979293801,57183.7879029616,53684.6410606641
2025-02-11,57526.2161272142,56026.5925394582,52647.7011791837,57803.2231341146,56297.7701906272,52900.7871785070
2025-02-12,58782.5851509873,57144.3265321920,53637.4824637969,59065.6419738893,57420.9141943048,53895.3265015515
2025-02-13,58024.6939417129,56471.3124613729,53078.4161916583,58304.1012776580,56744.6426279527,53333.5727075838
2025-02-14,58560.6503879498,56947.7844337224,53473.7229794873,58842.6385244584,57223.4208007055,53730.7797989625
2025-02-15,58602.2012171748,56984.6943851489,53504.3154043204,58884.3894341269,57260.5094021887,53761.5192865208
2025-02-16,57730.3785711312,56166.1392199861,52913.2566784310,58008.3686850620,56437.9922993642,53167.6192459121
2025-02-17,57527.2972415913,55975.7013793198,52775.4535740351,57804.3094544009,56246.6327091502,53029.1536997455
2025-02-18,57462.2742180021,55914.7187959983,52731.2910302268,57738.9733242951,56185.3549603911,52984.7788594594
2025-02-19,58046.4543716468,56462.6212141033,53128.1729450468,58325.9664909753,56735.9093136590,53383.5686497188
2025-02-20,59043.8604649680,57397.7478762724,53804.0226331211,59328.1754115147,57675.5621381431,54062.6672563569
2025-02-21,57768.7341067529,56202.9720858546,52943.7776642078,58046.9089147734,56475.0034421829,53198.2869509950
2025-02-22,57990.3805726232,56410.8174422055,53094.1651859980,58269.6226787947,56683.8548032359,53349.3974098819
2025-02-23,57814.3931706107,56245.8109248673,52974.8759287138,58092.7878415297,56518.0496280146,53229.5347098791
2025-02-24,54988.4082385022,53595.8642376588,51057.8290403578,55253.1948941494,53855.2767758407,51303.2722676314
2025-02-25,53263.1418908249,52129.9462032810,49871.8520463546,53519.6208408859,52382.2634641785,50111.5940907470
2025-02-26,50602.2130931386,49863.5103193936,48027.3001192225,50845.8788256538,50104.8576688319,48258.1751047058
2025-02-27,50877.5909435489,50078.0482419964,48220.7981654618,51122.5827079022,50320.4339892259,48452.6033272928
2025-02-28,50662.1849101106,49909.0015380175,48080.3584812901,50906.1394259777,50150.5690722155,48311.4885268859
2025-03-01,51692.0004099796,50717.8783375644,48797.8473215492,51940.9138146541,50963.3609645897,49032.4264518358
2025-03-02,56620.3624030571,54573.2684311930,52464.4256667041,56893.0074364833,54837.4117616903,52716.6306310498
2025-03-03,51785.7450388528,50857.9382418966,48932.6891172566,52035.1098536982,51104.0987812160,49167.9164538248
2025-03-04,52423.2241312866,51357.1013220447,49451.6006881471,52675.6586104910,51605.6778903512,49689.3225164127
2025-03-05,54419.7000328314,52916.5419240626,51079.8333478580,54681.7481777881,53172.6664338095,51325.3823533904
2025-03-06,54014.8106862403,52578.3463050604,50751.2652141970,54274.9091603585,52832.8338940266,50995.2347396648
2025-03-07,52134.7888216778,51013.4532828756,49105.6486627376,52385.8343932297,51260.3665398175,49341.7074437645
2025-03-08,51786.8501779938,50722.3229475386,48800.6517937246,52036.2203144352,50967.8270871856,49035.2444055617
2025-03-09,48490.6045166278,47794.5795175941,45909.8748761034,48724.1021829829,48025.9129116974,46130.5710565935
2025-03-10,47866.5207534790,47225.9401494580,45340.7609105295,48097.0132582413,47454.5212382501,45558.7212683059
2025-03-11,48990.0025505721,48373.5595285159,46489.4220360883,49225.9049771209,48607.6952782921,46712.9041933419
2025-03-12,49177.9220863966,48565.4667816276,46681.6972701392,49414.7294052129,48800.5313931422,46906.1037254849
2025-03-13,48536.2411987684,47910.0834810112,46024.9469394332,48769.9586202469,48141.9759327348,46246.1962899096
2025-03-14,49266.7874535286,48512.5793259883,46626.1968128140,49504.0226873205,48747.3879537753,46850.3364685011
2025-03-15,49355.5192560684,48595.7558209964,46710.6643179331,49593.1817616799,48830.9670362965,46935.2100225542
2025-03-16,48915.9956541797,48177.1897211472,46284.7312621423,49151.5417140101,48410.3750097101,46507.2294377990
2025-03-17,49278.0748743085,48461.6226855165,46590.4715804968,49515.3644606175,48696.1846750297,46814.4394992244
2025-03-18,48954.6391562461,48206.4159120679,46316.4532021785,49190.3712968161,48439.7426600601,46539.1038703224
2025-03-19,49995.6392588801,49028.8891228528,47199.0057096207,50236.3841456730,49266.1967724730,47425.8989501523
2025-03-20,49435.6277583779,48523.0855109588,46655.1908586926,49673.6760118787,48757.9449903582,46879.4698934391
2025-03-21,49406.3956487531,48496.5934120675,46629.3729559211,49644.3031403589,48731.3246654794,46853.5278798408
2025-03-22,49358.6145067016,48447.6909726911,46583.9261762972,49596.2919169282,48682.1855304904,46807.8626302101
2025-03-23,49779.6639130523,48764.8443704827,46885.4463466466,50019.3688099391,49000.8740013531,47110.8322566975
2025-03-24,50040.8212915413,49007.9048365791,47114.2622321823,50281.7837441760,49245.1109189041,47340.7480971364
2025-03-25,50021.6116666351,48989.9265295384,47097.3432642348,50262.4816188229,49227.0455939875,47323.7477969785
2025-03-26,49933.2906587700,48907.2654019318,47019.5521911359,50173.7353172451,49143.9843733284,47245.5827696322
2025-03-27,50011.5624288634,48980.5020806086,47089.1581821757,50252.3839907787,49217.5755292205,47315.5233679085
2025-03-28,49306.5359320679,48320.9003557917,46461.5709921980,49543.9625674121,48554.7812267662,46684.9192649872
2025-03-29,48852.2686401684,47895.6295918669,46056.8842343508,49087.5078341800,48127.4520844599,46278.2871125600
2025-03-30,48785.3318142724,47832.9393713009,45997.2228866375,49020.2486862013,48064.4584332194,46218.3389631162
2025-03-31,48826.8329613857,47871.8099888731,46034.2159738816,49061.9496745230,48103.5171907853,46255.5098821030
2025-04-01,49502.5657361993,48504.6877129249,46636.5193621783,49740.9363173296,48739.4581440450,46860.7086400267
2025-04-02,48829.8794465809,47875.0479984279,46037.3782456638,49065.0108295123,48106.7708728233,46258.6873554362
2025-04-03,49010.4825140912,48044.1980857181,46198.3568585714,49246.4835581708,48276.7396735366,46420.4398185255
2025-04-04,49185.0711078633,48207.6881524554,46353.9432274522,49421.9128514892,48441.0210582942,46576.7741162002
2025-04-05,49094.7083686639,48123.0831734133,46273.4311754574,49331.1149869920,48356.0065776483,46495.8750297732
2025-04-06,47779.8719544729,46891.9245359027,45101.8109246944,48009.9472177394,47118.8889358078,45318.6226113115
2025-04-07,47930.2754194007,47039.3855985265,45217.3906616225,48161.0749221572,47267.0637325579,45434.7579579360
2025-04-08,47342.2967368055,46464.5532655209,44761.0756541342,47570.2649389863,46689.4491228060,44976.2493733160
2025-04-09,48676.6555245271,47769.1399882230,45798.9180563594,48911.0490801688,48000.3502456385,46019.0808452669
2025-04-10,47899.9534299730,47023.8396470336,45148.9641507960,48130.6069230733,47251.4425364387,45366.0025103551
2025-04-11,48744.6132765906,47838.4979216701,45874.4345753758,48979.3340700617,48070.0438822042,46094.9603839798
2025-04-12,49220.8895218049,48299.3067542097,46290.5834827189,49457.9037337617,48533.0831001966,46513.1097837362
2025-04-13,48834.3203978549,47925.3177620176,45952.9284789197,49069.4731590823,48157.2839439217,46173.8316199243
2025-04-14,49048.3849090401,48132.4390525845,46140.0120057266,49284.5684575699,48365.4077333120,46361.8144862912
2025-04-15,48805.7964132448,47897.7333849063,45962.1078126666,49040.8118226075,48129.5660541992,46183.0550801581
2025-04-16,48905.3403240156,47994.0493929331,46034.5357570043,49140.8350683169,48226.3482464823,46255.8311968694
2025-04-17,49141.1124117637,48222.1695778896,46175.5595421344,49377.7424721085,48455.5725681308,46397.5329052284
2025-04-18,49020.2454697107,48105.2332331596,46102.7089395240,49256.2935180840,48338.0702335560,46324.3320984626
2025-04-19,49174.5676382023,48254.5420236592,46195.8063735419,49411.3587958847,48488.1017015056,46417.8770662985
2025-04-20,49200.6567233813,48281.5064982518,46211.5273415373,49437.5735081345,48515.1966882911,46433.6736074274
2025-04-21,49796.6565742968,48925.5902817296,46570.6013787547,50036.4432839592,49162.3979360690,46794.4737692795
2025-04-22,53155.0725385695,52206.8494375419,48197.8595684614,53411.0310668501,52459.5388892051,48429.5544416219
2025-04-23,53296.1986085518,52344.6360193947,48264.1057592182,53552.8367027493,52597.9923791840,48496.1190880841
2025-04-24,53460.8181957668,52505.3576639199,48341.2813859334,53718.2489844705,52759.4919410430,48573.6657099966
2025-04-25,53835.2411492234,52870.9081732675,48516.5546392928,54094.4749008798,53126.8117707417,48749.7815290446
2025-04-26,53829.1658280600,52864.9770594586,48513.7202261240,54088.3703251561,53120.8519494355,48746.9334904126
2025-04-27,53329.3170727961,52376.9926781861,48280.5053921610,53586.1146427217,52630.5056491740,48512.5975566095
2025-04-28,54047.1378845549,53077.8142981158,48616.9336428255,54307.3919849162,53334.7193528975,48850.6430700095
2025-04-29,53618.0199751195,52658.8916122742,48417.1029795231,53876.2077393349,52913.7690172381,48649.8517897502
2025-04-30,53569.7700929965,52611.7858423225,48395.8572698899,53827.7255190263,52866.4352481591,48628.5039486460
2025-05-01,54888.3138830429,53899.0708979797,48931.9355114851,55152.6185074260,54159.9509602733,49167.1592046690
2025-05-02,55114.2782861993,54119.6469334125,49022.5917617263,55379.6709994147,54381.5946174050,49258.2512541028
2025-05-03,54527.9529089082,53547.3170398881,48787.8901602346,54790.5222832129,53806.4945598010,49022.4214042206
2025-05-04,53629.8520612803,52670.5978010854,48426.2612289190,53888.0968008319,52925.5318659501,48659.0540644018
2025-05-05,53889.2819273616,52923.8764196002,48555.7139458243,54148.7759023878,53180.0363916964,48789.1290813621
2025-05-06,55084.0609584656,54090.2931776412,49255.0063428109,55349.3081660062,54352.0987851183,49491.7830895026
2025-05-07,55195.8286646614,54199.3936502319,49325.3706331081,55461.6140684434,54461.7273206567,49562.4856322734
2025-05-08,58740.3917452636,57659.3274422503,51785.1664116800,59023.2453218408,57938.4077205402,52034.1060452346
2025-05-09,58575.6470109834,57498.5736656596,51672.3181111891,58857.7072905269,57776.8758711833,51920.7152647921
2025-05-10,59620.9321842481,58518.5537124338,52460.7310225884,59908.0258363842,58801.7927767744,52712.9182040084
2025-05-11,59227.5551389225,58163.0585906558,52163.9994503874,59512.7545585128,58444.5770025038,52414.7601953595
2025-05-12,58472.8728279704,57523.2652775633,51558.6965728291,58754.4382180107,57801.6869884857,51806.5475294017
2025-05-13,59219.4319566928,58155.7461380995,52156.8472632357,59504.5922606982,58437.2291565194,52407.5736264925
2025-05-14,57874.6185705775,57041.1549972286,51042.5184723984,58153.3031727632,57317.2432180679,51287.8880777261
2025-05-15,57988.7577568268,57134.5203809168,51138.4755443858,58267.9919753122,57411.0605049945,51384.3064308097
2025-05-16,57821.2077582475,56997.5110471286,50997.6288485146,58099.6351704707,57273.3880243398,51242.7826621920
2025-05-17,57632.7342683011,56843.3161681864,50839.1718737560,57910.2541210301,57118.4468177719,51083.5639592407
2025-05-18,59492.3822145743,58365.5867762292,52402.8891736628,59778.8568606272,58648.0854565591,52654.7983000012
2025-05-19,59000.3001467682,57964.9194009998,51989.7183230477,59284.4052619513,58245.4787878010,52239.6412705776
2025-05-20,59713.5374827033,58546.4814123309,52588.8131580050,60001.0770613541,58829.8556513382,52841.6160508740
2025-05-21,61274.9753801395,59817.0662276863,53899.6346345958,61570.0337763639,60106.5902983551,54158.7388573740
2025-05-22,62421.8666048626,60806.1905298113,54861.2982136693,62722.4476452535,61100.5021186977,55125.0253081212
2025-05-23,59975.2543695138,58697.1532175501,52811.5867261589,60264.0541977916,58981.2567319486,53065.4605274416
2025-05-24,60223.1675641028,58911.8634078932,53019.6785525209,60513.1611728616,59197.0061536052,53274.5526847204
2025-05-25,60917.4206318289,59512.8503667282,53602.3041565050,61210.7572887966,59800.9019844675,53859.9790637983
2025-05-26,61158.0631367094,59720.8917150961,53804.1466277997,61452.5585634864,60009.9502858980,54062.7918243536
2025-05-27,60880.5250949683,59481.0619093980,53571.4003163569,61173.6840882508,59768.9596659711,53828.9266639144
2025-05-28,60234.2719918129,58922.3202665350,53029.3301407456,60524.3190719050,59207.5136250983,53284.2506696838
2025-05-29,59009.2473982850,57861.8730476901,52001.2770433477,59293.3955973155,58141.9336738274,52251.2555555074
2025-05-30,58112.6947942335,57036.1783763123,51248.1504683619,58392.5258087726,57312.2425095176,51494.5085798056
2025-05-31,58451.5838210786,57348.0009182159,51533.0311179352,58733.0466935192,57625.5743218912,51780.7586965335
2025-06-01,59038.9672506062,57888.2751915543,52026.6699974806,59323.2585601302,58168.4636082478,52276.7705776597
2025-06-02,59159.1543781018,57998.7543635155,52127.6286384627,59444.0244266764,58279.4775168922,52378.2145430855
2025-06-03,58890.2897494488,57751.6383001330,51901.8005570614,59173.8651297575,58031.1653726399,52151.3008697336
2025-06-04,58510.2523072893,57402.2425635729,51582.5266826284,58791.9976870559,57680.0785053992,51830.4921943761
2025-06-05,56728.5253653251,55763.5079276280,50085.2224561162,57001.6911660608,56033.4121343748,50325.9901853479
2025-06-06,58282.0051827114,57195.1181945265,51392.6330229195,58562.6514803472,57471.9516216150,51639.6856852679
2025-06-07,58988.2344902880,57879.4222668089,51986.2555623829,59272.2815055173,58159.5678339450,52236.1618638649
2025-06-08,59089.8620785660,57978.0939074670,52071.6310155005,59374.3984627916,58258.7170609655,52321.9477305329
2025-06-09,61620.9227321974,60435.4916227543,54197.7571217739,61917.6469743930,60728.0089702454,54458.2944673525
2025-06-10,61627.2769014508,60441.6582057536,54203.0844586277,61924.0317409820,60734.2054004828,54463.6474135723
2025-06-11,60651.1633425152,59488.6225567808,53345.9241005322,60943.2178863802,59776.5569080860,53602.3665476129
2025-06-12,58410.1991701337,57300.0530234563,51375.0998034408,58691.4627623810,57577.3943517300,51622.0681807770
2025-06-13,58599.2534975904,57485.0043745118,51541.3718271802,58881.4274462486,57763.2408966057,51789.1395009081
2025-06-14,58239.0667194754,57132.6377222625,51224.5900251246,58519.5062548198,57409.1687339735,51470.8348777209
2025-06-15,58338.1643533284,57229.5854650616,51311.7457537345,58619.0810751382,57506.5857191962,51558.4095779523
2025-06-16,59001.4229327635,57878.4518347166,51895.0773166923,59285.5334545139,58158.5927048078,52144.5453096631
2025-06-17,57762.0202016457,56665.9806734775,50805.0316444479,58040.1626070509,56940.2529911921,51049.2596123497
2025-06-18,57947.4366977009,56847.3788651461,50968.1043550915,58226.4719422076,57122.5291788270,51213.1162397718
2025-06-19,57821.3671817901,56724.0425841073,50857.2269878357,58099.7953616843,56998.5959306615,51101.7058671577
2025-06-20,57069.6682320188,55988.6363448396,50196.1122602277,57344.4767436033,56259.6302087676,50437.4130545993
2025-06-21,56418.8624633494,55351.9134230770,49623.7319359625,56690.5371392177,55619.8254472588,49862.2812059489
2025-06-22,55780.1227721921,54726.9756645722,49061.9631957978,56048.7217143256,54991.8628910639,49297.8119529925
2025-06-23,58194.4763753360,57089.2340980918,51185.3782970239,58474.7011940633,57365.5550293902,51431.4346525292
2025-06-24,58608.3196300069,57494.1015657754,51549.3508223716,58890.5372349614,57772.3821197153,51797.1568524142
2025-06-25,59303.1024943706,58173.8021909778,52160.4076455231,59588.6656986732,58455.3726035526,52411.1511241089
2025-06-26,59085.6921087217,57961.1181661018,51969.1968460818,59370.2084132203,58241.6591543245,52219.0211435653
2025-06-27,59141.2325286985,58015.4517229273,52018.0442408436,59426.0162778945,58296.2556941670,52268.1033556193
2025-06-28,59278.9095669780,58150.1367662760,52139.1301848138,59564.3562746796,58431.5926344486,52389.7713792198
2025-06-29,59864.6115547852,58723.1066309534,52654.2506947013,60152.8786028968,59007.3357639825,52907.3681563447
2025-06-30,59195.8779374313,58068.9276912006,52066.1049051892,59480.9248215623,58349.9904945930,52316.3950553173
2025-07-01,58386.3015938793,57276.9468089042,51354.0884988361,58667.4501117348,57554.1762994412,51600.9558714477
2025-07-02,60136.7999434254,58989.4648186597,52893.6403951205,60426.3776647592,59274.9831674867,53147.9086416010
2025-07-03,60542.9693053928,59386.7897811987,53250.8629507889,60834.5028607322,59674.2312457482,53506.8484236156
2025-07-04,59658.7092458110,58521.8005703508,52473.1640040646,59945.9848091495,58805.0553501762,52725.4109528269
2025-07-05,59776.8728290663,58637.3937014721,52577.0879479519,60064.7173874497,58921.2079703526,52829.8344758467
2025-07-06,60332.5090687870,59180.9400458388,53011.2726502815,60623.0291914894,59467.3851650794,53266.1063739541
2025-07-07,59812.6843283491,58672.4388641862,52602.8894596800,60100.7013304336,58956.4227572026,52855.7600195962
2025-07-08,60177.3406379235,59029.1602353412,52889.6333071440,60467.1135755301,59314.8707162695,53143.8822909073
2025-07-09,61454.1183756208,60278.1344248126,53949.5872042040,61750.0394020562,60569.8901385532,54208.9315570274
2025-07-10,64092.7496420453,62859.1585438503,56140.4211216174,64401.3765129933,63163.4068229501,56410.2971658563
2025-07-11,64555.1876058283,63312.7797953744,56531.9758144424,64866.0412619050,63619.2236731479,56803.7341251390
2025-07-12,64362.6074093097,63123.9069379353,56369.1816704154,64672.5337308005,63429.4366411768,56640.1574034481
2025-07-13,65243.9782774042,63988.3123057773,57123.9513196830,65558.1486785244,64298.0258678501,57398.5553519549
2025-07-14,65657.3679856824,64393.7446604822,57477.8550187945,65973.5289890603,64705.4205793390,57754.1603231347
2025-07-15,66407.6358069260,65129.5714741687,58125.5510599234,66727.4095872768,65444.8089112983,58404.9699434272
2025-07-16,69123.9807901807,67793.6325763482,60469.3359901871,69456.8346311817,68121.7644909810,60760.0218252537
2025-07-17,70365.1395011881,68941.3765826891,61539.6656154028,70703.9699141328,69275.0637600211,61835.4966973254
2025-07-18,70704.1607368120,69228.2422140120,61831.9517737894,71044.6236442855,69563.3178664155,62129.1879223401
2025-07-19,71128.1381141759,69565.1134775740,62197.4577108858,71470.6426068841,69901.8196402259,62496.4509053310
2025-07-20,72585.1168747354,70728.0070493051,63453.3956550361,72934.6371812197,71070.3418009512,63758.4263454136
2025-07-21,72675.2694791693,70789.6326393770,63531.0864084104,73025.2238989717,71132.2656686354,63836.4905707493
2025-07-22,73658.6309898774,71460.1560643309,64388.1569166881,74013.3206065272,71806.0345331220,64697.6811549682
2025-07-23,72371.0858044608,70597.6192139392,63265.3486009318,72719.5754836141,70939.3228678193,63569.4753188403
2025-07-24,73010.9300636722,71046.5980541534,63823.6131503150,73362.5007954049,71390.4748367016,64130.4235358058
2025-07-25,73235.2893182041,71206.1655775798,64019.4530946026,73587.9404107432,71550.8146922037,64327.2049142403
2025-07-26,73597.2324258552,71462.8450664814,64335.3669358298,73951.6263889904,71808.7365504686,64644.6374041716
2025-07-27,75945.1136984348,73125.6779618088,66384.6465315614,76310.8134528571,73479.6178202657,66703.7682169008
2025-07-28,74686.8530274057,72241.9993414579,65286.4622636713,75046.4938585351,72591.6620554900,65600.3048004021
2025-07-29,74194.9617919204,71894.9682890238,64857.1385823517,74552.2340110977,72242.9513178209,65168.9172910155
2025-07-30,74000.0964892811,71741.1161744773,64690.5803362926,74356.4303703632,72088.3545346825,65001.5583726479
2025-07-31,72495.5989231628,70556.4007772036,63406.9588608889,72844.6881723830,70897.9049273241,63711.7663221192
2025-08-01,69645.2141283537,68114.4197977621,60952.1244478549,69980.5778728151,68444.1043733321,61245.1311247767
2025-08-02,68473.2177238536,67105.9196155472,59942.1903934128,68802.9379347625,67430.7228905714,60230.3421547121
2025-08-03,70015.9373921580,68436.1566353153,61271.9344451886,70353.0862864458,68767.3984681159,61566.4785002643
2025-08-04,72520.4306220827,70731.5248390461,63429.9457443485,72869.6394437909,71073.8766173511,63734.8637072290
2025-08-05,71166.7404498124,69492.4566730541,62264.1501502932,71509.4308249813,69828.8111652688,62563.4639460330
2025-08-06,72138.1624842954,70382.6653377406,63100.9818208762,72485.5305639558,70723.3285808285,63404.3184012058
2025-08-07,75138.8848179486,73130.2413806064,65685.4192355058,75500.7023251899,73484.2033267330,66001.1796226416
2025-08-08,75725.5458084354,73688.1589605479,66172.0789946735,76090.1882739880,74044.8213160899,66490.1788336351
2025-08-09,77512.6499100918,75383.3576390638,67657.3244106726,77885.8978474026,75748.2250245904,67982.5640635078
2025-08-10,78382.7114072779,76208.1949601225,68379.6087306812,78760.1489660186,76577.0546888699,68708.3205205471
2025-08-11,77988.0422948030,75829.3215077832,68049.6423390431,78363.5793968787,76196.3474290386,68376.7679273322
2025-08-12,81645.2294685955,79339.3965772480,71107.4055422541,82038.3770841881,79723.4118175482,71449.2302906316
2025-08-13,83878.2329849654,81433.6027194589,73000.0624237392,84282.1332190978,81827.7542490382,73350.9854785075
2025-08-14,81074.4794879989,78806.2586776488,70625.1970934420,81464.8787618276,79187.6934461096,70964.7037881593
2025-08-15,79831.3766407106,77639.9692372178,69571.2768038197,80215.7899809640,78015.7589801421,69905.7171339993
2025-08-16,79992.5969030125,77791.3093666826,69708.0185681945,80377.7865698452,78167.8316197934,70043.1162380540
2025-08-17,80720.8488241678,78474.8835715763,70325.6647793506,81109.5452544478,78854.7144320610,70663.7315740024
2025-08-18,79179.8720288831,77039.6921626267,69037.3621427739,79561.1481682693,77412.5764694753,69369.2358592052
2025-08-19,76273.1422949745,74215.0428988963,66501.7615166066,76640.4216108905,74574.2554561151,66821.4461925377
2025-08-20,79263.8577021306,77033.9347887375,69030.4588649843,79645.5382591098,77406.7912289850,69362.2993962478
2025-08-21,77416.2759629030,75265.0851623110,67443.6462840109,77789.0598291617,75629.3800903255,67767.8587516840
2025-08-22,83653.7219959842,81146.9054380489,72720.0167042528,84056.5411386608,81539.6693073968,73069.5935341537
2025-08-23,82435.2775156205,79971.1632111102,71665.2165955208,82832.2294625613,80358.2363019384,72009.7228314518
2025-08-24,81750.6035682075,79357.2183732960,71051.9466447954,82144.2585934342,79741.3198739106,71393.5047933226
2025-08-25,77643.3171319047,75748.5611175332,67572.8654544523,78017.1942732367,76115.1961457140,67897.6990994851
2025-08-26,79970.7527260099,77802.4634894425,69542.6255398389,80355.8372062179,78179.0397302734,69876.9281387790
2025-08-27,79102.0448725635,77038.9550150422,68811.4139754080,79482.9462495645,77411.8357539797,69142.2015226160
2025-08-28,79952.6109034196,77796.5143556607,69559.7497809220,80337.6080250111,78173.0618017422,69894.1346988464
2025-08-29,77545.7001695190,75771.8226360459,67486.2308988189,77919.1424537463,76138.5998658713,67810.6480775926
2025-08-30,77753.9651433859,75947.7619479634,67665.7659750968,78128.4073314755,76315.3882419619,67991.0437749066
2025-08-31,77553.9633165969,75778.8645192392,67481.3555491424,77927.4452809860,76145.6757381692,67805.7495677500
2025-09-01,77236.8272329240,75510.9560789955,67236.1391678231,77608.7865913146,75876.4744009876,67559.3579847667
2025-09-02,78140.2397424521,76312.6643407736,68006.8081709503,78516.5365402527,76682.0516611622,68333.7204670627
2025-09-03,78924.1821565842,77008.2459651056,68714.4992523833,79304.2426644066,77380.9900156817,69044.8030845167
2025-09-04,77652.5879340315,75881.0024423442,67581.1309288343,78026.5436990666,76248.3068027010,67906.0033820407
2025-09-05,77821.3978037949,76030.8732409702,67730.9775368523,78196.1640414908,76398.9008589768,68056.5681285800
2025-09-06,77746.6404496865,75955.0708404905,67662.0238650809,78121.0477724056,76322.7326478235,67987.2839991926
2025-09-07,78665.6645630538,76818.4597197978,68459.5738811398,79044.4841939734,77190.2881211014,68788.6562525823
2025-09-08,78953.3199485210,77081.0136789036,68700.4273796598,79333.5205866772,77454.1090856402,69030.6639939915
2025-09-09,78829.3494996199,76969.7085552402,68598.7521828822,79208.9549735919,77342.2668429101,68928.5015441107
2025-09-10,80173.4432433357,78221.0986743694,69752.7697523707,80559.5015478350,78599.6957536314,70088.0494809721
2025-09-11,81411.9425090369,79395.4991715972,70841.6644514440,81803.9463935116,79779.7632408277,71182.1621968059
2025-09-12,83241.7374892113,81163.8141189735,72490.1099816201,83642.5251391830,81556.6106887157,72838.5067571134
2025-09-13,83202.9207596401,81118.7021899518,72446.2748579362,83603.5220859137,81511.2810993248,72794.4615986584
2025-09-14,82535.6827797821,80473.3003764183,71909.0692043101,82933.0813008133,80862.7652838540,72254.6819343785
2025-09-15,82056.6442529205,80016.3958661570,71529.2520100084,82451.7432870775,80403.6561993829,71873.0448116409
2025-09-16,83274.4972252632,81203.3736072319,72516.3598349042,83675.4423170628,81596.3612332411,72864.8825297705
2025-09-17,84254.7327870621,82194.0539896208,73339.3844189087,84660.3830919304,82591.8215407119,73691.8506103565
2025-09-18,84292.8743412818,82220.6881329271,73361.4925949005,84698.7077223119,82618.5841861574,73714.0647133467
2025-09-19,83327.1517926968,81261.1053375445,72564.9906762192,83728.3497954141,81654.3716822385,72913.7465151269
2025-09-20,84659.1691282296,82555.2533241672,73684.3156314847,85066.7609163853,82954.7637813448,74038.4346719707
2025-09-21,84417.6319208536,82321.2439796687,73481.8865604016,84824.0643675750,82719.6254229285,73835.0357150092
2025-09-22,81193.3270717080,79180.0431348137,70733.2577263678,81584.2832160116,79563.2692426945,71073.2374348029
2025-09-23,81265.2019127681,79250.0724669107,70794.7610479328,81656.5030900972,79633.6364856644,71135.0354709362
2025-09-24,81767.5685650389,79739.5686650059,71225.1400785208,82161.2813319502,80125.4946317989,71567.4768069408
2025-09-25,77451.5012329025,75534.0992331528,67527.9290631645,77824.4952922193,75899.7330810202,67852.5496928785
2025-09-26,77697.7055985188,75774.1039271488,67740.7490589756,78071.8853061619,76140.8995210759,68066.3927302059
2025-09-27,77692.3296032131,75768.8609493199,67736.0606120533,78066.4834209285,76135.6311638533,68061.6817449620
2025-09-28,78818.6679166909,76866.9343688752,68711.3850304020,79198.2459983570,77239.0199668670,69041.6947469221
2025-09-29,80627.0893157568,78630.1880301067,70184.4322982418,81015.3764636596,79010.8089128551,70521.8232537127
2025-09-30,79793.7917174164,77817.7085354080,69515.0485947253,80178.0658382931,78194.3964934898,69849.2216860858
2025-10-01,82728.1523718701,80678.9951477609,71806.5799221699,83126.5579010894,81069.5335781202,72151.7688724326
2025-10-02,85359.3276921883,83244.6336868577,73847.3355491452,85770.4045379255,83647.5914620937,74202.3348282652
2025-10-03,88026.3827397705,85845.2469223983,75924.8496209122,88450.3036929401,86260.7933425230,76289.8359341860
2025-10-04,87231.0995646812,85087.6077720294,75268.2227666538,87651.1905622252,85499.4867301745,75630.0525406406
2025-10-05,88048.0088315239,85859.4504051396,75937.2193347008,88472.0339324733,86275.0655792846,76302.2651117183
2025-10-06,90500.3855026951,88079.9225322294,77916.6155112161,90936.2208545359,88506.2862231304,78291.1766495915
2025-10-07,89521.0095289384,87188.1557553522,77121.6796801962,89952.1283639221,87610.2027201018,77492.4193998263
2025-10-08,90692.4130688553,88161.2761091261,78085.7857453123,91129.1731945197,88588.0336037995,78461.1601195307
2025-10-09,88342.6739354447,86211.3483213918,76151.5024469401,88768.1180961216,86628.6669083913,76517.5783266590
2025-10-10,79583.6628133562,79523.7420350924,69645.7871902078,79966.9249878475,79908.6882958175,69980.5887690713
2025-10-11,79000.7429129467,79070.7901382414,69219.7383251877,79381.1978390694,79453.5438197104,69552.4918001784
2025-10-12,84760.6826615679,83415.1308626219,73276.5121023187,85168.8765299929,83818.9139545648,73628.7673170756
2025-10-13,85091.8294701346,83649.4319332837,73494.3769861803,85501.6180882450,84054.3491934826,73847.6795219019
2025-10-14,82302.6204911125,81640.5995466890,71723.4312627413,82698.9767281051,82035.7927628756,72068.2205009103
2025-10-15,79997.8234223959,79965.5831487997,70247.4393663630,80383.0801279259,80352.6682055619,70585.1332101957
2025-10-16,78307.8541659093,78727.9338793531,69156.9158968038,78684.9722516506,79109.0279155861,69489.3673716922
2025-10-17,76090.9236379203,77058.7411522216,67719.9505061603,76457.3653432083,77431.7552192978,68045.4941950451
2025-10-18,76368.6710449492,77275.1798188223,67889.3045013671,76736.4503370338,77649.2415886166,68215.6623094854
2025-10-19,76940.4587058179,77720.4756974055,68240.5570613702,77310.9916352211,78096.6929864029,68568.6034122619
2025-10-20,77376.7119888012,78087.2922181888,68498.5005724830,77749.3458437768,78465.2851356880,68827.7869104975
2025-10-21,75312.6538681752,76359.4541477392,67278.3157935466,75675.3475515732,76729.0832147903,67601.7364542053
2025-10-22,75017.5208859922,76092.9603040348,67103.1578763125,75378.7932564598,76461.2993690300,67425.7365170985
2025-10-23,75960.4289945280,76945.0143722676,67663.4878841627,76326.2422586560,77317.4779284151,67988.7601457085
2025-10-24,76263.8404627818,77226.7928017328,67852.4226739232,76631.1149076941,77600.6203471860,68178.6031835799
2025-10-25,76701.9230975734,77641.6700097489,68135.8300013379,77065.7900523946,78012.4966972803,68459.9521940312
2025-10-26,79015.8171613611,79831.5596916341,69718.0887006140,79363.1698833796,80186.8268892135,70030.9388022058
2025-10-27,78685.9342159551,79512.1944299661,69483.5250299541,79035.7547239156,79869.8336215992,69798.1086752410
2025-10-28,76976.4989718669,77856.7191752389,68271.3733505411,77339.0233004830,78226.5758926033,68594.8673778914
2025-10-29,75703.1904943313,76622.4639331691,67316.0798310582,76074.8456475783,77001.1215015479,67646.3970190006
2025-10-30,74151.6629204043,75117.4697054695,66226.9285821033,74534.1376213067,75506.5740050735,66564.8435436613
2025-10-31,74969.5726164559,75911.5397588548,66802.6992804103,75346.5445947633,76295.3189385928,67136.7089302000
2025-11-01,75363.8738792024,76305.3402911504,67106.0883029703,75738.1425569209,76686.4302181437,67438.0094282853
2025-11-02,75479.1070900833,76420.6965974360,67197.1892375604,75852.5786570930,76800.9917677979,67528.4783889497
2025-11-03,71174.0111118428,72099.9080608234,63696.6584911153,71577.3398003172,72510.0482466035,64052.2868117274
2025-11-04,69206.2370294810,70120.4547155088,62108.5745332007,69621.8151358335,70542.8745749074,62474.2199560862
2025-11-05,70018.8148042551,70939.1945916444,62745.7002777203,70429.6061083364,71356.8069474658,63107.5183470049
2025-11-06,69021.5255909578,69933.2928395317,62074.4197303488,69438.3278613666,70356.9481566393,62440.3504451629
2025-11-07,69685.1349266718,70603.2821679905,62608.7530764664,70098.0501194635,71023.0257902647,62971.4780712077
2025-11-08,69345.2539779081,70260.1544772619,62336.6286924130,69760.1980650123,70681.9397091969,62701.0135885004
2025-11-09,70147.5811038874,71070.1600985785,62866.3998796143,70557.7819809355,71487.1722955672,63227.5804631773
2025-11-10,70571.4081055221,71498.0257426256,63146.6366883749,70979.0464123619,71912.4593768842,63506.0945082839
2025-11-11,69606.1156347930,70523.5559396042,62509.3849540980,70019.6584916878,70943.9308264146,62872.7935324076
2025-11-12,69140.1380620022,70053.1248467525,62200.6445216160,69556.4552880637,70476.2915130140,62565.9302053005
2025-11-13,68583.5913543939,69489.8030091221,61765.5129274857,69003.1780966748,69916.2682495704,62133.4187756213
2025-11-14,67128.0565157008,68016.4183032156,60620.8898236519,67556.0551655841,68451.3706517024,60995.5932931794
2025-11-15,67330.8212593545,68221.7479078841,60771.7375420095,67757.6997677445,68655.5697928543,61145.5786458812
2025-11-16,67057.2953797512,67944.7689845926,60567.5709411905,67485.6946247032,68380.1256091479,60942.5851822461
2025-11-17,66633.7593202154,67515.8850742499,60251.2098619214,67064.4930064760,67953.5975841442,60628.0293696525
2025-11-18,66790.5280824698,67674.6339095732,60368.4373661157,67220.4094103035,68111.4862614273,60744.5951697603
2025-11-19,66496.6486634225,67377.0430558035,60148.7714060730,66928.1359383786,67815.5160713870,60526.1741549529
2025-11-20,65457.4664946728,66324.7341537974,59544.5517507439,65894.5785226504,66768.8833264333,59925.3529374723
2025-11-21,65223.7744301830,66087.9873369966,59351.2678642369,65662.1077240200,66533.3693455431,59733.1331158174
2025-11-22,65163.2843500805,66026.7054047366,59300.5940056042,65601.9312133658,66472.4039505743,59682.7362858473
2025-11-23,65488.9371709931,66356.6212684813,59573.4205769500,65925.8994660480,66800.6193142892,59954.0740847137
2025-11-24,65713.5616727472,66584.1860976472,59761.5329941560,65919.3909043771,66794.0254397938,59948.6092285034
2025-11-25,65524.1829220549,66392.3100446858,59644.1293134492,65919.3360686446,66793.9698809616,59948.5728497862
2025-11-26,66155.6618278954,67032.1141698220,60040.6327732210,65919.5216278834,66794.1578871055,59948.6959521555
2025-11-27,66323.6855824013,67202.3529919846,60145.8219294149,65919.5705302905,66794.2074343717,59948.7283946124
2025-11-28,66236.6538656622,67114.1739450751,60091.3796366119,65919.5452643313,66794.1818352390,59948.7116328684
2025-11-29,66219.2624372194,67096.5532457284,60074.7936960246,65919.5402088373,66794.1767130800,59948.7082789920
2025-11-30,66132.0188330680,67008.1595091393,60001.3146686018,65919.5148414376,66794.1510111692,59948.6914499491
2025-12-01,65325.8093324382,66191.3216792062,59322.2380945243,65919.2801146489,66793.9131891201,59948.5357293133
2025-12-02,66347.6897418419,67226.6744492030,60001.4870366286,65919.5813044447,66794.2183506010,59948.7355425172
2025-12-03,66770.6592384917,67655.2199046763,60282.1200395040,65919.7040512528,66794.3427160284,59948.8169742357
2025-12-04,66509.4230745717,67390.5400020928,60031.8181235779,65919.6287199624,66794.2663913706,59948.7669985709
2025-12-05,65719.5461493858,66590.2037983121,59373.5992636303,65919.4733441546,66794.1089666761,59948.6639203989
2025-12-06,65695.7613433972,66566.1040409567,59353.5832177797,65919.4679095249,66794.1034603818,59948.6603149982
2025-12-07,65952.9358852599,66826.6842097735,59571.9276084394,65919.5354988652,66794.1719409992,59948.7051546057
2025-12-08,66005.5220714415,66879.9667659617,59616.5634437537,65919.5492654296,66794.1858890985,59948.7142875129
2025-12-09,66454.4712080585,67334.8610876256,59997.6189834570,65919.6667024406,66794.3048747104,59948.7921966580
2025-12-10,66262.7993908346,67140.6504061725,59838.4009571242,65919.6294345660,66794.2671153973,59948.7674727074
2025-12-11,66404.9250716895,67284.6586447557,59956.6145909212,65919.6576117353,66794.2956641292,59948.7861657790
2025-12-12,65766.3242955591,66637.5991413000,59425.5454541939,65919.5312766668,66794.1676631241,59948.7023535913
2025-12-13,65758.1214590724,66629.2876521518,59418.7186339007,65919.5296381367,66794.1660029873,59948.7012665704
2025-12-14,65160.9592893651,66024.2156258258,58921.7248229623,65919.4103391333,66794.0451308295,59948.6221221504
2025-12-15,64730.2851950877,65587.8362790884,58558.4205739207,65919.3075946733,66793.9410315141,59948.5539601839
2025-12-16,65087.5760858553,65949.8603142484,58860.0737476890,65919.3938101828,66794.0283839175,59948.6111566610
2025-12-17,64687.5344429766,65544.5191960201,58522.4507459450,65919.2978085438,66793.9311163383,59948.5474679624
2025-12-18,64542.2277421425,65397.2875223070,58395.8020468808,65919.2539339184,66793.8866631535,59948.5183609709
2025-12-19,64950.0035890917,65810.4654861012,58754.7120999847,65919.4134692491,66794.0483022211,59948.6241987829
2025-12-20,64991.3681637773,65852.3780507639,58791.2795429592,65919.4266983626,66794.0617057823,59948.6329751430
2025-12-21,65048.6340687569,65910.4026040687,58841.9495170619,65919.4442539827,66794.0794929023,59948.6446217613
2025-12-22,65041.3354357074,65903.0072800537,58835.4916704957,65919.4420184595,66794.0772279000,59948.6431386873
2025-12-23,64823.7088511022,65682.4976179585,58642.9347175177,65919.3753533919,66794.0096837434,59948.5989122491
2025-12-24,64859.2274352029,65718.4867458436,58674.3640231886,65919.3862702372,66794.0207445453,59948.6061546226
2025-12-25,64773.3606698845,65631.4824331450,58598.3840661214,65919.3598930312,66793.9940195123,59948.5886556508
2025-12-26,64801.3590532103,65659.8517339995,58623.1593982943,65919.3685051857,66794.0027452323,59948.5943690635
2025-12-27,64899.7057632892,65759.5013235317,58710.1840439649,65919.3987430466,66794.0333818293,59948.6144292440
2025-12-28,64914.3142742073,65774.3033653587,58723.1103366332,65919.4032278020,66794.0379257236,59948.6174044873
2025-12-29,64776.3101529905,65634.4709905273,58600.9984464316,65919.3608706108,66793.9950099829,59948.5893041933
2025-12-30,64964.4150255164,65825.0678857172,58770.9206129503,65919.4353706295,66794.0704924074,59948.6387284523
2025-12-31,64838.4611346502,65697.4453527224,58657.2423088163,65919.3861086490,66794.0205808263,59948.6060474385
2026-01-01,65018.9615907997,65880.3370860645,58820.1517608694,65919.4568414884,66794.0922463950,59948.6529724981
2026-01-02,65250.7058317813,66115.1514868211,59029.5429035410,65919.5245910246,66794.1608893208,59948.6979183836
2026-01-03,65399.5503474990,66265.9679028626,59164.0647466448,65919.5612028471,66794.1979839306,59948.7222071155
2026-01-04,65612.9986166772,66482.2439464705,59356.9761864430,65919.6130026950,66794.2504668451,59948.7565717646
2026-01-05,66295.4320898033,67173.7183384446,59973.9580857292,65919.7455312856,66794.3847430440,59948.8444928246
2026-01-06,66257.3010465643,67135.0821328273,59939.4784272917,65919.7393333094,66794.3784633373,59948.8403810150
2026-01-07,65479.6736577806,66347.1526895205,59236.3464423694,65919.6069509355,66794.2443352832,59948.7525570024
2026-01-08,65392.2875936502,66258.6089295389,59157.3313550158,65919.5918977935,66794.2290836407,59948.7425705668
2026-01-09,65271.3385393324,66136.0575345628,59047.9452935455,65919.5656834307,66794.2025235981,59948.7251796418
2026-01-10,65236.2326406664,66100.4865507371,59016.1946263583,65919.5578386585,66794.1945753797,59948.7199753247
2026-01-11,65367.1777720427,66233.1664514729,59134.6247480243,65919.5871154304,66794.2242382142,59948.7393978915
2026-01-12,65439.6121962309,66306.5604914809,59200.1362584304,65919.6032779170,66794.2406138299,59948.7501202805
2026-01-13,66493.1491226982,67374.0547415895,60152.9812190082,65919.8380962774,66794.4785286582,59948.9059016096
2026-01-14,67065.5152949170,67954.0036579986,60665.9772047242,65919.9220042361,66794.5635430819,59948.9615671066
2026-01-15,66562.5856848696,67444.4112038265,60215.3376774989,65919.8496728207,66794.4902578573,59948.9135816370
2026-01-16,66542.3452697559,67423.9026423791,60197.2003830931,65919.8467398496,66794.4872862102,59948.9116358706
2026-01-17,66390.7959722642,67270.3456099544,60061.3977272886,65919.8247726674,66794.4650293544,59948.8970625919
2026-01-18,65835.4100007134,66707.6018489909,59563.7080760797,65919.7440853246,66794.3832780157,59948.8435336853
2026-01-19,65440.0678586583,66307.0221885649,59254.2114135074,65919.6861649425,66794.3245938577,59948.8051086282
2026-01-20,63837.2488346050,64682.9689139872,58006.9656671876,65919.4499223404,66794.0852360067,59948.6483824933
2026-01-21,64151.1740478928,65001.0530291394,58233.6669250673,65919.5103910087,66794.1465020543,59948.6884981616
2026-01-22,64183.3981905967,65033.7040794031,58257.0126331919,65919.5164984126,66794.1526899944,59948.6925498884
2026-01-23,64195.8538948063,65046.3247976004,58266.0356120560,65919.5188579425,66794.1550806387,59948.6941152296
2026-01-24,64080.8333736621,64929.7804770350,58194.2230073455,65919.4970734080,66794.1330088390,59948.6796631019
2026-01-25,63295.1158177174,64133.6536832849,57714.0607010298,65919.3479938497,66793.9819634206,59948.5807618840
2026-01-26,63619.1624297558,64461.9932861756,57915.5347076102,65919.4487120057,66794.0840097118,59948.6475795920
2026-01-27,63793.9066113779,64639.0524902204,58023.9477146618,65919.5019198370,66794.1379191763,59948.6828783306
2026-01-28,63803.8009897542,64649.0779499729,58030.1196215705,65919.5048358788,66794.1408736709,59948.6848128687
2026-01-29,62658.5865315329,63488.6916151857,57286.7521071193,65919.2337514828,66793.8662145793,59948.5049721420
2026-01-30,62595.4433857352,63424.7119448331,57242.5600573185,65919.2097859959,66793.8419330679,59948.4890731252
2026-01-31,61760.6855688278,62578.8952013776,56650.0394262858,65918.8687621091,66793.4964122178,59948.2628334051
2026-02-01,61477.5855408791,62292.0446456092,56448.4839167358,65918.7515445746,66793.3776489763,59948.1850696462
2026-02-02,61765.4756224633,62583.7487139592,56653.6609925230,65918.8712941290,66793.4989776266,59948.2645132209
2026-02-03,61291.4188505641,62103.4116067172,56316.1567798854,65918.6750261909,66793.3001215714,59948.1343063153
2026-02-04,60862.5194676451,61668.8301365192,56010.2737317463,65918.4960813226,66793.1188170192,59948.0155916817
2026-02-05,59125.6457226653,59908.9461737479,54769.6140395719,65917.7663203275,66792.3794329192,59947.5314572466
2026-02-06,60593.3044320384,61396.0485223872,55824.8644104372,65918.4010761520,66793.0225590489,59947.9525650817
2026-02-07,60367.6846677186,61167.4397325667,55663.5226339267,65918.3058592162,66792.9260865204,59947.8893967078
2026-02-08,60552.3300534723,61354.5313125546,55795.6738854721,65918.3840751095,66793.0053338196,59947.9412863500
2026-02-09,60518.6092665011,61320.3637903763,55771.5562890764,65918.3698345049,66792.9909054291,59947.9318389141
2026-02-10,60290.8225956854,61089.5593867399,55608.6196382199,65918.2735844780,66792.8933861865,59947.8679851635
2026-02-11,59977.2333617235,60771.8157019484,55384.1184192858,65918.1405786129,66792.7586264192,59947.7797469889
2026-02-12,59829.7307935124,60622.3590099968,55278.3964962462,65918.0776898381,66792.6949083519,59947.7380255676
2026-02-13,60304.2531270615,61103.1678466805,55618.6963003020,65918.2805044195,66792.9003973789,59947.8725760465
2026-02-14,60477.0310309722,61278.2347236441,55742.3843428005,65918.3537701966,66792.9746292864,59947.9211817095
2026-02-15,60302.3926764340,61101.2827486805,55617.4443825529,65918.2799269889,66792.8998123340,59947.8721929848
2026-02-16,60313.0673483667,61112.0988393702,55625.0862178831,65918.2844536804,66792.9043987173,59947.8751960627
2026-02-17,60065.5167942242,60861.2687191787,55447.8755600921,65918.1794961953,66792.7980571943,59947.8055656259
2026-02-18,59876.6597974698,60669.9097324901,55312.5563587320,65918.0990939645,66792.7165947272,59947.7522255057
2026-02-19,59976.2059336447,60770.7746624348,55383.9331838968,65918.1416074341,66792.7596688072,59947.7804296277
2026-02-20,60161.4069107692,60958.4291943046,55516.6771327966,65918.2205705492,66792.8396731814,59947.8328150237
2026-02-21,60153.4696113412,60950.3867410109,55510.9919439164,65918.2171967806,66792.8362549241,59947.8305768123
2026-02-22,60093.5614153126,60889.6848772548,55468.0806903659,65918.1917292964,66792.8104516090,59947.8136812803
2026-02-23,59553.2515849182,60342.2169866337,55080.9793113497,65917.9618100940,66792.5775005418,59947.6611492281
2026-02-24,59441.1393116060,60228.6194425392,55000.4941188776,65917.9136700499,66792.5287256917,59947.6292123278
2026-02-25,60183.5479438767,60980.8635532775,55533.6928813952,65918.2330549459,66792.8523222056,59947.8410975845
2026-02-26,60092.9241494513,60889.0391688535,55468.7864602622,65918.1945492438,66792.8133087423,59947.8155522943
2026-02-27,59800.4949609094,60592.7358591577,55259.2726284122,65918.0701098983,66792.6872284582,59947.7329972561
2026-02-28,60004.0133153346,60798.9504381494,55405.2449857354,65918.1571377616,66792.7754039278,59947.7907329522
2026-03-01,59785.7168533917,60577.7619702981,55248.7919727111,65918.0641070188,66792.6811464209,59947.7290148705
2026-03-02,60350.7676462926,61150.2985933269,55654.0946643155,65918.3057919230,66792.9260183402,59947.8893525603
2026-03-03,60262.9316365119,61061.2989263023,55591.2231999394,65918.2685741083,66792.8883097470,59947.8646616822
2026-03-04,61040.0772275603,61848.7401933363,56147.6717512934,65918.5983454845,66793.2224297040,59948.0834371841
2026-03-05,60736.3496043323,61540.9887665474,55930.8176585104,65918.4711029784,66793.0935092952,59947.9990226246
2026-03-06,60252.0232016431,61050.2459757700,55584.6334281362,65918.2671868310,66792.8869041763,59947.8637415673
2026-03-07,60098.7484217895,60894.9406015357,55474.8794006377,65918.2021349466,66792.8209944753,59947.8205851269
2026-03-08,59863.7826061415,60656.8619432834,55306.5336046041,65918.1021580523,66792.7196992203,59947.7542588695
2026-03-09,60318.4190140824,61117.5214043065,55632.5527838476,65918.2963627739,66792.9164648523,59947.8830974150
2026-03-10,60590.5471272121,61393.2546886056,55827.3663080388,65918.4117305359,66793.0333539289,59947.9596341886
2026-03-11,60633.4407459014,61436.7165647810,55858.0425112785,65918.4298334955,66793.0516956059,59947.9716439688
2026-03-12,60694.9014704216,61498.9915250284,55901.9903809311,65918.4557542326,66793.0779581509,59947.9888401809
2026-03-13,60762.9828327457,61567.9748337255,55950.6613453116,65918.4844381250,66793.1070202878,59948.0078695102
2026-03-14,60812.1563314828,61617.7997862132,55985.8063740461,65918.5051325932,66793.1279876468,59948.0215985328
2026-03-15,61090.8964590895,61900.2326813927,56184.9900223270,65918.6223444307,66793.2467451160,59948.0993586282
2026-03-16,61541.1568936460,62356.4581958591,56576.7464769788,65918.7703034677,66793.3966552375,59948.1975168309
2026-03-17,61332.4951288253,62145.0320662268,56394.8122691826,65918.7024981473,66793.3279557919,59948.1525338108
2026-03-18,60757.2400457940,61562.1559659451,55893.1537845541,65918.5149313610,66793.1379156276,59948.0280992852
2026-03-19,60536.9980786368,61338.9962186926,55696.0780915919,65918.4187296905,66793.0404453790,59947.9642776530
2026-03-20,60634.7206435748,61438.0134186110,55783.6116123452,65918.4619633933,66793.0842491897,59947.9929595517
2026-03-21,60368.5017642333,61168.2676540116,55545.1601971725,65918.3443745248,66792.9651097175,59947.9149493144
2026-03-22,60188.1645372340,60985.5413075445,55383.6138957788,65918.2643684513,66792.8840486317,59947.8618720473
2026-03-23,60713.5807570102,61517.9182760263,55854.3196124097,65918.4981659259,66793.1209291125,59948.0169769606
2026-03-24,60655.3742686785,61458.9406643013,55802.1859635007,65843.8253662593,66717.4573522559,59883.8523886437
2026-03-25,60785.6824502794,61590.9751772795,55918.9017001780,65995.5881928602,66871.2338051744,60014.2657512934
2026-03-26,60368.9079214498,61168.6791920258,55545.6220529693,65510.1178201328,66379.3220927540,59597.1425626845
2026-03-27,59957.4526234518,60751.7729071241,55177.0393250889,65031.0845530867,65893.9328951082,59185.3820070507
2026-03-28,59952.1435821703,60746.3935313138,55172.2826101172,65024.9066387634,65887.6730107060,59180.0695265523
2026-03-29,59887.8674298877,60681.2658443299,55114.6932950717,64950.1115904154,65811.8855633552,59115.7518139731
2026-03-30,60026.5595650184,60821.7953820068,55238.9604016854,65111.4882947631,65975.4034533027,59254.5315851971
2026-03-31,60286.3304210588,61085.0076994675,55471.6989255868,65413.7983205477,66281.7246024804,59514.4748126632
2026-04-01,60257.0594403907,61055.3489349185,55445.4769326299,65379.7233298643,66247.1974964830,59485.1826799403
2026-04-02,60048.6521832466,60844.1806846973,55258.7758513733,65137.1204584019,66001.3757107606,59276.6262097826
2026-04-03,60059.5235768955,60855.1961032858,55268.5158528643,65149.7724375694,66014.1955594835,59283.1763994617
2026-04-04,60118.1233786598,60914.5722390857,55321.0168887390,65217.9709845675,66083.2989814903,59326.6308111418
2026-04-05,60419.1742318829,61219.6114338521,55516.6277393127,65568.3593564028,66438.3363919781,59549.8195496806
2026-04-06,60388.4628624590,61188.4931981822,55496.5582232385,65532.6018958253,66402.1044926644,59527.0794171265
2026-04-07,61213.8155042213,62024.7801661349,56093.5757520947,66406.1851280369,67287.2786409541,60151.5609203124
2026-04-08,60990.0609032050,61798.0612494185,55932.0763178933,66169.6033732727,67047.5578615796,59982.7677096552
2026-04-09,61179.6940185407,61990.2066367634,56098.3239307072,66370.1262086962,67250.7412830486,60156.5362568108
2026-04-10,61487.7900114690,62302.3843057101,56370.8643202083,66695.8890810278,67580.8264568797,60441.3847990825
2026-04-11,61511.8609916565,62326.7741798294,56391.4611900217,66721.3371099955,67606.6121365226,60462.9092027912
2026-04-12,60747.6221001962,61552.4106011702,55751.7774279251,65913.3857763138,66787.9407068515,59794.4249041069
2026-04-13,61992.3188820704,62813.5972080387,56794.7543816836,67229.6955242678,68121.7155746234,60884.6768748773
2026-04-14,61877.0166818456,62696.7674766667,56693.3483896529,67107.8215285519,67998.2245249115,60778.7237937481
2026-04-15,62144.8621253759,62968.1613542844,56927.8268991876,67390.9465353424,68285.1061035687,61023.7275295521
2026-04-16,62280.1407522251,63105.2321612972,57030.3829751156,67533.9266715639,68429.9833352228,61130.8759354948
2026-04-17,63031.8073877020,63866.8569258973,57608.6412380076,68328.3424891189,69234.9396562273,61735.0003270931
2026-04-18,62404.8700506751,63231.6138817130,57198.6901767870,67665.9499181601,68563.7582985590,61306.8206695411
2026-04-19,61542.9296943057,62358.2544826989,56631.1732840757,66755.0322880633,67640.7543904577,60713.9612878250
2026-04-20,62372.1601679256,63198.4706562812,57252.9445236713,67631.6924880210,68529.0463324545,61363.6627323071
2026-04-21,62571.2248474734,63400.1725578224,57401.4845328883,67842.0722077604,68742.2174217923,61518.8324915164
2026-04-22,63309.2940745520,64148.0197746616,57951.8963655365,68622.0311459722,69532.5250460411,62093.7730081462
2026-04-23,63343.3658422747,64182.5429274084,57978.0995525707,68658.5370135650,69569.5152824176,62121.5362640640
2026-04-24,62963.6420893098,63797.7885691398,57678.2166782865,68246.9504645840,69152.4677023954,61800.2220955489
2026-04-25,63050.9978063279,63886.3015804538,57747.2620189209,68341.6362402841,69248.4097921357,61874.2017993541
2026-04-26,63530.6150028188,64372.2727771715,58126.2760093288,68861.4983379126,69775.1695472783,62280.3022326455
2026-04-27,62936.5217996094,63770.3089880541,57657.2843866703,68217.5544988115,69122.6817037562,61777.7938662216
2026-04-28,62458.0664171303,63285.5149971368,57279.0909814849,67698.9517035468,68597.1979597093,61372.5726617261
2026-04-29,62194.7700517291,63018.7304641349,57070.7505750244,67413.5620181541,68308.0216541401,61149.3430937498
2026-04-30,62430.1479477740,63257.2266620585,57281.2868447025,67668.6905824937,68566.5353266976,61374.9254535140
2026-05-01,63216.5514658755,64054.0485057934,57978.9528631680,68521.0815840961,69430.2360606771,62122.4505569716
2026-05-02,63404.4744634383,64244.4611196124,58145.6020574860,68724.7732874387,69636.6303953801,62301.0094274433
2026-05-03,63349.0856617404,64188.3385234194,58102.4759368688,68664.7367857318,69575.7973146785,62254.8012749421
2026-05-04,63878.0921763505,64724.3533511976,58491.8225983477,69238.1324820422,70156.8009653892,62671.9728093147
2026-05-05,64303.5881845212,65155.4863585257,58805.4046554525,69699.3320573672,70624.1198495285,63007.9651802709
2026-05-06,64550.0204256876,65405.1833502634,58966.7319225081,69966.4425420482,70894.7744214784,63180.8217890268
2026-05-07,63394.3328073031,64234.1851061484,58082.0271631976,68713.7806402391,69625.4918950477,62232.8911184352
2026-05-08,63474.6626229163,64315.5791364527,58142.5420943460,68800.8509678928,69713.7174931136,62297.7307823578
2026-05-09,63713.6905852594,64557.7737569934,58323.4195569826,69059.9358772845,69976.2400044775,62491.5347521540
2026-05-10,64466.4890711552,65320.5453668412,58959.0427142004,69875.9020328615,70803.0325986618,63172.5830672265
2026-05-11,64090.1331352119,64939.2034426560,58645.7399786708,69467.9658959885,70389.6838653086,62836.8899797153
2026-05-12,63446.4510586540,64286.9938235279,58109.8044095377,68770.2721582044,69682.7329562960,62262.6534809334
2026-05-13,62888.7059888343,63721.8597102667,57645.4825780727,68165.7264412038,69070.1659787987,61765.1486348941
2026-05-14,63621.4660245469,64464.3273992228,58268.5198745610,68959.9727109601,69874.9505024027,62432.7116337910
2026-05-15,62812.1690243515,63644.3087790345,57507.8891345960,68082.7672245759,68986.1060389857,61617.7220004477
2026-05-16,62412.3096649638,63239.1520565021,57184.7414360003,67649.3554811093,68546.9436824571,61271.4803741805
2026-05-17,62169.6959918795,62993.3242214880,56953.6480270564,67386.3839823271,68280.4830134837,61023.8717479081
2026-05-18,62010.5141549019,62832.0335330437,56800.3386283171,67213.8451236685,68105.6548670307,60859.6060088290
2026-05-19,61941.6429991568,62762.2499676886,56743.8152992426,67139.1949573407,68030.0142240302,60799.0432090138
2026-05-20,62228.9497134915,63053.3629403089,56986.3345405585,67450.6097111685,68345.5609050105,61058.8942210409
2026-05-21,62255.4131972872,63080.1770140819,57009.0167500305,67479.2937581486,68374.6255389445,61083.1974270641
2026-05-22,61322.7919719178,62135.2003612572,56192.2760786254,66468.4158537268,67350.3350591395,60208.0879352288
2026-05-23,61725.9821442323,62543.7320235456,56546.5350848898,66905.4372766954,67793.1549892810,60587.6637143788
2026-05-24,61843.4257151783,62662.7314946593,56650.4777136698,67032.7354167065,67922.1421521617,60699.0345067912
2026-05-25,61941.1950699376,62761.7961042735,56737.0826413328,67138.7084970407,68029.5213092559,60791.8285751117
2026-05-26,61412.6716458382,62226.2707670210,56268.9364685801,66565.8372195578,67449.0490354900,60290.2267723053
2026-05-27,60845.0445703897,61651.1237306692,55766.0109933456,65950.5811365762,66825.6295842550,59751.3601904353
2026-05-28,60522.8435961583,61324.6542166974,55480.4485875616,65601.3446035716,66471.7592954774,59445.3903261275
2026-05-29,60468.2249157094,61269.3119443705,55431.2133327108,65542.1429243039,66411.7721138434,59392.6365180392
2026-05-30,60610.6665488820,61413.6406536865,55560.3778981886,65696.5366925637,66568.2144163984,59531.0317132699
2026-05-31,60540.2938270232,61342.3356293708,55496.5662800776,65620.2590661876,66490.9247198115,59462.6598553559
2026-06-01,59779.7934498171,60571.7600930491,54806.9614415207,64795.9458636934,65655.6743280490,58723.7730270872
2026-06-02,58190.2074266902,58961.1151295308,53365.3619250864,63072.9792387618,63909.8469603527,57179.1508708670
2026-06-03,57553.6433643219,58324.5363804846,52867.1681529151,62383.0016854040,63219.8397467868,56645.3540998086
2026-06-04,57504.9139891550,58275.7012592207,52829.5257911319,62330.1834734583,63166.9058615428,56605.0216577822
2026-06-05,56990.1182651062,57759.5563117555,52432.7160087337,61772.1917159210,62607.4405271163,56179.8541921528
2026-06-06,56957.6962326080,57727.0461802398,52407.6884368034,61737.0491802023,62572.2017983204,56153.0380451961
2026-06-07,57420.4722351559,58191.0824750028,52764.9523121097,62238.6562960692,63075.1849728825,56535.8334923728
2026-06-08,57375.3867511557,58145.8780851436,52730.1913961805,62189.7877306663,63026.1865485695,56498.5884162433
2026-06-09,57126.1155973739,57895.9474282833,52537.9789832908,61919.6004638581,62755.2790454524,56292.6397015388
2026-06-10,57085.1494430728,57854.8709817133,52506.3678875932,61875.1968769994,62710.7550251392,56258.7695447470
2026-06-11,57481.8872890029,58252.6799937370,52812.5417767227,62305.2246333211,63141.9524150872,56586.8239006647
2026-06-12,57473.4909828321,58244.2616363747,52806.0693073695,62296.1238008521,63132.8274994150,56579.8888816333
2026-06-13,57633.9131338268,58405.1053535642,52929.7370075148,62470.0068264483,63307.1709363684,56712.3943918821
2026-06-14,57866.7695704180,58638.5667885277,53109.1630840561,62722.4020307186,63560.2269433139,56904.6430042529
2026-06-15,57970.3598716971,58742.4217870938,53188.9322406790,62834.6844975059,63672.7985596898,56990.1127971362
2026-06-16,57854.8748930659,58626.6439189285,53100.0292319640,62709.5092823961,63547.3033797914,56894.8564092331
2026-06-17,57647.3281561267,58418.5663888538,52940.2036125965,62484.5474923816,63321.7617667536,56723.6089852114
2026-06-18,57367.1075923896,58137.6184091367,52724.2889622277,62180.8138810641,63017.2336381698,56492.2641733892
2026-06-19,57475.0167477746,58245.8133057049,52807.5001566981,62297.7775943665,63134.5094043998,56581.4219873738
2026-06-20,57612.8826752189,58384.0415377692,52913.7795665556,62447.2117245180,63284.3392235775,56695.2965675231
2026-06-21,57434.3035743968,58204.9976991186,52776.1678238312,62253.6482168269,63090.2681175353,56547.8505156087
2026-06-22,57564.1272062964,58335.1634928678,52876.2590321944,62247.3864066577,63083.9899935970,56543.0797921683
2026-06-23,57330.5067700772,58100.9329499619,52696.2081254972,62247.3353152205,63083.9382254168,56543.0381603681
2026-06-24,57024.5119302181,57715.8955258489,52460.2236829160,62247.2681232808,63083.8701434711,56542.9834090867
2026-06-25,56782.2075218363,57412.5456273126,52273.1961428463,62247.2146313682,63083.8159430194,56542.9398212531
2026-06-26,56840.4187752427,57462.9456112669,52302.3739674712,62247.2275371017,63083.8290196987,56542.9503374786
2026-06-27,56827.3674304930,57451.1965964921,52295.5177325838,62247.2246465143,63083.8260908234,56542.9479820861
2026-06-28,56740.8809768890,57373.3382452165,52250.0795123831,62247.2054872585,63083.8066777894,56542.9323701838
2026-06-29,56872.3998450288,57491.7562339734,52319.2220376589,62247.2346668991,63083.8362439355,56542.9561471884
2026-06-30,56560.4072430304,57210.9130489759,52155.3630330019,62247.1656062118,63083.7662684894,56542.8998731507
2026-07-01,56833.2813860186,57456.6917861458,52299.0161728826,62247.2263410012,63083.8278077550,56542.9493628437
2026-07-02,57127.2438288996,57721.3255815498,52453.4523094553,62247.2914554266,63083.8937846682,56543.0024212743
2026-07-03,57319.1785260653,57894.0135534720,52554.0644968114,62247.3337513753,63083.9366408574,56543.0368860861
2026-07-04,57422.9872593696,57987.3783521668,52608.4028581095,62247.3565507418,63083.9597422180,56543.0554641260
2026-07-05,57515.9948492943,58071.0121187222,52657.0496292292,62247.3769409479,63083.9804025070,56543.0720790633
2026-07-06,57587.5962117641,58135.3856922149,52694.4740825861,62247.3926128531,63083.9962819980,56543.0848492979
2026-07-07,57413.3726461172,57964.8779658991,52587.9760277941,62247.3656729532,63083.9689852596,56543.0628973509
2026-07-08,57138.9658466177,57697.0061954517,52420.8588840045,62247.3225439299,63083.9252849612,56543.0277537134
2026-07-09,57321.9026875340,57877.9130720799,52569.1757302973,62247.3609430368,63083.9641926921,56543.0590431860
2026-07-10,57502.9958673584,58056.8889776408,52714.4103764571,62247.3984381014,63084.0021844059,56543.0895959986
2026-07-11,57437.1432283005,57991.8106055518,52661.6181920987,62247.3848463450,63083.9884126169,56543.0785207713
2026-07-12,57429.6178782890,57984.3735547230,52655.5844653320,62247.3832913584,63083.9868370333,56543.0772536922
2026-07-13,57150.5674074511,57708.5965751091,52431.8417846195,62247.3256227333,63083.9284045455,56543.0302624775
2026-07-14,57683.1585404887,58234.9944243031,52859.1350669465,62247.4362254379,63084.0404722631,56543.1203869764
2026-07-15,57599.2582985657,58150.6643688391,52790.8991015852,62247.4249704470,63084.0290681917,56543.1112158604
2026-07-16,57337.9596796776,57888.3293830046,52578.5645729915,62247.3885807090,63083.9921964453,56543.0815637251
2026-07-17,57366.8736213350,57917.3587383177,52602.0725431836,62247.3926257555,63083.9962950713,56543.0848598267
2026-07-18,57623.7771172498,58175.2869750411,52850.8312083583,62247.4285483182,63084.0326934544,56543.1141312864
2026-07-19,57581.8924950719,58133.0674174804,52820.1555927980,62247.4241651972,63084.0282522758,56543.1105597054
2026-07-20,57770.8031721604,58323.3524996144,52966.7161937174,62247.4451188394,63084.0494834641,56543.1276337561
2026-07-21,58292.4580805910,58849.2205326005,53322.4430505950,62247.4958360913,63084.1008725027,56543.1689606480
2026-07-22,58116.6660675569,58672.0078737918,53219.9215295643,62247.4789502597,63084.0837630061,56543.1552012495
2026-07-23,57710.9990982755,58263.0607460971,52986.2236079354,62247.4398657632,63084.0441608071,56543.1233532962
2026-07-24,57400.2073064112,57949.5392195594,52841.9768941963,62247.4023815972,63084.0061801362,56543.0928093683
2026-07-25,57476.4364992741,58026.4405755875,52877.0695973660,62247.4117048962,63084.0156269291,56543.1004064478
2026-07-26,57808.1343263309,58361.0628707555,53029.6680313332,62247.4522197811,63084.0566784630,56543.1334199550
2026-07-27,57204.4098566453,57751.7926108351,52788.0342268322,62247.3882505725,63083.9918619359,56543.0812947228
2026-07-28,57254.8063457567,57802.6567174534,52803.5908820397,62247.3946019994,63083.9982974920,56543.0864701758
2026-07-29,57277.3469592349,57825.4060658642,52810.9519818047,62247.3973601450,63084.0010921713,56543.0887176477
2026-07-30,57536.0666550327,58086.5215762705,52895.4207301804,62247.4290055039,63084.0331566959,56543.1145038324
2026-07-31,56925.6855881830,57470.4890608303,52696.7177295711,62247.3546822811,63083.9578490082,56543.0539416419
2026-08-01,56906.1172418480,57450.7377889125,52685.7408826219,62247.3520830170,63083.9552153150,56543.0518236344
2026-08-02,57116.3255747885,57662.9313825786,52831.0421260907,62247.3823129419,63083.9858456571,56543.0764564562
