date,dynamic_dispersion,dynamic_prior_median,dynamic_raw_scale,dynamic_smoothed_scale,fixed_panel_dispersion,fixed_panel_raw_scale,fixed_panel_smoothed_scale,brrk0011_scale
2022-12-10,0.0586502582,0.2462670386,1.0000000000,0.9395017443,0.0223727026,1.0000000000,0.9614609563,0.0000001345
2022-12-11,0.0926367738,0.2462406479,1.0000000000,0.9516013954,0.0367791484,1.0000000000,0.9691687650,0.0000001345
2022-12-12,0.0974055980,0.2457527799,1.0000000000,0.9612811164,0.0328786631,1.0000000000,0.9753350120,0.0000001345
2022-12-13,0.1052469292,0.2452649120,1.0000000000,0.9690248931,0.0807225102,1.0000000000,0.9802680096,0.0000001345
2022-12-14,0.1049404451,0.2448447627,1.0000000000,0.9752199145,0.0828060081,1.0000000000,0.9842144077,0.0000001345
2022-12-15,0.0836298819,0.2444246134,1.0000000000,0.9801759316,0.0877682779,1.0000000000,0.9873715262,0.0000001345
2022-12-16,0.1175762651,0.2443744992,1.0000000000,0.9841407453,0.1192457487,0.9806546830,0.9860281575,0.0000001345
2022-12-17,0.1074600749,0.2443243851,1.0000000000,0.9873125962,0.1038827341,1.0000000000,0.9888225260,0.0000001345
2022-12-18,0.1096293014,0.2439835681,1.0000000000,0.9898500770,0.0795112439,1.0000000000,0.9910580208,0.0000001345
2022-12-19,0.1091593831,0.2436427510,1.0000000000,0.9918800616,0.0843583892,1.0000000000,0.9928464167,0.0000001345
2022-12-20,0.1079270991,0.2435509651,1.0000000000,0.9935040493,0.0696208653,1.0000000000,0.9942771333,0.0000001345
2022-12-21,0.1362417688,0.2434591791,1.0000000000,0.9948032394,0.0660756678,1.0000000000,0.9954217067,0.0000001345
2022-12-22,0.0870466378,0.2433258729,1.0000000000,0.9958425915,0.0657133463,1.0000000000,0.9963373653,0.0000001345
2022-12-23,0.0873563151,0.2431925667,1.0000000000,0.9966740732,0.0678417674,1.0000000000,0.9970698923,0.0000001345
2022-12-24,,0.2431843798,1.0000000000,0.9973392586,0.0743237295,1.0000000000,0.9976559138,0.0000001345
2022-12-25,0.2522441049,0.2431843798,0.9640835013,0.9906881071,0.0822259943,1.0000000000,0.9981247310,0.0000001345
2022-12-26,0.1689017405,0.2431925667,1.0000000000,0.9925504857,0.0954570437,1.0000000000,0.9984997848,0.0000001345
2022-12-27,0.1147199759,0.2431843798,1.0000000000,0.9940403886,0.0835397574,1.0000000000,0.9987998279,0.0000001345
2022-12-28,0.1090552046,0.2431761929,1.0000000000,0.9952323108,0.1184858043,0.9764572491,0.9943313121,0.0000001345
2022-12-29,0.1030421147,0.2430966172,1.0000000000,0.9961858487,0.1242999840,0.9308705252,0.9816391547,0.0000001345
2022-12-30,0.1132401194,0.2430170415,1.0000000000,0.9969486789,0.1132223246,1.0000000000,0.9853113238,0.0000001345
2022-12-31,0.1045906002,0.2429950641,1.0000000000,0.9975589432,0.1043637568,1.0000000000,0.9882490590,0.0000001345
2023-01-01,0.0775561986,0.2429730868,1.0000000000,0.9980471545,0.0981160465,1.0000000000,0.9905992472,0.0000001345
2023-01-02,0.0722721492,0.2429618573,1.0000000000,0.9984377236,0.0557626711,1.0000000000,0.9924793978,0.0000001345
2023-01-03,0.0796371271,0.2429506279,1.0000000000,0.9987501789,0.0228929167,1.0000000000,0.9939835182,0.0000001345
2023-01-04,0.0983620355,0.2427987524,1.0000000000,0.9990001431,0.0339219518,1.0000000000,0.9951868146,0.0000001345
2023-01-05,0.0731963434,0.2426468768,1.0000000000,0.9992001145,0.0598275178,1.0000000000,0.9961494517,0.0000001345
2023-01-06,0.1318246345,0.2425030428,1.0000000000,0.9993600916,0.0464912951,1.0000000000,0.9969195613,0.0000001345
2023-01-07,0.1843533055,0.2423592087,1.0000000000,0.9994880733,0.0338303404,1.0000000000,0.9975356491,0.0000001345
2023-01-08,0.2262463886,0.2422707399,1.0000000000,0.9995904586,0.0697972862,1.0000000000,0.9980285193,0.9999999999
2023-01-09,0.1826727572,0.2421822711,1.0000000000,0.9996723669,0.1117662760,1.0000000000,0.9984228154,0.9999999999
2023-01-10,0.2243839269,0.2421114766,1.0000000000,0.9997378935,0.1076152330,1.0000000000,0.9987382523,0.9999999999
2023-01-11,0.2149630945,0.2420406821,1.0000000000,0.9997903148,0.1065174498,1.0000000000,0.9989906019,0.9999999999
2023-01-12,0.2059255400,0.2420301843,1.0000000000,0.9998322519,0.1072518539,1.0000000000,0.9991924815,0.9999999999
2023-01-13,0.2373264305,0.2420196864,1.0000000000,0.9998658015,0.1449636617,0.7902646611,0.9574069174,0.9999999999
2023-01-14,0.2146210392,0.2416758026,1.0000000000,0.9998926412,0.2499360479,0.4586176093,0.8576490558,0.9999999999
2023-01-15,0.2232541955,0.2413319188,1.0000000000,0.9999141129,0.2471573688,0.4640383053,0.7789269057,0.9999999999
2023-01-16,0.2250877758,0.2412600183,1.0000000000,0.9999312904,0.2677984326,0.4284713215,0.7088357888,0.9999999999
2023-01-17,0.2860274180,0.2411881179,0.8432342592,0.9685918841,0.2995454807,0.3832386647,0.6437163640,0.9999999999
2023-01-18,0.2493431617,0.2412600183,0.9675822538,0.9683899581,0.2705520481,0.4245791810,0.5998889274,0.9999999999
2023-01-19,0.3015772783,0.2413319188,0.8002324316,0.9347584528,0.2595571381,0.4428470925,0.5684805604,0.9999999999
2023-01-20,0.3009554745,0.2416758026,0.8030284315,0.9084124485,0.3078911002,0.3733538638,0.5294552211,0.9999999999
2023-01-21,0.2641298331,0.2420196864,0.9162906122,0.9099880813,0.2975659291,0.3863363665,0.5008314502,0.9999999999
2023-01-22,0.2235214646,0.2420301843,1.0000000000,0.9279904650,0.2445687370,0.4707911637,0.4948233929,0.9999999999
2023-01-23,0.2621609006,0.2420196864,0.9231723185,0.9270268357,0.1594192303,0.7233823708,0.5405351885,0.9999999999
2023-01-24,0.2480753419,0.2420301843,0.9756317675,0.9367478221,0.1559623142,0.7406192467,0.5805520001,0.9999999999
2023-01-25,0.2528784925,0.2420406821,0.9571422217,0.9408267020,0.1701027424,0.6801555392,0.6004727079,0.9999999999
2023-01-26,0.2573549409,0.2421114766,0.9407687135,0.9408151043,0.1759831148,0.6574903027,0.6118762269,0.9999999999
2023-01-27,0.2380874019,0.2421822711,1.0000000000,0.9526520834,0.1878843880,0.6159003499,0.6126810515,0.9999999999
2023-01-28,0.2297470030,0.2421114766,1.0000000000,0.9621216667,0.1566821847,0.7390083523,0.6379465116,0.9999999999
2023-01-29,0.2573917188,0.2420406821,0.9403592440,0.9577691822,0.1328789157,0.8719278408,0.6847427775,0.9999999999
2023-01-30,0.2279927086,0.2421114766,1.0000000000,0.9662153458,0.1218633840,0.9520460050,0.7382034230,0.9999999999
2023-01-31,0.3253916221,0.2420406821,0.7438442347,0.9217411235,0.1268283390,0.9160276852,0.7737682754,0.9999999999
2023-02-01,0.3025920518,0.2421114766,0.8001250368,0.8974179062,0.1312198401,0.8855776597,0.7961301523,0.9999999999
2023-02-02,0.3092935391,0.2421822711,0.7830175561,0.8745378362,0.0864404694,1.0000000000,0.8369041218,0.9999999999
2023-02-03,0.3053924298,0.2422707399,0.7933095789,0.8582921847,0.0366900828,1.0000000000,0.8695232975,0.9999999999
2023-02-04,0.3330272378,0.2423592087,0.7277459054,0.8321829289,0.0205822399,1.0000000000,0.8956186380,0.9999999999
2023-02-05,0.3353767903,0.2425030428,0.7230764017,0.8103616234,0.0391751795,1.0000000000,0.9164949104,0.9999999999
2023-02-06,0.3206814833,0.2426468768,0.7566600800,0.7996213147,0.0384549155,1.0000000000,0.9331959283,0.9999999999
2023-02-07,0.3290456720,0.2427987524,0.7378876948,0.7872745907,0.0329957778,1.0000000000,0.9465567426,0.9999999245
2023-02-08,0.2729297853,0.2429506279,0.8901579856,0.8078512697,0.0363080954,1.0000000000,0.9572453941,0.9999999245
2023-02-09,0.2273579518,0.2429618573,1.0000000000,0.8462810158,0.0840196744,1.0000000000,0.9657963153,0.9999999245
2023-02-10,0.2857699479,0.2429506279,0.8501615711,0.8470571268,0.0807188775,1.0000000000,0.9726370522,0.9999999245
2023-02-11,0.2871767661,0.2429618573,0.8460359124,0.8468528840,0.0631321668,1.0000000000,0.9781096418,0.9999999245
2023-02-12,0.2439686718,0.2429730868,0.9959192094,0.8766661491,0.0610500627,1.0000000000,0.9824877134,0.9999999245
2023-02-13,0.2199529626,0.2429950641,1.0000000000,0.9013329192,0.0355844237,1.0000000000,0.9859901707,0.9999999245
2023-02-14,0.2729137576,0.2429730868,0.8902925559,0.8991248466,0.0372074552,1.0000000000,0.9887921366,0.9999999245
2023-02-15,0.2496060770,0.2429950641,0.9735142152,0.9140027203,0.0370356309,1.0000000000,0.9910337093,0.9999999245
2023-02-16,0.2810388593,0.2430170415,0.8647097491,0.9041441261,0.0537360771,1.0000000000,0.9928269674,0.9999999245
2023-02-17,0.2382617004,0.2430966172,1.0000000000,0.9233153008,0.0521819308,1.0000000000,0.9942615739,0.9999999245
2023-02-18,0.2768696349,0.2430170415,0.8777309278,0.9141984262,0.0590873156,1.0000000000,0.9954092591,0.9999999245
2023-02-19,0.3155484898,0.2430966172,0.7703938540,0.8854375118,0.0359571725,1.0000000000,0.9963274073,0.9999999245
2023-02-20,0.3775099864,0.2431761929,0.6441583048,0.8371816704,0.0472037464,1.0000000000,0.9970619259,0.9999999245
2023-02-21,0.3900817211,0.2431843798,0.6234190597,0.7944291483,0.0312747426,1.0000000000,0.9976495407,0.9999999245
2023-02-22,0.3901124181,0.2431925667,0.6233909903,0.7602215167,0.0270977605,1.0000000000,0.9981196325,0.9999999245
2023-02-23,0.4316781978,0.2433258729,0.5636742234,0.7209120580,0.0386192842,1.0000000000,0.9984957060,0.9999999245
2023-02-24,0.3888332564,0.2434591791,0.6261274598,0.7019551384,0.0339923158,1.0000000000,0.9987965648,0.9999999245
2023-02-25,0.3752218709,0.2435509651,0.6490852052,0.6913811517,0.0342756484,1.0000000000,0.9990372519,0.9999999245
2023-02-26,0.3873864308,0.2436427510,0.6289398173,0.6788928849,0.0382842206,1.0000000000,0.9992298015,0.9999999245
2023-02-27,0.3858457505,0.2438057114,0.6318735171,0.6694890113,0.0384601648,1.0000000000,0.9993838412,0.9999999245
2023-02-28,0.3420290368,0.2439686718,0.7132981284,0.6782508347,0.0353000671,1.0000000000,0.9995070730,0.9999999245
2023-03-01,0.4251803342,0.2441465285,0.5742187698,0.6574444218,0.0484932211,1.0000000000,0.9996056584,0.9999999245
2023-03-02,0.3874717627,0.2443243851,0.6305604915,0.6520676357,0.0557118903,1.0000000000,0.9996845267,0.9999999245
2023-03-03,0.3838202404,0.2443744992,0.6366899749,0.6489921035,0.0399313190,1.0000000000,0.9997476214,0.9999999245
2023-03-04,0.3893290022,0.2444246134,0.6278099295,0.6447556687,0.0442117574,1.0000000000,0.9997980971,0.9999999245
2023-03-05,0.4353646173,0.2448447627,0.5623901276,0.6282825605,0.0247136989,1.0000000000,0.9998384777,0.9999999245
2023-03-06,0.4413905234,0.2452649120,0.5556641999,0.6137588884,0.0281985862,1.0000000000,0.9998707821,0.9999999245
2023-03-07,0.3648057748,0.2457527799,0.6736537547,0.6257378616,0.0421802398,1.0000000000,0.9998966257,0.9999999245
2023-03-08,0.2209721184,0.2462406479,1.0000000000,0.7005902893,0.0724543530,1.0000000000,0.9999173006,0.9999999245
2023-03-09,0.2326171125,0.2457527799,1.0000000000,0.7604722315,0.0837281271,1.0000000000,0.9999338405,1.0000000000
2023-03-10,0.1991104773,0.2452649120,1.0000000000,0.8083777852,0.0721220883,1.0000000000,0.9999470724,1.0000000000
2023-03-11,0.1657862497,0.2448447627,1.0000000000,0.8467022281,0.0967595811,1.0000000000,0.9999576579,1.0000000000
2023-03-12,0.1995491022,0.2444246134,1.0000000000,0.8773617825,0.0799630536,1.0000000000,0.9999661263,1.0000000000
2023-03-13,0.1741522007,0.2443744992,1.0000000000,0.9018894260,0.0856496276,1.0000000000,0.9999729010,1.0000000000
2023-03-14,0.1616862537,0.2443243851,1.0000000000,0.9215115408,0.0730296376,1.0000000000,0.9999783208,1.0000000000
2023-03-15,0.1410278126,0.2441465285,1.0000000000,0.9372092326,0.0961815481,1.0000000000,0.9999826567,1.0000000000
2023-03-16,0.1633083287,0.2439686718,1.0000000000,0.9497673861,0.1017505590,1.0000000000,0.9999861253,1.0000000000
2023-03-17,0.1845587247,0.2438057114,1.0000000000,0.9598139089,0.0847791126,1.0000000000,0.9999889003,1.0000000000
2023-03-18,0.1912559865,0.2436427510,1.0000000000,0.9678511271,0.0869954002,1.0000000000,0.9999911202,1.0000000000
2023-03-19,0.1873367919,0.2435509651,1.0000000000,0.9742809017,0.0808261545,1.0000000000,0.9999928962,1.0000000000
2023-03-20,0.1844082657,0.2434591791,1.0000000000,0.9794247214,0.0750137056,1.0000000000,0.9999943169,1.0000000000
2023-03-21,0.1591759429,0.2433258729,1.0000000000,0.9835397771,0.0799923260,1.0000000000,0.9999954536,1.0000000000
2023-03-22,0.1555193266,0.2431925667,1.0000000000,0.9868318217,0.0664947228,1.0000000000,0.9999963628,1.0000000000
2023-03-23,0.1898530038,0.2431843798,1.0000000000,0.9894654573,0.0726320553,1.0000000000,0.9999970903,1.0000000000
2023-03-24,0.2032133130,0.2431761929,1.0000000000,0.9915723659,0.0796024297,1.0000000000,0.9999976722,1.0000000000
2023-03-25,0.1770235848,0.2430966172,1.0000000000,0.9932578927,0.0912469340,1.0000000000,0.9999981378,1.0000000000
2023-03-26,0.2340948853,0.2430170415,1.0000000000,0.9946063142,0.0795222088,1.0000000000,0.9999985102,1.0000000000
2023-03-27,0.2168943621,0.2429950641,1.0000000000,0.9956850513,0.1007627197,1.0000000000,0.9999988082,1.0000000000
2023-03-28,0.2353734476,0.2429730868,1.0000000000,0.9965480411,0.0822519059,1.0000000000,0.9999990465,1.0000000000
2023-03-29,0.2665383809,0.2429618573,0.9115454838,0.9795475296,0.1039702288,1.0000000000,0.9999992372,1.0000000000
2023-03-30,0.2548810863,0.2429730868,0.9532801757,0.9742940588,0.1102898547,0.9999423272,0.9999878552,1.0000000000
2023-03-31,0.3012875831,0.2429950641,0.8065220001,0.9407396471,0.1099779140,1.0000000000,0.9999902842,1.0000000000
2023-04-01,0.2624514621,0.2430170415,0.9259504196,0.9377818016,0.1146503238,0.9619117530,0.9923745779,1.0000000000
2023-04-02,0.3254343583,0.2430966172,0.7469912473,0.8996236907,0.1333210263,0.8272264127,0.9593449449,1.0000000000
2023-04-03,0.3124354505,0.2431761929,0.7783245866,0.8753638699,0.1225642488,0.8998533893,0.9474466338,1.0000000000
2023-04-04,0.2767812233,0.2431843798,0.8786158861,0.8760142731,0.1202851398,0.9185650498,0.9416703170,1.0000000000
2023-04-05,0.2422778676,0.2431925667,1.0000000000,0.9008114185,0.1361779863,0.8128303198,0.9159023176,1.0000000000
2023-04-06,0.2484885841,0.2431843798,0.9786541327,0.9163799613,0.1417607132,0.7809241463,0.8889066833,1.0000000000
2023-04-07,0.2822481976,0.2431925667,0.8616266420,0.9054292975,0.1505499396,0.7354312595,0.8582115985,1.0000000000
2023-04-08,0.3671933918,0.2433258729,0.6626640848,0.8568762549,0.1450571533,0.7634474138,0.8392587616,1.0000000000
2023-04-09,0.3280711939,0.2434591791,0.7420925202,0.8339195080,0.1551270301,0.7140463222,0.8142162737,1.0000000000
2023-04-10,0.2573763482,0.2435509651,0.9462833970,0.8563922858,0.0748060220,1.0000000000,0.8513730190,1.0000000000
2023-04-11,0.2927848347,0.2436427510,0.8321563215,0.8515450929,0.0724170016,1.0000000000,0.8810984152,1.0000000000
2023-04-12,0.2307684615,0.2438057114,1.0000000000,0.8812360743,0.0566467593,1.0000000000,0.9048787321,1.0000000000
2023-04-13,0.1228063258,0.2436427510,1.0000000000,0.9049888595,0.0703361712,1.0000000000,0.9239029857,1.0000000000
2023-04-14,0.2750427576,0.2435509651,0.8855021931,0.9010915262,0.0724458980,1.0000000000,0.9391223886,1.0000000000
2023-04-15,0.3397744799,0.2436427510,0.7170719564,0.8642876122,0.0621034399,1.0000000000,0.9512979109,1.0000000000
2023-04-16,0.2771454512,0.2438057114,0.8797030959,0.8673707090,0.0695178028,1.0000000000,0.9610383287,1.0000000000
2023-04-17,0.2886983058,0.2439686718,0.8450644390,0.8629094550,0.0750763951,1.0000000000,0.9688306630,1.0000000000
2023-04-18,0.2996891938,0.2441465285,0.8146657721,0.8532607184,0.0747197557,1.0000000000,0.9750645304,1.0000000000
2023-04-19,0.2939033934,0.2443243851,0.8313084864,0.8488702720,0.0685594346,1.0000000000,0.9800516243,1.0000000000
2023-04-20,0.3291062998,0.2443744992,0.7425397185,0.8276041613,0.0735407103,1.0000000000,0.9840412994,1.0000000000
2023-04-21,0.3317924615,0.2444246134,0.7366792250,0.8094191740,0.0617890968,1.0000000000,0.9872330395,1.0000000000
2023-04-22,0.4131072823,0.2448447627,0.5926905023,0.7660734397,0.0652332245,1.0000000000,0.9897864316,1.0000000000
2023-04-23,0.3853830286,0.2452649120,0.6364185597,0.7401424637,0.0526148113,1.0000000000,0.9918291453,1.0000000000
2023-04-24,0.1527376522,0.2457527799,1.0000000000,0.7921139710,0.0557108473,1.0000000000,0.9934633162,1.0000000000
2023-04-25,0.2004227988,0.2452649120,1.0000000000,0.8336911768,0.0580577590,1.0000000000,0.9947706530,1.0000000000
2023-04-26,0.1760799004,0.2448447627,1.0000000000,0.8669529414,0.0539182475,1.0000000000,0.9958165224,1.0000000000
2023-04-27,0.1962222994,0.2444246134,1.0000000000,0.8935623531,0.0716420387,1.0000000000,0.9966532179,1.0000000000
2023-04-28,0.2117640325,0.2443744992,1.0000000000,0.9148498825,0.0729661944,1.0000000000,0.9973225743,1.0000000000
2023-04-29,0.1866695797,0.2443243851,1.0000000000,0.9318799060,0.0673861149,1.0000000000,0.9978580595,1.0000000000
2023-04-30,0.2194606464,0.2441465285,1.0000000000,0.9455039248,0.0711830488,1.0000000000,0.9982864476,1.0000000000
2023-05-01,0.2269783611,0.2439686718,1.0000000000,0.9564031398,0.0466965416,1.0000000000,0.9986291581,1.0000000000
2023-05-02,0.2668634822,0.2438057114,0.9135971300,0.9478419379,0.0348307898,1.0000000000,0.9989033264,1.0000000000
2023-05-03,0.2552844442,0.2439686718,0.9556738665,0.9494083236,0.0422118714,1.0000000000,0.9991226612,1.0000000000
2023-05-04,0.3266905590,0.2441465285,0.7473326724,0.9089931934,0.0499171900,1.0000000000,0.9992981289,1.0000000000
2023-05-05,0.2646957323,0.2443243851,0.9230386264,0.9118022800,0.0338841267,1.0000000000,0.9994385031,1.0000000000
2023-05-06,0.2138515306,0.2443744992,1.0000000000,0.9294418240,0.0389134403,1.0000000000,0.9995508025,1.0000000000
2023-05-07,0.2020337092,0.2443243851,1.0000000000,0.9435534592,0.0423314572,1.0000000000,0.9996406420,1.0000000000
2023-05-08,0.1771610229,0.2441465285,1.0000000000,0.9548427673,0.0567298227,1.0000000000,0.9997125136,1.0000000000
2023-05-09,0.0680066415,0.2439686718,1.0000000000,0.9638742139,0.0435802249,1.0000000000,0.9997700109,1.0000000000
2023-05-10,0.1111927415,0.2438057114,1.0000000000,0.9710993711,0.0342962100,1.0000000000,0.9998160087,1.0000000000
2023-05-11,0.1292873106,0.2436427510,1.0000000000,0.9768794969,0.0209340837,1.0000000000,0.9998528070,1.0000000000
2023-05-12,0.1411672397,0.2435509651,1.0000000000,0.9815035975,0.0252341616,1.0000000000,0.9998822456,1.0000000000
2023-05-13,0.0491092177,0.2434591791,1.0000000000,0.9852028780,0.0268218086,1.0000000000,0.9999057965,1.0000000000
2023-05-14,0.0399831392,0.2433258729,1.0000000000,0.9881623024,0.0273425140,1.0000000000,0.9999246372,1.0000000000
2023-05-15,0.0683355689,0.2431925667,1.0000000000,0.9905298419,0.0278085792,1.0000000000,0.9999397097,1.0000000000
2023-05-16,0.0954284237,0.2431843798,1.0000000000,0.9924238735,0.0151155484,1.0000000000,0.9999517678,1.0000000000
2023-05-17,0.0711400673,0.2431761929,1.0000000000,0.9939390988,0.0125597081,1.0000000000,0.9999614142,1.0000000000
2023-05-18,0.0759453293,0.2430966172,1.0000000000,0.9951512791,0.0406538141,1.0000000000,0.9999691314,1.0000000000
2023-05-19,0.0929130356,0.2430170415,1.0000000000,0.9961210233,0.0423628323,1.0000000000,0.9999753051,1.0000000000
2023-05-20,0.0587963240,0.2429950641,1.0000000000,0.9968968186,0.0444611793,1.0000000000,0.9999802441,1.0000000000
2023-05-21,0.0719666816,0.2429730868,1.0000000000,0.9975174549,0.0412013077,1.0000000000,0.9999841953,1.0000000000
2023-05-22,0.0927541344,0.2429618573,1.0000000000,0.9980139639,0.0478053426,1.0000000000,0.9999873562,1.0000000000
2023-05-23,0.1480866599,0.2429506279,1.0000000000,0.9984111711,0.0410757664,1.0000000000,0.9999898850,1.0000000000
2023-05-24,0.3081465539,0.2427987524,0.7879327201,0.9563154809,0.0417091064,1.0000000000,0.9999919080,1.0000000000
2023-05-25,0.3087481001,0.2429506279,0.7868894670,0.9224302781,0.0520750064,1.0000000000,0.9999935264,1.0000000000
2023-05-26,0.3487367984,0.2429618573,0.6966911965,0.8772824618,0.0537923806,1.0000000000,0.9999948211,1.0000000000
2023-05-27,0.2079542438,0.2429730868,1.0000000000,0.9018259694,0.0444664211,1.0000000000,0.9999958569,1.0000000000
2023-05-28,0.2686054827,0.2429618573,0.9045305215,0.9023668798,0.0478881044,1.0000000000,0.9999966855,1.0000000000
2023-05-29,0.2220419555,0.2429730868,1.0000000000,0.9218935039,0.0621884645,1.0000000000,0.9999973484,1.0000000000
2023-05-30,0.2257213904,0.2429618573,1.0000000000,0.9375148031,0.0817646080,1.0000000000,0.9999978787,1.0000000000
2023-05-31,0.2616180631,0.2429506279,0.9286462298,0.9357410884,0.0846828396,1.0000000000,0.9999983030,1.0000000000
2023-06-01,0.2405952916,0.2429618573,1.0000000000,0.9485928708,0.0752049084,1.0000000000,0.9999986424,1.0000000000
2023-06-02,0.2281354762,0.2429506279,1.0000000000,0.9588742966,0.0891307283,1.0000000000,0.9999989139,1.0000000000
2023-06-03,0.1741023489,0.2427987524,1.0000000000,0.9670994373,0.0867475484,1.0000000000,0.9999991311,1.0000000000
2023-06-04,0.1581888659,0.2426468768,1.0000000000,0.9736795498,0.0998268171,1.0000000000,0.9999993049,1.0000000000
2023-06-05,0.1884895954,0.2425030428,1.0000000000,0.9789436399,0.0949661243,1.0000000000,0.9999994439,1.0000000000
2023-06-06,0.1474808491,0.2423592087,1.0000000000,0.9831549119,0.1025734252,1.0000000000,0.9999995551,1.0000000000
2023-06-07,0.1449807369,0.2423185381,1.0000000000,0.9865239295,0.1113896532,0.9573680443,0.9914732530,0.9999330164
2023-06-08,0.0982987971,0.2422778676,1.0000000000,0.9892191436,0.1038247076,1.0000000000,0.9931786024,0.9999330164
2023-06-09,0.1111862825,0.2422300693,1.0000000000,0.9913753149,0.1284511709,0.8302057018,0.9605840223,0.9999330164
2023-06-10,0.1381786450,0.2421822711,1.0000000000,0.9931002519,0.1484565778,0.7190842194,0.9122840617,0.9999330164
2023-06-11,0.1659971207,0.2421114766,1.0000000000,0.9944802015,0.1599030651,0.6680008524,0.8634274198,0.9999330164
2023-06-12,0.2286402920,0.2420406821,1.0000000000,0.9955841612,0.1765314409,0.6054331435,0.8118285646,0.9999330164
2023-06-13,0.1909846892,0.2420301843,1.0000000000,0.9964673290,0.1593914015,0.6705685194,0.7835765555,0.9999330164
2023-06-14,0.2314002505,0.2420196864,1.0000000000,0.9971738632,0.1412382209,0.7567903809,0.7782193206,0.9999330164
2023-06-15,0.1847712802,0.2416758026,1.0000000000,0.9977390905,0.1320273877,0.8109665144,0.7847687594,0.9999330164
2023-06-16,0.1717700706,0.2413319188,1.0000000000,0.9981912724,0.1374331054,0.7803931487,0.7838936372,0.9999330164
2023-06-17,0.1422323366,0.2412600183,1.0000000000,0.9985530179,0.1225670636,0.8761730529,0.8023495204,0.9999330164
2023-06-18,0.1283374080,0.2411881179,1.0000000000,0.9988424144,0.1198351236,0.8973000527,0.8213396268,0.9999330164
2023-06-19,0.1424765565,0.2411491706,1.0000000000,0.9990739315,0.1145330179,0.9392195350,0.8449156085,0.9999330164
2023-06-20,0.1576060090,0.2411102232,1.0000000000,0.9992591452,0.1157723454,0.9295417882,0.8618408444,0.9999330164
2023-06-21,0.1662331098,0.2408527574,1.0000000000,0.9994073162,0.1326882563,0.8112205661,0.8517167888,0.9999330164
2023-06-22,0.1817675366,0.2405952916,1.0000000000,0.9995258529,0.1476518433,0.7291724191,0.8272079148,0.9999330164
2023-06-23,0.1739714514,0.2405525081,1.0000000000,0.9996206823,0.1490296455,0.7224499942,0.8062563307,0.9999330164
2023-06-24,0.2151937634,0.2405097246,1.0000000000,0.9996965459,0.1653848906,0.6510224781,0.7752095602,0.9999330164
2023-06-25,0.1868801455,0.2404267655,1.0000000000,0.9997572367,0.1393883968,0.7732790643,0.7748234610,0.9999330164
2023-06-26,0.1944045854,0.2403438064,1.0000000000,0.9998057894,0.1317350723,0.8190907321,0.7836769152,0.9999330164
2023-06-27,0.2470951803,0.2403022124,0.9725086993,0.9943463713,0.1098987165,0.9818589910,0.8233133304,0.9999330164
2023-06-28,0.2657873969,0.2403438064,0.9042708917,0.9763312754,0.1195153422,0.9028724432,0.8392251529,0.9999330164
2023-06-29,0.2839939549,0.2404267655,0.8465911381,0.9503832480,0.1095851880,0.9848477560,0.8683496736,0.9999330164
2023-06-30,0.2557451542,0.2405097246,0.9404272992,0.9483920582,0.1084405368,0.9954058432,0.8937609075,0.9999330164
2023-07-01,0.2390149827,0.2405525081,1.0000000000,0.9587136466,0.1119072215,0.9650912921,0.9080269844,0.9999330164
2023-07-02,0.3372966245,0.2405097246,0.7130510866,0.9095811346,0.1225766938,0.8815625765,0.9027341028,0.9999330164
2023-07-03,0.3922892511,0.2405525081,0.6132018847,0.8503052846,0.1252327515,0.8629595743,0.8947791971,0.9999330164
2023-07-04,0.3500986381,0.2405952916,0.6872214440,0.8176885165,0.1157869661,0.9334606600,0.9025154897,0.9999330164
2023-07-05,0.3871133695,0.2408527574,0.6221762833,0.7785860698,0.1096957089,0.9869260923,0.9193976102,0.9999330164
2023-07-06,0.4255384735,0.2411102232,0.5666002918,0.7361889142,0.1165163175,0.9306897021,0.9216560286,0.9999330164
2023-07-07,0.5106099562,0.2411491706,0.4722766716,0.6834064657,0.1439786259,0.7534450013,0.8880138231,1.0000000000
2023-07-08,0.4618686759,0.2411881179,0.5222006395,0.6511653004,0.1560680351,0.6953340264,0.8494778638,1.0000000000
2023-07-09,0.4688553889,0.2412600183,0.5145723480,0.6238467100,0.1353406215,0.8019100305,0.8399642971,1.0000000000
2023-07-10,0.4428936365,0.2413319188,0.5448981401,0.6080569960,0.1091091948,0.9948069811,0.8709328339,1.0000000000
2023-07-11,0.4165207760,0.2416758026,0.5802250848,0.6024906137,0.1176545775,0.9232523563,0.8813967384,1.0000000000
2023-07-12,0.3282755482,0.2420196864,0.7372455481,0.6294416006,0.1287581428,0.8442739286,0.8739721764,1.0000000000
2023-07-13,0.2962836116,0.2420301843,0.8168868437,0.6669306492,0.2288569009,0.4750467710,0.7941870953,1.0000000000
2023-07-14,0.2946789811,0.2420406821,0.8213707039,0.6978186602,0.2250211627,0.4831915324,0.7319879827,1.0000000000
2023-07-15,0.2018787530,0.2421114766,1.0000000000,0.7582549281,0.2277998525,0.4781335740,0.6812171010,1.0000000000
2023-07-16,0.2329885350,0.2420406821,1.0000000000,0.8066039425,0.2557606779,0.4266066061,0.6302950020,1.0000000000
2023-07-17,0.1683648574,0.2420301843,1.0000000000,0.8452831540,0.2437031886,0.4477216316,0.5937803279,1.0000000000
2023-07-18,0.1379792406,0.2420196864,1.0000000000,0.8762265232,0.2579848028,0.4229442295,0.5596131082,1.0000000000
2023-07-19,0.1803821470,0.2416758026,1.0000000000,0.9009812186,0.2550775362,0.4279963104,0.5332897487,1.0000000000
2023-07-20,0.2481875599,0.2413319188,0.9723771767,0.9152604102,0.2428683547,0.4497551985,0.5165828386,1.0000000000
2023-07-21,0.1817638253,0.2416758026,1.0000000000,0.9322083282,0.2376567308,0.4598896153,0.5052441940,1.0000000000
2023-07-22,0.2611669754,0.2413319188,0.9240522021,0.9305771029,0.2032845387,0.5379672285,0.5117888009,1.0000000000
2023-07-23,0.2243371948,0.2416758026,1.0000000000,0.9444616824,0.2055626167,0.5325521037,0.5159414614,1.0000000000
2023-07-24,0.1308987628,0.2413319188,1.0000000000,0.9555693459,0.1856357189,0.5903238269,0.5308179345,1.0000000000
2023-07-25,0.1316521143,0.2412600183,1.0000000000,0.9644554767,0.1904636096,0.5756503759,0.5397844228,1.0000000000
2023-07-26,0.2164506247,0.2411881179,1.0000000000,0.9715643814,0.1962220233,0.5590387208,0.5436352824,1.0000000000
2023-07-27,0.1935594024,0.2411491706,1.0000000000,0.9772515051,0.1881356195,0.5836067249,0.5516295709,1.0000000000
2023-07-28,0.2479405460,0.2411102232,0.9724517718,0.9762915584,0.1816301752,0.6050686040,0.5623173775,1.0000000000
2023-07-29,0.2280002797,0.2411491706,1.0000000000,0.9810332467,0.1824105161,0.6026972437,0.5703933507,1.0000000000
2023-07-30,0.1955207648,0.2411102232,1.0000000000,0.9848265974,0.1787356565,0.6153104318,0.5793767670,1.0000000000
2023-07-31,0.1966510350,0.2408527574,1.0000000000,0.9878612779,0.1794649166,0.6128583479,0.5860730832,1.0000000000
2023-08-01,0.1851474981,0.2405952916,1.0000000000,0.9902890223,0.1772501089,0.6205650946,0.5929714855,1.0000000000
2023-08-02,0.1786961826,0.2405525081,1.0000000000,0.9922312179,0.0447609031,1.0000000000,0.6743771884,1.0000000000
2023-08-03,0.1497229181,0.2405097246,1.0000000000,0.9937849743,0.0542951945,1.0000000000,0.7395017507,1.0000000000
2023-08-04,0.2843793803,0.2404267655,0.8454437352,0.9641167265,0.0640932477,1.0000000000,0.7916014006,1.0000000000
2023-08-05,0.3855236238,0.2405097246,0.6238521060,0.8960638024,0.0870083109,1.0000000000,0.8332811204,1.0000000000
2023-08-06,0.3683967369,0.2405525081,0.6529713323,0.8474453084,0.0721850561,1.0000000000,0.8666248964,0.9999999997
2023-08-07,0.2818985717,0.2405952916,0.8534817689,0.8486526005,0.0909715566,1.0000000000,0.8932999171,0.9999999997
2023-08-08,0.2319515765,0.2408527574,1.0000000000,0.8789220804,0.1066545168,1.0000000000,0.9146399337,0.9999999997
2023-08-09,0.2081290757,0.2405952916,1.0000000000,0.9031376643,0.0887485237,1.0000000000,0.9317119469,0.9999999997
2023-08-10,0.2827917341,0.2405525081,0.8506348634,0.8926371041,0.0799234674,1.0000000000,0.9453695575,0.9999999997
2023-08-11,0.3197160169,0.2405952916,0.7525281154,0.8646153064,0.0641581263,1.0000000000,0.9562956460,0.9999999997
2023-08-12,0.2240098271,0.2408527574,1.0000000000,0.8916922451,0.0685231348,1.0000000000,0.9650365168,0.9999999997
2023-08-13,0.2509695321,0.2405952916,0.9586633471,0.9050864655,0.0582656539,1.0000000000,0.9720292135,0.9999999997
2023-08-14,0.2231611847,0.2408527574,1.0000000000,0.9240691724,0.0684089268,1.0000000000,0.9776233708,0.9999999997
2023-08-15,0.2043916288,0.2405952916,1.0000000000,0.9392553379,0.0640085594,1.0000000000,0.9820986966,0.9999999997
2023-08-16,0.2220253437,0.2405525081,1.0000000000,0.9514042703,0.0727419998,1.0000000000,0.9856789573,0.9999999997
2023-08-17,0.2018354076,0.2405097246,1.0000000000,0.9611234163,0.1037932115,1.0000000000,0.9885431658,0.9999999997
2023-08-18,0.2925255014,0.2404267655,0.8219001911,0.9332787712,0.0962853107,1.0000000000,0.9908345327,0.9999999997
2023-08-19,0.3634938296,0.2405097246,0.6616610930,0.8789552356,0.0871296961,1.0000000000,0.9926676261,0.9999999997
2023-08-20,0.3205828425,0.2405525081,0.7503598953,0.8532361675,0.0717532123,1.0000000000,0.9941341009,0.9999999997
2023-08-21,0.4135299044,0.2405952916,0.5818086892,0.7989506719,0.0758430786,1.0000000000,0.9953072807,0.9999999997
2023-08-22,0.3443017488,0.2408527574,0.6995397445,0.7790684864,0.0689930493,1.0000000000,0.9962458246,0.9999999997
2023-08-23,0.3402483142,0.2411102232,0.7086301772,0.7649808246,0.0675187235,1.0000000000,0.9969966597,0.9999999997
2023-08-24,0.2456168051,0.2411491706,0.9818105502,0.8083467697,0.0492686237,1.0000000000,0.9975973277,0.9999999997
2023-08-25,0.3462330551,0.2411881179,0.6966062725,0.7859986702,0.0325256302,1.0000000000,0.9980778622,0.9999999997
2023-08-26,,0.2412600183,1.0000000000,0.8287989362,0.0286679081,1.0000000000,0.9984622897,0.9999999997
2023-08-27,0.1510035028,0.2412600183,1.0000000000,0.8630391490,0.0316705002,1.0000000000,0.9987698318,0.9999999997
2023-08-28,0.3885259029,0.2411881179,0.6207774465,0.8145868085,0.0383450261,1.0000000000,0.9990158654,0.9999999997
2023-08-29,0.2552699156,0.2412600183,0.9451173193,0.8406929106,0.0467024674,1.0000000000,0.9992126924,0.9999999997
2023-08-30,0.2057080341,0.2413319188,1.0000000000,0.8725543285,0.0528017687,1.0000000000,0.9993701539,0.9999999997
2023-08-31,0.2469404437,0.2412600183,0.9769967798,0.8934428188,0.0567373265,1.0000000000,0.9994961231,0.9999999997
2023-09-01,0.2762041985,0.2413319188,0.8737445703,0.8895031691,0.0648597115,1.0000000000,0.9995968985,0.9999999997
2023-09-02,0.2382545996,0.2416758026,1.0000000000,0.9116025353,0.0568263960,1.0000000000,0.9996775188,0.9999999997
2023-09-03,0.3534093844,0.2413319188,0.6828678847,0.8658556051,0.0665014613,1.0000000000,0.9997420150,0.9999999997
2023-09-04,0.2600594465,0.2416758026,0.9293098400,0.8785464521,0.0462472174,1.0000000000,0.9997936120,0.9999999997
2023-09-05,0.3080256270,0.2420196864,0.7857128279,0.8599797273,0.0273404031,1.0000000000,0.9998348896,0.9999999397
2023-09-06,0.3427853291,0.2420301843,0.7060692618,0.8291976342,0.0363671146,1.0000000000,0.9998679117,0.9999999397
2023-09-07,0.4469823819,0.2420406821,0.5414993789,0.7716579831,0.0315993656,1.0000000000,0.9998943294,0.9999999397
2023-09-08,0.3598392395,0.2421114766,0.6728323375,0.7518928540,0.0428808834,1.0000000000,0.9999154635,0.9999999397
2023-09-09,0.3205702442,0.2421822711,0.7554733337,0.7526089499,0.0436607408,1.0000000000,0.9999323708,0.9999999397
2023-09-10,0.3245524063,0.2422300693,0.7463511734,0.7513573946,0.0622382134,1.0000000000,0.9999458966,0.9999999397
2023-09-11,0.2455305638,0.2422778676,0.9867523772,0.7984363912,0.0518003374,1.0000000000,0.9999567173,0.9999999397
2023-09-12,0.0946444708,0.2423185381,1.0000000000,0.8387491129,0.0705670869,1.0000000000,0.9999653738,0.9999999397
2023-09-13,0.4087688384,0.2422778676,0.5927014117,0.7895395727,0.0523480206,1.0000000000,0.9999722991,0.9999999397
2023-09-14,0.3925082917,0.2423185381,0.6173590298,0.7551034641,0.0404403212,1.0000000000,0.9999778393,0.9999999397
2023-09-15,0.5240629908,0.2423592087,0.4624619806,0.6965751674,0.0323132637,1.0000000000,0.9999822714,0.9999999397
2023-09-16,0.4869921479,0.2425030428,0.4979608886,0.6568523117,0.0381739728,1.0000000000,0.9999858171,0.9999999397
2023-09-17,0.3312328394,0.2426468768,0.7325568240,0.6719932141,0.0416649248,1.0000000000,0.9999886537,0.9999999397
2023-09-18,0.3638824714,0.2427987524,0.6672449801,0.6710435673,0.0262843234,1.0000000000,0.9999909230,0.9999999397
2023-09-19,0.3468226541,0.2429506279,0.7005039176,0.6769356374,0.0142222466,1.0000000000,0.9999927384,0.9999999397
2023-09-20,0.3581494447,0.2429618573,0.6783812203,0.6772247540,0.0253274378,1.0000000000,0.9999941907,0.9999999397
2023-09-21,0.1549526023,0.2429730868,1.0000000000,0.7417798032,0.0232920495,1.0000000000,0.9999953526,0.9999999397
2023-09-22,0.4619840619,0.2429618573,0.5259096090,0.6986057643,0.0246002454,1.0000000000,0.9999962820,0.9999999397
2023-09-23,0.2957144524,0.2429730868,0.8216476564,0.7232141427,0.0194595432,1.0000000000,0.9999970256,0.9999999397
2023-09-24,0.3506868072,0.2429950641,0.6929119064,0.7171536955,0.0198893510,1.0000000000,0.9999976205,0.9999999397
2023-09-25,0.1237835704,0.2430170415,1.0000000000,0.7737229564,0.0249963923,1.0000000000,0.9999980964,0.9999999397
2023-09-26,0.4756844019,0.2429950641,0.5108325250,0.7211448701,0.0193234089,1.0000000000,0.9999984771,0.9999999397
2023-09-27,0.3330886496,0.2430170415,0.7295866786,0.7228332318,0.0172899355,1.0000000000,0.9999987817,0.9999999397
2023-09-28,0.2865119362,0.2430966172,0.8484694230,0.7479604700,0.0155649021,1.0000000000,0.9999990254,0.9999999397
2023-09-29,0.2910721305,0.2431761929,0.8354499364,0.7654583633,0.0153891269,1.0000000000,0.9999992203,0.9999999397
2023-09-30,0.2654264618,0.2431843798,0.9162024695,0.7956071845,0.0585640189,1.0000000000,0.9999993762,0.9999999397
2023-10-01,0.2177304191,0.2431925667,1.0000000000,0.8364857476,0.0938897374,1.0000000000,0.9999995010,0.9999999397
2023-10-02,0.1906235402,0.2431843798,1.0000000000,0.8691885981,0.0995348317,1.0000000000,0.9999996008,0.9999999397
2023-10-03,0.1589688334,0.2431761929,1.0000000000,0.8953508785,0.0980806816,1.0000000000,0.9999996806,0.9999999397
2023-10-04,0.0922712656,0.2430966172,1.0000000000,0.9162807028,0.0812101873,1.0000000000,0.9999997445,0.9999999397
2023-10-05,0.1000770518,0.2430170415,1.0000000000,0.9330245622,0.0770004794,1.0000000000,0.9999997956,0.9999718626
2023-10-06,0.0983035297,0.2429950641,1.0000000000,0.9464196498,0.0834097472,1.0000000000,0.9999998365,0.9999718626
2023-10-07,0.1760021712,0.2429730868,1.0000000000,0.9571357198,0.0907440589,1.0000000000,0.9999998692,0.9999718626
2023-10-08,0.1371720190,0.2429618573,1.0000000000,0.9657085759,0.0740345596,1.0000000000,0.9999998953,0.9999718626
2023-10-09,0.1130928912,0.2429506279,1.0000000000,0.9725668607,0.0608096628,1.0000000000,0.9999999163,0.9999718626
2023-10-10,0.2408259163,0.2427987524,1.0000000000,0.9780534886,0.0541150996,1.0000000000,0.9999999330,0.9999718626
2023-10-11,0.1717197159,0.2426468768,1.0000000000,0.9824427908,0.0637815460,1.0000000000,0.9999999464,0.9999718626
2023-10-12,0.0584046883,0.2425030428,1.0000000000,0.9859542327,0.0584046883,1.0000000000,0.9999999571,0.9999718626
2023-10-13,0.0896721111,0.2423592087,1.0000000000,0.9887633861,0.0634031299,1.0000000000,0.9999999657,0.9999718626
2023-10-14,0.3326046108,0.2423185381,0.7285483431,0.9367203775,0.0641034871,1.0000000000,0.9999999726,0.9999718626
2023-10-15,0.2845041593,0.2423592087,0.8518652566,0.9197493533,0.0631882738,1.0000000000,0.9999999781,0.9999718626
2023-10-16,0.2497954995,0.2425030428,0.9708062924,0.9299607412,0.0997314054,1.0000000000,0.9999999824,0.9999718626
2023-10-17,0.3329022489,0.2426468768,0.7288832612,0.8897452452,0.1035446055,1.0000000000,0.9999999860,0.9999718626
2023-10-18,0.1965300352,0.2427987524,1.0000000000,0.9117961961,0.0892909023,1.0000000000,0.9999999888,0.9999718626
2023-10-19,0.1554883184,0.2426468768,1.0000000000,0.9294369569,0.1050233004,0.9892405591,0.9978481028,0.9999718626
2023-10-20,0.2138528942,0.2425030428,1.0000000000,0.9435495655,0.1125990580,0.9227775487,0.9828339920,0.9999718626
2023-10-21,0.1852388355,0.2423592087,1.0000000000,0.9548396524,0.1050363536,0.9895341204,0.9841740177,0.9999718626
2023-10-22,0.1645870163,0.2423185381,1.0000000000,0.9638717219,0.0899870662,1.0000000000,0.9873392142,0.9999718626
2023-10-23,0.1920444197,0.2422778676,1.0000000000,0.9710973775,0.1158931129,0.8968354819,0.9692384677,0.9999718626
2023-10-24,0.2219905492,0.2422300693,1.0000000000,0.9768779020,0.0977843440,1.0000000000,0.9753907742,0.9999718626
2023-10-25,0.2451019085,0.2421822711,0.9880880672,0.9791199351,0.1306454376,0.7955659047,0.9394258003,0.9999718626
2023-10-26,0.2312163492,0.2422300693,1.0000000000,0.9832959481,0.1238252682,0.8396527651,0.9194711932,0.9999718626
2023-10-27,0.2227010273,0.2421822711,1.0000000000,0.9866367584,0.1134593291,0.9167347955,0.9189239137,0.9999718626
2023-10-28,0.2412568119,0.2421114766,1.0000000000,0.9893094068,0.1103059887,0.9433214110,0.9238034132,0.9999718626
2023-10-29,0.2132072979,0.2420406821,1.0000000000,0.9914475254,0.1262056325,0.8249261070,0.9040279519,0.9999718626
2023-10-30,0.2770420334,0.2420301843,0.8736226099,0.9678825423,0.1449961031,0.7184099368,0.8669043489,0.9999718626
2023-10-31,0.2354235210,0.2420406821,1.0000000000,0.9743060339,0.1817436527,0.5736937574,0.8082622306,0.9999718626
2023-11-01,0.2002001927,0.2420301843,1.0000000000,0.9794448271,0.2155173298,0.4842476329,0.7434593110,0.9999718626
2023-11-02,0.1750639558,0.2420196864,1.0000000000,0.9835558617,0.1977530696,0.5288275366,0.7005329561,0.9999718626
2023-11-03,0.2340674574,0.2416758026,1.0000000000,0.9868446893,0.1854567200,0.5650417011,0.6734347051,0.9999718626
2023-11-04,0.1826962963,0.2413319188,1.0000000000,0.9894757515,0.2134533661,0.4914752220,0.6370428085,1.0000000000
2023-11-05,0.1846554744,0.2412943653,1.0000000000,0.9915806012,0.1645113937,0.6383952991,0.6373133066,1.0000000000
2023-11-06,0.2109193490,0.2412568119,1.0000000000,0.9932644809,0.1643760909,0.6389604863,0.6376427426,1.0000000000
2023-11-07,0.1794399371,0.2412224649,1.0000000000,0.9946115848,0.1829790363,0.5740349044,0.6249211749,1.0000000000
2023-11-08,0.2026374530,0.2411881179,1.0000000000,0.9956892678,0.1583004843,0.6657562503,0.6330881900,1.0000000000
2023-11-09,0.1991749389,0.2411491706,1.0000000000,0.9965514142,0.1345566237,0.7858603851,0.6636426290,1.0000000000
2023-11-10,0.2137139649,0.2411102232,1.0000000000,0.9972411314,0.2014731043,0.5251576735,0.6359456379,1.0000000000
2023-11-11,0.2384984996,0.2409680697,1.0000000000,0.9977929051,0.2091282425,0.5062327885,0.6100030680,1.0000000000
2023-11-12,0.2563006257,0.2408259163,0.9396228182,0.9861588877,0.1991593885,0.5325440973,0.5945112739,1.0000000000
2023-11-13,0.2200849358,0.2409680697,1.0000000000,0.9889271102,0.1942618795,0.5469664991,0.5850023189,1.0000000000
2023-11-14,0.2628097183,0.2408259163,0.9163508784,0.9744118638,0.2149065145,0.4950342953,0.5670087142,1.0000000000
2023-11-15,0.2696034257,0.2409680697,0.8937871211,0.9582869153,0.2516800849,0.4232255794,0.5382520872,1.0000000000
2023-11-16,0.2505336043,0.2411102232,0.9623867579,0.9591068838,0.2286835838,0.4658105596,0.5237637817,1.0000000000
2023-11-17,0.2294962857,0.2411491706,1.0000000000,0.9672855071,0.2342816775,0.4547048137,0.5099519881,1.0000000000
2023-11-18,0.2072669931,0.2411102232,1.0000000000,0.9738284056,0.2240092015,0.4758365324,0.5031288970,1.0000000000
2023-11-19,0.1972944271,0.2409680697,1.0000000000,0.9790627245,0.2118566011,0.5034278672,0.5031886910,1.0000000000
2023-11-20,0.2141750096,0.2408259163,1.0000000000,0.9832501796,0.1423560859,0.7495545341,0.5524618596,1.0000000000
2023-11-21,0.2088439971,0.2407106039,1.0000000000,0.9866001437,0.1079777928,0.9886549780,0.6397004833,1.0000000000
2023-11-22,0.2088271861,0.2405952916,1.0000000000,0.9892801150,0.1435168533,0.7442706645,0.6606145195,1.0000000000
2023-11-23,0.2333056140,0.2405525081,1.0000000000,0.9914240920,0.1428756989,0.7480487308,0.6781013618,1.0000000000
2023-11-24,0.2030565419,0.2405097246,1.0000000000,0.9931392736,0.1227642899,0.8706347435,0.7166080381,1.0000000000
2023-11-25,0.3023681328,0.2404267655,0.7951458484,0.9535405885,0.1663910329,0.6423887459,0.7017641797,1.0000000000
2023-11-26,0.3009301766,0.2405097246,0.7992210266,0.9226766762,0.1806017066,0.5928503802,0.6799814198,1.0000000000
2023-11-27,0.3053451964,0.2405525081,0.7878051167,0.8957023643,0.1471485220,0.7288680336,0.6897587426,1.0000000000
2023-11-28,0.3413919044,0.2405952916,0.7047480873,0.8575115089,0.1629168305,0.6591704364,0.6836410813,1.0000000000
2023-11-29,0.3046836450,0.2407106039,0.7900345419,0.8440161155,0.1527058241,0.7041516805,0.6877432012,1.0000000000
2023-11-30,0.2797576510,0.2408259163,0.8608376406,0.8473804205,0.0616288866,1.0000000000,0.7501945609,1.0000000000
2023-12-01,0.2928673527,0.2409680697,0.8227891143,0.8424621593,0.0708887137,1.0000000000,0.8001556487,1.0000000000
2023-12-02,0.3069227271,0.2411102232,0.7855730511,0.8310843376,0.0869046383,1.0000000000,0.8401245190,1.0000000000
2023-12-03,0.3402668296,0.2411491706,0.7087060789,0.8066086859,0.1123431046,0.9546812356,0.8630358623,1.0000000000
2023-12-04,0.3549471192,0.2411881179,0.6795043681,0.7811878223,0.0865257523,1.0000000000,0.8904286899,1.0000000000
2023-12-05,0.3134367029,0.2412224649,0.7696050357,0.7788712650,0.1112115294,0.9643950984,0.9052219716,1.0000000000
2023-12-06,0.2981908035,0.2412568119,0.8090685866,0.7849107293,0.0929555856,1.0000000000,0.9241775772,1.0000000000
2023-12-07,0.1921117965,0.2412943653,1.0000000000,0.8279285834,0.0991600902,1.0000000000,0.9393420618,1.0000000000
2023-12-08,0.2112000719,0.2412568119,1.0000000000,0.8623428668,0.1056329302,1.0000000000,0.9514736494,1.0000000000
2023-12-09,0.1716100541,0.2412224649,1.0000000000,0.8898742934,0.0886912914,1.0000000000,0.9611789195,1.0000000000
2023-12-10,0.2496805065,0.2411881179,0.9659869778,0.9050968303,0.1225151157,0.8724054616,0.9434242280,1.0000000000
2023-12-11,0.2882337242,0.2412224649,0.8368988244,0.8914572291,0.0944276052,1.0000000000,0.9547393824,1.0000000000
2023-12-12,0.2958949236,0.2412568119,0.8153462349,0.8762350303,0.0593492706,1.0000000000,0.9637915059,1.0000000000
2023-12-13,0.2605410861,0.2412943653,0.9261278860,0.8862136014,0.0791067725,1.0000000000,0.9710332047,1.0000000000
2023-12-14,0.2813358386,0.2413319188,0.8578072383,0.8805323288,0.0995447138,1.0000000000,0.9768265638,1.0000000000
2023-12-15,0.3021163431,0.2416758026,0.7999428304,0.8644144291,0.0825330622,1.0000000000,0.9814612510,1.0000000000
2023-12-16,0.2631594331,0.2420196864,0.9196694324,0.8754654298,0.0913415919,1.0000000000,0.9851690008,1.0000000000
2023-12-17,0.2268470571,0.2420301843,1.0000000000,0.9003723438,0.0924388574,1.0000000000,0.9881352007,1.0000000000
2023-12-18,0.2660805725,0.2420196864,0.9095729320,0.9022124615,0.0921396113,1.0000000000,0.9905081605,1.0000000000
2023-12-19,0.2923179143,0.2420301843,0.8279690448,0.8873637781,0.0775760720,1.0000000000,0.9924065284,1.0000000000
2023-12-20,0.3030520369,0.2420406821,0.7986769685,0.8696264162,0.1169315342,0.9109880312,0.9761228290,1.0000000000
2023-12-21,0.3184847541,0.2421114766,0.7601980111,0.8477407352,0.1687832823,0.6311585192,0.9071299670,1.0000000000
2023-12-22,0.3056633951,0.2421822711,0.7923168917,0.8366559665,0.1639077943,0.6503153932,0.8557670522,1.0000000000
2023-12-23,0.3560635917,0.2422300693,0.6803000222,0.8053847776,0.2162177899,0.4932735501,0.7832683518,1.0000000000
2023-12-24,0.3721698887,0.2422778676,0.6509872907,0.7745052803,0.2592953882,0.4115138736,0.7089174562,1.0000000000
2023-12-25,0.3275789015,0.2423185381,0.7397257179,0.7675493678,0.2943948854,0.3626176530,0.6396574955,1.0000000000
2023-12-26,0.3084718065,0.2423592087,0.7856770168,0.7711748976,0.2735476093,0.3904818766,0.5898223717,1.0000000000
2023-12-27,0.2890020744,0.2425030428,0.8391048515,0.7847608884,0.2206645380,0.4843459949,0.5687270964,1.0000000000
2023-12-28,0.2664589310,0.2426468768,0.9106351807,0.8099357468,0.1854401008,0.5763740185,0.5702564808,1.0000000000
2023-12-29,0.3071642897,0.2427987524,0.7904524079,0.8060390790,0.2054838081,0.5201759105,0.5602403667,1.0000000000
2023-12-30,0.3352628973,0.2429506279,0.7246570673,0.7897626767,0.1851805833,0.5781912364,0.5638305407,1.0000000000
2023-12-31,0.3029791639,0.2429618573,0.8019094588,0.7921920331,0.1651528426,0.6494096754,0.5809463676,1.0000000000
2024-01-01,0.2806165333,0.2429730868,0.8658544951,0.8069245255,0.1858924803,0.5776993137,0.5802969568,1.0000000000
2024-01-02,0.2878731802,0.2429950641,0.8441045600,0.8143605324,0.1726726277,0.6227278990,0.5887831453,1.0000000000
2024-01-03,0.2914983782,0.2430170415,0.8336823106,0.8182248881,0.1598349144,0.6730172079,0.6056299578,1.0000000000
2024-01-04,0.3065056751,0.2430966172,0.7931227280,0.8132044560,0.1796924098,0.5988858022,0.6042811267,1.0000000000
2024-01-05,0.3296278238,0.2431761929,0.7377295705,0.7981094789,0.1641764715,0.6556325725,0.6145514158,1.0000000000
2024-01-06,0.3446591301,0.2431843798,0.7055793930,0.7796034618,0.1524355373,0.7062897120,0.6328990751,1.0000000000
2024-01-07,0.2931404441,0.2431925667,0.8296111014,0.7896049897,0.1356978744,0.7934278044,0.6650048209,1.0000000000
2024-01-08,0.3195846763,0.2433258729,0.7613815398,0.7839602997,0.1269557235,0.8480852879,0.7016209143,1.0000000000
2024-01-09,0.2919793853,0.2434591791,0.8338231787,0.7939328755,0.1051290896,1.0000000000,0.7612967315,1.0000000000
2024-01-10,0.2975658200,0.2435509651,0.8184776231,0.7988418250,0.0696544578,1.0000000000,0.8090373852,1.0000000000
2024-01-11,0.3049474025,0.2436427510,0.7989664742,0.7988667549,0.0690300436,1.0000000000,0.8472299081,1.0000000000
2024-01-12,0.2843328003,0.2438057114,0.8574660087,0.8105866056,0.1083897437,0.9933011007,0.8764441466,1.0000000000
2024-01-13,0.3178738870,0.2439686718,0.7675014583,0.8019695762,0.1263532991,0.8521064928,0.8715766159,1.0000000000
2024-01-14,0.3073241746,0.2441465285,0.7944266956,0.8004610001,0.1507963278,0.7140046638,0.8400622255,1.0000000000
2024-01-15,0.2326071617,0.2443243851,1.0000000000,0.8403688000,0.1162751745,0.9269917637,0.8574481331,1.0000000000
2024-01-16,0.2245564615,0.2441465285,1.0000000000,0.8722950400,0.0736684291,1.0000000000,0.8859585065,1.0000000000
2024-01-17,0.2270300037,0.2439686718,1.0000000000,0.8978360320,0.0685552597,1.0000000000,0.9087668052,1.0000000000
2024-01-18,0.2360286508,0.2438057114,1.0000000000,0.9182688256,0.0821479922,1.0000000000,0.9270134441,1.0000000000
2024-01-19,0.2604828739,0.2436427510,0.9353503644,0.9216851334,0.0822548126,1.0000000000,0.9416107553,1.0000000000
2024-01-20,0.2697363118,0.2438057114,0.9038668534,0.9181214774,0.0772959706,1.0000000000,0.9532886043,1.0000000000
2024-01-21,0.2975960124,0.2439686718,0.8197981884,0.8984568196,0.0991599236,1.0000000000,0.9626308834,1.0000000000
2024-01-22,0.2612417315,0.2441465285,0.9345617450,0.9056778047,0.0967943270,1.0000000000,0.9701047067,1.0000000000
2024-01-23,0.2438541291,0.2443243851,1.0000000000,0.9245422437,0.0644337142,1.0000000000,0.9760837654,1.0000000000
2024-01-24,0.2720285512,0.2441465285,0.8975033224,0.9191344595,0.0558136718,1.0000000000,0.9808670123,1.0000000000
2024-01-25,0.2498975535,0.2443243851,0.9776981874,0.9308472051,0.0439629234,1.0000000000,0.9846936098,1.0000000000
2024-01-26,0.2573255419,0.2443744992,0.9496705901,0.9346118821,0.0303405825,1.0000000000,0.9877548879,1.0000000000
2024-01-27,0.2562730959,0.2444246134,0.9537661865,0.9384427430,0.0406816305,1.0000000000,0.9902039103,1.0000000000
2024-01-28,0.2749913580,0.2447632610,0.8900761928,0.9287694329,0.0505144761,1.0000000000,0.9921631282,1.0000000000
2024-01-29,0.2043918230,0.2451019085,1.0000000000,0.9430155463,0.0439015588,1.0000000000,0.9937305026,1.0000000000
2024-01-30,0.2512607560,0.2447632610,0.9741404302,0.9492405231,0.0695752984,1.0000000000,0.9949844021,1.0000000000
2024-01-31,0.1473170797,0.2451019085,1.0000000000,0.9593924185,0.0669414031,1.0000000000,0.9959875217,1.0000000000
2024-02-01,0.1741437467,0.2447632610,1.0000000000,0.9675139348,0.0754827847,1.0000000000,0.9967900173,1.0000000000
2024-02-02,0.1862163028,0.2444246134,1.0000000000,0.9740111478,0.0749257909,1.0000000000,0.9974320139,1.0000000000
2024-02-03,0.2532374838,0.2443744992,0.9650012928,0.9722091768,0.0655174335,1.0000000000,0.9979456111,1.0000000000
2024-02-04,0.2776710596,0.2444246134,0.8802667938,0.9538207002,0.0623368611,1.0000000000,0.9983564889,1.0000000000
2024-02-05,0.2040502546,0.2447632610,1.0000000000,0.9630565602,0.0547447891,1.0000000000,0.9986851911,1.0000000000
2024-02-06,0.1491061489,0.2444246134,1.0000000000,0.9704452481,0.0474163616,1.0000000000,0.9989481529,1.0000000000
2024-02-07,0.2395831224,0.2443744992,1.0000000000,0.9763561985,0.0620019715,1.0000000000,0.9991585223,1.0000000000
2024-02-08,0.2508388514,0.2443243851,0.9740292770,0.9758908142,0.0663889582,1.0000000000,0.9993268178,1.0000000000
2024-02-09,0.2959044705,0.2443744992,0.8258560571,0.9458838628,0.0812037915,1.0000000000,0.9994614543,1.0000000000
2024-02-10,0.2372291779,0.2444246134,1.0000000000,0.9567070902,0.0932790186,1.0000000000,0.9995691634,1.0000000000
2024-02-11,0.2364476933,0.2443744992,1.0000000000,0.9653656722,0.1054980251,1.0000000000,0.9996553307,1.0000000000
2024-02-12,0.2236860460,0.2443243851,1.0000000000,0.9722925377,0.1017389091,1.0000000000,0.9997242646,1.0000000000
2024-02-13,0.2474609812,0.2441465285,0.9866061601,0.9751552622,0.0909575276,1.0000000000,0.9997794117,1.0000000000
2024-02-14,0.2571432503,0.2443243851,0.9501489339,0.9701539966,0.1017239554,1.0000000000,0.9998235293,1.0000000000
2024-02-15,0.2573470912,0.2443744992,0.9495910682,0.9660414109,0.0693778354,1.0000000000,0.9998588235,1.0000000000
2024-02-16,0.2424663149,0.2444246134,1.0000000000,0.9728331287,0.0613438298,1.0000000000,0.9998870588,1.0000000000
2024-02-17,0.2624364207,0.2443744992,0.9311760104,0.9645017050,0.0667865482,1.0000000000,0.9999096470,1.0000000000
2024-02-18,0.2584522806,0.2444246134,0.9457243434,0.9607462327,0.0706197841,1.0000000000,0.9999277176,1.0000000000
2024-02-19,0.2260869671,0.2447632610,1.0000000000,0.9685969862,0.0583877922,1.0000000000,0.9999421741,1.0000000000
2024-02-20,0.2226885093,0.2444246134,1.0000000000,0.9748775889,0.0704487220,1.0000000000,0.9999537393,1.0000000000
2024-02-21,0.2728571722,0.2443744992,0.8956132517,0.9590247215,0.0844639334,1.0000000000,0.9999629914,1.0000000000
2024-02-22,0.2803616057,0.2444246134,0.8718191380,0.9415836048,0.1075682299,0.9764019273,0.9952507786,1.0000000000
2024-02-23,0.2485121507,0.2447632610,0.9849146621,0.9502498162,0.1057644727,0.9931156556,0.9948237540,1.0000000000
2024-02-24,0.2882387319,0.2451019085,0.8503434182,0.9302685366,0.0841795030,1.0000000000,0.9958590032,1.0000000000
2024-02-25,0.3361953851,0.2451834103,0.7292884470,0.8900725187,0.1041425304,1.0000000000,0.9966872026,1.0000000000
2024-02-26,0.3075814068,0.2452649120,0.7973983686,0.8715376887,0.0931028073,1.0000000000,0.9973497620,1.0000000000
2024-02-27,0.2860789590,0.2453977379,0.8577972277,0.8687895965,0.0937794954,1.0000000000,0.9978798096,1.0000000000
2024-02-28,0.2969730982,0.2455305638,0.8267771235,0.8603871019,0.1016378249,1.0000000000,0.9983038477,1.0000000000
2024-02-29,0.2873387349,0.2455736845,0.8546487286,0.8592394272,0.0746495177,1.0000000000,0.9986430782,1.0000000000
2024-03-01,0.3347807379,0.2456168051,0.7336646865,0.8341244791,0.0720896124,1.0000000000,0.9989144625,1.0000000000
2024-03-02,0.3368677742,0.2459287265,0.7300452740,0.8133086381,0.0474961282,1.0000000000,0.9991315700,1.0000000000
2024-03-03,0.3636422825,0.2462406479,0.6771507598,0.7860770624,0.0502343517,1.0000000000,0.9993052560,1.0000000000
2024-03-04,0.3594823253,0.2462670386,0.6850602137,0.7658736927,0.0653181986,1.0000000000,0.9994442048,1.0000000000
2024-03-05,0.3331788709,0.2462934293,0.7392228344,0.7605435210,0.0748759788,1.0000000000,0.9995553639,1.0000000000
2024-03-06,0.3793678817,0.2465615633,0.6499273532,0.7384202875,0.0845487403,1.0000000000,0.9996442911,1.0000000000
2024-03-07,0.3552401428,0.2468296972,0.6948249015,0.7297012103,0.0819289195,1.0000000000,0.9997154329,1.0000000000
2024-03-08,0.4001322778,0.2468850705,0.6170086348,0.7071626952,0.0849618777,1.0000000000,0.9997723463,1.0000000000
2024-03-09,0.4129428764,0.2469404437,0.5980014618,0.6853304485,0.0878458191,1.0000000000,0.9998178770,1.0000000000
2024-03-10,0.3867754075,0.2470178120,0.6386595612,0.6759962710,0.1185332873,0.8771395037,0.9752822024,1.0000000000
2024-03-11,0.3577923201,0.2470951803,0.6906106319,0.6789191432,0.0493744907,1.0000000000,0.9802257619,1.0000000000
2024-03-12,0.3426861209,0.2470976244,0.7210610798,0.6873475305,0.0545105288,1.0000000000,0.9841806095,1.0000000000
2024-03-13,0.3486446584,0.2471000685,0.7087447420,0.6916269728,0.1116139310,0.9312193811,0.9735883638,1.0000000000
2024-03-14,0.3801713397,0.2471690739,0.6501517819,0.6833319346,0.1411325132,0.7366851653,0.9262077241,1.0000000000
2024-03-15,0.3548380893,0.2472380794,0.6967630782,0.6860181634,0.1807230530,0.5755331882,0.8560728169,1.0000000000
2024-03-16,0.3809919160,0.2472442406,0.6489487840,0.6786042875,0.1943792388,0.5353143758,0.7919211287,1.0000000000
2024-03-17,0.4085695385,0.2472504018,0.6051611256,0.6639156551,0.2012804801,0.5171801337,0.7369729297,1.0000000000
2024-03-18,0.3740023888,0.2472644984,0.6611307997,0.6633586840,0.2141938124,0.4862069974,0.6868197432,1.0000000000
2024-03-19,0.3448198365,0.2472785950,0.7171240421,0.6741117557,0.1752284785,0.5943930275,0.6683344001,1.0000000000
2024-03-20,0.3544992268,0.2473697881,0.6978006422,0.6788495330,0.1756052554,0.5931863543,0.6533047909,1.0000000000
2024-03-21,0.2917644261,0.2474609812,0.8481533700,0.7127103004,0.1511291710,0.6899078340,0.6606253996,1.0000000000
2024-03-22,0.2838848627,0.2477007636,0.8725395262,0.7446761455,0.1747242042,0.5973056639,0.6479614524,1.0000000000
2024-03-23,0.2409394701,0.2479405460,1.0000000000,0.7957409164,0.1661624996,0.6293674500,0.6442426519,1.0000000000
2024-03-24,0.2731693268,0.2477007636,0.9067663873,0.8179460106,0.1882619337,0.5566222467,0.6267185709,1.0000000000
2024-03-25,0.3169241121,0.2479405460,0.7823341189,0.8108236323,0.1909079893,0.5495162400,0.6112781047,1.0000000000
2024-03-26,0.2925758390,0.2480079439,0.8476706236,0.8181930305,0.1878901070,0.5589613104,0.6008147458,1.0000000000
2024-03-27,0.2972013735,0.2480753419,0.8347045605,0.8214953365,0.1491473074,0.7042019655,0.6214921898,1.0000000000
2024-03-28,0.3448915612,0.2481176778,0.7194077957,0.8010778284,0.1427441829,0.7358363157,0.6443610149,1.0000000000
2024-03-29,0.3249879108,0.2481600136,0.7635976766,0.7935817980,0.1625230036,0.6465713734,0.6448030866,1.0000000000
2024-03-30,0.3651868468,0.2481737868,0.6795802996,0.7707814983,0.1498824415,0.7014103091,0.6561245311,1.0000000000
2024-03-31,0.3069527579,0.2481875599,0.8085529565,0.7783357900,0.1872421733,0.5624457115,0.6373887672,1.0000000000
2024-04-01,0.3027870252,0.2482784829,0.8199772851,0.7866640890,0.1529435979,0.6897838589,0.6478677855,1.0000000000
2024-04-02,0.2867057893,0.2483694059,0.8662866785,0.8025886069,0.1184247832,0.8914137300,0.6965769744,1.0000000000
2024-04-03,0.2899945092,0.2484209935,0.8566403350,0.8133989525,0.0830113038,1.0000000000,0.7572615796,1.0000000000
2024-04-04,0.2700055301,0.2484725812,0.9202499708,0.8347691562,0.0480132247,1.0000000000,0.8058092636,1.0000000000
2024-04-05,0.2813637953,0.2484805827,0.8831291971,0.8444411644,0.0387716334,1.0000000000,0.8446474109,1.0000000000
2024-04-06,0.2831258714,0.2484885841,0.8776611720,0.8510851659,0.0609967742,1.0000000000,0.8757179287,1.0000000000
2024-04-07,0.2897696510,0.2485003674,0.8575789998,0.8523839327,0.0619645739,1.0000000000,0.9005743430,1.0000000000
2024-04-08,0.2685431616,0.2485121507,0.9254085983,0.8669888658,0.0510778915,1.0000000000,0.9204594744,1.0000000000
2024-04-09,0.2690931258,0.2485466706,0.9236455591,0.8783202045,0.0571929835,1.0000000000,0.9363675795,1.0000000000
2024-04-10,0.2666158206,0.2485811905,0.9323572396,0.8891276115,0.0614403913,1.0000000000,0.9490940636,1.0000000000
2024-04-11,0.2502133980,0.2489621761,0.9949993807,0.9103019653,0.0507840742,1.0000000000,0.9592752509,1.0000000000
2024-04-12,0.2424592907,0.2493431617,1.0000000000,0.9282415723,0.0915545446,1.0000000000,0.9674202007,1.0000000000
2024-04-13,0.2620939058,0.2489621761,0.9498968523,0.9325726283,0.1221257445,0.8580564315,0.9455474469,1.0000000000
2024-04-14,0.2323433525,0.2493431617,1.0000000000,0.9460581026,0.0923462792,1.0000000000,0.9564379575,1.0000000000
2024-04-15,0.2428885339,0.2489621761,1.0000000000,0.9568464821,0.1085247698,0.9655932071,0.9582690074,1.0000000000
2024-04-16,0.2234357605,0.2485811905,1.0000000000,0.9654771857,0.1017199660,1.0000000000,0.9666152059,1.0000000000
2024-04-17,0.2245203377,0.2485466706,1.0000000000,0.9723817485,0.1047784512,1.0000000000,0.9732921647,1.0000000000
2024-04-18,0.2204534037,0.2485121507,1.0000000000,0.9779053988,0.0886282291,1.0000000000,0.9786337318,1.0000000000
2024-04-19,0.2052887266,0.2485003674,1.0000000000,0.9823243191,0.0962121535,1.0000000000,0.9829069854,1.0000000000
2024-04-20,0.1307537106,0.2484885841,1.0000000000,0.9858594552,0.0892257547,1.0000000000,0.9863255884,1.0000000000
2024-04-21,0.1851722334,0.2484805827,1.0000000000,0.9886875642,0.0977088440,1.0000000000,0.9890604707,1.0000000000
2024-04-22,0.2157179950,0.2484725812,1.0000000000,0.9909500514,0.0879144488,1.0000000000,0.9912483765,1.0000000000
2024-04-23,0.2046995792,0.2484209935,1.0000000000,0.9927600411,0.0938905222,1.0000000000,0.9929987012,1.0000000000
2024-04-24,0.2060082257,0.2483694059,1.0000000000,0.9942080329,0.0944540856,1.0000000000,0.9943989610,1.0000000000
2024-04-25,0.1937815405,0.2482784829,1.0000000000,0.9953664263,0.0902119230,1.0000000000,0.9955191688,1.0000000000
2024-04-26,0.2201076015,0.2481875599,1.0000000000,0.9962931410,0.0987066294,1.0000000000,0.9964153350,1.0000000000
2024-04-27,0.1618096528,0.2481737868,1.0000000000,0.9970345128,0.0964700859,1.0000000000,0.9971322680,1.0000000000
2024-04-28,0.1574496202,0.2481600136,1.0000000000,0.9976276103,0.1071743201,0.9704947491,0.9918047642,1.0000000000
2024-04-29,0.1314389557,0.2481176778,1.0000000000,0.9981020882,0.0949360867,1.0000000000,0.9934438114,1.0000000000
2024-04-30,0.1375377055,0.2480753419,1.0000000000,0.9984816706,0.0945379840,1.0000000000,0.9947550491,1.0000000000
2024-05-01,0.1282238420,0.2480079439,1.0000000000,0.9987853365,0.0620644182,1.0000000000,0.9958040393,1.0000000000
2024-05-02,0.1372351162,0.2479405460,1.0000000000,0.9990282692,0.0311760478,1.0000000000,0.9966432314,0.9999999987
2024-05-03,0.1435623933,0.2477007636,1.0000000000,0.9992226153,0.0441493585,1.0000000000,0.9973145851,0.9999999987
2024-05-04,0.1667272788,0.2474609812,1.0000000000,0.9993780923,0.0384875327,1.0000000000,0.9978516681,0.9999999987
2024-05-05,0.1857119627,0.2473697881,1.0000000000,0.9995024738,0.0283320838,1.0000000000,0.9982813345,0.9999999987
2024-05-06,0.1707227766,0.2472785950,1.0000000000,0.9996019790,0.0586101417,1.0000000000,0.9986250676,0.9999999987
2024-05-07,0.1880041406,0.2472644984,1.0000000000,0.9996815832,0.0445918272,1.0000000000,0.9989000541,0.9999999987
2024-05-08,0.2336979196,0.2472504018,1.0000000000,0.9997452666,0.0418340024,1.0000000000,0.9991200433,0.9999999987
2024-05-09,0.2300174402,0.2472442406,1.0000000000,0.9997962133,0.0404024097,1.0000000000,0.9992960346,0.9999999987
2024-05-10,0.2030521075,0.2472380794,1.0000000000,0.9998369706,0.0411829244,1.0000000000,0.9994368277,0.9999999987
2024-05-11,0.2209498109,0.2471690739,1.0000000000,0.9998695765,0.0389898798,1.0000000000,0.9995494621,0.9999999987
2024-05-12,0.2520673905,0.2471000685,0.9802936744,0.9959543961,0.0352645041,1.0000000000,0.9996395697,0.9999999987
2024-05-13,0.2148972886,0.2471690739,1.0000000000,0.9967635169,0.0244397793,1.0000000000,0.9997116558,0.9999999987
2024-05-14,0.2009648952,0.2471000685,1.0000000000,0.9974108135,0.0195708284,1.0000000000,0.9997693246,0.9999999987
2024-05-15,0.1967463326,0.2470976244,1.0000000000,0.9979286508,0.0580195751,1.0000000000,0.9998154597,0.9999999987
2024-05-16,0.1911887455,0.2470951803,1.0000000000,0.9983429206,0.0794229474,1.0000000000,0.9998523678,0.9999999987
2024-05-17,0.1801360119,0.2470178120,1.0000000000,0.9986743365,0.0917334013,1.0000000000,0.9998818942,0.9999999987
2024-05-18,0.1993723699,0.2469404437,1.0000000000,0.9989394692,0.1077196530,0.9542346413,0.9907524436,0.9999999987
2024-05-19,0.2274455552,0.2468850705,1.0000000000,0.9991515754,0.1044139520,0.9845994283,0.9895218406,0.9999999987
2024-05-20,0.1896537688,0.2468296972,1.0000000000,0.9993212603,0.1373450621,0.7492885278,0.9414751780,0.9999999987
2024-05-21,0.1953925556,0.2465615633,1.0000000000,0.9994570082,0.1009124730,1.0000000000,0.9531801424,0.9999999987
2024-05-22,0.1969003125,0.2462934293,1.0000000000,0.9995656066,0.0961469985,1.0000000000,0.9625441139,0.9999999987
2024-05-23,0.2201302874,0.2462670386,1.0000000000,0.9996524853,0.0978587098,1.0000000000,0.9700352911,0.9999999987
2024-05-24,0.2364315270,0.2462406479,1.0000000000,0.9997219882,0.0724953042,1.0000000000,0.9760282329,0.9999999987
2024-05-25,0.2305235621,0.2459287265,1.0000000000,0.9997775906,0.0719653167,1.0000000000,0.9808225863,0.9999999987
2024-05-26,0.2561392028,0.2456168051,0.9589192221,0.9916059169,0.0926950491,1.0000000000,0.9846580691,0.9999999987
2024-05-27,0.2507923672,0.2459287265,0.9806069031,0.9894061141,0.0941846179,1.0000000000,0.9877264553,0.9999999987
2024-05-28,0.2565251436,0.2462406479,0.9599084300,0.9835065773,0.1005865306,1.0000000000,0.9901811642,0.9999999987
2024-05-29,0.2237965442,0.2462670386,1.0000000000,0.9868052618,0.0881446748,1.0000000000,0.9921449314,0.9999999987
2024-05-30,0.2213721620,0.2462406479,1.0000000000,0.9894442095,0.0948036979,1.0000000000,0.9937159451,0.9999999987
2024-05-31,0.2491251323,0.2459287265,0.9871694769,0.9889892629,0.1008468955,1.0000000000,0.9949727561,0.9999999987
2024-06-01,0.3399919452,0.2462406479,0.7242543575,0.9360422819,0.1001865176,1.0000000000,0.9959782049,1.0000000000
2024-06-02,0.3023193773,0.2462670386,0.8145923057,0.9117522866,0.0946150456,1.0000000000,0.9967825639,1.0000000000
2024-06-03,0.2597937555,0.2462934293,0.9480344468,0.9190087187,0.0850836932,1.0000000000,0.9974260511,1.0000000000
2024-06-04,0.1971817184,0.2465615633,1.0000000000,0.9352069749,0.0858995196,1.0000000000,0.9979408409,1.0000000000
2024-06-05,0.2118524064,0.2462934293,1.0000000000,0.9481655799,0.1024252944,0.9942897880,0.9972106303,1.0000000000
2024-06-06,0.2199106366,0.2462670386,1.0000000000,0.9585324640,0.1052036644,0.9688853537,0.9915455750,1.0000000000
2024-06-07,0.2197626452,0.2462406479,1.0000000000,0.9668259712,0.1082204350,0.9440996424,0.9820563885,1.0000000000
2024-06-08,0.2630419127,0.2459287265,0.9349412188,0.9604490207,0.1165479371,0.8787067438,0.9613864595,1.0000000000
2024-06-09,0.3025274278,0.2462406479,0.8139448698,0.9311481905,0.0963529871,1.0000000000,0.9691091676,1.0000000000
2024-06-10,0.2680749428,0.2462670386,0.9186499716,0.9286485467,0.0507522508,1.0000000000,0.9752873341,1.0000000000
2024-06-11,0.2126974537,0.2462934293,1.0000000000,0.9429188374,0.0605593771,1.0000000000,0.9802298673,1.0000000000
2024-06-12,0.1883279057,0.2462670386,1.0000000000,0.9543350699,0.0636560089,1.0000000000,0.9841838938,1.0000000000
2024-06-13,0.2023885186,0.2462406479,1.0000000000,0.9634680559,0.0558179836,1.0000000000,0.9873471151,1.0000000000
2024-06-14,0.2128326891,0.2459287265,1.0000000000,0.9707744447,0.0656283287,1.0000000000,0.9898776921,1.0000000000
2024-06-15,0.2339952787,0.2456168051,1.0000000000,0.9766195558,0.0484214110,1.0000000000,0.9919021536,1.0000000000
2024-06-16,0.2191143387,0.2455736845,1.0000000000,0.9812956446,0.0491758764,1.0000000000,0.9935217229,1.0000000000
2024-06-17,0.2434191431,0.2455305638,1.0000000000,0.9850365157,0.0648589168,1.0000000000,0.9948173783,1.0000000000
2024-06-18,0.2306499075,0.2453977379,1.0000000000,0.9880292126,0.0737995554,1.0000000000,0.9958539027,1.0000000000
2024-06-19,0.1968108741,0.2452649120,1.0000000000,0.9904233701,0.0805282555,1.0000000000,0.9966831221,1.0000000000
2024-06-20,0.1406482691,0.2451834103,1.0000000000,0.9923386960,0.0797181847,1.0000000000,0.9973464977,1.0000000000
2024-06-21,0.1557885617,0.2451019085,1.0000000000,0.9938709568,0.0720089011,1.0000000000,0.9978771982,1.0000000000
2024-06-22,0.1839717361,0.2447632610,1.0000000000,0.9950967655,0.0693420599,1.0000000000,0.9983017585,1.0000000000
2024-06-23,0.1552203468,0.2444246134,1.0000000000,0.9960774124,0.0727782274,1.0000000000,0.9986414068,1.0000000000
2024-06-24,0.1415298812,0.2443744992,1.0000000000,0.9968619299,0.0610827338,1.0000000000,0.9989131255,1.0000000000
2024-06-25,0.1490889726,0.2443243851,1.0000000000,0.9974895439,0.0549235285,1.0000000000,0.9991305004,1.0000000000
2024-06-26,0.1801604132,0.2441465285,1.0000000000,0.9979916351,0.0524582917,1.0000000000,0.9993044003,1.0000000000
2024-06-27,0.1833194407,0.2439686718,1.0000000000,0.9983933081,0.0453572043,1.0000000000,0.9994435202,1.0000000000
2024-06-28,0.1964308135,0.2439114005,1.0000000000,0.9987146465,0.0533506189,1.0000000000,0.9995548162,1.0000000000
2024-06-29,0.2170374949,0.2438541291,1.0000000000,0.9989717172,0.0449301104,1.0000000000,0.9996438530,1.0000000000
2024-06-30,0.2433751194,0.2437484401,1.0000000000,0.9991773738,0.0219160464,1.0000000000,0.9997150824,1.0000000000
2024-07-01,0.1875669052,0.2436427510,1.0000000000,0.9993418990,0.0250041667,1.0000000000,0.9997720659,0.9999999980
2024-07-02,0.1703696474,0.2435509651,1.0000000000,0.9994735192,0.0363120721,1.0000000000,0.9998176527,0.9999999980
2024-07-03,0.1588089480,0.2434591791,1.0000000000,0.9995788154,0.0314612463,1.0000000000,0.9998541222,0.9999999980
2024-07-04,0.1680331525,0.2434391611,1.0000000000,0.9996630523,0.0272624699,1.0000000000,0.9998832977,0.9999999980
2024-07-05,0.1889442904,0.2434191431,1.0000000000,0.9997304418,0.0457729660,1.0000000000,0.9999066382,0.9999999980
2024-07-06,0.1769314693,0.2433971312,1.0000000000,0.9997843535,0.0462526938,1.0000000000,0.9999253106,0.9999999980
2024-07-07,0.1556888285,0.2433751194,1.0000000000,0.9998274828,0.0475473485,1.0000000000,0.9999402484,0.9999999980
2024-07-08,0.1517603581,0.2432838430,1.0000000000,0.9998619862,0.0698233930,1.0000000000,0.9999521988,0.9999999980
2024-07-09,0.2320706485,0.2431925667,1.0000000000,0.9998895890,0.0800025877,1.0000000000,0.9999617590,0.9999999980
2024-07-10,0.1284184551,0.2431843798,1.0000000000,0.9999116712,0.0793440518,1.0000000000,0.9999694072,0.9999999980
2024-07-11,0.1664594319,0.2431761929,1.0000000000,0.9999293369,0.0544186943,1.0000000000,0.9999755258,0.9999999980
2024-07-12,0.2230050758,0.2430966172,1.0000000000,0.9999434696,0.0667680210,1.0000000000,0.9999804206,0.9999999980
2024-07-13,0.2562887654,0.2430170415,0.9482157405,0.9895979237,0.0924001442,1.0000000000,0.9999843365,0.9999999980
2024-07-14,0.2242440612,0.2430966172,1.0000000000,0.9916783390,0.0705450658,1.0000000000,0.9999874692,0.9999999980
2024-07-15,0.1408435060,0.2430170415,1.0000000000,0.9933426712,0.0625112969,1.0000000000,0.9999899754,0.9999999980
2024-07-16,0.1353720241,0.2429950641,1.0000000000,0.9946741370,0.0888986038,1.0000000000,0.9999919803,0.9999999980
2024-07-17,0.1379961023,0.2429730868,1.0000000000,0.9957393096,0.1227675057,0.8157955286,0.9631526899,0.9999999980
2024-07-18,0.0912855514,0.2429618573,1.0000000000,0.9965914477,0.0780089835,1.0000000000,0.9705221520,0.9999999980
2024-07-19,0.1878345474,0.2429506279,1.0000000000,0.9972731581,0.0767447494,1.0000000000,0.9764177216,0.9999999980
2024-07-20,0.0952941616,0.2429195809,1.0000000000,0.9978185265,0.0908298260,1.0000000000,0.9811341773,0.9999999980
2024-07-21,0.0840270559,0.2428885339,1.0000000000,0.9982548212,0.0993270960,1.0000000000,0.9849073418,0.9999999980
2024-07-22,0.0909653272,0.2427677054,1.0000000000,0.9986038570,0.0935912083,1.0000000000,0.9879258734,0.9999999980
2024-07-23,0.0962599797,0.2426468768,1.0000000000,0.9988830856,0.0917470452,1.0000000000,0.9903406988,0.9999999980
2024-07-24,0.1377570713,0.2425565958,1.0000000000,0.9991064685,0.1284266834,0.7765629600,0.9475851510,0.9999999980
2024-07-25,0.1668162714,0.2424663149,1.0000000000,0.9992851748,0.1088993722,0.9162505649,0.9413182338,0.9999999980
2024-07-26,0.1782542460,0.2424628028,1.0000000000,0.9994281398,0.0973355592,1.0000000000,0.9530545870,0.9999999980
2024-07-27,0.1390992767,0.2424592907,1.0000000000,0.9995425118,0.1076701638,0.9267108705,0.9477858437,0.9999999980
2024-07-28,0.1623897856,0.2424092497,1.0000000000,0.9996340095,0.1031472152,0.9678091343,0.9517905018,0.9999999980
2024-07-29,0.1053478363,0.2423592087,1.0000000000,0.9997072076,0.1044876125,0.9567960213,0.9527916057,0.9999999980
2024-07-30,0.0916891207,0.2423185381,1.0000000000,0.9997657661,0.1183815814,0.8457383791,0.9313809604,0.9999999980
2024-07-31,0.1242258229,0.2422778676,1.0000000000,0.9998126129,0.1156154358,0.8662613383,0.9183570360,0.9999984869
2024-08-01,0.0901942239,0.2422300693,1.0000000000,0.9998500903,0.0824945191,1.0000000000,0.9346856288,0.9999984869
2024-08-02,0.0854099024,0.2421822711,1.0000000000,0.9998800722,0.0534327030,1.0000000000,0.9477485030,0.9999984869
2024-08-03,0.0830599720,0.2421114766,1.0000000000,0.9999040578,0.0637639360,1.0000000000,0.9581988024,0.9999984869
2024-08-04,0.1106810929,0.2420406821,1.0000000000,0.9999232462,0.0844383987,1.0000000000,0.9665590419,0.9999984869
2024-08-05,0.2315335168,0.2420301843,1.0000000000,0.9999385970,0.0727872546,1.0000000000,0.9732472336,0.9999984869
2024-08-06,0.2445955664,0.2420196864,0.9894688200,0.9978446416,0.0923818127,1.0000000000,0.9785977868,0.9999984869
2024-08-07,0.2034331312,0.2420301843,1.0000000000,0.9982757133,0.1566237594,0.6367578317,0.9102297958,0.9999984869
2024-08-08,0.1829646272,0.2420196864,1.0000000000,0.9986205706,0.1256653991,0.7940062415,0.8869850850,0.9999984869
2024-08-09,0.1872656591,0.2416758026,1.0000000000,0.9988964565,0.1040897435,0.9590456631,0.9013972006,0.9999984869
2024-08-10,0.1677614946,0.2413319188,1.0000000000,0.9991171652,0.1022738652,0.9775061467,0.9166189898,0.9999984869
2024-08-11,0.1783484192,0.2412943653,1.0000000000,0.9992937322,0.0806817411,1.0000000000,0.9332951918,0.9999984869
2024-08-12,0.1671944050,0.2412568119,1.0000000000,0.9994349857,0.0740355661,1.0000000000,0.9466361535,0.9999984869
2024-08-13,0.1748023404,0.2412224649,1.0000000000,0.9995479886,0.0683606248,1.0000000000,0.9573089228,0.9999984869
2024-08-14,0.1725572387,0.2411881179,1.0000000000,0.9996383909,0.0554762312,1.0000000000,0.9658471382,0.9999984869
2024-08-15,0.1844675616,0.2411491706,1.0000000000,0.9997107127,0.0779294346,1.0000000000,0.9726777106,0.9999984869
2024-08-16,0.2403806572,0.2411102232,1.0000000000,0.9997685702,0.0897330869,1.0000000000,0.9781421685,0.9999984869
2024-08-17,0.3573505359,0.2410248467,0.6744773616,0.9347103284,0.0901113675,1.0000000000,0.9825137348,0.9999984869
2024-08-18,0.3260403189,0.2411102232,0.7395104508,0.8956703529,0.0865417377,1.0000000000,0.9860109878,0.9999984869
2024-08-19,0.2818083991,0.2411491706,0.8557203097,0.8876803443,0.0845779353,1.0000000000,0.9888087903,0.9999984869
2024-08-20,0.3043486031,0.2411881179,0.7924732212,0.8686389197,0.0918556979,1.0000000000,0.9910470322,0.9999984869
2024-08-21,0.2927585323,0.2412224649,0.8239639098,0.8597039177,0.0900042163,1.0000000000,0.9928376258,0.9999984869
2024-08-22,0.3243573177,0.2412568119,0.7437995037,0.8365230349,0.0858786483,1.0000000000,0.9942701006,0.9999984869
2024-08-23,0.3254042295,0.2412943653,0.7415219086,0.8175228096,0.0632054918,1.0000000000,0.9954160805,0.9999984869
2024-08-24,0.3372785519,0.2413319188,0.7155270247,0.7971236526,0.0556442507,1.0000000000,0.9963328644,0.9999984869
2024-08-25,0.3480218715,0.2416758026,0.6944270531,0.7765843327,0.0353000687,1.0000000000,0.9970662915,0.9999984869
2024-08-26,0.3013201995,0.2420196864,0.8031976842,0.7819070030,0.0271540062,1.0000000000,0.9976530332,0.9999984869
2024-08-27,0.2666469251,0.2420301843,0.9076803876,0.8070616799,0.0656034126,1.0000000000,0.9981224266,0.9999984869
2024-08-28,0.2770719495,0.2420406821,0.8735661716,0.8203625783,0.0597232734,1.0000000000,0.9984979413,0.9999984869
2024-08-29,0.3058364818,0.2421114766,0.7916370055,0.8146174637,0.0577089340,1.0000000000,0.9987983530,0.9999984869
2024-08-30,0.3260535009,0.2421822711,0.7427685040,0.8002476718,0.0474278229,1.0000000000,0.9990386824,0.9999943503
2024-08-31,0.3668970149,0.2422300693,0.6602127013,0.7722406777,0.0388025753,1.0000000000,0.9992309459,0.9999943503
2024-09-01,0.3529029864,0.2422778676,0.6865282440,0.7550981910,0.0529752786,1.0000000000,0.9993847567,0.9999943503
2024-09-02,0.2838131062,0.2423185381,0.8537961527,0.7748377833,0.0356083363,1.0000000000,0.9995078054,0.9999943503
2024-09-03,0.2862613020,0.2423592087,0.8466362969,0.7891974860,0.0501064104,1.0000000000,0.9996062443,0.9999943503
2024-09-04,0.2175702930,0.2424092497,1.0000000000,0.8313579888,0.0297196608,1.0000000000,0.9996849954,0.9999943503
2024-09-05,0.1600163681,0.2423592087,1.0000000000,0.8650863911,0.0247009098,1.0000000000,0.9997479964,0.9999943503
2024-09-06,0.2114684473,0.2423185381,1.0000000000,0.8920691128,0.0302051745,1.0000000000,0.9997983971,0.9999943503
2024-09-07,0.0910762357,0.2422778676,1.0000000000,0.9136552903,0.0297239789,1.0000000000,0.9998387177,0.9999943503
2024-09-08,0.0952891737,0.2422300693,1.0000000000,0.9309242322,0.0218024234,1.0000000000,0.9998709741,0.9999943503
2024-09-09,0.1219771331,0.2421822711,1.0000000000,0.9447393858,0.0277369667,1.0000000000,0.9998967793,0.9999943503
2024-09-10,0.1109615918,0.2421114766,1.0000000000,0.9557915086,0.0244038629,1.0000000000,0.9999174234,0.9999943503
2024-09-11,0.0968372299,0.2420406821,1.0000000000,0.9646332069,0.0257118205,1.0000000000,0.9999339388,0.9999943503
2024-09-12,0.0865363789,0.2420301843,1.0000000000,0.9717065655,0.0312205995,1.0000000000,0.9999471510,0.9999943503
2024-09-13,0.1043771983,0.2420196864,1.0000000000,0.9773652524,0.0448917517,1.0000000000,0.9999577208,0.9999943503
2024-09-14,0.1387903732,0.2416758026,1.0000000000,0.9818922019,0.0592754145,1.0000000000,0.9999661766,0.9999943503
2024-09-15,0.1967907838,0.2413319188,1.0000000000,0.9855137615,0.0792704208,1.0000000000,0.9999729413,0.9999943503
2024-09-16,0.1789571605,0.2412943653,1.0000000000,0.9884110092,0.0571628830,1.0000000000,0.9999783531,0.9999943503
2024-09-17,0.1883980857,0.2412568119,1.0000000000,0.9907288074,0.0575909977,1.0000000000,0.9999826824,0.9999943503
2024-09-18,0.2079458383,0.2412224649,1.0000000000,0.9925830459,0.0512951202,1.0000000000,0.9999861460,0.9999943503
2024-09-19,0.1752613507,0.2411881179,1.0000000000,0.9940664367,0.0345995875,1.0000000000,0.9999889168,0.9999943503
2024-09-20,0.1952175129,0.2411491706,1.0000000000,0.9952531494,0.0260782339,1.0000000000,0.9999911334,0.9999943503
2024-09-21,0.1702988287,0.2411102232,1.0000000000,0.9962025195,0.0329397498,1.0000000000,0.9999929067,0.9999943503
2024-09-22,0.1576854801,0.2410248467,1.0000000000,0.9969620156,0.0371220176,1.0000000000,0.9999943254,0.9999943503
2024-09-23,0.1583067030,0.2409394701,1.0000000000,0.9975696125,0.0398723914,1.0000000000,0.9999954603,0.9999943503
2024-09-24,0.1855313017,0.2408826932,1.0000000000,0.9980556900,0.0467835389,1.0000000000,0.9999963682,0.9999943503
2024-09-25,0.1706652763,0.2408259163,1.0000000000,0.9984445520,0.0355717121,1.0000000000,0.9999970946,0.9999943503
2024-09-26,0.1483432886,0.2407106039,1.0000000000,0.9987556416,0.0360300643,1.0000000000,0.9999976757,0.9999943503
2024-09-27,0.1464516724,0.2405952916,1.0000000000,0.9990045133,0.0392540687,1.0000000000,0.9999981405,0.9999943503
2024-09-28,0.1741634412,0.2405525081,1.0000000000,0.9992036106,0.0179047253,1.0000000000,0.9999985124,0.9999943503
2024-09-29,0.1411555494,0.2405097246,1.0000000000,0.9993628885,0.0207788225,1.0000000000,0.9999988099,1.0000000000
2024-09-30,0.1632113031,0.2404451909,1.0000000000,0.9994903108,0.0163159575,1.0000000000,0.9999990480,1.0000000000
2024-10-01,0.1863667263,0.2403806572,1.0000000000,0.9995922486,0.0324285400,1.0000000000,0.9999992384,1.0000000000
2024-10-02,0.1880684373,0.2403622318,1.0000000000,0.9996737989,0.0336353400,1.0000000000,0.9999993907,1.0000000000
2024-10-03,0.1446642476,0.2403438064,1.0000000000,0.9997390391,0.0370432798,1.0000000000,0.9999995126,1.0000000000
2024-10-04,0.2040960148,0.2403022124,1.0000000000,0.9997912313,0.0608968748,1.0000000000,0.9999996100,1.0000000000
2024-10-05,0.2528072689,0.2402606183,0.9503706889,0.9899071228,0.0593527592,1.0000000000,0.9999996880,1.0000000000
2024-10-06,0.1978806310,0.2403022124,1.0000000000,0.9919256983,0.0793177837,1.0000000000,0.9999997504,1.0000000000
2024-10-07,0.3246138833,0.2402606183,0.7401427687,0.9415691123,0.0701130837,1.0000000000,0.9999998003,1.0000000000
2024-10-08,0.2236616240,0.2403022124,1.0000000000,0.9532552899,0.0625706536,1.0000000000,0.9999998403,1.0000000000
2024-10-09,0.2727346382,0.2402606183,0.8809318096,0.9387905938,0.0435748730,1.0000000000,0.9999998722,1.0000000000
2024-10-10,0.2029940309,0.2403022124,1.0000000000,0.9510324751,0.0327160033,1.0000000000,0.9999998978,1.0000000000
2024-10-11,0.2008768347,0.2402606183,1.0000000000,0.9608259800,0.0377633304,1.0000000000,0.9999999182,1.0000000000
2024-10-12,0.1404039920,0.2401198629,1.0000000000,0.9686607840,0.0373288977,1.0000000000,0.9999999346,1.0000000000
2024-10-13,0.2243105901,0.2399791074,1.0000000000,0.9749286272,0.0466862528,1.0000000000,0.9999999477,1.0000000000
2024-10-14,0.1875602170,0.2398711336,1.0000000000,0.9799429018,0.0439370492,1.0000000000,0.9999999581,1.0000000000
2024-10-15,0.1722513430,0.2397631598,1.0000000000,0.9839543214,0.0518032018,1.0000000000,0.9999999665,1.0000000000
2024-10-16,0.1466642839,0.2396731411,1.0000000000,0.9871634571,0.0407713614,1.0000000000,0.9999999732,1.0000000000
2024-10-17,0.2588641450,0.2395831224,0.9255168282,0.9748341314,0.0378012462,1.0000000000,0.9999999786,1.0000000000
2024-10-18,0.2103412276,0.2396731411,1.0000000000,0.9798673051,0.0571063360,1.0000000000,0.9999999828,1.0000000000
2024-10-19,0.1999273990,0.2395831224,1.0000000000,0.9838938441,0.0809471327,1.0000000000,0.9999999863,1.0000000000
2024-10-20,0.1567045608,0.2392990526,1.0000000000,0.9871150753,0.0837411823,1.0000000000,0.9999999890,1.0000000000
2024-10-21,0.2104513694,0.2390149827,1.0000000000,0.9896920602,0.0890139753,1.0000000000,0.9999999912,1.0000000000
2024-10-22,0.2035322838,0.2389874048,1.0000000000,0.9917536482,0.0668108747,1.0000000000,0.9999999930,1.0000000000
2024-10-23,0.1493790929,0.2389598269,1.0000000000,0.9934029185,0.0788358952,1.0000000000,0.9999999944,1.0000000000
2024-10-24,0.1416733440,0.2387291633,1.0000000000,0.9947223348,0.0803621985,1.0000000000,0.9999999955,1.0000000000
2024-10-25,0.1619624829,0.2384984996,1.0000000000,0.9957778679,0.0740440109,1.0000000000,0.9999999964,1.0000000000
2024-10-26,0.1588712707,0.2383801000,1.0000000000,0.9966222943,0.0717298442,1.0000000000,0.9999999971,1.0000000000
2024-10-27,0.2107551416,0.2382617004,1.0000000000,0.9972978354,0.0851595260,1.0000000000,0.9999999977,1.0000000000
2024-10-28,0.1952124272,0.2382581500,1.0000000000,0.9978382683,0.0916558876,1.0000000000,0.9999999982,1.0000000000
2024-10-29,0.1775522248,0.2382545996,1.0000000000,0.9982706147,0.0972820487,0.9932195982,0.9986439182,1.0000000000
2024-10-30,0.2056754027,0.2381710007,1.0000000000,0.9986164917,0.0973513382,0.9926916199,0.9974534585,1.0000000000
2024-10-31,0.1999975691,0.2380874019,1.0000000000,0.9988931934,0.0830023825,1.0000000000,0.9979627668,1.0000000000
2024-11-01,0.2149809950,0.2380583602,1.0000000000,0.9991145547,0.0728422751,1.0000000000,0.9983702134,1.0000000000
2024-11-02,0.2716241879,0.2380293186,0.8763185649,0.9745553567,0.0690379148,1.0000000000,0.9986961708,1.0000000000
2024-11-03,0.2216702711,0.2380583602,1.0000000000,0.9796442854,0.0586511112,1.0000000000,0.9989569366,1.0000000000
2024-11-04,0.2903205537,0.2380293186,0.8198844880,0.9476923259,0.0510107343,1.0000000000,0.9991655493,1.0000000000
2024-11-05,0.2660828269,0.2380583602,0.8946776572,0.9370893922,0.0679576528,1.0000000000,0.9993324394,1.0000000000
2024-11-06,0.2166696678,0.2380874019,1.0000000000,0.9496715137,0.0924235619,1.0000000000,0.9994659515,1.0000000000
2024-11-07,0.2226991271,0.2380583602,1.0000000000,0.9597372110,0.0942393743,1.0000000000,0.9995727612,1.0000000000
2024-11-08,0.2604941441,0.2380293186,0.9137607273,0.9505419142,0.0895853415,1.0000000000,0.9996582090,1.0000000000
2024-11-09,0.2490177419,0.2380583602,0.9559895549,0.9516314424,0.0667346449,1.0000000000,0.9997265672,1.0000000000
2024-11-10,0.2001760063,0.2380874019,1.0000000000,0.9613051539,0.0779614349,1.0000000000,0.9997812538,1.0000000000
2024-11-11,0.1884927090,0.2380583602,1.0000000000,0.9690441231,0.0796546946,1.0000000000,0.9998250030,1.0000000000
2024-11-12,0.2021279345,0.2380293186,1.0000000000,0.9752352985,0.0906256879,1.0000000000,0.9998600024,1.0000000000
2024-11-13,0.2265210487,0.2379811039,1.0000000000,0.9801882388,0.0944527764,1.0000000000,0.9998880019,1.0000000000
2024-11-14,0.2601615356,0.2379328893,0.9145582908,0.9670622492,0.1261087119,0.7637787069,0.9526661429,1.0000000000
2024-11-15,0.2744482651,0.2379811039,0.8671255541,0.9470749102,0.1790871907,0.5380227741,0.8697374692,1.0000000000
2024-11-16,0.2453238884,0.2380293186,0.9702655543,0.9517130390,0.2741774500,0.3515829740,0.7661065701,1.0000000000
2024-11-17,0.2705108573,0.2380583602,0.8800325526,0.9373769417,0.2530248321,0.3811454339,0.6891143429,1.0000000000
2024-11-18,0.2518849960,0.2380874019,0.9452226438,0.9389460821,0.2711989460,0.3556260888,0.6224166921,1.0000000000
2024-11-19,0.2784632583,0.2381710007,0.8553049410,0.9222178539,0.2703723403,0.3567361270,0.5692805790,1.0000000000
2024-11-20,0.3098463177,0.2382545996,0.7689444283,0.8915631688,0.2713140969,0.3555319640,0.5265308560,1.0000000000
2024-11-21,0.2886320543,0.2382581500,0.8254736313,0.8783452613,0.2980351979,0.3236868887,0.4859620626,1.0000000000
2024-11-22,0.3045016438,0.2382617004,0.7824644143,0.8591690919,0.3621968133,0.2663525946,0.4420401690,1.0000000000
2024-11-23,0.2824467192,0.2383801000,0.8439825419,0.8561317819,0.3528371935,0.2734236577,0.4083168667,1.0000000000
2024-11-24,0.2694831164,0.2384984996,0.8850220482,0.8619098352,0.3336369494,0.2893550212,0.3845244976,1.0000000000
2024-11-25,0.2785783556,0.2387291633,0.8569551742,0.8609189030,0.3419617421,0.2825024125,0.3641200806,1.0000000000
2024-11-26,0.3077774493,0.2389598269,0.7764045984,0.8440160421,0.3594990748,0.2687696412,0.3450499927,1.0000000000
2024-11-27,0.2858230158,0.2389874048,0.8361377202,0.8424403777,0.3574217723,0.2703804443,0.3301160830,1.0000000000
2024-11-28,0.3239278625,0.2390149827,0.7378648472,0.8215252716,0.3857521309,0.2506783802,0.3142285424,1.0000000000
2024-11-29,0.3768076181,0.2392990526,0.6350695715,0.7842341316,0.4590144294,0.2107985608,0.2935425461,1.0000000000
2024-11-30,0.3185376595,0.2395831224,0.7521343717,0.7778141796,0.4834052918,0.2001983754,0.2748737120,1.0000000000
2024-12-01,0.3337058829,0.2396731411,0.7182167094,0.7658946855,0.5585756152,0.1732877777,0.2545565251,1.0000000000
2024-12-02,0.3027329690,0.2397631598,0.7919955352,0.7711148555,0.5722180828,0.1692727616,0.2374997724,1.0000000000
2024-12-03,0.3187632752,0.2398711336,0.7525055496,0.7673929943,0.5304709111,0.1827198085,0.2265437796,1.0000000000
2024-12-04,0.3098568440,0.2399791074,0.7744838045,0.7688111563,0.4332592171,0.2241263247,0.2260602886,1.0000000000
2024-12-05,0.3103895617,0.2401198629,0.7736080477,0.7697705346,0.3623349259,0.2684865348,0.2345455379,1.0000000000
2024-12-06,0.2717090399,0.2402606183,0.8842569919,0.7926678261,0.2855621079,0.3406915443,0.2557747392,1.0000000000
2024-12-07,0.3218767932,0.2403022124,0.7465658210,0.7834474251,0.3560105106,0.2732928929,0.2592783699,1.0000000000
2024-12-08,0.2900963958,0.2403438064,0.8284963547,0.7924572110,0.3350947795,0.2904114201,0.2655049800,1.0000000000
2024-12-09,0.2339477564,0.2403622318,1.0000000000,0.8339657688,0.3014082080,0.3229359939,0.2769911827,1.0000000000
2024-12-10,0.2611157735,0.2403438064,0.9204492060,0.8512624562,0.3341146332,0.2913474569,0.2798624376,1.0000000000
2024-12-11,0.2896113575,0.2403622318,0.8299475335,0.8469994717,0.2913743719,0.3341108469,0.2907121194,1.0000000000
2024-12-12,0.2999663575,0.2403806572,0.8013587230,0.8378713219,0.2178553827,0.4471141546,0.3219925265,1.0000000000
2024-12-13,0.3000260174,0.2404451909,0.8014144674,0.8305799510,0.2299220254,0.4238876733,0.3423715558,1.0000000000
2024-12-14,0.3002270869,0.2405097246,0.8010926898,0.8246824988,0.2411496041,0.4046573280,0.3548287103,1.0000000000
2024-12-15,0.2859545559,0.2405525081,0.8412263527,0.8279912696,0.2201606123,0.4437887208,0.3726207124,1.0000000000
2024-12-16,0.2746945295,0.2405952916,0.8758648819,0.8375659920,0.2321955513,0.4207954016,0.3822556502,1.0000000000
2024-12-17,0.2609411623,0.2407106039,0.9224708046,0.8545469545,0.2404333123,0.4063864658,0.3870818133,1.0000000000
2024-12-18,0.2937464957,0.2408259163,0.8198426866,0.8476061010,0.1999815955,0.4887779486,0.4074210404,1.0000000000
2024-12-19,0.2322564991,0.2408826932,1.0000000000,0.8780848808,0.1594240778,0.6133599477,0.4486088218,1.0000000000
2024-12-20,0.2521571603,0.2408259163,0.9550627709,0.8934804588,0.1317075074,0.7427179275,0.5074306430,1.0000000000
2024-12-21,0.2744529606,0.2408826932,0.8776829831,0.8903209637,0.1153632815,0.8482656571,0.5755976458,1.0000000000
2024-12-22,0.2830345290,0.2409394701,0.8512723553,0.8825112420,0.1081606078,0.9049472357,0.6414675638,1.0000000000
2024-12-23,0.2634359007,0.2410248467,0.9149278667,0.8889945669,0.0752716816,1.0000000000,0.7131740510,1.0000000000
2024-12-24,0.2526367962,0.2411102232,0.9543749243,0.9020706384,0.0614521884,1.0000000000,0.7705392408,1.0000000000
2024-12-25,0.2687016529,0.2411491706,0.8974606891,0.9011486485,0.0851282407,1.0000000000,0.8164313926,1.0000000000
2024-12-26,0.2704789164,0.2411881179,0.8917076463,0.8992604481,0.0801458268,1.0000000000,0.8531451141,1.0000000000
2024-12-27,0.2816577414,0.2412224649,0.8564382562,0.8906960097,0.0834391500,1.0000000000,0.8825160913,1.0000000000
2024-12-28,0.2766680500,0.2412568119,0.8720082132,0.8869584504,0.0747145429,1.0000000000,0.9060128730,1.0000000000
2024-12-29,0.3567867392,0.2412943653,0.6762985806,0.8448264764,0.0545112018,1.0000000000,0.9248102984,1.0000000000
2024-12-30,0.3117203339,0.2413319188,0.7741937003,0.8306999212,0.0704762406,1.0000000000,0.9398482387,1.0000000000
2024-12-31,0.2719623101,0.2416758026,0.8886371147,0.8422873599,0.0660748842,1.0000000000,0.9518785910,1.0000000000
2025-01-01,0.2884490043,0.2420196864,0.8390380375,0.8416374954,0.0756653369,1.0000000000,0.9615028728,1.0000000000
2025-01-02,0.2778409377,0.2420301843,0.8711105940,0.8475321151,0.0450401369,1.0000000000,0.9692022982,1.0000000000
2025-01-03,0.2349012673,0.2420406821,1.0000000000,0.8780256921,0.0349781385,1.0000000000,0.9753618386,1.0000000000
2025-01-04,0.2274108945,0.2420301843,1.0000000000,0.9024205537,0.0313548624,1.0000000000,0.9802894709,1.0000000000
2025-01-05,0.2605204969,0.2420196864,0.9289852020,0.9077334834,0.0357274846,1.0000000000,0.9842315767,1.0000000000
2025-01-06,0.2280013773,0.2420301843,1.0000000000,0.9261867867,0.0303059531,1.0000000000,0.9873852614,1.0000000000
2025-01-07,0.2108977775,0.2420196864,1.0000000000,0.9409494293,0.0313050853,1.0000000000,0.9899082091,1.0000000000
2025-01-08,0.2104776593,0.2416758026,1.0000000000,0.9527595435,0.0389876181,1.0000000000,0.9919265673,1.0000000000
2025-01-09,0.2226472550,0.2413319188,1.0000000000,0.9622076348,0.0365471151,1.0000000000,0.9935412538,1.0000000000
2025-01-10,0.2155229119,0.2412943653,1.0000000000,0.9697661078,0.0360034101,1.0000000000,0.9948330031,1.0000000000
2025-01-11,0.1467643779,0.2412568119,1.0000000000,0.9758128863,0.0659859222,1.0000000000,0.9958664024,1.0000000000
2025-01-12,0.1661175399,0.2412224649,1.0000000000,0.9806503090,0.0554226422,1.0000000000,0.9966931220,1.0000000000
2025-01-13,0.1585302548,0.2411881179,1.0000000000,0.9845202472,0.0726364177,1.0000000000,0.9973544976,1.0000000000
2025-01-14,0.1344773172,0.2411491706,1.0000000000,0.9876161978,0.0898344421,1.0000000000,0.9978835981,1.0000000000
2025-01-15,0.1274670412,0.2411102232,1.0000000000,0.9900929582,0.1471149978,0.6578320058,0.9298732796,1.0000000000
2025-01-16,0.1509180263,0.2410248467,1.0000000000,0.9920743666,0.1699977483,0.5693859359,0.8577758109,1.0000000000
2025-01-17,0.1354572831,0.2409394701,1.0000000000,0.9936594933,0.1654757865,0.5853480873,0.8032902661,1.0000000000
2025-01-18,0.1708850322,0.2408826932,1.0000000000,0.9949275946,0.1991340805,0.4867451269,0.7399812383,1.0000000000
2025-01-19,0.1630842306,0.2408259163,1.0000000000,0.9959420757,0.1831495423,0.5301940412,0.6980237989,1.0000000000
2025-01-20,0.1812362469,0.2407106039,1.0000000000,0.9967536605,0.1829151843,0.5318423895,0.6647875170,1.0000000000
2025-01-21,0.2126454465,0.2405952916,1.0000000000,0.9974029284,0.1498728508,0.6491408886,0.6616581913,1.0000000000
2025-01-22,0.2249771671,0.2405525081,1.0000000000,0.9979223428,0.1467026056,0.6632134579,0.6619692446,1.0000000000
2025-01-23,0.2300801060,0.2405097246,1.0000000000,0.9983378742,0.1306559277,0.7448215518,0.6785397061,1.0000000000
2025-01-24,0.2515147894,0.2404451909,0.9559882799,0.9898679553,0.1427672374,0.6817779834,0.6791873615,1.0000000000
2025-01-25,0.2868140642,0.2405097246,0.8385562449,0.9596056132,0.1457450551,0.6679022396,0.6769303371,1.0000000000
2025-01-26,0.2720201289,0.2405525081,0.8843187786,0.9445482463,0.1431667087,0.6799858644,0.6775414426,1.0000000000
2025-01-27,0.2146853904,0.2405952916,1.0000000000,0.9556385971,0.1446504223,0.6733905350,0.6767112611,1.0000000000
2025-01-28,0.2547699538,0.2405525081,0.9441949669,0.9533498710,0.1368958968,0.7119359651,0.6837562019,1.0000000000
2025-01-29,0.2469170310,0.2405952916,0.9743973132,0.9575593595,0.1459363969,0.6686676969,0.6807385009,1.0000000000
2025-01-30,0.2533324788,0.2407106039,0.9501766417,0.9560828159,0.1410169833,0.6928583650,0.6831624737,1.0000000000
2025-01-31,0.2559742997,0.2408259163,0.9408206859,0.9530303899,0.1008853597,0.9684935507,0.7402286891,1.0000000000
2025-02-01,0.3212050138,0.2408826932,0.7499344121,0.9124111944,0.0929525086,1.0000000000,0.7921829513,1.0000000000
2025-02-02,0.2789799848,0.2409394701,0.8636442870,0.9026578129,0.0901488296,1.0000000000,0.8337463610,1.0000000000
2025-02-03,0.2758462604,0.2410248467,0.8737651411,0.8968792785,0.1127092132,0.8668749759,0.8403720840,1.0000000000
2025-02-04,0.2844892039,0.2411102232,0.8475197649,0.8870073758,0.1171075295,0.8343342282,0.8391645129,1.0000000000
2025-02-05,0.2847836538,0.2411491706,0.8467802393,0.8789619485,0.1107428650,0.8823037403,0.8477923583,1.0000000000
2025-02-06,0.2949771993,0.2411881179,0.8176500369,0.8666995662,0.1047893738,0.9327910887,0.8647921044,1.0000000000
2025-02-07,0.2881084459,0.2412224649,0.8372627332,0.8608121996,0.0949540905,1.0000000000,0.8918336835,1.0000000000
2025-02-08,0.2702422253,0.2412568119,0.8927428407,0.8671983278,0.0772926971,1.0000000000,0.9134669468,1.0000000000
2025-02-09,0.2955826012,0.2412943653,0.8163348056,0.8570256234,0.0841544081,1.0000000000,0.9307735575,1.0000000000
2025-02-10,0.3038281366,0.2413319188,0.7943040478,0.8444813083,0.0792778504,1.0000000000,0.9446188460,1.0000000000
2025-02-11,0.3134278271,0.2416758026,0.7710732159,0.8297996898,0.0970308884,1.0000000000,0.9556950768,1.0000000000
2025-02-12,0.3397581811,0.2420196864,0.7123292385,0.8063055995,0.1152891045,0.8464195716,0.9338399757,1.0000000000
2025-02-13,0.3383915531,0.2420301843,0.7152370740,0.7880918944,0.0994672368,0.9822811974,0.9435282201,1.0000000000
2025-02-14,0.3462266641,0.2420406821,0.6990815764,0.7702898308,0.0873717327,1.0000000000,0.9548225761,1.0000000000
2025-02-15,0.3901744522,0.2421114766,0.6205210906,0.7403360828,0.0868064987,1.0000000000,0.9638580608,1.0000000000
2025-02-16,0.3863072503,0.2421822711,0.6269161941,0.7176521050,0.0857498485,1.0000000000,0.9710864487,1.0000000000
2025-02-17,0.2862294622,0.2422300693,0.8462793013,0.7433775443,0.0955412341,1.0000000000,0.9768691589,1.0000000000
2025-02-18,0.3231474142,0.2422778676,0.7497441011,0.7446508556,0.1025132159,0.9501821243,0.9715317520,1.0000000000
2025-02-19,0.3415987726,0.2423185381,0.7093659509,0.7375938747,0.1188236357,0.8202165488,0.9412687114,1.0000000000
2025-02-20,0.3508412810,0.2423592087,0.6907944471,0.7282339892,0.1024434698,0.9525541713,0.9435258034,1.0000000000
2025-02-21,0.3244933656,0.2424092497,0.7470391552,0.7319950224,0.0889267952,1.0000000000,0.9548206427,1.0000000000
2025-02-22,0.3665490653,0.2424592907,0.6614647631,0.7178889705,0.0894540636,1.0000000000,0.9638565142,1.0000000000
2025-02-23,0.3949538313,0.2424628028,0.6139016350,0.6970915034,0.1167418718,0.8348428110,0.9380537735,1.0000000000
2025-02-24,0.3392619064,0.2424663149,0.7146877097,0.7006107447,0.1628848711,0.5990915778,0.8702613344,1.0000000000
2025-02-25,0.3260132524,0.2425565958,0.7440083925,0.7092902743,0.1450417615,0.6736321696,0.8309355014,1.0000000000
2025-02-26,0.3867266626,0.2426468768,0.6274376719,0.6929197538,0.1474118728,0.6628151343,0.7973114280,1.0000000000
2025-02-27,0.3837002935,0.2427677054,0.6327013804,0.6808760791,0.1361176584,0.7178263655,0.7814144155,1.0000000000
2025-02-28,0.2546397578,0.2428885339,0.9538515746,0.7354711782,0.0932046605,1.0000000000,0.8251315324,1.0000000000
2025-03-01,0.1830859649,0.2429195809,1.0000000000,0.7883769426,0.1201036842,0.8135374417,0.8228127143,1.0000000000
2025-03-02,0.1638226171,0.2428885339,1.0000000000,0.8307015541,0.1168936002,0.8362014161,0.8254904546,1.0000000000
2025-03-03,0.1799077337,0.2427677054,1.0000000000,0.8645612432,0.1200524861,0.8145132784,0.8232950194,1.0000000000
2025-03-04,0.1632032457,0.2426468768,1.0000000000,0.8916489946,0.1139819327,0.8582195845,0.8302799324,1.0000000000
2025-03-05,0.1563140628,0.2425565958,1.0000000000,0.9133191957,0.1025249881,0.9544864295,0.8551212318,1.0000000000
2025-03-06,0.1894936117,0.2424663149,1.0000000000,0.9306553565,0.1153419415,0.8486040876,0.8538178030,1.0000000000
2025-03-07,0.1791993320,0.2424628028,1.0000000000,0.9445242852,0.0948518659,1.0000000000,0.8830542424,1.0000000000
2025-03-08,0.1777187299,0.2424592907,1.0000000000,0.9556194282,0.0828294499,1.0000000000,0.9064433939,1.0000000000
2025-03-09,0.1895702602,0.2424092497,1.0000000000,0.9644955425,0.0747043045,1.0000000000,0.9251547151,1.0000000000
2025-03-10,0.2171642410,0.2423592087,1.0000000000,0.9715964340,0.0827686279,1.0000000000,0.9401237721,1.0000000000
2025-03-11,0.2651039120,0.2423185381,0.9140511593,0.9600873791,0.0822079939,1.0000000000,0.9520990177,1.0000000000
2025-03-12,0.2353724629,0.2423592087,1.0000000000,0.9680699033,0.1022258475,0.9561827701,0.9529157682,1.0000000000
2025-03-13,0.2307970692,0.2423185381,1.0000000000,0.9744559226,0.1113316409,0.8783158432,0.9379957832,1.0000000000
2025-03-14,0.2473248025,0.2422778676,0.9795938986,0.9754835178,0.1143916617,0.8551456063,0.9214257478,1.0000000000
2025-03-15,0.1639726143,0.2423185381,1.0000000000,0.9803868143,0.1289281696,0.7590172893,0.8889440561,1.0000000000
2025-03-16,0.2383748219,0.2422778676,1.0000000000,0.9843094514,0.1150277383,0.8509220859,0.8813396621,1.0000000000
2025-03-17,0.2206228131,0.2422300693,1.0000000000,0.9874475611,0.1123282395,0.8715580044,0.8793833305,1.0000000000
2025-03-18,0.2356717415,0.2421822711,1.0000000000,0.9899580489,0.0934117189,1.0000000000,0.9035066644,1.0000000000
2025-03-19,0.2132053267,0.2421114766,1.0000000000,0.9919664391,0.0943600608,1.0000000000,0.9228053315,1.0000000000
2025-03-20,0.2795030059,0.2420406821,0.8659680828,0.9667667678,0.1191062474,0.8217842906,0.9026011233,1.0000000000
2025-03-21,0.3335083217,0.2421114766,0.7259533296,0.9186040802,0.0908214192,1.0000000000,0.9220808987,1.0000000000
2025-03-22,0.3331954006,0.2421822711,0.7268475815,0.8802527805,0.1278493221,0.7655859367,0.8907819063,1.0000000000
2025-03-23,0.2561006003,0.2422300693,0.9458395219,0.8933701288,0.0629612160,1.0000000000,0.9126255250,1.0000000000
2025-03-24,0.1652682529,0.2422778676,1.0000000000,0.9146961030,0.0500188033,1.0000000000,0.9301004200,1.0000000000
2025-03-25,0.1857296905,0.2422300693,1.0000000000,0.9317568824,0.0478126543,1.0000000000,0.9440803360,1.0000000000
2025-03-26,0.1446940709,0.2421822711,1.0000000000,0.9454055059,0.0545810782,1.0000000000,0.9552642688,1.0000000000
2025-03-27,0.1514516621,0.2421114766,1.0000000000,0.9563244047,0.0489288328,1.0000000000,0.9642114150,1.0000000000
2025-03-28,0.2383159018,0.2420406821,1.0000000000,0.9650595238,0.0701097263,1.0000000000,0.9713691320,0.9999999940
2025-03-29,0.2699363727,0.2420301843,0.8966193843,0.9513714959,0.0666287490,1.0000000000,0.9770953056,0.9999999940
2025-03-30,0.2762269595,0.2420406821,0.8762384473,0.9363448862,0.0553633840,1.0000000000,0.9816762445,0.9999999940
2025-03-31,0.1884167451,0.2421114766,1.0000000000,0.9490759090,0.0567421583,1.0000000000,0.9853409956,0.9999999940
2025-04-01,0.1968564657,0.2420406821,1.0000000000,0.9592607272,0.0418350109,1.0000000000,0.9882727965,0.9999999940
2025-04-02,0.2508287477,0.2420301843,0.9649220294,0.9603929876,0.0523591822,1.0000000000,0.9906182372,0.9999999940
2025-04-03,0.2970445501,0.2420406821,0.8148295671,0.9312803035,0.0661445990,1.0000000000,0.9924945897,0.9999999940
2025-04-04,0.1753216999,0.2421114766,1.0000000000,0.9450242428,0.0453925218,1.0000000000,0.9939956718,0.9999999940
2025-04-05,0.4744246682,0.2420406821,0.5101772702,0.8580548483,0.0308627830,1.0000000000,0.9951965374,0.9999999940
2025-04-06,0.3555445821,0.2421114766,0.6809595443,0.8226357875,0.0566713954,1.0000000000,0.9961572300,0.9999999940
2025-04-07,0.2552579231,0.2421822711,0.9487747457,0.8478635791,0.0667061712,1.0000000000,0.9969257840,0.9999999940
2025-04-08,0.1748424612,0.2422300693,1.0000000000,0.8782908633,0.1112243826,0.8747645087,0.9724935289,0.9999999940
2025-04-09,0.2603374767,0.2421822711,0.9302628040,0.8886852514,0.0673884731,1.0000000000,0.9779948231,0.9999999940
2025-04-10,0.2262657971,0.2422300693,1.0000000000,0.9109482012,0.0796225380,1.0000000000,0.9823958585,0.9999999940
2025-04-11,0.1331688091,0.2421822711,1.0000000000,0.9287585609,0.0913318384,1.0000000000,0.9859166868,0.9999999940
2025-04-12,0.1414618874,0.2421114766,1.0000000000,0.9430068487,0.0833611021,1.0000000000,0.9887333494,0.9999999940
2025-04-13,0.4067882839,0.2420406821,0.5950040641,0.8734062918,0.0849510872,1.0000000000,0.9909866796,0.9999999940
2025-04-14,0.4751321183,0.2421114766,0.5095666390,0.8006383613,0.0790576947,1.0000000000,0.9927893436,0.9999999940
2025-04-15,0.4649336078,0.2421822711,0.5208964614,0.7446899813,0.0767048388,1.0000000000,0.9942314749,0.9999999940
2025-04-16,0.5116275181,0.2422300693,0.4734500408,0.6904419932,0.0801825460,1.0000000000,0.9953851799,0.9999999940
2025-04-17,0.5481650858,0.2422778676,0.4419797500,0.6407495445,0.0845656304,1.0000000000,0.9963081439,0.9999999940
2025-04-18,0.5918169384,0.2423185381,0.4094484670,0.5944893290,0.0793067301,1.0000000000,0.9970465152,0.9999999940
2025-04-19,0.5832088455,0.2423592087,0.4155616133,0.5587037859,0.0833342129,1.0000000000,0.9976372121,0.9999999940
2025-04-20,0.5633990369,0.2424092497,0.4302620946,0.5330154476,0.0874999027,1.0000000000,0.9981097697,0.9999999940
2025-04-21,0.5312507928,0.2424592907,0.4563932779,0.5176910137,0.0988840433,0.9779102484,0.9940698654,0.9999999940
2025-04-22,0.4889494672,0.2424628028,0.4958851968,0.5133298503,0.0962575826,1.0000000000,0.9952558923,0.9999999940
2025-04-23,0.4587290583,0.2424663149,0.5285610547,0.5163760912,0.1039979991,0.9298228829,0.9821692905,0.9999999940
2025-04-24,0.5475420760,0.2425565958,0.4429917014,0.5016992132,0.0975907945,0.9914826662,0.9840319656,0.9999999940
2025-04-25,0.5221217563,0.2426468768,0.4647323615,0.4943058429,0.1002519373,0.9653374951,0.9802930715,0.9999999940
2025-04-26,0.4016463027,0.2427677054,0.6044315700,0.5163309883,0.0983596677,0.9840855435,0.9810515659,0.9999999940
2025-04-27,0.6730932317,0.2428885339,0.3608542212,0.4852356349,0.0888088267,1.0000000000,0.9848412527,1.0000000000
2025-04-28,0.5829471391,0.2429195809,0.4167094486,0.4715303976,0.0891538854,1.0000000000,0.9878730022,1.0000000000
2025-04-29,0.6673590510,0.2429506279,0.3640478503,0.4500338882,0.0664295702,1.0000000000,0.9902984017,1.0000000000
2025-04-30,0.8158693636,0.2429618573,0.2977950493,0.4195861204,0.0851681581,1.0000000000,0.9922387214,1.0000000000
2025-05-01,0.7012970022,0.2429730868,0.3464624631,0.4049613889,0.0736785485,1.0000000000,0.9937909771,1.0000000000
2025-05-02,0.6243760494,0.2429950641,0.3891806298,0.4018052371,0.0575388087,1.0000000000,0.9950327817,1.0000000000
2025-05-03,0.3624532039,0.2430170415,0.6704783926,0.4555398682,0.0586041382,1.0000000000,0.9960262254,1.0000000000
2025-05-04,0.1370210989,0.2430966172,1.0000000000,0.5644318946,0.0547233469,1.0000000000,0.9968209803,1.0000000000
2025-05-05,0.2426974526,0.2430170415,1.0000000000,0.6515455157,0.0615653145,1.0000000000,0.9974567842,1.0000000000
2025-05-06,0.2322501107,0.2429950641,1.0000000000,0.7212364125,0.0551399065,1.0000000000,0.9979654274,1.0000000000
2025-05-07,0.1661066596,0.2429730868,1.0000000000,0.7769891300,0.0548676371,1.0000000000,0.9983723419,1.0000000000
2025-05-08,0.1947119569,0.2429618573,1.0000000000,0.8215913040,0.1008878423,0.9562112117,0.9899401159,1.0000000000
2025-05-09,0.1805630569,0.2429506279,1.0000000000,0.8572730432,0.1051057343,0.9178572570,0.9755235441,1.0000000000
2025-05-10,0.1920973555,0.2429195809,1.0000000000,0.8858184346,0.1436780101,0.6714599957,0.9147108344,1.0000000000
2025-05-11,0.1845413883,0.2428885339,1.0000000000,0.9086547477,0.1491976205,0.6470580849,0.8611802845,1.0000000000
2025-05-12,0.1755900937,0.2427929932,1.0000000000,0.9269237981,0.1120544650,0.8621255482,0.8613693372,1.0000000000
2025-05-13,0.2124709955,0.2426974526,1.0000000000,0.9415390385,0.1250910206,0.7724170520,0.8435788802,1.0000000000
2025-05-14,0.2384831671,0.2426721647,1.0000000000,0.9532312308,0.1246282333,0.7754250781,0.8299481198,1.0000000000
2025-05-15,0.1965574049,0.2426468768,1.0000000000,0.9625849846,0.1175630697,0.8225348281,0.8284654614,1.0000000000
2025-05-16,0.1935603304,0.2425565958,1.0000000000,0.9700679877,0.1107918910,0.8733453345,0.8374414360,1.0000000000
2025-05-17,0.2219591203,0.2424663149,1.0000000000,0.9760543902,0.1133213369,0.8540046975,0.8407540883,1.0000000000
2025-05-18,0.2364606991,0.2424628028,1.0000000000,0.9808435121,0.1091992052,0.8864013877,0.8498835482,1.0000000000
2025-05-19,0.2282019381,0.2424592907,1.0000000000,0.9846748097,0.1129504501,0.8575524493,0.8514173284,1.0000000000
2025-05-20,0.2241212180,0.2424092497,1.0000000000,0.9877398478,0.1099861994,0.8812700486,0.8573878725,1.0000000000
2025-05-21,0.1991080558,0.2423592087,1.0000000000,0.9901918782,0.0974577412,0.9950899196,0.8849282819,1.0000000000
2025-05-22,0.1937894071,0.2423185381,1.0000000000,0.9921535026,0.1077331270,0.9006597233,0.8880745702,1.0000000000
2025-05-23,0.2031384168,0.2422778676,1.0000000000,0.9937228021,0.1055055791,0.9208656966,0.8946327954,1.0000000000
2025-05-24,0.2404880672,0.2422300693,1.0000000000,0.9949782416,0.0994527690,0.9781733545,0.9113409073,1.0000000000
2025-05-25,0.2216381421,0.2421822711,1.0000000000,0.9959825933,0.0973823909,0.9990368345,0.9288800927,1.0000000000
2025-05-26,0.2167867645,0.2421114766,1.0000000000,0.9967860747,0.1071374287,0.9081340062,0.9247308754,1.0000000000
2025-05-27,0.2374908966,0.2420406821,1.0000000000,0.9974288597,0.1197309193,0.8127837934,0.9023414590,1.0000000000
2025-05-28,0.2155030841,0.2420301843,1.0000000000,0.9979430878,0.0803248193,1.0000000000,0.9218731672,1.0000000000
2025-05-29,0.1783339202,0.2420196864,1.0000000000,0.9983544702,0.0635279084,1.0000000000,0.9374985338,1.0000000000
2025-05-30,0.1909368704,0.2416758026,1.0000000000,0.9986835762,0.0678452050,1.0000000000,0.9499988270,1.0000000000
2025-05-31,0.1657095844,0.2413319188,1.0000000000,0.9989468609,0.0552328288,1.0000000000,0.9599990616,1.0000000000
2025-06-01,0.2167394093,0.2412943653,1.0000000000,0.9991574888,0.0809881000,1.0000000000,0.9679992493,1.0000000000
2025-06-02,0.1970480924,0.2412568119,1.0000000000,0.9993259910,0.0877785998,1.0000000000,0.9743993994,1.0000000000
2025-06-03,0.1989458428,0.2412224649,1.0000000000,0.9994607928,0.0756350852,1.0000000000,0.9795195195,1.0000000000
2025-06-04,0.1995621174,0.2411881179,1.0000000000,0.9995686342,0.0586274306,1.0000000000,0.9836156156,1.0000000000
2025-06-05,0.1507213866,0.2411491706,1.0000000000,0.9996549074,0.0610349889,1.0000000000,0.9868924925,1.0000000000
2025-06-06,0.1253542583,0.2411102232,1.0000000000,0.9997239259,0.0592257158,1.0000000000,0.9895139940,1.0000000000
2025-06-07,0.1842611179,0.2410248467,1.0000000000,0.9997791407,0.0709415075,1.0000000000,0.9916111952,1.0000000000
2025-06-08,0.1786418688,0.2409394701,1.0000000000,0.9998233126,0.0406751124,1.0000000000,0.9932889562,1.0000000000
2025-06-09,0.1823526767,0.2408826932,1.0000000000,0.9998586501,0.0412360577,1.0000000000,0.9946311649,1.0000000000
2025-06-10,0.1556885855,0.2408259163,1.0000000000,0.9998869201,0.0583684100,1.0000000000,0.9957049319,1.0000000000
2025-06-11,0.1528823402,0.2407106039,1.0000000000,0.9999095360,0.0553880438,1.0000000000,0.9965639456,1.0000000000
2025-06-12,0.1769134924,0.2405952916,1.0000000000,0.9999276288,0.0660988167,1.0000000000,0.9972511564,1.0000000000
2025-06-13,0.1260976425,0.2405525081,1.0000000000,0.9999421031,0.0739812245,1.0000000000,0.9978009252,1.0000000000
2025-06-14,0.1327195466,0.2405097246,1.0000000000,0.9999536825,0.0745917094,1.0000000000,0.9982407401,1.0000000000
2025-06-15,0.1101103494,0.2404988959,1.0000000000,0.9999629460,0.0482682278,1.0000000000,0.9985925921,1.0000000000
2025-06-16,0.1397889836,0.2404880672,1.0000000000,0.9999703568,0.0554686699,1.0000000000,0.9988740737,1.0000000000
2025-06-17,0.1529279742,0.2404343622,1.0000000000,0.9999762854,0.0478168671,1.0000000000,0.9990992589,1.0000000000
2025-06-18,0.1427836089,0.2403806572,1.0000000000,0.9999810283,0.0466004598,1.0000000000,0.9992794072,1.0000000000
2025-06-19,0.1490025623,0.2403622318,1.0000000000,0.9999848227,0.0288337832,1.0000000000,0.9994235257,1.0000000000
2025-06-20,0.1082681913,0.2403438064,1.0000000000,0.9999878581,0.0391117328,1.0000000000,0.9995388206,1.0000000000
2025-06-21,0.2141647847,0.2403022124,1.0000000000,0.9999902865,0.0482731784,1.0000000000,0.9996310565,1.0000000000
2025-06-22,0.2450598315,0.2402606183,0.9804161574,0.9960754607,0.0546700913,1.0000000000,0.9997048452,1.0000000000
2025-06-23,0.2357641179,0.2403022124,1.0000000000,0.9968603685,0.0300841033,1.0000000000,0.9997638761,1.0000000000
2025-06-24,0.2495307023,0.2402606183,0.9628499264,0.9900582801,0.0311744569,1.0000000000,0.9998111009,1.0000000000
2025-06-25,0.2488725150,0.2403022124,0.9655634827,0.9851593206,0.0261066926,1.0000000000,0.9998488807,1.0000000000
2025-06-26,0.1297040617,0.2403438064,1.0000000000,0.9881274565,0.0321174391,1.0000000000,0.9998791046,1.0000000000
2025-06-27,0.1909829430,0.2403022124,1.0000000000,0.9905019652,0.0271694005,1.0000000000,0.9999032837,1.0000000000
2025-06-28,0.1593560446,0.2402606183,1.0000000000,0.9924015722,0.0204646482,1.0000000000,0.9999226269,1.0000000000
2025-06-29,0.1513822644,0.2401198629,1.0000000000,0.9939212577,0.0232410529,1.0000000000,0.9999381015,1.0000000000
2025-06-30,0.2277369658,0.2399791074,1.0000000000,0.9951370062,0.0422449346,1.0000000000,0.9999504812,1.0000000000
2025-07-01,0.2456831249,0.2398711336,0.9763435472,0.9913783144,0.0487056793,1.0000000000,0.9999603850,1.0000000000
2025-07-02,0.2167559674,0.2399791074,1.0000000000,0.9931026515,0.0219469924,1.0000000000,0.9999683080,1.0000000000
2025-07-03,0.2219059223,0.2398711336,1.0000000000,0.9944821212,0.0176387347,1.0000000000,0.9999746464,1.0000000000
2025-07-04,0.3034765702,0.2397631598,0.7900549278,0.9535966825,0.0171243090,1.0000000000,0.9999797171,1.0000000000
2025-07-05,0.3655483584,0.2398711336,0.6561953517,0.8941164164,0.0261561025,1.0000000000,0.9999837737,1.0000000000
2025-07-06,0.1051266728,0.2399791074,1.0000000000,0.9152931331,0.0060513534,1.0000000000,0.9999870190,1.0000000000
2025-07-07,0.1879533599,0.2398711336,1.0000000000,0.9322345065,0.0172000282,1.0000000000,0.9999896152,1.0000000000
2025-07-08,0.1711718089,0.2397631598,1.0000000000,0.9457876052,0.0141570858,1.0000000000,0.9999916921,1.0000000000
2025-07-09,0.1435950687,0.2396731411,1.0000000000,0.9566300841,0.0271755509,1.0000000000,0.9999933537,1.0000000000
2025-07-10,0.1670180150,0.2395831224,1.0000000000,0.9653040673,0.0551940411,1.0000000000,0.9999946830,1.0000000000
2025-07-11,0.1792844017,0.2392990526,1.0000000000,0.9722432538,0.0778644595,1.0000000000,0.9999957464,1.0000000000
2025-07-12,0.1722786181,0.2390149827,1.0000000000,0.9777946031,0.0836356926,1.0000000000,0.9999965971,1.0000000000
2025-07-13,0.1520944376,0.2389874048,1.0000000000,0.9822356825,0.0805983036,1.0000000000,0.9999972777,1.0000000000
2025-07-14,0.1762025911,0.2389598269,1.0000000000,0.9857885460,0.0933410732,1.0000000000,0.9999978221,1.0000000000
2025-07-15,0.1707964512,0.2387291633,1.0000000000,0.9886308368,0.1007662020,0.9480066043,0.9895995786,1.0000000000
2025-07-16,0.1860372675,0.2384984996,1.0000000000,0.9909046694,0.1250809488,0.7637507908,0.9444298210,1.0000000000
2025-07-17,0.1809875942,0.2384908334,1.0000000000,0.9927237355,0.1651619548,0.5784281392,0.8712294847,1.0000000000
2025-07-18,0.1626998916,0.2384831671,1.0000000000,0.9941789884,0.1604276935,0.5955192404,0.8160874358,1.0000000000
2025-07-19,0.1826465441,0.2384289945,1.0000000000,0.9953431907,0.1612748810,0.5924123678,0.7713524222,1.0000000000
2025-07-20,0.2052428149,0.2383748219,1.0000000000,0.9962745526,0.1630315594,0.5866010072,0.7344021392,1.0000000000
2025-07-21,0.2159083922,0.2383453619,1.0000000000,0.9970196421,0.1683348875,0.5686742727,0.7012565659,1.0000000000
2025-07-22,0.1995014103,0.2383159018,1.0000000000,0.9976157137,0.1480189497,0.6470421959,0.6904136919,1.0000000000
2025-07-23,0.1806932539,0.2382888011,1.0000000000,0.9980925709,0.1141831612,0.8391893502,0.7201688236,1.0000000000
2025-07-24,0.1986132017,0.2382617004,1.0000000000,0.9984740567,0.1252691917,0.7662230779,0.7293796744,1.0000000000
2025-07-25,0.2289924595,0.2382581500,1.0000000000,0.9987792454,0.1252622297,0.7675657593,0.7370168914,1.0000000000
2025-07-26,0.2348151620,0.2382545996,1.0000000000,0.9990233963,0.1211772607,0.7934958155,0.7483126762,1.0000000000
2025-07-27,0.2153857707,0.2381710007,1.0000000000,0.9992187171,0.1237886726,0.7768101729,0.7540121756,1.0000000000
2025-07-28,0.2213401899,0.2380874019,1.0000000000,0.9993749736,0.1115202410,0.8623629513,0.7756823307,1.0000000000
2025-07-29,0.2697994644,0.2380583602,0.8823529756,0.9759705740,0.1003466949,0.9584924363,0.8122443519,1.0000000000
2025-07-30,0.2298999013,0.2380874019,1.0000000000,0.9807764592,0.0943836058,1.0000000000,0.8497954815,1.0000000000
2025-07-31,0.1911432201,0.2380583602,1.0000000000,0.9846211674,0.0882286484,1.0000000000,0.8798363852,1.0000000000
2025-08-01,0.1824293458,0.2380293186,1.0000000000,0.9876969339,0.0793842907,1.0000000000,0.9038691081,1.0000000000
2025-08-02,0.1841977869,0.2379811039,1.0000000000,0.9901575471,0.0768208290,1.0000000000,0.9230952865,1.0000000000
2025-08-03,0.2150322984,0.2379328893,1.0000000000,0.9921260377,0.0794763596,1.0000000000,0.9384762292,1.0000000000
2025-08-04,0.2110390328,0.2377118929,1.0000000000,0.9937008302,0.0740021693,1.0000000000,0.9507809834,1.0000000000
2025-08-05,0.2356777826,0.2374908966,1.0000000000,0.9949606641,0.0593585336,1.0000000000,0.9606247867,1.0000000000
2025-08-06,0.2520000586,0.2374374341,0.9422118209,0.9844108955,0.0889289678,1.0000000000,0.9684998294,1.0000000000
2025-08-07,0.2904217218,0.2374908966,0.8177449508,0.9510777065,0.0568171201,1.0000000000,0.9747998635,1.0000000000
2025-08-08,0.2734921460,0.2377118929,0.8691726486,0.9346966950,0.0640328439,1.0000000000,0.9798398908,1.0000000000
2025-08-09,0.1690011020,0.2379328893,1.0000000000,0.9477573560,0.0736245019,1.0000000000,0.9838719126,1.0000000000
2025-08-10,0.2169243211,0.2377118929,1.0000000000,0.9582058848,0.0924713960,1.0000000000,0.9870975301,1.0000000000
2025-08-11,0.1927050004,0.2374908966,1.0000000000,0.9665647078,0.1145282472,0.8341852815,0.9565150804,1.0000000000
2025-08-12,0.1753667034,0.2374374341,1.0000000000,0.9732517663,0.0948172122,1.0000000000,0.9652120643,1.0000000000
2025-08-13,0.1514424264,0.2373839716,1.0000000000,0.9786014130,0.0848794666,1.0000000000,0.9721696514,1.0000000000
2025-08-14,0.2228885542,0.2373552010,1.0000000000,0.9828811304,0.0861732636,1.0000000000,0.9777357212,1.0000000000
2025-08-15,0.2287694201,0.2373264305,1.0000000000,0.9863049043,0.0792177895,1.0000000000,0.9821885769,1.0000000000
2025-08-16,0.2386700155,0.2372778042,0.9941667943,0.9878772823,0.0684052690,1.0000000000,0.9857508615,1.0000000000
2025-08-17,0.2312811035,0.2373264305,1.0000000000,0.9903018259,0.0703316583,1.0000000000,0.9886006892,1.0000000000
2025-08-18,0.1281781472,0.2372778042,1.0000000000,0.9922414607,0.0616779252,1.0000000000,0.9908805514,1.0000000000
2025-08-19,0.1614136474,0.2372291779,1.0000000000,0.9937931685,0.0592539889,1.0000000000,0.9927044411,1.0000000000
2025-08-20,0.1866634531,0.2371171936,1.0000000000,0.9950345348,0.0787852251,1.0000000000,0.9941635529,1.0000000000
2025-08-21,0.2441183461,0.2370052093,0.9708619331,0.9902000145,0.0928841548,1.0000000000,0.9953308423,1.0000000000
2025-08-22,0.2045420777,0.2371171936,1.0000000000,0.9921600116,0.1216484584,0.7812885108,0.9525223760,1.0000000000
2025-08-23,0.1788465799,0.2370052093,1.0000000000,0.9937280093,0.1284539822,0.7399426525,0.9100064313,1.0000000000
2025-08-24,0.1751728069,0.2367773190,1.0000000000,0.9949824074,0.1207017055,0.7875167742,0.8855084999,1.0000000000
2025-08-25,0.1799893794,0.2365494286,1.0000000000,0.9959859259,0.1028532439,0.9261334604,0.8936334920,0.9999854138
2025-08-26,0.1926640772,0.2365050639,1.0000000000,0.9967887407,0.1036247955,0.9211795618,0.8991427059,0.9999854138
2025-08-27,0.2206499005,0.2364606991,1.0000000000,0.9974309926,0.1175202967,0.8125578053,0.8818257258,0.9999854138
2025-08-28,0.2037344245,0.2364541962,1.0000000000,0.9979447941,0.1200824364,0.7955120484,0.8645629903,0.9999854138
2025-08-29,0.1825966545,0.2364476933,1.0000000000,0.9983558353,0.1080076018,0.8844810176,0.8685465958,0.9999854138
2025-08-30,0.1960703281,0.2364396101,1.0000000000,0.9986846682,0.0993635490,0.9614624596,0.8871297685,0.9999854138
2025-08-31,0.1578738825,0.2364315270,1.0000000000,0.9989477346,0.1085866477,0.8798298887,0.8856697926,0.9999854138
2025-09-01,0.1213196517,0.2364280479,1.0000000000,0.9991581877,0.0816489241,1.0000000000,0.9085358341,0.9999854138
2025-09-02,0.1013483588,0.2364245687,1.0000000000,0.9993265501,0.0750995979,1.0000000000,0.9268286672,0.9999854138
2025-09-03,0.0648344025,0.2362381651,1.0000000000,0.9994612401,0.0672118523,1.0000000000,0.9414629338,0.9999854138
2025-09-04,0.0779123965,0.2360517615,1.0000000000,0.9995689921,0.0708314277,1.0000000000,0.9531703470,0.9999854138
2025-09-05,0.1337250799,0.2360402062,1.0000000000,0.9996551937,0.0650507738,1.0000000000,0.9625362776,0.9999854138
2025-09-06,0.2089313258,0.2360286508,1.0000000000,0.9997241549,0.0564197794,1.0000000000,0.9700290221,0.9999854138
2025-09-07,0.2218292214,0.2359077377,1.0000000000,0.9997793239,0.0730376688,1.0000000000,0.9760232177,0.9999854138
2025-09-08,0.1335732815,0.2357868246,1.0000000000,0.9998234592,0.0755707864,1.0000000000,0.9808185741,0.9999854138
2025-09-09,0.1623906908,0.2357754712,1.0000000000,0.9998587673,0.0681204212,1.0000000000,0.9846548593,0.9999854138
2025-09-10,0.1849557809,0.2357641179,1.0000000000,0.9998870139,0.0825981892,1.0000000000,0.9877238875,0.9999854138
2025-09-11,0.2034551399,0.2357209502,1.0000000000,0.9999096111,0.0769511715,1.0000000000,0.9901791100,0.9999854138
2025-09-12,0.2958673907,0.2356777826,0.7965655899,0.9592408069,0.0735317679,1.0000000000,0.9921432880,0.9999854138
2025-09-13,0.3001897943,0.2357209502,0.7852397206,0.9244405896,0.0699627806,1.0000000000,0.9937146304,0.9999854138
2025-09-14,0.2918733609,0.2357641179,0.8077616852,0.9011048087,0.0850000991,1.0000000000,0.9949717043,0.9999854138
2025-09-15,0.1354460310,0.2357754712,1.0000000000,0.9208838470,0.0786049045,1.0000000000,0.9959773634,0.9999854138
2025-09-16,0.1149135820,0.2357641179,1.0000000000,0.9367070776,0.0644463461,1.0000000000,0.9967818908,0.9999854138
2025-09-17,0.1241461929,0.2357209502,1.0000000000,0.9493656621,0.0547833145,1.0000000000,0.9974255126,0.9999854138
2025-09-18,0.1339564001,0.2356777826,1.0000000000,0.9594925297,0.0536558796,1.0000000000,0.9979404101,0.9999854138
2025-09-19,0.1545336514,0.2356747620,1.0000000000,0.9675940237,0.0582283905,1.0000000000,0.9983523281,0.9999854138
2025-09-20,0.1737896221,0.2356717415,1.0000000000,0.9740752190,0.0766952825,1.0000000000,0.9986818625,0.9999854138
2025-09-21,0.1662116022,0.2355476312,1.0000000000,0.9792601752,0.0816738596,1.0000000000,0.9989454900,0.9999854138
2025-09-22,0.1615321767,0.2354235210,1.0000000000,0.9834081401,0.0713782157,1.0000000000,0.9991563920,0.9999854138
2025-09-23,0.1604025642,0.2353984843,1.0000000000,0.9867265121,0.0892660299,1.0000000000,0.9993251136,0.9999854138
2025-09-24,0.1916295890,0.2353734476,1.0000000000,0.9893812097,0.0820875718,1.0000000000,0.9994600909,0.9999999991
2025-09-25,0.1420133543,0.2353729552,1.0000000000,0.9915049678,0.0784702544,1.0000000000,0.9995680727,0.9999999991
2025-09-26,0.2157720288,0.2353724629,1.0000000000,0.9932039742,0.0620162629,1.0000000000,0.9996544582,0.9999999991
2025-09-27,0.2781360252,0.2352419294,0.8457801512,0.9637192096,0.0609039479,1.0000000000,0.9997235665,0.9999999991
2025-09-28,0.2867131344,0.2353724629,0.8209336603,0.9351620997,0.0668412018,1.0000000000,0.9997788532,0.9999999991
2025-09-29,0.3140221446,0.2353729552,0.7495425380,0.8980381874,0.0776142345,1.0000000000,0.9998230826,0.9999999991
2025-09-30,0.2910292593,0.2353734476,0.8087621437,0.8801829786,0.0770768678,1.0000000000,0.9998584661,0.9999999991
2025-10-01,0.2189444301,0.2353984843,1.0000000000,0.9041463829,0.0683326943,1.0000000000,0.9998867728,0.9999999991
2025-10-02,0.2108738506,0.2353734476,1.0000000000,0.9233171063,0.0872014498,1.0000000000,0.9999094183,0.9999999991
2025-10-03,0.2078084956,0.2353729552,1.0000000000,0.9386536851,0.1195221752,0.7902531575,0.9579781661,0.9999999991
2025-10-04,0.2711781818,0.2353724629,0.8679623901,0.9245154261,0.1092376944,0.8646596898,0.9393144709,0.9999999991
2025-10-05,0.2449828513,0.2353729552,0.9607731888,0.9317669786,0.1090672753,0.8660167346,0.9246549236,0.9999999991
2025-10-06,0.2357262737,0.2353734476,0.9985032382,0.9451142305,0.1089314817,0.8674814053,0.9132202199,0.9999999991
2025-10-07,0.2270549898,0.2353984843,1.0000000000,0.9560913844,0.1535983520,0.6154882703,0.8536738300,0.9999999991
2025-10-08,0.3203540751,0.2353734476,0.7347290575,0.9118189190,0.1491099512,0.6342736622,0.8097937964,0.9999999991
2025-10-09,0.3303537746,0.2353984843,0.7125648392,0.8719681031,0.1314159648,0.7199661451,0.7918282662,0.9999999991
2025-10-10,0.3354215925,0.2354235210,0.7018734816,0.8379491788,0.1290762111,0.7337476901,0.7802121510,0.9999999991
2025-10-11,0.3530762935,0.2355476312,0.6671295569,0.8037852544,0.1465722075,0.6468054175,0.7535308043,0.9999999991
2025-10-12,0.3864151926,0.2356717415,0.6098925353,0.7650067106,0.1588704175,0.5967785349,0.7221803504,0.9999999991
2025-10-13,0.3836682532,0.2356747620,0.6142670394,0.7348587764,0.1224228604,0.7745057733,0.7326454350,0.9999999991
2025-10-14,0.3623707222,0.2356777826,0.6503775504,0.7179625312,0.1175750062,0.8065875741,0.7474338628,0.9999999991
2025-10-15,0.3760517728,0.2357020282,0.6267807925,0.6997261834,0.1194806329,0.7938681241,0.7567207151,0.9999999991
2025-10-16,0.3335996624,0.2357262737,0.7066142454,0.7011037958,0.1323360738,0.7169721332,0.7487709987,0.9999999991
2025-10-17,0.3622678808,0.2357451958,0.6507482674,0.6910326901,0.1112500930,0.8531290694,0.7696426128,0.9999999991
2025-10-18,0.3844917406,0.2357641179,0.6131838293,0.6754629180,0.1068864892,0.8880765775,0.7933294058,0.9999999991
2025-10-19,0.3701084242,0.2357754712,0.6370443249,0.6677791994,0.0974571940,0.9741311323,0.8294897511,0.9999999991
2025-10-20,0.3788482382,0.2357868246,0.6223780417,0.6586989678,0.0832114051,1.0000000000,0.8635918009,0.9999999991
2025-10-21,0.3434214388,0.2359077377,0.6869336361,0.6643459015,0.0896066169,1.0000000000,0.8908734407,0.9999999991
2025-10-22,0.3493456625,0.2360286508,0.6756306893,0.6666028591,0.1022514654,0.9283327838,0.8983653093,0.9999999991
2025-10-23,0.2805255271,0.2360402062,0.8414214870,0.7015665846,0.0729444622,1.0000000000,0.9186922474,0.9999999991
2025-10-24,0.2853322197,0.2360517615,0.8272874399,0.7267107557,0.0539508957,1.0000000000,0.9349537980,0.9881751992
2025-10-25,0.2100924889,0.2362381651,1.0000000000,0.7813686046,0.0456444232,1.0000000000,0.9479630384,0.9881751992
2025-10-26,0.2653570368,0.2360517615,0.8895628485,0.8030074533,0.0311840268,1.0000000000,0.9583704307,0.9881751992
2025-10-27,0.3061258690,0.2362381651,0.7717027179,0.7967465063,0.0288656538,1.0000000000,0.9666963446,0.9881751992
2025-10-28,0.2149344360,0.2364245687,1.0000000000,0.8373972050,0.0367545007,1.0000000000,0.9733570756,0.9881751992
2025-10-29,0.3995513229,0.2362381651,0.5912586234,0.7881694887,0.0155276423,1.0000000000,0.9786856605,0.9881751992
2025-10-30,0.1482451632,0.2364245687,1.0000000000,0.8305355909,0.0256771446,1.0000000000,0.9829485284,0.9881751992
2025-10-31,0.1504363734,0.2362381651,1.0000000000,0.8644284728,0.0409937354,1.0000000000,0.9863588227,0.9881751992
2025-11-01,0.1820488867,0.2360517615,1.0000000000,0.8915427782,0.0621826780,1.0000000000,0.9890870582,0.9881751992
2025-11-02,0.2183765558,0.2360402062,1.0000000000,0.9132342226,0.0591540955,1.0000000000,0.9912696465,0.9881751992
2025-11-03,0.2757227130,0.2360286508,0.8560362988,0.9017946378,0.0641563471,1.0000000000,0.9930157172,0.9881751992
2025-11-04,0.3087149344,0.2360402062,0.7645895285,0.8743536160,0.0680148743,1.0000000000,0.9944125738,0.9881751992
2025-11-05,0.3483264098,0.2360517615,0.6776740290,0.8350176986,0.0746242112,1.0000000000,0.9955300590,0.9881751992
2025-11-06,0.3593444747,0.2362381651,0.6574142132,0.7994970015,0.0559824690,1.0000000000,0.9964240472,0.9881751992
2025-11-07,0.3278539721,0.2364245687,0.7211276630,0.7838231338,0.0555045511,1.0000000000,0.9971392378,0.9881751992
2025-11-08,0.3273772711,0.2364280479,0.7221883397,0.7714961750,0.0570406337,1.0000000000,0.9977113902,0.9881751992
2025-11-09,0.3074269426,0.2364315270,0.7690657331,0.7710100866,0.0377897303,1.0000000000,0.9981691122,0.9881751992
2025-11-10,0.2594011816,0.2364396101,0.9114823946,0.7991045482,0.0576868444,1.0000000000,0.9985352897,0.9881751992
2025-11-11,0.2483792200,0.2364476933,0.9519624600,0.8296761306,0.0647479984,1.0000000000,0.9988282318,0.9881751992
2025-11-12,0.2714170777,0.2364541962,0.8711839291,0.8379776903,0.0833670582,1.0000000000,0.9990625854,0.9881751992
2025-11-13,0.2815612507,0.2364606991,0.8398197497,0.8383461022,0.0834164609,1.0000000000,0.9992500683,0.9881751992
2025-11-14,0.3026106015,0.2365050639,0.7815491680,0.8269867153,0.0742439424,1.0000000000,0.9994000547,0.9881751992
2025-11-15,0.3424442590,0.2365494286,0.6907676867,0.7997429096,0.0799726120,1.0000000000,0.9995200437,0.9881751992
2025-11-16,0.3365652752,0.2367773190,0.7035108386,0.7804964954,0.0821516625,1.0000000000,0.9996160350,0.9881751992
2025-11-17,0.3458034520,0.2370052093,0.6853754871,0.7614722937,0.0873614018,1.0000000000,0.9996928280,0.9881751992
2025-11-18,0.2989359835,0.2371171936,0.7932039190,0.7678186188,0.0713469832,1.0000000000,0.9997542624,0.9881751992
2025-11-19,0.3632793383,0.2372291779,0.6530213885,0.7448591727,0.0605650396,1.0000000000,0.9998034099,0.9881751992
2025-11-20,0.4182731345,0.2372778042,0.5672795708,0.7093432523,0.0511785036,1.0000000000,0.9998427279,0.9881751992
2025-11-21,0.3139774305,0.2373264305,0.7558709878,0.7186487994,0.0528573855,1.0000000000,0.9998741823,0.9881751992
2025-11-22,0.2665103493,0.2373552010,0.8906040671,0.7530398530,0.0583490166,1.0000000000,0.9998993459,0.9881751992
2025-11-23,0.3736696248,0.2373839716,0.6352776779,0.7294874179,0.0548096885,1.0000000000,0.9999194767,0.0003431528
2025-11-24,0.3342525346,0.2374374341,0.7103534290,0.7256606201,0.0576358380,1.0000000000,0.9999355814,0.0003431528
2025-11-25,0.2876184648,0.2374908966,0.8257150555,0.7456715072,0.0445907167,1.0000000000,0.9999484651,0.0003431528
2025-11-26,0.3444613198,0.2377118929,0.6900974922,0.7345567042,0.0449524553,1.0000000000,0.9999587721,0.0003431528
2025-11-27,0.2166665089,0.2379328893,1.0000000000,0.7876453634,0.0352130416,1.0000000000,0.9999670177,0.0003431528
2025-11-28,0.1311206099,0.2377118929,1.0000000000,0.8301162907,0.0347186286,1.0000000000,0.9999736141,0.0003431528
2025-11-29,0.0908184169,0.2374908966,1.0000000000,0.8640930326,0.0470878054,1.0000000000,0.9999788913,0.0003431528
2025-11-30,0.3343483375,0.2374374341,0.7101498870,0.8333044034,0.0367550825,1.0000000000,0.9999831130,0.0003431528
2025-12-01,0.2550645735,0.2374908966,0.9311010671,0.8528637362,0.0226568258,1.0000000000,0.9999864904,0.0003431528
2025-12-02,0.1395702473,0.2377118929,1.0000000000,0.8822909889,0.0170271844,1.0000000000,0.9999891923,0.0003431528
2025-12-03,0.1156813082,0.2374908966,1.0000000000,0.9058327911,0.0296678706,1.0000000000,0.9999913539,0.0003431528
2025-12-04,0.1391912703,0.2374374341,1.0000000000,0.9246662329,0.0297086182,1.0000000000,0.9999930831,0.0003431528
2025-12-05,0.2210179278,0.2373839716,1.0000000000,0.9397329863,0.0203588565,1.0000000000,0.9999944665,0.0003431528
2025-12-06,0.3235074934,0.2373552010,0.7336930548,0.8985250000,0.0254600684,1.0000000000,0.9999955732,0.0003431528
2025-12-07,0.1958022840,0.2373839716,1.0000000000,0.9188200000,0.0272193559,1.0000000000,0.9999964585,0.0003431528
2025-12-08,0.1982803524,0.2373552010,1.0000000000,0.9350560000,0.0262364223,1.0000000000,0.9999971668,0.0003431528
2025-12-09,0.2743521802,0.2373264305,0.8650429910,0.9210533982,0.0398893198,1.0000000000,0.9999977335,0.0003431528
2025-12-10,0.2760284798,0.2373552010,0.8598938820,0.9088214950,0.0590377377,1.0000000000,0.9999981868,0.0003431528
2025-12-11,0.2322475199,0.2373839716,1.0000000000,0.9270571960,0.0451927378,1.0000000000,0.9999985494,0.0003431528
2025-12-12,0.2366452513,0.2373552010,1.0000000000,0.9416457568,0.0309996299,1.0000000000,0.9999988395,0.0003431528
2025-12-13,0.2907301586,0.2373264305,0.8163117019,0.9165789458,0.0446409887,1.0000000000,0.9999990716,0.0003431528
2025-12-14,0.0862427509,0.2373552010,1.0000000000,0.9332631566,0.0640966880,1.0000000000,0.9999992573,0.0003431528
2025-12-15,0.1511148401,0.2373264305,1.0000000000,0.9466105253,0.0654883237,1.0000000000,0.9999994058,0.0003431528
2025-12-16,0.1006409555,0.2372778042,1.0000000000,0.9572884202,0.0560324981,1.0000000000,0.9999995247,0.0003431528
2025-12-17,0.1019643168,0.2372291779,1.0000000000,0.9658307362,0.0505921023,1.0000000000,0.9999996197,0.0003431528
2025-12-18,0.1165029170,0.2371171936,1.0000000000,0.9726645890,0.0560022773,1.0000000000,0.9999996958,0.0003431528
2025-12-19,0.1050257212,0.2370052093,1.0000000000,0.9781316712,0.0559501227,1.0000000000,0.9999997566,0.0003431528
2025-12-20,0.0941118054,0.2368252303,1.0000000000,0.9825053369,0.0412252342,1.0000000000,0.9999998053,0.0003431528
2025-12-21,0.1634184319,0.2366452513,1.0000000000,0.9860042695,0.0472032512,1.0000000000,0.9999998442,0.0003431528
2025-12-22,0.1308010096,0.2365973399,1.0000000000,0.9888034156,0.0539953157,1.0000000000,0.9999998754,0.0003431528
2025-12-23,0.1230203429,0.2365494286,1.0000000000,0.9910427325,0.0454973044,1.0000000000,0.9999999003,0.0002923518
2025-12-24,0.1022382122,0.2365050639,1.0000000000,0.9928341860,0.0360435247,1.0000000000,0.9999999203,0.0002923518
2025-12-25,0.2275342803,0.2364606991,1.0000000000,0.9942673488,0.0368523066,1.0000000000,0.9999999362,0.0002923518
2025-12-26,0.1127847419,0.2364541962,1.0000000000,0.9954138790,0.0305651987,1.0000000000,0.9999999490,0.0002923518
2025-12-27,0.2337268022,0.2364476933,1.0000000000,0.9963311032,0.0228264691,1.0000000000,0.9999999592,0.0002923518
2025-12-28,0.2357595780,0.2364396101,1.0000000000,0.9970648826,0.0284665003,1.0000000000,0.9999999673,0.0002923518
2025-12-29,0.1235896165,0.2364315270,1.0000000000,0.9976519061,0.0363142692,1.0000000000,0.9999999739,0.0002923518
2025-12-30,0.1366008200,0.2364280479,1.0000000000,0.9981215249,0.0326088821,1.0000000000,0.9999999791,0.0002923518
2025-12-31,0.1487349559,0.2364245687,1.0000000000,0.9984972199,0.0308098407,1.0000000000,0.9999999833,0.0002923518
2026-01-01,0.1342060927,0.2362381651,1.0000000000,0.9987977759,0.0202586226,1.0000000000,0.9999999866,0.0002923518
2026-01-02,0.0922379950,0.2360517615,1.0000000000,0.9990382207,0.0076856336,1.0000000000,0.9999999893,0.0002923518
2026-01-03,0.1019518697,0.2360402062,1.0000000000,0.9992305766,0.0111913509,1.0000000000,0.9999999914,0.0002923518
2026-01-04,0.1841874017,0.2360286508,1.0000000000,0.9993844613,0.0213300826,1.0000000000,0.9999999931,0.0002923518
2026-01-05,0.1595849233,0.2359077377,1.0000000000,0.9995075690,0.0613902802,1.0000000000,0.9999999945,0.0002923518
2026-01-06,0.2300935143,0.2357868246,1.0000000000,0.9996060552,0.0535732248,1.0000000000,0.9999999956,0.0002923518
2026-01-07,0.2100077919,0.2357754712,1.0000000000,0.9996848442,0.0450538559,1.0000000000,0.9999999965,0.0002923518
2026-01-08,0.2224567492,0.2357641179,1.0000000000,0.9997478753,0.0335392601,1.0000000000,0.9999999972,0.0002923518
2026-01-09,0.2662035862,0.2357618479,0.8856448980,0.9769272799,0.0245815678,1.0000000000,0.9999999978,0.0002923518
2026-01-10,0.1867330233,0.2357641179,1.0000000000,0.9815418239,0.0279830256,1.0000000000,0.9999999982,0.0002923518
2026-01-11,0.2050692695,0.2357618479,1.0000000000,0.9852334591,0.0326636041,1.0000000000,0.9999999986,0.0002923518
2026-01-12,0.1096014393,0.2357595780,1.0000000000,0.9881867673,0.0316449786,1.0000000000,0.9999999989,0.0002923518
2026-01-13,0.1406281782,0.2357429259,1.0000000000,0.9905494138,0.0344222910,1.0000000000,0.9999999991,0.0002923518
2026-01-14,0.2239901703,0.2357262737,1.0000000000,0.9924395311,0.0345876883,1.0000000000,0.9999999993,0.0002923518
2026-01-15,0.1855244357,0.2357020282,1.0000000000,0.9939516249,0.0228581875,1.0000000000,0.9999999994,0.0002923518
2026-01-16,0.1860861374,0.2356777826,1.0000000000,0.9951612999,0.0246754597,1.0000000000,0.9999999995,0.0002923518
2026-01-17,0.3107183425,0.2356747620,0.7584835840,0.9478257567,0.0219047502,1.0000000000,0.9999999996,0.0002923518
2026-01-18,0.3565314993,0.2356777826,0.6610293427,0.8904664739,0.0197443921,1.0000000000,0.9999999997,0.0002923518
2026-01-19,0.3426915994,0.2357020282,0.6877963410,0.8499324473,0.0103227079,1.0000000000,0.9999999998,0.0002923518
2026-01-20,0.3990223690,0.2357262737,0.5907595464,0.7980978671,0.0144145320,1.0000000000,0.9999999998,0.0002923518
2026-01-21,0.4152063858,0.2357429259,0.5677728809,0.7520328699,0.0162356237,1.0000000000,0.9999999998,0.0002923518
2026-01-22,0.3967541336,0.2357595780,0.5942208488,0.7204704657,0.0265105374,1.0000000000,0.9999999999,0.0003939388
2026-01-23,0.3584916436,0.2357618479,0.6576494938,0.7079062713,0.0302941200,1.0000000000,0.9999999999,0.0003939388
2026-01-24,0.3513454735,0.2357641179,0.6710321766,0.7005314524,0.0311019673,1.0000000000,0.9999999999,0.0003939388
2026-01-25,0.3894419511,0.2357754712,0.6054187808,0.6815089181,0.0754812269,1.0000000000,0.9999999999,0.0003939388
2026-01-26,0.2961590372,0.2357868246,0.7961493489,0.7044370042,0.0590667507,1.0000000000,0.9999999999,0.0003939388
2026-01-27,0.3142487276,0.2359077377,0.7507038756,0.7136903785,0.0464767589,1.0000000000,1.0000000000,0.0003939388
2026-01-28,0.2649984527,0.2360286508,0.8906793543,0.7490881737,0.0512471069,1.0000000000,1.0000000000,0.0003939388
2026-01-29,0.2668372582,0.2360402062,0.8845848879,0.7761875165,0.0495925637,1.0000000000,1.0000000000,0.0003939388
2026-01-30,0.1047701297,0.2360517615,1.0000000000,0.8209500132,0.0538338326,1.0000000000,1.0000000000,0.0003939388
2026-01-31,0.1390516884,0.2360402062,1.0000000000,0.8567600106,0.0605709069,1.0000000000,1.0000000000,0.0003939388
2026-02-01,0.1220484153,0.2360286508,1.0000000000,0.8854080085,0.0716001802,1.0000000000,1.0000000000,0.0003939388
2026-02-02,0.1397373662,0.2359077377,1.0000000000,0.9083264068,0.0732144769,1.0000000000,1.0000000000,0.0003939388
2026-02-03,0.1692184353,0.2357868246,1.0000000000,0.9266611254,0.0847006550,1.0000000000,1.0000000000,0.0003939388
2026-02-04,0.1705676304,0.2357754712,1.0000000000,0.9413289003,0.0806448982,1.0000000000,1.0000000000,0.0003939388
2026-02-05,0.1783709909,0.2357641179,1.0000000000,0.9530631203,0.0894020991,1.0000000000,1.0000000000,0.0003939388
2026-02-06,0.1372913704,0.2357618479,1.0000000000,0.9624504962,0.0861194242,1.0000000000,1.0000000000,0.0003939388
2026-02-07,0.1594552279,0.2357595780,1.0000000000,0.9699603970,0.0690679767,1.0000000000,1.0000000000,0.0003939388
2026-02-08,0.1538669452,0.2357429259,1.0000000000,0.9759683176,0.0646121061,1.0000000000,1.0000000000,0.0003939388
2026-02-09,0.3130601549,0.2357262737,0.7529743725,0.9313695286,0.0550247534,1.0000000000,1.0000000000,0.0003939388
2026-02-10,0.1703654148,0.2357429259,1.0000000000,0.9450956229,0.0680594771,1.0000000000,1.0000000000,0.0003939388
2026-02-11,0.1805059581,0.2357262737,1.0000000000,0.9560764983,0.0740817711,1.0000000000,1.0000000000,0.0003939388
2026-02-12,0.1521854219,0.2357020282,1.0000000000,0.9648611986,0.0709540998,1.0000000000,1.0000000000,0.0003939388
2026-02-13,0.1395028187,0.2356777826,1.0000000000,0.9718889589,0.0584828047,1.0000000000,1.0000000000,0.0003939388
2026-02-14,0.1208545138,0.2356747620,1.0000000000,0.9775111671,0.0548230905,1.0000000000,1.0000000000,0.0003939388
2026-02-15,0.1091196195,0.2356717415,1.0000000000,0.9820089337,0.0684544534,1.0000000000,1.0000000000,0.0003939388
2026-02-16,0.2047683468,0.2355476312,1.0000000000,0.9856071470,0.0744198845,1.0000000000,1.0000000000,0.0003939388
2026-02-17,0.1584305393,0.2354235210,1.0000000000,0.9884857176,0.0693013001,1.0000000000,1.0000000000,0.0003939388
2026-02-18,0.1173819648,0.2353984843,1.0000000000,0.9907885741,0.0681729019,1.0000000000,1.0000000000,0.0003939388
2026-02-19,0.1668880986,0.2353734476,1.0000000000,0.9926308592,0.0685691861,1.0000000000,1.0000000000,0.0003939388
2026-02-20,0.1548828330,0.2353729552,1.0000000000,0.9941046874,0.0419373354,1.0000000000,1.0000000000,0.0003939388
2026-02-21,0.0764371041,0.2353724629,1.0000000000,0.9952837499,0.0345120244,1.0000000000,1.0000000000,0.0000001020
2026-02-22,0.1182690554,0.2352419294,1.0000000000,0.9962269999,0.0405193371,1.0000000000,1.0000000000,0.0000001020
2026-02-23,0.0845666126,0.2351113960,1.0000000000,0.9969815999,0.0378039960,1.0000000000,1.0000000000,0.0000001020
2026-02-24,0.0753280165,0.2350063317,1.0000000000,0.9975852800,0.0236598032,1.0000000000,1.0000000000,0.0000001020
2026-02-25,0.0773189816,0.2349012673,1.0000000000,0.9980682240,0.0494905169,1.0000000000,1.0000000000,0.0000001020
2026-02-26,0.2094827386,0.2348582146,1.0000000000,0.9984545792,0.0160708265,1.0000000000,1.0000000000,0.0000001020
2026-02-27,0.1237954136,0.2348151620,1.0000000000,0.9987636633,0.0130696719,1.0000000000,1.0000000000,0.0000001020
2026-02-28,0.0784738717,0.2347129346,1.0000000000,0.9990109307,0.0122291237,1.0000000000,1.0000000000,0.0000001020
2026-03-01,0.0629074235,0.2346107072,1.0000000000,0.9992087445,0.0212487282,1.0000000000,1.0000000000,0.0000001020
2026-03-02,0.0806201227,0.2344963468,1.0000000000,0.9993669956,0.0214161469,1.0000000000,1.0000000000,0.0000001020
2026-03-03,0.0945617851,0.2343819863,1.0000000000,0.9994935965,0.0370759420,1.0000000000,1.0000000000,0.0000001020
2026-03-04,0.0747284895,0.2342464325,1.0000000000,0.9995948772,0.0370512936,1.0000000000,1.0000000000,0.0000001020
2026-03-05,0.0832803963,0.2341108787,1.0000000000,0.9996759018,0.0225977355,1.0000000000,1.0000000000,0.0000001020
2026-03-06,0.2101787728,0.2341028820,1.0000000000,0.9997407214,0.0355580188,1.0000000000,1.0000000000,0.0000001020
2026-03-07,0.1345848269,0.2340948853,1.0000000000,0.9997925771,0.0365952866,1.0000000000,1.0000000000,0.0000001020
2026-03-08,0.2477777338,0.2340811713,0.9447223839,0.9887785385,0.0318368084,1.0000000000,1.0000000000,0.0000001020
2026-03-09,0.1231621358,0.2340948853,1.0000000000,0.9910228308,0.0411425763,1.0000000000,1.0000000000,0.0000001020
2026-03-10,0.1091066285,0.2340811713,1.0000000000,0.9928182646,0.0346314913,1.0000000000,1.0000000000,0.0000001020
2026-03-11,0.2977152556,0.2340674574,0.7862125068,0.9514971131,0.0324750624,1.0000000000,1.0000000000,0.0000001020
2026-03-12,0.2292105103,0.2340811713,1.0000000000,0.9611976904,0.0327812365,1.0000000000,1.0000000000,0.0000001020
2026-03-13,0.2293495054,0.2340674574,1.0000000000,0.9689581524,0.0315873433,1.0000000000,1.0000000000,0.0000001020
2026-03-14,0.2918928413,0.2340313681,0.8017715235,0.9355208266,0.0245415924,1.0000000000,1.0000000000,0.0000001020
2026-03-15,0.1530801160,0.2340674574,1.0000000000,0.9484166613,0.0397734973,1.0000000000,1.0000000000,0.0000001020
2026-03-16,0.1477737074,0.2340313681,1.0000000000,0.9587333290,0.0421410971,1.0000000000,1.0000000000,0.0000001020
2026-03-17,0.1357390435,0.2339952787,1.0000000000,0.9669866632,0.0249524916,1.0000000000,1.0000000000,0.0000001020
2026-03-18,0.1097606090,0.2339715175,1.0000000000,0.9735893306,0.0170431568,1.0000000000,1.0000000000,0.0000001020
2026-03-19,0.1951671888,0.2339477564,1.0000000000,0.9788714645,0.0235847922,1.0000000000,1.0000000000,0.0000001020
2026-03-20,0.1419585262,0.2338534143,1.0000000000,0.9830971716,0.0188046034,1.0000000000,1.0000000000,0.0000001020
2026-03-21,0.1271576295,0.2337590722,1.0000000000,0.9864777373,0.0184755172,1.0000000000,1.0000000000,0.0000001020
2026-03-22,0.2806373485,0.2337429372,0.8329003193,0.9557622537,0.0120191307,1.0000000000,1.0000000000,0.0000001020
2026-03-23,0.2593888559,0.2337590722,0.9011916544,0.9448481338,0.0264819741,1.0000000000,1.0000000000,0.9746533790
2026-03-24,0.1996338114,0.2338534143,1.0000000000,0.9558785070,0.0188820582,1.0000000000,1.0000000000,0.9746533790
2026-03-25,0.2040004471,0.2337590722,1.0000000000,0.9647028056,0.0195956382,1.0000000000,1.0000000000,0.9746533790
2026-03-26,0.1827597805,0.2337429372,1.0000000000,0.9717622445,0.0169498077,1.0000000000,1.0000000000,0.9746533790
2026-03-27,0.1985910735,0.2337268022,1.0000000000,0.9774097956,0.0130880325,1.0000000000,1.0000000000,0.9746533790
2026-03-28,0.1970355682,0.2337258986,1.0000000000,0.9819278365,0.0133779068,1.0000000000,1.0000000000,0.9746533790
2026-03-29,0.1643982450,0.2337249950,1.0000000000,0.9855422692,0.0167359942,1.0000000000,1.0000000000,0.9746533790
2026-03-30,0.1496971103,0.2337114573,1.0000000000,0.9884338153,0.0188867859,1.0000000000,1.0000000000,0.9746533790
2026-03-31,0.1379714845,0.2336979196,1.0000000000,0.9907470523,0.0302792409,1.0000000000,1.0000000000,0.9746533790
2026-04-01,0.5291601016,0.2336466931,0.4415425357,0.8809061490,0.0400773489,1.0000000000,1.0000000000,0.9746533790
2026-04-02,0.3661008588,0.2336979196,0.6383429975,0.8323935187,0.0415532927,1.0000000000,1.0000000000,0.9746533790
2026-04-03,0.2655057639,0.2337114573,0.8802500324,0.8419648214,0.0343165730,1.0000000000,1.0000000000,0.9746533790
2026-04-04,0.4948569335,0.2337249950,0.4723082152,0.7680335002,0.0332861739,1.0000000000,1.0000000000,0.9746533790
2026-04-05,0.3890878953,0.2337258986,0.6007020559,0.7345672113,0.0322699243,1.0000000000,1.0000000000,0.9746533790
2026-04-06,0.2297616034,0.2337268022,1.0000000000,0.7876537690,0.0377971797,1.0000000000,1.0000000000,0.9746533790
2026-04-07,0.1288007361,0.2337258986,1.0000000000,0.8301230152,0.0370748462,1.0000000000,1.0000000000,0.9746533790
2026-04-08,0.0996750644,0.2337249950,1.0000000000,0.8640984122,0.0497667661,1.0000000000,1.0000000000,0.9746533790
2026-04-09,0.1912326345,0.2337114573,1.0000000000,0.8912787298,0.0491784730,1.0000000000,1.0000000000,0.9746533790
2026-04-10,0.1783589790,0.2336979196,1.0000000000,0.9130229838,0.0564838359,1.0000000000,1.0000000000,0.9746533790
2026-04-11,0.1656360152,0.2336466931,1.0000000000,0.9304183870,0.0631940275,1.0000000000,1.0000000000,0.9746533790
2026-04-12,0.2121117485,0.2335954666,1.0000000000,0.9443347096,0.0560779852,1.0000000000,1.0000000000,0.9746533790
2026-04-13,0.2331372995,0.2335752480,1.0000000000,0.9554677677,0.0634776439,1.0000000000,1.0000000000,0.9746533790
2026-04-14,0.3174474703,0.2335550293,0.7357281163,0.9115198374,0.0663669860,1.0000000000,1.0000000000,0.9746533790
2026-04-15,0.4105280765,0.2335752480,0.5689629074,0.8430084514,0.0657673282,1.0000000000,1.0000000000,0.9746533790
2026-04-16,0.4293138516,0.2335954666,0.5441135098,0.7832294631,0.0497077538,1.0000000000,1.0000000000,0.9746533790
2026-04-17,0.3713235057,0.2336466931,0.6292267779,0.7524289261,0.0567157757,1.0000000000,1.0000000000,0.9746533790
2026-04-18,0.2871369310,0.2336979196,0.8138901490,0.7647211707,0.0554462837,1.0000000000,1.0000000000,0.9746533790
2026-04-19,0.3139159141,0.2337114573,0.7445033742,0.7606776114,0.0472410333,1.0000000000,1.0000000000,0.9746533790
2026-04-20,0.2639218460,0.2337249950,0.8855841173,0.7856589126,0.0391511854,1.0000000000,1.0000000000,0.9746533790
2026-04-21,0.1857253363,0.2337258986,1.0000000000,0.8285271300,0.0302263983,1.0000000000,1.0000000000,0.9746533790
2026-04-22,0.1569457166,0.2337249950,1.0000000000,0.8628217040,0.0344979717,1.0000000000,1.0000000000,1.0000000000
2026-04-23,0.3106265520,0.2337114573,0.7523872501,0.8407348133,0.0360406773,1.0000000000,1.0000000000,1.0000000000
2026-04-24,0.4227382071,0.2337249950,0.5528835367,0.7831645579,0.0319735505,1.0000000000,1.0000000000,1.0000000000
2026-04-25,0.2349964816,0.2337258986,0.9945931829,0.8254502829,0.0305098007,1.0000000000,1.0000000000,1.0000000000
2026-04-26,0.1463742868,0.2337268022,1.0000000000,0.8603602264,0.0305174628,1.0000000000,1.0000000000,1.0000000000
2026-04-27,0.2070762660,0.2337258986,1.0000000000,0.8882881811,0.0305237533,1.0000000000,1.0000000000,1.0000000000
2026-04-28,0.2688122054,0.2337249950,0.8694731501,0.8845251749,0.0203711344,1.0000000000,1.0000000000,1.0000000000
2026-04-29,0.1293330050,0.2337258986,1.0000000000,0.9076201399,0.0206700757,1.0000000000,1.0000000000,1.0000000000
2026-04-30,0.2551191023,0.2337249950,0.9161407082,0.9093242536,0.0236971071,1.0000000000,1.0000000000,1.0000000000
2026-05-01,0.2422560558,0.2337258986,0.9647886732,0.9204171375,0.0307901578,1.0000000000,1.0000000000,1.0000000000
2026-05-02,0.4284779027,0.2337268022,0.5454815773,0.8454300255,0.0285786201,1.0000000000,1.0000000000,1.0000000000
2026-05-03,0.3637981680,0.2337429372,0.6425071861,0.8048454576,0.0328459460,1.0000000000,1.0000000000,1.0000000000
2026-05-04,0.3190625118,0.2337590722,0.7326434901,0.7904050641,0.0282602462,1.0000000000,1.0000000000,1.0000000000
2026-05-05,0.2875828720,0.2338534143,0.8131687838,0.7949578080,0.0307911243,1.0000000000,1.0000000000,1.0000000000
2026-05-06,0.1967464327,0.2339477564,1.0000000000,0.8359662464,0.0382626548,1.0000000000,1.0000000000,1.0000000000
2026-05-07,0.2972490692,0.2338534143,0.7867254719,0.8261180915,0.0406141103,1.0000000000,1.0000000000,1.0000000000
2026-05-08,0.2206051239,0.2339477564,1.0000000000,0.8608944732,0.0383259757,1.0000000000,1.0000000000,1.0000000000
2026-05-09,0.2269436699,0.2338534143,1.0000000000,0.8887155786,0.0390615470,1.0000000000,1.0000000000,1.0000000000
2026-05-10,0.2205603244,0.2337590722,1.0000000000,0.9109724629,0.0399173564,1.0000000000,1.0000000000,1.0000000000
2026-05-11,0.2581786434,0.2337429372,0.9053534952,0.9098486693,0.0446332164,1.0000000000,1.0000000000,1.0000000000
2026-05-12,0.2582411425,0.2337590722,0.9051968634,0.9089183082,0.0460837926,1.0000000000,1.0000000000,1.0000000000
2026-05-13,0.2198426457,0.2338534143,1.0000000000,0.9271346465,0.0376904760,1.0000000000,1.0000000000,1.0000000000
2026-05-14,0.1890881303,0.2337590722,1.0000000000,0.9417077172,0.0326221206,1.0000000000,1.0000000000,1.0000000000
2026-05-15,0.1377417098,0.2337429372,1.0000000000,0.9533661738,0.0400505326,1.0000000000,1.0000000000,1.0000000000
2026-05-16,0.1341320997,0.2337268022,1.0000000000,0.9626929390,0.0417964201,1.0000000000,1.0000000000,1.0000000000
2026-05-17,0.1558840648,0.2337258986,1.0000000000,0.9701543512,0.0421343463,1.0000000000,1.0000000000,1.0000000000
2026-05-18,0.1882340077,0.2337249950,1.0000000000,0.9761234810,0.0401217907,1.0000000000,1.0000000000,1.0000000000
2026-05-19,0.1951559017,0.2337114573,1.0000000000,0.9808987848,0.0384373650,1.0000000000,1.0000000000,1.0000000000
2026-05-20,0.2723414388,0.2336979196,0.8581063557,0.9563402990,0.0431554326,1.0000000000,1.0000000000,1.0000000000
2026-05-21,0.2548973957,0.2337114573,0.9168844452,0.9484491282,0.0542760625,1.0000000000,1.0000000000,1.0000000000
2026-05-22,0.2184882079,0.2337249950,1.0000000000,0.9587593026,0.0613445484,1.0000000000,1.0000000000,0.9999986316
2026-05-23,0.2005159384,0.2337114573,1.0000000000,0.9670074421,0.0574005858,1.0000000000,1.0000000000,0.9999986316
2026-05-24,0.2313830561,0.2336979196,1.0000000000,0.9736059536,0.0615368237,1.0000000000,1.0000000000,0.9999986316
2026-05-25,0.2210402594,0.2336466931,1.0000000000,0.9788847629,0.0585263893,1.0000000000,1.0000000000,0.9999986316
2026-05-26,0.2096641619,0.2335954666,1.0000000000,0.9831078103,0.0495318690,1.0000000000,1.0000000000,0.9999986316
2026-05-27,0.1576108296,0.2335752480,1.0000000000,0.9864862483,0.0510334535,1.0000000000,1.0000000000,0.9999986316
2026-05-28,0.1753876028,0.2335550293,1.0000000000,0.9891889986,0.0455793000,1.0000000000,1.0000000000,0.9999986316
2026-05-29,0.2188426677,0.2334303217,1.0000000000,0.9913511989,0.0529108447,1.0000000000,1.0000000000,0.9999986316
2026-05-30,0.2029234938,0.2333056140,1.0000000000,0.9930809591,0.0973935247,0.8977608974,0.9795521795,0.9999986316
2026-05-31,0.3413878870,0.2332214567,0.6831568008,0.9310961275,0.0894790239,0.9778817301,0.9792180896,0.9999986316
2026-06-01,0.3569276150,0.2333056140,0.6536496596,0.8756068339,0.0758092109,1.0000000000,0.9833744717,0.9999986316
2026-06-02,0.3105803079,0.2334303217,0.7515940829,0.8508042837,0.0700973732,1.0000000000,0.9866995773,0.9999986316
2026-06-03,0.2949242046,0.2335550293,0.7919154337,0.8390265137,0.0657484907,1.0000000000,0.9893596619,0.9999986316
2026-06-04,0.3748720200,0.2335752480,0.6230799727,0.7958372055,0.0574884817,1.0000000000,0.9914877295,0.9999986316
2026-06-05,0.3526326564,0.2335954666,0.6624328812,0.7691563406,0.0723982852,1.0000000000,0.9931901836,0.9999986316
2026-06-06,0.4130192128,0.2336466931,0.5657041751,0.7284659075,0.0768066184,1.0000000000,0.9945521469,0.9999986316
2026-06-07,0.3108998093,0.2336979196,0.7516824152,0.7331092091,0.0731702702,1.0000000000,0.9956417175,0.9999986316
2026-06-08,0.3193194794,0.2337114573,0.7319047924,0.7328683257,0.0696181999,1.0000000000,0.9965133740,0.9999986316
2026-06-09,0.3260395114,0.2337249950,0.7168609535,0.7296668513,0.0762476038,1.0000000000,0.9972106992,0.9999986316
2026-06-10,0.2603142991,0.2337258986,0.8978603918,0.7633055594,0.0770658891,1.0000000000,0.9977685594,0.9999986316
2026-06-11,0.4535077958,0.2337268022,0.5153754894,0.7137195454,0.0621728653,1.0000000000,0.9982148475,0.9999986316
2026-06-12,0.2198454505,0.2337429372,1.0000000000,0.7709756363,0.0660465351,1.0000000000,0.9985718780,0.9999986316
2026-06-13,0.2335409990,0.2337268022,1.0000000000,0.8167805091,0.0589685528,1.0000000000,0.9988575024,0.9999986316
2026-06-14,0.1996786406,0.2337258986,1.0000000000,0.8534244072,0.0500960588,1.0000000000,0.9990860019,0.9999986316
2026-06-15,0.2186325286,0.2337249950,1.0000000000,0.8827395258,0.0383494464,1.0000000000,0.9992688015,0.9999986316
2026-06-16,0.2429652099,0.2337114573,0.9619132607,0.8985742728,0.0275053556,1.0000000000,0.9994150412,0.9999986316
2026-06-17,0.2487549278,0.2337249950,0.9395793568,0.9067752896,0.0328449413,1.0000000000,0.9995320330,0.9999986316
2026-06-18,0.2337488504,0.2337258986,0.9999018102,0.9254005937,0.0237716248,1.0000000000,0.9996256264,0.9999986316
2026-06-19,0.2327384497,0.2337268022,1.0000000000,0.9403204750,0.0229532264,1.0000000000,0.9997005011,0.9999986316
2026-06-20,0.3926137363,0.2337258986,0.5953074918,0.8713178783,0.0261468557,1.0000000000,0.9997604009,0.9999986316
2026-06-21,0.1853380308,0.2337268022,1.0000000000,0.8970543027,0.0246559327,1.0000000000,0.9998083207,0.0002271007
2026-06-22,0.5406621262,0.2337258986,0.4322956747,0.8041025771,0.0265415888,1.0000000000,0.9998466566,0.0002271007
2026-06-23,0.4532906290,0.2337268022,0.5156224004,0.7464065417,0.0296132131,1.0000000000,0.9998773253,0.0002271007
2026-06-24,0.4966966683,0.2337378263,0.4705846469,0.6912421628,0.0318474254,1.0000000000,0.9999018602,0.0002271007
2026-06-25,0.5306880195,0.2337488504,0.4404637787,0.6410864860,0.0420437498,1.0000000000,0.9999214882,0.0002271007
2026-06-26,0.5140536884,0.2337539613,0.4547267465,0.6038145381,0.0735762037,1.0000000000,0.9999371905,0.0002271007
2026-06-27,0.1585219452,0.2337590722,1.0000000000,0.6830516305,0.0623105501,1.0000000000,0.9999497524,0.0002271007
2026-06-28,0.1597680599,0.2337539613,1.0000000000,0.7464413044,0.0686443870,1.0000000000,0.9999598019,0.0002271007
2026-06-29,0.8304959209,0.2337488504,0.2814569518,0.6534444338,0.0874220017,0.9935207017,0.9986719819,0.0002271007
2026-06-30,0.7562889547,0.2337539613,0.3090802263,0.5845715923,0.0924092289,0.9404324579,0.9870240771,0.0002271007
2026-07-01,0.7733097111,0.2337590722,0.3022838959,0.5281140530,0.0985101069,0.8822363958,0.9660665408,0.0002271007
2026-07-02,0.1634165772,0.2338534143,1.0000000000,0.6224912424,0.1049523244,0.8281261561,0.9384784639,0.0002271007
2026-07-03,0.2637542334,0.2337590722,0.8862760955,0.6752482130,0.0941909639,0.9228146693,0.9353457050,0.0002271007
2026-07-04,0.3096111941,0.2338534143,0.7553131757,0.6912612056,0.0817911651,1.0000000000,0.9482765640,0.0002271007
2026-07-05,0.3829065664,0.2339477564,0.6109787004,0.6752047046,0.0656689732,1.0000000000,0.9586212512,0.0002271007
2026-07-06,0.3751625753,0.2339715175,0.6236536716,0.6648944980,0.0654920917,1.0000000000,0.9668970009,0.0002271007
2026-07-07,0.2074521420,0.2339952787,1.0000000000,0.7319155984,0.0689051338,1.0000000000,0.9735176008,0.0002271007
2026-07-08,0.1063935405,0.2339715175,1.0000000000,0.7855324787,0.0609350585,1.0000000000,0.9788140806,0.0002271007
2026-07-09,0.0758881779,0.2339477564,1.0000000000,0.8284259830,0.0594140185,1.0000000000,0.9830512645,0.0002271007
2026-07-10,0.2571315130,0.2338534143,0.9094700665,0.8446347997,0.0420866320,1.0000000000,0.9864410116,0.0002271007
2026-07-11,0.0674196624,0.2339477564,1.0000000000,0.8757078397,0.0370583404,1.0000000000,0.9891528093,0.0002271007
2026-07-12,0.3824582179,0.2338534143,0.6114482663,0.8228559250,0.0460091026,1.0000000000,0.9913222474,0.0002271007
2026-07-13,0.1358463025,0.2339477564,1.0000000000,0.8582847400,0.0507262657,1.0000000000,0.9930577979,0.0002271007
2026-07-14,0.1042686668,0.2338534143,1.0000000000,0.8866277920,0.0573005147,1.0000000000,0.9944462383,0.0002271007
2026-07-15,0.1636436104,0.2337590722,1.0000000000,0.9093022336,0.0655618943,1.0000000000,0.9955569907,0.0002271007
2026-07-16,0.1613927260,0.2337539613,1.0000000000,0.9274417869,0.0606607449,1.0000000000,0.9964455925,0.0002271007
2026-07-17,0.1827556292,0.2337488504,1.0000000000,0.9419534295,0.0529828383,1.0000000000,0.9971564740,0.0002271007
2026-07-18,0.4025664548,0.2337378263,0.5806192332,0.8696865903,0.0549998891,1.0000000000,0.9977251792,0.0002271007
2026-07-19,0.6716773138,0.2337488504,0.3480076602,0.7653508042,0.0550251356,1.0000000000,0.9981801434,0.0002271007
2026-07-20,0.5495447916,0.2337539613,0.4253592516,0.6973524937,0.0601460864,1.0000000000,0.9985441147,0.0002271007
2026-07-21,0.6255915220,0.2337590722,0.3736608697,0.6326141689,0.0659157080,1.0000000000,0.9988352918,0.0096005199
2026-07-22,0.7781507886,0.2338534143,0.3005245483,0.5661962448,0.0604607149,1.0000000000,0.9990682334,0.0096005199
2026-07-23,0.9931562702,0.2339477564,0.2355598644,0.5000689687,0.0576259420,1.0000000000,0.9992545867,0.0096005199
2026-07-24,0.8694175710,0.2339715175,0.2691129388,0.4538777627,0.0577548485,1.0000000000,0.9994036694,0.0096005199
2026-07-25,0.8333706253,0.2339952787,0.2807817694,0.4192585641,0.0546796835,1.0000000000,0.9995229355,0.0096005199
2026-07-26,0.9260531565,0.2340313681,0.2527191516,0.3859506816,0.0562772665,1.0000000000,0.9996183484,0.0096005199
2026-07-27,1.0325197101,0.2340674574,0.2266953891,0.3540996231,0.0555153373,1.0000000000,0.9996946787,0.0096005199
2026-07-28,1.0343987027,0.2340811713,0.2262968532,0.3285390691,0.0565481483,1.0000000000,0.9997557430,0.0096005199
2026-07-29,0.5127305923,0.2340948853,0.4565650827,0.3541442718,0.0543201559,1.0000000000,0.9998045944,0.0096005199
2026-07-30,0.2504066817,0.2341028820,0.9348907162,0.4702935607,0.0434716097,1.0000000000,0.9998436755,0.0096005199
2026-07-31,0.2128216172,0.2341108787,1.0000000000,0.5762348486,0.0382800223,1.0000000000,0.9998749404,0.0096005199
2026-08-01,0.1818212646,0.2341028820,1.0000000000,0.6609878788,0.0328926194,1.0000000000,0.9998999523,0.0096005199
2026-08-02,0.2475691054,0.2340948853,0.9455739033,0.7179050837,0.0285572129,1.0000000000,0.9999199619,0.0096005199
