date,PRICE_ONLY,BINANCE_ALL_PERP_COMMON,HYPERLIQUID_ALL_PERP_NATIVE,BINANCE_COMMON_COMPOUNDED_SENSITIVITY,HYPERLIQUID_COMMON_COMPOUNDED_SENSITIVITY
2023-06-18,9933.2472718220,9931.3955510590,9934.1190900315,9931.3955510590,9934.1190787774
2023-06-19,10123.4447421364,10119.8242581409,10124.6769529162,10119.8242581409,10124.6769348365
2023-06-20,10675.3704233536,10671.4132848650,10670.7611836046,10671.4132848650,10670.7602981639
2023-06-21,11311.1061803461,11304.7827477917,11291.4811145632,11304.7827477917,11291.4771434085
2023-06-22,11270.0148554672,11260.4218765554,11244.5024195882,11260.4218765554,11244.4979156737
2023-06-23,11573.0356401887,11559.7163553183,11542.8940350239,11559.7163553183,11542.8887089776
2023-06-24,11512.2981004439,11495.5995791413,11472.5749376578,11495.5995791413,11472.5684325037
2023-06-25,11487.8741118699,11467.7702287088,11440.7352259742,11467.7702287088,11440.7280176733
2023-06-26,11414.4663840196,11391.0731885046,11360.1567285839,11391.0731885046,11360.1488644081
2023-06-27,11574.5214695960,11547.3355902513,11507.9107704276,11547.3355902513,11507.9010414578
2023-06-28,11342.6011301078,11313.2558504915,11273.9806491394,11313.2558504915,11273.9709552770
2023-06-29,11482.0861163351,11449.4172262924,11408.5812396225,11449.4172262924,11408.5711881065
2023-06-30,11491.3964204913,11455.2640043785,11404.1038802866,11455.2640043785,11404.0913089383
2023-07-01,11534.3467479861,11494.6304352446,11433.8090206956,11494.6304352446,11433.7942959582
2023-07-02,11546.0854956717,11502.8774405259,11427.3867913052,11502.8774405259,11427.3679591795
2023-07-03,11749.3999883995,11701.9200415822,11604.7053773095,11701.9200415822,11604.6786590457
2023-07-04,11602.4527679868,11552.1005514860,11444.6573253599,11552.1005514860,11444.6281789293
2023-07-05,11503.7688905232,11450.4093616364,11340.8396807159,11450.4093616364,11340.8102084770
2023-07-06,11273.9789944360,11219.5296824448,11104.1376697945,11219.5296824448,11104.1072721695
2023-07-07,11443.3935593599,11387.6408193493,11251.2637316662,11387.6408193493,11251.2276895710
2023-07-08,11420.7418736867,11364.1819605344,11220.5577390769,11364.1819605344,11220.5208215753
2023-07-09,11374.0131028931,11315.5706248517,11167.1747615691,11315.5706248517,11167.1372980722
2023-07-10,11468.6094769040,11409.0348495082,11249.1785722034,11409.0348495082,11249.1392020160
2023-07-11,11547.9978354168,11485.6872146300,11318.8598544293,11485.6872146300,11318.8193811530
2023-07-12,11456.7048475063,11392.8166362528,11220.4626369493,11392.8166362528,11220.4215188542
2023-07-13,11861.7842310356,11794.9867253085,11604.3122507144,11794.9867253085,11604.2673358426
2023-07-14,11790.9765319536,11719.4527934158,11505.5649616589,11719.4527934158,11505.5048230173
2023-07-15,11961.2343844998,11886.9732199547,11667.5106530100,11886.9732199547,11667.4494425000
2023-07-16,11941.1634269874,11864.3956701809,11644.5372857232,11864.3956701809,11644.4760515293
2023-07-17,11787.5989243299,11709.1644752267,11491.3393321902,11709.1644752267,11491.2787527680
2023-07-18,11455.9664525292,11377.0402429575,11164.2454765291,11377.0402429575,11164.1864189080
2023-07-19,11638.2652189946,11555.0254028284,11339.4648749249,11555.0254028284,11339.4048082300
2023-07-20,11411.3239344333,11327.1570704385,11115.9743453239,11327.1570704385,11115.9153885016
2023-07-21,11457.7768963290,11372.3321436422,11159.1739234126,11372.3321436422,11159.1146803634
2023-07-22,11216.9697107535,11131.9060331456,10922.6105263589,11131.9060331456,10922.5524673176
2023-07-23,11326.4083037808,11237.8671438989,11028.4218837970,11237.8671438989,11028.3631170255
2023-07-24,10837.6941118032,10750.3569782672,10551.2611683538,10750.3569782672,10551.2049012089
2023-07-25,10824.2408405462,10735.4330520971,10537.2734785377,10735.4330520971,10537.2172419282
2023-07-26,11288.9258592782,11194.1240281573,10989.0266826671,11194.1240281573,10988.9679694478
2023-07-27,11248.3864372036,11152.6221455293,10948.1756951425,11152.6221455293,10948.1171259162
2023-07-28,11203.2295068027,11105.0147347261,10902.4107419336,11105.0147347261,10902.3523386739
2023-07-29,11289.6274673525,11187.8213664470,10984.9002476948,11187.8213664470,10984.8413311082
2023-07-30,11069.4916624106,10967.0775910530,10769.5073774483,10967.0775910530,10769.4495380111
2023-07-31,10941.5766589906,10838.7554616853,10643.7443556723,10838.7554616853,10643.6871204572
2023-08-01,11104.0104578845,10997.0241591850,10800.0472968306,10997.0241591850,10799.9891453150
2023-08-02,10799.0596239124,10693.0740048245,10501.3632038026,10693.0740048245,10501.3065994293
2023-08-03,10683.8506904537,10577.1738933675,10390.1363764032,10577.1738933675,10390.0803160063
2023-08-04,10649.3596522369,10540.0632424959,10358.5375387742,10540.0632424959,10358.4815567232
2023-08-05,10634.0480376130,10522.3639389574,10345.8164997665,10522.3639389574,10345.7605148067
2023-08-06,10640.0066186503,10525.1017778475,10353.7651231132,10525.1017778475,10353.7090277956
2023-08-07,10638.7714994367,10520.9929271087,10354.5243311970,10520.9929271087,10354.4681005505
2023-08-08,10993.7169079348,10869.1666042099,10702.0884365690,10869.1666042099,10702.0302342718
2023-08-09,10995.2377434430,10868.3377445636,10704.4353025766,10868.3377445636,10704.3770346693
2023-08-10,11025.8961669970,10895.4669354861,10733.7492800485,10895.4669354861,10733.6907839109
2023-08-11,11020.3337617961,10887.1315052424,10727.3943273272,10887.1315052424,10727.3358117548
2023-08-12,11086.0134808389,10948.7701305984,10790.2774988526,10948.7701305984,10790.2185864159
2023-08-13,10910.9054214027,10773.2839651301,10620.0165724809,10773.2839651301,10619.9585801198
2023-08-14,11148.4607537368,11005.0787924818,10852.4777937830,11005.0787924818,10852.4184770326
2023-08-15,10821.3621154109,10679.1308669616,10534.9115514575,10679.1308669616,10534.8539550383
2023-08-16,10489.8674926914,10349.0997882525,10213.9925041159,10349.0997882525,10213.9364882119
2023-08-17,9838.5896144990,9704.4706291810,9582.5232220837,9704.4706291810,9582.4702731790
2023-08-18,9660.7012985741,9529.4094369081,9418.9460177618,9529.4094369081,9418.8925229992
2023-08-19,9668.3187097400,9537.2727210404,9430.2651386675,9537.2727210404,9430.2111924754
2023-08-20,9689.0792796433,9558.2058830264,9454.2139190246,9558.2058830264,9454.1594954094
2023-08-21,9676.0043724091,9545.4945141538,9443.3454981793,9545.4945141538,9443.2910301634
2023-08-22,9661.7165478084,9531.3572998926,9430.7366137542,9531.3572998926,9430.6821507358
2023-08-23,9737.7062542466,9606.1667312006,9506.4918789714,9606.1667312006,9506.4369010214
2023-08-24,9687.0704121239,9555.9765912334,9456.8606828330,9555.9765912334,9456.8058926874
2023-08-25,9662.9081542914,9531.7596253016,9435.9507357799,9531.7596253016,9435.8958596986
2023-08-26,9654.9267630348,9523.3641689978,9430.0021347803,9523.3641689978,9429.9471840999
2023-08-27,9670.1976680861,9538.1801768028,9446.8364234092,9538.1801768028,9446.7812586107
2023-08-28,9673.4906458748,9541.0303075062,9452.3624397883,9541.0303075062,9452.3070629815
2023-08-29,9961.7425462216,9825.6388947877,9735.6049167732,9825.6388947877,9735.5478043387
2023-08-30,9662.6407885988,9528.9320665388,9446.2420598898,9528.9320665388,9446.1864730890
2023-08-31,9400.0733713043,9269.1027262981,9190.7265456916,9269.1027262981,9190.6724158620
2023-09-01,9377.3146125096,9246.0388475990,9170.0321160907,9246.0388475990,9169.9780213421
2023-09-02,9387.9614664785,9256.3297783090,9181.8992714382,9256.3297783090,9181.8449858757
2023-09-03,9404.7364175699,9272.5338629965,9198.6721800943,9272.5338629965,9198.6177897514
2023-09-04,9380.8391435369,9248.8421929044,9176.1078661370,9248.8421929044,9176.0535858664
2023-09-05,9375.2390244334,9243.0942549701,9170.8517623174,9243.0942549701,9170.7974868659
2023-09-06,9369.9273207897,9237.8108538510,9165.2225145216,9237.8108538510,9165.1682662824
2023-09-07,9462.3504503164,9328.2278379420,9254.8209477841,9328.2278379420,9254.7661256581
2023-09-08,9390.0012397792,9257.0493645056,9182.5446037692,9257.0493645056,9182.4901472549
2023-09-09,9388.1319008535,9255.4218863015,9179.1185931711,9255.4218863015,9179.0640870678
2023-09-10,9375.5136224337,9242.6693181408,9169.7810353698,9242.6693181408,9169.7262097860
2023-09-11,9232.5586489708,9101.5624184953,9032.8266399766,9101.5624184953,9032.7724589784
2023-09-12,9342.4157045084,9209.6703242327,9144.7180024861,9209.6703242327,9144.6624441095
2023-09-13,9410.4597503467,9276.4401440184,9214.0971366829,9276.4401440184,9214.0408022460
2023-09-14,9463.8286791328,9329.0886398212,9265.4222083219,9329.0886398212,9265.3655316146
2023-09-15,9478.9966912358,9343.8224203180,9279.6112606866,9343.8224203180,9279.5544853009
2023-09-16,9462.5474592240,9328.4343958350,9264.2443728470,9328.4343958350,9264.1875990549
2023-09-17,9451.0896546672,9316.8885407068,9257.6286064593,9316.8885407068,9257.5715464077
2023-09-18,9500.4153432757,9365.8974527392,9307.2354541641,9365.8974527392,9307.1777869120
2023-09-19,9597.5464271591,9461.7260926442,9400.0947884453,9461.7260926442,9400.0364002023
2023-09-20,9565.6074197153,9430.9352277377,9365.0440591401,9430.9352277377,9364.9856741353
2023-09-21,9369.2100828235,9236.2219157120,9170.0104334354,9236.2219157120,9169.9531437424
2023-09-22,9373.4630309774,9240.1273065879,9171.4209827562,9240.1273065879,9171.3635638646
2023-09-23,9371.9889577368,9237.8943765022,9167.2279643519,9237.8943765022,9167.1704513801
2023-09-24,9256.4681653444,9123.4593109421,9051.5150946095,9123.4593109421,9051.4581887801
2023-09-25,9266.8494022042,9133.0152658784,9060.0937689900,9133.0152658784,9060.0367440751
2023-09-26,9248.9265869552,9115.3233427451,9041.4902053575,9115.3233427451,9041.4332641212
2023-09-27,9281.5873697349,9146.6505453418,9073.2442436471,9146.6505453418,9073.1870865681
2023-09-28,9400.3179605126,9263.9277662433,9188.7226387709,9263.9277662433,9188.6647418790
2023-09-29,9358.2634936726,9223.0354440362,9144.8707820200,9223.0354440362,9144.8130413950
2023-09-30,9377.6012196326,9241.7211009400,9161.0187024091,9241.7211009400,9160.9607395766
2023-10-01,9735.8395490132,9595.0168246449,9508.1302476658,9595.0168246449,9508.0699638123
2023-10-02,9542.3914777499,9403.5617001885,9318.6117062914,9403.5617001885,9318.5525618066
2023-10-03,9577.5391465214,9438.5615737454,9355.0066792373,9438.5615737454,9354.9467723519
2023-10-04,9543.6493988445,9406.3124238989,9325.9798784490,9406.3124238989,9325.9193197238
2023-10-05,9391.6921917288,9259.4016227930,9182.4844884747,9259.4016227930,9182.4235696621
2023-10-06,9627.7710468187,9492.7670408272,9415.0805636582,9492.7670408272,9415.0173199912
2023-10-07,9609.5600164135,9475.2320448794,9400.6733857614,9475.2320448794,9400.6093245826
2023-10-08,9586.2536179721,9452.6257448727,9379.5959568925,9452.6257448727,9379.5316839739
2023-10-09,9298.9294312991,9169.5641486111,9102.6137348959,9169.5641486111,9102.5505694238
2023-10-10,9267.3294250923,9139.7807321113,9075.3027402376,9139.7807321113,9075.2393266251
2023-10-11,9159.3157563443,9033.2385901361,8969.7022641772,9033.2385901361,8969.6394501731
2023-10-12,8987.6754789076,8863.2810318099,8801.9412188590,8863.2810318099,8801.8794325488
2023-10-13,9123.1257087829,8997.4323653716,8935.3262685364,8997.4323653716,8935.2633480215
2023-10-14,9154.9271136762,9031.0273155705,8966.4170371680,9031.0273155705,8966.3537279180
2023-10-15,9191.7872553422,9067.3873674498,9000.5376879281,9067.3873674498,9000.4740700420
2023-10-16,9843.0405758495,9710.8003841892,9637.6245610835,9710.8003841892,9637.5562501335
2023-10-17,9820.8217759415,9689.4439811758,9613.9096745331,9689.4439811758,9613.8414426228
2023-10-18,9703.0434527585,9572.7116386998,9495.8848521031,9572.7116386998,9495.8173409061
2023-10-19,10083.2911342326,9949.8412603328,9865.6749832693,9949.8412603328,9865.6047508248
2023-10-20,10675.7183652338,10537.9525981059,10445.5566859479,10537.9525981059,10445.4820550666
2023-10-21,11171.2613598484,11027.2792467194,10929.6835408960,11027.2792467194,10929.6052167224
2023-10-22,11135.2614776455,10991.7779053922,10891.9146038109,10991.7779053922,10891.8364111368
2023-10-23,12248.9454957518,12089.8965929116,11972.2541891185,12089.8965929116,11972.1663384927
2023-10-24,12078.3622297302,11917.9521990658,11787.5722544936,11917.9521990658,11787.4799050473
2023-10-25,12634.8187900313,12463.2788527408,12322.6788333328,12463.2788527408,12322.5811112056
2023-10-26,12636.0138196281,12461.0321752612,12312.4739419236,12461.0321752612,12312.3745327394
2023-10-27,12387.4703741211,12212.2661100368,12059.1483630344,12212.2661100368,12059.0493309656
2023-10-28,12402.4861692512,12223.4017729136,12063.9914544000,12223.4017729136,12063.8911500205
2023-10-29,12718.7034525830,12531.2929303411,12373.5695667957,12531.2929303411,12373.4646428768
2023-10-30,13117.9988419296,12920.8679822911,12753.4335571487,12920.8679822911,12753.3244234894
2023-10-31,13798.9159335290,13587.8348164056,13405.9334803657,13587.8348164056,13405.8174608987
2023-11-01,14448.7066777218,14228.3622875793,14029.5651898053,14228.3622875793,14029.4425551228
2023-11-02,14189.3247302629,13968.7444824244,13768.7943390794,13968.7444824244,13768.6730604171
2023-11-03,14006.1235593952,13784.2551631596,13578.6581870449,13784.2551631596,13578.5368076429
2023-11-04,14601.2268821395,14365.6210168130,14137.2417784020,14365.6210168130,14137.1106268038
2023-11-05,14373.8753134855,14137.6958434627,13897.2189189764,14137.6958434627,13897.0857366797
2023-11-06,14557.2963498978,14313.4297062705,14061.3252246027,14313.4297062705,14061.1884162772
2023-11-07,14763.5518525530,14511.1078612209,14247.0801536358,14511.1078612209,14246.9391043601
2023-11-08,14844.9860242381,14586.2516533253,14299.2393648539,14586.2516533253,14299.0904912399
2023-11-09,15440.9771595173,15165.1716806870,14844.8853807220,15165.1716806870,14844.7221454075
2023-11-10,17507.2314490519,17188.6234578871,16811.3994194512,17188.6234578871,16811.2107244340
2023-11-11,17415.9809080611,17091.1769087169,16682.6293763157,17091.1769087169,16682.4245168876
2023-11-12,17391.2589255833,17054.0419788954,16623.5909982507,17054.0419788954,16623.3747337728
2023-11-13,16527.1204968871,16193.8937687997,15773.9982425233,16193.8937687997,15773.7867871465
2023-11-14,17154.8570131191,16797.8143352468,16357.6989532618,16797.8143352468,16357.4773843597
2023-11-15,19012.9549904203,18609.8048172123,18106.7439570919,18609.8048172123,18106.4938716421
2023-11-16,17478.8252163995,17098.4711759615,16633.6017028122,17098.4711759615,16633.3704212959
2023-11-17,17695.0256586974,17304.7744430438,16832.4307620949,17304.7744430438,16832.1963016168
2023-11-18,17691.5142417810,17296.1505851269,16820.3105197718,17296.1505851269,16820.0753120688
2023-11-19,18266.7181892206,17853.1430657344,17356.0413286650,17853.1430657344,17355.7973157553
2023-11-20,17611.3023676658,17207.4032015769,16716.7050248753,17207.4032015769,16716.4659560699
2023-11-21,16444.0462399463,16062.0974362984,15601.2218416000,16062.0974362984,15600.9981540995
2023-11-22,17768.2490156067,17350.3365753525,16842.1142528900,17350.3365753525,16841.8695529043
2023-11-23,17579.0981333027,17160.4853810099,16655.1077845077,17160.4853810099,16654.8650594312
2023-11-24,17732.3556628732,17304.9008658943,16785.7978630375,17304.9008658943,16785.5501300753
2023-11-25,18053.7530830690,17613.2656683308,17069.8235019214,17613.2656683308,17069.5662419873
2023-11-26,17782.2999496469,17343.2316181518,16800.7248259015,17343.2316181518,16800.4699304393
2023-11-27,17346.0447875813,16912.6733521517,16373.1727920003,16912.6733521517,16372.9205214798
2023-11-28,17971.6830963302,17517.4245125945,16956.1837070405,17517.4245125945,16955.9216235408
2023-11-29,18154.7094564082,17690.5164177994,17109.2112617248,17690.5164177994,17108.9405740340
2023-11-30,18121.8425500737,17653.1928599273,17072.2131522902,17653.1928599273,17071.9427237962
2023-12-01,18420.8382419369,17939.0734141006,17345.2268505474,17939.0734141006,17344.9514833892
2023-12-02,19206.3843843700,18697.0021180069,18064.2509000270,18697.0021180069,18063.9603947153
2023-12-03,19230.8513349113,18713.4596248547,18071.9958459819,18713.4596248547,18071.7032403535
2023-12-04,19511.9047312155,18977.0936325920,18310.6121075924,18977.0936325920,18310.3101422094
2023-12-05,19899.1282435455,19347.8980209486,18650.9543688305,19347.8980209486,18650.6403696811
2023-12-06,19962.6859252361,19398.7349853315,18683.7833698347,19398.7349853315,18683.4535000004
2023-12-07,20801.5571295036,20205.1293066049,19446.8960594336,20205.1293066049,19446.5447395508
2023-12-08,22122.8427082940,21471.4322004170,20641.3934240867,21471.4322004170,20641.0051942199
2023-12-09,21618.6281004878,20967.3307280986,20144.4422181141,20967.3307280986,20144.0564089481
2023-12-10,22021.6302751053,21342.3089403534,20508.4435126436,21342.3089403534,20508.0496746734
2023-12-11,20704.4848897186,20057.5737243846,19235.1662996621,20057.5737243846,19234.7797919203
2023-12-12,20521.3089582919,19872.4819485263,19027.3782255609,19872.4819485263,19026.9831453890
2023-12-13,21163.8741600757,20488.1045541783,19591.0990567694,20488.1045541783,19590.6825184914
2023-12-14,21959.9052558725,21252.3411325779,20287.5871844481,21252.3411325779,20287.1358091746
2023-12-15,21223.8561194805,20530.1552912639,19568.6218051198,20530.1552912639,19568.1658919078
2023-12-16,21486.3950997835,20777.8785861597,19800.9471434345,20777.8785861597,19800.4850274516
2023-12-17,20841.5089970838,20148.2120094558,19199.3030862027,20148.2120094558,19198.8545025467
2023-12-18,21686.6807841948,20958.0403606185,19971.6796990805,20958.0403606185,19971.2127206891
2023-12-19,21382.7265288770,20658.0657605191,19678.3673932040,20658.0657605191,19677.9055226411
2023-12-20,23083.8624780786,22290.2318832923,21212.7747403346,22290.2318832923,21212.2687744618
2023-12-21,24767.6410428503,23902.3357696144,22708.8642344663,23902.3357696144,22708.3050743845
2023-12-22,25333.7064879813,24429.1660131918,23183.4090714396,24429.1660131918,23182.8244110892
2023-12-23,26548.0906878477,25589.9461309415,24260.5389071512,25589.9461309415,24259.9191025467
2023-12-24,26894.5491544842,25907.9277199595,24532.1111550251,25907.9277199595,24531.4713403284
2023-12-25,28089.0996868739,27037.0717781269,25569.5948431824,27037.0717781269,25568.9106762674
2023-12-26,26767.0996835214,25744.8346481679,24316.0322031627,25744.8346481679,24315.3649722759
2023-12-27,26392.8450641722,25357.3764877190,23915.3435151396,25357.3764877190,23914.6629073603
2023-12-28,25499.2240243675,24458.9343265213,23039.5622457270,24458.9343265213,23038.8675376827
2023-12-29,25897.7153210608,24805.4483750112,23320.0012494110,24805.4483750112,23319.2503215569
2023-12-30,25399.5036008668,24301.9750111777,22822.1773950609,24301.9750111777,22821.4204272349
2023-12-31,25420.2563815205,24294.5914399950,22795.4242696627,24294.5914399950,22794.6502282068
2024-01-01,27013.5284457860,25790.8433013564,24160.5463986025,25790.8433013564,24159.6986944029
2024-01-02,26857.3410822362,25596.1263589330,23939.7501588336,25596.1263589330,23938.8643172489
2024-01-03,25196.4530980443,24000.7437299087,22416.4417620814,24000.7437299087,22415.5970660053
2024-01-04,26397.5515545762,25137.3008038279,23455.9042173974,25137.3008038279,23455.0136640502
2024-01-05,25770.4829023583,24532.8078465332,22878.8947886900,24532.8078465332,22878.0218037338
2024-01-06,24923.3841248764,23719.2753473995,22112.0349897790,23719.2753473995,22111.1897116521
2024-01-07,24336.8043270828,23154.0870187201,21571.0109437154,23154.0870187201,21570.1832577224
2024-01-08,26322.1786326005,25035.4641834999,23300.6040342970,25035.4641834999,23299.7019734004
2024-01-09,26285.4253394270,24993.0081100646,23231.2607272899,24993.0081100646,23230.3518665365
2024-01-10,26789.6810459018,25464.8292993621,23635.8958509135,25464.8292993621,23634.9592968046
2024-01-11,26423.5140074611,25109.2363381341,23273.6129065827,25109.2363381341,23272.6790574680
2024-01-12,24380.6368441367,23161.0200310557,21452.4871724278,23161.0200310557,21451.6216091100
2024-01-13,24892.8257953461,23640.4936792810,21896.6898756223,23640.4936792810,21895.8056610370
2024-01-14,24104.4452833196,22884.9089229615,21183.6367194731,22884.9089229615,21182.7779071092
2024-01-15,24429.3204246963,23186.3900761579,21458.5497357644,23186.3900761579,21457.6788187549
2024-01-16,25103.0496951509,23818.6938869941,22033.3440357346,23818.6938869941,22032.4459560718
2024-01-17,25151.7008564280,23857.6971516328,22057.9258996547,23857.6971516328,22057.0232751885
2024-01-18,24035.9965335343,22792.5544062428,21066.3659548753,22792.5544062428,21065.5020789565
2024-01-19,24105.7170507684,22851.8111923080,21113.6780177884,22851.8111923080,21112.8102992583
2024-01-20,23966.9704836217,22713.4663953378,20983.9965094744,22713.4663953378,20983.1333387477
2024-01-21,23730.7301138658,22482.8355078810,20768.8738581038,22482.8355078810,20768.0189437863
2024-01-22,22233.2830320230,21057.8139666721,19454.5064267205,21057.8139666721,19453.7053146316
2024-01-23,22384.8588102630,21195.0161881660,19579.3039593732,21195.0161881660,19578.4970426411
2024-01-24,23023.8875228594,21793.5386608955,20131.2568723719,21793.5386608955,20130.4259073877
2024-01-25,22747.1263328021,21525.1081914256,19882.1788451800,21525.1081914256,19881.3577930995
2024-01-26,23979.9511152874,22685.1234772442,20955.4163388913,22685.1234772442,20954.5505223626
2024-01-27,24324.9903220603,23004.9435943397,21248.5003598773,23004.9435943397,21247.6215772262
2024-01-28,24518.4334020876,23182.5336399656,21406.8399199483,23182.5336399656,21405.9526228114
2024-01-29,25617.3758354338,24215.1728520577,22354.6873800210,24215.1728520577,22353.7583290364
2024-01-30,25475.1448886702,24074.8309428608,22215.4965364932,24074.8309428608,22214.5678222229
2024-01-31,24810.2923243930,23440.9140488621,21643.0591910045,23440.9140488621,21642.1535415069
2024-02-01,25065.5672867549,23675.8714072270,21869.8405217023,23675.8714072270,21868.9249296983
2024-02-02,25454.5510202499,24036.0766731439,22203.2393495604,24036.0766731439,22202.3095408932
2024-02-03,25067.3639707441,23664.0254136451,21863.4824370510,23664.0254136451,21862.5666545589
2024-02-04,24626.5521488960,23241.2486236370,21475.7142503994,23241.2486236370,21474.8145169528
2024-02-05,24684.8555072778,23289.2840933203,21523.8592295363,23289.2840933203,21522.9572995392
2024-02-06,24955.0434020877,23538.0359078456,21750.4263961052,23538.0359078456,21749.5141466334
2024-02-07,25865.7781148134,24390.8110623256,22526.1193552645,24390.8110623256,22525.1712051629
2024-02-08,26346.7679274656,24838.2710611245,22919.6352315100,24838.2710611245,22918.6637790352
2024-02-09,27419.0360578050,25843.5752115030,23804.0760946797,25843.5752115030,23803.0508847661
2024-02-10,27864.2572399424,26255.5936049842,24158.0023448709,26255.5936049842,24156.9541268735
2024-02-11,27826.3081634277,26211.9702464058,24100.8748902379,26211.9702464058,24099.8245943632
2024-02-12,28833.3736937555,27152.4636951254,24942.6457165566,27152.4636951254,24941.5499975745
2024-02-13,28878.9790008547,27186.6861581633,24960.1752065232,27186.6861581633,24959.0753911911
2024-02-14,30064.2176830299,28290.9375515217,25954.3501426964,28290.9375515217,25953.1995980708
2024-02-15,29642.8988074066,27884.4977155226,25571.6508759044,27884.4977155226,25570.5149255646
2024-02-16,29298.6819982381,27546.7325686886,25254.3417790270,27546.7325686886,25253.2164021633
2024-02-17,28976.1498813517,27226.5953888934,24944.9512240041,27226.5953888934,24943.8329752787
2024-02-18,29556.6402549117,27756.2086491492,25427.3803566009,27756.2086491492,25426.2387491731
2024-02-19,29688.0317422361,27863.3923659152,25512.5312020168,27863.3923659152,25511.3806727081
2024-02-20,29789.6443378403,27938.6777431547,25575.2489005026,27938.6777431547,25574.0911442685
2024-02-21,29255.7378542307,27425.7707919655,25098.3734723340,27425.7707919655,25097.2343906920
2024-02-22,29212.8885748039,27395.8938127639,25064.4661171299,27395.8938127639,25063.3234284549
2024-02-23,28776.0844047737,26990.9887804113,24686.0721377385,26990.9887804113,24684.9452002539
2024-02-24,29334.9324179353,27523.3234231012,25169.4847962629,27523.3234231012,25168.3327444503
2024-02-25,29964.5260805337,28117.7403709372,25692.6475394130,28117.7403709372,25691.4651769529
2024-02-26,31021.2356362218,29093.8977662104,26575.9942554235,29093.8977662104,26574.7675019573
2024-02-27,31658.5229642324,29668.2023315893,27086.8739551822,29668.2023315893,27085.6156692374
2024-02-28,33861.3391998909,31695.1011691257,28873.4106268689,31695.1011691257,28872.0167791025
2024-02-29,34437.4510697368,32158.3577794561,29240.1268949654,32158.3577794561,29238.6265425443
2024-03-01,35305.2538272540,32910.6378567928,29902.0389354526,32910.6378567928,29900.4753738066
2024-03-02,35215.2722825338,32770.4908937820,29771.1833194924,32770.4908937820,29769.6087764610
2024-03-03,35714.5011826950,33188.7297890462,30121.0022112982,33188.7297890462,30119.3749162128
2024-03-04,37359.5389791857,34662.7296017901,31421.5617716733,34662.7296017901,31419.8273553035
2024-03-05,34988.1934250794,32377.3336089994,29276.5957777795,32377.3336089994,29274.8542854714
2024-03-06,36970.3889211587,34177.2084742969,30842.3897617766,34177.2084742969,30840.5122294406
2024-03-07,38268.4697559693,35332.1012739259,31860.9831264545,35332.1012739259,31859.0219852208
2024-03-08,38595.9344795084,35579.8518556810,32059.1392460901,35579.8518556810,32057.1356920704
2024-03-09,38678.8905880407,35619.5897535266,32056.0696978557,35619.5897535266,32054.0424327596
2024-03-10,38660.0147570372,35553.6768291624,31971.8722356294,35553.6768291624,31969.8255184100
2024-03-11,39651.2412636301,36416.2656137755,32739.9346549450,36416.2656137755,32737.8226935106
2024-03-12,39995.3101149059,36678.6759160170,32945.2341088402,36678.6759160170,32943.0799207511
2024-03-13,43279.0045172111,39623.2535050225,35539.6952674425,39623.2535050225,35537.3129143913
2024-03-14,43590.0452312855,39855.9329006511,35712.3577099591,39855.9329006511,35709.9323588851
2024-03-15,44292.0764519663,40466.6102796317,36235.2299023821,40466.6102796317,36232.7546166066
2024-03-16,42076.1762992138,38421.6706201955,34399.6604494971,38421.6706201955,34397.3071247740
2024-03-17,44390.0493906631,40516.7800117031,36258.1864630317,40516.7800117031,36255.7004536359
2024-03-18,43413.0540917811,39599.8782868857,35438.1969959015,39599.8782868857,35435.7649479499
2024-03-19,38999.7764592652,35551.7428153353,31819.2375308243,35551.7428153353,31817.0514703347
2024-03-20,43193.8051382404,39356.0626734506,35228.5741303467,39356.0626734506,35226.1529706725
2024-03-21,41569.4336108901,37858.9642083040,33891.9023007285,37858.9642083040,33889.5723760208
2024-03-22,40792.1472441276,37135.9504559532,33245.5168607109,37135.9504559532,33243.2306336743
2024-03-23,40598.0109384068,36945.6681683663,33076.1251411185,36945.6681683663,33073.8499863416
2024-03-24,42629.9747375455,38776.4431491078,34711.4335740191,38776.4431491078,34709.0438310580
2024-03-25,44084.3506040003,40072.4001898958,35851.7719756133,40072.4001898958,35849.2936236965
2024-03-26,44107.6980583059,40060.2805245634,35837.1848602865,40060.2805245634,35834.7019087963
2024-03-27,43526.4652038003,39492.7592257195,35309.9831839110,39492.7592257195,35307.5214330320
2024-03-28,44297.1605376664,40150.6206599258,35883.2254780279,40150.6206599258,35880.7102811476
2024-03-29,44811.3066857805,40576.9268347923,36226.5061368121,40576.9268347923,36223.9397458147
2024-03-30,44705.5020876986,40448.2629568142,36062.4724721340,40448.2629568142,36059.8803674091
2024-03-31,45918.1800240763,41510.5459728587,36960.7678027171,41510.5459728587,36958.0757149800
2024-04-01,44102.9291334204,39827.7836555829,35447.9598702494,39827.7836555829,35445.3630778067
2024-04-02,41715.5406072919,37655.3760271237,33507.2484496748,37655.3760271237,33504.7916343550
2024-04-03,42316.9446410294,38183.1408089414,33971.2123251698,38183.1408089414,33968.7194247380
2024-04-04,43332.9021791429,39088.1417589170,34769.5802398404,39088.1417589170,34767.0271196973
2024-04-05,42227.8134746476,38092.4289346687,33885.2111681844,38092.4289346687,33882.7197472224
2024-04-06,42999.8213057267,38791.3478139050,34490.6307051331,38791.3478139050,34488.0924311101
2024-04-07,43158.9632880759,38940.0841393346,34608.1375195648,38940.0841393346,34605.5896452317
2024-04-08,43865.1777843330,39566.2303506375,35155.9347385647,39566.2303506375,35153.3445724783
2024-04-09,42446.8682567782,38269.6140959249,33980.9891851105,38269.6140959249,33978.4788724224
2024-04-10,43439.3890400095,39141.8950940809,34737.4729386648,39141.8950940809,34734.8995138187
2024-04-11,43108.3916562958,38818.2344233115,34437.3691814033,38818.2344233115,34434.8112618819
2024-04-12,40635.6127281636,36574.3573512621,32444.3470055608,36574.3573512621,32441.9342972862
2024-04-13,37999.8129696990,34210.1649573907,30339.0529947962,34210.1649573907,30336.7932641246
2024-04-14,39579.3067831009,35639.8252459192,31586.3261209346,35639.8252459192,31583.9710501358
2024-04-15,37864.5925335496,34101.9506529342,30218.9762618154,34101.9506529342,30216.7207128594
2024-04-16,37602.4262891074,33881.6391244850,30009.6877846937,33881.6391244850,30007.4456583689
2024-04-17,36483.6389649025,32871.9607878245,29101.0591851353,32871.9607878245,29098.8835305021
2024-04-18,38074.6931318335,34305.2464053528,30371.9399706979,34305.2464053528,30369.6689607979
2024-04-19,38245.3269055711,34458.3903064753,30497.9965359750,34458.3903064753,30495.7154315547
2024-04-20,39374.4826671895,35471.6453186547,31390.9731841054,35471.6453186547,31388.6248885274
2024-04-21,39398.8797172582,35492.6251909165,31403.7804051056,35492.6251909165,31401.4309056080
2024-04-22,40853.0485932731,36800.3731684609,32554.1235380295,36800.3731684609,32551.6874411416
2024-04-23,40639.3240194755,36609.9381395648,32375.2332089381,36609.9381395648,32372.8096616538
2024-04-24,39615.5295667748,35694.4737528021,31554.8164511134,35694.4737528021,31552.4526429361
2024-04-25,39623.8762320877,35703.7954094125,31562.0388660279,35703.7954094125,31559.6729109404
2024-04-26,38853.3326202100,35021.3566898398,30949.4480679132,35021.3566898398,30947.1257913485
2024-04-27,38817.1508681912,34995.7646717766,30923.5020911735,34995.7646717766,30921.1795010900
2024-04-28,38602.4558992709,34820.0512912495,30764.0518315425,34820.0512912495,30761.7352175211
2024-04-29,38749.8316188488,34969.1039935508,30890.4297317239,34969.1039935508,30888.0992525005
2024-04-30,36893.1490203012,33297.4597375135,29408.3824949663,33297.4597375135,29406.1630095850
2024-05-01,35839.5633763997,32344.5277314570,28566.3252647313,32344.5277314570,28564.1677123995
2024-05-02,36187.5387737641,32659.7587294482,28839.2305211537,32659.7587294482,28837.0519144650
2024-05-03,38236.1124262766,34511.8651134088,30473.1422677940,34511.8651134088,30470.8400347925
2024-05-04,38678.0846290927,34912.6401427060,30825.1447317043,34912.6401427060,30822.8147915389
2024-05-05,38807.8803575686,35038.7442812577,30928.5809782511,35038.7442812577,30926.2412038285
2024-05-06,38798.2019266892,35031.0507807559,30906.8053214837,35031.0507807559,30904.4656586502
2024-05-07,38055.1667579042,34357.2334671081,30302.1245734097,34357.2334671081,30299.8295957215
2024-05-08,37557.9931430220,33902.5711722413,29902.8350665997,33902.5711722413,29900.5699743966
2024-05-09,38837.6207113773,35053.0726829798,30915.6843835222,35053.0726829798,30913.3422201361
2024-05-10,37547.4579092882,33888.0620578096,29883.8272751491,33888.0620578096,29881.5619613594
2024-05-11,37633.9682836558,33962.1940647133,29946.0323696935,33962.1940647133,29943.7617367535
2024-05-12,37814.5880368828,34121.5770879614,30086.0196798210,34121.5770879614,30083.7378396060
2024-05-13,38470.8287713411,34712.2989994200,30603.8455409918,34712.2989994200,30601.5238328730
2024-05-14,37353.5713837573,33712.1818705566,29725.4128849930,33712.1818705566,29723.1477723024
2024-05-15,39962.1711760496,36088.9570043031,31796.0011147374,36088.9570043031,31793.5749239087
2024-05-16,39495.3689494682,35670.3691422234,31419.6294611294,35670.3691422234,31417.2313068022
2024-05-17,40823.7402375723,36874.4181255359,32465.5991406671,36874.4181255359,32463.1206272474
2024-05-18,40936.2988258892,36973.4083288686,32546.8269364642,36973.4083288686,32544.3418574519
2024-05-19,40488.8710347438,36565.5325200058,32185.0437076411,36565.5325200058,32182.5856045519
2024-05-20,43514.4690823984,39294.6676675926,34582.1055681387,39294.6676675926,34579.4627684112
2024-05-21,42920.0378786182,38746.2829173493,34071.7199121367,38746.2829173493,34069.1011232518
2024-05-22,42479.6905767747,38334.3886756256,33688.6972780870,38334.3886756256,33686.1004848677
2024-05-23,41793.8355109201,37704.6496915728,33114.0919073264,37704.6496915728,33111.5323271055
2024-05-24,41501.4749761981,37432.4286593817,32871.9892651295,37432.4286593817,32869.4478853946
2024-05-25,41810.5924789593,37702.7540895435,33105.5078253803,37702.7540895435,33102.9477948638
2024-05-26,41254.6088129471,37192.2114994025,32646.8695658890,37192.2114994025,32644.3429415210
2024-05-27,41769.1662490976,37644.0169249550,33021.7365299323,37644.0169249550,33019.1754925400
2024-05-28,41285.4063599758,37197.8086803952,32613.4475419851,37197.8086803952,32610.9138515883
2024-05-29,40752.7522178680,36705.7690123394,32164.3280340671,36705.7690123394,32161.8240258836
2024-05-30,40905.1522606672,36832.2199996085,32268.7762312440,36832.2199996085,32266.2626093834
2024-05-31,40672.5467764749,36612.0583436488,32070.6458201261,36612.0583436488,32068.1464320983
2024-06-01,41022.6826737743,36912.6471156583,32322.4197975311,36912.6471156583,32319.8977759975
2024-06-02,40948.3023990047,36830.4075545986,32243.9857397333,36830.4075545986,32241.4673471202
2024-06-03,41631.1231086612,37428.4910511759,32734.9130707824,37428.4910511759,32732.3449706519
2024-06-04,43276.3542512373,38894.0432826160,33998.9334084288,38894.0432826160,33996.2622354360
2024-06-05,43806.7788228229,39354.1157668087,34391.8634221426,39354.1157668087,34389.1580416940
2024-06-06,43770.7115517280,39305.8489748103,34340.8908920132,39305.8489748103,34338.1862478448
2024-06-07,42540.2980463101,38190.5560138377,33350.6671200900,38190.5560138377,33348.0371082510
2024-06-08,42509.6315405412,38154.4391191267,33302.8785939862,38154.4391191267,33300.2493086146
2024-06-09,42528.3760617000,38162.6753384191,33302.0547178334,38162.6753384191,33299.4238934380
2024-06-10,41653.9901194478,37369.6390326299,32606.4252673759,37369.6390326299,32603.8488028930
2024-06-11,40072.9265752991,35943.1085028421,31343.3447913864,35943.1085028421,31340.8629672220
2024-06-12,40943.2350135509,36715.5453819321,32002.7768919637,36715.5453819321,32000.2406100307
2024-06-13,39705.4875826142,35597.5938009468,31021.3564642171,35597.5938009468,31018.8958791288
2024-06-14,39339.4787897841,35261.6042072809,30722.7336765639,35261.6042072809,30720.2958529441
2024-06-15,39597.8306975436,35485.1903570557,30914.7121798402,35485.1903570557,30912.2586562591
2024-06-16,40109.6456555117,35936.2671915483,31306.2970107660,35936.2671915483,31303.8120893781
2024-06-17,39435.0864766359,35324.1883111761,30765.2898019521,35324.1883111761,30762.8467623168
2024-06-18,38460.3094935349,34444.7408583945,29992.0994875546,34444.7408583945,29989.7167291045
2024-06-19,38499.5694596370,34475.3176018684,30009.5226473848,34475.3176018684,30007.1374890162
2024-06-20,38116.7879107180,34127.9632358688,29696.8464961819,34127.9632358688,29694.4849737062
2024-06-21,37919.6266989924,33946.9851842532,29537.3050096514,33946.9851842532,29534.9556583316
2024-06-22,37956.3669380656,33974.7473130040,29558.1981705144,33974.7473130040,29555.8467286563
2024-06-23,37213.3806081210,33305.6708531686,28969.3297425918,33305.6708531686,28967.0245302010
2024-06-24,36073.1963449676,32278.8646570278,28080.5507119069,32278.8646570278,28078.3154575841
2024-06-25,36773.9586837261,32899.8058608565,28616.6580016634,32899.8058608565,28614.3796151964
2024-06-26,36422.8426905894,32578.3488648435,28336.6656679833,32578.3488648435,28334.4092795693
2024-06-27,37787.2898744566,33791.1721423154,29387.8615914040,33791.1721423154,29385.5208052973
2024-06-28,36384.4444530266,32529.5900914407,28287.5654918308,32529.5900914407,28285.3118180439
2024-06-29,36599.8036827928,32714.7705420685,28447.1680749496,32714.7705420685,28444.9009058508
2024-06-30,37761.9186811049,33745.9342027581,29341.4719286164,33745.9342027581,29339.1329079657
2024-07-01,37716.4611209926,33698.1123979347,29296.5631972706,33698.1123979347,29294.2272527049
2024-07-02,38084.3560820597,34019.7777676123,29579.3881288011,34019.7777676123,29577.0288591597
2024-07-03,36147.6298234147,32281.3584421194,28069.8764868876,32281.3584421194,28067.6372685067
2024-07-04,34915.0966344038,31174.6445773615,27109.0283050160,31174.6445773615,27106.8656263557
2024-07-05,34787.4636827711,31057.4107897857,27007.7622189637,31057.4107897857,27005.6075483190
2024-07-06,35263.9717920605,31480.3109241350,27378.3312021561,31480.3109241350,27376.1467647814
2024-07-07,34568.0539102653,30854.8520355954,26840.1825866641,30854.8520355954,26838.0409845190
2024-07-08,34824.9022795280,31080.1766960144,27040.3622927597,31080.1766960144,27038.2043200246
2024-07-09,35222.0947503077,31431.4826302871,27344.7947483555,31431.4826302871,27342.6123063564
2024-07-10,35126.8238557997,31342.7129648729,27267.7292716803,31342.7129648729,27265.5528729959
2024-07-11,35013.0579565163,31236.6630144551,27178.1674127503,31236.6630144551,27175.9980944542
2024-07-12,35175.5054008981,31379.5462607966,27302.9094362564,31379.5462607966,27300.7300890678
2024-07-13,35562.5349637944,31720.9396197230,27599.3531144259,31720.9396197230,27597.1499333227
2024-07-14,36104.7357682975,32200.7681660744,28015.3707716022,32200.7681660744,28013.1341721425
2024-07-15,38633.8511556922,34454.6932367934,29966.2542766155,34454.6932367934,29963.8611533791
2024-07-16,38396.0093265739,34239.4479283344,29771.1515184531,34239.4479283344,29768.7730915884
2024-07-17,37826.1473307317,33728.8663572450,29319.7808711415,33728.8663572450,29317.4380472801
2024-07-18,37990.3420937263,33872.3327922631,29437.1109127199,33872.3327922631,29434.7582121862
2024-07-19,39303.1747496167,35038.3006093547,30441.8157813228,35038.3006093547,30439.3818708970
2024-07-20,39649.0370373923,35345.6409152420,30692.5872313528,35345.6409152420,30690.1313221249
2024-07-21,40777.4918953205,36349.4829985619,31538.9836118932,36349.4829985619,31536.4554313089
2024-07-22,39962.2565877285,35616.9623898749,30891.1212172308,35616.9623898749,30888.6434098852
2024-07-23,39056.4820174501,34804.4637962571,30173.5331036581,34804.4637962571,30171.1100928136
2024-07-24,39115.1103254297,34849.7044862379,30207.7682480315,34849.7044862379,30205.3418747430
2024-07-25,38698.2048070256,34470.9872188409,29877.1421492559,34470.9872188409,29874.7419588833
2024-07-26,40189.3160704333,35793.6498663431,31017.2291289196,35793.6498663431,31014.7364860760
2024-07-27,40259.9932775174,35851.0383367048,31053.7120335605,35851.0383367048,31051.2147914810
2024-07-28,40458.6036639277,36021.4032411426,31188.5188161740,36021.4032411426,31186.0088356193
2024-07-29,39759.8468425653,35392.3859672894,30626.7682373612,35392.3859672894,30624.2997293567
2024-07-30,39605.5322536336,35249.6135511302,30500.1166240560,35249.6135511302,30497.6579820651
2024-07-31,38498.5671158795,34259.8901035294,29640.4235366930,34259.8901035294,29638.0338063789
2024-08-01,38389.1060879173,34154.9902549374,29545.3380188941,34154.9902549374,29542.9551717078
2024-08-02,35836.5923639138,31877.3127998467,27574.4167269732,31877.3127998467,27572.1925507835
2024-08-03,35601.4705266652,31664.4960787799,27388.7586425307,31664.4960787799,27386.5491901729
2024-08-04,34883.6701936282,31022.2806179920,26831.5536242485,31022.2806179920,26829.3888253412
2024-08-05,33886.4212287077,30132.9568360941,26061.2236814089,30132.9568360941,26059.1208840584
2024-08-06,34230.0003456678,30438.0431098190,26323.2893791005,30438.0431098190,26321.1653414579
2024-08-07,34080.7573911063,30305.6956067843,26206.7629849658,30305.6956067843,26204.6482835048
2024-08-08,35194.9419055365,31295.8724844630,27062.4959040129,31295.8724844630,27060.3121059575
2024-08-09,34979.4198858107,31102.5834612613,26897.0034950088,31102.5834612613,26894.8330330291
2024-08-10,35001.0291316078,31122.7920584774,26910.1540385294,31122.7920584774,26907.9823673733
2024-08-11,34442.8120811777,30625.9704650876,26477.1964339251,30625.9704650876,26475.0595245851
2024-08-12,34606.2771801968,30770.2852717662,26599.3496007498,30770.2852717662,26597.2026793061
2024-08-13,34924.1791270025,31052.5722999881,26840.1589167484,31052.5722999881,26837.9924039774
2024-08-14,34215.6833025160,30423.2228360240,26288.3414517545,30423.2228360240,26286.2191453132
2024-08-15,33913.8373360313,30155.9306885404,26052.6095743256,30155.9306885404,26050.5061045888
2024-08-16,34257.1766176600,30463.7775307580,26315.1439037504,30463.7775307580,26313.0192029742
2024-08-17,34414.1050225755,30602.5350948229,26433.0113070392,30602.5350948229,26430.8769889957
2024-08-18,34145.0759992501,30363.3697671357,26223.0823620713,30363.3697671357,26220.9648570005
2024-08-19,34403.2103807796,30594.5615968709,26418.7086542976,30594.5615968709,26416.5752658956
2024-08-20,34295.8283127560,30499.0524648180,26333.5911059211,30499.0524648180,26331.4645030255
2024-08-21,34839.6696124741,30983.6276960826,26748.2925571902,30983.6276960826,26746.1323538867
2024-08-22,34998.7415486655,31127.6158664180,26864.4181520104,31127.6158664180,26862.2483277570
2024-08-23,36744.7527231468,32686.5708263178,28196.9501817174,32686.5708263178,28194.6722795053
2024-08-24,37058.5395535759,32968.4417880321,28426.4246218782,32968.4417880321,28424.1274938643
2024-08-25,36823.1113077017,32760.2784135750,28234.1304266478,32760.2784135750,28231.8478350112
2024-08-26,35947.0019387783,31978.1345137171,27547.8096276604,31978.1345137171,27545.5807720308
2024-08-27,33778.3380063643,30044.0110752084,25877.9992074233,30044.0110752084,25875.9051054319
2024-08-28,33535.4995075728,29828.2128255054,25684.1674505906,29828.2128255054,25682.0886890247
2024-08-29,33459.1029278774,29761.6983497420,25618.7384466662,29761.6983497420,25616.6646851833
2024-08-30,33347.0747550766,29660.9463090211,25527.4068542202,29660.9463090211,25525.3402841470
2024-08-31,33233.1196343212,29558.7556390344,25435.0329415218,29558.7556390344,25432.9736805104
2024-09-01,32122.7622105576,28571.8867104963,24581.2208103078,28571.8867104963,24579.2304537604
2024-09-02,32591.7326799363,28989.4891932467,24937.9207445545,28989.4891932467,24935.9014217152
2024-09-03,31894.5359412478,28367.0863747899,24400.8775920294,28367.0863747899,24398.9016098395
2024-09-04,31687.3039123548,28182.5215535817,24235.5061691537,28182.5215535817,24233.5432985104
2024-09-05,31035.5413767435,27600.9799515043,23729.8961060630,27600.9799515043,23727.9738740915
2024-09-06,30436.8333270905,27068.0442516192,23269.0511155804,27068.0442516192,23267.1660917897
2024-09-07,30478.8275602011,27107.0169934155,23298.4369660624,27107.0169934155,23296.5494427904
2024-09-08,30671.8773534594,27279.7074289060,23443.2311663418,27279.7074289060,23441.3318065685
2024-09-09,31263.8448711457,27808.7233749284,23895.7612962749,27808.7233749284,23893.8252755268
2024-09-10,31443.6999531858,27969.9087119910,24027.4304935560,27969.9087119910,24025.4835932094
2024-09-11,31448.5249204707,27977.4399714777,24027.7528021354,27977.4399714777,24025.8057198965
2024-09-12,32085.6366244070,28545.0088065464,24507.5582005847,28545.0088065464,24505.5719493605
2024-09-13,32759.8320944613,29145.3223990231,25019.3648065102,29145.3223990231,25017.3369654335
2024-09-14,32616.8860614341,29018.9845483169,24906.2875059812,29018.9845483169,24904.2686590331
2024-09-15,32372.1680903944,28801.2741619238,24715.5440872243,28801.2741619238,24713.5405319279
2024-09-16,32109.4424188344,28565.6283385718,24511.1134950805,28565.6283385718,24509.1263436923
2024-09-17,32714.9653187452,29101.9228132418,24970.2744410757,29101.9228132418,24968.2499572232
2024-09-18,33124.9829929192,29465.4766311996,25280.1795162080,29465.4766311996,25278.1297962345
2024-09-19,33656.9309913229,29942.7424468866,25673.0925367039,29942.7424468866,25671.0097938869
2024-09-20,33783.9427991789,30054.8791125934,25761.9388776676,30054.8791125934,25759.8485621956
2024-09-21,34405.3392809839,30604.1858489232,26225.6762265342,30604.1858489232,26223.5476698253
2024-09-22,34470.6646852479,30659.0629408978,26267.6513946061,30659.0629408978,26265.5190910237
2024-09-23,34868.5107479155,31010.8681104854,26563.1793665879,31010.8681104854,26561.0227467676
2024-09-24,35162.8609935062,31270.8161296503,26777.0605796032,31270.8161296503,26774.8859631183
2024-09-25,34322.1801283254,30522.6223960094,26129.6841382266,30522.6223960094,26127.5611974117
2024-09-26,35131.6501309824,31239.6863985899,26733.8185121771,31239.6863985899,26731.6455140180
2024-09-27,35601.5811619332,31654.5505133095,27068.4086027508,31654.5505133095,27066.2050718444
2024-09-28,35458.2004739035,31523.8515701554,26954.3620280946,31523.8515701554,26952.1675523167
2024-09-29,35227.0694294616,31316.6271446616,26766.4155342591,31316.6271446616,26764.2350824584
2024-09-30,33782.4650174142,30029.2278810536,25649.9365247263,30029.2278810536,25647.8437665545
2024-10-01,32511.4676205594,28895.1038188289,24676.5047002795,28895.1038188289,24674.4902339048
2024-10-02,32217.2804813681,28629.0480925714,24449.6898877126,28629.0480925714,24447.6934010919
2024-10-03,32304.9921917325,28707.1166613804,24517.2189139816,28707.1166613804,24515.2163780177
2024-10-04,32970.7869234472,29297.3747488145,25017.5835365947,29297.3747488145,25015.5398179549
2024-10-05,33191.9449257230,29493.8405620972,25177.8390089057,29493.8405620972,25175.7818683246
2024-10-06,33610.8876450364,29864.9058736610,25487.9812104271,29864.9058736610,25485.8983953234
2024-10-07,33274.6647629716,29565.2983951600,25225.4457974806,29565.2983951600,25223.3841050347
2024-10-08,33744.1552894665,29980.4252435102,25581.6129313353,29980.4252435102,25579.5204228863
2024-10-09,33036.9697560812,29366.9688186972,25058.9506799963,29366.9688186972,25056.8966773126
2024-10-10,32934.4724213830,29273.6508204957,24978.0039570357,29273.6508204957,24975.9564668198
2024-10-11,33603.2397254426,29868.0026459219,25483.4856993508,29868.0026459219,25481.3967130717
2024-10-12,33860.7991281473,30095.3173653081,25671.6123855204,30095.3173653081,25669.5076830854
2024-10-13,33718.0939438103,29966.8491471593,25559.1006174619,29966.8491471593,25557.0047057083
2024-10-14,35374.7148815678,31433.8252365269,26808.1603528990,31433.8252365269,26805.9616087893
2024-10-15,35591.1338463804,31618.3568950637,26964.3608483399,31618.3568950637,26962.1489556508
2024-10-16,35814.1589407197,31809.8718220071,27125.3838040136,31809.8718220071,27123.1583553624
2024-10-17,35514.3068291633,31538.8140928616,26893.2771367337,31538.8140928616,26891.0704550442
2024-10-18,35968.0020156607,31936.9313501748,27232.8560262344,31936.9313501748,27230.6212046580
2024-10-19,35923.7363740849,31888.0583961400,27191.1816992237,31888.0583961400,27188.9499406948
2024-10-20,36933.0019174754,32775.4340624553,27940.1494785038,32775.4340624553,27937.8546793772
2024-10-21,36354.7294501711,32252.5803276917,27481.7797865928,32252.5803276917,27479.5197555896
2024-10-22,36523.1480122286,32392.2754619016,27597.8005685205,32392.2754619016,27595.5302216927
2024-10-23,36673.2567019783,32515.6497831090,27692.8752249392,32515.6497831090,27690.5946646472
2024-10-24,37774.4141824349,33481.9236605127,28512.7647235169,33481.9236605127,28510.4159254768
2024-10-25,36210.6367262994,32089.3930828070,27328.2624271423,32089.3930828070,27326.0105121788
2024-10-26,36883.3543186751,32680.2124405279,27827.9188140871,32680.2124405279,27825.6248099916
2024-10-27,37613.6795413858,33321.8192510496,28369.9030682398,33321.8192510496,28367.5639632940
2024-10-28,38317.5440448770,33936.9933287738,28892.0584313542,33936.9933287738,28889.6758900200
2024-10-29,39198.6744975324,34706.9767238405,29540.5404329528,34706.9767238405,29538.1027665597
2024-10-30,38596.1043510575,34163.2028752415,29070.5801951823,34163.2028752415,29068.1796850058
2024-10-31,37366.5324315053,33064.9302520584,28134.0536129420,33064.9302520584,28131.7298687043
2024-11-01,36868.1040646014,32614.0943326428,27743.5327287394,32614.0943326428,27741.2399025219
2024-11-02,36843.7055018517,32583.8584395538,27716.8018126777,32583.8584395538,27714.5108270709
2024-11-03,36281.1768985952,32079.1124622469,27285.4352363823,32079.1124622469,27283.1795480826
2024-11-04,35525.7461378034,31403.6750097680,26709.2377129269,31403.6750097680,26707.0293032788
2024-11-05,36899.2180195187,32611.0805364901,27732.8263593608,32611.0805364901,27730.5328845495
2024-11-06,40759.3649908579,36013.9672949945,30587.1275899448,36013.9672949945,30584.5873236544
2024-11-07,41902.4684190696,37012.8791406548,31414.8416509397,37012.8791406548,31412.2275216495
2024-11-08,42455.9765779700,37490.5491468839,31799.0063532065,37490.5491468839,31796.3555868386
2024-11-09,42506.7489449043,37524.1239561587,31811.5265025281,37524.1239561587,31808.8709949776
2024-11-10,44612.6379902937,39359.3859906144,33336.2992451425,39359.3859906144,33333.5045719843
2024-11-11,48190.7456493640,42489.5945281578,35960.0654270162,42489.5945281578,35957.0398853659
2024-11-12,46863.6773183767,41265.8014603521,34877.3256051797,41265.8014603521,34874.3533722611
2024-11-13,48131.3995334010,42363.0429740170,35776.9901226419,42363.0429740170,35773.9333471936
2024-11-14,46507.2593120675,40921.2706534807,34549.4307302489,40921.2706534807,34546.4770255128
2024-11-15,48481.2308191022,42644.9355172727,35987.5978534497,42644.9355172727,35984.5177294862
2024-11-16,48244.1559080393,42422.2998010443,35782.7820727781,42422.2998010443,35779.7160164329
2024-11-17,47854.8822592845,42064.7107859414,35458.6396756353,42064.7107859414,35455.5961968334
2024-11-18,48226.6438509427,42363.9024649752,35670.6227367703,42363.9024649752,35667.5445368150
2024-11-19,48501.6769236597,42579.1701223661,35814.1899453619,42579.1701223661,35811.0846815979
2024-11-20,48801.3148895940,42829.3681193256,36003.4896774646,42829.3681193256,36000.3628573106
2024-11-21,52009.0350138730,45630.8589997900,38334.9439461750,45630.8589997900,38331.6090476523
2024-11-22,52214.8484425660,45785.4257269111,38433.5056791325,45785.4257269111,38430.1513505183
2024-11-23,51688.6088786212,45302.5666049945,37998.6083991515,45302.5666049945,37995.2828996104
2024-11-24,51529.8319229442,45134.9627584017,37826.9108285077,45134.9627584017,37823.5883377104
2024-11-25,48351.7887466309,42329.9137592192,35453.2907912719,42329.9137592192,35450.1679591515
2024-11-26,47784.4415691675,41804.1845184849,35022.4599232020,41804.1845184849,35019.3740590372
2024-11-27,49809.7886029197,43550.7881834858,36483.4883901742,43550.7881834858,36480.2715633126
2024-11-28,49695.9302169716,43435.5160649616,36387.0671148927,43435.5160649616,36383.8581117496
2024-11-29,50639.5212636075,44236.2154677892,37049.2638045257,44236.2154677892,37045.9932395416
2024-11-30,50092.9043667829,43742.1036153651,36624.0706467378,43742.1036153651,36620.8350926515
2024-12-01,50496.7267506416,44074.6769899505,36898.2337253198,44074.6769899505,36894.9721601126
2024-12-02,48940.7819214692,42683.8268280780,35729.4831672377,42683.8268280780,35726.3200556772
2024-12-03,48920.9431041776,42645.3407190237,35675.4984433389,42645.3407190237,35672.3337671446
2024-12-04,49096.3274292947,42761.6227397523,35741.1842586220,42761.6227397523,35737.9975578233
2024-12-05,48254.2202754645,41966.3614907011,35026.0672133114,41966.3614907011,35022.8970365660
2024-12-06,49645.5225864215,43161.4154760481,35972.2415301279,43161.4154760481,35968.9690750860
2024-12-07,49690.8920597862,43175.6188830059,35959.9781384330,43175.6188830059,35956.6980942734
2024-12-08,50326.8113046653,43705.8014540235,36365.2324343723,43705.8014540235,36361.9033467648
2024-12-09,48418.8942915696,42022.5898627876,34960.3685924789,42022.5898627876,34957.1649153648
2024-12-10,48078.7003918376,41714.8198118008,34692.9422062296,41714.8198118008,34689.7609489476
2024-12-11,50334.4815579242,43658.9168642700,36300.4313111501,43658.9168642700,36297.1009986010
2024-12-12,49776.6535546928,43162.1190651510,35875.4781900877,43162.1190651510,35872.1844887644
2024-12-13,50483.4318037211,43761.8464193231,36368.0671060073,43761.8464193231,36364.7269954547
2024-12-14,50481.3163866964,43748.3078831379,36340.0697062043,43748.3078831379,36336.7292070581
2024-12-15,51996.4477441007,45048.6532971036,37374.7974105368,45048.6532971036,37371.3467535935
2024-12-16,52790.1870539249,45722.9876940207,37892.1885024693,45722.9876940207,37888.6778653345
2024-12-17,52827.5577622104,45742.6064502627,37891.3003706427,45742.6064502627,37887.7867950767
2024-12-18,49876.0632224975,43174.3590134262,35745.7320209249,43174.3590134262,35742.4133675436
2024-12-19,48511.1712709122,41980.2670969710,34751.3514206464,41980.2670969710,34748.1239962275
2024-12-20,48682.1865606395,42115.6219300678,34862.7039646229,42115.6219300678,34859.4656803344
2024-12-21,48426.6192967986,41885.6435795950,34667.8655842986,41885.6435795950,34664.6448143431
2024-12-22,47378.5073115708,40966.9594138641,33907.4929801863,40966.9594138641,33904.3424178116
2024-12-23,47226.7945800123,40823.9438974534,33791.1828272806,40823.9438974534,33788.0428141301
2024-12-24,49109.3216113600,42438.5101172713,35129.1610874317,42438.5101172713,35125.8963607027
2024-12-25,49490.6043758891,42755.1718568866,35391.7943578656,42755.1718568866,35388.5048024115
2024-12-26,47679.8074027595,41180.1625249990,34083.6699717754,41180.1625249990,34080.5012398938
2024-12-27,46936.8878760459,40526.3564135994,33537.8933748126,40526.3564135994,33534.7743876647
2024-12-28,47435.1158711513,40947.1952640057,33882.4242762868,40947.1952640057,33879.2726770430
2024-12-29,46657.7374454686,40264.8609802948,33316.8070148275,40264.8609802948,33313.7075592934
2024-12-30,46186.7958412557,39850.9733990891,32966.2444747500,39850.9733990891,32963.1766743617
2024-12-31,46577.0031769030,40175.5976967449,33231.4809351320,40175.5976967449,33228.3876304789
2025-01-01,47082.6077556098,40599.5311826697,33559.0892915281,40599.5311826697,33555.9607546958
2025-01-02,48273.7119768026,41614.1386358170,34393.8670491499,41614.1386358170,34390.6598257181
2025-01-03,48865.7251191529,42113.8487326432,34805.2186220669,42113.8487326432,34801.9725833352
2025-01-04,48888.7806759961,42125.9255663723,34811.1947808495,42125.9255663723,34807.9477278634
2025-01-05,48960.0129890319,42175.3578907213,34851.4581308649,42175.3578907213,34848.2068648415
2025-01-06,50887.2773573628,43822.4014106157,36212.2580869685,43822.4014106157,36208.8793775277
2025-01-07,48258.6900272014,41547.4554648598,34317.0677512735,41547.4554648598,34313.8618524992
2025-01-08,47315.9606519657,40723.6099550204,33620.5198575248,40723.6099550204,33617.3746509589
2025-01-09,46067.5560053890,39641.4927511144,32722.0552031832,39641.4927511144,32718.9934529346
2025-01-10,47149.4648884935,40568.0274152742,33480.6720878689,40568.0274152742,33477.5389290438
2025-01-11,47086.6892661045,40509.0139852433,33425.9825179370,40509.0139852433,33422.8540310505
2025-01-12,47059.3481232419,40479.4739183970,33393.7714301213,40479.4739183970,33390.6451794598
2025-01-13,47054.8883264087,40470.3210066812,33380.2240116170,40470.3210066812,33377.0985578674
2025-01-14,48062.7028616792,41324.9166723881,34085.0264508195,41324.9166723881,34081.8345661982
2025-01-15,50022.0717942671,43001.1653440634,35467.5545784644,43001.1653440634,35464.2330066657
2025-01-16,49768.1968640459,42777.4070835303,35276.8389007945,42777.4070835303,35273.5347159022
2025-01-17,51804.0642536982,44519.5482453801,36705.5842247831,44519.5482453801,36702.1453769033
2025-01-18,52042.3597597141,44712.3919451452,36863.1108788202,44712.3919451452,36859.6567660021
2025-01-19,50265.2185344829,43173.6968234779,35579.8564596705,43173.6968234779,35576.5200303699
2025-01-20,49476.9268140547,42505.1060962143,34981.8905459665,42505.1060962143,34978.5987858397
2025-01-21,51247.9467152804,44024.6344115708,36214.8198358379,44024.6344115708,36211.4101106448
2025-01-22,51379.1929186271,44127.1098965560,36293.1201134624,44127.1098965560,36289.7021085506
2025-01-23,51005.4136160499,43797.9038955929,36020.1045462283,43797.9038955929,36016.7119198045
2025-01-24,51267.2625368282,44013.2038308196,36195.7371642153,44013.2038308196,36192.3276440565
2025-01-25,51544.5976683022,44249.5251576789,36383.9457350967,44249.5251576789,36380.5181725003
2025-01-26,49422.1527306421,42417.3207875649,34876.9753436690,42417.3207875649,34873.6894163975
2025-01-27,49138.7386940125,42168.6385647461,34668.0924166320,42168.6385647461,34664.8257692834
2025-01-28,48779.0124715574,41850.0755057799,34404.0707207574,41850.0755057799,34400.8285078385
2025-01-29,49933.1824386460,42827.4695497279,35211.3001706235,42827.4695497279,35207.9816815091
2025-01-30,50409.5858620764,43224.3674864208,35536.9168650756,43224.3674864208,35533.5672505407
2025-01-31,49305.6411482976,42268.8025292882,34742.4434482672,42268.8025292882,34739.1673932344
2025-02-01,46855.8997922154,40166.5684852434,33009.8028155212,40166.5684852434,33006.6897148850
2025-02-02,45465.9096226274,38971.7671025844,32020.9518317732,38971.7671025844,32017.9315677822
2025-02-03,47154.2017557375,40408.8700287964,33196.2562310824,40408.8700287964,33193.1242378640
2025-02-04,45495.0132133816,38981.7431830055,32016.8348674143,38981.7431830055,32013.8135615671
2025-02-05,44959.5238964516,38520.6352230076,31630.0332240796,38520.6352230076,31627.0479619387
2025-02-06,44932.4958096111,38494.4555751815,31601.5360017065,38494.4555751815,31598.5530143786
2025-02-07,44910.3679595894,38467.7501904924,31576.4983883683,38467.7501904924,31573.5173499907
2025-02-08,44881.4877414537,38444.0274741508,31547.0421690712,38444.0274741508,31544.0635251106
2025-02-09,44889.8688682443,38444.9346049038,31545.1465995915,38444.9346049038,31542.1678532284
2025-02-10,45340.3695574252,38823.5978810446,31852.1662669721,38823.5978810446,31849.1581112816
2025-02-11,44571.3069390669,38161.6904587658,31302.3294338498,38161.6904587658,31299.3727798321
2025-02-12,45544.7415425787,38990.7888893301,31976.3755527947,38990.7888893301,31973.3548122202
2025-02-13,44957.5275036736,38482.3327917598,31554.3892511621,38482.3327917598,31551.4079388451
2025-02-14,45372.7865086873,38831.2956707117,31834.8127621329,38831.2956707117,31831.8043850025
2025-02-15,45404.9800873309,38856.0939556689,31847.8444104891,38856.0939556689,31844.8343838679
2025-02-16,44729.4919817460,38275.2119523377,31364.6340075498,38275.2119523377,31361.6692387984
2025-02-17,44572.1445863864,38134.9836957019,31244.9255558649,38134.9836957019,31241.9716925649
2025-02-18,44521.7647537186,38080.6483471885,31200.3379347603,38080.6483471885,31197.3878851159
2025-02-19,44974.3874827753,38458.6547518498,31508.0763958935,38458.6547518498,31505.0968354628
2025-02-20,45747.1776317051,39114.3867230623,32042.0198424528,39114.3867230623,32038.9894385765
2025-02-21,44759.2098472011,38268.7775982412,31341.0795968600,38268.7775982412,31338.1148088300
2025-02-22,44930.9415084740,38408.3912453765,31443.2063172074,38408.3912453765,31440.2296490290
2025-02-23,44794.5864856585,38288.4878687525,31347.1380098214,38288.4878687525,31344.1702915269
2025-02-24,42605.0136214249,36414.7642036019,29807.2205938086,36414.7642036019,29804.3983808799
2025-02-25,41268.2774146855,35266.3821243204,28862.6308037411,35266.3821243204,28859.8975844022
2025-02-26,39206.5900281485,33497.9967030863,27412.4813603349,33497.9967030863,27409.8851067503
2025-02-27,39419.9527611973,33674.1902535671,27553.8353689645,33674.1902535671,27551.2254035357
2025-02-28,39253.0561863960,33525.3862222518,27432.4415204617,33525.3862222518,27429.8428181032
2025-03-01,40050.9571405240,34209.2478906338,27996.5585387391,34209.2478906338,27993.9058003517
2025-03-02,43869.4515573047,37473.3163053840,30658.5500665692,37473.3163053840,30655.6448561256
2025-03-03,40123.5904703115,34273.4122447516,28034.6586886848,34273.4122447516,28032.0018831454
2025-03-04,40617.5092122164,34695.4856804079,28384.5727013467,34695.4856804079,28381.8825551657
2025-03-05,42164.3785562286,36012.5493171982,29457.6385735050,36012.5493171982,29454.8464181781
2025-03-06,41850.6703279076,35738.6177743804,29232.1756169481,35738.6177743804,29229.4046385099
2025-03-07,40394.0295609873,34494.7535297099,28207.7107642008,34494.7535297099,28205.0366282561
2025-03-08,40124.4467320157,34262.1741509585,28011.0523412624,34262.1741509585,28008.3964812027
2025-03-09,37570.5158982127,32078.0294089469,26220.2743630120,32078.0294089469,26217.7879509204
2025-03-10,37086.9758561999,31663.7720780030,25879.1194076423,31663.7720780030,25876.6651849563
2025-03-11,37957.4494487608,32404.6510689256,26484.1687231038,32404.6510689256,26481.6570430877
2025-03-12,38103.0494877510,32527.5102766468,26583.9483776245,32527.5102766468,26581.4271803940
2025-03-13,37605.8751953177,32102.3088199161,26234.7899805077,32102.3088199161,26232.3018288241
2025-03-14,38171.9023659924,32583.9622665347,26627.9629872780,32583.9622665347,26625.4374570426
2025-03-15,38240.6517584001,32643.8629863842,26682.0757017238,32643.8629863842,26679.5445242138
2025-03-16,37900.1089122753,32352.3461590997,26450.4949937005,32352.3461590997,26447.9851587892
2025-03-17,38180.6478585695,32590.3772739422,26648.2925488220,32590.3772739422,26645.7638576430
2025-03-18,37930.0498941051,32375.6057687496,26472.2585923890,32375.6057687496,26469.7464691729
2025-03-19,38736.6166774216,33062.4849565859,27031.7269476018,33062.4849565859,27029.1615817692
2025-03-20,38302.7198185862,32691.3202622750,26727.0336930317,32691.3202622750,26724.4971912543
2025-03-21,38280.0707827504,32670.8461138591,26709.7977486912,32670.8461138591,26707.2628380261
2025-03-22,38243.0499583045,32638.6088062793,26681.7287284526,32638.6088062793,26679.1963967286
2025-03-23,38569.2789994337,32916.4064187710,26910.0254761904,32916.4064187710,26907.4714650545
2025-03-24,38771.6237121520,33088.6588020914,27050.4515946708,33088.6588020914,27047.8842296911
2025-03-25,38756.7400965500,33076.2599043504,27041.2057668468,33076.2599043504,27038.6390665760
2025-03-26,38688.3089878183,33018.3233994150,26993.3493626643,33018.3233994150,26990.7871734568
2025-03-27,38748.9539480532,33069.3724888921,27034.7277416985,33069.3724888921,27032.1615878013
2025-03-28,38202.6994834912,32601.8644280764,26651.8058848572,32601.8644280764,26649.2760160519
2025-03-29,37850.7332277086,32299.2204630657,26405.2839905106,32299.2204630657,26402.7774993768
2025-03-30,37798.8705811904,32254.2077659511,26367.0744950988,32254.2077659511,26364.5715808740
2025-03-31,37831.0256661385,32280.1603332757,26387.8830100864,32280.1603332757,26385.3780900064
2025-04-01,38354.5833576160,32725.4034871783,26752.0448890962,32725.4034871783,26749.5052480726
2025-04-02,37833.3860825862,32280.4663896511,26388.6187356544,32280.4663896511,26386.1135565204
2025-04-03,37973.3173226027,32397.3925936624,26484.7959441362,32397.3925936624,26482.2815750948
2025-04-04,38108.5885489226,32510.3719229144,26576.2273459582,32510.3719229144,26573.7041852945
2025-04-05,38038.5755069418,32448.3124132421,26523.9199108155,32448.3124132421,26521.4015641130
2025-04-06,37019.8403747376,31578.6046952448,25811.7174647191,31578.6046952448,25809.2666851561
2025-04-07,37136.3729647106,31676.1897875317,25890.7485267479,31676.1897875317,25888.2901615335
2025-04-08,36680.8071385372,31286.4527889017,25570.5144578302,31286.4527889017,25568.0863845974
2025-04-09,37714.6681977557,32166.7137007466,26287.7342063532,32166.7137007466,26285.2378319574
2025-04-10,37112.8794903789,31651.4316774272,25864.8869444063,31651.4316774272,25862.4305767262
2025-04-11,37767.3218575142,32209.4418293673,26318.0741689980,32209.4418293673,26315.5746351971
2025-04-12,38136.3406460168,32522.0471043441,26571.5609096790,32522.0471043441,26569.0371343166
2025-04-13,37836.8269263686,32263.3319032969,26359.4371479986,32263.3319032969,26356.9333722576
2025-04-14,38002.6840888282,32402.2299612611,26473.0094634200,32402.2299612611,26470.4948338357
2025-04-15,37814.7265458702,32241.0583592803,26341.2644113772,32241.0583592803,26338.7622902570
2025-04-16,37891.8531582601,32305.2018537425,26392.8845180958,32305.2018537425,26390.3774023197
2025-04-17,38074.5293489292,32459.4388536239,26520.1384006520,32459.4388536239,26517.6191697978
2025-04-18,37980.8816539781,32377.9073149865,26456.7282152276,32377.9073149865,26454.2149305757
2025-04-19,38100.4504551228,32478.8332351726,26537.5577684623,32478.8332351726,26535.0367107361
2025-04-20,38120.6642757828,32496.5859602549,26552.3733848890,32496.5859602549,26549.8506775632
2025-04-21,38582.4449023213,32888.4685517640,26873.8346773346,32888.4685517640,26871.2814484296
2025-04-22,41184.5452647020,35106.5661991934,28681.3389258817,35106.5661991934,28678.6137921588
2025-04-23,41293.8897299525,35198.1643635689,28751.1306656157,35198.1643635689,28748.3986552382
2025-04-24,41421.4369700602,35306.7512066943,28838.9367515225,35306.7512066943,28836.1961334337
2025-04-25,41711.5398378502,35554.5527809136,29040.3027323452,35554.5527809136,29037.5423397533
2025-04-26,41706.8326796060,35554.0968852608,29046.9653419150,35554.0968852608,29044.2037310086
2025-04-27,41319.5499128348,35224.8565446620,28778.2447950520,35224.8565446620,28775.5086825269
2025-04-28,41875.7174077261,35700.8455785682,29160.2987031755,35700.8455785682,29157.5260489726
2025-04-29,41543.2368934042,35417.0569793904,28920.0969980111,35417.0569793904,28917.3468033742
2025-04-30,41505.8528894457,35387.3227010103,28885.4049734041,35387.3227010103,28882.6576987281
2025-05-01,42527.4604892567,36257.8793977591,29587.5001526098,36257.8793977591,29584.6857137170
2025-05-02,42702.5376867380,36418.1795209262,29700.3941757825,36418.1795209262,29697.5686083012
2025-05-03,42248.2528417275,36032.2768515296,29375.6163288374,36032.2768515296,29372.8212737637
2025-05-04,41552.4043927316,35436.2058551055,28888.0747942832,35436.2058551055,28885.3258226381
2025-05-05,41753.4106276450,35607.9868743214,29019.7470726379,35607.9868743214,29016.9852458564
2025-05-06,42679.1253042788,36394.8399214700,29658.5099290822,36394.8399214700,29655.6871592998
2025-05-07,42765.7229121143,36467.7700170017,29712.1971027305,36467.7700170017,29709.3689952527
2025-05-08,45512.0500404585,38804.7447321637,31602.4753591801,38804.7447321637,31599.4652617813
2025-05-09,45384.4058364898,38686.4794364088,31498.0690750895,38686.4794364088,31495.0677186404
2025-05-10,46194.2926862694,39367.4256075161,32049.7886814004,39367.4256075161,32046.7342647049
2025-05-11,45889.5041901448,39098.2367773821,31798.2124980378,39098.2367773821,31795.1746967694
2025-05-12,45304.7764096366,38593.5767394845,31357.0350622150,38593.5767394845,31354.0332513608
2025-05-13,45883.2103493952,39076.9044347510,31746.7881807633,39076.9044347510,31743.7485409562
2025-05-14,44841.2490635682,38181.3100487875,31015.9493559750,38181.3100487875,31012.9792287568
2025-05-15,44929.6840944146,38252.8794180323,31067.8192038870,38252.8794180323,31064.8437037980
2025-05-16,44799.8663711631,38135.9431043120,30970.0318804670,38135.9431043120,30967.0654414308
2025-05-17,44653.8371287543,38009.0667498519,30859.8224438300,38009.0667498519,30856.8661560772
2025-05-18,46094.6921838526,39226.6293270568,31845.6906430819,39226.6293270568,31842.6394641883
2025-05-19,45713.4270436724,38896.6717823026,31558.4794850784,38896.6717823026,31555.4522820958
2025-05-20,46266.0432649451,39360.2882122865,31931.9505485401,39360.2882122865,31928.8871580175
2025-05-21,47475.8452020543,40381.0183340843,32750.8416069429,40381.0183340843,32747.6979148543
2025-05-22,48364.4564158605,41124.4949874058,33316.5920048078,41124.4949874058,33313.3810044294
2025-05-23,46468.8214844038,39502.6740863136,31966.1557029152,39502.6740863136,31963.0658103888
2025-05-24,46660.9046044185,39659.6351982689,32087.0383926523,39659.6351982689,32083.9362470051
2025-05-25,47198.8118164558,40109.3872686042,32462.4400504308,40109.3872686042,32459.3013054268
2025-05-26,47385.2616067634,40256.9148171017,32580.6732057733,40256.9148171017,32577.5225814834
2025-05-27,47170.2251579419,40067.2577878510,32421.1243641021,40067.2577878510,32417.9885634842
2025-05-28,46669.5083139713,39637.6616662095,32067.3110363508,39637.6616662095,32064.2090326916
2025-05-29,45720.3593733121,38825.9415060347,31400.3290958179,38825.9415060347,31397.2905517509
2025-05-30,45025.7104994229,38230.7420152819,30915.1842288082,38230.7420152819,30912.1923210546
2025-05-31,45288.2816857733,38445.7110950446,31086.1409964810,38445.7110950446,31083.1321358771
2025-06-01,45743.3863121151,38829.7749052045,31389.1088531328,38829.7749052045,31386.0702559649
2025-06-02,45836.5072872743,38905.1573050070,31443.4828154921,38905.1573050070,31440.4385340758
2025-06-03,45628.1909981034,38722.3293519805,31293.4486050243,38722.3293519805,31290.4185624654
2025-06-04,45333.7380234103,38471.0716816027,31084.1633541987,38471.0716816027,31081.1533053999
2025-06-05,43953.2561551736,37296.5469507123,30128.7474111819,37296.5469507123,30125.8295012502
2025-06-06,45156.8921726035,38321.5390526169,30950.3373375085,38321.5390526169,30947.3396678672
2025-06-07,45704.0785741585,38788.1301708038,31320.1031008257,38788.1301708038,31317.0694671134
2025-06-08,45782.8196200652,38852.3065487397,31369.1910824224,38852.3065487397,31366.1525385391
2025-06-09,47743.8851781207,40514.5176556242,32705.8512064552,40514.5176556242,32702.6829188559
2025-06-10,47748.8083878648,40508.7533114338,32688.9059098522,40508.7533114338,32685.7373571498
2025-06-11,46992.5156935609,39856.7297302984,32156.8940743865,39856.7297302984,32153.7761505787
2025-06-12,45256.2168620836,38378.0090266506,30959.2968938209,38378.0090266506,30956.2946575862
2025-06-13,45402.6961373413,38501.5381592691,31053.7813966731,38501.5381592691,31050.7698087532
2025-06-14,45123.6234552956,38262.2244683488,30862.6427017203,38262.2244683488,30859.6496345824
2025-06-15,45200.4042927502,38325.3497250260,30906.1736402166,38325.3497250260,30903.1759711363
2025-06-16,45714.2969781547,38757.6679982951,31246.8819388478,38757.6679982951,31243.8506935447
2025-06-17,44754.0078578326,37939.7807872474,30582.2918049527,37939.7807872474,30579.3247069323
2025-06-18,44897.6685416602,38058.2811621441,30675.7216839722,38058.2811621441,30672.7453594993
2025-06-19,44799.9898925060,37974.0174756406,30604.5227638573,37974.0174756406,30601.5531845218
2025-06-20,44217.5736164245,37475.1591419513,30197.5916697157,37475.1591419513,30194.6611788587
2025-06-21,43713.3293676383,37042.8577211679,29847.5749526768,37042.8577211679,29844.6782480975
2025-06-22,43218.4339145817,36617.2453038204,29501.5628565642,36617.2453038204,29498.6994066440
2025-06-23,45089.0748608207,38201.7749939302,30778.1137419571,38201.7749939302,30775.1263982658
2025-06-24,45409.7205758908,38472.3229094168,30992.4623973544,38472.3229094168,30989.4541226751
2025-06-25,45948.0382743140,38928.1916771968,31352.7118602333,38928.1916771968,31349.6683740570
2025-06-26,45779.5887278172,38783.6825258901,31233.0582247578,38783.6825258901,31230.0261815332
2025-06-27,45822.6214400283,38817.6806713136,31262.8359867563,38817.6806713136,31259.8006607894
2025-06-28,45929.2935964296,38904.4172626012,31327.3068416213,38904.4172626012,31324.2649261116
2025-06-29,46383.0954418838,39282.2846205648,31628.6238507547,39282.2846205648,31625.5523552791
2025-06-30,45864.9606976112,38839.9887624452,31266.6380949135,38839.9887624452,31263.6014006440
2025-07-01,45237.7010222335,38306.3157077939,30833.7985734211,38306.3157077939,30830.8037535456
2025-07-02,46593.9869799825,39451.1046212010,31751.1073098722,39451.1046212010,31748.0231668077
2025-07-03,46908.6869637027,39712.2147907116,31956.0884206262,39712.2147907116,31952.9839577835
2025-07-04,46223.5623521199,39127.4884434710,31481.7623601364,39127.4884434710,31478.7037027482
2025-07-05,46315.1154853908,39201.8009515086,31534.6547198707,39201.8009515086,31531.5905097531
2025-07-06,46745.6223920354,39564.3549152615,31818.2273423529,39564.3549152615,31815.1351599786
2025-07-07,46342.8622316906,39219.5192546324,31534.6193005558,39219.5192546324,31531.5542660938
2025-07-08,46625.3979062936,39454.9817888002,31717.3573617320,39454.9817888002,31714.2741495954
2025-07-09,47614.6451782231,40287.7669023387,32380.5858320784,40287.7669023387,32377.4377231786
2025-07-10,49659.0564370266,42009.0027689938,33760.7680308968,42009.0027689938,33757.4852946592
2025-07-11,50017.3533281784,42299.4111138189,33978.1929732393,42299.4111138189,33974.8856628817
2025-07-12,49868.1422099010,42162.2974990364,33862.2728738390,42162.2974990364,33858.9758611938
2025-07-13,50551.0282761891,42726.8403901002,34308.4584800255,42726.8403901002,34305.1166830510
2025-07-14,50871.3225835564,42985.5000565747,34481.8581519200,42985.5000565747,34478.4902805084
2025-07-15,51452.6300213883,43464.4946029030,34838.2422396957,43464.4946029030,34834.8328188386
2025-07-16,53557.2538607337,45228.7995492209,36225.3253008626,45228.7995492209,36221.7737824423
2025-07-17,54518.9035141100,46027.0963798422,36845.3238425100,46027.0963798422,36841.7072072351
2025-07-18,54781.5771358100,46234.9829647380,36985.0294388182,46234.9829647380,36981.3912258156
2025-07-19,55110.0747681962,46498.2786860167,37195.6491769077,46498.2786860167,37191.9897570725
2025-07-20,56238.9417758100,47436.5090765298,37932.1400884795,47436.5090765298,37928.4040273085
2025-07-21,56308.7920053060,47481.1792523786,37937.8643006186,47481.1792523786,37934.1177344913
2025-07-22,57070.7004119662,48109.2065002569,38421.0126115439,48109.2065002569,38417.2144411967
2025-07-23,56073.1105225497,47251.5218676974,37707.0037939890,47251.5218676974,37703.2676696572
2025-07-24,56568.8617948314,47654.9807201771,38023.3450361763,47654.9807201771,38019.5763317763
2025-07-25,56742.6953242897,47790.4516371905,38115.2937528142,47790.4516371905,38111.5133534385
2025-07-26,57023.1288102958,48014.1015028258,38273.1481855444,48014.1015028258,38269.3481413203
2025-07-27,58842.2670010211,49532.1659128871,39450.2751354203,49532.1659128871,39446.3469236970
2025-07-28,57867.3667506171,48696.2872317673,38764.7117740641,48696.2872317673,38760.8458171076
2025-07-29,57486.2494673010,48363.7895842117,38500.5758541600,48363.7895842117,38496.7360274710
2025-07-30,57335.2678490145,48227.2046626365,38387.5786421729,48227.2046626365,38383.7495482447
2025-07-31,56169.5832752914,47238.4745003452,37593.9414101466,47238.4745003452,37590.1907525781
2025-08-01,53961.1054024711,45379.3248095825,36115.1498580597,45379.3248095825,36111.5464246409
2025-08-02,53053.0426977174,44610.1989668039,35507.1596420215,44610.1989668039,35503.6167438301
2025-08-03,54248.3417526448,45607.5421528282,36306.4768747616,45607.5421528282,36302.8540813585
2025-08-04,56188.8228732955,47234.1533988071,37600.0579508833,47234.1533988071,37596.3059246875
2025-08-05,55139.9838542418,46346.6465574526,36891.9835266685,46346.6465574526,36888.3019073365
2025-08-06,55892.6415558380,46969.9757920342,37389.3237747853,46969.9757920342,37385.5923010441
2025-08-07,58217.6009397146,48914.1907155718,38933.9521871338,48914.1907155718,38930.0661152277
2025-08-08,58672.1458203553,49289.4574135976,39227.1819400377,49289.4574135976,39223.2659989017
2025-08-09,60056.7939114208,50441.9899031646,40136.1430015114,50441.9899031646,40132.1350829581
2025-08-10,60730.9174781853,50996.3410082662,40572.4483896754,50996.3410082662,40568.3961488007
2025-08-11,60425.1278866981,50726.6889399730,40355.5390093531,50726.6889399730,40351.5076290584
2025-08-12,63258.7161674072,53095.5066746020,42235.2505207115,53095.5066746020,42231.0307088820
2025-08-13,64988.8470833500,54529.9176651681,43355.8982610224,54529.9176651681,43351.5618171804
2025-08-14,62816.4991357434,52691.3203741955,41876.3558842871,52691.3203741955,41872.1631897172
2025-08-15,61853.3431657580,51875.7752411021,41222.9167808778,51875.7752411021,41218.7890273591
2025-08-16,61978.2566099332,51972.0538562897,41294.6044145135,51972.0538562897,41290.4689863645
2025-08-17,62542.5061304327,52440.3718476684,41658.0502265570,52440.3718476684,41653.8778545415
2025-08-18,61348.5574533582,51433.9035184359,40855.0185660728,51433.9035184359,40850.9263379582
2025-08-19,59096.4235269858,49537.4827443745,39349.4349305213,49537.4827443745,39345.4932554464
2025-08-20,61413.6295451469,51474.3007926608,40882.7278117358,51474.3007926608,40878.6321654123
2025-08-21,59982.1233861393,50266.9599056263,39918.4646327144,50266.9599056263,39914.4651132434
2025-08-22,64814.8959900546,54307.5938764357,43117.0649627231,54307.5938764357,43112.7435710006
2025-08-23,63870.8453204595,53496.1865079336,42467.9887450832,53496.1865079336,42463.7306888279
2025-08-24,63340.3600099457,53036.9149706107,42092.4802447037,53036.9149706107,42088.2576707302
2025-08-25,60158.0348626784,50363.4305039816,39965.6416533996,50363.4305039816,39961.6316582175
2025-08-26,61961.3317436315,51868.7159336195,41151.4086794210,51868.7159336195,41147.2791645480
2025-08-27,61288.2569799100,51301.3834302407,40692.5609787023,51301.3834302407,40688.4770054004
2025-08-28,61947.2754611828,51843.7336979284,41118.0813729573,51843.7336979284,41113.9541780670
2025-08-29,60082.4283911794,50278.4822446752,39871.1981161724,50278.4822446752,39867.1956522668
2025-08-30,60243.7897926915,50406.2198649552,39970.5901121515,50406.2198649552,39966.5773143365
2025-08-31,60088.8305923249,50272.4492382951,39857.8997714964,50272.4492382951,39853.8978928813
2025-09-01,59843.1170577493,50062.7091144774,39686.3620315511,50062.7091144774,39682.3768583592
2025-09-02,60543.0711330466,50641.2365326270,40140.8024196304,50641.2365326270,40136.7710988584
2025-09-03,61150.4609901137,51146.5509990499,40532.2279827190,51146.5509990499,40528.1568823921
2025-09-04,60165.2440822647,50318.8600327731,39868.0132369844,50318.8600327731,39864.0083732883
2025-09-05,60296.0361027677,50422.5549099035,39944.7126672650,50422.5549099035,39940.6996891749
2025-09-06,60238.1149332553,50370.1486320705,39897.4926861559,50370.1486320705,39893.4840653456
2025-09-07,60950.1646417796,50959.3796435277,40362.5177097148,50959.3796435277,40358.4621278522
2025-09-08,61173.0368118293,51137.0174632478,40502.0644452580,51137.0174632478,40497.9945279592
2025-09-09,61076.9859019692,51045.0917466858,40427.6836198596,51045.0917466858,40423.6206889521
2025-09-10,62118.3746452306,51904.6929303305,41104.6592392612,51904.6929303305,41100.5277336724
2025-09-11,63077.9497377249,52700.0413279916,41727.6750506422,52700.0413279916,41723.4804140183
2025-09-12,64495.6536850434,53874.7576953892,42652.5789316372,53874.7576953892,42648.2907466589
2025-09-13,64465.5789424154,53839.2284519311,42617.6667231575,53839.2284519311,42613.3812266998
2025-09-14,63948.6108496874,53399.8833981607,42262.1053631974,53399.8833981607,42257.8549407225
2025-09-15,63577.4574227948,53081.6036746833,42003.4128340621,53081.6036746833,41999.1877925547
2025-09-16,64521.0356890096,53863.9859381714,42614.1156208983,53863.9859381714,42609.8285993763
2025-09-17,65280.5105973823,54486.5461685605,43104.4728258285,54486.5461685605,43100.1360221590
2025-09-18,65310.0622170229,54500.0031235258,43110.8760000814,54500.0031235258,43106.5379704923
2025-09-19,64561.8319513823,53871.9290808512,42604.0770111556,53871.9290808512,42599.7894089991
2025-09-20,65593.8632058516,54732.3838731244,43270.8735599622,54732.3838731244,43266.5181386161
2025-09-21,65406.7230814163,54575.2871049787,43131.0752035519,54575.2871049787,43126.7324779091
2025-09-22,62908.5703436928,52486.0988233957,41474.0707398582,52486.0988233957,41469.8944609625
2025-09-23,62964.2581410237,52525.6199618388,41500.8126534511,52525.6199618388,41496.6332665330
2025-09-24,63353.4860202649,52844.8605388659,41746.5803347337,52844.8605388659,41742.3757467705
2025-09-25,60009.4472067644,50051.8647591302,39534.2313952322,50051.8647591302,39530.2493080581
2025-09-26,60200.2064005815,50206.5569321516,39654.2500551668,50206.5569321516,39650.2556741024
2025-09-27,60196.0410777547,50199.5367063742,39646.2003718356,50199.5367063742,39642.2066404557
2025-09-28,61068.7283516749,50922.9617673186,40217.7920574360,50922.9617673186,40213.7406529462
2025-09-29,62469.8938114178,52087.7954885729,41133.9672505932,52087.7954885729,41129.8233445461
2025-09-30,61824.2545743122,51545.1709666016,40700.3268798105,51545.1709666016,40696.2263073286
2025-10-01,64097.7981176088,53436.3548667224,42188.2625069051,53436.3548667224,42184.0114289519
2025-10-02,66136.4335701134,55127.4364708573,43519.6648361096,55127.4364708573,43515.2791934915
2025-10-03,68202.8686463507,56834.6179388521,44865.8725630740,56834.6179388521,44861.3506599962
2025-10-04,67586.6829961925,56309.4080660020,44446.7692496370,56309.4080660020,44442.2889608389
2025-10-05,68219.6245489384,56824.5453582152,44845.4999473289,56824.5453582152,44840.9784078557
2025-10-06,70119.7267526452,58394.6772979394,46071.6777696030,58394.6772979394,46067.0308185698
2025-10-07,69360.9059451306,57750.1591178765,45557.1402171846,57750.1591178765,45552.5443350683
2025-10-08,70268.5097703340,58499.4844620813,46138.5223109790,58499.4844620813,46133.8670424903
2025-10-09,68447.9311626915,56980.1891712983,44932.4200099368,56980.1891712983,44927.8859563390
2025-10-10,61661.4466348527,51329.3420355687,40471.1326460024,51329.3420355687,40467.0465847910
2025-10-11,61209.8001155892,50947.3928958368,40167.6353839160,50947.3928958368,40163.5794570666
2025-10-12,65672.6032156745,54667.2232587062,43085.8890462550,54667.2232587062,43081.5378701284
2025-10-13,65929.1758654354,54885.1505763929,43250.9221353326,54885.1505763929,43246.5536349044
2025-10-14,63768.0958852916,53092.8896541190,41829.4225736047,53092.8896541190,41825.1974447084
2025-10-15,61982.3384031139,51607.9669995518,40649.3311837982,51607.9669995518,40645.2249005727
2025-10-16,60672.9497001085,50519.6317384821,39782.8988692630,50519.6317384821,39778.8797763328
2025-10-17,58955.2712408052,49090.4750268750,38648.3684369098,49090.4750268750,38644.4635827328
2025-10-18,59170.4700177493,49273.7002686140,38783.0370415359,49273.7002686140,38779.1183008484
2025-10-19,59613.4912743885,49641.8331555543,39070.2243063579,49641.8331555543,39066.2764544040
2025-10-20,59951.5004530850,49929.6799994996,39286.6085214624,49929.6799994996,39282.6385955802
2025-10-21,58352.2675823084,48598.0285987090,38233.8522063132,48598.0285987090,38229.9884751122
2025-10-22,58123.5984563510,48406.5583093749,38078.9132689544,48406.5583093749,38075.0650092732
2025-10-23,58854.1639507357,49010.8931093406,38551.3050368271,49010.8931093406,38547.4087647149
2025-10-24,59089.2472502616,49208.7389594952,38699.4616080744,49208.7389594952,38695.5498148502
2025-10-25,59424.4195510913,49487.0585756894,38910.8312187090,49487.0585756894,38906.8976729779
2025-10-26,61195.8989954965,50957.3340993639,40058.9215957605,50957.3340993639,40054.8714695878
2025-10-27,60943.4334619550,50736.7730231970,39880.3456445597,50736.7730231970,39876.3128803596
2025-10-28,59635.1061236765,49643.5679585975,39017.6760642886,49643.5679585975,39013.7300941179
2025-10-29,58660.3153224371,48836.7570863177,38375.6160299836,48836.7570863177,38371.7344076122
2025-10-30,57472.2955785708,47848.3522269785,37590.5344272410,47848.3522269785,37586.7317650490
2025-10-31,58098.7319364424,48368.7885221847,37995.0393161813,48368.7885221847,37991.1951318967
2025-11-01,58400.6879870166,48613.2615239666,38187.1590915592,48613.2615239666,38183.2952233187
2025-11-02,58488.9281623758,48679.1191427782,38236.2554816666,48679.1191427782,38232.3863179994
2025-11-03,55192.3475741089,45929.8840302655,36077.5745653320,45929.8840302655,36073.9230764750
2025-11-04,53684.4681632085,44669.4485520077,35087.2793556312,44669.4485520077,35083.7279314987
2025-11-05,54307.3451833098,45184.8717263262,35489.1140572307,45184.8717263262,35485.5217302386
2025-11-06,53542.9835333513,44544.7126058260,34984.1385647045,44544.7126058260,34980.5971334231
2025-11-07,54051.6867105418,44964.0914125802,35312.0091075827,44964.0914125802,35308.4343099891
2025-11-08,53791.1734242152,44744.2147551637,35138.4637993616,44744.2147551637,35134.9064725835
2025-11-09,54406.1799169118,45253.2603652286,35537.0899738689,45253.2603652286,35533.4921866216
2025-11-10,54731.0113926940,45518.7593595573,35744.0584623115,45518.7593595573,35740.4394938052
2025-11-11,53991.2399549182,44902.2267711324,35255.7898812317,44902.2267711324,35252.2201237279
2025-11-12,53634.0700421612,44603.2492538151,35017.4616792374,44603.2492538151,35013.9158301302
2025-11-13,53207.4452592738,44245.2148962896,34734.7871895613,44245.2148962896,34731.2697892872
2025-11-14,52091.5877543981,43312.5558082618,34002.1514521264,43312.5558082618,33998.7080588216
2025-11-15,52247.0732614026,43438.7860747965,34100.6775085765,43438.7860747965,34097.2240067941
2025-11-16,52037.3336645055,43261.3209495692,33960.8551092811,43261.3209495692,33957.4156396890
2025-11-17,51712.5506231571,42988.0025764295,33745.8477342152,42988.0025764295,33742.4299006667
2025-11-18,51832.7757164138,43085.0052318190,33821.2795963300,43085.0052318190,33817.8539860601
2025-11-19,51607.4074770496,42895.6387136912,33671.3207561082,42895.6387136912,33667.9102074679
2025-11-20,50810.4449147944,42230.3862299510,33148.4822307508,42230.3862299510,33145.1245150467
2025-11-21,50631.1897321537,42080.4371789551,33029.5531651843,42080.4371789551,33026.2074094014
2025-11-22,50584.7884143472,42040.7641769297,32997.5919852444,42040.7641769297,32994.2494033166
2025-11-23,50834.5960832950,42248.1182395973,33158.8339163637,42248.1182395973,33155.4749337411
2025-11-24,50829.5774167876,42243.9471130498,33155.5602093525,42243.9471130498,33152.2015583552
2025-11-25,50829.5351336738,42243.9121826046,33155.5325914097,42243.9121826046,33152.1739431996
2025-11-26,50829.6782159682,42244.0307963471,33155.6254629105,42244.0307963471,33152.2668052765
2025-11-27,50829.7159239727,42244.0619871876,33155.6497759019,42244.0619871876,33152.2911157989
2025-11-28,50829.6964417230,42244.0455930045,33155.6365391912,42244.0455930045,33152.2778804087
2025-11-29,50829.6925434979,42244.0422721227,33155.6337073282,42244.0422721227,33152.2750488244
2025-11-30,50829.6729830288,42244.0255646086,33155.6202690758,42244.0255646086,33152.2616119076
2025-12-01,50829.4919882819,42243.8748668972,33155.5019317773,42243.8748668972,33152.1432865926
2025-12-02,50829.7242317816,42244.0676941763,33155.6539602451,42244.0676941763,33152.2952996430
2025-12-03,50829.8188802348,42244.1463025302,33155.7151519172,42244.1463025302,33152.3564850984
2025-12-04,50829.7607932652,42244.0976611091,33155.6768852882,42244.0976611091,33152.3182223368
2025-12-05,50829.6409850184,42243.9977503204,33155.5983107602,42243.9977503204,33152.2396557562
2025-12-06,50829.6367944468,42243.9941411318,33155.5953580186,42243.9941411318,33152.2367033072
2025-12-07,50829.6889117003,42244.0370859181,33155.6296240432,42244.0370859181,33152.2709658568
2025-12-08,50829.6995269174,42244.0455944675,33155.6363855926,42244.0455944675,33152.2777267193
2025-12-09,50829.7900810557,42244.1204302409,33155.6951772575,42244.1204302409,33152.3365124237
2025-12-10,50829.7613442866,42244.0962812313,33155.6757435797,42244.0962812313,33152.3170806882
2025-12-11,50829.7830713322,42244.1141010430,33155.6892637689,42244.1141010430,33152.3305994842
2025-12-12,50829.6856560184,42244.0326398853,33155.6249502466,42244.0326398853,33152.2662924438
2025-12-13,50829.6843925693,42244.0311834127,33155.6233555780,42244.0311834127,33152.2646979037
2025-12-14,50829.5924026732,42243.9541753498,33155.5628298241,42243.9541753498,33152.2041782643
2025-12-15,50829.5131777681,42243.8882530039,33155.5108108916,42243.8882530039,33152.1521645826
2025-12-16,50829.5796574163,42243.9430729720,33155.5538329966,42243.9430729720,33152.1951823085
2025-12-17,50829.5056318121,42243.8808462510,33155.5054064072,42243.8808462510,33152.1467606105
2025-12-18,50829.4718006640,42243.8522718535,33155.4827091089,42243.8522718535,33152.1240655877
2025-12-19,50829.5948162644,42243.9536583913,33155.5626128407,42243.9536583913,33152.2039612106
2025-12-20,50829.6050170603,42243.9615221153,33155.5695293717,42243.9615221153,33152.2108770350
2025-12-21,50829.6185539686,42243.9720207573,33155.5778221788,42243.9720207573,33152.2191689857
2025-12-22,50829.6168301860,42243.9700687719,33155.5762733557,42243.9700687719,33152.2176203025
2025-12-23,50829.5654256270,42243.9270247170,33155.5423043774,42243.9270247170,33152.1836547436
2025-12-24,50829.5738434632,42243.9332072291,33155.5470345069,42243.9332072291,33152.1883843618
2025-12-25,50829.5535043457,42243.9155619991,33155.5329819690,42243.9155619991,33152.1743332130
2025-12-26,50829.5601450651,42243.9204202716,33155.5365939242,42243.9204202716,33152.1779447734
2025-12-27,50829.5834610829,42243.9394494255,33155.5510171282,42243.9394494255,33152.1923664820
2025-12-28,50829.5869192189,42243.9417434916,33155.5525447582,42243.9417434916,33152.1938939277
2025-12-29,50829.5542581445,42243.9137709343,33155.5305171697,42243.9137709343,33152.1718685411
2025-12-30,50829.6117041314,42243.9607477406,33155.5672213265,42243.9607477406,33152.2085689470
2025-12-31,50829.5737188647,42243.9289075041,33155.5416584112,42243.9289075041,33152.1830085869
2026-01-01,50829.6282600291,42243.9735117454,33155.5764494141,42243.9735117454,33152.2177960311
2026-01-02,50829.6805008075,42244.0164400710,33155.6100715078,42244.0164400710,33152.2514147035
2026-01-03,50829.7087317034,42244.0395320396,33155.6279268660,42244.0395320396,33152.2692682319
2026-01-04,50829.7486738865,42244.0720690763,33155.6534604280,42244.0720690763,33152.2947991918
2026-01-05,50829.8508649438,42244.1562701352,33155.7195487413,42244.1562701352,33152.3608807876
2026-01-06,50829.8460857657,42244.1521603857,33155.7156864219,42244.1521603857,33152.3570188284
2026-01-07,50829.7440074542,42244.0666746853,33155.6478684182,42244.0666746853,33152.2892076093
2026-01-08,50829.7324001739,42244.0561896069,33155.6395115571,42244.0561896069,33152.2808515604
2026-01-09,50829.7121866226,42244.0392347634,33155.6255409267,42244.0392347634,33152.2668823108
2026-01-10,50829.7061376218,42244.0335557482,33155.6208096669,42244.0335557482,33152.2621514959
2026-01-11,50829.7287125565,42244.0518143849,33155.6347904284,42244.0518143849,33152.2761308102
2026-01-12,50829.7411752378,42244.0618595395,33155.6423747732,42244.0618595395,33152.2837143644
2026-01-13,50829.9222405945,42244.2118229788,33155.7599344611,42244.2118229788,33152.4012621243
2026-01-14,50829.9869409205,42244.2653711340,33155.8015336212,42244.2653711340,33152.4428570466
2026-01-15,50829.9311671152,42244.2189210921,33155.7643674543,42244.2189210921,33152.4056946103
2026-01-16,50829.9289055396,42244.2164686017,33155.7621066845,42244.2164686017,33152.4034340351
2026-01-17,50829.9119669337,42244.2021974300,33155.7502722615,42244.2021974300,33152.3916007766
2026-01-18,50829.8497499823,42244.1498326524,33155.7089033106,42244.1498326524,33152.3502359820
2026-01-19,50829.8050883356,42244.1124509258,33155.6791899872,42244.1124509258,33152.3205256494
2026-01-20,50829.6229247648,42243.9603194822,33155.5609335096,42243.9603194822,33152.2022811051
2026-01-21,50829.6695513615,42243.9984542972,33155.5912272276,42243.9984542972,33152.2325717427
2026-01-22,50829.6742607005,42244.0016714179,33155.5942784654,42244.0016714179,33152.2356226722
2026-01-23,50829.6760801031,42244.0026681065,33155.5959673522,42244.0026681065,33152.2373113713
2026-01-24,50829.6592823343,42243.9882291956,33155.5851204777,42243.9882291956,33152.2264655889
2026-01-25,50829.5443290431,42243.8922155114,33155.5098165128,42243.8922155114,33152.1511692406
2026-01-26,50829.6219914917,42243.9563422351,33155.5600761019,42243.9563422351,33152.2014237274
2026-01-27,50829.6630193522,42243.9898462508,33155.5861607778,42243.9898462508,33152.2275057356
2026-01-28,50829.6652678738,42243.9911731185,33155.5868657898,42243.9911731185,33152.2282106437
2026-01-29,50829.4562382529,42243.8168806918,33155.4498196377,42243.8168806918,33152.0911783472
2026-01-30,50829.4377587804,42243.8013056724,33155.4374386082,42243.8013056724,33152.0787985637
2026-01-31,50829.1747997357,42243.5821017709,33155.2652246171,42243.5821017709,33151.9066019917
2026-02-01,50829.0844148328,42243.5069212584,33155.2056807062,42243.5069212584,33151.8470640920
2026-02-02,50829.1767521431,42243.5839516648,33155.2665698021,42243.5839516648,33151.9079469881
2026-02-03,50829.0254125112,42243.4581890315,33155.1678359508,42243.4581890315,33151.8092231265
2026-02-04,50828.8874304711,42243.3432371256,33155.0771090025,42243.3432371256,33151.7185053397
2026-02-05,50828.3247213428,42242.8754250055,33154.7092986738,42242.8754250055,33151.3507322377
2026-02-06,50828.8141732305,42243.2831628335,33155.0295740407,42243.2831628335,33151.6709749941
2026-02-07,50828.7407527007,42243.2230249614,33154.9827729031,42243.2230249614,33151.6241785149
2026-02-08,50828.8010639497,42243.2735431106,33155.0222880140,42243.2735431106,33151.6636896120
2026-02-09,50828.7900832064,42243.2646010612,33155.0151266270,42243.2646010612,33151.6565289473
2026-02-10,50828.7158660736,42243.2036687550,33154.9664983947,42243.2036687550,33151.6079056360
2026-02-11,50828.6133069961,42243.1187061065,33154.8995104672,42243.1187061065,33151.5409244928
2026-02-12,50828.5648142869,42243.0783913214,33154.8678385485,42243.0783913214,33151.5092557578
2026-02-13,50828.7212019496,42243.2081874188,33154.9694650226,42243.2081874188,33151.6108719258
2026-02-14,50828.7776962291,42243.2550934717,33155.0055609945,42243.2550934717,33151.6469642096
2026-02-15,50828.7207567005,42243.2077307673,33154.9678360696,42243.2077307673,33151.6092430875
2026-02-16,50828.7242471729,42243.2107894675,33154.9697628425,42243.2107894675,33151.6111696583
2026-02-17,50828.6433158333,42243.1430734937,33154.9165075561,42243.1430734937,33151.5579197517
2026-02-18,50828.5813187281,42243.0913255652,33154.8756123415,42243.0913255652,33151.5170286652
2026-02-19,50828.6141003067,42243.1187161138,33154.8963483355,42243.1187161138,33151.5377625345
2026-02-20,50828.6749877286,42243.1691189574,33154.9354664367,42243.1691189574,33151.5768766511
2026-02-21,50828.6723862599,42243.1666174055,33154.9339078250,42243.1666174055,33151.5753181902
2026-02-22,50828.6527486170,42243.1501051348,33154.9210074010,42243.1501051348,33151.5624190611
2026-02-23,50828.4754609367,42243.0027672419,33154.8051105240,42243.0027672419,33151.4465339182
2026-02-24,50828.4383407804,42242.9717725834,33154.7804256641,42242.9717725834,33151.4218515415
2026-02-25,50828.6846142831,42243.1763998166,33154.9409347686,42243.1763998166,33151.5823443790
2026-02-26,50828.6549230415,42243.1516943506,33154.9211911979,42243.1516943506,33151.5626027949
2026-02-27,50828.5589694949,42243.0722743370,33154.8582843678,42243.0722743370,33151.4997023270
2026-02-28,50828.6260755384,42243.1281786032,33154.9026460873,42243.1281786032,33151.5440595146
2026-03-01,50828.5543407533,42243.0683329562,33154.8558561339,42243.0683329562,33151.4972742921
2026-03-02,50828.7407008118,42243.2233261743,33154.9776530692,42243.2233261743,33151.6190588825
2026-03-03,50828.7120026433,42243.1993842860,33154.9585649579,42243.1993842860,33151.5999726888
2026-03-04,50828.9662850246,42243.4106551688,33155.1249652072,42243.4106551688,33151.7663560241
2026-03-05,50828.8681699977,42243.3288223615,33155.0609844485,42243.3288223615,33151.7023817309
2026-03-06,50828.7109329319,42243.1982626886,33154.9578484254,42243.1982626886,33151.5992561337
2026-03-07,50828.6607722774,42243.1565771403,33154.9248107521,42243.1565771403,33151.5662218008
2026-03-08,50828.5836814060,42243.0927906233,33154.8743741839,42243.0927906233,33151.5157903409
2026-03-09,50828.7334301187,42243.2177049172,33154.9722046059,42243.2177049172,33151.6136108218
2026-03-10,50828.8223886862,42243.2916182827,33155.0306185512,42243.2916182827,33151.6720188377
2026-03-11,50828.8363476408,42243.3039576736,33155.0404036286,42243.3039576736,33151.6818028975
2026-03-12,50828.8563347811,42243.3212552133,33155.0542401920,42243.3212552133,33151.6956380165
2026-03-13,50828.8784525542,42243.3396091677,33155.0680777006,42243.3396091677,33151.7094741014
2026-03-14,50828.8944097871,42243.3531785930,33155.0787474039,42243.3531785930,33151.7201427204
2026-03-15,50828.9847902971,42243.4284825412,33155.1377046815,42243.4284825412,33151.7790940241
2026-03-16,50829.0988795692,42243.5229116752,33155.2118112177,42243.5229116752,33151.8531930472
2026-03-17,50829.0465957763,42243.4795767427,33155.1774824786,42243.4795767427,33151.8188677829
2026-03-18,50828.9019654884,42243.3596751147,33155.0830654656,42243.3596751147,33151.7244603336
2026-03-19,50828.8277856425,42243.2981178160,33155.0348933100,42243.2981178160,33151.6762930365
2026-03-20,50828.8611225835,42243.3257852590,33155.0561039865,42243.3257852590,33151.6975015472
2026-03-21,50828.7704513498,42243.2504673280,33154.9968743183,42243.2504673280,33151.6382778779
2026-03-22,50828.7087597163,42243.1995449085,33154.9573848358,42243.1995449085,33151.5987923611
2026-03-23,50828.8890378814,42243.3495317164,33155.0749250423,42243.3495317164,33151.7163206578
2026-03-24,50771.3098218190,42194.5315963573,33116.5021407707,42194.5315963573,33113.1474168294
2026-03-25,50888.3321461741,42291.0705282281,33191.0024826167,42291.0705282281,33187.6401407822
2026-03-26,50513.9923114826,41979.8221031396,32945.7754311813,41979.8221031396,32942.4378984009
2026-03-27,50144.6160445227,41673.6515013319,32703.2058008732,41673.6515013319,32699.8927813086
2026-03-28,50139.8523358466,41671.0712465787,32698.1143367137,41671.0712465787,32694.8017486442
2026-03-29,50082.1788554300,41623.2271066336,32659.1396488606,41623.2271066336,32655.8309577330
2026-03-30,50206.6143147747,41726.5103560479,32741.0960328344,41726.5103560479,32737.7790218577
2026-03-31,50439.7216091334,41920.6442259076,32894.0130457542,41920.6442259076,32890.6805111258
2026-04-01,50413.4468309057,41899.0983958829,32877.6290411742,41899.0983958829,32874.2981538909
2026-04-02,50226.3789398443,41743.8884304251,32757.7967359940,41743.8884304251,32754.4778903336
2026-04-03,50236.1347149773,41752.0905526578,32764.3871464910,41752.0905526578,32761.0676263546
2026-04-04,50288.7217197538,41794.9660716118,32800.0314740827,41794.9660716118,32796.7082967719
2026-04-05,50558.9015959299,42018.8021018856,32979.0890478840,42018.8021018856,32975.7475504980
2026-04-06,50531.3294872420,41994.7452353545,32961.2165062876,41994.7452353545,32957.8767987386
2026-04-07,51204.9380555632,42553.1806688311,33399.8428765174,42553.1806688311,33396.4587075161
2026-04-08,51022.5129685865,42400.0994990466,33278.4290948353,42400.0994990466,33275.0571338796
2026-04-09,51177.1334959785,42528.1941291195,33378.6241036332,42528.1941291195,33375.2419629757
2026-04-10,51428.3249725913,42736.8468015559,33540.3608127709,42736.8468015559,33536.9622024192
2026-04-11,51447.9476138321,42756.4487922261,33549.6694925876,42756.4487922261,33546.2697995890
2026-04-12,50824.9469413297,42240.6654237877,33142.6177887511,42240.6654237877,33139.2593326002
2026-04-13,51839.9361170512,43085.1883509452,33804.1766422608,43085.1883509452,33800.7511260240
2026-04-14,51745.9606780287,43008.7401861875,33745.8569201535,43008.7401861875,33742.4367820733
2026-04-15,51964.2746559622,43194.4828560261,33891.2339083161,43194.4828560261,33887.7989354143
2026-04-16,52074.5247630009,43287.8194962384,33963.6962137978,43287.8194962384,33960.2538776924
2026-04-17,52687.0883766136,43797.9743526529,34365.2272317562,43797.9743526529,34361.7440592517
2026-04-18,52176.3261562117,43378.0078131870,34036.5774503878,43378.0078131870,34033.1273759062
2026-04-19,51473.9295235353,42800.4890681486,33581.0674371464,42800.4890681486,33577.6634551008
2026-04-20,52149.9107013135,43365.0739601022,34022.0678825014,43365.0739601022,34018.6191922041
2026-04-21,52312.1317428721,43503.6994227826,34128.2341483221,43503.6994227826,34124.7746804783
2026-04-22,52913.5478465079,44003.7274088085,34522.6689409525,44003.7274088085,34519.1694249233
2026-04-23,52941.6970420256,44031.6987901837,34538.4979886582,44031.6987901837,34534.9968272963
2026-04-24,52624.3280544164,43771.4584025234,34326.4288313941,43771.4584025234,34322.9489786916
2026-04-25,52697.3390137136,43835.4483132872,34370.3059557000,43835.4483132872,34366.8215505382
2026-04-26,53098.1978562321,44168.7476306679,34630.1887288071,44168.7476306679,34626.6779573149
2026-04-27,52601.6612109052,43759.2380774209,34304.2250107478,43759.2380774209,34300.7472372060
2026-04-28,52201.7733999164,43427.0470866735,34044.6001504233,43427.0470866735,34041.1486531174
2026-04-29,51981.7131580270,43243.4738100186,33902.4075049484,43243.4738100186,33898.9703572238
2026-04-30,52178.4394465199,43409.1149527288,34032.6155373442,43409.1149527288,34029.1651551481
2026-05-01,52835.7069638757,43957.8706684093,34464.1078745197,43957.8706684093,34460.6136586832
2026-05-02,52992.7709637423,44090.4481755331,34566.8458143991,44090.4481755331,34563.3411531591
2026-05-03,52946.4776049980,44051.5357820298,34533.5387023523,44051.5357820298,34530.0373438025
2026-05-04,53388.6155030610,44419.1719952303,34823.2939144681,44419.1719952303,34819.7631184730
2026-05-05,53744.2404443257,44718.0681459138,35053.9108115332,44718.0681459138,35050.3565736837
2026-05-06,53950.2058343826,44894.3850639389,35183.9088023091,44894.3850639389,35180.3412411554
2026-05-07,52984.2946777181,44096.5322373256,34548.2542972338,44096.5322373256,34544.7510079424
2026-05-08,53051.4334649468,44154.2040909004,34586.5168792827,44154.2040909004,34583.0095042671
2026-05-09,53251.2104391994,44320.0092874620,34715.4999361203,44320.0092874620,34711.9794038180
2026-05-10,53880.3912357050,44840.7401854648,35123.2214757396,44840.7401854648,35119.6594608778
2026-05-11,53565.8370329761,44573.1890369229,34915.1371891337,44573.1890369229,34911.5960878011
2026-05-12,53027.8545460119,44122.7746435113,34559.7164269550,44122.7746435113,34556.2112244631
2026-05-13,52561.6972757052,43731.6483194657,34252.6772433443,43731.6483194657,34249.2030973707
2026-05-14,53174.1301532349,44238.6683387713,34652.1122956427,44238.6683387713,34648.5975750287
2026-05-15,52497.7285122477,43676.9749780146,34210.9124265194,43676.9749780146,34207.4424638094
2026-05-16,52163.5304035328,43396.9630434332,33996.2106753492,43396.9630434332,33992.7623152953
2026-05-17,51960.7565311960,43227.2776565083,33863.7574629194,43227.2776565083,33860.3225349266
2026-05-18,51827.7140811177,43114.3783311149,33774.0433922847,43114.3783311149,33770.6174656814
2026-05-19,51770.1523173260,43063.1723718872,33731.5084297636,43063.1723718872,33728.0865979869
2026-05-20,52010.2801480182,43259.0279386332,33882.9199841430,43259.0279386332,33879.4825719303
2026-05-21,52032.3980402893,43274.5016488471,33892.7232215577,43274.5016488471,33889.2846441853
2026-05-22,51252.9233516311,42624.8799073142,33381.4149176953,42624.8799073142,33378.0281177038
2026-05-23,51589.9048368484,42903.3119079330,33601.8384964656,42903.3119079330,33598.4293049161
2026-05-24,51688.0627623683,42980.5419101482,33668.2883182309,42980.5419101482,33664.8723148506
2026-05-25,51769.7772141714,43046.1437276477,33724.1603090703,43046.1437276477,33720.7385573288
2026-05-26,51328.0436885854,42675.2684445598,33438.4292287681,42675.2684445598,33435.0364164605
2026-05-27,50853.6277955983,42275.0450017439,33129.6050933854,42275.0450017439,33126.2435845086
2026-05-28,50584.3360872317,42046.1958385475,32950.6741192135,42046.1958385475,32947.3306458148
2026-05-29,50538.6864491167,42004.4601360458,32918.4841676991,42004.4601360458,32915.1438911316
2026-05-30,50657.7374580652,42100.9291118882,32994.0402863968,42100.9291118882,32990.6922975086
2026-05-31,50598.9207811836,42049.2845779362,32952.1708934586,42049.2845779362,32948.8270150983
2026-06-01,49963.3036863194,41517.6506767810,32534.2424369318,41517.6506767810,32530.9407941518
2026-06-02,48634.7467283896,40409.6516771877,31665.2822828368,40409.6516771877,31662.0686565800
2026-06-03,48102.7140899946,39965.1145570701,31317.0315390514,39965.1145570701,31313.8531926877
2026-06-04,48061.9866597759,39931.0230407183,31289.6721022519,39931.0230407183,31286.4965147853
2026-06-05,47631.7265367901,39573.6311719938,31008.5249965381,39573.6311719938,31005.3779200048
2026-06-06,47604.6285885927,39551.0431703230,30989.9220588962,39551.0431703230,30986.7768434430
2026-06-07,47991.4112541933,39872.3654189617,31239.9705510426,39872.3654189617,31236.7998878207
2026-06-08,47953.7293446017,39840.4859444378,31213.8456153847,39840.4859444378,31210.6775453208
2026-06-09,47745.3914882162,39667.2296296428,31076.7633929207,39667.2296296428,31073.6091854844
2026-06-10,47711.1524649963,39638.8218882098,31053.7079656823,39638.8218882098,31050.5560791043
2026-06-11,48042.7412256240,39913.9495724927,31268.6859721617,39913.9495724927,31265.5122494092
2026-06-12,48035.7236931166,39907.9594421635,31262.8488447114,39907.9594421635,31259.6756679708
2026-06-13,48169.8026126841,40018.8378220903,31348.2186316632,40018.8378220903,31345.0367075118
2026-06-14,48364.4212430912,40181.5340948859,31473.1034714641,40181.5340948859,31469.9087996407
2026-06-15,48451.0007800047,40253.6806498393,31528.1167785483,40253.6806498393,31524.9164723773
2026-06-16,48354.4798140219,40173.5947693407,31464.2037910844,40173.5947693407,31461.0099377706
2026-06-17,48181.0147294014,40030.0689431130,31350.1790117384,40030.0689431130,31346.9966999380
2026-06-18,47946.8097269168,39835.0500785953,31197.6733215251,39835.0500785953,31194.5064829315
2026-06-19,48036.9989115966,39909.1059098817,31254.7282244873,39909.1059098817,31251.5555328366
2026-06-20,48152.2256086738,40003.8309253413,31328.3888655076,40003.8309253413,31325.2086574540
2026-06-21,48002.9713275849,39879.1887485665,31231.3224536366,39879.1887485665,31228.1520771572
2026-06-22,47998.1429279228,39875.1772728373,31228.1808438191,39875.1772728373,31225.0107862460
2026-06-23,47998.1035319860,39875.1444820168,31228.1550183491,39875.1444820168,31224.9849633918
2026-06-24,47998.0517211629,39875.1013690631,31228.1211508634,39875.1013690631,31224.9510993394
2026-06-25,47998.0104742508,39875.0671294024,31228.0944256734,39875.0671294024,31224.9243768605
2026-06-26,47998.0204256926,39875.0750949957,31228.1009758579,39875.0750949957,31224.9309263798
2026-06-27,47998.0181967987,39875.0730268260,31228.0994416273,39875.0730268260,31224.9293923038
2026-06-28,47998.0034233479,39875.0605898578,31228.0897735425,39875.0605898578,31224.9197252004
2026-06-29,47998.0259233859,39875.0789689100,31228.1042334935,39875.0789689100,31224.9341836797
2026-06-30,47997.9726715961,39875.0344382138,31228.0693334876,39875.0344382138,31224.8992872094
2026-07-01,47998.0195033953,39875.0731087643,31228.0995668346,39875.0731087643,31224.9295174794
2026-07-02,47998.0697122744,39875.1145189886,31228.1318503825,39875.1145189886,31224.9617977334
2026-07-03,47998.1023261255,39875.1412264666,31228.1526781960,39875.1412264666,31224.9826234152
2026-07-04,47998.1199064178,39875.1553510273,31228.1637331849,39875.1553510273,31224.9936772651
2026-07-05,47998.1356290381,39875.1679724951,31228.1735795494,39875.1679724951,31225.0035226133
2026-07-06,47998.1477134387,39875.1776235202,31228.1810588435,39875.1776235202,31225.0110011314
2026-07-07,47998.1269404354,39875.1599973759,31228.1671607094,39875.1599973759,31224.9971043914
2026-07-08,47998.0936842113,39875.1321615908,31228.1451408400,39875.1321615908,31224.9750867405
2026-07-09,47998.1232932589,39875.1564714469,31228.1640218831,39875.1564714469,31224.9939658502
2026-07-10,47998.1522052112,39875.1800697248,31228.1824493870,39875.1800697248,31225.0123914667
2026-07-11,47998.1417247861,39875.1711168549,31228.1752477302,39875.1711168549,31225.0051905243
2026-07-12,47998.1405257564,39875.1698184720,31228.1740846624,39875.1698184720,31225.0040275577
2026-07-13,47998.0960582362,39875.1326094693,31228.1447705887,39875.1326094693,31224.9747164430
2026-07-14,47998.1813425306,39875.2031781016,31228.1998763366,39875.2031781016,31225.0298165804
2026-07-15,47998.1726639548,39875.1955695911,31228.1938531034,39875.1955695911,31225.0237939424
2026-07-16,47998.1446043053,39875.1719959911,31228.1752141902,39875.1719959911,31225.0051569046
2026-07-17,47998.1477233875,39875.1743393865,31228.1768605384,39875.1743393865,31225.0068030688
2026-07-18,47998.1754228043,39875.1971333991,31228.1944991500,39875.1971333991,31225.0244398732
2026-07-19,47998.1720430372,39875.1941211048,31228.1919172679,39875.1941211048,31225.0218582364
2026-07-20,47998.1882001157,39875.2072718521,31228.2021748812,39875.2072718521,31225.0321148006
2026-07-21,47998.2273075233,39875.2394965215,31228.2274546812,39875.2394965215,31225.0573920316
2026-07-22,47998.2142870801,39875.2285032429,31228.2186798434,39875.2285032429,31225.0486180743
2026-07-23,47998.1841495377,39875.2033293388,31228.1987874903,39875.2033293388,31225.0287277299
2026-07-24,47998.1552459890,39875.1790136793,31228.1796482785,39875.1790136793,31225.0095904478
2026-07-25,47998.1624350626,39875.1847867897,31228.1839864633,39875.1847867897,31225.0139281790
2026-07-26,47998.1936755588,39875.2104863210,31228.2040552671,39875.2104863210,31225.0339949373
2026-07-27,47998.1443497414,39875.1692206480,31228.1718003012,39875.1692206480,31225.0017432406
2026-07-28,47998.1492472433,39875.1731096593,31228.1746458800,39875.1731096593,31225.0045885172
2026-07-29,47998.1513740132,39875.1744907603,31228.1757551528,39875.1744907603,31225.0056976688
2026-07-30,47998.1757753342,39875.1943587786,31228.1914526581,39875.1943587786,31225.0213935757
2026-07-31,47998.1184656723,39875.1463392997,31228.1539207056,39875.1463392997,31224.9838654263
