date,refit_date,days_after_refit,p_riskoff,btc_drawdown_252,btc_fwd_1d,btc_fwd_5d,btc_fwd_10d
2022-12-09,2022-12-09,0,0.9999998654613701,-0.6322805396505964,-6.246876561721848e-05,0.0393839295305618,-0.040264914271836094
2022-12-10,2022-12-09,1,0.9999992792204027,-0.6323035106313778,-0.0024778878866665854,0.013361560859180166,-0.013541388726544312
2022-12-11,2022-12-09,2,0.9999992348813307,-0.633214621308354,0.0073034612131659404,-0.02651031164673212,-0.015240224640841071
2022-12-12,2022-12-09,3,0.9999984031598799,-0.6217416102625306,0.03282252061757718,-0.025178052310801502,-0.022568497190268655
2022-12-13,2022-12-09,4,0.9998101969494507,-0.5908612866300419,0.0016005896020749866,-0.05831265787889539,-0.05604595295560544
2022-12-14,2022-12-09,5,0.9998721349669176,-0.5902064234596156,-0.025097244027040277,-0.07663082095022511,-0.05431791564975874
2022-12-15,2022-12-09,6,0.9999323261109646,-0.5940414422333178,-0.041726539120575,-0.026548223876692867,-0.030203948528318758
2022-12-16,2022-12-09,7,0.9999962774050382,-0.6109806878753015,0.008681996041394635,0.011576996798964956,0.01727200140451135
2022-12-17,2022-12-09,8,0.9999958095762829,-0.6020640980482153,-0.0022835486739801736,0.0026769556499202096,-0.0041820353684792755
2022-12-18,2022-12-09,9,0.9999962790892739,-0.5966033454172469,-0.017883035282745152,0.002407067422382836,-0.011405042713647284
2022-12-19,2022-12-09,10,0.9999915724170363,-0.6038173020240917,0.027780481395326184,0.02416466328606326,0.0118371811218283
2022-12-20,2022-12-09,11,0.999994342588618,-0.5928111559538218,-0.004195776878659463,-0.0037554245020585686,-0.017050633420851447
2022-12-21,2022-12-09,12,0.9999394441439738,-0.5945196294909187,-0.0001925743565845961,0.005629828103612233,-0.01677714926949514
2022-12-22,2022-12-09,13,0.9999933068411136,-0.5945977146123773,-0.0025521016940890373,-0.006840678824570734,-0.01216781213012208
2022-12-23,2022-12-09,14,0.9999678639068933,-0.5956323424717026,0.003434156807819555,-0.01377894329052054,-0.006295556813779579
2022-12-24,2022-12-09,15,0.999764811941489,-0.5942436805277398,-0.00023817839264617113,-0.012036621264281622,-0.00955920960411294
2022-12-25,2022-12-09,16,0.9995501727535185,-0.5943403229157177,0.005185327329728651,-0.013345326284108228,0.001084237210902339
2022-12-26,2022-12-09,17,0.9998361164318287,-0.5922368447055637,-0.012590879458420079,-0.0222815361546721,-0.005173945396376611
2022-12-27,2022-12-09,18,0.9999780321875305,-0.5960567906864396,-0.00952032639066791,-0.005363825513157949,0.014622574875676086
2022-12-28,2022-12-09,19,0.9999985931412729,-0.5912226800339229,0.00520688861210683,0.007587940275488814,0.02394709472415757
2022-12-29,2022-12-09,20,0.9999980476755466,-0.5885460573966113,-0.0015625122118235746,0.002507594626977916,0.029720797885227856
2022-12-30,2022-12-09,21,0.9999966748142719,-0.589188959206532,-0.003918716144773238,0.014624735360211139,0.03436885066247242
2022-12-31,2022-12-09,22,0.99999441852759,-0.5907988110645406,0.004494511074571994,0.01749746106973582,0.0543004642615339
2023-01-01,2022-12-09,23,0.9999943210049069,-0.588959651789142,0.003377315058600505,0.020094182075315548,0.07982968992131423
2023-01-02,2022-12-09,24,0.9999803002640955,-0.580473035249548,0.0001385484322735664,0.016235956976813348,0.13037647387642326
2023-01-03,2022-12-09,25,0.9999059604890203,-0.5804149104462852,0.01050543382440261,0.027145134265417203,0.19519009689850408
2023-01-04,2022-12-09,26,0.9999103809513044,-0.5760069870542728,-0.0010984928511914571,0.019459524900358183,0.24358886100949761
2023-01-05,2022-12-09,27,0.9999151956626277,-0.5759171075837743,0.007058047689350921,0.03617011796088976,0.2400003564670552
2023-01-06,2022-12-09,28,0.999901147669426,-0.5729239103048627,-0.00041768309769840695,0.05855881632857729,0.24984292637745442
2023-01-07,2022-12-09,29,0.9998984174602361,-0.5731022927689595,0.010874921873017529,0.11231694383178992,0.24736463448966206
2023-01-08,2023-01-08,0,1.0670394496372932e-10,-0.5684598135550516,0.0029443309514396443,0.16360391246293293,0.20724399996964005
2023-01-09,2023-01-08,1,1.218408726641113e-10,-0.5671892164273117,0.015275120995956515,0.2198511374260257,0.2266428613840985
2023-01-10,2023-01-08,2,2.0266426559727633e-11,-0.5605779793398842,0.02881771676071887,0.1967150325733087,0.2996761590444399
2023-01-11,2023-01-08,3,1.4739931767873223e-08,-0.5091162222932911,0.05034536644957499,0.18070239187304882,0.26975532874182284
2023-01-12,2023-01-08,4,7.105644698539368e-07,-0.4766829465507221,0.05748457813655716,0.12141116019742548,0.20487811607598605
2023-01-13,2023-01-08,5,0.08032354954289218,-0.43815429408618933,0.0514254634092004,0.0375042461092594,0.1498463874328213
2023-01-14,2023-01-08,6,0.9999314168551775,-0.3843741186424745,-0.003980926674976515,0.005567666209176814,0.08007522815644252
2023-01-15,2023-01-08,7,0.8334246981970256,-0.3436849864029604,0.0150516254222266,0.08603646120307595,0.10490094147521734
2023-01-16,2023-01-08,8,0.0026663474859254022,-0.3338063786593143,-0.0023997375582056613,0.07542369481229039,0.08609601310320891
2023-01-17,2023-01-08,9,0.0005766101783004157,-0.3354050685134825,-0.02163918199406567,0.0744302882306489,0.09176093847070299
2023-01-18,2023-01-08,10,0.006527642682524065,-0.34978635918825296,0.019060358931726196,0.10828113884338841,0.11341474561442944
2023-01-19,2023-01-08,11,5.937910371313459e-06,-0.3373930538120766,0.07572375886205074,0.07409502557709224,0.12674458832959434
2023-01-20,2023-01-08,12,1.4491331316411927e-05,-0.2872179651986225,0.0051325240292035,0.01737002480675831,0.007011890744383686
2023-01-21,2023-01-08,13,5.886613292849455e-05,-0.28355959427741995,-0.003321255906125198,0.00992382662052238,0.014992395829447114
2023-01-22,2023-01-08,14,0.0004676464673174056,-0.28593907620631276,0.009184917306239049,0.016130083477629675,0.045128827525951376
2023-01-23,2023-01-08,15,0.015256485564846576,-0.279380485669651,-0.012373644259909389,0.004632043793868501,0.024981618008024675
2023-01-24,2023-01-08,16,0.9989802159051808,-0.2882971751867235,0.01891274158978362,0.04901760225936669,0.03530304790948047
2023-01-25,2023-01-08,17,0.9999998885852106,-0.27483692357231093,-0.002224107083232396,-0.01018128489124892,0.011530319232433861
2023-01-26,2023-01-08,18,0.9999999066170248,-0.2764497639070923,0.0028036063130034705,0.005018763866464715,-0.0033351224377599076
2023-01-27,2023-01-08,19,0.9999850174177132,-0.27442121389740715,-0.0022345342148967218,0.028538416999795535,-0.013506017120449854
2023-01-28,2023-01-08,20,0.9999998767076481,-0.27604254452055665,0.03126058742279336,0.020255748699104403,0.00946287560918413
2023-01-29,2023-01-08,21,0.9999990535896155,-0.2534112091931585,-0.03858724723383988,-0.013073712319362385,-0.03282327322963652
2023-01-30,2023-01-08,22,0.9999999980160972,-0.2822200154460357,0.01309813525276926,0.02193492989400303,-0.04511492301592701
2023-01-31,2023-01-08,23,0.9999999991222843,-0.27281843612661727,0.026271419879585478,-0.008312169488344567,-0.06486190564117922
2023-02-01,2023-01-08,24,0.9999999982264267,-0.253714343933406,-0.010269392474337113,-0.0408778451298758,-0.07879900525267713
2023-02-02,2023-01-08,25,0.9999999981562055,-0.26137824423352196,-0.002428376929737852,-0.010578595713557126,-0.0726043831692702
2023-02-03,2023-01-08,26,0.9999999858511154,-0.2631718962650278,-0.004483631288969336,-0.020011181338261186,-0.0707552524549866
2023-02-04,2023-01-08,27,0.9999999841889481,-0.2664755618055259,-0.016887413811729313,-0.06561068708834983,-0.04831344494153511
2023-02-05,2023-01-08,28,0.9999991268527869,-0.2788628925343323,-0.007429933663019583,-0.05702372703682179,0.06066129418377342
2023-02-06,2023-01-08,29,0.9999994710641595,-0.284220893404744,0.020996796488262248,-0.03953736229556315,0.03317734591776311
2023-02-07,2023-02-07,0,1.5083946292725348e-07,-0.25922334738996144,-0.011938662143520351,-0.062688948497577,0.057206699006818296
2023-02-08,2023-02-07,1,2.845358903745074e-07,-0.26806722956928064,-0.05080564386186481,-0.05178025519313678,0.07267996341941396
2023-02-09,2023-02-07,2,2.402742409450314e-06,-0.3052535452346118,-0.007852690932197315,0.01851181505160282,0.11356993258045489
2023-02-10,2023-02-07,3,8.18036836972471e-06,-0.31070917442012425,0.01097608853378862,0.12480167804306008,0.14876216116482688
2023-02-11,2023-02-07,4,2.494021883594281e-05,-0.30314345729303127,-0.0036139425638820333,0.07570800295482472,0.11844958616446855
2023-02-12,2023-02-07,5,0.0005700542037398255,-0.30566185681363967,-0.0004393225343538587,0.12791447120165045,0.11011387497165281
2023-02-13,2023-02-07,6,8.330853624838464e-05,-0.3004421157944349,0.01955867487646934,0.13125672534682464,0.09948713991982161
2023-02-14,2023-02-07,7,0.00012583925274254866,-0.26502204784211236,0.09568582476270104,0.09333040238127843,0.044389959567276094
2023-02-15,2023-02-07,8,7.765426190554721e-07,-0.19215853374617609,-0.033149496074872276,0.021301962461021118,-0.047976385511458775
2023-02-16,2023-02-07,9,7.692216963795774e-06,-0.1916053551712712,0.04474285772600406,0.039733443548098935,0.0015788095104456445
2023-02-17,2023-02-07,10,2.2536086817198386e-06,-0.1356119853507689,0.002522591602675872,-0.015781867051526843,-0.04386981343485563
2023-02-18,2023-02-07,11,1.285611000919571e-07,-0.07309931727861219,-0.014622878010064233,-0.028083444469479635,-0.060505968873759475
2023-02-19,2023-02-07,12,3.9434866471502874e-07,-0.014622878010064233,0.02350220997570851,-0.044762720132367706,-0.026483040372844657
2023-02-20,2023-02-07,13,6.675835506146525e-08,0.0,-0.01570070283630276,-0.06783336419479757,-0.05542504287059924
2023-02-21,2023-02-07,14,6.667138093478301e-08,-0.01570070283630276,-0.011039924489288477,-0.03669655359690105,-0.08579282975409941
2023-02-22,2023-02-07,15,6.375682988160386e-08,-0.02656729275184977,-0.01000777017485166,-0.028538334585631264,-0.07590869486287644
2023-02-23,2023-02-07,16,1.0418529126241478e-07,-0.03630918356667279,-0.031533153440656325,-0.03335937043132475,-0.0630721547856743
2023-02-24,2023-02-07,17,2.228063629545668e-07,-0.06669739395061625,-0.0012171510470647684,0.01913627131685658,-0.03343887438975324
2023-02-25,2023-02-07,18,1.0181169704979811e-07,-0.06783336419479757,0.017177475388725716,0.013311269517257474,-0.041417588667305494
2023-02-26,2023-02-07,19,2.0477317865978733e-07,-0.05182109475006247,-0.002664419429544207,-0.05096657376294045,-0.07851504042691848
2023-02-27,2023-02-07,20,6.970634477963027e-08,-0.05434744104789435,-0.014920766947512987,-0.04876194497807562,-0.13323080236794593
2023-02-28,2023-02-07,21,8.071548807761256e-08,-0.06845730249333803,0.021061665219775483,-0.030738191056181474,-0.1292427436859297
2023-03-01,2023-02-07,22,1.8501670053453137e-06,-0.04883746206052597,-0.00692582029601807,-0.051587944798271,-0.13429446988167493
2023-03-02,2023-02-07,23,2.8492188824223444e-07,-0.05542504287059924,-0.04734561471993559,-0.0540099176145904,-0.06256935767336647
2023-03-03,2023-02-07,24,1.9578649748067953e-07,-0.10014652486494757,-0.0003475835117475734,-0.02902792030540835,0.07869344386817057
2023-03-04,2023-02-07,25,1.7199348479311772e-07,-0.10045929909589335,0.00374419877412957,-0.08879886264424464,0.10399090330193861
2023-03-05,2023-02-07,26,1.2569027148474087e-07,-0.09709123990628843,-0.0009023532516817534,-0.10162842662405769,0.08271957856893186
2023-03-06,2023-02-07,27,1.0147837069201808e-07,-0.09790598256193095,-0.009461847389558242,-0.08720526550647034,0.11551896474788026
2023-03-07,2023-02-07,28,4.5648906474527045e-08,-0.10644145848596342,-0.022187624448372745,-0.009048128746965922,0.23412827124654711
2023-03-08,2023-02-07,29,6.754270511949168e-08,-0.12626739982771262,-0.06188402538718396,0.11094177312231412,0.2396657243529734
2023-03-09,2023-03-09,0,7.681871231630741e-13,-0.18033749023838463,-0.010388356475865668,0.211577617764664,0.3737632733562448
2023-03-10,2023-03-09,1,5.43448004040616e-13,-0.18885243657969109,0.015137943167206735,0.20520240249837607,0.3754868939971783
2023-03-11,2023-03-09,2,4.521780675909483e-12,-0.1765733308644163,0.07535199183798391,0.2220918050834655,0.37396563212361533
2023-03-12,2023-03-09,3,1.5585859726313513e-14,-0.11452649121253355,0.09621127502658289,0.24539678166813728,0.23884319349223615
2023-03-13,2023-03-09,4,3.8042967157702096e-14,-0.029333955929829125,0.023096210086640312,0.11586921506145109,0.1734270623734111
2023-03-14,2023-03-09,5,8.375465176162285e-14,-0.006915249052016348,-0.01559560623435119,0.1338631988686041,0.11285017152126775
2023-03-15,2023-03-09,6,1.7022052428480118e-14,-0.022403007785139817,0.02936383034267953,0.14129119818032532,0.13082988067855683
2023-03-16,2023-03-09,7,2.188900236343575e-13,0.0,0.09585867790348179,0.12427366455483035,0.11877659629789927
2023-03-17,2023-03-09,8,7.0660338159868006e-15,0.0,-0.017800244057976755,-0.005262249166183897,-0.009863796959532656
2023-03-18,2023-03-09,9,2.7719399409621408e-15,-0.017800244057976755,0.039594179910500626,0.05158117683960861,0.013140579072964398
2023-03-19,2023-03-09,10,2.095905074443707e-15,0.0,-0.009146719660871439,-0.018532242133181054,0.013431943164930793
2023-03-20,2023-03-09,11,7.092284896699037e-15,-0.009146719660871439,0.014015220256441863,-0.009166212372835214,0.011239307558787992
2023-03-21,2023-03-09,12,3.57007393879777e-14,0.0,-0.030403334297558482,-0.004889439671352247,0.012804980667464383
2023-03-22,2023-03-09,13,3.228078344414283e-15,-0.030403334297558482,0.038326709104299805,-0.0046258903811498,0.0440997146156632
2023-03-23,2023-03-09,14,6.7179722233547605e-15,0.0,-0.029720014659621374,-0.03655504550031263,-0.00436607916266285
2023-03-24,2023-03-09,15,6.689369959051421e-15,-0.029720014659621374,0.0003088750210802349,0.03256773851398331,0.012585564390789505
2023-03-25,2023-03-09,16,4.826076788916286e-14,-0.029420319408695605,0.018392051837111456,0.020594291581931268,0.025580645924782264
2023-03-26,2023-03-09,17,5.191591053446749e-14,-0.0115693676112133,-0.030146542215134797,0.01778136123183427,0.007221096930247084
2023-03-27,2023-03-09,18,5.749104204867521e-12,-0.041367133397254174,0.005019740157663266,0.04895205182247597,0.03350831394463616
2023-03-28,2023-03-09,19,1.3638485575699093e-11,-0.03655504550031263,0.03989315166279228,0.033410280667633296,0.023669650530958597
2023-03-29,2023-03-09,20,6.838938961777079e-13,0.0,-0.011290504645732002,-0.019351925668286918,-0.014470555865192525
2023-03-30,2023-03-09,21,9.845940223861966e-13,-0.011290504645732002,0.015585191231934026,0.0048857360696406005,0.010533195997078693
2023-03-31,2023-03-09,22,1.9044757980566688e-12,0.0,-0.00044369718141634706,-0.010375769004853708,0.041172147480305954
2023-04-01,2023-03-09,23,1.8932170289064907e-11,-0.00044369718141634706,-0.0098711090289052,-0.01472301603396231,0.06142433432573946
2023-04-02,2023-03-09,24,4.7973299171436806e-12,-0.01031042642706792,-0.013200046713263913,-0.009425714373948124,0.06091892373491725
2023-04-03,2023-03-09,25,5.806952497736992e-11,-0.02337437502986084,0.013146402877697971,0.004977697841726636,0.09258417266187058
2023-04-04,2023-03-09,26,5.472770779872336e-11,-0.010535261103319926,0.00016119028015504355,0.005620002080561681,0.08171211060919625
2023-04-05,2023-03-09,27,8.950156393464261e-11,-0.010375769004853708,-0.004834574073633635,0.05208837341555794,0.07543767290107461
2023-04-06,2023-03-09,28,7.685876200041203e-12,-0.015160180654662403,-0.004547721288072681,0.07728522192123655,0.08100323109729612
2023-04-07,2023-03-09,29,1.52359109442204e-11,-0.01963895766644086,0.0011484849494720617,0.07101399574935141,0.05460911556625314
2023-04-08,2023-04-08,0,5.177479738618658e-18,-0.018513027764272105,0.013793927922807203,0.08717255617541175,0.08739339933095613
2023-04-09,2023-04-08,1,5.722124698862677e-18,-0.004974467212078171,0.046377317135860574,0.07566686061455119,0.01671176425728782
2023-04-10,2023-04-08,2,8.942133772978768e-20,0.0,0.01899900598366777,0.0221932872518249,-0.04702480047129731
2023-04-11,2023-04-08,3,4.545504116419352e-21,0.0,-0.010342571394702404,0.003451276505426204,-0.09726950817240287
2023-04-12,2023-04-08,4,9.595462384253828e-19,-0.010342571394702404,0.01625297317625396,-0.015317148280233561,-0.06929922206418815
2023-04-13,2023-04-08,5,1.0573432355590988e-18,0.0,0.003064808400913499,0.0002031353296125804,-0.09163279980404193
2023-04-14,2023-04-08,6,1.1686343123620325e-18,0.0,-0.005640213831849872,-0.05480795078467049,-0.09702323141845925
2023-04-15,2023-04-08,7,1.0301431542545012e-17,-0.005640213831849872,0.0003155626868909245,-0.06771526343047662,-0.06582914921196803
2023-04-16,2023-04-08,8,3.568430821441086e-16,-0.0053264309859903936,-0.028852997807267244,-0.10037436499019137,-0.06234554763047917
2023-04-17,2023-04-08,9,1.390406042932896e-15,-0.03402574529169822,0.03227085582293321,-0.05482178722791198,0.0014440914065687593
2023-04-18,2023-04-08,10,2.47103674940721e-17,-0.00285292938934123,-0.05210366948529643,-0.09181728379944576,-0.035164899550724216
2023-04-19,2023-04-08,11,3.4140682577753754e-15,-0.05480795078467049,-0.019218949130294316,-0.044663177889440187,0.01504839028929994
2023-04-20,2023-04-08,12,1.999421995837379e-13,-0.07297354869689854,-0.03472674388756414,0.0020231096193303877,0.03503654803823153
2023-04-21,2023-04-08,13,2.6084887594365102e-14,-0.10516615884829883,0.020321067064179577,0.04227182494560355,0.029542776908054957
2023-04-22,2023-04-08,14,5.250190804927212e-15,-0.08698218035095762,-0.0081335593354388,0.059529385965700676,0.030665226292696746
2023-04-23,2023-04-08,15,2.6352480483231522e-15,-0.0944082649613861,-0.002887577653258644,0.06237994099439681,0.052030764100817084
2023-04-24,2023-04-08,16,3.492217688750441e-15,-0.09702323141845925,0.02871077059190652,0.06250315783581284,0.04824373439938223
2023-04-25,2023-04-08,17,9.643435520524486e-17,-0.07109807256589351,0.004045823455811615,0.03294678346434843,0.042571956471886496
2023-04-26,2023-04-08,18,3.221877748337745e-16,-0.06733989935973195,0.03721517535101704,-0.012212791071286033,0.01523510757764579
2023-04-27,2023-04-08,19,2.699082092779021e-16,-0.03263079017150727,-0.005465044513970008,-0.027242434287649275,-0.03537740090259589
2023-04-28,2023-04-08,20,8.377674157409667e-15,-0.03791750596466392,-0.002771930662499922,-0.009741502539941438,-0.05604963205818836
2023-04-29,2023-04-08,21,9.568048137577306e-15,-0.040584331929734985,9.442208382015593e-05,-0.013420593935433822,-0.05481201965758309
2023-04-30,2023-04-08,22,9.204376666516606e-16,-0.04049374190310617,-0.039850225137779915,0.009318169301284485,-0.05591106826790482
2023-05-01,2023-04-08,23,6.824919188039583e-15,-0.07873028230937618,0.02143346256590184,0.027787258633060974,-0.03917734836430897
2023-05-02,2023-04-08,24,6.390921574472205e-17,-0.05898428230215513,0.012427685381093623,-0.008362789354395272,-0.0653944595474133
2023-05-03,2023-04-08,25,1.2973429046033453e-17,-0.047289635023942345,-0.006476915995777599,-0.04676367800632253,-0.07754659934348884
2023-05-04,2023-04-08,26,2.6185559350842862e-17,-0.05346026002619886,0.023144680520532646,-0.041954479758764096,-0.06659717540924948
2023-05-05,2023-04-08,27,7.532975921800754e-18,-0.03155290014451739,-0.02228084760830229,-0.06462703194409469,-0.0794245568893509
2023-05-06,2023-04-08,28,2.2824850205866115e-17,-0.05313072239309968,-0.01449310528906489,-0.06515415173217054,-0.06289335209822455
2023-05-07,2023-04-08,29,6.46621583415923e-17,-0.06685379852843731,-0.02677830890499855,-0.057512636255236504,-0.03603539910165632
2023-05-08,2023-05-08,0,6.329655479431437e-13,-0.09184187576496872,-0.0014644659199046783,-0.032293063773298436,-0.030630540764522096
2023-05-09,2023-05-08,1,4.980718562564572e-13,-0.09317184238779552,-0.0010684708090662465,-0.02572184215660267,-0.027074080280813928
2023-05-10,2023-05-08,2,3.87094050792478e-14,-0.09414076180304354,-0.02283183115177323,-0.015819919380406722,-0.017983423162280854
2023-05-11,2023-05-08,3,6.314710268828338e-14,-0.11482318697683036,-0.0064374817843849685,0.002418366234534952,-0.00818877643720739
2023-05-12,2023-05-08,4,5.196323760242479e-13,-0.12052149658662692,-0.0007363311303112408,0.02278782504652921,0.0020250039093101524
2023-05-13,2023-05-08,5,2.9257141450571037e-13,-0.12116908398712967,0.005316097534741049,0.0017180025755099138,0.016594784442963917
2023-05-14,2023-05-08,6,3.791344534809891e-13,-0.11649713312105947,0.009084012628159499,-0.0013879384581549914,-0.02186708928946912
2023-05-15,2023-05-08,7,8.865784545084064e-13,-0.108471381921316,-0.0047234864410535815,-0.002198280400587005,-0.02534225948323654
2023-05-16,2023-05-08,8,2.0684232204916865e-11,-0.11268250526062196,0.013752023389943968,-0.010581552602220046,-0.012129982274068474
2023-05-17,2023-05-08,9,4.965440067387981e-12,-0.10048009431865956,-0.021321546938747327,-0.02030022320247571,-0.020117778805142428
2023-05-18,2023-05-08,10,6.887933513455389e-11,-0.1196592502099818,0.0021990001968585915,0.014851267351893682,0.04637064301181759
2023-05-19,2023-05-08,11,4.2809576457991035e-13,-0.1177233807278909,0.008265173030320483,-0.02050761413766089,0.031850138354316604
2023-05-20,2023-05-08,12,4.493692421812975e-17,-0.11043121180900073,-0.013085542514084558,-0.023194968126474258,0.021841952917136975
2023-05-21,2023-05-08,13,1.4635121678727521e-19,-0.12207170200607675,0.0037943335858154903,-0.0015649896926025475,0.017293771670022773
2023-05-22,2023-05-08,14,4.6068284732308525e-21,-0.11874054917906074,0.013793298663241194,0.0001862248023876134,-0.0011672570613652233
2023-05-23,2023-05-08,15,1.4685247232186772e-19,-0.1065850743740836,-0.03271905806144915,0.031058123169288576,0.0008442442782978787
2023-05-24,2023-05-08,16,1.3063492544909178e-15,-0.1358167691986033,0.005498877473934849,0.05345396579666328,0.028113856160941975
2023-05-25,2023-05-08,17,2.494887005136286e-18,-0.13106473149739728,0.008768294981564617,0.046106356513366586,0.024228491651554274
2023-05-26,2023-05-08,18,6.009110480243251e-17,-0.1234456507432814,0.005554948116372804,0.018888321390912566,-0.03661060918328207
2023-05-27,2023-05-08,19,3.1156377951642265e-19,-0.11857643681197938,0.04508519501740316,-0.0013532298587897174,0.013994422488490699
2023-05-28,2023-05-08,20,3.0316860601237428e-15,-0.07883728357271313,-0.011708533760912077,-0.02930375913058969,-0.06148797434526987
2023-05-29,2023-05-08,21,4.3696144135083686e-15,-0.08962274833729555,-0.0015142556351941394,-0.02405431130211566,-0.0446269162544527
2023-05-30,2023-05-08,22,3.983019284988576e-12,-0.09100129222077835,-0.017478262753480966,-0.02091361430469707,-0.043929097579293974
2023-05-31,2023-05-08,23,7.397631321667059e-14,-0.10688901047791821,-0.014421718206491185,-0.054470082156238275,-0.05031688309779181
2023-06-01,2023-05-08,24,2.511973809227859e-15,-0.11976920549592629,0.01583492834831035,0.015368449391880867,-0.03327549889197268
2023-06-02,2023-05-08,25,9.371521053135942e-15,-0.10583081393497806,-0.006363932357385971,-0.03315580493631476,-0.04909224857107941
2023-06-03,2023-05-08,26,5.718815328348789e-16,-0.11152124615115466,0.001698977658018963,-0.021079661696938423,-0.041928433844787616
2023-06-04,2023-05-08,27,9.558676978529061e-18,-0.11001174059874108,-0.05115247125137512,-0.023507101733676317,-0.07326552145456366
2023-06-05,2023-05-08,28,1.238224739678572e-12,-0.15553683945182528,0.05837485716062529,0.0043924565263018245,-0.005041549739196682
2023-06-06,2023-05-08,29,7.728094363278032e-08,-0.10624142307741535,-0.0327116189155523,-0.047907681505159116,-0.032503760547159644
2023-06-07,2023-06-07,0,8.460948338089188e-05,-0.1354777130482132,0.006046848554291717,-0.016482949079210107,0.006744664065234884
2023-06-08,2023-06-07,1,8.038655145404966e-05,-0.13025007770720576,-0.000784946833060296,-0.021297720899322692,-0.005986729115225242
2023-06-09,2023-06-07,2,0.0001744348659591317,-0.130932785154264,-0.024042773930321393,-0.05095625355722411,0.013843289909550638
2023-06-10,2023-06-07,3,0.00021740769898744833,-0.151827571731054,0.003263779056785765,-0.009392749023749203,0.09545915226105905
2023-06-11,2023-06-07,4,0.0002636381092484034,-0.14905932432312674,-0.0007853256729365432,0.016179020310080228,0.1569239611117219
2023-06-12,2023-06-07,5,8.285007456314318e-05,-0.14972758988188184,0.0011217829323004747,0.023616889125306573,0.153626744293325
2023-06-13,2023-06-07,6,1.3612595824206113e-05,-0.1487737688044053,-0.03106509731339835,0.015644177101709067,0.18331935567830193
2023-06-14,2023-06-07,7,9.528925050910435e-06,-0.17521719451221374,0.018699410233757652,0.06827877398661286,0.2148480217759845
2023-06-15,2023-06-07,8,5.316414839914684e-06,-0.15979424247864815,0.029162266993092212,0.10584608701528886,0.19001784870904492
2023-06-16,2023-06-07,9,2.4722242617177978e-06,-0.1352919378486772,0.006528373505409135,0.13850408047067742,0.14890833175175566
2023-06-17,2023-06-07,10,5.514870265178173e-06,-0.1296468006458149,-0.006675719981792838,0.1270102677566345,0.15746319623758187
2023-06-18,2023-06-07,11,6.371433771207318e-06,-0.13545703488996097,0.019148844892382,0.16509244315768012,0.14189234080372892
2023-06-19,2023-06-07,12,3.0348702602249407e-06,-0.11890203574826874,0.05452320506922326,0.13720131051785578,0.13421669736834763
2023-06-20,2023-06-07,13,1.4103001494865614e-09,-0.0708617507572965,0.0595556236949355,0.07611525933137608,0.07644520151377754
2023-06-21,2023-06-07,14,3.308936381016939e-10,-0.015526342824826789,-0.003633073269255882,0.009138527880178327,0.019737686575499236
2023-06-22,2023-06-07,15,3.390413962935007e-10,-0.01910300775299656,0.026889146766998273,0.027020985834996347,0.02449763961221918
2023-06-23,2023-06-07,16,7.526761325876606e-11,0.0,-0.005248545872232224,-0.01991267087019566,0.015240236570702503
2023-06-24,2023-06-07,17,1.0362989091449244e-10,-0.005248545872232224,-0.002121698420076701,-0.002624524894496494,0.007831645179433577
2023-06-25,2023-06-07,18,6.019848411259086e-11,-0.007359108460824104,-0.0063904465335593574,0.00030660487298228567,0.0013836611773234697
2023-06-26,2023-06-07,19,2.1954295705284456e-10,-0.013702527005229892,0.014023065291087988,0.010503175136505671,-0.012308712934027022
2023-06-27,2023-06-07,20,4.6718283050629275e-11,0.0,-0.020038485047132126,-0.0024569568271535225,-0.01132982584636466
2023-06-28,2023-06-07,21,3.542774462564785e-10,-0.020038485047132126,0.012298266373334643,0.0358671175476879,0.00688955598238028
2023-06-29,2023-06-07,22,2.847028286860925e-10,-0.007986657300625088,0.0008109090753829484,0.010483684765583368,-0.009412982624737665
2023-06-30,2023-06-07,23,1.936945263619962e-11,-0.007182224678129123,0.003737857705434555,0.0010767261748489965,-0.0019831320556576992
2023-07-01,2023-06-07,24,1.03785350072402e-11,-0.003471213106549964,0.00101778924275564,-0.02257478119002554,0.001183551898096713
2023-07-02,2023-06-07,25,5.495596253307973e-12,-0.0024569568271535225,0.017610133967925767,-0.008894722969536861,-0.0077417698581475625
2023-07-03,2023-06-07,26,4.579509146687595e-12,0.0,-0.012507622880839175,-0.027974207380874416,0.009565672322041863
2023-07-04,2023-06-07,27,1.591840277892454e-11,-0.012507622880839175,-0.008506002143239377,-0.019690241109570072,-0.01477255626328755
2023-07-05,2023-06-07,28,1.633081888404679e-14,-0.0209072351570474,-0.019976521735424746,-0.003056567144656963,-0.007057575510222791
2023-07-06,2023-06-07,29,1.176869337868195e-15,-0.0404661030549297,0.015028049437656454,0.024307059640888307,0.011257907981253368
2023-07-07,2023-07-07,0,2.6471366006779656e-13,-0.026046180214531978,-0.001979587868721766,0.0011633003456945623,-0.006811733185696389
2023-07-08,2023-07-07,1,9.40615070684751e-14,-0.027974207380874416,-0.004091844608965056,0.03862025060236829,-0.014050031319517542
2023-07-09,2023-07-07,2,2.1963240817857258e-13,-0.03195158588017799,0.008317443455409412,0.0050164601562761035,-0.00833866311502618
2023-07-10,2023-07-07,3,1.6916969271281109e-15,-0.02389989793363767,0.006922694224599457,-0.004013275210717482,-0.020109780586796355
2023-07-11,2023-07-07,4,1.0351492474510742e-14,-0.01714265539443205,-0.007906054777431892,-0.012739492066187408,-0.023524839903207084
2023-07-12,2023-07-07,5,1.6184875227609245e-14,-0.024913179399284946,0.03535977616853181,-0.007965766951942066,-0.019289005924950642
2023-07-13,2023-07-07,6,2.4650887474602067e-08,0.0,-0.036313716787853334,-0.05071178025976153,-0.04357061037577459
2023-07-14,2023-07-07,7,2.6333020146314335e-08,-0.036313716787853334,-0.0007419501379155591,-0.013288462229987363,-0.03746072926209776
2023-07-15,2023-07-07,8,1.049861573836415e-07,-0.037028723958589915,-0.0018993368003190625,-0.01616136538314239,-0.03501574141815389
2023-07-16,2023-07-07,9,3.3485504324984765e-07,-0.03885773074082555,-0.0031089584245033164,-0.01092452068156946,-0.029109231645022438
2023-07-17,2023-07-07,10,3.492823209520624e-07,-0.041845882095985165,-0.009253102395646695,-0.011414161523657818,-0.03036764217930854
2023-07-18,2023-07-07,11,4.4908874278598707e-07,-0.05071178025976153,0.0016772089474810237,0.007522657224105389,-0.01825203882363624
2023-07-19,2023-07-07,12,1.0961779687279478e-06,-0.049119625563874836,-0.003651383637347849,-0.02449780519111,-0.018599956334520273
2023-07-20,2023-07-07,13,1.9800098897655053e-05,-0.05259165460416615,0.003413422818792089,-0.01916409395973151,-0.017413087248322134
2023-07-21,2023-07-07,14,0.003934838920034139,-0.049357749339278056,-0.0036024683529910506,-0.018385564442446878,-0.0223890130734955
2023-07-22,2023-07-07,15,0.001723765426683583,-0.052782407962299493,0.009725112438746075,-0.019172316573806802,-0.0029539504598240507
2023-07-23,2023-07-07,16,0.0005507875941695422,-0.04357061037577459,-0.03015747704325422,-0.025582249553330327,-0.029841359537956635
2023-07-24,2023-07-07,17,0.00029701213027798716,-0.07241410773686086,0.001796308673075897,0.006045961647216158,0.0005874590852226191
2023-07-25,2023-07-07,18,0.00016693274143320377,-0.07074787715356567,0.0042098730332400525,0.0017852188124702906,-0.003931723762535033
2023-07-26,2023-07-07,19,0.0001908416616205309,-0.06683584370051343,-0.004401068957575638,-0.004078432922366981,-0.009533605251574317
2023-07-27,2023-07-07,20,0.00027354904339504943,-0.07094276350112527,0.003126328159059444,0.016535387803624513,-0.00459778296246971
2023-07-28,2023-07-07,21,0.0002058070164055137,-0.06803822570128093,0.0013222287947045608,-0.004370928159584508,-0.003516391748145997
2023-07-29,2023-07-07,22,0.0001970126440405689,-0.06680595900773911,-0.0024464362976061027,-0.00542569899396661,0.014224148210227883
2023-07-30,2023-07-07,23,0.00023685829843231077,-0.06908895878233223,-0.0016679706937139382,-0.005706754769033484,0.010276256792353111
2023-07-31,2023-07-07,24,0.00018353859010616686,-0.07064169111753804,0.01620607377126304,-0.005477511994458117,0.007645665318270156
2023-08-01,2023-07-07,25,8.760611455965691e-05,-0.05558044180385269,-0.01750421379661149,-0.020789409812633886,-0.009424361887956034
2023-08-02,2023-07-07,26,4.214852347738278e-05,-0.07211176366421945,0.00026142662186434684,0.0008582879263046017,0.00836565189966021
2023-08-03,2023-07-07,27,0.0001134630952892832,-0.07186918897712646,-0.002728333979592712,0.019757042972373462,0.0037747947840693907
2023-08-04,2023-07-07,28,5.335387036602568e-05,-0.07440143980634717,-0.0014377967430778682,0.01607474619590099,0.010886175340446336
2023-08-05,2023-07-07,29,0.00015754854117746016,-0.07573226240159114,0.0005603304608226001,0.013195455578934201,0.004398370535629859
2023-08-06,2023-08-06,0,2.6850458967709333e-10,-0.07521436703425899,0.004216110740975276,0.011606336817193919,-0.012304209028885071
2023-08-07,2023-08-06,1,1.2357959709935108e-10,-0.07131536839401242,0.019148911405474367,0.007500926019117227,-0.0885845977516736
2023-08-08,2023-08-06,2,2.224452452037571e-11,-0.05353206865976379,-0.006329437072100319,-0.015672603879958613,-0.12483599492382036
2023-08-09,2023-08-06,3,8.41584502422119e-11,-0.059522677871942764,-0.0042674613844437825,-0.005106485398717275,-0.1177060772449725
2023-08-10,2023-08-06,4,6.663850249281214e-11,-0.06353612852706936,-0.0010089710837443144,-0.008682515298371274,-0.11087003386435579
2023-08-11,2023-08-06,5,4.749332550158025e-11,-0.06448099349435676,0.0001406917616817438,-0.023636215962533846,-0.11211536180721626
2023-08-12,2023-08-06,6,3.911784763773737e-14,-0.06434937367724469,-0.004292533818187172,-0.09537015926173709,-0.11465003430153475
2023-08-13,2023-08-06,7,6.115528415658286e-13,-0.06836568563274315,0.004336974266853755,-0.11090150642373153,-0.09797760293531488
2023-08-14,2023-08-06,8,3.7327946696041903e-13,-0.06432521158521443,-0.007846507059070196,-0.1131775312570823,-0.11045794339492498
2023-08-15,2023-08-06,9,8.594274530018333e-12,-0.07166699041750502,-0.016078424657534285,-0.10308253424657532,-0.10753390410958907
2023-08-16,2023-08-06,10,1.0521207268305016e-12,-0.0865931227691793,-0.07334015302895769,-0.09062108538971292,-0.09443410506809657
2023-08-17,2023-08-06,11,2.0845416114363308e-06,-0.15358252292299002,-0.0213875683092436,-0.021312446452201317,-0.01959328275378691
2023-08-18,2023-08-06,12,1.2777751577485004e-05,-0.1716853345321122,0.001765947647194288,0.014535963767559723,0.002533200276349179
2023-08-19,2023-08-06,13,1.1708013985550369e-05,-0.17022257419749276,0.003447508257659715,0.0030666654916990943,0.06192832876309251
2023-08-20,2023-08-06,14,1.2076969388051503e-07,-0.16736190967001885,-0.0024081719771562593,-0.0049629648579477825,0.04238260495708479
2023-08-21,2023-08-06,15,1.4238471205390875e-07,-0.16936704538626446,-0.0027144416563451568,-0.004192993280493829,-0.0071244524804301435
2023-08-22,2023-08-06,16,2.0745826132479693e-07,-0.17162175007940106,0.014458090267116974,0.0017566011667178305,-0.009631178999078949
2023-08-23,2023-08-06,17,9.084125618479522e-08,-0.15964498256673265,-0.009558985984038038,-0.011830791534128915,-0.021307303977797343
2023-08-24,2023-08-06,18,1.5969927195411055e-07,-0.1676779243999933,-0.0045851707693453925,0.058681706108277165,-0.007977066506748454
2023-08-25,2023-08-06,19,1.529824102928335e-07,-0.17149426325171535,-0.0016362234703670708,0.04758171620041596,-0.008978891412551149
2023-08-26,2023-08-06,20,1.987249224978369e-07,-0.17284988378351662,0.003243986613558514,-0.0029438025442233284,-0.008658446261094022
2023-08-27,2023-08-06,21,1.3467898752851287e-07,-0.17016661987910686,0.0006984200688304742,-0.011367811454932042,-0.013095663627409215
2023-08-28,2023-08-06,22,1.804069056647022e-07,-0.16958704759264487,0.061115620214395205,-0.009589969372128748,0.005168453292496267
2023-08-29,2023-08-06,23,6.342199217089714e-07,-0.11883584497220245,-0.015021824670934159,-0.06296394112642578,-0.06515434577581314
2023-08-30,2023-08-06,24,1.2754455592886206e-06,-0.13207253841534183,-0.04978793032524931,-0.053991594868716075,-0.05122272938561523
2023-08-31,2023-08-06,25,9.932289402088556e-05,-0.17528485040008934,-0.005232302189833948,-0.005731516168750561,-0.0038229382462670047
2023-09-01,2023-08-06,26,2.5868472783006877e-05,-0.1796000092833301,0.002497960670488908,-0.0017477199230382379,-0.02489938984811113
2023-09-02,2023-08-06,27,9.328915137218391e-06,-0.17755068237245042,0.003931268895313478,0.014901325923838638,-0.0011368595694313255
2023-09-03,2023-08-06,28,4.11168517939056e-06,-0.17431741295208947,-0.005590421085501895,-0.0023375884296495952,0.009656461905317437
2023-09-04,2023-08-06,29,2.564578078158776e-06,-0.17893332629665393,-0.0013134040785224288,0.002926893110126949,0.02697705647250337
2023-09-05,2023-09-05,0,3.375817279746107e-07,-0.18001171861463472,-0.0012465057129895651,0.0019195800264422136,0.031323544806355574
2023-09-06,2023-09-05,1,3.70854264273462e-07,-0.181033838691966,0.01921781680476853,-0.02319220340101591,0.031045091314229945
2023-09-07,2023-09-05,2,2.6834896652553826e-07,-0.16529509703464362,-0.01312131022662355,-0.015802704246810184,0.010379356313083177
2023-09-08,2023-09-05,3,4.2479410182533904e-07,-0.1762475190141357,-0.0003431041469674767,0.012022153181142858,0.032882808127978835
2023-09-09,2023-09-05,4,3.989078352735005e-07,-0.17653015190643673,-0.002316458320544501,0.023979976534277192,0.050523886353010417
2023-09-10,2023-09-05,5,8.105415612858814e-07,-0.17843768548777061,-0.026278935406888304,0.029347629656201635,0.049663701294152984
2023-09-11,2023-09-05,6,0.00037344523107867944,-0.20002746848357122,0.026928145511657675,0.05552504280175419,0.05585927005721203
2023-09-12,2023-09-05,7,0.0002971116556196281,-0.17848569174956763,0.01477935456906132,0.026602451228903812,0.02863920805260034
2023-09-13,2023-09-05,8,0.00017390009269209353,-0.16634424050437735,0.011468614140797806,0.02061284417664555,0.013498588971093017
2023-09-14,2023-09-05,9,0.0001513033138726559,-0.1567833642724683,0.0029133501717206745,0.025922293821186493,-0.01034395780524855
2023-09-15,2023-09-05,10,0.00010114658578911044,-0.15432677894197377,-0.001516165413533943,0.019736842105263053,-0.011097368421052578
2023-09-16,2023-09-05,11,1.0855424028102646e-07,-0.1556089594308938,-0.0012108584180451354,0.0003166455004901536,-0.012726061731941685
2023-09-17,2023-09-05,12,1.1238633534291475e-07,-0.1566313974304887,0.00885872816559119,0.0019839781419364044,-0.005824896494243004
2023-09-18,2023-09-05,13,1.7000056325133476e-07,-0.14916022423693098,0.016730493514995448,-0.006970571893293975,0.009673233190758301
2023-09-19,2023-09-05,14,1.2763006650909818e-07,-0.13492525488622675,-0.0031333768953327734,-0.035349901103480685,-0.01114653075714822
2023-09-20,2023-09-05,15,8.719480419725943e-08,-0.13763586010530215,-0.020531612903225693,-0.0302374193548387,-0.005988571428571343
2023-09-21,2023-09-05,16,7.685844854587629e-07,-0.1553415868072433,0.00045392817245337724,-0.013038578625177433,0.05361659555376219
2023-09-22,2023-09-05,17,6.013651806248379e-07,-0.1549581725573953,-0.00015726027026197187,-0.0077934126757797095,0.03440049600942663
2023-09-23,2023-09-05,18,9.745722309138198e-07,-0.15509106406356155,-0.012326177492741452,0.016760636304389287,0.032002606867258976
2023-09-24,2023-09-05,19,2.8769713811928533e-06,-0.16550556157311747,0.0021498469619840588,0.02509031033534259,0.05829655011090207
2023-09-25,2023-09-05,20,3.5429866654517307e-06,-0.16371152623987295,-0.0031606386816709353,0.025004932557961768,0.04202957557952325
2023-09-26,2023-09-05,21,4.257049755069043e-06,-0.16635473193907468,0.005770799495226742,0.06753574429088616,0.06519111864347327
2023-09-27,2023-09-05,22,3.216746101469135e-06,-0.16154393224695052,0.024585759900564774,0.04252532610068083,0.06004931560661109
2023-09-28,2023-09-05,23,5.162203986111549e-09,-0.1409298526780023,-0.004234793250828317,0.014990716613764166,0.03314633333074268
2023-09-29,2023-09-05,24,6.333844961994852e-10,-0.14456783713986965,0.002066379851161315,0.03239347737537046,0.02538971329351214
2023-09-30,2023-09-05,25,4.776616085832061e-15,-0.14280018935450012,0.03820149125305594,0.016609327897647574,0.01585754468418421
2023-10-01,2023-09-05,26,1.2883618593337995e-13,-0.11005387828600477,-0.017792578530660186,-0.00219629708883462,-0.03990523199549023
2023-10-02,2023-09-05,27,8.079359670421186e-13,-0.12588831454465743,-0.0024750395624435484,0.016809173904172248,-0.026728245020551267
2023-10-03,2023-09-05,28,1.9464895707755038e-14,-0.1280517755481536,0.012838332034101452,0.017887470712589337,-0.020580855130410525
2023-10-04,2023-09-05,29,1.291293613483532e-15,-0.11685741472609568,-0.013254101993011136,-0.0067840065201341115,-0.03333828919199222
2023-10-05,2023-10-05,0,3.3541254462248516e-05,-0.12856267662568754,0.01899644623808716,-0.0007395006054273789,-0.009348279977045126
2023-10-06,2023-10-05,1,1.8483286311413697e-05,-0.1120084643623449,0.0009158253401495564,-0.03779193722837171,0.02039626810124484
2023-10-07,2023-10-05,2,1.768723191688687e-05,-0.11119521921216957,-0.0014171931063320375,-0.042817688945070986,0.015711456335822493
2023-10-08,2023-10-05,3,1.0695201813357125e-05,-0.11245482722037703,-0.01171076456860598,-0.03779231688161888,0.014433831654848905
2023-10-09,2023-10-05,4,6.836388292920214e-06,-0.1228486597828019,-0.007248971733359588,-0.026735657546976932,0.040724360749427646
2023-10-10,2023-10-05,5,5.894499853370767e-06,-0.12920710505391486,-0.018787796475517426,-0.008615150280466,0.08320226417408905
2023-10-11,2023-10-05,6,2.6991468824840996e-05,-0.14556738473648856,-0.004312102612340163,0.06047362060343375,0.11290125735241574
2023-10-12,2023-10-05,7,1.1513474516269053e-05,-0.14925178584883492,0.0038255386939205493,0.061147332754600825,0.12080996635603691
2023-10-13,2023-10-05,8,1.6268087572340676e-05,-0.14599721563681578,-0.00035440399076769324,0.05427741791378149,0.23110676792494966
2023-10-14,2023-10-05,9,3.580131257632313e-05,-0.1462998776317208,0.011234344090378379,0.0693131509640823,0.26329970267178315
2023-10-15,2023-10-05,10,2.6457886795564215e-05,-0.13670911670703745,0.04959205130707445,0.09261530926212003,0.27037856091978574
2023-10-16,2023-10-05,11,1.950153037353644e-05,-0.09389675092984318,-0.003679548419376566,0.04943794520711364,0.19827106486208468
2023-10-17,2023-10-05,12,1.3956662403466346e-05,-0.09723080170775122,-0.00267327231280845,0.05622464643675795,0.19355287434000168
2023-10-18,2023-10-05,13,1.1245334714614427e-05,-0.09964414961040213,0.013902189265536657,0.16772563559322018,0.20342514124293776
2023-10-19,2023-10-05,14,6.447872026677728e-05,-0.08712723217195273,0.0332708660775638,0.18141229398778513,0.20241828729202882
2023-10-20,2023-10-05,15,0.00010324851915701242,-0.05675516456769081,0.00811485642946308,0.16269518663226057,0.161976592434403
2023-10-21,2023-10-05,16,0.0002824220845324088,-0.049100868150325105,0.002763642685674972,0.14182174404375836,0.15814114437408477
2023-10-22,2023-10-05,17,0.00013793504291541552,-0.0464729227197741,0.10261012267749958,0.1300180111934799,0.1810111608050824
2023-10-23,2023-10-05,18,0.00036860567340081654,0.0,0.02578591647593509,0.030571826601701435,0.05659511841400611
2023-10-24,2023-10-05,19,9.337381116571784e-05,0.0,0.0169007624091575,0.017780408593294217,0.02340760899845007
2023-10-25,2023-10-05,20,0.0003417691844594731,0.0,-0.009983461874620403,-0.0006180417757974954,0.016408255437941444
2023-10-26,2023-10-05,21,0.0004807422195584156,-0.009983461874620403,-0.007602558704320916,0.014292423852895864,0.025188233895511836
2023-10-27,2023-10-05,22,0.000373773876275443,-0.01751012072396707,0.005575943835746777,0.045125961804578285,0.03405137846608142
2023-10-28,2023-10-05,23,0.0003496803291232914,-0.012031812337934378,0.013053901000557477,0.02525131304832584,0.03867609518500048
2023-10-29,2023-10-05,24,0.0004828602693774985,0.0,-0.0014817865665446295,0.005528894403590945,0.03182626139398592
2023-10-30,2023-10-05,25,0.0010206246747329131,-0.0014817865665446295,0.004787274621149917,0.0170368266843568,0.06457947603940606
2023-10-31,2023-10-05,26,0.0010019940804088863,0.0,0.022565392322177802,0.010742276868466627,0.07684404371045184
2023-11-01,2023-10-05,27,0.0008953177403141477,0.0,-0.013546601591183705,-0.010596410139285806,0.048235489081045024
2023-11-02,2023-10-05,28,0.001187676617373662,-0.013546601591183705,-0.006433880083877019,0.013094137959949848,0.06074537535355429
2023-11-03,2023-10-05,29,0.0014808647576293656,-0.019893324464879125,0.009945910882288134,0.02615277108072811,0.0502970033511172
2023-11-04,2023-11-04,0,7.557745628094294e-30,-0.010145270814871155,-0.0014314614054447006,0.046746241736440375,0.013950117605720402
2023-11-05,2023-11-04,1,1.3207307449208133e-31,-0.011562209656696631,0.00097709691681791,0.06539923020414795,0.08129583444248056
2023-11-06,2023-11-04,2,5.9613531451297265e-37,-0.010596410139285806,0.010073306323187703,0.05946198277753667,0.03188429864786646
2023-11-07,2023-11-04,3,7.399947476434104e-41,-0.0006298447013572961,0.006373039781779832,0.047035350031300105,0.034317237264654965
2023-11-08,2023-11-04,4,1.3723592589457026e-43,0.0,0.030214132209319677,0.02352888668317954,0.026481050237026293
2023-11-09,2023-11-04,5,3.168432084116426e-51,0.0,0.016363001752808914,-0.03133149451419548,0.01794960313167815
2023-11-10,2023-11-04,6,3.783860943255252e-75,0.0,-0.004601139414014854,0.014920795686408361,0.003944867824810849
2023-11-11,2023-11-04,7,1.1571832978262305e-76,-0.004601139414014854,-0.0017740371667116506,-0.026029894963641165,-0.0373915970913008
2023-11-12,2023-11-04,8,2.8507686703607473e-74,-0.006367013988396786,-0.016220534516795504,-0.012146784505666197,0.009286876556929835
2023-11-13,2023-11-04,9,3.83465172079936e-68,-0.022484272135024574,-0.025004573137704433,0.0028842992046991256,0.022799868249753885
2023-11-14,2023-11-04,10,3.206059667327883e-63,-0.04692663564568078,0.06489262384747163,0.050875090257175515,0.06082440559654967
2023-11-15,2023-11-04,11,1.7502742420321658e-57,0.0,-0.044764146208747246,-0.010814565932875775,-0.002047905077367629
2023-11-16,2023-11-04,12,4.186601051086995e-41,-0.044764146208747246,0.012454819789339933,-0.01166534996188151,0.03550319092366849
2023-11-17,2023-11-04,13,1.0135791471578984e-42,-0.032866855793460825,-0.0012514366120863762,0.021697212426312174,0.017173249955208192
2023-11-18,2023-11-04,14,1.3597089986551067e-41,-0.03407716161888308,0.021651658139197894,0.019858291789838667,0.03420385527276526
2023-11-19,2023-11-04,15,1.923555120028281e-41,-0.013163330533411455,0.0023800945720888755,0.009467647898038223,0.013243625645278145
2023-11-20,2023-11-04,16,1.151141858466277e-41,-0.010814565932875775,-0.04558573069670091,0.008862505000162946,0.007348169953734107
2023-11-21,2023-11-04,17,1.9169551243376676e-30,-0.05590730673935884,0.046631590875071405,0.04772527289590722,0.08228131605563793
2023-11-22,2023-11-04,18,5.957622857473332e-33,-0.011882762519084378,-0.003049052697874255,-0.004427889609643132,0.05458702524624193
2023-11-23,2023-11-04,19,1.9483609002305238e-30,-0.014895584047841637,0.011242742854936427,0.014066232140693025,0.0718067221032288
2023-11-24,2023-11-04,20,3.461285636968151e-30,-0.003820308414029139,0.001779200431038408,0.0037405634099343388,0.11342150849150578
2023-11-25,2023-11-04,21,3.4508916526913024e-30,-0.002047905077367629,-0.008820383545342092,-0.0015010321415687145,0.16655739562056482
2023-11-26,2023-11-04,22,6.704114121755521e-30,-0.01085022531446278,-0.005467130855174918,0.032981969657196686,0.1686433488226029
2023-11-27,2023-11-04,23,2.665585263399758e-29,-0.016258036568035483,0.0154706828452289,0.059277388588904634,0.1619227392213778
2023-11-28,2023-11-04,24,1.1125834204679561e-29,-0.0010388766502368307,0.0009458241348827556,0.05693956482570739,0.16796165512084293
2023-11-29,2023-11-04,25,5.07068682135585e-29,-9.403510996286446e-05,-0.0034521527611939273,0.10927220546807459,0.1547752138179097
2023-11-30,2023-11-04,26,3.58217508424041e-28,-0.003545863247592318,0.025409845625962824,0.16831106808511098,0.16078773278309066
2023-12-01,2023-11-04,27,1.0473879510744577e-29,0.0,0.019849534104810163,0.1313298616532741,0.06646102684106436
2023-12-02,2023-11-04,28,1.0506914637704453e-28,0.0,0.013229540422328379,0.09690129491880306,0.051762278408176376
2023-12-03,2023-11-04,29,9.694667375040259e-29,0.0,0.05050602592898157,0.10504109600007605,0.07246950760352289
2023-12-04,2023-12-04,0,1.6857931598891215e-11,0.0,0.04958717442505667,0.0410205972217923,0.024556632238736498
2023-12-05,2023-12-04,1,7.844053534317133e-12,0.0,-0.007048028149456376,-0.006439496729540584,-0.04839708013827859
2023-12-06,2023-12-04,2,3.782022122026152e-11,-0.007048028149456376,-0.011186469570312108,-0.05733856853863417,-0.03392524545451858
2023-12-07,2023-12-04,3,5.591743201756863e-12,-0.018155655167343854,0.02074843655902936,-0.04115139321990502,-0.04387224962182079
2023-12-08,2023-12-04,4,1.3605189581779875e-12,0.0,-0.010354986383596998,-0.029475454364957576,-0.0342575522984655
2023-12-09,2023-12-04,5,3.2160957265030024e-11,-0.010354986383596998,0.0017365305076681992,-0.015815215402071536,-0.03288701914278391
2023-12-10,2023-12-04,6,4.1211812868228925e-11,-0.00863643762569044,-0.05791592552645597,-0.04222952026638338,-0.0027536275240348518
2023-12-11,2023-12-04,7,1.3172877037676766e-11,-0.06605217587380308,0.005793219467971067,0.02483746794203623,0.06322872781394984
2023-12-12,2023-12-04,8,2.3553378607465015e-11,-0.06064161115700595,0.033178132182793085,-0.002837628779638779,0.059689258680929225
2023-12-13,2023-12-04,9,4.8468527470711365e-12,-0.029475454364957576,0.0035743752541170792,-0.004927333321980809,0.01943430957033554
2023-12-14,2023-12-04,10,1.466891952006173e-11,-0.0260064354455265,-0.02514884155318664,-0.017346136627875985,-0.000714978711020775
2023-12-15,2023-12-04,11,2.0736555762287036e-11,-0.05050124527433042,0.008052636724105389,0.04121644337308017,0.039003774412676995
2023-12-16,2023-12-04,12,1.8922818114454456e-12,-0.0428552767325342,-0.02136759919986808,0.03746082776326154,0.005461465446710667
2023-12-17,2023-12-04,13,4.829144167812782e-12,-0.06330716155558203,0.03101295116695857,0.06270482046373815,0.049648758358076694
2023-12-18,2023-12-04,14,1.1560573411867182e-12,-0.0342575522984655,-0.00895053190741213,0.02448227522281976,-0.002204520626942763
2023-12-19,2023-12-04,15,1.711910970661689e-12,-0.04290146089096036,0.03294872574243679,0.016924736712256916,-0.004944650616106272
2023-12-20,2023-12-04,16,8.081779063708443e-13,-0.011366283617369577,0.004416641305385882,-0.002125080692382486,-0.03500543750442253
2023-12-21,2023-12-04,17,1.3419129079856946e-15,-0.006999843109697035,0.0024449520995490914,-0.03084392341399589,-0.03598165145981247
2023-12-22,2023-12-04,18,4.4783914524910777e-17,-0.004572005291255565,-0.006069725424980743,-0.012285690112861292,0.0047876869724696736
2023-12-23,2023-12-04,19,3.6078992930054877e-17,-0.010613979899476877,-0.016261438793872096,-0.026049055698848744,0.02848257385904951
2023-12-24,2023-12-04,20,3.3693899318092436e-16,-0.026702820108854164,0.013598734633590404,-0.021505413860879563,-0.003402300454740992
2023-12-25,2023-12-04,21,5.082503667980221e-16,-0.013467210039892707,-0.024490472192000512,-0.03295037902631548,0.01319460906693637
2023-12-26,2023-12-04,22,1.4994994714637652e-16,-0.03762786389890738,0.021640629392459365,-0.0053012390572991785,0.03849026545716394
2023-12-27,2023-12-04,23,2.0061542822753893e-16,-0.01680152516391409,-0.01991970775187457,0.017285744384205604,0.012421926898824154
2023-12-28,2023-12-04,24,2.5923279552473454e-15,-0.03638655144473768,-0.011672136108276221,0.05599011929397224,0.032075643693132205
2023-12-29,2023-12-04,25,1.112314310760261e-15,-0.04763397877204023,0.0017431736790995966,0.018500984739801885,0.11610278377681293
2023-12-30,2023-12-04,26,8.069163985574381e-16,-0.045973839390966775,0.0034005469351414686,0.047717290915010535,0.09420250648548145
2023-12-31,2023-12-04,27,3.4398775708066635e-16,-0.04272962865446295,0.04483939155577654,0.04402489098605167,0.10335950740216404
2024-01-01,2023-12-04,28,4.596586275625273e-17,0.0,0.017369122139089255,-0.004781171379065752,0.04888257123488127
2024-01-02,2023-12-04,29,8.23841524454414e-18,0.0,-0.04675916542427505,-0.02264649561004317,-0.04814969482885478
2024-01-03,2024-01-03,0,9.30924870578121e-17,-0.04675916542427505,0.030478772082679795,0.09582887056505474,6.441790603051167e-05
2024-01-04,2024-01-03,1,3.8929866811587064e-16,-0.01770555528733797,-0.00013567045894657959,0.04436809048925161,-0.05478345952875463
2024-01-05,2024-01-03,2,8.66226037028227e-16,-0.017838823625472844,-0.00400474707164622,0.05683256877149012,-0.03701451870886718
2024-01-06,2024-01-03,3,1.6775684691096717e-14,-0.021772130720443372,-0.0008938253724500855,0.053921550789295614,-0.018885643117590223
2024-01-07,2024-01-03,4,2.3720210541630833e-14,-0.02264649561004317,0.06879324874536241,-0.026094140046829972,-0.02624506533494253
2024-01-08,2024-01-03,5,5.687634760823734e-15,0.0,-0.01791312822889546,-0.08738997048840669,-0.11977455664453862
2024-01-09,2024-01-03,6,4.0886159462943304e-13,-0.01791312822889546,0.011797657774886172,-0.09493927564519633,-0.09652938625027108
2024-01-10,2024-01-03,7,1.3075386460785576e-12,-0.00632680341053149,-0.006748190240534524,-0.08880033626277195,-0.10627065337819974
2024-01-11,2024-01-03,8,2.1644344190056303e-11,-0.013032299178037277,-0.07674783056058854,-0.06908217585299359,-0.10269564661940356
2024-01-12,2024-01-03,9,1.1696799139375315e-06,-0.08877992904949494,0.0015253818538460973,-0.0001549690728012143,-0.07514036621786424
2024-01-13,2024-01-03,10,3.1968354690165488e-06,-0.08738997048840669,-0.0260371606696137,-0.035485678558084044,-0.0688571389229693
2024-01-14,2024-01-03,11,7.410341037560636e-08,-0.11115174445550091,0.018660583456239666,-0.0017569104064353303,-0.039477048380932356
2024-01-15,2024-01-03,12,2.3099732997919124e-08,-0.0945653174029798,0.014745560571238991,-0.019172874849156973,-0.05998456873616542
2024-01-16,2024-01-03,13,2.230771746877799e-09,-0.08121417544744491,-0.008388205744593757,-0.03610788180708624,-0.030470618098449198
2024-01-17,2024-01-03,14,3.6211373119567295e-10,-0.08892113997900797,-0.0338647048234878,-0.07499701936361669,-0.015323276315512668
2024-01-18,2024-01-03,15,8.322627918997128e-09,-0.11977455664453862,0.008022019236585853,-0.03459923779565666,0.017024015486056365
2024-01-19,2024-01-03,16,1.1706348013382728e-09,-0.11271337120540892,0.0008884028264701804,-0.03778652551439632,0.03945531136946778
2024-01-20,2024-01-03,17,2.8710165146870004e-09,-0.11192510325649874,-0.00277508367701107,-0.04160946699015078,0.029860389619733585
2024-01-21,2024-01-03,18,9.809066598042148e-09,-0.11438958540641486,-0.048395719803089654,0.005848438432306757,0.024041896733383306
2024-01-22,2024-01-03,19,2.7987266618711256e-07,-0.15724933888578407,0.008329453937801379,0.0645119467691333,0.08883234490884329
2024-01-23,2024-01-03,20,7.404040429334443e-06,-0.1502296860729816,0.004694016682707636,0.05347339188322109,0.08277189605389812
2024-01-24,2024-01-03,21,6.10492630275976e-06,-0.1462408500429384,-0.003088196846292135,0.08027515611871605,0.07300034327157778
2024-01-25,2024-01-03,22,1.942289748825341e-05,-0.14887742635732892,0.04660583582680067,0.07457279068213607,0.06560857073718473
2024-01-26,2024-01-03,23,1.0055135467885857e-06,-0.10921014742165458,0.007104138318376307,0.018087673655319714,0.02116489027343693
2024-01-27,2024-01-03,24,8.009324314312354e-08,-0.10288185309633191,-0.0021265114030820653,0.022846524375347732,0.0232266231535474
2024-01-28,2024-01-03,25,1.4731788477703795e-07,-0.1047895850656344,0.03025476873531141,0.027811337615563314,0.055162539322110904
2024-01-29,2024-01-03,26,1.561525923396861e-07,-0.07770520099235301,-0.008350518558888909,-0.006734222115480137,0.04586203631644237
2024-01-30,2024-01-03,27,4.328836817842227e-09,-0.08540684082823302,-0.008409193057467013,-0.00834212444487914,0.0976144067105873
2024-01-31,2024-01-03,28,1.620109762777575e-09,-0.09309783127274707,0.011811648661343321,0.003022545796148357,0.12144410521371518
2024-02-01,2024-01-03,29,1.3986376701544553e-09,-0.08238582148553042,0.0027170847671955656,0.00037160880849818057,0.12109317516399742
2024-02-02,2024-02-02,0,3.355494510209817e-33,-0.07989258597892612,-0.004372916666666726,0.02661111111111114,0.15549236111111098
2024-02-03,2024-02-02,1,9.054852914919619e-33,-0.08391613902482253,-0.00995580442160382,0.0529528547172371,0.15550640544101535
2024-02-04,2024-02-02,2,2.7874496222102977e-31,-0.09303649077847909,0.0029547085589325395,0.106847869378492,0.21633788038761126
2024-02-05,2024-02-02,3,1.4261788967147345e-30,-0.09035667793514268,0.009137482526979213,0.11806470344449727,0.21474079051809114
2024-02-06,2024-02-02,4,8.00839080588421e-28,-0.08204482797399171,0.029018108329785353,0.1206767218226894,0.20940556556482237
2024-02-07,2024-02-02,5,1.4493548871927649e-33,-0.055407505350254294,0.021173809910348673,0.12554047838086468,0.16444432418781685
2024-02-08,2024-02-02,6,9.40770105810719e-36,-0.03540688342579845,0.04071925305788526,0.09739614671667174,0.1512303855380983
2024-02-09,2024-02-02,7,5.599811386152241e-34,0.0,0.013118685789101692,0.09892055994162874,0.09848689139212508
2024-02-10,2024-02-02,8,4.91236045188792e-35,0.0,0.011495025558578842,0.08646734556216429,0.09440056761007987
2024-02-11,2024-02-02,9,4.214910770601675e-39,0.0,0.03348406490353306,0.07917434351435682,0.07348655765767242
2024-02-12,2024-02-02,10,3.2268080944864794e-36,0.0,-0.004360815405169416,0.034564590571559695,0.02746844929620562
2024-02-13,2024-02-02,11,7.174764300094369e-34,-0.004360815405169416,0.04216493536465804,0.04905634030381334,0.02101747720655256
2024-02-14,2024-02-02,12,4.16982519224163e-31,0.0,0.001637797501195637,-0.00039463139130535563,-0.004381682693579303
2024-02-15,2024-02-02,13,8.30816005177436e-32,0.0,0.004705281418658558,0.0073018504240554005,-0.002913454124903625
2024-02-16,2024-02-02,14,5.709786115561497e-28,0.0,-0.00923699224792518,-0.005270497664132789,0.04512997919772643
2024-02-17,2024-02-02,15,4.9184927415414897e-26,-0.00923699224792518,0.009585683458475325,-0.006859060652205207,0.10446212664573307
2024-02-18,2024-02-02,16,3.9213298302759676e-22,0.0,-0.0069611856456185395,-0.026727699952836304,0.19744706658352773
2024-02-19,2024-02-02,17,2.388569279554963e-21,-0.0069611856456185395,0.009349928044047662,-0.003988625339040874,0.18071074441141466
2024-02-20,2024-02-02,18,1.1278157104855577e-21,0.0,-0.007834658340927003,-0.010141254624578266,0.19382527198279642
2024-02-21,2024-02-02,19,3.838669078417982e-25,-0.007834658340927003,-0.010819220824005882,0.05066751990717733,0.19552573328249379
2024-02-22,2024-02-02,20,8.283794835654598e-24,-0.018569114266261733,-0.010611947102289299,0.11209001954047326,0.230569590562548
2024-02-23,2024-02-02,21,2.979254793436025e-21,-0.028984006910221072,0.016239704478250294,0.23033098396563934,0.3448980818478584
2024-02-24,2024-02-02,22,5.566012342286948e-22,-0.01321499413878846,0.0031149029382824267,0.1854390165105564,0.23572250506222625
2024-02-25,2024-02-02,23,1.5064472442875012e-25,-0.010141254624578266,0.05311581448263403,0.20605619494730698,0.277315076596522
2024-02-26,2024-02-02,24,7.103274152989036e-25,0.0,0.04700873606531397,0.13787255304905033,0.22664280560028938
2024-02-27,2024-02-02,25,1.0103106186396536e-33,0.0,0.09458295215029322,0.10653775228648477,0.19437880518271022
2024-02-28,2024-02-02,26,2.4911383241902975e-42,0.0,-0.020840561185672013,0.09311892439946767,0.09420106003161854
2024-02-29,2024-02-02,27,3.0449469165345102e-46,-0.020840561185672013,0.02056109684484042,0.04241760887850976,0.12800220117524708
2024-03-01,2024-02-02,28,1.6974310402860743e-41,-0.0007079691376711272,-0.006421437490282567,0.05908421344523518,0.15532178515385198
2024-03-02,2024-02-02,29,1.0474346968645396e-41,-0.007124860448391113,0.018176148396896963,0.07801423130680996,0.1526882612045568
2024-03-03,2024-03-03,0,2.0691016268919197e-39,0.0,0.08130909844524137,0.07938369270701884,0.1577850355475976
2024-03-04,2024-03-03,1,5.785835014647545e-46,0.0,-0.0662561793261438,0.0009899523354655049,0.04605754706046716
2024-03-05,2024-03-03,2,1.0163027728980383e-30,-0.0662561793261438,0.03687825044280779,0.08210202088663299,0.09063836378156376
2024-03-06,2024-03-03,3,1.3390492904096492e-32,-0.03182134085790911,0.011337735667442228,0.09086866793675719,-0.011705202224655764
2024-03-07,2024-03-03,4,1.1487912149216685e-38,-0.02084438714169734,0.01946959415424332,0.06926998524613537,0.023499483786836084
2024-03-08,2024-03-03,5,1.3644186952113988e-35,-0.0017806247454968949,0.002775519239201163,0.07263528564523125,-0.007547979653042436
2024-03-09,2024-03-03,6,5.92644764174458e-36,0.0,0.009406810711886537,0.04502302407716674,-0.09333281806009286
2024-03-10,2024-03-03,7,1.0664963704418102e-42,0.0,0.04527851721999632,0.007888667362377255,-0.016175125312011263
2024-03-11,2024-03-03,8,6.120266268043597e-38,0.0,-0.008686272251904659,-0.0940295318550296,-0.09124588467232086
2024-03-12,2024-03-03,9,4.028459809259623e-42,-0.008686272251904659,0.02267815838910625,-0.04280537384462657,-0.10714002307282877
2024-03-13,2024-03-03,10,2.7052915251843578e-48,0.0,-0.02303838069662678,-0.07475352188329354,-0.12429314976747041
2024-03-14,2024-03-03,11,1.2558271842817712e-49,-0.02303838069662678,-0.026461942143979122,-0.13239501805181586,-0.0585377791013566
2024-03-15,2024-03-03,12,4.557450470258405e-51,-0.0488906825435208,-0.06042056205876711,-0.023875447213195566,0.005469939863179452
2024-03-16,2024-03-03,13,3.476007470102976e-42,-0.10635724208357167,0.04736324902225286,0.003072558411764126,0.07178139016422969
2024-03-17,2024-03-03,14,9.168459710568612e-44,-0.064031417603443,-0.011455624132592601,-0.06721166988432226,0.0157399506502669
2024-03-18,2024-03-03,15,1.5843714555219193e-44,-0.07475352188329354,-0.08390165417862072,-0.053542087493283264,0.04689558451347198
2024-03-19,2024-03-03,16,1.5554647831193172e-28,-0.15238323192022818,0.09530768162693293,0.08512772573598504,0.12776028699945408
2024-03-20,2024-03-03,17,1.7826193992818736e-29,-0.07159884284643148,-0.034481462477213065,0.030063158428496495,0.025673008649256923
2024-03-21,2024-03-03,18,2.986806809027505e-26,-0.10361147251062341,-0.026024380901316868,0.06849836652022168,0.0882233275782287
2024-03-22,2024-03-03,19,1.95091537774905e-24,-0.12693942898557753,0.003031037371247214,0.08892866458170845,0.09174715157412683
2024-03-23,2024-03-03,20,4.183208148081664e-24,-0.12429314976747041,0.05032004214407837,0.10611953334590818,0.023034533046642602
2024-03-24,2024-03-03,21,1.2072186648751537e-25,-0.08022754415791133,0.039726534701165495,0.03928805821872583,-0.018549474564718782
2024-03-25,2024-03-03,22,2.3942843254619685e-29,-0.043688171773724305,0.0015453632591067024,-0.0042620199968489425,-0.01992300802475555
2024-03-26,2024-03-03,23,1.8181832535970913e-28,-0.04221032261013424,-0.007401411670572067,0.018460450362919323,-0.03096788020803576
2024-03-27,2024-03-03,24,1.552591631771328e-28,-0.04929931830632106,0.018865844086057848,0.0025883118739473687,-0.00826241662047178
2024-03-28,2024-03-03,25,6.626566818325536e-28,-0.0313635474729792,-0.01314004119772949,-0.07511394365122659,-0.020064961302955986
2024-03-29,2024-03-03,26,1.8283935429168825e-25,-0.04409147036480676,-0.0038419173280550556,-0.05565110878169299,0.025332087625951072
2024-03-30,2024-03-03,27,2.44129452939112e-24,-0.047763991908847836,0.024400356528065048,-0.01572802116863825,-0.006268558990247142
2024-03-31,2024-03-03,28,3.006890490121286e-25,-0.024529093812562186,-0.022870507453632394,-0.048532400598709224,-0.009103954951745874
2024-04-01,2024-03-03,29,2.5604316692682676e-23,-0.04683860844332355,-0.0600979471584987,-0.01082271593026829,0.005117459059466034
2024-04-02,2024-04-02,0,9.77598741061692e-22,-0.10412165138661778,0.007626941162614864,0.05951974513010905,0.025243343706975452
2024-04-03,2024-04-02,1,8.342347063955914e-20,-0.09728883993288306,0.03827144435510177,0.08575559007981415,-0.030907650438243728
2024-04-04,2024-04-02,2,1.7648672529224627e-22,-0.06274078000164507,-0.009741444423889245,0.009610618184642927,-0.04126209941947312
2024-04-05,2024-04-02,3,5.412508255839445e-23,-0.07187103860403687,0.01585623959202964,0.04143960936953994,-0.06488631333656336
2024-04-06,2024-04-02,4,2.5249524208141446e-22,-0.05715440341984068,0.006740449372967916,0.0161145784951231,-0.07406250000000003
2024-04-07,2024-04-02,5,2.642475174637682e-22,-0.050799200409566425,0.03257781566683815,-0.03235088499358196,-0.11653654196581065
2024-04-08,2024-04-02,6,3.099471745497462e-22,-0.019876311729693952,-0.034543423624685876,-0.10744889695615745,-0.1137939123149958
2024-04-09,2024-04-02,7,2.5127599952569885e-19,-0.053733139498204685,0.02147745350417951,-0.05038845341740672,-0.07705420414774533
2024-04-10,2024-04-02,8,1.355699715502158e-20,-0.03340973699923133,-0.008846672031632585,-0.10209513998653286,-0.0805663738965906
2024-04-11,2024-04-02,9,7.24170712397419e-20,-0.04196084404496869,-0.04127789769567636,-0.08874695866353599,-0.07235184639995607
2024-04-12,2024-04-02,10,4.095253740963751e-18,-0.08150668631293256,-0.047559229828960214,-0.08700019011712767,-0.004428119932320618
2024-04-13,2024-04-02,11,1.3049004028012182e-14,-0.12518952091493907,0.027177838359652595,-0.0071088538652858135,0.038944217171160034
2024-04-14,2024-04-02,12,3.403204226909354e-13,-0.101414063119035,-0.034142357265650736,-0.028080693443863214,-0.020898744232570987
2024-04-15,2024-04-02,13,1.4896681394818313e-11,-0.1320939052099145,0.005887733504845949,0.023976667293703402,0.017003313939343068
2024-04-16,2024-04-02,14,4.834820484612965e-11,-0.1269839054165588,-0.03944013635268473,0.017991832696146126,-0.0003664956510384121
2024-04-17,2024-04-02,15,1.6499960319271559e-09,-0.16141577922501804,0.03578335689015377,0.09044040238672135,0.03565117106037685
2024-04-18,2024-04-02,16,4.318159011904559e-12,-0.13140842077057535,0.005481795516879773,0.04638279958052682,-0.005537412273625586
2024-04-19,2024-04-02,17,2.298284837157851e-14,-0.12664697934555602,0.017590332258871744,0.007389450094103411,0.0007519820815471423
2024-04-20,2024-04-02,18,7.168365467272845e-13,-0.11128440953295515,8.623266280816111e-06,-0.0068100705583364896,-0.0657306932382351
2024-04-21,2024-04-02,19,4.773513063782438e-13,-0.11127674590177061,0.028921107802987844,-0.018033866046412772,-0.10126368258030538
2024-04-22,2024-04-02,20,1.2750941767410843e-14,-0.08557388486297357,-0.0060659102786441155,-0.0502450488870585,-0.11611477039874107
2024-04-23,2024-04-02,21,5.272478848962658e-14,-0.09112071163384383,-0.031987382178456425,-0.049618755081759836,-0.05318140753455591
2024-04-24,2024-04-02,22,2.9683072375679947e-12,-0.1201933807848955,0.003247026462604552,-0.006588780547519435,-0.006183738300399755
2024-04-25,2024-04-02,23,9.831737618923657e-13,-0.11733662541032941,-0.0112922286061935,-0.05932462757956247,-0.007540349100457422
2024-04-26,2024-04-02,24,2.211582376385672e-11,-0.12730386201851018,-0.004830326982856015,-0.08475833703021218,-0.009484395564623549
2024-04-27,2024-04-02,25,7.64014206514431e-11,-0.1315192697216364,-0.0054104835682718955,-0.06935443867336011,-0.018119510295770858
2024-04-28,2024-04-02,26,2.408732537056591e-08,-0.13621817044216822,0.01184087991784355,-0.0037486561017968656,-0.030507479409404126
2024-04-29,2024-04-02,27,3.7868836064419063e-10,-0.12599023352315875,-0.05001096044843889,0.0004077286819277326,-0.01240080794162779
2024-04-30,2024-04-02,28,3.748514073099106e-08,-0.16970030138598147,-0.03802462420886077,0.05505010548523215,0.002109539820674966
2024-05-01,2024-04-02,29,6.380084735940886e-08,-0.2012721354065098,0.011918793070569533,0.0822448807906524,0.04216604583194328
2024-05-02,2024-05-02,0,4.121325538184582e-09,-0.19175226326872208,0.06470302287768459,0.05505310561472365,0.0410320855135089
2024-05-03,2024-05-02,1,4.2719035547385815e-11,-0.13945619146816157,0.016062304624168355,-0.026859510375065954,0.0009234755695626262
2024-05-04,2024-05-02,2,4.669525236509916e-13,-0.12563387467308118,0.0018775421789631874,-0.012803316344258242,-0.036225952403460604
2024-05-05,2024-05-02,3,4.576563573109649e-14,-0.12399221539292327,-0.013228925826407556,-0.050178247828532196,0.034282634506030085
2024-05-06,2024-05-02,4,7.802437804991546e-14,-0.13558085739884584,-0.013506014942723965,-0.037033055706790496,0.0327715312817074
2024-05-07,2024-05-02,5,2.722709346351591e-13,-0.14725571525559378,-0.01795879707433945,-0.013289397497243005,0.07561808240071577
2024-05-08,2024-05-02,6,1.6146375866255657e-11,-0.16256997682162122,0.030738468090238502,0.028549820134744053,0.09351015957209508
2024-05-09,2024-05-02,7,6.662013511033715e-14,-0.13682866077634503,-0.03605320162773862,-0.023726412828358412,0.0507340503640088
2024-05-10,2024-05-02,8,4.845637478779496e-13,-0.1679487511086606,0.0004276316492815013,0.08892287646757846,0.17510907485346627
2024-05-11,2024-05-02,9,2.36778892202665e-13,-0.16759293966081046,0.010817744191257805,0.07248907909267066,0.15326261027564048
2024-05-12,2024-05-02,10,2.4553701849982226e-14,-0.15858817301906436,0.02368242529478004,0.09010491999624626,0.1249533415121562
2024-05-13,2024-05-02,11,1.5088704860063133e-17,-0.1386615002844439,-0.021649003306001613,0.06315721238358751,0.0799104481595827
2024-05-14,2024-05-02,12,3.2730834687327104e-15,-0.15730862031237236,0.0751737363767182,0.07627007856279944,0.11323131228635663
2024-05-15,2024-05-02,13,6.581906083161671e-19,-0.09396036068880176,-0.014670613912531216,0.07914811989759296,0.046582586301949336
2024-05-16,2024-05-02,14,9.61434905716821e-18,-0.10725251842658545,0.027420621471134998,0.07531408268632833,0.050164014188043504
2024-05-17,2024-05-02,15,1.023076215926423e-19,-0.08277282766505178,-0.0016232991167343114,0.03196795177846745,0.03599352470756734
2024-05-18,2024-05-02,16,1.4418872761601485e-21,-0.08426176172374777,-0.009582127827459264,0.01575800416048967,0.02216521806704619
2024-05-19,2024-05-02,17,8.489469283019903e-20,-0.09303648257940322,0.07804884599558704,0.03434196904638798,0.020798650934204854
2024-05-20,2024-05-02,18,2.398562600321771e-22,-0.022249026684627027,-0.018171328468722492,-0.03017707485672505,-0.04331135608654402
2024-05-21,2024-05-02,19,4.6430237311967684e-20,-0.04001606078135378,-0.013994914206095221,-0.023388579116768837,-0.03718306092489143
2024-05-22,2024-05-02,20,1.9742975015234823e-19,-0.05345095364994812,-0.017305602037514634,0.0039008701017917424,-0.02023765220853624
2024-05-23,2024-05-02,21,2.3117301140284362e-14,-0.06983155475507119,0.008538222574340226,0.006307815326399346,-0.0030016338174463364
2024-05-24,2024-05-02,22,1.5731405049178952e-13,-0.06188956953794189,0.010803502670095222,-0.013093656177046942,0.0037915395757168735
2024-05-25,2024-05-02,23,2.0903120400405253e-13,-0.05175469099760077,-0.011298795781301996,-0.013542968401039412,0.018000573526816055
2024-05-26,2024-05-02,24,1.5261242580906143e-13,-0.06246872109459656,0.01355702215532939,-0.014124841787788167,0.037956771847590165
2024-05-27,2024-05-02,25,7.938623030816921e-14,-0.049758588775161705,-0.014949501292044975,-0.024044726953848072,0.019624136782377954
2024-05-28,2024-05-02,26,1.9371649529347288e-13,-0.0639642239800221,-0.010906250863507161,-0.009251094945363358,0.013994627651323421
2024-05-29,2024-05-02,27,5.907738198007282e-12,-0.07417286497051356,0.01034331070492378,0.017109217970325385,0.024508214192485722
2024-05-30,2024-05-02,28,1.0072905175259267e-13,-0.06459674725385411,-0.011881992919902995,0.03197660001138214,0.018960188096442288
2024-05-31,2024-05-02,29,2.507538216149407e-10,-0.07571120208023807,0.0033586018124664996,0.05282779792303849,0.029611929284582672
2024-06-01,2024-06-01,0,1.0413082007219219e-11,-0.07260688404830218,-1.8002902599123516e-05,0.044744738762388936,-0.006678929299502645
2024-06-02,2024-06-01,1,2.517344806060268e-11,-0.07262357981623979,0.015410024226145236,0.023462778992831668,0.007354170543386163
2024-06-03,2024-06-01,2,4.582997998120652e-12,-0.05833268671445224,0.025111793506457758,0.007274534623651796,-0.029601699755413047
2024-06-04,2024-06-01,3,1.983339818854365e-14,-0.034685731591444835,0.00808303741651284,-0.012613088237462322,-0.06370835852075984
2024-06-05,2024-06-01,4,6.466519864890354e-14,-0.02688306024120468,-0.004344658828823844,-0.022050964729706912,-0.06862448669629295
2024-06-06,2024-06-01,5,8.142811405999144e-14,-0.031110921345005704,-0.020388123797123736,-0.04922127497172979,-0.05822379562666513
2024-06-07,2024-06-01,6,1.851470934368667e-12,-0.0508647518263049,-0.0006508486697541782,-0.015739320256763722,-0.041110883620068206
2024-06-08,2024-06-01,7,5.265203313906656e-13,-0.051482495239995485,0.004871991904252138,-0.036609914289993384,-0.05966112474221075
2024-06-09,2024-06-01,8,2.2333882724184975e-11,-0.046861325635763285,-0.0015526617078359672,-0.05174797202050185,-0.06710545321095429
2024-06-10,2024-06-01,9,8.669330951570324e-14,-0.0483412275577062,-0.032006902502156986,-0.04762366983031352,-0.06715573770491812
2024-06-11,2024-06-01,10,5.960722294683911e-11,-0.07880087710258898,0.014109198885703833,-0.00946857603978013,-0.047102663567173964
2024-06-12,2024-06-01,11,7.92687058856867e-12,-0.06580349546429354,-0.021841383722223218,-0.025777280232227917,-0.05862505253501882
2024-06-13,2024-06-01,12,1.6867738901745063e-10,-0.08620763979181756,-0.010917884336799966,-0.023927182554747684,-0.053359882982660145
2024-06-14,2024-06-01,13,1.0568983945248219e-09,-0.09618431908842195,0.0027899586321176173,-0.01619556904420827,-0.08707363077245944
2024-06-15,2024-06-01,14,5.944330044834657e-07,-0.09366271072761945,0.006773846508098869,-0.02050877080399982,-0.06677271406084262
2024-06-16,2024-06-01,15,2.264705458882758e-08,-0.08752332104552196,-0.002587703951910103,-0.03799383504354659,-0.08716485941826602
2024-06-17,2024-06-01,16,1.3634208592233936e-09,-0.08988454055367823,-0.019983811580388866,-0.03371690234305047,-0.07214357320793996
2024-06-18,2024-06-01,17,2.193892363966563e-09,-0.1080721164116526,-0.0030832222994838787,-0.030154205610344542,-0.07284168301743676
2024-06-19,2024-06-01,18,1.5168822151399785e-10,-0.11082212835186356,-0.0016064796011104887,-0.07204486938465116,-0.061373276878252225
2024-06-20,2024-06-01,19,4.505574685591625e-09,-0.1122505744644251,-0.011198244365383747,-0.047232626365442565,-0.03234130296613269
2024-06-21,2024-06-01,20,1.265792446611758e-08,-0.12219180946680153,0.0018466390078755168,-0.05111300339426128,-0.019387293128102057
2024-06-22,2024-06-01,21,5.1602175926064834e-08,-0.12057081462073038,-0.016370480786393027,-0.0397675080502462,-0.03309171312879877
2024-06-23,2024-06-01,22,8.613439048063642e-07,-0.13496749320297496,-0.04614316624851034,-0.04401470589863865,-0.04748346029370987
2024-06-24,2024-06-01,23,4.9673505126013935e-06,-0.17488283197447574,0.025089189014368074,0.011500116928414794,-0.05379188068989427
2024-06-25,2024-06-01,24,7.818940484373354e-07,-0.1541813113868833,-0.015225380185519222,0.01562954800026728,-0.0837656402670226
2024-06-26,2024-06-01,25,1.3048273577438758e-06,-0.16705922248903526,0.013825353458531753,0.033434655949175385,-0.04329023959422318
2024-06-27,2024-06-01,26,8.247551907056585e-06,-0.15554352182992193,-0.020721165868020086,0.006952269348740936,-0.09478195722425875
2024-06-28,2024-06-01,27,8.30650812554697e-05,-0.17304164458240812,0.009248055201046546,-0.0036284599945983764,-0.061448828884169804
2024-06-29,2024-06-01,28,1.9075427137532507e-05,-0.16539388806253963,0.029274097229099905,-0.06454966887851576,-0.04815280976108227
2024-06-30,2024-06-01,29,6.944101655168791e-08,-0.1409615475936814,0.002038806786655245,-0.09786559327955247,-0.08038869553484118
2024-07-01,2024-07-01,0,1.3284423355828755e-08,-0.13921013416691752,-0.01215453293394797,-0.07424261911647367,-0.08839588050808911
2024-07-02,2024-07-01,1,3.8752993884348744e-07,-0.14967263294039435,-0.031011111688702075,-0.10103182610512162,-0.0683405146850905
2024-07-03,2024-07-01,2,1.1395669662809184e-05,-0.17604222989223983,-0.05246046327616427,-0.05803093180407182,-0.016684665208845706
2024-07-04,2024-07-01,3,9.222857851169312e-05,-0.2192674362320881,-0.007383346646214428,0.017528305428868407,0.06569499286678471
2024-07-05,2024-07-01,4,1.01205391792562e-06,-0.22503185538837434,0.02827784241902398,0.01937283138135215,0.1429546702304605
2024-07-06,2024-07-01,5,7.77735486426017e-05,-0.20311742831528345,-0.040740420809639244,-0.015288305212438957,0.1170160533730562
2024-07-07,2024-07-01,6,0.000125538905574577,-0.23558275962158637,0.015339126256471713,0.03636537128827655,0.14734161615000652
2024-07-08,2024-07-01,7,0.0008462622970368731,-0.22385726705879827,0.023545604290392763,0.04389344405375528,0.1282438284872578
2024-07-09,2024-07-01,8,0.0002524578944029932,-0.20558251739610067,-0.005583979328165345,0.04733695090439283,0.14832041343669244
2024-07-10,2024-07-01,9,0.002128232309489328,-0.21001852819689404,-0.0066860860429079905,0.12123320834600104,0.1630830901580489
2024-07-11,2024-07-01,10,0.0007711950228230947,-0.21530041228967267,0.009578148824491928,0.13435847191196215,0.18879439775695417
2024-07-12,2024-07-01,11,0.0049591204708002625,-0.20778444285606568,0.02271446610847283,0.1070821622723448,0.1665755729489662
2024-07-13,2024-07-01,12,0.013212330115059606,-0.1897896894327148,0.026921989418961845,0.08080363461805473,0.11370832588732993
2024-07-14,2024-07-01,13,0.06231565508232773,-0.16797721602448856,0.06457837119729937,0.09641926835971826,0.07530012133640773
2024-07-15,2024-07-01,14,0.05444952023719449,-0.11424653983630761,0.0049417419837483045,0.037324868279439594,0.016621464572569078
2024-07-16,2024-07-01,15,0.16179592515763602,-0.10986937477496639,-0.014697745325894074,0.04798829223115009,0.04403173913531444
2024-07-17,2024-07-01,16,0.9475818636026332,-0.12295228801130287,-0.001561447004345129,0.053738929868138996,0.05942626691834163
2024-07-18,2024-07-01,17,0.9782042095943256,-0.12432175153385527,0.041759132036171875,0.030444652678192963,0.06660569682527595
2024-07-19,2024-07-01,18,0.08175019162847906,-0.08775418793495393,0.007200120012001321,-0.01926192619261924,0.0018705370537053234
2024-07-20,2024-07-01,19,9.682464415716772e-05,-0.08118590860763997,0.015272276003738927,-0.019958456930865176,-0.014178739457098355
2024-07-21,2024-07-01,20,2.486276492848013e-07,-0.06715352620777126,-0.009291085469536275,-0.003775379100287468,-0.05189352829458482
2024-07-22,2024-07-01,21,2.6630660651238964e-07,-0.07582068252573038,-0.023633237038257815,0.005397292335886483,-0.032251224271275136
2024-07-23,2024-07-01,22,2.5235725786674926e-05,-0.09766203140145524,-0.00849323457697837,0.03509266029291136,-0.06730282890942285
2024-07-24,2024-07-01,23,0.000338142918938798,-0.1053257994364768,0.006484795643661334,0.021547509789525243,-0.07155546377875677
2024-07-25,2024-07-01,24,7.296316376071529e-06,-0.09952402007816641,0.0320371064111753,0.005897420894696692,-0.11609355326257842
2024-07-26,2024-07-01,25,3.070887660504318e-08,-0.07067537528870338,-0.00016919953012906053,-0.04830050189970292,-0.20452939337477083
2024-07-27,2024-07-01,26,7.47256288726979e-09,-0.07083261657854178,0.005204686544961978,-0.03744640739949778,-0.17489104740303252
2024-07-28,2024-07-01,27,3.8816210828639515e-09,-0.06599659160003069,-0.02146802309396001,-0.09892398345608822,-0.19217205949666138
2024-07-29,2024-07-01,28,1.054353074235322e-05,-0.08604779834139864,-0.008934532749946156,-0.09113915180260634,-0.07634534202374832
2024-07-30,2024-07-01,29,7.758863741870053e-06,-0.0942135342190028,-0.023569227050220576,-0.12127575995648754,-0.08083051308394273
2024-07-31,2024-07-31,0,1.82281241941198e-05,-0.11556222109001202,0.011233830537847433,-0.16415779538280628,-0.05732020177013053
2024-08-01,2024-07-31,1,7.982442992653044e-06,-0.10562659696046706,-0.05899698289408972,-0.14279167524813308,-0.10162236385764789
2024-08-02,2024-07-31,2,0.00027499351249144486,-0.15839192932051926,-0.013014011925201907,-0.10348524911164247,-0.034987779342951275
2024-08-03,2024-07-31,3,3.9275080040167193e-07,-0.1693446267886881,-0.04179693594466638,0.016277310006476364,-0.0018260901225888304
2024-08-04,2024-07-31,4,2.5310281877759957e-05,-0.2040634762148943,-0.07121937380719046,0.0460272347449322,0.008981791922422211
2024-08-05,2024-07-31,5,0.0009148052344953027,-0.2607495770291415,0.03708337891930613,0.1278202907468715,0.06520413907674016
2024-08-06,2024-07-31,6,2.6806761383902144e-05,-0.23333567347785578,-0.01584823536320812,0.04802719502566921,0.0509190941203288
2024-08-07,2024-07-31,7,4.326116666163251e-05,-0.2454859501691541,0.11883431252058596,0.07640417483462159,0.07904047146088722
2024-08-08,2024-07-31,8,2.9708017620790737e-06,-0.1558237917703823,-0.013747043696631933,-0.0178134451599139,-0.0528262576315951
2024-08-09,2024-07-31,9,1.6547447420179259e-06,-0.16742871899257195,0.0014057006156844576,-0.035415371217885405,-0.02300355419368716
2024-08-10,2024-07-31,10,1.733435526211144e-06,-0.1662583730302586,-0.03629009556409346,-0.05551961796029159,-0.03134602717407453
2024-08-11,2024-07-31,11,0.00016302505343698427,-0.19651493634875328,0.0107992169992841,0.002759374096765299,0.04161696835380635
2024-08-12,2024-07-31,12,0.0005879415054307483,-0.18783792679069988,0.02090278404977952,0.002449169826632014,0.017342178091295457
2024-08-13,2024-07-31,13,0.000107700097771042,-0.17086147836098464,-0.031421844400999266,-0.03564782301197533,0.05694425303055173
2024-08-14,2024-07-31,14,0.0006178712548386129,-0.19691453997480035,-0.019465985179111134,0.012867525206025077,0.09327375258995785
2024-08-15,2024-07-31,15,0.0006181012601065591,-0.21254738963721065,0.023175450712934476,0.025594592800341376,0.11607259233667233
2024-08-16,2024-07-31,16,0.00044201424921588156,-0.1942978204769763,0.010486525598475405,0.03875066667119609,0.06725141232382059
2024-08-17,2024-07-31,17,0.00018412706434497262,-0.1858488039466607,-0.017895518371464747,0.014856621874642206,-0.001294123797169977
2024-08-18,2024-07-31,18,0.000327576603668598,-0.2004184616327832,0.017306107499313272,0.0960147944413019,0.010398383633692054
2024-08-19,2024-07-31,19,5.138839235167295e-05,-0.18658081757533385,-0.007145200501358473,0.0793847422125391,-0.0013373486881398389
2024-08-20,2024-07-31,20,1.7368042351332297e-05,-0.19239286072540918,0.03630049242719502,0.0882200434474647,0.0018671903859774908
2024-08-21,2024-07-31,21,1.3930099929758631e-06,-0.16307632388202342,-0.012757368324922358,0.027437523331713898,-0.0356798830793954
2024-08-22,2024-07-31,22,7.322310248762783e-07,-0.1737532674781085,0.06064346268308651,-0.015914312744965464,-0.0509140742389671
2024-08-23,2024-07-31,23,3.1786796476235725e-08,-0.12364680458739497,0.0018703179587378216,-0.07811610868925634,-0.07659777342059093
2024-08-24,2024-07-31,24,1.3729493512109858e-08,-0.12200774546781745,0.0009818100937060148,-0.0747852806731486,-0.10395247534135399
2024-08-25,2024-07-31,25,7.610252095928482e-09,-0.12114572381012212,-0.021582061663033336,-0.07935238243537845,-0.09730769230769232
2024-08-26,2024-07-31,26,1.3922287732325326e-08,-0.1401132109916725,-0.05441321577489899,-0.061431868096890274,-0.10589808065696915
2024-08-27,2024-07-31,27,5.137142794483956e-07,-0.18690241638396765,-0.006397374400403888,-0.03556576622065133,-0.09176184465202386
2024-08-28,2024-07-31,28,0.00013175825932452233,-0.19210410605042316,0.0054901422717748005,0.0016469918641346393,-0.08256200992971952
2024-08-29,2024-07-31,29,8.344260911805725e-05,-0.18766864265185723,-0.003959297838693754,-0.03152478452723517,-0.07562558742135361
2024-08-30,2024-08-30,0,1.993912197728519e-05,-0.19088490443930894,-0.0025370412247210927,-0.019502912438757902,-0.03521396306304769
2024-08-31,2024-08-30,1,2.218946725067163e-05,-0.19293766279229063,-0.028353686091105557,-0.04737664858694479,-0.02268796803472173
2024-09-01,2024-08-30,2,1.0860560686534139e-05,-0.21582085495743197,0.03194084799341579,-0.058268440151855394,0.0006306950594623384
2024-09-02,2024-08-30,3,7.01900428225674e-06,-0.19077350808602045,-0.0278089086254798,-0.08407053830125855,-0.016908066731233906
2024-09-03,2024-08-30,4,1.7063535166517205e-06,-0.21327721365697394,0.008404750022309004,-0.045536325751599604,0.05236369569645549
2024-09-04,2024-08-30,5,2.350880259560617e-06,-0.20666500530090637,-0.030893086013844884,-0.01602355664652444,0.03488181139157742
2024-09-05,2024-08-30,6,2.6660328830853156e-06,-0.23117357152993867,-0.03946297614809535,0.02591651833392672,0.0525453898184407
2024-09-06,2024-08-30,7,0.0006656297500139506,-0.261513750538678,0.0036671443399056702,0.06254344414327084,0.0787766129254932
2024-09-07,2024-08-30,8,0.0002473842165584531,-0.2588056148688678,0.013092295801802267,0.07332712220596194,0.11360842497700374
2024-09-08,2024-08-30,9,4.4110545104577e-05,-0.2491016787320961,0.03958541970605056,0.10257071493595316,0.1255703713963654
2024-09-09,2024-08-30,10,2.7462173644990917e-06,-0.2193770535281374,0.010413204305599333,0.05173433610322209,0.10353756880894771
2024-09-10,2024-08-30,11,7.941526040946176e-07,-0.21124826730088697,-0.005170207018218909,0.02595617772853398,0.09655529470388213
2024-09-11,2024-08-30,12,3.1304157744736464e-06,-0.21532627704492024,0.013853291011196811,0.01527765181903784,0.10483379259827696
2024-09-12,2024-08-30,13,8.512595862734444e-05,-0.20445596361198437,0.04069474605520651,0.03752938124609506,0.09369039460320883
2024-09-13,2024-08-30,14,1.0482849459723745e-05,-0.17208150107544018,-0.008346887500413236,0.0208600284306919,0.04697659426757905
2024-09-14,2024-08-30,15,7.250934661944959e-06,-0.1789920436454745,-0.014352167243428138,0.04925505512890416,0.07116943418260413
2024-09-15,2024-08-30,16,6.530012380301973e-07,-0.19077528714325975,-0.01552475816816612,0.06881299465602386,0.06798366366772646
2024-09-16,2024-08-30,17,8.799207948933968e-06,-0.20333830511406437,0.03607380287796791,0.08820852169727589,0.11955888953840832
2024-09-17,2024-08-30,18,6.955993166823725e-08,-0.1745996881723212,0.023974537250810224,0.05412956430174831,0.09045927818736588
2024-09-18,2024-08-30,19,2.0557029729346037e-08,-0.15481109764957812,0.019235754409934414,0.025582905696714064,0.0663537996039183
2024-09-19,2024-08-30,20,2.9510115043068e-09,-0.13855325149396336,0.004020144249244684,0.02088565496690209,0.042162108750414484
2024-09-20,2024-08-30,21,1.605402919953871e-08,-0.13509011130192639,0.0023403092195461994,-0.0007759364757389253,0.0020021819257749485
2024-09-21,2024-08-30,22,3.4956834130172126e-09,-0.13306595471532967,0.003627526008319615,0.02880915487799629,-0.04014556829346527
2024-09-22,2024-08-30,23,4.499297109986451e-10,-0.12992112891856178,-0.0037554994781276996,0.03446418269245877,-0.04607639406619446
2024-09-23,2024-08-30,24,2.9114698987800766e-09,-0.13318870966483798,0.014567574134444872,0.039753874290160196,-0.04084749618684813
2024-09-24,2024-08-30,25,8.878068168040183e-10,-0.12056137193230665,-0.017283587524333677,0.020841172250776863,-0.033871903919380886
2024-09-25,2024-08-30,26,4.661425243465943e-09,-0.13576122643279454,0.03201766657941674,0.0027802757188566396,-0.017323439111439187
2024-09-26,2024-08-30,27,1.725610722385659e-10,-0.10809031753571563,0.009144138635673427,-0.06702382346086222,-0.03611993066559216
2024-09-27,2024-08-30,28,5.96391768394894e-11,-0.09993457174876275,0.0013387572896133015,-0.07785728892906252,-0.053914439649110246
2024-09-28,2024-08-30,29,3.707667117884512e-11,-0.0987296025955624,-0.0038869993015275828,-0.07751966351847916,-0.05614367275046317
2024-09-29,2024-09-29,0,5.730710106343085e-17,-0.10223284000076105,-0.03466997428889751,-0.053596071217939745,-0.07569874764507978
2024-09-30,2024-09-29,1,4.500749082898656e-13,-0.13335840435535118,-0.03982166382772501,-0.02004797592960661,-0.04739166609687806
2024-10-01,2024-09-29,2,3.5576521095302397e-12,-0.16786951463623556,-0.002573768480562233,0.033123989199711046,0.02852064392562692
2024-10-02,2024-09-29,3,1.2129118846331774e-13,-0.17001122585117978,0.001705378860227258,0.02596436429253579,0.0421594452563987
2024-10-03,2024-09-29,4,3.9865735346330905e-14,-0.16859578054152047,0.021946181495442696,0.023172299638979155,0.03485128482334354
2024-10-04,2024-09-29,5,1.4117938478658991e-14,-0.15034963264520773,-0.00045098734014104025,-0.023354379409206594,0.06439438842895351
2024-10-05,2024-09-29,6,5.78399106581658e-14,-0.15073281420443096,0.012277385671468632,-0.02790309065712726,0.08082986883238252
2024-10-06,2024-09-29,7,8.577888857382085e-17,-0.14030603342629588,-0.009486005312646983,-0.004455752961123327,0.07641048833084918
2024-10-07,2024-09-29,8,2.41746741100538e-14,-0.14846109496046456,-0.001020667266649511,0.01578522756492684,0.08353336333247618
2024-10-08,2024-09-29,9,8.712804292108427e-16,-0.1493302328471171,-0.02452474232426416,0.01141448531052447,0.1008278731393526
2024-10-09,2024-09-29,10,3.279687140147687e-14,-0.17019268968958334,-0.005106370767738344,0.08984709088756171,0.1276795541659892
2024-10-10,2024-09-29,11,2.6624786471340877e-14,-0.174429993481808,0.036693891346722296,0.11185403270442662,0.14430832012324957
2024-10-11,2024-09-29,12,3.3540788381563616e-17,-0.14413661736351657,0.010652702270546932,0.08122817396866,0.07735049568276309
2024-10-12,2024-09-29,13,8.569302491312685e-18,-0.135019359564027,-0.005319096759781039,0.06669533473129707,0.06676210031227936
2024-10-13,2024-09-29,14,3.237813110332809e-18,-0.1396202752858433,0.051120868102157546,0.08840429826489649,0.060420372062868655
2024-10-14,2024-09-29,15,5.103935363361736e-18,-0.09563691686096021,0.014983205463229288,0.03471355164844003,0.031993982203556204
2024-10-15,2024-09-29,16,2.4542116025476727e-21,-0.08208665897292844,0.008138307848598592,0.0291893418238387,-0.005602904487482019
2024-10-16,2024-09-29,17,2.0849058796528036e-19,-0.07461639762531447,-0.0029315286998625734,-0.0035863644504045,-0.00779724818141847
2024-10-17,2024-09-29,18,1.2562325788396254e-17,-0.07732918621405815,0.014924257413553965,6.259104995454123e-05,0.008898014855140302
2024-10-18,2024-09-29,19,7.062612351644779e-19,-0.06355900948114346,-0.000730695037119311,-0.02571096627111713,0.022420792657976252
2024-10-19,2024-09-29,20,3.094238270328909e-20,-0.06424326226547072,0.00956433355757702,-0.0026283307496562935,0.06374009184240537
2024-10-20,2024-09-29,21,3.09604815753574e-21,-0.0552933726970275,-0.023967004283086846,-0.033805486412893604,0.04798862092777556
2024-10-21,2024-09-29,22,3.9034411501147665e-21,-0.07793516047985827,0.0007198248673518926,-0.004226039850098395,0.04325642833290044
2024-10-22,2024-09-29,23,1.8619984582643426e-21,-0.07727143527906088,-0.011232313944175898,0.00883487082134482,0.030700471628155146
2024-10-23,2024-09-29,24,4.873371762014229e-20,-0.08763581220326533,0.022943767422919148,0.04940193029257389,0.04059014244326242
2024-10-24,2024-09-29,25,1.0174982298075962e-22,-0.06670274047345648,-0.02199395644582236,0.06654332044737776,0.008471034753369189
2024-10-25,2024-09-29,26,1.4935457280443118e-17,-0.08722963975048859,0.005913641316056761,0.08465594266003373,0.017266999038806352
2024-10-26,2024-09-29,27,3.55518680212793e-20,-0.08183184323604498,0.013845607186230069,0.04768398259365103,0.033971623763875636
2024-10-27,2024-09-29,28,1.7636728910548434e-22,-0.0691192476065865,0.028527808037729363,0.02167411281987941,0.11099825496863502
2024-10-28,2024-09-29,29,4.735767013351032e-24,-0.0425632601962902,0.03965297837218107,-0.008396961731197528,0.0842694934879844
2024-10-29,2024-10-29,0,1.8600675144092707e-19,-0.004598041860122137,-0.00538492271134583,-0.05444906416895401,0.05187717514829582
2024-10-30,2024-10-29,1,4.578591950668851e-19,-0.0099582044714277,-0.028374281253896405,-0.06212932688679251,0.05988991044822334
2024-10-31,2024-10-29,2,2.0237667224974495e-19,-0.038049928830867996,-0.011324188908526045,-0.013088258537492403,0.14337333645744366
2024-11-01,2024-10-29,3,7.418179068667925e-17,-0.04894323315735727,-0.0017449922664622974,0.08742919197807208,0.2755838788442677
2024-11-02,2024-10-29,4,3.5213903561525877e-16,-0.05060281986046444,-0.008630662976178316,0.09345116104218909,0.2677814720458771
2024-11-03,2024-10-29,5,1.3217775903834505e-14,-0.05879674695278281,-0.01346371022794457,0.1124489811051792,0.3140516043462258
2024-11-04,2024-10-29,6,6.522509692491661e-14,-0.07146883481740929,0.022431831623900944,0.13010241265992462,0.2870387196700488
2024-11-05,2024-10-29,7,1.9221004896964378e-15,-0.050640180062488827,0.0893729329739763,0.1585365625127484,0.31223053793597755
2024-11-06,2024-10-29,8,1.427474235579078e-15,0.0,0.0037831476979763856,0.17302706995012307,0.19868379805798408
2024-11-07,2024-10-29,9,2.660686645201927e-15,0.0,0.008593568843003663,0.15943127339819219,0.18453057420922203
2024-11-08,2024-10-29,10,2.0428084545655787e-16,0.0,0.0021916152418686163,0.18122415199730013,0.18238583354964555
2024-11-09,2024-10-29,11,2.8154094346075557e-15,0.0,0.04815691599591321,0.13886910181949164,0.20388429663684726
2024-11-10,2024-10-29,12,2.3518216893880344e-18,0.0,0.10299836966550102,0.1326621708769231,0.1731560068239384
2024-11-11,2024-10-29,13,6.51779977738396e-19,0.0,-0.00785105223479976,0.021872238727578486,0.10907331345019777
2024-11-12,2024-10-29,14,8.28585813157897e-21,-0.00785105223479976,0.027551274837266382,0.02164794187193686,0.12438590090209423
2024-11-13,2024-10-29,15,3.7615033078346926e-23,0.0,-0.03374388106471693,0.0009834556382724013,0.08074338977949691
2024-11-14,2024-10-29,16,3.9618016614532555e-26,-0.03374388106471693,0.04244437398018164,0.057087504361550856,0.12109222508545314
2024-11-15,2024-10-29,17,3.331830351205703e-27,0.0,-0.004890034907478302,0.035751027083092746,0.02172794708502157
2024-11-16,2024-10-29,18,9.398048729669316e-35,-0.004890034907478302,-0.008068824947354392,0.08533461563766598,0.015214558569824455
2024-11-17,2024-10-29,19,1.9687348140883696e-37,-0.012919403019177711,0.006767384122082332,0.10056101991642397,0.06685274960522936
2024-11-18,2024-10-29,20,2.7187671995465622e-37,-0.006239449459954138,0.020413737695668788,0.0796815708511045,0.057259190609134425
2024-11-19,2024-10-29,21,1.5714163951014223e-39,0.0,0.02140345673566446,0.06054817643744581,0.05578123640800836
2024-11-20,2024-10-29,22,1.513916365106124e-41,0.0,0.04274798019993509,-0.01353904522553373,0.022499813335007834
2024-11-21,2024-10-29,23,1.5256974790182257e-41,0.0,0.0058472013826280644,-0.06460685585582648,-0.011513152541490212
2024-11-22,2024-10-29,24,3.9524039662605025e-45,0.0,-0.012332645714516866,-0.030628261133357593,-0.030855680944869235
2024-11-23,2024-10-29,25,5.3078952319701425e-43,-0.012332645714516866,0.002330648166728677,-0.020767586339641486,-0.018661464241689463
2024-11-24,2024-10-29,26,3.858414333779995e-45,-0.01003074060591358,-0.04994921350389636,-0.0044947887661740404,0.007020221850777775
2024-11-25,2024-10-29,27,1.3724460051751443e-38,-0.05947892650568298,-0.011233737099909935,0.03653348709456128,0.04231394018772838
2024-11-26,2024-10-29,28,4.227522545118993e-39,-0.07004449298224324,0.04238507278190995,0.05676084291051087,0.08455027969287499
2024-11-27,2024-10-29,29,1.679678019641245e-38,-0.030628261133357593,-0.002285863665387078,-0.00023460536592234682,0.04140153600274399
2024-11-28,2024-11-28,0,2.2512759080987735e-39,-0.032844112769485956,0.018987290156683212,0.0021507887898433165,0.0571453634614536
2024-11-29,2024-11-28,1,1.7937604899518762e-43,-0.014480443311895796,-0.010794274574184248,0.011567001846911618,-0.0018831315411450555
2024-11-30,2024-11-28,2,1.3883754994620542e-42,-0.025118412005015522,0.008061468764155144,0.005576716203708809,0.001919031814686667
2024-12-01,2024-11-28,3,7.671625106072625e-42,-0.017259434534643958,-0.01383503122595442,0.026296807805469946,0.04053930856535959
2024-12-02,2024-11-28,4,1.613820611422867e-41,-0.030855680944869235,9.463628261174861e-05,0.04164591172302523,0.04344368807296939
2024-12-03,2024-11-28,5,7.109465016497308e-37,-0.03076396472919951,0.028561699051921963,0.05487654680990617,0.058159395194705255
2024-12-04,2024-11-28,6,9.141985617971558e-42,-0.0030809367795169296,-0.016652141472148774,-0.013296334660481746,0.028732701122213156
2024-12-05,2024-11-28,7,1.2877633935166703e-37,-0.019681774056546475,0.028832759145512643,-0.0036373996434909683,0.07755233526255911
2024-12-06,2024-11-28,8,9.813941030755768e-43,0.0,0.0009138683812970338,0.013877565097707212,0.06334235805513577
2024-12-07,2024-11-28,9,1.1920083613787759e-42,0.0,0.012797501081567075,0.0017258996840590068,0.06312355388287871
2024-12-08,2024-11-28,10,3.34861786031317e-45,0.0,-0.0379105483466009,0.003112068795848133,-0.008956420454281355
2024-12-09,2024-11-28,11,7.432281911805189e-40,-0.0379105483466009,-0.007026056763778543,0.04259539845555671,0.0019058051757017136
2024-12-10,2024-11-28,12,1.886669797049797e-40,-0.04467024344575021,0.04691851376393741,0.08148613253548409,0.012552048285072503
2024-12-11,2024-11-28,13,2.7682591128904423e-39,0.0,-0.011082422744128628,0.04878773794808411,-0.03790368355995055
2024-12-12,2024-11-28,14,4.371514796649857e-37,-0.011082422744128628,0.014198990863292016,0.06129187057875218,-0.04817813315808739
2024-12-13,2024-11-28,15,1.5592959908252534e-38,0.0,-4.19031937628489e-05,-0.012031047801684513,-0.06450903013825593
2024-12-14,2024-11-28,16,1.543293332666969e-37,-4.19031937628489e-05,0.030013705383553635,-0.03902721356734373,-0.027178268586077636
2024-12-15,2024-11-28,17,2.5140926302304877e-41,0.0,0.01526526030644626,-0.06374014624561064,-0.048192587704145695
2024-12-16,2024-11-28,18,4.324131993698688e-43,0.0,0.0007079101319968917,-0.08265869095460943,-0.09680548481378137
2024-12-17,2024-11-28,19,1.6063866038543282e-42,0.0,-0.0558703575319216,-0.10314787738564568,-0.11150751872119091
2024-12-18,2024-11-28,20,4.749498652111953e-36,-0.0558703575319216,-0.027365671293993032,-0.053117035934988954,-0.048940256981731545
2024-12-19,2024-11-28,21,4.26073881600403e-33,-0.08170709898661821,0.0035252764517319513,0.012330156637683665,-0.038206330148018997
2024-12-20,2024-11-28,22,1.4059015936275045e-32,-0.07846986264688305,-0.005249707991702657,0.016606029276081236,-0.05125880523619131
2024-12-21,2024-11-28,23,1.1985164490545745e-34,-0.08330762677354064,-0.02164330280426996,-0.015421516200871177,-0.038194202832113944
2024-12-22,2024-11-28,24,2.800337848906782e-31,-0.10314787738564568,-0.003202142493870186,-0.009321092212143722,-0.006245438549068116
2024-12-23,2024-11-28,25,7.718606325128164e-30,-0.10601972567818685,0.03986141867321402,0.004411082585461523,0.022167869026481046
2024-12-24,2024-11-28,26,5.670284438695502e-34,-0.07038440367785026,0.0077639591022340415,-0.049920953608210916,-0.0049602903117847985
2024-12-25,2024-11-28,27,2.9746844748291035e-34,-0.06316690620720611,-0.03658870195595676,-0.06675627780862037,-0.012160362708891537
2024-12-26,2024-11-28,28,3.072017051365968e-30,-0.09744441305846752,-0.01558142885179914,-0.02312937668856152,0.026850057833881058
2024-12-27,2024-11-28,29,6.693891405437397e-30,-0.11150751872119091,0.01061484937862045,0.0031045918499903458,0.08416385619237032
2024-12-28,2024-12-28,0,3.3723381441074446e-37,-0.10207630485837971,-0.01638824763903468,0.017678803777544605,0.017362119622245542
2024-12-29,2024-12-28,1,2.9706289148032045e-37,-0.11679170073531764,-0.010093537106537043,0.04732307639788247,0.014107482328442389
2024-12-30,2024-12-28,2,2.7867160442093994e-30,-0.1257063964767472,0.008448460832582105,0.058501240138567834,-0.0025816866854433407
2024-12-31,2024-12-28,3,3.924797050997024e-33,-0.11831996121120392,0.010855240659998211,0.05116279815337266,0.012290651449089474
2025-01-01,2024-12-28,4,3.4268848726968656e-34,-0.10874911220503503,0.025298178626284695,0.08080838728181394,8.668828446967147e-05
2025-01-02,2024-12-28,5,9.295862966738585e-30,-0.08620208804476326,0.012263675572221189,-0.0003111828153671281,-0.025155800203310208
2025-01-03,2024-12-28,6,7.423374447665876e-26,-0.07499556691397113,0.0004718144831972193,-0.031714754327461625,-0.037057401447101346
2025-01-04,2024-12-28,7,5.630225473235824e-24,-0.07455913642541956,0.0014570278098766654,-0.05770699599370799,-0.01689708360271025
2025-01-05,2024-12-28,8,5.865748873980991e-25,-0.07321074335079503,0.039364049367443865,-0.03698013930151611,0.021692371802946253
2025-01-06,2024-12-28,9,3.38397986537337e-28,-0.036728565298838944,-0.05165509861535522,-0.07468641060452519,-0.0219913611305651
2025-01-07,2024-12-28,10,1.1069614042716403e-25,-0.08648644625168211,-0.01953491432743626,-0.024852351012499607,0.07346602704090088
2025-01-08,2024-12-28,11,3.89401681301977e-28,-0.10433185526110744,-0.026384429891623817,-0.005517637641921258,0.0998901648116921
2025-01-09,2024-12-28,12,1.9797112207492466e-24,-0.12796354863213144,0.02348526765730452,0.043309153540871836,0.09485514652280025
2025-01-10,2024-12-28,13,2.134915317339655e-24,-0.10748353916483111,-0.0013314174940783907,0.060925546293413735,0.07953350982110408
2025-01-11,2024-12-28,14,5.124753316144032e-25,-0.10867185119454004,-0.0005806554525006336,0.05694831468798256,0.12202781416784503
2025-01-12,2024-12-28,15,4.021010130362505e-26,-0.10918940574411118,-9.476962625010188e-05,0.10082409382362223,0.0969019428408
2025-01-13,2024-12-28,16,1.0128756731440172e-28,-0.10927382753118842,0.021417849900725594,0.10599263138631687,0.09916042654604951
2025-01-14,2024-12-28,17,1.111005753512521e-27,-0.09019638806660357,0.04076693186038316,0.0494062501100343,0.08605598583111207
2025-01-15,2024-12-28,18,6.09880508620315e-26,-0.05310648621258418,-0.005075258203325772,0.01753936795348321,0.042284697059176146
2025-01-16,2024-12-28,19,7.317299189654179e-29,-0.05791221528610979,0.04090699518838892,0.06157301977351137,0.026330343953682167
2025-01-17,2024-12-28,20,8.692348994160325e-38,-0.019374234809778734,0.0045999384304846735,-0.0035629225457802782,-0.019165048961600428
2025-01-18,2024-12-28,21,1.0542267823491321e-44,-0.014863416666556883,-0.030841395103859304,-0.006177441554654384,-0.030803616388999422
2025-01-19,2024-12-28,22,3.500745883327915e-38,-0.04524640326440954,0.009162396279856155,0.03492425904384966,0.023701103219855302
2025-01-20,2024-12-28,23,1.0983563281386537e-38,-0.03649857246150012,0.03797975376689289,0.024318792849717275,0.024084977108842498
2025-01-21,2024-12-28,24,3.7965584068945505e-44,0.0,-0.022960922265658046,-0.033198541375277446,-0.0349927108332827
2025-01-22,2024-12-28,25,1.6220655545743406e-38,-0.022960922265658046,0.0019640011547956693,-0.01565791435188446,-0.029612466547471628
2025-01-23,2024-12-28,26,1.633215548298891e-37,-0.021042016388707396,0.009240273874573157,-0.024779247185602427,-0.05976065519562346
2025-01-24,2024-12-28,27,1.1708883701064928e-42,-0.011996176508439316,-0.0011790732379457491,-0.010844422406682486,-0.0337747984418878
2025-01-25,2024-12-28,28,8.584406409024486e-44,-0.01316110537570625,-0.020304667873067395,-0.00022826462084546417,-0.0666723629397925
2025-01-26,2024-12-28,29,2.4129540233660737e-40,-0.033198541375277446,-0.0052345546677060595,-0.0018557786006626609,-0.05854190216332111
2025-01-27,2025-01-27,0,1.2994182457254097e-40,-0.038259316463266635,-0.0073206238502596666,-0.014176527041815046,-0.05415680580172
2025-01-28,2025-01-27,1,1.9640992422272684e-41,-0.04529985824893057,0.023661199942527578,-0.03587024569469821,-0.04765081385085901
2025-01-29,2025-01-27,2,6.041921870511717e-44,-0.022710507309799066,0.00954081835292131,-0.023181768929612212,-0.0702619526778494
2025-01-30,2025-01-27,3,6.267786012909057e-42,-0.013386365781823284,-0.021899499765762886,-0.0664592686187,-0.07887660525955442
2025-01-31,2025-01-27,4,2.792488644240585e-35,-0.0349927108332827,-0.01751359666096397,-0.05679151604282984,-0.04880173262483989
2025-02-01,2025-01-27,5,4.407293250066738e-39,-0.05189345927063882,-0.029165211334154395,-0.04055521080253355,-0.04826768645107371
2025-02-02,2025-01-27,6,1.2621165647563177e-34,-0.0795451868983047,0.03713314320824468,-0.012218861728470531,0.0017338687514580897
2025-02-03,2025-01-27,7,1.6163505520074895e-38,-0.045365806506681206,-0.03518644109279401,-0.048197486749041674,-0.046584910151653336
2025-02-04,2025-01-27,8,1.5826946038438222e-30,-0.07895598632120082,-0.011770285996367091,-0.0133013335395461,-0.0026865956521646694
2025-02-05,2025-01-27,9,3.974247842222149e-27,-0.08979693777744213,-0.0006011648811647952,0.00847085618279153,0.009907938347063716
2025-02-06,2025-01-27,10,1.5566857536574605e-29,-0.09034411989317892,-0.0004924687494659574,-0.008038477810683897,-0.004517973555826393
2025-02-07,2025-01-27,11,6.917120592665214e-32,-0.0907920969868995,-0.0006430634939713631,0.014125325883771911,-0.007531075530428977
2025-02-08,2025-01-27,12,8.310876242780954e-32,-0.09137677539775746,0.00018673905907151678,0.001694234439327591,-0.00801495239657446
2025-02-09,2025-01-27,13,3.92484603923788e-31,-0.09120709995174481,0.010035687350816946,0.010757831390873607,0.0018827993189081127
2025-02-10,2025-01-27,14,1.9207878365983428e-30,-0.08208673854021831,-0.016961983897908373,0.0014250111001836707,0.008972314920473679
2025-02-11,2025-01-27,15,2.292510784843015e-29,-0.09765636850077575,0.021839938524633062,0.0035490330785084012,0.004215781879383762
2025-02-12,2025-01-27,16,2.673306337102037e-28,-0.07794923906073858,-0.0128931248485874,-0.021354758491341497,-0.013476858432293848
2025-02-13,2025-01-27,17,2.2434373794836682e-29,-0.08983735463826348,0.009236695789816451,-0.009692765019593486,-0.0036243322767626207
2025-02-14,2025-01-27,18,7.359188456308396e-35,-0.08143045916380254,0.0007095349684433927,-0.008780572157183197,-0.06100072532976242
2025-02-15,2025-01-27,19,6.642531435113895e-35,-0.08077870195363235,-0.014876960727340904,0.007536564132743617,-0.09110680512774161
2025-02-16,2025-01-27,20,1.238100037528608e-36,-0.09445392110440354,-0.0035177550289164916,0.0006643908557513178,-0.12347338878454972
2025-02-17,2025-01-27,21,7.917718790189284e-32,-0.09763941037735413,-0.0011302986009604776,0.008049801628732478,-0.11559219043641678
2025-02-18,2025-01-27,22,2.3770584003818089e-35,-0.09865934728936643,0.01016632497746972,0.006127828343040376,-0.11834006572891853
2025-02-19,2025-01-27,23,8.306291129918919e-38,-0.08949602529850542,0.017182894357943512,-0.052682737752856035,-0.10947187094292199
2025-02-20,2025-01-27,24,3.243594229901177e-40,-0.07385093168872203,-0.02159625654849706,-0.09790549819439509,-0.04104572503941817
2025-02-21,2025-01-27,25,6.542921612299767e-36,-0.09385228457012396,0.0038367893861199764,-0.1240553583945766,-0.10356794484788101
2025-02-22,2025-01-27,26,8.055067680821027e-34,-0.0903755866333058,-0.003034768875022631,-0.12265464649204594,-0.09600137792447738
2025-02-23,2025-01-27,27,5.647280360497805e-31,-0.09313608649095173,-0.04888030085811046,-0.12370982152132803,-0.058717093644164664
2025-02-24,2025-01-27,28,1.5166201266596226e-24,-0.13746386742063743,-0.0313750916410277,-0.059947322246989954,-0.017705505277387235
2025-02-25,2025-01-27,29,1.3011322947559301e-27,-0.16452601762401253,-0.04995816437454048,0.06303083883248162,-0.0211845007465008
2025-02-26,2025-02-26,0,4.069384269756969e-15,-0.20626476416620398,0.005442011990729023,0.023388936439118435,0.023410776178399262
2025-02-27,2025-02-26,1,8.911027427254378e-16,-0.20194524749533227,-0.0042338096093689215,0.030379449165597983,-0.0469162627917975
2025-02-28,2025-02-26,2,6.384473035836609e-16,-0.2053240593752892,0.02032710396711601,0.07416804327305981,-0.06821676458809578
2025-03-01,2025-02-26,3,1.1354422706574725e-18,-0.18917059891004495,0.09534090292481712,0.04493558496165617,-0.03638595365593689
2025-03-02,2025-02-26,4,6.979827923180573e-19,-0.11186539169214005,-0.08538654927336375,-0.07922191577384108,-0.11233563169619187
2025-03-03,2025-02-26,5,1.3055706590613172e-13,-0.1877001411857987,0.012309933784973248,2.1340605221853437e-05,-0.05920660964936342
2025-03-04,2025-02-26,6,1.3610464504778681e-14,-0.17770078371025289,0.038083806073143656,-0.07501674457889251,-0.03779451382748189
2025-03-05,2025-02-26,7,3.998336242932931e-16,-0.1463844998229762,-0.007440124556858829,-0.13255356901821402,-0.06917388813391068
2025-03-06,2025-02-26,8,7.884467906336625e-16,-0.15273550546795855,-0.034805673493573885,-0.07782445137092076,-0.08181035670439041
2025-03-07,2025-02-26,9,4.479006702819882e-13,-0.18222511682733866,-0.006673828580645025,-0.035962754207144454,-0.03216202438314897
2025-03-08,2025-02-26,10,1.0012195101523921e-12,-0.18768280621518996,-0.0636502442229373,-0.05922668632125394,-0.04067873274303846
2025-03-09,2025-02-26,11,4.558358328119061e-10,-0.2393869939860842,-0.026488223045525672,0.04024097791312431,0.07569972986721774
2025-03-10,2025-02-26,12,1.6029316047065504e-08,-0.25953428094070863,0.055182677560879245,0.07306466269342948,0.07160084513357323
2025-03-11,2025-02-26,13,2.2451911958844656e-09,-0.21867339992097512,0.009008839546240877,-0.004322284774732066,0.013936552872385155
2025-03-12,2025-02-26,14,4.1080201693326586e-09,-0.2116345539476534,-0.030644554525017353,0.003942513466759001,0.0019176597739105627
2025-03-13,2025-02-26,15,1.5743606615969526e-07,-0.23579366184484418,0.03534971863674374,0.019715645956927208,0.06123000974656234
2025-03-14,2025-02-26,16,7.691419470890646e-09,-0.20877918281064323,0.004229893597767154,0.0340870555063395,0.04185313253126832
2025-03-15,2025-02-26,17,4.925230421263517e-08,-0.20543240294159382,-0.020914662400679962,-0.001364146645349451,0.03621634452807032
2025-03-16,2025-02-26,18,4.892377583229432e-07,-0.22205051598858994,0.017384295133135996,0.018338100138141744,0.05249366844715908
2025-03-17,2025-02-26,19,3.588735268451234e-08,-0.2085264125598646,-0.015414826063030795,-0.002016902029436274,0.03835232531163246
2025-03-18,2025-02-26,20,1.6597471107136712e-07,-0.22072684024373723,0.04994146771149088,0.04071170620381803,0.02066553079893718
2025-03-19,2025-02-26,21,1.3273378397783145e-09,-0.18180879489733837,-0.030197727147636355,0.007510080494263827,-0.048331562765052793
2025-03-20,2025-02-26,22,8.355256844649614e-08,-0.20651630966362433,-0.0015981308755205204,0.03763182650330266,-0.021768299756160348
2025-03-21,2025-02-26,23,3.852850740854634e-07,-0.20778440044837287,-0.0029516419489445944,0.03354049927463576,-0.018299466551962462
2025-03-22,2025-02-26,24,4.524668191835018e-07,-0.21012273724461783,0.02674015056430301,0.04045081266722961,0.01571732737090703
2025-03-23,2025-02-26,25,6.340751648924626e-09,-0.1890013003112193,0.01644538669299811,-0.019261987047309193,-0.041427816338977186
2025-03-24,2025-02-26,26,6.570101534392312e-08,-0.17566411308731866,-0.0012033395902268929,-0.05542539408828717,-0.04897325840909117
2025-03-25,2025-02-26,27,1.59857538753016e-07,-0.17665606909568554,-0.005534776464029556,-0.05724585998834908,-0.040083361491618286
2025-03-26,2025-02-26,28,1.3057950603818348e-08,-0.18121309370625638,0.003714682811951864,-0.050157653099206945,-0.0387896927332293
2025-03-27,2025-02-26,29,6.24274201444566e-08,-0.17817156005879575,-0.0321857767578666,-0.023771892909494996,-0.10090344129408457
2025-03-28,2025-03-28,0,2.47897968345045e-08,-0.20462274676000924,-0.02103468216171689,-0.022601172789187274,-0.0623177807168972
2025-03-29,2025-03-28,1,8.214335298717303e-08,-0.22135325448057186,-0.0031283069247198814,0.006830731674146939,-0.07654242894066843
2025-03-30,2025-03-28,2,5.643354677526121e-07,-0.22378910048649092,0.0019422262340362817,0.01820463869457911,0.0027337058785903423
2025-03-31,2025-03-28,3,5.090533065209604e-06,-0.22228152331431084,0.031596967704788925,0.011968260209780812,-0.035647603192295096
2025-04-01,2025-03-28,4,3.7236149493964514e-06,-0.19770797772305548,-0.0310251468030025,-0.07900975993660742,-0.020367940474180224
2025-04-02,2025-03-28,5,3.589591306866327e-07,-0.22259920549307544,0.008444393222235336,-0.04063500673624554,0.03345533348627283
2025-04-03,2025-03-28,6,8.377724095337377e-08,-0.2160345274929808,0.00813309540602325,-0.0828075246334441,0.006572403452389519
2025-04-04,2025-03-28,7,4.485830590473865e-08,-0.20965846151005318,-0.004194546969735313,-0.015194325608085868,0.008364657139175558
2025-04-05,2025-03-28,8,6.099054688113097e-08,-0.2129735862153821,-0.061145713465215135,-0.04705272415580031,0.0012688837737178105
2025-04-06,2025-03-28,9,1.2958794483543451e-05,-0.26109687780221214,0.009348973607038236,0.06367257427004969,0.0714060946066557
2025-04-07,2025-03-28,10,1.2254501877533876e-05,-0.2541888920146269,-0.03588559538492875,0.07722852172296113,0.07307267868268141
2025-04-08,2025-03-28,11,3.43168610414386e-06,-0.2809527676693755,0.0824502158081466,0.09744947814809857,0.10681356801841457
2025-04-09,2025-03-28,12,3.3582253426119602e-06,-0.2216671681874649,-0.036408787630172745,0.023922468523354334,0.029798262354079563
2025-04-10,2025-03-28,13,2.6601673853534937e-06,-0.25000532296651845,0.047942085713244875,0.05070753561545227,0.06999282729096445
2025-04-11,2025-03-28,14,1.1203618732349396e-06,-0.21404901387570197,0.022212595344448305,0.0072705835646023065,0.04905540190909452
2025-04-12,2025-03-28,15,2.5934692358388673e-06,-0.1965910026603528,-0.017787935537056265,-0.003857902902192678,0.09575969576755261
2025-04-13,2025-03-28,16,7.029755723220562e-06,-0.21088199011492148,0.009928127984718316,0.008532593123209198,0.11856590257879662
2025-04-14,2025-03-28,17,1.828652202433804e-05,-0.2030475255177363,-0.011201942320973268,0.005738514400605688,0.11099083383949093
2025-04-15,2025-03-28,18,2.7852089682464953e-05,-0.2119749411694435,0.004619459210398746,0.01835457634194637,0.13144626410098303
2025-04-16,2025-03-28,19,0.00014162865052570192,-0.20833469155340367,0.010919027142326287,0.04148321119100018,0.12611653071186857
2025-04-17,2025-03-28,20,0.00012297901248779948,-0.19969047656283712,-0.005570707978571843,0.10000340208487768,0.10360925889759964
2025-04-18,2025-03-28,21,0.00019006940712890322,-0.20414876721037556,0.007130183016948566,0.10910238321087662,0.12472954917028978
2025-04-19,2025-03-28,22,0.0003240317050052862,-0.1984742022663214,0.0012016172171542827,0.10465177372829637,0.1079000072992693
2025-04-20,2025-03-28,23,0.0004202359500041728,-0.1975110750677712,0.02743614523914495,0.11105335055818744,0.10557455079430156
2025-04-21,2025-03-28,24,0.00012343644154932845,-0.17549387237052527,0.0677218385664009,0.08126229843310218,0.10253732364842505
2025-04-22,2025-03-28,25,7.831683393890612e-06,-0.11965680149819369,0.0026549878166355345,0.003278041509587881,0.036858302586421976
2025-04-23,2025-03-28,26,8.607149443080774e-07,-0.1173195010317134,0.0030887678955136,0.014089921900782842,0.02311148510615957
2025-04-24,2025-03-28,27,4.38946390383633e-07,-0.11459310584450422,0.007003689170739236,0.0029405045537653773,0.0031618271328073266
2025-04-25,2025-03-28,28,7.292497554589198e-08,-0.10839199116820941,-0.0001128502637609552,-0.00493117613221139,0.0010038178892604055
2025-04-26,2025-03-28,29,5.151698107098904e-08,-0.10849260936717753,-0.009285835059390402,0.01967610009722276,0.0233125501965592
2025-04-27,2025-04-27,0,1.9884993510532866e-11,-0.11677099995082152,0.013460153835815225,0.03347054324672283,0.03499972799796902
2025-04-28,2025-04-27,1,1.2965966098091425e-12,-0.10488260173790631,-0.007939697201950202,0.008896216213712949,0.08683630705354894
2025-04-29,2025-04-27,2,3.4476172861129993e-12,-0.11198956284030481,-0.0008998818334843284,0.00022067368706046864,0.09246195659900258
2025-04-30,2025-04-27,3,3.4781589168574796e-11,-0.11278866730064929,0.024613579407891883,0.005964405555791474,0.11295852270313889
2025-05-01,2025-04-27,4,5.213436394340577e-10,-0.09095122071167216,0.004116803508263045,0.0035662796244706474,0.07905583081173972
2025-05-02,2025-04-27,5,4.09325074958559e-11,-0.08720884550791563,-0.010638357164841517,0.0014796597360600128,0.06093873758684598
2025-05-03,2025-04-27,6,3.219071856021939e-10,-0.09691944382631046,-0.016470466975503584,0.07725283293492513,0.08603805566700706
2025-05-04,2025-04-27,7,2.5605549475868277e-09,-0.11179360230298863,0.0048374152847727725,0.09222093217881411,0.09790446555608856
2025-05-05,2025-04-27,8,3.951898353587925e-09,-0.10749697909873612,0.022170995574119168,0.10635974449636088,0.0953201649086155
2025-05-06,2025-04-27,9,1.2552329402583678e-11,-0.08770929857244636,0.0020290389679165077,0.0752212910297434,0.06846643359430904
2025-05-07,2025-04-27,10,4.146287688067252e-12,-0.08585822518918207,0.06421795208723036,0.05937122863429556,0.06282715228716729
2025-05-08,2025-04-27,11,2.287749183957037e-13,-0.02715391249344523,-0.002804624371499198,0.008155209681043107,0.030918172873555916
2025-05-09,2025-04-27,12,9.97286742722332e-16,-0.029882380340183756,0.017845046988020696,0.00520364809886642,0.02526657977572344
2025-05-10,2025-04-27,13,1.0342197035841909e-16,-0.012570585833447612,-0.006597968715249425,-0.009978291096238934,0.019468267818775642
2025-05-11,2025-04-27,14,2.0923218162196875e-16,-0.01908561421663557,-0.01274208110028996,-0.006282295088265277,0.053074300313106226
2025-05-12,2025-04-27,15,6.813766149698436e-18,-0.03158450487272835,0.012767615008738131,0.0032622404304174513,0.08663075831694744
2025-05-13,2025-04-27,16,1.962394116517562e-18,-0.019220148662446923,-0.005724099004339123,0.022578828114883764,0.030878627584105534
2025-05-14,2025-04-27,17,4.072361675266934e-18,-0.024834229632964,0.0024721803627976158,0.01995907169139488,0.04109921356666568
2025-05-15,2025-04-27,18,3.824953537652809e-18,-0.022423443964990186,-0.002889353127408567,0.029743346686428307,0.0505039767756954
2025-05-16,2025-04-27,19,2.0966364637849666e-18,-0.025248007844451137,-0.00325959102643536,0.059731848499815055,0.057709887216700784
2025-05-17,2025-04-27,20,1.1485836331169748e-17,-0.02842530069108129,0.0322672170578604,0.08309743407741843,0.056353231681626426
2025-05-18,2025-04-27,21,3.743147009920015e-18,0.0,-0.008271345834351629,0.008116537562705473,0.01247033232864525
2025-05-19,2025-04-27,22,1.9897039428404545e-18,-0.008271345834351629,0.012088706907607882,0.020726460955158066,0.0001516475593268396
2025-05-20,2025-04-27,23,3.534396379103079e-19,0.0,0.02614880918566298,0.020160975213942445,-0.02680870629936427
2025-05-21,2025-04-27,24,9.462679648635296e-17,0.0,0.018717122570968137,-0.0019079933154567685,-0.04607740013839334
2025-05-22,2025-04-27,25,7.069717214594681e-19,0.0,-0.03919479452346686,-0.024692332891151914,-0.05419413962210551
2025-05-23,2025-04-27,26,2.094583485674516e-15,-0.03919479452346686,0.004133591381898505,0.004318741538022808,-0.013607278534974898
2025-05-24,2025-04-27,27,2.3678415845090454e-14,-0.03522321840642584,0.011528006509906819,-0.020157029510705637,-0.022132310015663292
2025-05-25,2025-04-27,28,6.539641349267812e-16,-0.02410126538760804,0.003950306864350717,-0.046041441159280216,-0.039515270009345516
2025-05-26,2025-04-27,29,1.951756201506529e-15,-0.020246165917357506,-0.004538044985511469,-0.044253842859295345,-0.072427698723596
2025-05-27,2025-05-27,0,2.049563090360592e-14,-0.024692332891151914,-0.010615103962183348,-0.03024871814901986,-0.042682284822665895
2025-05-28,2025-05-27,1,1.438325436941869e-12,-0.03504532517262682,-0.02033766746104948,-0.017848935135418964,-0.020686520486115634
2025-05-29,2025-05-27,2,2.289849560413993e-13,-0.05467025246425106,-0.015193425498213675,-0.002015915370573329,0.00136613639107952
2025-05-30,2025-05-27,3,2.4177929630130233e-12,-0.06903304955468059,0.005831583409529939,0.006841147437123052,0.06036939003407027
2025-05-31,2025-05-27,4,2.267555723219285e-12,-0.06360403813164295,0.0100490592577549,-0.029478387806013306,0.054330317037995624
2025-06-01,2025-05-27,5,3.275413227402619e-13,-0.05419413962210551,0.0020357254385126033,-0.012821397513302468,0.028418276547233168
2025-06-02,2025-05-27,6,5.466826276682537e-13,-0.05226873857223979,-0.004544767948078454,-0.0028891536670969664,-0.0017595270796282314
2025-06-03,2025-05-27,7,1.537099601229733e-13,-0.0565759572325687,-0.00645331248625769,0.0033888834639170806,0.006545078337385046
2025-06-04,2025-05-27,8,2.8165249904017423e-13,-0.0626641673875954,-0.030451534076571196,0.053164536166605325,0.0068557930008597
2025-06-05,2025-05-27,9,2.7623262761145965e-10,-0.09120748143558333,0.027384456186406947,0.08635429009617712,0.0402461149135227
2025-06-06,2025-05-27,10,4.4815073783625494e-12,-0.06632069252842154,0.012117450409652175,0.04177529168141736,0.024030371918498217
2025-06-07,2025-05-27,11,5.579730776867484e-16,-0.05500687982161623,0.0017228450581063814,0.0011328997088169146,-0.009483274381431372
2025-06-08,2025-05-27,12,1.0783619674266118e-14,-0.053378803094572325,0.042834093101556725,0.0031455350218472233,-0.008012748973840078
2025-06-09,2025-05-27,13,6.434807187450795e-17,-0.0128311426144182,0.00010311707406529536,-0.04397104305686539,-0.05082782967489918
2025-06-10,2025-05-27,14,3.4599369620101963e-16,-0.012729348650236227,-0.014774690660270262,-0.042443036864679096,-0.06326400898703677
2025-06-11,2025-05-27,15,3.849802024352293e-14,-0.027315967121892548,-0.027367911232460296,-0.017033346734763533,-0.06005893315778932
2025-06-12,2025-05-27,16,2.6304378885354594e-13,-0.0539362973909322,0.003736666372359032,-0.010604160639747229,-0.04455174529649508
2025-06-13,2025-05-27,17,1.1331067396212129e-13,-0.050401172967283414,-0.0061466103511010894,-0.01112329528082312,-0.006907547419031768
2025-06-14,2025-05-27,18,6.189482753467812e-12,-0.056237986946916174,0.0017015663099546607,-0.007172153697057704,0.00634029580710993
2025-06-15,2025-05-27,19,8.441185427410153e-12,-0.05463211330089013,0.011369205507016922,-0.021743847023140694,0.0165404268670164
2025-06-16,2025-05-27,20,1.339908487038809e-14,-0.0438840315172736,-0.02100631933114927,-0.043771155694959374,0.0014282566719474588
2025-06-17,2025-05-27,21,8.759814339450492e-13,-0.06396850886883276,0.0032100071190022117,-0.03431142855694491,0.02387749462775024
2025-06-18,2025-05-27,22,1.0365077540739805e-13,-0.060963841118691575,-0.002175583996381625,0.004263168342092172,0.022977252233312928
2025-06-19,2025-05-27,23,6.505244613005093e-13,-0.06300679315797741,-0.013000366238452021,0.013610062967597925,0.03533718541402098
2025-06-20,2025-05-27,24,1.1417602002235024e-11,-0.07518804800986534,-0.011403706887229914,0.03913522421878679,0.03725638804782161
2025-06-21,2025-05-27,25,3.106536179433517e-11,-0.08573433243616779,-0.01132138549535977,0.04726840508535002,0.03487200990285855
2025-06-22,2025-05-27,26,3.597112189137048e-11,-0.09608508650383041,0.043283404251441615,0.0602564065739557,0.07810447440257606
2025-06-23,2025-05-27,27,7.161959080677438e-11,-0.05696057189406889,0.007111383767794521,0.018634641278456154,0.040355942287542135
2025-06-24,2025-05-27,28,2.6722739801683268e-11,-0.05025425661264604,0.01185467982617383,0.021435385500032877,0.017922192999821007
2025-06-25,2025-05-27,29,9.981722180933284e-14,-0.03899532490851754,-0.0036660878858676416,-0.0018080766845121055,0.007988963726486276
2025-06-26,2025-06-26,0,2.2989633903047732e-12,-0.04251845250613251,0.0009399977895605538,-0.01183688452959808,0.021101842350785605
2025-06-27,2025-06-26,1,1.4749674020281987e-11,-0.0416184219679433,0.002327936574751499,0.01683372787747972,0.01135336162168632
2025-06-28,2025-06-26,2,6.063554490176507e-11,-0.0393873704398745,0.009880444699230884,0.021323937090755418,0.01515599860909167
2025-06-29,2025-06-26,3,2.73483484638562e-10,-0.02989609047612285,-0.011170766835125301,-0.0034394662159585865,0.026551693555733058
2025-06-30,2025-06-26,4,2.619892418199957e-09,-0.04073289505525757,-0.013676228341569674,0.009814786297265954,0.0827231874116281
2025-07-01,2025-06-26,5,3.0876404336468594e-09,-0.05385205102303836,0.02998131927797143,0.03333328917534395,0.11209682257401843
2025-07-02,2025-06-26,6,3.5610694922435475e-11,-0.025485287280562208,0.006754090047184302,-0.0053896385471329245,0.07873616439564302
2025-07-03,2025-06-26,7,3.891110327554851e-11,-0.018903327158549144,-0.014605495398174795,-0.00603915981763159,0.08670784391774111
2025-07-04,2025-06-26,8,1.953347357895677e-10,-0.03323273009889949,0.001980659399927198,0.030094669370271054,0.1098025045136215
2025-07-05,2025-06-26,9,1.6508181185282318e-11,-0.03131789341822799,0.009295170747883663,0.07219977574471725,0.08835615628071913
2025-07-06,2025-06-26,10,1.1700330073868601e-10,-0.022313827837130873,-0.00861599738617247,0.07622277751405093,0.08632104878363256
2025-07-07,2025-06-26,11,3.2450296502181904e-11,-0.03073756934098304,0.006096638424931022,0.08458166755863084,0.10081584704793722
2025-07-08,2025-06-26,12,3.5014379120710006e-11,-0.024828326762385333,0.02121691859697572,0.09331052088365555,0.08264426845464556
2025-07-09,2025-06-26,13,6.555363504940319e-11,-0.004138188753226246,0.04293660597808269,0.07737913564010412,0.05938841176154863
2025-07-10,2025-06-26,14,2.0255064432511617e-11,0.0,0.013082148090681978,0.015068442375657298,0.010819067321782505
2025-07-11,2025-06-26,15,1.928569185465332e-13,0.0,-0.000916039679510372,0.00938306778166087,-0.0012533219839483412
2025-07-12,2025-06-26,16,2.3662803629031034e-15,-0.000916039679510372,0.014193834099812674,0.0149681485266564,0.021584227559189317
2025-07-13,2025-06-26,17,2.431262238142079e-16,0.0,0.006336059191862198,-0.00975592224283095,-0.0027765499135754546
2025-07-14,2025-06-26,18,5.844880951681489e-17,0.0,-0.01738208852749945,-0.0166986005978913,-0.012518151106322484
2025-07-15,2025-06-26,19,6.347555411599228e-16,-0.01738208852749945,0.007407898684498093,-0.004186294122127787,-0.001220977683996094
2025-07-16,2025-06-26,20,1.655179605620678e-14,-0.010102954593738112,0.004612054428193568,-0.010537515543018738,-0.0059886826676762706
2025-07-17,2025-06-26,21,8.383638598160055e-16,-0.005537495542016435,-0.010511374792368633,0.006518509021329111,0.001996936336001509
2025-07-18,2025-06-26,22,1.0593033192953335e-13,-0.015990663643331904,-0.0007194412983727583,0.007048133370374021,0.0011658273184853574
2025-07-19,2025-06-26,23,4.1987263323224656e-13,-0.0166986005978913,-0.004878479293957905,0.00425144263408006,0.0009399185336047555
2025-07-20,2025-06-26,24,3.81099941572989e-11,-0.021495616114594274,0.00098273041463659,0.002977782310716215,0.004904953834524717
2025-07-21,2025-06-26,25,3.801729373521562e-09,-0.020534010095694888,0.02192922223104432,0.004597276750556878,-0.013769594845338684
2025-07-22,2025-06-26,26,3.4396130545361927e-10,0.0,-0.009990711471907332,-0.004492289654687176,-0.055491827645867575
2025-07-23,2025-06-26,27,3.2362148681747733e-13,-0.009990711471907332,-0.0034945605691132364,-0.005841136939703007,-0.05228906769250119
2025-07-24,2025-06-26,28,8.706256264381743e-14,-0.013450358894653403,-0.0061405604262733116,-0.0032975049473560336,-0.03491765617306397
2025-07-25,2025-06-26,29,1.6983682697284245e-11,-0.019508326579379065,0.0025990034716014687,0.0019214498643915778,-0.021759937204920088
2025-07-26,2025-07-26,0,4.2559170865859606e-17,-0.0169600253162826,0.01268283689644134,-0.018282820410686962,-0.032142472196614036
2025-07-27,2025-07-26,1,6.913065111379451e-17,-0.004492289654687176,-0.011332108758030257,-0.05122967653710098,-0.037041072121679286
2025-07-28,2025-07-26,2,1.7484570155461428e-15,-0.01577349129777783,-0.0009449246804570377,-0.04672083353943923,-0.004999986447835503
2025-07-29,2025-07-26,3,4.852518543549161e-15,-0.016703511217010636,-0.000936492482117024,-0.03172476379126332,-0.010818243138068673
2025-07-30,2025-07-26,4,5.377870347623354e-14,-0.01762436098644793,-0.017618930026484958,-0.02363597173462728,-0.011694216664417834
2025-07-31,2025-07-26,5,1.8286894250687946e-12,-0.034932768629951205,-0.021303240176054672,-0.014117764335880412,0.03049244636160009
2025-08-01,2025-07-26,6,5.263411964056492e-10,-0.055491827645867575,-0.00663366047376146,0.014954730417404916,0.04755664997586462
2025-08-02,2025-07-26,7,2.893499010133969e-10,-0.061757374175957724,0.014771247579330682,0.04376561301188353,0.06741871237938857
2025-08-03,2025-07-26,8,2.523360655131881e-12,-0.04789836006042958,0.00740949909288946,0.02159150608359428,0.07965787224802279
2025-08-04,2025-07-26,9,1.7980410546629957e-10,-0.040843763822958734,-0.008042064740672372,0.012230842927944963,0.028160959151459997
2025-08-05,2025-07-26,10,1.4368692523643931e-10,-0.04855736037071412,0.007557363439418818,0.045249025779869,0.028146035542879977
2025-08-06,2025-07-26,11,1.2525908915627006e-10,-0.0413669625512757,0.021564406024856986,0.032121550431172485,0.020770004801192288
2025-08-07,2025-07-26,12,1.2396509839895422e-11,-0.020694610502889343,-0.006786893320374743,0.022661313107692704,-0.0005703486302822691
2025-08-08,2025-07-26,13,1.5229536871747337e-10,-0.027341051709474207,-0.0018212168289383213,0.05683912387548484,-0.003837077331391492
2025-08-09,2025-07-26,14,3.2814616971682904e-11,-0.02911247455491839,0.024314831629991707,0.01573763172186693,-0.030819514477867238
2025-08-10,2025-07-26,15,6.873272229892194e-17,-0.005505507842062052,-0.005096735368355865,-0.01636259859149669,-0.04210412576457101
2025-08-11,2025-07-26,16,6.674943890454465e-18,-0.010574183093878475,0.012200933555769122,-0.010998264327721885,-0.05212072190485817
2025-08-12,2025-07-26,17,5.594931485536453e-13,0.0,0.02640674486373884,-0.02271686768650505,-0.026621005463229097
2025-08-13,2025-07-26,18,1.435965179898352e-12,0.0,-0.0406413517932519,-0.057412902149547196,-0.0638115952266235
2025-08-14,2025-07-26,19,5.4998282504445234e-11,-0.0406413517932519,-0.008056462867562786,-0.0458357992711278,-0.040589174073074386
2025-08-15,2025-07-26,20,1.706401999409804e-10,-0.04837038911920477,0.00032903805583761603,-0.026169731992921497,-0.06161533738331659
2025-08-16,2025-07-26,21,7.4059750988748e-10,-0.04805726676216304,0.0002074447357851561,-0.041579762799084596,-0.047856606020105885
2025-08-17,2025-07-26,22,2.305767035686952e-09,-0.04785979125338391,-0.010033302667407429,-0.003994889144849911,-0.05232315043455127
2025-08-18,2025-07-26,23,2.042677378673125e-09,-0.057412902149547196,-0.028858256318128994,-0.006788436943035214,-0.031491378297909156
2025-08-19,2025-07-26,24,1.0980378281640333e-06,-0.08461432222147691,0.012388265956393196,0.005498660706454439,-0.0398283237771605
2025-08-20,2025-07-26,25,3.519395590202791e-06,-0.07327428099248345,-0.01550031311465605,-0.03639813482377552,-0.04773650832877985
2025-08-21,2025-07-26,26,1.7855658808572235e-05,-0.08763881980850463,0.03943102222222228,-0.006549155555555575,-0.03781022222222219
2025-08-22,2025-07-26,27,2.557887291162903e-05,-0.05166348583768088,-0.012809914210329953,-0.04852210170709648,-0.06583576194121254
2025-08-23,2025-07-26,28,0.00024544145420063386,-0.0638115952266235,-0.01684418612407268,-0.02487178187781247,-0.036366172159006616
2025-08-24,2025-07-26,29,0.0016615522328789969,-0.07958092696382502,-0.029795603434519924,-0.04507910975412799,-0.015753136366555953
2025-08-25,2025-08-25,0,4.188401744432303e-05,-0.10700536865757937,0.01499600679235824,-0.011766657905888156,0.005620551006348284
2025-08-26,2025-08-25,1,2.9044132274715915e-05,-0.093614015100429,-0.004484570147495814,-0.03146714992642474,-0.009871136497319966
2025-08-27,2025-08-25,2,4.171734072030157e-05,-0.09767876663041819,0.011728082208833035,-0.01819659738306001,-0.009653250017683468
2025-08-28,2025-08-25,3,2.5689616540839403e-05,-0.08709626902668421,-0.03721786777462999,-0.011787568103945323,-0.012699647942690073
2025-08-29,2025-08-25,4,4.995044580346668e-05,-0.12107259937701542,0.004050014117334522,0.030710369505081436,0.034027666284668134
2025-08-30,2025-08-25,5,4.362282808712947e-05,-0.11751293099638027,-0.005238000583184466,0.017594234247745755,0.025088697624704004
2025-08-31,2025-08-25,6,8.395314945937191e-05,-0.12213539877847401,0.009155689776144893,0.022297657149640715,0.05278376591912792
2025-09-01,2025-08-25,7,4.7656297939712404e-05,-0.11409794282423058,0.018332454208457083,0.008701688487333437,0.057171526021028374
2025-09-02,2025-08-25,8,2.678178844702326e-05,-0.0978571839278779,0.004186443348935365,-0.0009229592841639711,0.04305474262362985
2025-09-03,2025-08-25,9,2.4255892161094354e-05,-0.09408041413574286,-0.008726859173089796,0.0032184567825583876,0.03771141152945523
2025-09-04,2025-08-25,10,2.876681653020923e-05,-0.10198624678372403,-0.0006401105671796081,0.007364883884683593,0.040974481641840255
2025-09-05,2025-08-25,11,3.37619590281453e-05,-0.10256107487663046,-0.004265498307021387,0.02982116662038381,0.04237954476590855
2025-09-06,2025-08-25,12,5.635177772223435e-05,-0.10638909909239924,0.008615913334277803,0.048051706551994755,0.05990663046065747
2025-09-07,2025-08-25,13,5.6524722973636195e-05,-0.09868982501561352,0.008349039125823854,0.04401832903324854,0.047780970824027325
2025-09-08,2025-08-25,14,5.449525260708842e-05,-0.09116475110016564,-0.0046298035528057335,0.03438229681052718,0.04469093580586958
2025-09-09,2025-08-25,15,0.00022017314887835126,-0.09537247976443719,0.02163772399985331,0.03336387667946927,0.036630410002511216
2025-09-10,2025-08-25,16,4.9795003033386835e-05,-0.0757983991589084,0.013361618111618068,0.012194717444717451,0.015142418392418477
2025-09-11,2025-08-25,17,6.97428386380786e-05,-0.06344957031032361,0.004734302604139096,0.011311392209516491,-0.0021682903299188316
2025-09-12,2025-08-25,18,6.0773787211742186e-05,-0.05901565717213608,-0.0009577743299932218,0.0036039997442027794,-0.029117011875091636
2025-09-13,2025-08-25,19,0.00013465616925646345,-0.0599169078206222,-0.005609813602322822,0.00996598552307848,-0.033812524322089255
2025-09-14,2025-08-25,20,0.00010833854074007914,-0.06519059873844368,0.000708782948538822,0.0031610678452764773,-0.01701261260604736
2025-09-15,2025-08-25,21,0.00010132937837451928,-0.06452802177469563,0.012477274541912609,0.0029121876422575355,-0.055095240378150945
2025-09-16,2025-08-25,22,1.5432844045989304e-05,-0.0528558810761125,-0.0029229646363835293,-0.013328913965840683,-0.061183009078940365
2025-09-17,2025-08-25,23,4.971645615433434e-05,-0.055624349841285614,0.005375293726559649,-0.03260350858270222,-0.05849618699708592
2025-09-18,2025-08-25,24,2.463394576186308e-05,-0.050548053333471676,-0.01230978514101344,-0.043346519063702904,-0.04193586714264108
2025-09-19,2025-08-25,25,2.8822985086106832e-05,-0.06223560279865359,0.0004605111474831336,-0.020110111025994692,-0.01141911980018051
2025-09-20,2025-08-25,26,6.019087653605314e-06,-0.06180375184002962,-0.003918723526854739,-0.0578389900284072,-0.014147824582880442
2025-09-21,2025-08-25,27,9.377680658767728e-07,-0.06548028355050095,-0.022400839209218093,-0.04850055483580151,0.029181924615053756
2025-09-22,2025-08-25,28,0.0001315576462947211,-0.08641430945653028,-0.005789474198140687,-0.02676532181386071,0.06993600322553761
2025-09-23,2025-08-25,29,0.0005478330356937044,-0.09170349023972224,0.011680482290881589,0.0014745693703861473,0.0913688360946725
2025-09-24,2025-09-24,0,2.446722428716007e-09,-0.0810941489425977,-0.03806040226993912,0.008869354938353391,0.08017156927639069
2025-09-25,2025-09-24,1,0.0001142071850189204,-0.11606807528204321,0.0059541541962351285,0.046373353368596826,0.13292249910981724
2025-09-26,2025-09-24,2,4.474583892459516e-05,-0.11080500830329765,-6.940678449951498e-05,0.08164216999354079,0.1369446020765852
2025-09-27,2025-09-24,3,2.1744662481894453e-05,-0.11086672446846435,0.02305906325348861,0.09936074741975376,0.10669046666760917
2025-09-28,2025-09-24,4,1.4201721568600176e-05,-0.09036414402720117,0.01915062727373651,0.08976190656623628,0.0993371756255017
2025-09-29,2025-09-24,5,3.39543449801491e-07,-0.07294404679463984,-0.002300984079006363,0.07067536940141683,0.06430158314143153
2025-09-30,2025-09-24,6,4.419890855170671e-07,-0.07507718778331351,0.03986061070454605,0.08271344588677865,-0.011174414350051287
2025-10-01,2025-09-24,7,1.3338373839648441e-09,-0.038209199633790325,0.01631063841735636,0.05112821376349874,-0.067039847130136
2025-10-02,2025-09-24,8,3.757249170823876e-10,-0.022521777655877262,0.014126434764644369,0.006667255734806421,-0.04621737361066003
2025-10-03,2025-09-24,9,8.108684015486777e-12,-0.008713495314072395,0.0013008050265068682,0.008786569801688682,-0.0578081026245173
2025-10-04,2025-09-24,10,1.5223105044845963e-12,-0.007424024846068411,0.008916587003946264,-0.005953052103504386,-0.07649957921742612
2025-10-05,2025-09-24,11,3.6204306117711943e-13,0.0,0.009525493975614863,-0.08671533598618297,-0.1030028511776302
2025-10-06,2025-09-24,12,3.2410999836520916e-14,0.0,-0.02667759465175834,-0.11242021605579533,-0.1320748662706943
2025-10-07,2025-09-24,13,1.8163967954836013e-14,-0.02667759465175834,0.016261452474369165,-0.05253436927067212,-0.12281305284343624
2025-10-08,2025-09-24,14,1.5827576595727935e-15,-0.010849958614949196,-0.013329440578722873,-0.06601463026941101,-0.1307397044750459
2025-10-09,2025-09-24,15,8.401432729705415e-14,-0.02403477531503262,-0.07305379476321361,-0.07096900932416261,-0.10701432817370027
2025-10-10,2025-09-24,16,1.1053660933047165e-06,-0.09533273853520174,-0.01888813517240162,-0.017833996160479537,-0.019884016333479693
2025-10-11,2025-09-24,17,2.194048469781697e-06,-0.11242021605579533,0.03899338782622541,-0.022144094052658714,-0.021209659051881435
2025-10-12,2025-09-24,18,1.0696000923221198e-07,-0.07781047331374158,0.0018023848543999854,-0.0741754437241865,-0.06429573029641922
2025-10-13,2025-09-24,19,3.933463228579684e-08,-0.07614833287795597,-0.018563291249153346,-0.06929988017296773,-0.04417814285466204
2025-10-14,2025-09-24,20,3.263962817094806e-07,-0.09329806044575839,-0.020038018850880857,-0.03879883363558845,-0.01790040957941974
2025-10-15,2025-09-24,21,1.0276518503518377e-06,-0.11146657100267654,-0.023193607123227156,-0.0020872440758344935,0.007971865766344344
2025-10-16,2025-09-24,22,1.2712837793619093e-05,-0.1320748662706943,-0.016291064555353674,0.0009555958041405077,0.05883046682319981
2025-10-17,2025-09-24,23,8.22482990230825e-05,-0.14621429065349234,0.007078061719969053,0.010671258783099269,0.07212110153668538
2025-10-18,2025-09-24,24,5.262057852273085e-05,-0.14017114270711017,0.01360050253295686,0.026992300509184997,0.05330446860060012
2025-10-19,2025-09-24,25,1.3068541638134588e-05,-0.12847703815558886,0.017390110967337113,0.021741987824685616,0.012688463973399733
2025-10-20,2025-09-24,26,1.3280459223215462e-06,-0.11332115713853219,-0.0202151248565009,0.010080149574662078,-0.01998704629578607
2025-10-21,2025-09-24,27,4.3388029130588734e-05,-0.13124548065459452,-0.006742804346575482,0.05781961883390463,0.012099429285967078
2025-10-22,2025-09-24,28,3.9651086041146644e-05,-0.1371033224037438,0.02334107793213258,0.0608010193419124,0.023526264081398685
2025-10-23,2025-09-24,29,3.2810034449501984e-06,-0.11696238380459134,0.008418652997351561,0.025620608916317567,0.004201559291768797
2025-10-24,2025-10-24,0,0.028546700578545987,-0.10952839653023372,0.005777943656356088,-0.008860870903975582,-0.03983473160506723
2025-10-25,2025-10-24,1,0.021311649611327626,-0.10438330177780031,0.026092497313165763,-0.029767138660342196,-0.09090361908194522
2025-10-26,2025-10-24,2,0.03871316699088652,-0.08101442548581106,-0.0039433691168074825,-0.043221158630369905,-0.0931764656588634
2025-10-27,2025-10-24,3,0.09924627275188158,-0.08463832481914191,-0.010597010805147522,-0.03513831018341007,-0.11183833862146841
2025-10-28,2025-10-24,4,0.5604990464771611,-0.09433842238165147,-0.02548449513700146,-0.020883989107024936,-0.08467228735204069
2025-10-29,2025-10-24,5,0.41485650215742736,-0.11741875045223538,-0.015437103127948992,-0.0312507697373845,-0.07006234884175588
2025-10-30,2025-10-24,6,0.1993725447745026,-0.13104324822029834,0.011863883235009975,-0.06301217249762936,-0.03323323752101126
2025-10-31,2025-10-24,7,0.08369028970612818,-0.12073404678091049,0.004471297307560018,-0.052211968815052745,-0.03281584986352726
2025-11-01,2025-10-24,8,0.09290205856744434,-0.11680258729165272,0.004019869552698729,-0.07949328825838053,-0.06393489079284742
2025-11-02,2025-10-24,9,0.19524285218357643,-0.11325224890328411,-0.03580256607793619,-0.06514886646255469,-0.0803895000464987
2025-11-03,2025-10-24,10,0.7391306753357001,-0.14500009385638557,-0.04771697260652341,-0.04006359736033038,-0.06465400123696974
2025-11-04,2025-10-24,11,0.9655897366148958,-0.18579810095642058,0.023527146851904046,0.03178156012548916,-0.068013882547719
2025-11-05,2025-10-24,12,0.9988241283804892,-0.16664225331052318,-0.024441604556416086,0.020464616890420118,-0.07978925960166017
2025-11-06,2025-10-24,13,0.9990727422148741,-0.1870108538091333,0.01966569192047385,0.016901992421213707,-0.06990505006411685
2025-11-07,2025-10-24,14,0.9989244023182289,-0.17102285972545472,-0.009929834869828569,-0.016302738518670812,-0.10764504580454948
2025-11-08,2025-10-24,15,0.9987727765245705,-0.17925446583924365,0.023555378234659363,-0.025616701074174908,-0.09140691294766823
2025-11-09,2025-10-24,16,0.9966008199176417,-0.15992149434767955,0.012300740926345144,-0.09672148304440598,-0.1257412892072569
2025-11-10,2025-10-24,17,0.9971210138733254,-0.14958790629185925,-0.027847453375886122,-0.0982433636920953,-0.1827534523969323
2025-11-11,2025-10-24,18,0.9966613123676683,-0.1732697174216864,-0.013629281637633106,-0.08536421713428399,-0.1739737600766319
2025-11-12,2025-10-24,19,0.9993433830474792,-0.18453745728130622,-0.0193041381300183,-0.09285611626927592,-0.16639353527054457
2025-11-13,2025-10-24,20,0.9993121982162815,-0.2002792588458039,-0.05113769386957956,-0.06751984762672081,-0.12901754824508527
2025-11-14,2025-10-24,21,0.9998790599693334,-0.24117513328810036,0.010595175169672455,-0.03212719622809046,-0.06653688394612767
2025-11-15,2025-10-24,22,0.9998510839781087,-0.23313525090218434,-0.013962892264381965,-0.09371717967150184,-0.08605233846017368
2025-11-16,2025-10-24,23,0.9998740787148886,-0.24384290077518955,-0.02170877083991085,-0.09687959360688747,-0.040073862652639236
2025-11-17,2025-10-24,24,0.9999369270479491,-0.26025814196123265,0.0080864161785148,-0.08106477960126712,-0.009555806129015298
2025-11-18,2025-10-24,25,0.9999053629796874,-0.2542762814324634,-0.015123251373723723,-0.06595068051780517,-0.022268841618561352
2025-11-19,2025-10-24,26,0.999914788614215,-0.26555404868370824,-0.05371341978632305,-0.035551869609249054,-0.008219325310174441
2025-11-20,2025-10-24,27,0.9999367830257304,-0.30500365237712557,-0.01740360350856096,0.008457449528338046,0.042969633262744056
2025-11-21,2025-10-24,28,0.9999928678944398,-0.317099093251052,-0.00457761786963673,0.06289939918545229,0.013586135840448987
2025-11-22,2025-10-24,29,0.9999917266389213,-0.3202251526449772,0.02466682102163631,0.07781720831336036,0.07715553528958186
2025-11-23,2025-11-23,0,0.9996568471565326,-0.30345726815026064,0.01692974778302414,0.04676609466774151,0.07601001957848674
2025-11-24,2025-11-23,1,0.999517571026453,-0.29166497537994585,-0.010532841389259029,0.028340087390703594,0.04278651837072278
2025-11-25,2025-11-23,2,0.9996171692451737,-0.2991257558447258,0.035642227603171595,0.034222746582463826,0.022434255435163086
2025-11-26,2025-11-23,3,0.9996467884927388,-0.27414503651334265,0.009393150304329856,-0.046395043014225146,-0.01378398086203525
2025-11-27,2025-11-23,4,0.9997164407875335,-0.2673269717421687,-0.004853069422706469,-0.0006139009645371729,-0.010277010903393502
2025-11-28,2025-11-23,5,0.999618365658587,-0.2708826848124485,-0.000971056444718732,0.02793740173637116,-0.002820530593339088
2025-11-29,2025-11-23,6,0.9996024314997767,-0.2715906988803173,-0.004872556288134988,0.014048300904689226,0.02066420241570599
2025-11-30,2025-11-23,7,0.9998421158757043,-0.27513991420082407,-0.0450862107127048,-0.011398406374502068,0.0183197211155377
2025-12-01,2025-11-23,8,0.9997686974336019,-0.307821108766395,0.05785259974357393,0.03419766425634929,0.07217125928061807
2025-12-02,2025-11-23,9,0.9996963758514213,-0.2677767604209065,0.023577125147954625,-0.009669045775383966,-0.011059196379232361
2025-12-03,2025-11-23,10,0.9995961621314587,-0.25051304146510944,-0.014469557138797606,-0.029921989683179717,-0.03414258489916777
2025-12-04,2025-11-23,11,0.9996893835283659,-0.26135778583641356,-0.029844460232980596,0.0065242469270097025,-0.04241933420404387
2025-12-05,2025-11-23,12,0.9998072249383001,-0.28340216402341956,-0.0010438817669845557,0.030060772389668644,-0.03244104670724424
2025-12-06,2025-11-23,13,0.9997130622971697,-0.28415020743865604,0.01298253780755676,0.0367179276618983,-0.015390177078310363
2025-12-07,2025-11-23,14,0.9996683637921724,-0.2748566604421967,0.0026442743544992098,-0.0014037232683863365,-0.04593258212179363
2025-12-08,2025-11-23,15,0.9996884982592721,-0.2729391825060682,0.022557233825501566,-0.004350779185902431,-0.05646789064718727
2025-12-09,2025-11-23,16,0.998791185281918,-0.2565387016404973,-0.007158379262571457,-0.0486263309408409,-0.04900646102452777
2025-12-10,2025-11-23,17,0.9993403599353399,-0.2618606795811984,0.005412247975528528,-0.06067779763315617,-0.03971586486040324
2025-12-11,2025-11-23,18,0.999403995398672,-0.25786568653860364,-0.02426632774632176,-0.050262567425382265,-0.04166445977868283
2025-12-12,2025-11-23,19,0.9995284888138188,-0.2758745610208494,-0.00031472800786813693,-0.04459145291343303,-0.018252562745642464
2025-12-13,2025-11-23,20,0.9995352203411636,-0.27610246357770596,-0.022914891077693733,-0.05234485235540187,-0.030518724454928536
2025-12-14,2025-11-23,21,0.9996968949251172,-0.2926904967762337,-0.019735138649757622,-0.0003995591806348342,-0.005701572276150202
2025-12-15,2025-11-23,22,0.99932769110771,-0.3066493478906459,0.016560286412174774,0.02231601970009267,0.009177032416667563
2025-12-16,2025-11-23,23,0.9997022620147543,-0.2951672625076469,-0.018439983328670806,0.00905314179666572,-0.005620769143746096
2025-12-17,2025-11-23,24,0.9994169438426769,-0.30816436643650724,-0.008427445079160933,0.02756819608544281,0.018943981915331864
2025-12-18,2025-11-23,25,0.9995518566053476,-0.31399477324217007,0.03064359226492308,0.023031719876921875,0.028489268901723097
2025-12-19,2025-11-23,26,0.999599142139752,-0.29297310878179705,0.002541045786250251,-0.005304132410315243,-0.010209226687470596
2025-12-20,2025-11-23,27,0.9993614804479661,-0.2911765210791014,0.003372079732098854,-0.012852177829786648,0.0014100127997791478
2025-12-21,2025-11-23,28,0.9996845121827075,-0.2887863117921965,-0.00042939870871350205,-0.014542257818338733,-0.011399199132495097
2025-12-22,2025-11-23,29,0.9993523355012196,-0.2890917060315322,-0.012805008847246668,-0.008392838745851838,0.002462740402111141
2025-12-23,2025-12-23,0,0.9997076481698953,-0.2981948930253795,0.002096906933680698,0.0053346821205679795,0.028680360286217343
2025-12-24,2025-12-23,1,0.9997117533084816,-0.29672327303047186,-0.00506653115766087,-0.004931250281597466,0.033746761272028136
2025-12-25,2025-12-23,2,0.9996723766465534,-0.3002864464801207,0.0016542224518192317,0.014447877318121138,0.049348772437161736
2025-12-26,2025-12-23,3,0.9995626812792688,-0.2991289646100459,0.005808086935541468,0.0031894403497052526,0.07428388102217753
2025-12-27,2025-12-23,4,0.9995061725228704,-0.29505824470589825,0.0008614312207482211,0.010947459409463178,0.06680882747376149
2025-12-28,2025-12-23,5,0.9995413191336306,-0.2944509858690788,-0.008135963064696994,0.023221797259004306,0.03878732105014149
2025-12-29,2025-12-23,6,0.9996333101497278,-0.3001913065883812,0.014309961824741313,0.03886968771210131,0.044279998665705866
2025-12-30,2025-12-23,7,0.9996253339881083,-0.29017707090103884,-0.009462229344042727,0.03440383276399328,0.024363203503760866
2025-12-31,2025-12-23,8,0.999750728176146,-0.2968935782498334,0.013586356916318376,0.0708684101057615,0.03259027964287231
2026-01-01,2025-12-23,9,0.9990343438574494,-0.28734092345378026,0.013013310364452524,0.05525645031733806,0.024478089812767
2026-01-02,2025-12-23,10,0.9975959934207344,-0.2780668697066402,0.007032380529924165,0.015212267597146667,0.014457115623923045
2026-01-03,2025-12-23,11,0.9973745646091259,-0.27298996121725794,0.00994968332637991,0.005207882198892122,0.05280917014507991
2026-01-04,2025-12-23,12,0.9976202939907913,-0.26575644155627043,0.025455991184503812,-0.009706682189491889,0.059238129512673154
2026-01-05,2025-12-23,13,0.9695243853678803,-0.24706554400524816,-0.0011905001624232803,-0.035744943171036936,0.018592535604467608
2026-01-06,2025-12-23,14,0.9471807550077058,-0.24796191259740408,-0.02542785726453589,-0.029166711556527614,0.019232096438994928
2026-01-07,2025-12-23,15,0.9802847141314185,-0.2670846297413718,-0.0028913963637382523,-0.0007438365328374941,0.041412409417434626
2026-01-08,2025-12-23,16,0.9889822787093133,-0.2692037785778655,-0.0050352365571061375,0.04735467040117114,0.028245337897402578
2026-01-09,2025-12-23,17,0.9974441188855242,-0.27288351042776526,-0.0015068189681346489,0.06962059670825482,0.021951587621004576
2026-01-10,2025-12-23,18,0.997778741042282,-0.27397914334629625,0.005623464858730998,0.05635176957660759,-0.022949526378188034
2026-01-11,2025-12-23,19,0.9951326557194463,-0.2698963905721983,0.003104479383037706,0.04985285174256848,-0.017128419748026813
2026-01-12,2025-12-23,20,0.9945574041525836,-0.2676297989692483,0.04510373925749378,0.04218762664820663,-0.01902083547836597
2026-01-13,2025-12-23,21,0.9822244374885274,-0.23459716438199896,0.01611692204498283,-0.01824533087387592,-0.06093172909635913
2026-01-14,2025-12-23,22,0.9776085279412334,-0.22226122654733482,-0.013893298297359746,-0.044566278205516174,-0.07969363739376423
2026-01-15,2025-12-23,23,0.9710840728048122,-0.23306658332433539,-0.0005633608354392861,-0.07507091694140877,-0.09345179321540342
2026-01-16,2025-12-23,24,0.9657673119877457,-0.23349864357467998,-0.00421942473825998,-0.06380062823034505,-0.07539287420929608
2026-01-17,2025-12-23,25,0.9697136205426176,-0.2367328383598909,-0.015498313833314237,-0.05873075112532855,-0.06198537285739858
2026-01-18,2025-12-23,26,0.9839919243719635,-0.24856219236965227,-0.011125280950334271,-0.043479699730360366,-0.046685207734041945
2026-01-19,2025-12-23,27,0.9913705451711268,-0.2569221490962432,-0.045377249516900364,-0.03676587751400717,-0.0861573339378825
2026-01-20,2025-12-23,28,0.9985397222917539,-0.29064097814718504,0.01161480468893994,-0.019872741176233832,-0.04712518684764466
2026-01-21,2025-12-23,29,0.9984350251361703,-0.28240191165402706,0.0011731073359675381,-0.012382240715499315,-0.11976605373466553
2026-01-22,2026-01-22,0,0.9996060612139551,-0.28156009207231203,0.0004532173912654702,-0.003457694741394235,-0.1405929700276921
2026-01-23,2026-01-22,1,0.9994167623411121,-0.2812344826114601,-0.004184362857875601,-0.003351217954054908,-0.1212234205570385
2026-01-24,2026-01-22,2,0.9994689278482675,-0.2842420583459424,-0.02863513885181046,-0.051276688886811694,-0.15079942536503632
2026-01-25,2026-01-22,3,0.9998445097680917,-0.3047378863894924,0.019345944795891024,-0.027805007386608294,-0.15581485988981703
2026-01-26,2026-01-22,4,0.999858719220237,-0.291287383920909,0.010220145363038613,-0.10873013573283918,-0.28792372085189455
2026-01-27,2026-01-22,5,0.9998252036327275,-0.2840442379639614,0.0005601120448179842,-0.13761109243697467,-0.20918476190476198
2026-01-28,2026-01-22,6,0.9998204146264682,-0.28364322251808816,-0.052069770668507376,-0.11826854627867267,-0.22408300381668578
2026-01-29,2026-01-22,7,0.9999799015337361,-0.3209437556384023,-0.004603299036883057,-0.10490175092403842,-0.16916424020935106
2026-01-30,2026-01-22,8,0.9999490397662747,-0.32406965459406145,-0.06550401024252306,-0.1316709646478439,-0.1676051254864528
2026-01-31,2026-01-22,9,0.9999945953723495,-0.3683458028627642,-0.02251530935119128,-0.20105423991463667,-0.1257259710273252
2026-02-01,2026-01-22,10,0.9999965779035987,-0.38256769251428735,0.023001704210088736,-0.08299465454633814,-0.12843861121364264
2026-02-02,2026-01-22,11,0.9999964486471233,-0.3683656972077485,-0.03769942090671896,-0.12000757950896002,-0.15832689959855784
2026-02-03,2026-01-22,12,0.999997315086263,-0.3921779446478355,-0.03437208369885747,-0.07179378280725368,-0.09127927717238737
2026-02-04,2026-01-22,13,0.9999933003061005,-0.41307005520841167,-0.14017431361060217,-0.04138311558824659,-0.0456890873786302
2026-02-05,2026-01-22,14,0.9999999649409196,-0.4953425573570812,0.12192683309102881,0.09428458432430142,0.09414613225971258
2026-02-06,2026-01-22,15,0.9999999195248389,-0.43381127357981253,-0.01828953307907888,-0.04955691577220023,-0.02391362684127263
2026-02-07,2026-01-22,16,0.9999999407401479,-0.44416660102067607,0.015023947392803993,-0.04354505697698563,-0.025773935341895093
2026-02-08,2026-01-22,17,0.999999808923318,-0.43581578927524733,-0.0027353755233514576,-0.020992635046191976,-0.055017191717149916
2026-02-09,2026-01-22,18,0.9999997760268873,-0.43735904495592515,-0.01848798083777703,-0.0044918589067267645,-0.04468718811485939
2026-02-10,2026-01-22,19,0.9999998462535438,-0.4477611401513286,-0.025548184817570818,-0.00012652290507619846,-0.011930049538583565
2026-02-11,2026-01-22,20,0.9999999002874868,-0.4618698406061871,-0.01207989801217968,0.026980351960540272,0.01331807451479139
2026-02-12,2026-01-22,21,0.9999999297406432,-0.4683703980489423,0.03895737833844892,0.01858019738903982,0.020690887291000104
2026-02-13,2026-01-22,22,0.9999997851832712,-0.4476595025098159,0.014073119396473155,-0.034754137597895696,-0.06096875183359107
2026-02-14,2026-01-22,23,0.9999999064942163,-0.4398863487411292,-0.014184018291979905,-0.04037669562801349,-0.08256311141250827
2026-02-15,2026-01-22,24,0.9999998927446856,-0.4478310110161726,0.0008695010415125104,-0.011805020238962571,-0.012269480527971055
2026-02-16,2026-01-22,25,0.9999999157440609,-0.44735089950516027,-0.02016056045635184,-0.013303348423041594,-0.020426772578641783
2026-02-17,2026-01-22,26,0.999999925300232,-0.45849261510683503,-0.015443935368111283,0.002072188235517025,-0.02416792487265851
2026-02-18,2026-01-22,27,0.9999999417930531,-0.46685562016048,0.008166142549765887,-0.02715848392290221,0.007707678187207412
2026-02-19,2026-01-22,28,0.9999999100845707,-0.4625018871551039,0.01516751380855963,-0.04396143319185353,-0.018316293734692013
2026-02-20,2026-01-22,29,0.9999998544883998,-0.4543493771064542,-0.0006480445974648141,-0.0004700087518364482,0.011908995602911698
2026-02-21,2026-02-21,0,0.9999998979517829,-0.4547029830447237,-0.004891878639983305,-0.00721946724377287,0.005326444228126226
2026-02-22,2026-02-21,1,0.9999999163452012,-0.45737050987441374,-0.04416365824308055,-0.026185851095598234,0.0742625296776922
2026-02-23,2026-02-21,2,0.9999999791744723,-0.48133501322893724,-0.009246934778849636,0.035839508834598854,0.09642876254987565
2026-02-24,2026-02-21,3,0.9999999508445562,-0.4861310745336821,0.06134879012272432,0.02682437753822109,0.0633154407362686
2026-02-25,2026-02-21,4,0.9999997498294271,-0.4546058376746591,-0.007396300878801609,0.01238482533104368,-0.010665552353031349
2026-02-26,2026-02-21,5,0.9999998086183345,-0.4586397369967593,-0.023902729458526895,0.012637144925745192,-0.02243425889950945
2026-02-27,2026-02-21,6,0.9999999525426493,-0.47157972490292277,0.016716637240956178,0.10314943655963593,0.03886410179727062
2026-02-28,2026-02-21,7,0.9999998778612701,-0.4627463148533586,-0.01786966917841526,0.058492897015913536,0.04442623817326519
2026-03-01,2026-02-21,8,0.999999916785283,-0.4723468604718136,0.04642374393153048,0.035537784256284954,0.06712719609307105
2026-03-02,2026-02-21,9,0.9999998512185955,-0.4478512262376889,-0.007148911391331003,-0.022768395087843785,0.024862392971907843
2026-03-03,2026-02-21,10,0.9999999057258648,-0.4517984888961478,0.06334352775907992,-0.034633732330475064,0.03792911703590973
2026-03-04,2026-02-21,11,0.9999997164775885,-0.4170734712599714,-0.02444102029029227,-0.058274366674065714,-0.02002043024617728
2026-03-05,2026-02-21,12,0.9999999295288109,-0.43132079037665605,-0.0391687374595715,-0.013289327573482113,0.027147700009253706
2026-03-06,2026-02-21,13,0.9999999838265891,-0.45359523703710947,-0.012495371731106153,0.030505320343741316,0.09940170907545887
2026-03-07,2026-02-21,14,0.9999998487226284,-0.4604227676659778,-0.01920389706600567,0.048740531743274085,0.09881300110268798
2026-03-08,2026-02-21,15,0.9999986682527163,-0.47078475329488056,0.03730355064027946,0.07516613310050446,0.0799642874466433
2026-03-09,2026-02-21,16,0.9999985938642402,-0.4510431455398082,0.022160194855752158,0.04062110563220567,0.021887954435458434
2026-03-10,2026-02-21,17,0.9999981783603721,-0.4388781546775695,0.0034772661022810514,0.040981646102289604,0.00803589720055986
2026-03-11,2026-02-21,18,0.9999985297879043,-0.43692698470558056,0.0049789249066771735,0.06685689765166503,-0.018146548616891023
2026-03-12,2026-02-21,19,0.9999980640051529,-0.4341234864454533,0.005509677020595349,0.04774533628082489,-0.03802507862765292
2026-03-13,2026-02-21,20,0.999997454126831,-0.4310056896222272,0.0039750458198222205,0.00446270971380236,-0.0003320174820246047
2026-03-14,2026-02-21,21,0.9999970375529976,-0.4287439111672574,0.022514339236602954,-0.018001894344980007,-0.009200843397772274
2026-03-15,2026-02-21,22,0.9999938837545234,-0.41588245779230204,0.028420286742171008,-0.031648731776479866,-0.020307699322284822
2026-03-16,2026-02-21,23,0.999989136069067,-0.39928166975162716,-0.013024161019872249,-0.07967652124259883,-0.080982663073764
2026-03-17,2026-02-21,24,0.9999898140505672,-0.4071055220123707,-0.03602818371042593,-0.08186189137613964,-0.10150378788288794
2026-03-18,2026-02-21,25,0.9999956424897116,-0.42846643318620614,-0.018478651735228002,-0.004773424786663316,-0.06834731904173863
2026-03-19,2026-02-21,26,0.9999927951352107,-0.4390276029223509,0.008304447304447349,0.008962390962391042,-0.056042757042757185
2026-03-20,2026-02-21,27,0.9999920454533766,-0.43436903721157005,-0.022586775090826627,0.011711692674292395,-0.05266375770042375
2026-03-21,2026-02-21,28,0.9999932456458215,-0.44714481655248006,-0.015367801675379322,-0.0014192203733938147,-0.009194098736297507
2026-03-22,2026-02-21,29,0.9999960403352905,-0.455640985366907,0.044908560397294295,-0.021393182923414744,0.0037566129769079915
2026-03-23,2026-03-23,0,0.9999473525212432,-0.4311946056804451,-0.004931991377371103,-0.06387881497381409,-0.056475257187463046
2026-03-24,2026-03-23,1,0.9999321350969801,-0.4339999489806313,0.011051956198656399,-0.06442772157557186,-0.050915617700024174
2026-03-25,2026-03-23,2,0.9999024896802479,-0.42774454120832794,-0.035272531478612756,-0.06363023264518197,-0.056578445853758264
2026-03-26,2026-03-23,3,0.9998832271567847,-0.4479294398923651,-0.035062759816106626,-0.007785928310988455,0.003107658189857032
2026-03-27,2026-03-23,4,0.999700617952908,-0.46728655734296265,-0.00045552234634516076,0.025699591972446312,0.036839033310805736
2026-03-28,2026-03-23,5,0.9997896289064042,-0.4675292202202913,-0.00551546220130672,0.007908760003272342,0.08357092807557076
2026-03-29,2026-03-23,6,0.9997825258544806,-0.4704660426794667,0.01191378458082637,0.014442608216548525,0.0766388232978994
2026-03-30,2026-03-23,7,0.9998278941797982,-0.46415728918371735,0.022263002270897836,0.0075309851271090356,0.07471252236427883
2026-03-31,2026-03-23,8,0.9996170706927748,-0.4522278216959704,-0.0024977857340350296,0.010979068742999809,0.0685107362610069
2026-04-01,2026-03-23,9,0.99853289116772,-0.4535960392284395,-0.01779269200774225,0.010860335156162026,0.0723675865373774
2026-04-02,2026-03-23,10,0.999069054483274,-0.4633180366142584,0.0009313624303253221,0.07506846956271396,0.05738229909155157
2026-04-03,2026-03-23,11,0.999049878601239,-0.4628181911965277,0.0050193909291964545,0.06131072825371109,0.1113084135875384
2026-04-04,2026-03-23,12,0.9986829833186293,-0.4601218656980901,0.025761503420038023,0.06667937584936334,0.1015020411462515
2026-04-05,2026-03-23,13,0.9992459076840471,-0.44621379329486777,-0.0026149365430282456,0.05690688293827795,0.0836659463471574
2026-04-06,2026-03-23,14,0.9995743618575482,-0.447661909083806,0.04459545069935267,0.06084643866426265,0.09150755384681064
2026-04-07,2026-03-23,15,0.9987383096281164,-0.4230301429809782,-0.011877640105099618,-0.016451203780868284,0.07157227426310642
2026-04-08,2026-03-23,16,0.9992549082423084,-0.429883183294141,0.010103288409036182,0.047109375230846684,0.06503214509990385
2026-04-09,2026-03-23,17,0.9996019731392164,-0.4241231286681201,0.01636388380950171,0.0326458597450241,0.028052332445115624
2026-04-10,2026-03-23,18,0.9993750678837154,-0.41469954645706586,0.0011027552434326182,0.025318279065879024,0.03944851273321848
2026-04-11,2026-03-23,19,0.9979866639502021,-0.4140541033129378,-0.03151807780495819,0.02890250093232538,0.04508279762266576
2026-04-12,2026-03-23,20,0.9987213872907267,-0.4325219916742167,0.0519784995910435,0.08949579154826526,0.1051335449409947
2026-04-13,2026-03-23,21,0.9980758484857353,-0.4030253362505287,-0.0038490692909066704,0.017116425745978825,0.051593573005666915
2026-04-14,2026-03-23,22,0.9982183209051734,-0.40532313309621626,0.009151838859432937,-0.004448308446268978,0.044590730937097645
2026-04-15,2026-03-23,23,0.9942834331158902,-0.3998807462368803,0.004602326507462173,0.013781314500910913,0.037628797972035555
2026-04-16,2026-03-23,24,0.9977935631354405,-0.3971188014876478,0.02551697314950352,0.015725782254080167,0.04661423852184643
2026-04-17,2026-03-23,25,0.9975611201029848,-0.38173509813286755,-0.017908449242267088,0.014353202200539705,0.0038836412705003376
2026-04-18,2026-03-23,26,0.998600077043603,-0.3928072637462303,-0.024969296525804152,0.03389695258770575,0.008600804103379378
2026-04-19,2026-03-23,27,0.9996560901316974,-0.40796843922606507,0.027630495141107048,0.04925815484963181,0.026804363417201715
2026-04-20,2026-03-23,28,0.9998197383934672,-0.39161031406271885,0.006529188643024986,0.02352330145566439,0.006666581400528004
2026-04-21,2026-03-23,29,0.9999025210589912,-0.3876380230347636,0.02413116197240761,0.03041023158752454,0.024824149501907256
2026-04-22,2026-04-22,0,0.9999774202121992,-0.3728610169828718,0.001013709315240252,-0.010321415565432868,0.006505903241861732
2026-04-23,2026-04-22,1,0.999993472632466,-0.37222528035383695,-0.010482704017558353,-0.024466798573120285,0.003975211059696893
2026-04-24,2026-04-22,2,0.9999928515862118,-0.37880605692959335,0.0024260971448708535,-0.021399682555384048,0.031301263360354215
2026-04-25,2026-04-22,3,0.9999866577983854,-0.3772989800778992,0.01330177133655397,-0.016469307568437896,0.042261127214170635
2026-04-26,2026-04-22,4,0.9999838604795902,-0.3690159534998564,-0.016352276418474698,-0.005421221484777972,0.03546334712942367
2026-04-27,2026-04-22,5,0.9999918435549028,-0.37933397904387445,-0.013293685567210223,0.017002811894639924,0.03405241115183233
2026-04-28,2026-04-22,6,0.9999806172219655,-0.38758491796871675,-0.007371621438415188,0.029155347651126595,0.05043568631318984
2026-04-29,2026-04-22,7,0.9999810275771246,-0.3920994101166274,0.007476510952758142,0.053853391396146755,0.06463974663499594
2026-04-30,2026-04-22,8,0.9999857114847835,-0.3875544346981762,0.024684278547156602,0.059713881055822204,0.0768010927013485
2026-05-01,2026-04-22,9,0.9999934958690195,-0.37243665776929513,0.005825302536215382,0.04110742104837284,0.044924827239488874
2026-05-02,2026-04-22,10,0.9999861377162899,-0.3687809114401628,-0.0015031736560809916,0.016764554687346056,0.023099412417703746
2026-05-03,2026-04-22,11,0.9999885802610794,-0.3697297433453014,0.01644983483853646,0.02067747955702881,0.009482672269585546
2026-05-04,2026-04-22,12,0.9999913959073933,-0.3593619017196896,0.013079098298406366,0.010235157306425213,0.015388986440316943
2026-05-05,2026-04-22,13,0.9999913347418918,-0.3509829330585774,0.006692868422327525,0.016124363331451397,-0.022153123791800566
2026-05-06,2026-04-22,14,0.9999910751666492,-0.34663914722569344,-0.017692607745821376,0.0036666784943977238,-0.040504372106477504
2026-05-07,2026-04-22,15,0.9999896413269554,-0.3581988045103047,0.0023394495412842886,0.006230407719421072,-0.031851736119791085
2026-05-08,2026-04-22,16,0.9999864128834837,-0.35669734299792055,0.006050764672352882,-0.010968016353512411,-0.03979515961272018
2026-05-09,2026-04-22,17,0.9999868803324796,-0.35280487000730154,0.018984883190544366,0.005101613319054454,-0.047646458035855876
2026-05-10,2026-04-22,18,0.9999922316927814,-0.340517946062901,-0.005649186285816454,-0.037670081049681614,-0.056657779272052844
2026-05-11,2026-04-22,19,0.999985989080112,-0.34424348303774455,-0.015183437895472052,-0.04400968124909388,-0.05052415633125418
2026-05-12,2026-04-22,20,0.9999521058493304,-0.35420012138759205,-0.014792470529897295,-0.03784634567496692,-0.06167322137516096
2026-05-13,2026-04-22,21,0.9993408434240881,-0.36375309706017733,0.02239691271145028,-0.029146826124797576,-0.03229710512483297
2026-05-14,2026-04-22,22,0.9998447239436855,-0.3495031307121036,-0.024377608136343376,-0.05248033696884169,-0.049636582764407744
2026-05-15,2026-04-22,23,0.9989708013110984,-0.36536068848552206,-0.012199732509905803,-0.01973096528380036,-0.022640972348360155
2026-05-16,2026-04-22,24,0.9993994156190841,-0.3731031183262694,-0.008834257540655255,-0.006814373487246339,-0.028382538015983894
2026-05-17,2026-04-22,25,0.9996352521360344,-0.3786412868304089,-0.005884504400919921,-0.02476410664043982,-0.03883889097102966
2026-05-18,2026-04-22,26,0.9998823217122489,-0.38229767491260525,-0.0021754017142699977,-0.0032448562612830134,-0.043951659875273164
2026-05-19,2026-04-22,27,0.9998084830927422,-0.383641425609509,0.009343085567446563,0.0030012614148149375,-0.04390717902771624
2026-05-20,2026-04-22,28,0.9994872077452561,-0.3778827347087492,0.000816095165800057,-0.0029685800137533302,-0.04729522284530041
2026-05-21,2026-04-22,29,0.9990887952340838,-0.3773750278159843,-0.026747485554435513,-0.021716146461429497,-0.050777602211516504
2026-05-22,2026-05-22,0,8.815298314878187e-05,-0.39402868026530713,0.01605133737978126,-0.014432184486262156,-0.05468132566405659
2026-05-23,2026-05-22,1,6.400398076491648e-05,-0.38430203016977416,0.0040774176467823775,-0.04083932134155188,-0.13017483190342494
2026-05-24,2026-05-22,2,5.97477037873704e-05,-0.3817915724025004,0.003335497741126403,-0.04676807721693499,-0.16767944861062678
2026-05-25,2026-05-22,3,5.003084467027921e-05,-0.3797295395887037,-0.018002635989416205,-0.04445862180768434,-0.17376708132652008
2026-05-26,2026-05-22,4,6.655041798135231e-05,-0.3908960429024758,-0.019500985183592,-0.02970656793012405,-0.19588486818321238
2026-05-27,2026-05-22,5,9.52045336896167e-05,-0.402774170145102,-0.011172569789104858,-0.04083853038242147,-0.18220023559657372
2026-05-28,2026-05-22,6,0.00010177615789194088,-0.40944671740901184,-0.0021289771957785364,-0.0931392545061629,-0.13971540194717258
2026-05-29,2026-05-22,7,0.0001979203187215666,-0.4107039918805402,0.0057663422577327594,-0.12684360280410856,-0.14122896598702062
2026-05-30,2026-05-22,8,0.0008148061630210907,-0.4073059094066078,-0.0028421433596654833,-0.13532481425708665,-0.1645054069615256
2026-05-31,2026-05-22,9,9.524895447994377e-05,-0.4089904309805008,-0.030750034034893292,-0.1712660260912917,-0.16509671814045557
2026-06-01,2026-05-22,10,0.0005262995503337055,-0.42716399534279803,-0.06509090603552203,-0.1473805085920662,-0.10899075605421726
2026-06-02,2026-05-22,11,0.0747779030771579,-0.46445040989570385,-0.039215809629688625,-0.05135975691135053,-0.04764500381436243
2026-06-03,2026-05-22,12,0.8360961588758118,-0.4854524206684917,-0.004002946552806086,-0.016475127742418327,0.004914974802296523
2026-06-04,2026-05-22,13,0.9909651725468054,-0.4875121271274314,-0.04429014874779269,-0.03374746168917475,0.029121564837611524
2026-06-05,2026-05-22,14,0.9985570097110795,-0.5102102912483975,-0.0028146075264422477,0.007444256112415282,0.08635071762255508
2026-06-06,2026-05-22,15,0.9999456873933197,-0.5115888570490237,0.040197179517585946,0.04502565672578718,0.07867980452206136
2026-06-07,2026-05-22,16,0.9999819310534859,-0.49195610665743394,-0.003884607483640612,0.003915871294784434,0.018590756870025205
2026-06-08,2026-05-22,17,0.9999764157592755,-0.4939296577675304,-0.021494312762627588,0.02174841038398556,-0.0020286596120627776
2026-06-09,2026-05-22,18,0.9999764876229418,-0.504807291983365,-0.003547869755386346,0.0650647983152437,0.02938457800097205
2026-06-10,2026-05-22,19,0.999969132377243,-0.5065641712152251,0.03438409949181431,0.07832340204571575,0.045309301638617905
2026-06-11,2026-05-22,20,0.9999180590486948,-0.48959782458546364,-0.0007226606611543396,0.03220413544842282,-0.004935090204490344
2026-06-12,2026-05-22,21,0.9999352505814326,-0.48996667215900325,0.013809371845018514,0.01461764475972882,0.0069204141364558325
2026-06-13,2026-05-22,22,0.99994192525514,-0.4829234322814947,0.019988826834709927,-0.02327096353114222,-0.026737406258741214
2026-06-14,2026-05-22,23,0.9999081763846785,-0.4725876783090833,0.00885659986204601,-0.03350051599744164,-0.0710070277558712
2026-06-15,2026-05-22,24,0.9991903963520316,-0.46208019074497586,-0.009855908615179598,-0.03061614015282066,-0.0985204905143684
2026-06-16,2026-05-22,25,0.996694211060505,-0.46738187922728824,-0.01774815108516914,-0.03598050460898283,-0.08492941226807571
2026-06-17,2026-05-22,26,0.9990557116778044,-0.4697671589579031,-0.024049053316260838,-0.007586336254871373,-0.06945344399420861
2026-06-18,2026-05-22,27,0.9983034072188478,-0.45332815240609203,0.009306202657930251,-0.0035490321247447776,-0.05370245978232158
2026-06-19,2026-05-22,28,0.9812878413987715,-0.44824071340499794,0.011867384301658568,-0.038806551249364496,-0.05167607721967382
2026-06-20,2026-05-22,29,0.919207584188942,-0.4416927739089662,-0.015335155784759191,-0.07004897974291902,-0.08823445702285349
2026-06-21,2026-06-21,0,0.9997728993273325,-0.45025450219682894,0.011183031839624658,-0.05077584830298343,-0.05193313304478342
2026-06-22,2026-06-21,1,0.9996898975579781,-0.44116318695803225,-0.02007872226199281,-0.06234004024679163,-0.038425642232795654
2026-06-23,2026-06-21,2,0.9996055107504893,-0.4523839161168791,-0.02640617445851623,-0.050332057747426995,-0.002411907820520587
2026-06-24,2026-06-21,3,0.9998125133168244,-0.4668443619641862,-0.021022139071701584,-0.01338911120028674,0.03382593304069115
2026-06-25,2026-06-21,4,0.999910056057214,-0.4780524339338369,0.005071913569923314,-0.01955530655249693,0.06448807572666149
2026-06-26,2026-06-21,5,0.9999146425654268,-0.4754051609907175,-0.0011359917014532872,-0.0012191901562249585,0.06563942089216357
2026-06-27,2026-06-21,6,0.9998956744497577,-0.4760010963744572,-0.0075295273950923836,0.02550433956920828,0.055556314448016675
2026-06-28,2026-06-21,7,0.9999130688382052,-0.47994656047430406,0.01146751070589147,0.05045990055560012,0.045537532011089565
2026-06-29,2026-06-21,8,0.9999185728371532,-0.4739828420889076,-0.027140628949019585,0.047855790744838034,0.0492827688453128
2026-06-30,2026-06-21,9,0.9998777028627255,-0.48825927859259033,0.023868604211432443,0.08571965643838575,0.09444839897715496
2026-07-01,2026-06-21,10,0.9998925438743086,-0.476044741854444,0.02558976409436231,0.06694022391043575,0.06322471011595354
2026-07-02,2026-06-21,11,0.9996426421447239,-0.4626368504024986,0.016622157244964297,0.029304580896686083,0.03606237816764124
2026-07-03,2026-06-21,12,0.9980579584086113,-0.4537047156322397,0.008960063761459525,-0.0046859176079994125,-0.003974545269773477
2026-07-04,2026-06-21,13,0.9968381212814567,-0.4488098750517199,0.008013269983962124,0.0013618077154111674,0.030089473253282373
2026-07-05,2026-06-21,14,0.9988619761951589,-0.44219340245811734,0.006158994501178183,0.008039591516103783,0.01738067556952072
2026-07-06,2026-06-21,15,0.9993528107961236,-0.4327466851847833,-0.010587267547151002,-0.0034824010860369237,-0.0033075159090859563
2026-07-07,2026-06-21,16,0.999157905053892,-0.42678125374296594,-0.016949532376354437,0.006565400947762257,0.008959031778144055
2026-07-08,2026-06-21,17,0.9991948842964005,-0.43649704344138285,0.015090704768020657,0.0007147214641194388,0.040844758388184355
2026-07-09,2026-06-21,18,0.9991204563642162,-0.42799338668805,0.014735410406452543,0.028688597184880704,0.02360493436659805
2026-07-10,2026-06-21,19,0.9989182806105344,-0.41956463448569337,-0.005341502690389244,0.009266584499293407,0.01704739212103412
2026-07-11,2026-06-21,20,0.9984189289588532,-0.42266503155218504,-0.0006111032764537505,0.0001754963255455877,0.04288942164559151
2026-07-12,2026-06-21,21,0.9982585771188036,-0.4015933491857616,-0.022663530887425565,0.0023780181875194817,0.03660222640326127
2026-07-13,2026-06-21,22,0.9988167978024816,-0.4120002305418309,0.043466445237727136,0.04010137561017557,0.04434862095673475
2026-07-14,2026-06-21,23,0.9987819178618652,-0.3864419707628812,-0.004423161067327097,-0.004941887012449131,-0.013898134769735893
2026-07-15,2026-06-21,24,0.9990402712713959,-0.3891558367503488,-0.01430100679038393,0.007709368110706771,-0.005887923148148677
2026-07-16,2026-06-21,25,0.9987752592367073,-0.3978915232768484,0.0015896863866946553,0.04270643049841616,0.02459321763052591
2026-07-17,2026-06-21,26,0.9983393937186966,-0.3969343596280881,0.014117416297744212,0.034143015503896645,-0.002749967269742748
2026-07-18,2026-06-21,27,0.9965490721337386,-0.3884206309280922,-0.0017225471363733202,0.004083491711630138,-0.014178006614408267
2026-07-19,2026-06-21,28,0.9963085966279149,-0.389474105218952,0.008234689182470278,-0.009000728339771613,-0.011406536270053724
2026-07-20,2026-06-21,29,0.9936208392469663,-0.3668139965276198,0.01993165021620391,-0.013493266698858086,-0.007286587753279505
2026-07-21,2026-07-21,0,0.9903994801343657,-0.3452700557782218,-0.006636049916341258,-0.01737134474104285,-0.055115559551512705
2026-07-22,2026-07-21,1,0.9876868517490418,-0.33681261549319597,-0.015360021683597735,-0.0356749329836773,-0.049775019061630954
2026-07-23,2026-07-21,2,0.9825845747323186,-0.328542807568876,-0.014731108648877278,-0.01818723091932173,-0.02348685393947092
2026-07-24,2026-07-21,3,0.9819484441184158,-0.33843411642364896,0.0036640167857837636,-0.0024276586260770783,
2026-07-25,2026-07-21,4,0.9720229489466442,-0.33601012792132334,0.015922174757281526,0.006291572815533941,
2026-07-26,2026-07-21,5,0.9728476631070199,-0.32543796514102163,-0.025139606290459637,-0.03841147376322229,
2026-07-27,2026-07-21,6,0.9939325572533318,-0.34239618911586767,0.0024960842815076045,-0.014621714772571459,
2026-07-28,2026-07-21,7,0.9976268462163593,-0.3407547545800603,0.001083939607290807,-0.005397793945083329,
2026-07-29,2026-07-21,8,0.9982156702384481,-0.3400401725476314,0.01243649221339993,,
2026-07-30,2026-07-21,9,0.9965626085294597,-0.3318325872923633,-0.029208697373047987,,
2026-07-31,2026-07-21,10,0.9987914830742256,-0.35134888704467315,-0.0010215004862621502,,
2026-08-01,2026-07-21,11,0.9965461244395367,-0.3520114844719715,0.01188024125950049,,
2026-08-02,2026-07-21,12,0.9922640820045479,-0.34431322457411306,,,
