date,PIT_ALPHA_0018_ELIGIBILITY_EXIT,PIT_ALPHA_0016_DAILY_TOP2,BTC_DYNAMIC_GROSS_1_0,FIXED_V1_GROSS_1_0
2021-05-01,10063.7631099836,10187.6542654310,10018.3900411601,10269.0432668376
2021-05-02,9802.9071763406,10164.1379026017,9806.5561796691,10216.6273131953
2021-05-03,10035.2268893631,10687.4999563354,9909.0238944006,11208.0389798001
2021-05-04,9251.2246031817,9974.7978338793,9221.0214289911,10413.8702414166
2021-05-05,10186.4479663347,10806.4454917019,9955.2537886345,11253.1312271062
2021-05-06,10368.6953100496,10641.0240393921,9774.5720675554,11067.4463431531
2021-05-07,10584.2190641678,10747.8737965820,9934.2187707722,11066.8005490663
2021-05-08,10814.2422717105,11330.9227924215,10202.4083154185,11859.6124059389
2021-05-09,10983.5593792283,11264.2580017561,10094.7355777272,11910.9770988398
2021-05-10,10252.5153257469,10866.5069140090,9674.4685390768,11634.3277747229
2021-05-11,10624.5949827676,11191.9919455771,9822.4693717418,12160.5178078620
2021-05-12,9283.1885863472,9958.8513681640,8602.4695346696,10881.4706814669
2021-05-13,10046.7459834284,9837.1438138971,8609.3419675819,10652.2568914930
2021-05-14,10230.3856784429,10226.8808700417,8638.8908291933,11236.0861942001
2021-05-15,10029.0769780449,9446.4988920847,8105.3092447482,10330.7133959370
2021-05-16,10186.4126786063,9409.2856654454,8047.8529323623,10237.0750017682
2021-05-17,9570.9453001402,8699.8090167054,7546.3369239268,9436.9015897121
2021-05-18,9474.8794666550,8710.0356554185,7427.0425815250,10119.3616788549
2021-05-19,7265.3211986832,6867.4522855633,6359.3992956320,7328.7483095305
2021-05-20,7543.5502643075,7130.4447645439,6602.9356342974,7608.5324131470
2021-05-21,6789.6475704948,6417.8278497330,6067.3234008217,6751.1642693415
2021-05-22,6583.5930225340,6253.9553514552,6099.5265271177,6156.5850406264
2021-05-23,6025.7109398673,5726.3325207154,5644.3829282320,5312.3140925829
2021-05-24,6300.1069340188,5987.0955610510,5901.4141865216,5554.2237562269
2021-05-25,6295.5541678887,5982.7689922843,5827.8637220714,5428.3850680581
2021-05-26,6709.6548613107,6376.2957132400,5967.3365825971,5758.5379899407
2021-05-27,6447.5717684410,6127.2338261356,5859.0766652473,5520.3382697958
2021-05-28,5877.8458723573,5585.8139075244,5423.1827283658,4955.8442402652
2021-05-29,5810.1393972839,5521.4713272140,5360.7134846683,4898.6114500120
2021-05-30,5875.8406231743,5583.9082861423,5421.3325892210,4954.0050912689
2021-05-31,5976.2432170922,5679.3225276242,5513.9688415221,5038.6559511790
2021-06-01,5891.8401041540,5599.1128568831,5429.2604444470,4941.4796816962
2021-06-02,6014.8445483006,5688.2464112388,5558.8163404632,5292.9452830190
2021-06-03,6311.5411720726,5967.5874946163,5807.1163948993,5781.9056750762
2021-06-04,5905.0188422803,5667.3572609093,5449.3702467832,5396.2870285148
2021-06-05,5823.2271762205,5588.8574957254,5373.8898658791,5321.5419145046
2021-06-06,5840.8214240436,5605.7436210391,5390.1264898701,5337.6203748516
2021-06-07,5702.0796694306,5472.5858595825,5262.0904564943,5210.8315616863
2021-06-08,5691.0026184103,5461.9546309266,5251.8681432614,5200.7088256999
2021-06-09,5910.1382961428,5672.2706701286,5454.0946685510,5400.9654289077
2021-06-10,5873.9932430117,5637.5803609561,5420.7386738690,5367.9343604952
2021-06-11,5907.7323460064,5669.9615531996,5451.8743685929,5398.7667572592
2021-06-12,5817.0145621943,5582.8949231832,5368.1566353962,5315.8645323695
2021-06-13,5999.5294056990,5758.0640210620,5536.5880975736,5482.6552757730
2021-06-14,6086.9258230139,5841.9429609057,5617.2407506661,5562.5222780115
2021-06-15,5870.8092859010,5634.5245498009,5563.8923737688,5518.6713189340
2021-06-16,5704.4264261938,5470.1356652664,5315.1044160126,5356.8380315828
2021-06-17,5688.5832422523,5454.9431885730,5300.3425152290,5341.9602219771
2021-06-18,5563.4232480412,5334.9237340218,5183.7245788690,5224.4266144010
2021-06-19,5544.1748410874,5316.4658927752,5165.7898585032,5206.3510725824
2021-06-20,5550.8828240163,5322.8983671240,5172.0400275866,5212.6503173064
2021-06-21,5321.4271280713,5102.8668175499,4958.2444780120,4997.1760685797
2021-06-22,5363.9269070216,5143.6210563169,4997.8436849964,5037.0862041841
2021-06-23,5418.2622009683,5195.7247047987,5048.4706436465,5088.1106801479
2021-06-24,5462.9239471189,5238.5521149954,5090.0842655002,5130.0510475857
2021-06-25,5297.4678676881,5079.8916058557,4935.9204157570,4974.6767202420
2021-06-26,5337.4200225567,5118.2028559137,4973.1458717286,5012.1944664016
2021-06-27,5473.5373682124,5248.7296243393,5099.9733300807,5140.0177600141
2021-06-28,5462.4969816643,5238.1426857580,5089.6864400566,5129.6500984605
2021-06-29,5538.9335236674,5311.4398454200,5160.9062563172,5201.4291248889
2021-06-30,5493.3909645113,5267.7677987471,5118.4719361592,5158.6616151139
2021-07-01,5411.1351975996,5188.8904199117,5041.8300518941,5081.4179471991
2021-07-02,5426.6433480250,5203.7616235010,5056.2797849000,5095.9811379201
2021-07-03,5474.9364709325,5250.0712634659,5101.2769452893,5141.3316110661
2021-07-04,5508.1513345478,5281.9219345947,5132.2249241200,5172.5225900243
2021-07-05,5423.2578243770,5200.5151492249,5053.1253202181,5092.8019047283
2021-07-06,5447.5101327324,5223.7713728990,5075.7224301828,5115.5764447163
2021-07-07,5431.2120149388,5208.1426472816,5060.5366443762,5100.2714217889
2021-07-08,5385.9524836164,5164.7420039947,5018.3660356550,5057.7696940839
2021-07-09,5430.0111556975,5206.9911094277,5059.4177427060,5099.1437346257
2021-07-10,5415.6360191269,5193.2063848344,5046.0236963709,5085.6445197113
2021-07-11,5450.6005862255,5226.7348960670,5078.6019629844,5118.4785872928
2021-07-12,5386.9095019453,5165.6597159085,5019.2577383374,5058.6683983178
2021-07-13,5367.1162554741,5146.6794126556,5000.8153632647,5040.0812157435
2021-07-14,5372.1579586832,5151.5140443043,5005.5129747315,5044.8157123391
2021-07-15,5319.7401280785,5101.2491055945,4956.6726142623,4995.5918627286
2021-07-16,5291.5368486615,5074.2041841441,4930.3941834833,4969.1070966000
2021-07-17,5299.3600490181,5081.7060719923,4937.6834574008,4976.4536050949
2021-07-18,5310.7126612912,5092.5924126423,4948.2612640228,4987.1144674917
2021-07-19,5269.0081855828,5052.6008126234,4909.4030815441,4947.9511748360
2021-07-20,5221.3585902985,5006.9082694777,4865.0055285923,4903.2050171791
2021-07-21,5331.0276201972,5112.0730006888,4967.1897451225,5006.1915729441
2021-07-22,5340.1192275967,5120.7911998862,4975.6608584347,5014.7292005068
2021-07-23,5428.5683320177,5205.6075450375,5058.0733904540,5097.7888266677
2021-07-24,5468.5791487364,5243.9750476009,5095.3535046568,5135.3616602289
2021-07-25,5539.7818501444,5312.2533296463,5161.6966852696,5202.2257602026
2021-07-26,5680.2280026190,5446.9311132309,5292.5575132404,5334.1140930087
2021-07-27,6192.2413159432,5937.9151451127,5606.7575761152,5529.3897934084
2021-07-28,6134.1890208985,5920.5679969147,5686.5707962138,5566.6696735016
2021-07-29,6075.8962567348,5980.3921087881,5686.1331442742,5644.9352675292
2021-07-30,6219.7271368627,6202.4931779329,5997.3050942137,5864.9503351190
2021-07-31,6123.6779242030,6200.9796830561,5891.5098425765,6169.4146619621
2021-08-01,5816.7210099585,5984.6037879522,5661.8292521529,5975.7748865191
2021-08-02,6001.3681968022,6014.7977342360,5562.7010878539,5955.5561422488
2021-08-03,5978.3350076902,5829.6339779720,5429.0225764471,5846.5114174885
2021-08-04,6258.6079105211,6033.5399475256,5644.4567436709,6223.1027918155
2021-08-05,6289.1284949201,6203.9884520064,5806.3424909582,6454.4536886110
2021-08-06,6461.1555118297,6410.9394254935,6086.8958565063,6699.1144527686
2021-08-07,6539.4106035989,6906.6899401923,6333.5255129509,7078.9674511812
2021-08-08,6395.9247428515,6667.2545310597,6222.9516136754,6802.4544978864
2021-08-09,6709.0588471987,6997.0586196983,6572.3669541992,7113.0325453483
2021-08-10,7399.1152074574,6936.8122652368,6477.3893785863,7152.7219204102
2021-08-11,7474.6205648271,6992.9916378086,6466.8757854030,7212.4140347607
2021-08-12,7281.3004005449,6797.4257689201,6308.8663838656,7014.2361976657
2021-08-13,7759.5724442401,7489.4853317562,6792.1307495389,7625.6097281912
2021-08-14,7595.1838133268,7439.0877827269,6688.1898348531,7499.5172893559
2021-08-15,7767.9019907097,7440.2945602631,6674.7348796089,7970.9072226941
2021-08-16,7588.7307109740,7108.6622727402,6522.3339592574,8076.2535766759
2021-08-17,7604.6499163352,6812.4197246135,6351.0614304363,7952.6340265466
2021-08-18,7584.8153435172,6969.7073846099,6352.3885957334,8279.4031190875
2021-08-19,7913.8410329906,7501.4163085152,6644.4402713285,8571.5430880916
2021-08-20,8305.7284823922,7778.8662500859,7008.4657977031,9033.3554795122
2021-08-21,8511.0590187861,7674.5433908982,6937.3331480542,8754.1343104509
2021-08-22,8931.4287017351,7715.8704569123,6996.6364068057,8748.5277085899
2021-08-23,9025.3904009586,7830.0659603077,7032.1075281238,8964.3614580439
2021-08-24,8418.6243312056,7488.9299563605,6774.2282275068,8516.2639866390
2021-08-25,8668.3243669173,7636.4237547844,6958.8534033265,8694.8635222595
2021-08-26,8258.2353387293,7226.7108253296,6656.2696622260,8536.3945214387
2021-08-27,8730.6270610028,7587.6995963493,6972.5769177155,9263.7434475099
2021-08-28,8904.4013281998,7654.3953571939,6947.7742728968,9514.4116138622
2021-08-29,8884.7289404211,7558.8592873266,6929.6543458428,9403.9500834352
2021-08-30,8411.4713611981,7207.4329666374,6676.0265212096,9729.2410583706
2021-08-31,8319.7414499607,7265.9649997335,6692.7908640094,9901.3064214834
2021-09-01,8705.5867336064,7651.5787520573,6935.7203722382,10515.3263033615
2021-09-02,8699.4808257706,7618.9781675569,6997.6907501145,11079.6191667899
2021-09-03,8780.8846585738,7786.3925705377,7104.6170762448,11845.0996139284
2021-09-04,8935.2647217383,7658.7983568696,7092.7521616509,11566.2371534097
2021-09-05,9140.4991182983,7873.9758337208,7354.3827646066,11844.8640893481
2021-09-06,9134.8166613236,8210.1900888926,7483.2655770009,12521.9015633573
2021-09-07,7949.4229989553,7254.6354321824,6659.0916646671,11772.4844488737
2021-09-08,8014.7069189666,7333.6983407399,6543.2247346297,12198.4246331129
2021-09-09,8019.5137518880,7622.3189082013,6592.5074691038,12070.9280728247
2021-09-10,7654.7342244807,7729.6042096885,6373.0804384059,11502.4358950822
2021-09-11,7825.6056414807,7700.2825990805,6418.9457932874,11582.4929167217
2021-09-12,8000.3515731323,8039.5261811781,6539.9466079269,11699.5784352542
2021-09-13,7690.5749360011,7848.5153371019,6385.8433920445,11362.4856370665
2021-09-14,8010.0408804261,8070.6564461061,6694.3013315799,11457.9034085937
2021-09-15,8253.4728930695,7995.4756440685,6837.8014345642,11736.3620757983
2021-09-16,8151.3535467252,7839.2458917186,6783.2952957731,11488.6828692296
2021-09-17,7971.5346810961,7572.4626082245,6721.0805148656,11121.6428773543
2021-09-18,8085.2897738710,7938.7274102554,6862.1465341734,11801.5338586464
2021-09-19,7860.6156914187,7599.5754322188,6712.8063355027,11189.2412996129
2021-09-20,7040.7563380734,6812.0232875029,6112.2952994243,9955.8334372965
2021-09-21,6584.2684238665,6238.5393815879,5788.1429908243,9328.9947329312
2021-09-22,7411.7334317748,6990.4495819157,6187.3199252496,10440.8882808173
2021-09-23,7770.7620346419,7230.3237772668,6375.1194985786,10645.3027085391
2021-09-24,7515.0014150417,6873.5875018056,6083.1587636462,9984.5905554653
2021-09-25,7387.0420779230,6689.3115275418,6063.2754403034,9856.4558695480
2021-09-26,7443.6004664032,6652.1282890605,6132.9388298697,10012.8343436246
2021-09-27,7285.3568409920,6523.5023287846,5988.9186599703,9810.6036002490
2021-09-28,7316.8565874293,6496.6912308419,5829.6574033721,9492.3581458017
2021-09-29,7386.0791985597,6562.5621746338,5900.3836619344,9859.4607419411
2021-09-30,7847.8282378772,6947.1958201438,6227.1760916500,10366.7633030897
2021-10-01,9666.4925859379,8414.6325487563,6840.6717492324,11520.8843680123
2021-10-02,9584.3369783095,8422.7398583447,6768.6709004437,11695.8385808700
2021-10-03,10423.4921429101,9090.2200584409,6848.9700847088,11871.5160956743
2021-10-04,10452.6600351856,9037.3359345435,6994.6072932679,11803.0173111214
2021-10-05,10595.8963946959,9080.2858062480,7313.9013811498,12065.8567126234
2021-10-06,10951.4789562373,9104.3377868782,7859.9730629863,12101.3028179056
2021-10-07,10773.4725983030,8956.9236520879,7642.5993019396,12003.2125364165
2021-10-08,10913.6183701700,8917.2982674139,7666.2168762468,12011.2499545708
2021-10-09,10980.4462337627,8970.7880463098,7808.0686797187,12066.0350467199
2021-10-10,10573.0177243582,8636.5760601917,7766.7588836621,11636.4945866967
2021-10-11,10794.3296561046,8708.8862695697,8166.3791538183,11822.9639009860
2021-10-12,10927.8867448399,8650.8923125137,7956.8717600999,11979.5993689095
2021-10-13,10967.5323505708,8844.5472422452,8151.5515629456,12155.3751426353
2021-10-14,11294.6905854734,8865.1356381426,8148.8432363329,12222.9248661455
2021-10-15,11804.9078481770,9290.5610085733,8763.3292945707,12964.5697861654
2021-10-16,11603.1393706458,9126.5580582815,8650.1010647010,12711.3894036303
2021-10-17,11707.6731774420,9171.4520209125,8742.8548569200,12845.4568348357
2021-10-18,11649.2190005125,9104.1042911198,8811.2749171127,12676.1248868278
2021-10-19,11825.4042427535,9067.9940226915,9133.9366514122,12849.8387496277
2021-10-20,12576.6842159543,9608.2015062551,9378.4562002913,13867.7828281031
2021-10-21,12364.3597641748,9473.3765175170,8837.3223122528,13886.7020246799
2021-10-22,12516.5802089622,9392.9425250971,8623.4796066272,13837.7092787410
2021-10-23,12538.1351319162,9564.2395810631,8708.5275986256,14161.2643658338
2021-10-24,12537.9102747297,9542.7939960446,8646.7831514583,14137.2343541481
2021-10-25,13063.3855615381,9887.9477204752,8963.1657171841,14644.1398120463
2021-10-26,12518.1745157454,9499.1974617686,8572.4093197508,14109.3895792537
2021-10-27,11880.1173831826,9040.5480169173,8300.2452303420,13340.6209327111
2021-10-28,12418.6273842054,9545.5724870617,8607.5180993658,14211.0283643557
2021-10-29,12928.9894281405,9812.7702475030,8845.9275724661,14611.9370821074
2021-10-30,12843.9287749780,9670.7197953617,8789.8683376688,14343.0328136403
2021-10-31,12807.6966968769,9688.3689443204,8710.3819355771,14437.6156188211
2021-11-01,12770.8423177390,9688.2404815761,8655.1511133796,14482.7997814338
2021-11-02,13401.6331471899,10225.6724824782,8983.2309218523,15385.6843233480
2021-11-03,13754.6240816189,10485.6571331274,8937.2618377774,15927.8249525350
2021-11-04,13726.2427312450,10512.4885450334,8723.9107801098,15812.5526740272
2021-11-05,13658.0489701073,10315.6792944064,8658.8469987519,15459.5880559328
2021-11-06,14182.2590226536,10641.9115814962,8734.6531458978,16066.1150497056
2021-11-07,14327.1383294403,11364.4631542593,8990.8472023581,16132.8458391519
2021-11-08,14622.0745729646,11883.7619807430,9595.0683332874,16558.6236842798
2021-11-09,14348.8177108846,11692.9171044691,9512.9133911229,16207.0183951237
2021-11-10,13841.1314908501,11298.8993694082,9219.4549771507,15800.4122656122
2021-11-11,13940.2700631892,11246.8972346797,9204.0845841972,15932.1370605645
2021-11-12,13729.7708028047,11146.7364360369,9111.4345211717,15707.3872754461
2021-11-13,13924.8961534910,11246.2413717523,9148.0622940442,15981.5569649123
2021-11-14,13998.1189594077,11339.0451548963,9309.9224642702,16033.9771843895
2021-11-15,13792.0393869363,11064.4579984560,9038.1860801658,15725.7786500713
2021-11-16,12913.6682289707,10361.0631031456,8534.0522533381,14657.6944996007
2021-11-17,12991.7192865227,10374.3561363946,8574.6913620069,14617.7060909512
2021-11-18,11991.4027542006,9647.1406009146,8084.0025437883,13442.1270154807
2021-11-19,12609.5070712761,10319.0122178751,8248.9205937994,14335.8271344891
2021-11-20,12843.4703616190,10866.1235448524,8484.1258294854,14701.9323775159
2021-11-21,12837.0567133443,10904.6240427182,8329.8833607131,14760.6669048296
2021-11-22,12335.5004948273,10985.1659686472,7992.4309801851,14035.8609328840
2021-11-23,12771.5946336504,11153.0454799588,8176.3144212243,14503.8458036215
2021-11-24,12609.1866077630,11141.2454941297,8119.0530645412,14103.7435135833
2021-11-25,12825.4353507793,11463.7037213222,8377.9597104578,14878.5553256578
2021-11-26,11680.0983606769,10375.9503209198,7634.2597589754,13482.9689147119
2021-11-27,11845.1437223609,10743.8947567194,7775.5730232101,13715.9223647523
2021-11-28,12369.5257438048,11005.8086022895,8138.4617913002,14271.9349120304
2021-11-29,12506.6315870130,11173.3992924657,8209.7038539340,14469.4302081496
2021-11-30,12541.3164588839,11258.2383181377,8092.3776104490,14614.5704005514
2021-12-01,12775.0123388018,11210.9807812385,8125.5581638240,14608.6614936463
2021-12-02,12739.5030437581,11100.6583099253,8025.5618003852,14545.4824598298
2021-12-03,11932.1513924145,10517.6615532067,7616.4297052839,13505.7063804545
2021-12-04,11062.9844275928,9906.1601841893,6984.3096841588,12656.7420209394
2021-12-05,11077.3266310091,9919.0026649291,6993.3642381869,12673.1503933673
2021-12-06,11154.4546612980,9988.0656404520,7042.0568900109,12761.3896554163
2021-12-07,11165.1494751979,9997.6421286343,7048.8087654004,12773.6251874626
2021-12-08,11154.4520124696,9988.0632686039,7042.0552177463,12761.3866249919
2021-12-09,10897.7726215686,9758.2240982708,6880.0077731957,12467.7294428825
2021-12-10,10867.3875626773,9731.0163169932,6860.8250054302,12432.9670463344
2021-12-11,11034.8531461114,9880.9705093447,6966.5497765168,12624.5580858757
2021-12-12,11082.7553450368,9923.8637140523,6996.7915068597,12679.3611797427
2021-12-13,10843.1357596915,9709.3004548129,6845.5142993941,12405.2214758744
2021-12-14,10932.2072260138,9789.0579758511,6901.7471097075,12507.1247713229
2021-12-15,10959.9436358938,9813.8940696741,6919.2577260694,12538.8569487237
2021-12-16,10894.9470677403,9755.6940044236,6878.2239378215,12464.4968336256
2021-12-17,10814.2210963057,9683.4093140410,6827.2598252221,12372.1413032056
2021-12-18,10852.9813335957,9718.1165055665,6851.7300305664,12416.4854245646
2021-12-19,10844.6321981956,9710.6404150763,6846.4590345155,12406.9334945635
2021-12-20,10857.3542052135,9722.0321186630,6854.4907222937,12421.4882615766
2021-12-21,10991.8978187665,9842.5068961825,6939.4311169250,12575.4145206662
2021-12-22,10971.8889241622,9824.5902737416,6926.7990539163,12552.5231011954
2021-12-23,11121.7967130828,9958.8226393048,7021.4391963427,12724.0269321657
2021-12-24,11120.5829507430,9957.7357965778,7020.6729210108,12722.6383125838
2021-12-25,11088.3477479064,9928.8713355494,7000.3221159621,12685.7592363305
2021-12-26,11117.0640989614,9954.5849009366,7018.4513911211,12718.6125273628
2021-12-27,11109.9620562900,9948.2254982999,7013.9677126226,12710.4873489806
2021-12-28,10822.8948770364,9691.1761026399,6832.7357771365,12382.0646476498
2021-12-29,10741.3324640079,9618.1424349385,6781.2436002373,12288.7521760410
2021-12-30,10791.4185279784,9662.9911442480,6812.8640534632,12346.0537473004
2021-12-31,10723.0677432894,9601.7876031713,6769.7126732413,12267.8561999388
2022-01-01,10838.4132919344,9705.0718018330,6842.5328997994,12399.8186791431
2022-01-02,10805.6841802107,9675.7650785393,6821.8702790155,12362.3745404143
2022-01-03,10742.3005150448,9619.0092596820,6781.8547525242,12289.8596866154
2022-01-04,10703.0868438665,9583.8960485367,6757.0982842172,12244.9968086961
2022-01-05,10550.7591281367,9447.4968009027,6660.9303878325,12070.7244309982
2022-01-06,10526.2234325949,9425.5267319888,6645.4404540718,12042.6540698033
2022-01-07,10424.7563021803,9334.6697255548,6581.3819835734,11926.5693639386
2022-01-08,10432.5384683094,9341.6381331088,6586.2950392335,11935.4726458427
2022-01-09,10445.2166275858,9352.9905739854,6594.2990449510,11949.9772483135
2022-01-10,10442.3368228971,9350.4119021331,6592.4809597944,11946.6825726991
2022-01-11,10504.3666542486,9405.9554536574,6631.6417806968,12017.6485564403
2022-01-12,10583.3945564119,9476.7196369547,6681.5338641586,12108.0613900372
2022-01-13,10471.2422246118,9376.2947496999,6610.7295868662,11979.7521494402
2022-01-14,10513.7152673552,9414.3265093648,6637.5437693944,12028.3439510798
2022-01-15,10515.7669156434,9416.1636227330,6638.8390208794,12030.6911642818
2022-01-16,10514.7022736914,9415.2103073068,6638.1668885860,12029.4731476951
2022-01-17,10441.3484421059,9349.5268734589,6591.8569728787,11945.5518036218
2022-01-18,10454.2084779884,9361.0421726316,6599.9758013685,11960.2644842381
2022-01-19,10377.7643114321,9292.5915511912,6551.7148880253,11872.8076048180
2022-01-20,10269.3684003511,9195.5302866195,6483.2821232103,11748.7959430774
2022-01-21,9883.5708542330,8850.0744726367,6239.7194973101,11307.4195635401
2022-01-22,9804.7457990484,8779.4919251969,6189.9554756861,11217.2387994988
2022-01-23,9873.4751600076,8841.0344559195,6233.3458595807,11295.8694616513
2022-01-24,9897.2121139733,8862.2893053508,6248.3315299069,11323.0260128219
2022-01-25,9914.0699563502,8877.3843719703,6258.9742631166,11342.3124326293
2022-01-26,9902.7221630826,8867.2231845817,6251.8101472371,11329.3298515875
2022-01-27,9928.7423316858,8890.5224995080,6268.2372620675,11359.0985422612
2022-01-28,9969.7395885150,8927.2327919178,6294.1197479166,11406.0019530586
2022-01-29,10002.5595356932,8956.6208522656,6314.8397151561,11443.5500131951
2022-01-30,9981.9582098188,8938.1737473768,6301.8336370266,11419.9808155172
2022-01-31,10024.4738641573,8976.2436628656,6328.6747212085,11468.6213674709
2022-02-01,10040.8353159689,8990.8942450437,6339.0040719440,11487.3398856088
2022-02-02,9912.1679783680,8875.6812783176,6257.7735018459,11340.1364515631
2022-02-03,9942.9288227332,8903.2255502704,6277.1935113920,11375.3287700577
2022-02-04,10256.1509813504,9183.6949748463,6474.9376707589,11733.6743939539
2022-02-05,10240.1745378413,9169.3891417675,6464.8513843821,11715.3963492517
2022-02-06,10322.1422037192,9242.7856862013,6516.5994064756,11809.1724553166
2022-02-07,10440.0632944472,9348.3761099691,6591.0456303972,11944.0815147969
2022-02-08,10460.5790529212,9366.7465949927,6603.9976879116,11967.5528180486
2022-02-09,10494.6916143752,9397.2921046848,6625.5337114751,12006.5797092842
2022-02-10,10404.3123512814,9316.3635393961,6568.4752597884,11903.1802130174
2022-02-11,10287.4358554271,9211.7084802412,6494.6885119909,11769.4662350197
2022-02-12,10270.9533945115,9196.9495425307,6484.2827654996,11750.6092749432
2022-02-13,10253.5517224995,9181.3675129660,6473.2967004689,11730.7006802208
2022-02-14,10304.7725649198,9227.2323402290,6505.6335647290,11789.3005085810
2022-02-15,10516.7657774090,9417.0580364165,6639.4696246688,12031.8339242454
2022-02-16,10447.7293692180,9355.2405655019,6595.8853949844,11952.8519809692
2022-02-17,10099.4252895509,9043.3576347637,6375.9932336447,11554.3704581902
2022-02-18,10057.4796905760,9005.7981655999,6349.5120381729,11506.3820850153
2022-02-19,10065.5438382608,9013.0190687150,6354.6031151005,11515.6079713513
2022-02-20,9935.4755751879,8896.5516672365,6272.4881093959,11366.8017914638
2022-02-21,9826.2647846516,8798.7607327941,6203.5408929418,11241.8578569615
2022-02-22,9925.5771171759,8887.6882623130,6266.2389913026,11355.4773400661
2022-02-23,9847.6845212971,8817.9406696098,6217.0636521090,11266.3633674458
2022-02-24,9934.8379889846,8895.9807515760,6272.0855869551,11366.0723532056
2022-02-25,9991.3613418598,8946.5936211315,6307.7700447477,11430.7385832073
2022-02-26,9984.9468594898,8940.8498826067,6303.7204384567,11423.4000165586
2022-02-27,9896.0112399991,8861.2140032904,6247.5733912887,11321.6521383316
2022-02-28,10248.3168336326,9176.6800212678,6469.9917979584,11724.7116418804
2022-03-01,10342.0470457739,9260.6091365664,6529.1657787808,11831.9448322011
2022-03-02,10303.4124568893,9226.0144547564,6504.7748980870,11787.7444604300
2022-03-03,10197.2952017375,9130.9935736623,6437.7806997616,11666.3397227467
2022-03-04,9947.8772276034,8907.6565147737,6280.3175501432,11380.9900528939
2022-03-05,9963.6015441985,8921.7365851199,6290.2446631561,11398.9796487306
2022-03-06,9901.0758766800,8865.7490455806,6250.7708097835,11327.4463975859
2022-03-07,9872.8551857197,8840.4793105475,6232.9544559363,11295.1601725193
2022-03-08,9921.6892995469,8884.2069825145,6263.7845250152,11351.0294349754
2022-03-09,10129.8202518303,9070.5742838608,6395.1822536408,11589.1441848302
2022-03-10,9915.3305059524,8878.5131095511,6259.7700762945,11343.7545797483
2022-03-11,9854.0909108606,8823.6771615694,6221.1081492302,11273.6926754207
2022-03-12,9859.5245080401,8828.5425832275,6224.5385007460,11279.9090484254
2022-03-13,9783.6610853587,8760.6119789568,6176.6442240095,11193.1165761057
2022-03-14,9925.8618010887,8887.9431776535,6266.4187186287,11355.8030361625
2022-03-15,9897.4984779086,8862.5457250387,6248.5123178687,11323.3536309684
2022-03-16,10031.4403606479,8982.4816929931,6333.0728263692,11476.5914725947
2022-03-17,10013.7479279000,8966.6393067006,6321.9031975781,11456.3502295125
2022-03-18,10088.1703071167,9033.2795532484,6368.8877113216,11541.4940585123
2022-03-19,10126.9881643278,9068.0383395467,6393.3942934118,11585.9041006436
2022-03-20,9888.3378061047,8854.3429581562,6249.0956056059,11324.4106462996
2022-03-21,9864.6470615745,8833.1294861735,6234.1238550003,11297.2793200001
2022-03-22,9971.7864259928,8929.0655975282,6301.8323156640,11419.9784209863
2022-03-23,10018.9327411309,8971.2819590271,6331.6271948972,11473.9717456029
2022-03-24,10155.8890792889,9093.9171695269,6493.3912459397,11760.0605604713
2022-03-25,9989.3300985167,9081.2780741480,6540.8760069324,11786.7662230718
2022-03-26,10106.6090823376,9131.6256429622,6570.1181766565,11894.5382236763
2022-03-27,10562.4623418736,9539.0208897517,6912.0453572345,12488.9333107120
2022-03-28,10676.0216846537,9426.3751203564,6955.5078622836,12553.3543166374
2022-03-29,11138.8517519140,9841.0712555973,7001.6479351424,12719.9164300779
2022-03-30,11099.2916814339,9739.2055580968,6947.5046799987,12934.2521881829
2022-03-31,10885.1081341679,9548.3057672411,6717.5866260347,12739.3719862403
2022-04-01,11040.6715990232,9685.0568790027,6831.7079905404,13473.1066790445
2022-04-02,11218.7035069961,9842.0482749377,6761.9657626217,13346.3680540029
2022-04-03,11284.1199893122,9899.0929451155,6849.9904353540,13663.7525283876
2022-04-04,11317.9166131160,9898.6930102509,6875.5498422968,13513.0580218387
2022-04-05,11011.0595242797,9634.7693319438,6715.6987488413,13075.4543972260
2022-04-06,10291.7429556612,9005.4872167321,6372.2084236600,12057.8518122287
2022-04-07,10319.1691623290,9029.4857128678,6389.1895614431,12088.3235872813
2022-04-08,10188.1523503663,8914.8433019184,6308.0695377088,11934.8447951939
2022-04-09,10237.0568197781,8957.6357206591,6338.3491000029,11992.1336177546
2022-04-10,10159.4687756546,8889.7445828279,6290.3098912441,11901.2436081894
2022-04-11,9862.7193765344,8630.0827420821,6106.5753159699,11553.6184549948
2022-04-12,9899.9545370730,8662.6642750340,6129.6297397601,11597.2373415867
2022-04-13,9974.3977527710,8727.8036231726,6175.7218048456,11684.4433623505
2022-04-14,9851.3031848011,8620.0933390081,6099.5068968068,11540.2450314530
2022-04-15,9897.5552884806,8660.5648830631,6128.1442273298,11594.4267574307
2022-04-16,9880.2019058149,8645.3803155475,6117.3997526885,11574.0982501936
2022-04-17,9819.9737789652,8592.6794631487,6080.1090645216,11503.5444027895
2022-04-18,9917.2198033576,8677.7717388999,6140.3196564953,11617.4626254623
2022-04-19,9976.0749181637,8729.2711774604,6176.7602341466,11686.4080668395
2022-04-20,9961.9476415972,8716.9095192773,6168.0132268488,11669.8587606060
2022-04-21,9872.2793680759,8638.4479317288,6112.4944551180,11564.8174448967
2022-04-22,9792.5886079764,8568.7168740780,6063.1533342814,11471.4642223799
2022-04-23,9764.6160118180,8544.2402758761,6045.8338954225,11438.6959065766
2022-04-24,9765.0750462145,8544.6419404345,6046.1181099487,11439.2336394342
2022-04-25,9852.4161354183,8621.0671937380,6100.1959883755,11541.5487902136
2022-04-26,9648.5705233362,8442.6980815574,5973.9834768474,11302.7551739900
2022-04-27,9736.2102640326,8519.3846610725,6028.2462675447,11405.4201781175
2022-04-28,9784.0293205043,8561.2273211183,6057.8537884256,11461.4375007503
2022-04-29,9657.7898239689,8450.7651596367,5979.6916747110,11313.5550637431
2022-04-30,9585.2374203580,8387.2803110472,5934.7703198503,11228.5640224986
2022-05-01,9648.6817696966,8442.7954244156,5974.0523558505,11302.8854928151
2022-05-02,9652.9192919779,8446.5033437545,5976.6760489696,11307.8495107258
2022-05-03,9593.5906191672,8394.5895321791,5939.9422643932,11238.3493229047
2022-05-04,9741.8826836997,8524.3481451996,6031.7583879446,11412.0650972365
2022-05-05,9463.2070081514,8280.5011851097,5859.2142916872,11085.6122899475
2022-05-06,9422.7197206739,8245.0739740542,5834.1462895590,11038.1837204086
2022-05-07,9381.9918834337,8209.4362769983,5808.9293492742,10990.4733604150
2022-05-08,9272.9402489609,8114.0138490927,5741.4092269008,10862.7255326110
2022-05-09,9065.7491456258,7932.7173631095,5613.1253298324,10620.0128624221
2022-05-10,9120.0662272954,7980.2459291389,5646.7561508561,10683.6422544023
2022-05-11,9012.3173671473,7885.9634556199,5580.0426507975,10557.4205531062
2022-05-12,9007.9169418553,7882.1129927890,5577.3180950799,10552.2657035233
2022-05-13,9023.2096871081,7895.4944600951,5586.7867108956,10570.1802904679
2022-05-14,9070.4020450382,7936.7887459996,5616.0062067604,10625.4634711709
2022-05-15,9142.1302626028,7999.5524148106,5660.4172607625,10709.4890250328
2022-05-16,9060.8108633661,7928.3962643457,5610.0677560133,10614.2279437933
2022-05-17,9093.9784132226,7957.4185541105,5630.6036887021,10653.0818543123
2022-05-18,8995.0202291388,7870.8281033387,5569.3330004498,10537.1579333069
2022-05-19,9091.2552333602,7955.0357156014,5628.9176118410,10649.8918029772
2022-05-20,9027.0312069836,7898.8383687542,5589.1528330623,10574.6569850663
2022-05-21,9041.4819598333,7911.4830753526,5598.1001230824,10591.5852254876
2022-05-22,9091.4092584472,7955.1704907272,5629.0129776075,10650.0722346633
2022-05-23,9023.3038788358,7895.5768797982,5586.8450303972,10570.2906307545
2022-05-24,9055.6885634153,7923.9141463094,5606.8962462860,10608.2274588374
2022-05-25,9049.1123408665,7918.1598160319,5602.8245296776,10600.5237857120
2022-05-26,9029.1170347391,7900.6635110327,5590.4442886740,10577.1004144219
2022-05-27,8995.2668399353,7871.0438928687,5569.4856913401,10537.4468239202
2022-05-28,9019.4313684698,7892.1883534089,5584.4473370929,10565.7542036776
2022-05-29,9045.4227651285,7914.9313612126,5600.5401016950,10596.2016562150
2022-05-30,9178.6595760370,8031.5163169975,5683.0346541212,10752.2810516260
2022-05-31,9182.3614573997,8034.7555394920,5685.3267012220,10756.6175964670
2022-06-01,9072.0130004090,7938.1983651536,5617.0036416388,10627.3506143605
2022-06-02,9109.7207254018,7971.1934017434,5640.3506571902,10671.5230835082
2022-06-03,9066.6085885268,7933.4693933624,5613.6574602321,10621.0196512176
2022-06-04,9076.1881001587,7941.8516634906,5619.5886853879,10632.2415078025
2022-06-05,9079.3997079571,7944.6618865109,5621.5771760016,10636.0037248658
2022-06-06,9163.9087451224,8018.6090359072,5673.9015685579,10735.0012867077
2022-06-07,9150.0464023491,8006.4792002538,5665.3185969687,10718.7623354428
2022-06-08,9098.2110538767,7961.1222019248,5633.2243593258,10658.0401536724
2022-06-09,9092.7391733062,7956.3341936407,5629.8364041840,10651.6301547737
2022-06-10,9033.8522740950,7904.8069430706,5593.3761469843,10582.6474797619
2022-06-11,8994.1688803125,7870.0831555679,5568.8058815560,10536.1606262625
2022-06-12,8882.0338322770,7771.9626772406,5499.3766409737,10404.8007536986
2022-06-13,8620.3789694917,7543.0092791465,5337.3711062537,10098.2868667976
2022-06-14,8594.6063461017,7520.4577024622,5321.4137967316,10068.0956947826
2022-06-15,8627.8716884720,7549.5655626921,5342.0102783753,10107.0641637057
2022-06-16,8468.1701386985,7409.8234149166,5243.1298880350,9919.9828221089
2022-06-17,8473.5367468186,7414.5193076367,5246.4526629640,9926.2695002805
2022-06-18,8354.7537372452,7310.5817259379,5172.9072880502,9787.1219164192
2022-06-19,8489.9931388125,7428.9189898259,5256.6417592268,9945.5472336302
2022-06-20,8489.9844442871,7428.9113819370,5256.6363759474,9945.5370484850
2022-06-21,8501.8114211582,7439.2602304736,5263.9591357529,9959.3916836042
2022-06-22,8444.0134059951,7388.6857758893,5228.1730691284,9891.6845747272
2022-06-23,8534.8145718604,7468.1386675897,5284.3932794949,9998.0530098032
2022-06-24,8544.6928734985,7476.7823851319,5290.5095026829,10009.6248819972
2022-06-25,8564.2286975087,7493.8766338077,5302.6052519507,10032.5099959500
2022-06-26,8529.6422772216,7463.6128031709,5281.1908151884,9991.9939588952
2022-06-27,8506.6933866844,7443.5320509347,5266.9818406518,9965.1106303618
2022-06-28,8470.4592244089,7411.8264120952,5244.5471923059,9922.6643566735
2022-06-29,8457.7972330354,7400.7469086580,5236.7074271235,9907.8315492474
2022-06-30,8443.2417258542,7388.0105398604,5227.6952776877,9890.7805950460
2022-07-01,8389.5227890610,7341.0053629267,5194.4348024681,9827.8518959904
2022-07-02,8387.2732050903,7339.0369305845,5193.0419559902,9825.2166354818
2022-07-03,8392.5317992450,7343.6383088586,5196.2978532773,9831.3767813963
2022-07-04,8469.1703445066,7410.6986156147,5243.7491728251,9921.1545066963
2022-07-05,8464.2901155851,7406.4283147184,5240.7275431578,9915.4375942729
2022-07-06,8495.5232748098,7433.7579728092,5260.0657836450,9952.0254754697
2022-07-07,8579.4373371091,7507.1845069343,5312.0217931325,10050.3260578752
2022-07-08,8577.1400999647,7505.1743770829,5310.5994418412,10047.6349743663
2022-07-09,8576.9179522932,7504.9799932916,5310.4618974749,10047.3747409217
2022-07-10,8521.4236576439,7456.4213416406,5276.1021963676,9982.3663104545
2022-07-11,8451.0997366489,7394.8864612729,5232.5606229257,9899.9858106738
2022-07-12,8399.6223245894,7349.8426646828,5200.6880042480,9839.6829311859
2022-07-13,8475.0457577841,7415.8397233349,5247.3869782134,9928.0372213597
2022-07-14,8503.4427720431,7440.6876961228,5264.9691986641,9961.3027189861
2022-07-15,8522.5239336009,7457.3841057814,5276.7834403271,9983.6552215668
2022-07-16,8551.1724004230,7482.4521047450,5294.5213494835,10017.2152816624
2022-07-17,8520.4598337637,7455.5779758793,5275.5054377160,9981.2372452398
2022-07-18,8648.7124925474,7567.8016958230,5354.9140156585,10131.4779880669
2022-07-19,8719.9046049694,7630.0962615841,5398.9931362144,10214.8755250470
2022-07-20,8707.5316941320,7619.2697095744,5391.3323573743,10200.3813591344
2022-07-21,8702.4246877491,7614.8009737252,5388.1703167721,10194.3987897291
2022-07-22,8668.7762948966,7585.3579364280,5367.3366666021,10154.9815988104
2022-07-23,8651.6660172871,7570.3860908474,5356.7427122463,10134.9378754100
2022-07-24,8661.1589855894,7578.6926337784,5362.6203534624,10146.0583513745
2022-07-25,8567.9389761460,7497.1232040906,5304.9024982858,10036.8563777238
2022-07-26,8563.6087832067,7493.3341960160,5302.2214274466,10031.7838013737
2022-07-27,8694.6320598893,7607.9822637284,5383.3454538597,10185.2701665150
2022-07-28,8759.2437227878,7664.5188005221,5423.3502406448,10260.9590787078
2022-07-29,8754.3757052397,7660.2591848293,5420.3361717392,10255.2564712183
2022-07-30,8745.1894931597,7652.2210599157,5414.6484608967,10244.4953428351
2022-07-31,8720.3795593908,7630.5118564925,5399.2872077413,10215.4319073143
2022-08-01,8718.5646258320,7628.9237522196,5398.1634782659,10213.3058152033
2022-08-02,8698.4528940429,7611.3255723668,5385.7111514567,10189.7460578292
2022-08-03,8686.1735812372,7600.5809205640,5378.1083245269,10175.3615367219
2022-08-04,8671.9269950617,7588.1148640138,5369.2874458063,10158.6724660230
2022-08-05,8722.5475461466,7632.4088895898,5400.6295327029,10217.9715812963
2022-08-06,8696.8756301555,7609.9454339552,5384.7345769082,10187.8983823086
2022-08-07,8712.8544009425,7623.9271877437,5394.6279504842,10206.6166094024
2022-08-08,8758.6271985584,7663.9793291137,5422.9685151290,10260.2368554098
2022-08-09,8712.1202257169,7623.2847692887,5394.1733804880,10205.7565646103
2022-08-10,8770.0829054132,7674.0033087336,5430.0614003705,10273.6565686836
2022-08-11,8768.7041956495,7672.7969092727,5429.2077620696,10272.0414880996
2022-08-12,8801.6362593654,7701.6131438107,5449.5978917807,10310.6195399111
2022-08-13,8805.4324207255,7704.9348632462,5451.9483130359,10315.0665284417
2022-08-14,8789.6821004221,7691.1530083394,5442.1963862588,10296.6159181807
2022-08-15,8765.2456034288,7669.7705697921,5427.0663492324,10267.9899427415
2022-08-16,8732.1153651839,7640.7809284566,5406.5535183026,10229.1797406672
2022-08-17,8661.5300160031,7579.0172930379,5362.8500796747,10146.4929925389
2022-08-18,8640.3671638052,7560.4993611620,5349.7469439255,10121.7019069997
2022-08-19,8356.0999113271,7311.7596560064,5173.7407816441,9788.6988832903
2022-08-20,8377.5684281270,7330.5450507095,5187.0331718822,9813.8480376394
2022-08-21,8404.3564268683,7353.9851017548,5203.6191585287,9845.2286645044
2022-08-22,8396.2158187387,7346.8619018495,5198.5788410703,9835.6924020670
2022-08-23,8405.3466582723,7354.8515746437,5204.2322675931,9846.3886646410
2022-08-24,8394.0295461631,7344.9488682830,5197.2251943087,9833.1313072804
2022-08-25,8407.5322239322,7356.7639896444,5205.5854766626,9848.9489313158
2022-08-26,8315.0147551002,7275.8092974722,5148.3026046780,9740.5699442943
2022-08-27,8299.9708638324,7262.6455825324,5138.9880686393,9722.9468757316
2022-08-28,8264.0338987169,7231.1999973336,5116.7374321032,9680.8487517230
2022-08-29,8319.5715453269,7279.7965828439,5151.1239748961,9745.9079665626
2022-08-30,8284.5749900712,7249.1738756558,5129.4556000484,9704.9114795667
2022-08-31,8302.5163454666,7264.8729314291,5140.5641223342,9725.9287636332
2022-09-01,8308.5865762001,7270.1845084388,5144.3225503847,9733.0396959381
2022-09-02,8295.2442757989,7258.5097205799,5136.0615668590,9717.4099449270
2022-09-03,8286.2667894594,7250.6542349914,5130.5030900954,9706.8933269546
2022-09-04,8298.9319057075,7261.7364727584,5138.3447900670,9721.7297949948
2022-09-05,8283.7356274819,7248.4394160895,5128.9359025214,9703.9282137217
2022-09-06,8207.9476838465,7182.1234032886,5082.0112392330,9615.1469201633
2022-09-07,8247.4360219976,7216.6765130935,5106.4607345311,9661.4052770122
2022-09-08,8249.5082219108,7218.4897307291,5107.7437523638,9663.8327421205
2022-09-09,8406.3281161947,7355.7103705553,5204.8399444917,9847.5383871396
2022-09-10,8440.5557650227,7385.6602687706,5226.0322452636,9887.6341437026
2022-09-11,8461.8853972331,7404.3241365951,5239.2386440855,9912.6206026027
2022-09-12,8529.4648121314,7463.4575175591,5281.0809363713,9991.7860685698
2022-09-13,8270.1308688830,7236.5349718980,5120.5124160703,9687.9910077624
2022-09-14,8273.5293310778,7239.5086963666,5122.6165989593,9691.9721141928
2022-09-15,8234.8875869786,7205.6963738070,5098.6912786015,9646.7054944388
2022-09-16,8242.5179661014,7212.3731128147,5103.4156840139,9655.6440524254
2022-09-17,8265.7669837673,7232.7164824746,5117.8104844720,9682.8789629314
2022-09-18,8214.1761823836,7187.5734678887,5085.8676599594,9622.4432542572
2022-09-19,8223.3782081671,7195.6254301189,5091.5651619729,9633.2229075006
2022-09-20,8173.2207454913,7151.7366164459,5060.5097996743,9574.4662741317
2022-09-21,8140.9802800476,7123.5255446512,5040.5478781254,9536.6983906174
2022-09-22,8215.6145169091,7188.8320402451,5086.7582153706,9624.1281818805
2022-09-23,8207.0991127040,7181.3808860484,5081.4858401625,9614.1528670185
2022-09-24,8178.8086122827,7156.6261150640,5063.9695685387,9581.0121443345
2022-09-25,8170.0068560163,7148.9243969115,5058.5198963437,9570.7013842131
2022-09-26,8202.8822263686,7177.6910235877,5078.8749239413,9609.2130229526
2022-09-27,8191.4642091164,7167.7000231470,5071.8053744948,9595.8374609185
2022-09-28,8217.2522688733,7190.2651069706,5087.7722415571,9626.0467157651
2022-09-29,8230.8670525794,7202.1783233376,5096.2019351272,9641.9956655712
2022-09-30,8218.0944372919,7191.0020216954,5088.2936763339,9627.0332684806
2022-10-01,8209.5902333524,7183.5606679621,5083.0282358528,9617.0710740970
2022-10-02,8190.1419864042,7166.5430510206,5070.9867105677,9594.2885517236
2022-10-03,8234.4133122341,7205.2813736300,5098.3976279017,9646.1499083747
2022-10-04,8287.9303622622,7252.1098954830,5131.5331034443,9708.8421084926
2022-10-05,8274.7592092255,7240.5848650957,5123.3780870694,9693.4128469484
2022-10-06,8260.1596485001,7227.8099485390,5114.3386615574,9676.3102865093
2022-10-07,8228.0866410579,7199.7454059472,5094.4804228630,9638.7385705814
2022-10-08,8219.5833129160,7192.3048185548,5089.2155246384,9628.7774021451
2022-10-09,8221.1879509121,7193.7089098757,5090.2090480678,9630.6571448872
2022-10-10,8197.8058658974,7173.2491035429,5075.7318579810,9603.2663535012
2022-10-11,8192.2626683237,7168.3986914111,5072.2997463916,9596.7728107629
2022-10-12,8199.6534990418,7174.8658206271,5076.8758336455,9605.4307513290
2022-10-13,8216.5737253947,7189.6713674409,5087.3521163666,9625.2518404212
2022-10-14,8195.2043350078,7170.9727103924,5074.1211009770,9600.2188070639
2022-10-15,8181.1072642509,7158.6374829152,5065.3927958286,9583.7048852295
2022-10-16,8206.2030520080,7180.5968144701,5080.9310375854,9613.1031825452
2022-10-17,8243.1315534438,7212.9100143863,5103.7955911344,9656.3628353261
2022-10-18,8214.7938244547,7188.1139174316,5086.2500775951,9623.1667870436
2022-10-19,8181.1660831810,7158.6889506914,5065.4292140022,9583.7737882825
2022-10-20,8170.2915314917,7149.1734938201,5058.6961552602,9571.0348654470
2022-10-21,8186.0482816471,7162.9609749798,5068.4520631275,9589.4930079161
2022-10-22,8191.1698572358,7167.4424591845,5071.6231243608,9595.4926443229
2022-10-23,8246.1977069475,7215.5929619008,5105.6940226507,9659.9546609022
2022-10-24,8210.3112513488,7184.1915735703,5083.4746594538,9617.9157059385
2022-10-25,8298.4260197418,7261.2938121112,5138.0315670467,9721.1371781711
2022-10-26,8428.3774588683,7375.0039998696,5218.4919573457,9873.3679461799
2022-10-27,8317.7200659000,7278.1765001831,5149.9776177775,9743.7390630322
2022-10-28,8387.0259575648,7338.8205839035,5192.8888708644,9824.9269989764
2022-10-29,8437.5882006048,7383.0635887383,5224.1948559057,9884.1578096698
2022-10-30,8390.3502796828,7341.7294342767,5194.9471493789,9828.8212544962
2022-10-31,8354.9926853601,7310.7908104635,5173.0552345348,9787.4018306340
2022-11-01,8353.1471531023,7309.1759316984,5171.9125596497,9785.2398938762
2022-11-02,8267.1375704730,7233.9157740922,5118.6590933217,9684.4845278118
2022-11-03,8279.3025968849,7244.5604229448,5126.1911589893,9698.7351688665
2022-11-04,8489.6910588298,7428.6546636147,5256.4547241815,9945.1933639996
2022-11-05,8525.6940036101,7460.1579823802,5278.7462125129,9987.3687794573
2022-11-06,8423.1872292063,7370.4624419358,5215.2783884375,9867.2878854056
2022-11-07,8347.9945131357,7304.6672655228,5168.7222646782,9779.2038673061
2022-11-08,7857.7938764077,6875.7316045073,4865.2109313599,9204.9615202485
2022-11-09,7539.6157763409,6597.3192087508,4668.2086181264,8832.2338547273
2022-11-10,7682.2676936604,6722.1425767069,4756.5326030055,8999.3425152966
2022-11-11,7640.5630381777,6685.6501435547,4730.7108585140,8950.4878679271
2022-11-12,7619.7582568467,6667.4455310678,4717.8294249783,8926.1162421754
2022-11-13,7580.4171589958,6633.0212595606,4693.4710945962,8880.0303690185
2022-11-14,7604.6161339047,6654.1958613883,4708.4540680753,8908.3781007571
2022-11-15,7627.7692360784,6674.4553030156,4722.7894817502,8935.5006516837
2022-11-16,7608.4496057721,6657.5502282868,4710.8275904059,8912.8687964388
2022-11-17,7610.8988833039,6659.6933966109,4712.3440786224,8915.7379866705
2022-11-18,7611.5464172108,6660.2600021263,4712.7450040083,8916.4965360535
2022-11-19,7611.5652860450,6660.2765127451,4712.7566867859,8916.5186398265
2022-11-20,7577.0726263202,6630.0947245328,4691.4003025661,8876.1124379724
2022-11-21,7535.2740257530,6593.5200874955,4665.5203912839,8827.1477392449
2022-11-22,7573.5761592620,6627.0352437887,4689.2354392444,8872.0165243822
2022-11-23,7605.1786293450,6654.6880564926,4708.8023412686,8909.0370323816
2022-11-24,7604.8356359084,6654.3879301659,4708.5899743570,8908.6352349515
2022-11-25,7598.5013234046,6648.8452761640,4704.6680381341,8901.2149457747
2022-11-26,7593.2388930389,6644.2405411262,4701.4097656286,8895.0503059557
2022-11-27,7590.7650167791,6642.0758484081,4699.8780469286,8892.1522997042
2022-11-28,7572.8116861026,6626.3663140172,4688.7621100594,8871.1209872727
2022-11-29,7592.1170682632,6643.2589213248,4700.7151795594,8893.7361516200
2022-11-30,7652.0503800490,6695.7018044661,4737.8233308089,8963.9446398352
2022-12-01,7637.1023540841,6682.6219736422,4728.5681504783,8946.4338720580
2022-12-02,7646.4440041598,6690.7961100060,4734.3521019003,8957.3770872702
2022-12-03,7629.7322459542,6676.1729771179,4724.0048937674,8937.8002068330
2022-12-04,7647.6665359147,6691.8658504900,4735.1090414372,8958.8092141417
2022-12-05,7636.4523546933,6682.0532107776,4728.1656985698,8945.6724344999
2022-12-06,7646.3858392776,6690.7452145351,4734.3160886852,8957.3089503973
2022-12-07,7626.0639183711,6672.9631148722,4721.7336217364,8933.5029683489
2022-12-08,7657.6535378348,6700.6046830193,4741.2925672050,8970.5084225738
2022-12-09,7650.0078437537,6693.9145431075,4736.5586794235,8961.5519239791
2022-12-10,7649.5941070683,6693.5525149799,4736.3025113086,8961.0672548303
2022-12-11,7643.5051991880,6688.2245950818,4732.5325191651,8953.9344433034
2022-12-12,7660.8277811595,6703.3822113550,4743.2579233298,8974.2268692675
2022-12-13,7738.8537125887,6771.6565096043,4791.5682532379,9065.6298390686
2022-12-14,7743.1401235309,6775.4072075290,4794.2222161313,9070.6511272830
2022-12-15,7672.7365016061,6713.8025872051,4750.6312952719,8988.1772623665
2022-12-16,7556.7481172835,6612.3103602026,4678.8162331574,8852.3034240757
2022-12-17,7570.6032038906,6624.4338465610,4687.3947120379,8868.5338751519
2022-12-18,7566.8100910640,6621.1147946552,4685.0461783046,8864.0904578061
2022-12-19,7529.0224660231,6588.0498438764,4661.6496920502,8819.8243902667
2022-12-20,7587.0902364054,6638.8603398376,4697.6027796047,8887.8475021405
2022-12-21,7578.2524311931,6631.1270781144,4692.1307874394,8877.4945127159
2022-12-22,7577.8472732910,6630.7725565991,4691.8799309414,8877.0198931272
2022-12-23,7572.4781841491,6626.0744929337,4688.5556198694,8870.7303085787
2022-12-24,7579.6978141863,6632.3918180253,4693.0257069613,8879.1876972209
2022-12-25,7579.1966142094,6631.9532577149,4692.7153853055,8878.6005697683
2022-12-26,7590.1074028010,6641.5004226227,4699.4708803924,8891.3819420874
2022-12-27,7563.5759654846,6618.2848681123,4683.0437456410,8860.3018624346
2022-12-28,7543.5849064546,6600.7922794109,4670.6661342589,8836.8834663791
2022-12-29,7551.3597381685,6607.5954174132,4675.4799785566,8845.9912424138
2022-12-30,7548.9418453687,6605.4797113765,4673.9829224279,8843.1588176222
2022-12-31,7542.8798116521,6600.1753069255,4670.2295696207,8836.0574876595
2023-01-01,7549.8269844979,6606.2542263588,4674.5309628366,8844.1957080972
2023-01-02,7555.0521137433,6610.8263221474,4677.7661400787,8850.3166517613
2023-01-03,7555.2666138645,6611.0140141747,4677.8989494080,8850.5679265330
2023-01-04,7571.5315457027,6625.2461647813,4687.9695017057,8869.6213751287
2023-01-05,7569.1415582539,6623.1548765018,4686.4897233806,8866.8216398791
2023-01-06,7586.0008386934,6637.9070943852,4696.9282709907,8886.5713342775
2023-01-07,7584.9878656476,6637.0207220910,4696.3010812714,8885.3846935926
2023-01-08,7611.3584126132,6660.0954942282,4712.6285995775,8916.2762992905
2023-01-09,7622.1938273599,6669.5767054681,4719.3374263934,8928.9693754094
2023-01-10,7666.6510578468,6708.4776984842,4746.8634479644,8981.0485088615
2023-01-11,7769.5027360271,6798.4750368420,4810.5448217523,9101.5334381984
2023-01-12,8001.0961644029,7001.1240602098,4953.9375980311,9372.8320533150
2023-01-13,8287.2011930262,7251.4718573721,5237.7052918906,9758.6438552479
2023-01-14,8799.2838446329,7699.5547324324,5507.0567137269,10196.5170393139
2023-01-15,8681.1687450871,7596.2015857744,5485.1335247546,10161.0413101596
2023-01-16,8664.3413346307,7627.7740519595,5567.6936999601,10251.6227741489
2023-01-17,8718.5388637174,7635.4098098124,5554.3326962758,10210.5222113303
2023-01-18,8358.2223478979,7381.4456714694,5434.1414802055,9872.8234477837
2023-01-19,8520.5787878847,7532.0898472638,5537.7181673040,10109.7697462281
2023-01-20,9142.7773966235,8083.4583016098,5957.0550024509,10774.8546709806
2023-01-21,9061.0567543265,8011.2061428038,5987.6297303942,10680.4350684148
2023-01-22,9037.8345230859,7990.6745330139,5967.7432797885,10664.8634169699
2023-01-23,9142.4540061586,8083.1723804695,6022.5565083182,10710.0732982437
2023-01-24,8920.5291832136,7844.1231909996,5948.0355365491,10412.2627621022
2023-01-25,9243.9253889871,8138.7976247739,6060.5291956187,10603.9810657057
2023-01-26,9537.2692246359,8423.4210246122,6047.0499297066,10580.3966763070
2023-01-27,9520.6346271169,8443.8707315473,6064.0034770645,10610.0599432228
2023-01-28,9451.7738112020,8425.3621365612,6050.4532538158,10586.3514012576
2023-01-29,9945.0780201558,8742.3196996670,6239.5939767042,10917.2869647250
2023-01-30,9615.2696174639,8328.1541597445,5998.8252212863,10496.0189134944
2023-01-31,9992.9570027242,8653.5213874048,6077.3986453925,10633.4971888389
2023-02-01,10469.7225838419,9066.4039766753,6237.0605369812,10912.8542582753
2023-02-02,10493.2244255809,9087.0096265232,6173.0097144407,10800.7858748818
2023-02-03,10608.3141683284,9186.7725931147,6158.0193200632,10927.5059710121
2023-02-04,10482.2026477025,9139.9611614940,6130.4090319616,10892.9608183361
2023-02-05,10162.4595286004,8957.1623706309,6026.8822778037,10715.5421279800
2023-02-06,9962.2052690959,8873.9698635542,5982.1029422848,10622.0602123928
2023-02-07,10447.0704580233,9139.0535436088,6107.7079403358,10905.5282617844
2023-02-08,10124.3142393689,9011.7346640919,6034.7900787649,10767.3120579271
2023-02-09,9379.8753696852,8467.1312761720,5728.1886832420,10135.1724935493
2023-02-10,9346.8385368437,8420.9655046264,5683.2069879112,10032.6384641813
2023-02-11,9579.4099477214,8518.1430227244,5745.5863709664,10166.2893837267
2023-02-12,9380.0484594675,8437.7223977184,5724.8221518259,10128.2670733880
2023-02-13,9398.9338205103,8287.0699341500,5722.3071084494,9962.5060364275
2023-02-14,9855.2150029654,8599.3392583748,5834.2278527269,10171.9213013892
2023-02-15,10708.0226348299,9293.4870687767,6392.4807566686,11011.3976167806
2023-02-16,10253.2863641257,9092.8294762585,6180.5732409167,10670.0694477032
2023-02-17,10622.8295786836,9554.1244540047,6457.1097501002,11088.6165183296
2023-02-18,10580.9153923590,9502.4885472840,6473.3984009333,11095.2379328172
2023-02-19,10356.6780274168,9362.2923637548,6378.7386858059,10975.1884550174
2023-02-20,10402.0133911340,9425.8656201193,6528.6531417799,11180.9968001884
2023-02-21,10263.0874506637,9154.9240503661,6426.1486988795,10999.8567936149
2023-02-22,10210.9534903249,9154.3825502473,6355.2045024870,10878.4192052205
2023-02-23,10073.8527165002,9020.6435906104,6291.6030764119,10769.5504859489
2023-02-24,9704.5901456032,8655.9796312931,6093.2089912157,10429.9525979886
2023-02-25,9732.8310691921,8388.8634713113,6085.7926355121,10417.2577702631
2023-02-26,9953.6741944566,8399.4976437463,6190.3311887295,10596.1999592298
2023-02-27,9834.2117109260,8287.3236676266,6173.8375500349,10567.9672381791
2023-02-28,9639.6181269874,8073.8856719194,6081.7191587790,10410.2850619093
2023-03-01,10015.6113556200,8152.3540051316,6209.8102916619,10629.5430007257
2023-03-02,9823.9027517422,8034.6048141572,6166.8022615095,10555.9246960738
2023-03-03,9354.7308925987,7718.1449449580,5874.8312175820,10049.6174714559
2023-03-04,9217.9194896019,7602.5918879184,5872.7892231165,10041.0995813877
2023-03-05,9248.0621216825,7675.0938185828,5894.7781133264,10078.6954541313
2023-03-06,9225.0818633050,7675.2176773724,5889.4589411279,10069.6009105155
2023-03-07,9066.8581310227,7519.5272504928,5833.7337794199,9974.3238834265
2023-03-08,8672.5239905556,7058.7395253592,5704.2970851903,9753.0173309746
2023-03-09,8099.9603286717,6711.7269113808,5351.2922195544,9143.8524186406
2023-03-10,7936.7792134987,6609.5285783409,5295.7010883711,9061.7497678694
2023-03-11,7671.3933784520,6373.8158633462,5375.8671104774,9274.9571797599
2023-03-12,8806.2858479697,7293.1190280056,5780.9494051082,9965.7913401125
2023-03-13,9616.6625491750,7891.3909089615,6337.1419182378,10738.8162327689
2023-03-14,9992.6829151920,8113.8791507760,6483.5058793303,10981.4727804464
2023-03-15,9315.0055157984,7753.8943446843,6382.3916746181,10810.2100550893
2023-03-16,9633.6007882326,7964.9380778567,6569.8031409322,11127.6392291157
2023-03-17,10832.2391077931,9025.7437923185,7199.5757841081,12194.3200138056
2023-03-18,10505.2066485188,8589.5555288167,7071.4215780370,11977.2581414388
2023-03-19,10830.1575338615,8603.3386124770,7351.4087162208,12451.4878551255
2023-03-20,10364.2361132900,8114.2451405172,7284.1674415811,12337.5975863539
2023-03-21,10775.0063233083,8052.7118440939,7386.2566526596,12510.5117339620
2023-03-22,10416.2335121427,7874.3257355836,7161.6898224413,12130.1504634808
2023-03-23,10717.2271429571,8077.3471967812,7436.1738249612,12595.0592116860
2023-03-24,10121.6308094390,7584.6394069048,7215.1706298719,12220.7338672759
2023-03-25,9892.8282651425,7265.7105972013,7217.3992158523,12224.5085467068
2023-03-26,10146.0876244046,7720.6058776370,7350.1419963593,12449.3423415810
2023-03-27,9529.1015049800,7288.2313673831,7128.5606303789,12074.0377171299
2023-03-28,9495.4165267783,7262.4677720840,7164.3441524415,12134.6462491237
2023-03-29,10154.0105163971,7525.1451541928,7450.1524202793,12618.7355323143
2023-03-30,10063.7553780073,7278.2459132436,7366.0364397667,12476.2636401635
2023-03-31,10155.1723027081,7349.6443932336,7480.8375263019,12670.7085948555
2023-04-01,10083.2381493876,7295.7936281162,7477.5182997768,12665.0866371654
2023-04-02,9882.8398322342,7049.1495121891,7403.7069013741,12540.0681861094
2023-04-03,9701.6360633241,6918.4385226579,7305.9776244246,12374.5387002652
2023-04-04,9900.9870480258,6843.7022366975,7402.0249496908,12537.2193714446
2023-04-05,10031.9107461098,6890.9800492440,7403.2180841661,12539.2402493474
2023-04-06,9617.1373980404,6606.1511176748,7367.4266779550,12478.6183635349
2023-04-07,9640.9066896608,6549.5886259959,7333.9216748133,12421.8690851573
2023-04-08,9375.4193861785,6435.1070416464,7342.3445734774,12436.1354148459
2023-04-09,9488.7466594166,6511.3776717755,7443.6243453084,12607.6785703966
2023-04-10,10135.1724415968,6966.9944920490,7788.8396722110,13192.3888778028
2023-04-11,10269.4103306657,7068.4614777313,7936.8198837492,13443.0311530311
2023-04-12,10095.0062411165,6993.9422771160,7854.7327574546,13303.9956435696
2023-04-13,10277.2467892455,7044.3482266535,7982.3955182681,13520.2251279016
2023-04-14,10907.8251716815,7457.0227599731,8006.8600311119,13561.6620274558
2023-04-15,10909.1656326216,7471.4032745218,7961.6996284148,13485.1713537057
2023-04-16,11402.0589324131,7690.5308633945,7964.2120437417,13489.4267706112
2023-04-17,11026.4041263370,7486.1631173128,7734.4206511070,13145.8714415564
2023-04-18,11097.7745066305,7554.8045544077,7984.0170248128,13451.4773147640
2023-04-19,10414.5150749876,7075.9613843704,7568.0204405870,12743.8802480092
2023-04-20,10171.2081350898,6877.0592160861,7422.5710407223,12498.9562618001
2023-04-21,9529.7171050761,6388.1113317652,7164.8093172039,12064.9082088347
2023-04-22,9813.1630467136,6683.2064762799,7310.4058878409,12310.0800176696
2023-04-23,9399.5310946228,6383.3561312588,7250.9462677860,12209.9552514219
2023-04-24,9481.5937747705,6445.7929607461,7230.0085973782,12174.6980574906
2023-04-25,10320.8767497590,7065.5708904240,7437.5877155950,12524.2430204450
2023-04-26,10397.0460290558,7316.1070700046,7467.6788824294,12574.9138966234
2023-04-27,10885.4490698990,7616.8590679136,7745.5898615041,13042.8915223102
2023-04-28,10684.0658951247,7496.1590112293,7703.2598681240,12971.6115395499
2023-04-29,10490.6846948986,7411.4066110461,7681.9069658944,12935.6551317813
2023-04-30,10314.9968408223,7351.2732294644,7682.6323075578,12936.8765432945
2023-05-01,10046.1265403713,7082.6003270108,7376.4776804508,12421.3391004645
2023-05-02,10193.6101242231,7046.2956510835,7534.5811386830,12687.5714070927
2023-05-03,10536.7700449401,7292.0675491610,7628.2185425529,12845.2485527902
2023-05-04,10241.7978729551,7091.0775963550,7578.8112118553,12762.0509569689
2023-05-05,10306.1998720264,7135.7422562868,7754.2203760791,13057.4245491547
2023-05-06,9845.2494826250,6836.8634794258,7581.4497735585,12766.4940626181
2023-05-07,9531.3214503193,6617.2868340992,7471.5710237466,12581.4679199963
2023-05-08,8934.7928857991,6164.8300621279,7271.4949868671,12244.5574855563
2023-05-09,8671.8335801323,6091.2214544149,7260.8461302720,12226.6257484144
2023-05-10,8897.5381934705,6251.1562818961,7253.0881281327,12213.5619557089
2023-05-11,8512.3026805724,5884.5652462051,7087.4868446623,11934.7039713744
2023-05-12,8561.1609782988,5914.4771737069,7041.8612772027,11857.8745319567
2023-05-13,8603.7816888470,5894.5103232223,7036.6761355289,11849.1432097994
2023-05-14,8645.2183406281,5922.8988598585,7074.0837921858,11912.1344108059
2023-05-15,8761.4176336641,6002.5077989416,7138.3448586867,12020.3443902219
2023-05-16,9032.6940122996,6188.3611216015,7104.6269835351,11963.5664564779
2023-05-17,9448.4344709489,6473.1877843313,7202.3299799895,12128.0897022146
2023-05-18,9410.8709032267,6408.7599960412,7048.7651632528,11869.5000683515
2023-05-19,9353.6256198131,6387.2529998081,7064.2653992344,11895.6011013384
2023-05-20,9434.5629925465,6467.4030194220,7122.6527750912,11962.1141859804
2023-05-21,9542.4649915928,6428.9801831362,7029.4489993897,11836.1494662328
2023-05-22,9688.5226405165,6527.5695789614,7056.1210738178,11899.3938241049
2023-05-23,9927.7537820714,6673.8030027646,7153.4482591930,12101.6093711807
2023-05-24,9646.4543281852,6484.5257769053,6919.3941702609,11726.8782947258
2023-05-25,9705.2193592462,6520.8261760960,6957.4430709970,11777.7218968792
2023-05-26,9699.6856307214,6517.0338281674,7018.4479841610,11901.7285804080
2023-05-27,9645.9997747515,6480.8077401064,7057.4350985704,11941.6224402954
2023-05-28,10056.0036933654,6756.2749421876,7375.6209363121,12467.7737207847
2023-05-29,9810.7221903369,6591.4789334325,7289.2632295716,12342.3951485619
2023-05-30,9838.8456058838,6631.0972638994,7278.2254216499,12359.1033571567
2023-05-31,9673.2377492087,6483.4691209995,7151.0146853512,12163.4381632153
2023-06-01,9564.3116326787,6396.8804691834,7047.8847666686,12037.2647550349
2023-06-02,9768.0003914682,6531.0529220242,7159.4875169559,12277.7189521596
2023-06-03,9738.7652504067,6477.8113280267,7113.9250226845,12191.5802507086
2023-06-04,9728.2056822967,6473.1866426038,7126.0114223588,12195.3322247943
2023-06-05,9287.6786307319,6179.4832090904,6761.4983279396,11626.9014986200
2023-06-06,9632.0705317801,6413.8258648952,7156.1998270249,12204.3217441797
2023-06-07,9362.6830901745,6235.9168077537,6922.1089453998,11834.6912578620
2023-06-08,9428.4546707714,6279.8803244070,6963.9658898689,11914.1066484387
2023-06-09,9475.6060813965,6311.1567515815,6958.4995468981,11892.4210388127
2023-06-10,9111.1051037022,6068.3835942159,6791.1979153978,11462.4168079901
2023-06-11,9199.7172895891,6127.4030796639,6813.3628849245,11485.1469079736
2023-06-12,9215.2526943453,6132.5981301009,6808.0121761320,11447.2515865084
2023-06-13,9120.8003706901,6069.7416721562,6815.6492879941,11454.3692921666
2023-06-14,8659.5914424840,5762.8147647218,6603.9204796085,11098.5381954419
2023-06-15,8790.7816760558,5850.1196936016,6727.4098978078,11306.0743141535
2023-06-16,8935.8859667573,5946.6841971851,6838.9658846927,11493.5551272848
2023-06-17,8996.9909291567,5987.3485382053,6882.1629836467,11566.1521026956
2023-06-18,8819.9694580712,5869.5436793941,6836.2195906988,11488.9397099912
2023-06-19,8970.5522654990,5969.7540451743,6967.1252992913,11708.9396344758
2023-06-20,9284.0168215685,6178.3595185310,7346.9953007276,12347.3485513094
2023-06-21,9942.9371378591,6616.8600820639,7784.5501881462,13082.7025952614
2023-06-22,9720.2238730185,6468.6480908346,7756.2683469444,13035.1721781730
2023-06-23,9838.2316480708,6547.1803117760,7964.8277848897,13385.6768360049
2023-06-24,9560.7876770578,6858.7735068877,7923.0240208962,13315.4214971003
2023-06-25,9253.3463040849,6640.7591261049,7906.2137533489,13287.1701883472
2023-06-26,9614.3631105563,6899.8465495588,7855.6895170752,13202.2592376763
2023-06-27,9816.1762380501,7044.6798157233,7965.8503640797,13387.3953809561
2023-06-28,9590.3500940063,6882.6133613089,7806.2267906714,13119.1322587948
2023-06-29,10061.3602098106,7220.6386142527,7902.2298471137,13280.4748419004
2023-06-30,10638.9955077387,7635.1845255608,7908.6378370125,13291.2440994751
2023-07-01,10545.6508881883,7525.8290089128,7938.1991998910,13340.9248786472
2023-07-02,10756.8076659285,7678.8908273699,7946.2786136436,13354.5031284771
2023-07-03,10662.0851353504,7610.3012059617,8086.2136445763,13589.6777176446
2023-07-04,10312.1783405359,7361.7378229416,7985.0743337760,13419.7031536802
2023-07-05,10233.1663567227,7304.9111790947,7917.1532743790,13305.5551298933
2023-07-06,10031.8493744738,7158.8281240869,7758.9960899107,13039.7564186391
2023-07-07,10098.8690847663,7206.6395289975,7875.5986667364,13235.7185227534
2023-07-08,10004.6957309009,7139.4366165875,7860.0082271568,13209.5172549320
2023-07-09,9859.2205280090,7035.6242650410,7827.8462948661,13155.4659629654
2023-07-10,9980.8790382153,7122.4408205713,7892.9539638013,13264.8858072419
2023-07-11,10206.6829070597,7283.5763965805,7947.5944706216,13356.7145556097
2023-07-12,10382.0373932517,7408.7108607636,7884.7603533880,13251.1156386865
2023-07-13,10436.1157555185,7447.3016435438,8163.5637146263,13719.6721216538
2023-07-14,10042.3571376820,7531.9332579933,7867.1143739138,13637.7734926934
2023-07-15,10205.0874953415,7528.9771155057,7861.2773673191,13834.6984905581
2023-07-16,10198.5255882626,7494.0169854115,7846.3461539178,13811.4838593023
2023-07-17,10046.4454990689,7373.1021668670,7821.9521899410,13633.8668571749
2023-07-18,9878.7834171890,7240.2578052560,7749.5748653936,13250.2914577172
2023-07-19,9972.4331231008,7315.9689158462,7762.5725216970,13461.1433136524
2023-07-20,9854.0086698462,7222.8058221639,7734.2283914076,13198.6566717191
2023-07-21,9900.4761896128,6484.9521414003,7760.6285830846,13252.3854676913
2023-07-22,9837.3159689256,6443.5813022050,7732.6711642147,12973.8611365308
2023-07-23,9874.0338217515,6467.6320159030,7807.8722607385,13100.4408764719
2023-07-24,9572.6494645415,6270.2209929137,7572.4065322786,12535.1803626549
2023-07-25,9553.9175215133,6257.9513048980,7586.0089118086,12519.6199325546
2023-07-26,9680.9748677172,6326.0636033080,7617.9450461564,13057.0876320062
2023-07-27,9664.6664626097,6314.5018883540,7584.4179446932,13010.1986017142
2023-07-28,9694.4568562439,6333.9657257854,7608.1293240838,12957.9688320455
2023-07-29,9720.5929999174,6351.0420241988,7618.1890117499,13057.8991315433
2023-07-30,9561.9071037610,6247.3630824772,7599.5515976296,12803.2838978266
2023-07-31,9454.7440044992,6167.9814685932,7586.8757682793,12655.3338244607
2023-08-01,9513.4447598495,6207.3790518623,7709.8292366735,12843.2093028717
2023-08-02,9161.9269313135,5998.6232419656,7574.8747373794,12490.4946325601
2023-08-03,9096.2183049662,5988.2471559849,7576.8550112930,12357.2407553611
2023-08-04,8924.0762791460,5874.8866169418,7556.1828203073,12317.3474551366
2023-08-05,8876.9177852677,6865.4409223128,7545.3185652581,12299.6376130822
2023-08-06,9189.2391573983,7108.7236295651,7549.5464370869,12306.5294746939
2023-08-07,8396.4645563743,6495.4393910457,7581.3761609097,12305.1009012410
2023-08-08,8402.4676934657,6526.3190530859,7726.5512613466,12715.6406959350
2023-08-09,8379.3749735642,6511.8112526437,7677.6465413535,12717.3997368533
2023-08-10,8369.3478247073,6439.9905145694,7644.8824812149,12752.8601276916
2023-08-11,8326.6930529390,6198.9508118246,7637.1690158527,12746.4264941396
2023-08-12,8377.9492258528,6236.2713224754,7638.2435026158,12822.3934956167
2023-08-13,8223.8724490210,6121.5816103618,7605.4560840693,12619.8586126465
2023-08-14,8350.1585667021,6215.5848649640,7638.4407513936,12894.6217594024
2023-08-15,8138.5958243141,6124.3364360133,7578.5056721175,12516.2903185399
2023-08-16,7760.6371271882,5810.5900968942,7456.6552396517,12132.8743590835
2023-08-17,7101.4908806206,5294.8847641235,6909.7830032914,11379.5881353455
2023-08-18,7041.4560552084,5351.8331104900,6761.9995473065,11173.8375299055
2023-08-19,7047.0082055477,5356.0530021982,6768.1620547676,11182.6480408776
2023-08-20,7062.1400925792,5367.5539379995,6782.6951815408,11206.6602971332
2023-08-21,7052.6101027892,5360.3107038586,6773.5422880862,11191.5374934488
2023-08-22,7042.1960462969,5352.3955380303,6763.5403099515,11175.0117955875
2023-08-23,7097.5831410988,5394.4922983496,6816.7357685671,11262.9036170684
2023-08-24,7060.6758766878,5366.4410660272,6781.2889038486,11204.3367847303
2023-08-25,7043.0645800014,5353.0556639192,6764.3744762658,11176.3900409998
2023-08-26,7037.2471332063,5348.6341346030,6758.7872225681,11167.1585404667
2023-08-27,7048.3777337235,5357.0939071161,6769.4773914838,11184.8212966941
2023-08-28,7050.7779071354,5358.9181502038,6771.7825913838,11188.6300469778
2023-08-29,7260.8778809299,5518.6038725105,6973.5690273957,11522.0302633267
2023-08-30,7042.5893344842,5352.6944552892,6867.0265622233,11176.0807983532
2023-08-31,6851.2177898336,5207.2432075591,6680.7028026355,10872.3879740325
2023-09-01,6834.6301306727,5194.6358174360,6664.5279816847,10846.0645565743
2023-09-02,6842.3900610962,5200.5337243816,6672.0947808318,10858.3790058888
2023-09-03,6854.6164383629,5209.8263380349,6684.0168646682,10877.7813838658
2023-09-04,6837.1989754814,5196.5882586066,6667.0328923794,10850.1411278150
2023-09-05,6833.1173439747,5193.4860293984,6663.0528456370,10843.6638733080
2023-09-06,6829.2459232879,5190.5435701608,6659.2777779299,10837.5202081949
2023-09-07,6896.6082726517,5241.7420792332,6724.9635946696,10944.4193930686
2023-09-08,6843.8767450471,5201.6636731211,6673.5444637848,10860.7382659803
2023-09-09,6842.5142823970,5200.6281383304,6672.2159104788,10858.5761361245
2023-09-10,6833.3174840967,5193.6381451715,6663.2480046167,10843.9814812314
2023-09-11,6729.1251360502,5114.4471293130,6561.6488243016,10678.6357475769
2023-09-12,6809.1941555322,5175.3032968767,6639.7250640690,10805.6995005057
2023-09-13,6858.7878753809,5212.9968235958,6688.0844818177,10884.4011532352
2023-09-14,6897.6856756422,5242.5609554645,6726.0141829589,10946.1291538258
2023-09-15,6908.7408404875,5250.9633933690,6736.7942038299,10963.6729022516
2023-09-16,7563.8351775778,5748.8654659299,6725.1036102827,10944.6472589254
2023-09-17,6467.7965347392,5634.2095922827,6716.9604619640,10931.3948406594
2023-09-18,6500.8337526543,5662.9888850573,6752.0166017544,10988.4463162203
2023-09-19,6567.2974854252,5720.8865939146,6821.0483973915,11100.7908534468
2023-09-20,6581.7179667873,5733.4485250111,6798.3491033251,11063.8493011705
2023-09-21,6055.0769461891,5498.8550806825,6658.7680311547,10836.6906300992
2023-09-22,5902.7209325908,5360.4872542935,6661.7906335579,10841.6097092724
2023-09-23,5214.2591421413,4735.2686991698,6660.7429985624,10839.9047547995
2023-09-24,5403.8926038592,4430.1651145625,6578.6414981286,10706.2901647874
2023-09-25,5409.6643078202,4434.6377435309,6586.0195216364,10718.2973946295
2023-09-26,5399.2015911424,4426.0608049930,6573.2816413599,10697.5673636097
2023-09-27,5418.2678210795,4441.6905775804,6596.4939065623,10735.3437414090
2023-09-28,5487.5786137839,4498.5089381794,6680.8766349234,10872.6708742202
2023-09-29,5468.2041173622,4482.6264604128,6650.9882074239,10824.0294978099
2023-09-30,5499.5288546448,4508.8188724167,6664.7316754461,10846.3960542725
2023-10-01,5583.6217664675,4576.9384801221,6919.3343642496,11260.7445582670
2023-10-02,5484.8767159018,4495.9963890281,6796.2215641938,11036.9970903596
2023-10-03,5347.1320771210,4392.9595706572,6779.4006469473,11077.6498703512
2023-10-04,5433.9115591842,4397.1183274452,6866.4368434450,11038.4520371879
2023-10-05,5340.1721624230,4320.5629062975,6775.4283891934,10862.6940673147
2023-10-06,5232.4930949249,4233.4432085299,6904.1374503287,11135.7494955350
2023-10-07,5247.0399420679,4246.5641650207,6910.4604343576,11114.6861067318
2023-10-08,5230.8561069726,4233.5774344792,6900.6669774684,11087.7292722752
2023-10-09,5068.2617783142,4101.9822105415,6819.8548911290,10755.4020551865
2023-10-10,5047.5526009062,3948.7909385701,6770.4179557976,10718.8526013283
2023-10-11,4939.6589859253,3864.2877091318,6643.2167211898,10593.9209612740
2023-10-12,4855.3684463203,3798.3473482445,6614.5704890121,10395.3970004376
2023-10-13,4910.7878931459,3841.7018971771,6639.8747843614,10552.0625366490
2023-10-14,4930.5603369375,3857.1698498719,6637.5215862397,10588.8449338360
2023-10-15,4845.7772235782,3790.8441492862,6712.0897876468,10631.4784079218
2023-10-16,5086.8838752815,4045.6758858947,7044.9560887735,11384.7362716993
2023-10-17,5039.3857484449,4017.9839274605,7019.0338317324,11359.0373841940
2023-10-18,4975.8649247142,3734.0733478128,7000.2700429274,11222.8116703772
2023-10-19,5061.7089247935,3670.2360253269,7097.5891219740,11662.6168093725
2023-10-20,5291.3692572874,3836.1997085406,7333.7320591248,12347.8347711416
2023-10-21,5393.2421920093,3871.6055337725,7393.2442418768,12920.9937079791
2023-10-22,5539.9267019167,3976.3480287417,7413.6765272492,12879.3552336407
2023-10-23,6015.7819174033,4317.8987477091,8174.3947852016,14167.4734318787
2023-10-24,5980.8331087109,4411.6256423794,8385.1790463741,13970.1720367714
2023-10-25,6243.4766986322,4548.2040368734,8526.8949651951,14613.7853180219
2023-10-26,6211.6272808388,4536.7475338853,8441.7670344012,14615.1675228101
2023-10-27,6170.7697261175,4657.5193878659,8377.5880049540,14327.6951946288
2023-10-28,6148.6091269905,4628.9580544559,8424.3009651486,14345.0628848993
2023-10-29,6271.1780139994,4754.1769789191,8534.2709559466,14710.8086737767
2023-10-30,6391.1975604640,4657.2375352142,8521.6249878888,15172.6449334895
2023-10-31,6590.9372305490,4723.7273059285,8562.4203469243,15960.2127635366
2023-11-01,6828.6700564303,4918.3889332574,8755.6347212800,16711.7789883000
2023-11-02,6654.5305933448,4815.1372559339,8637.0256260329,16411.7705420518
2023-11-03,6664.0740386369,4809.5992706636,8581.4560388736,16199.8749220953
2023-11-04,6833.7087733328,4933.6288974994,8666.8064358765,16888.1881398243
2023-11-05,6878.9314085300,4962.4989315539,8654.4002369551,16625.2269292591
2023-11-06,7027.0510667499,5059.4498720099,8662.8564247436,16837.3768520316
2023-11-07,7103.3862063368,5030.2911387497,8750.1200311438,17075.9377600323
2023-11-08,7377.2496732549,5051.1032256930,8805.8848941976,17170.1268105338
2023-11-09,7548.8650203619,5166.2382947981,9071.9470646110,17859.4668995441
2023-11-10,8218.6088462095,5652.4658435990,9220.3913503306,20249.3546593868
2023-11-11,8310.7907580459,5693.3539997682,9177.9670442759,20143.8117193680
2023-11-12,8241.0128961995,5667.5774960147,9161.6849896245,20115.2175797099
2023-11-13,7786.2007921351,5318.2315550779,9013.0775620183,19115.7307895948
2023-11-14,7815.6860056459,5177.6927142760,8787.7094049230,19841.7884822455
2023-11-15,8509.4877330371,5462.6141416515,9357.9669258176,21990.9168158830
2023-11-16,7911.1334780494,5247.5654565772,8939.0655261337,20216.4991993111
2023-11-17,7958.7110433969,5320.5930893189,9050.3999763468,20466.5627063179
2023-11-18,7962.6878287636,4845.1356994026,9039.0739744623,20462.5013028351
2023-11-19,8307.3024520989,4937.8730895966,9234.7849140523,21127.7983527221
2023-11-20,8108.2719065783,4895.3469215945,9256.7645755007,20369.7259936954
2023-11-21,7591.6942374940,4560.3634728424,8834.7881984391,19019.6447548181
2023-11-22,8101.8406690985,4849.4519697745,9246.7684271767,20551.2548905768
2023-11-23,8082.4967323714,4808.9018925337,9218.5745429572,20332.4776646486
2023-11-24,8152.1955280341,4909.4692980920,9322.2166060327,20509.7396300272
2023-11-25,8267.4290008482,4962.1749881202,9338.8026978364,20881.4769179821
2023-11-26,8190.0213804380,4924.1243775301,9256.4308761872,20567.5065952834
2023-11-27,7998.4196975198,4793.0886889735,9205.8247573352,20062.9216153275
2023-11-28,8217.2287174590,4849.8711781934,9348.2451524847,20786.5524636287
2023-11-29,8257.3553003629,4837.8974171905,9357.0869483687,20998.2458951696
2023-11-30,8227.9244342065,4899.7716669482,9324.7848548231,20960.2311076420
2023-12-01,8433.8980021242,4972.4835904145,9561.7261984795,21306.0579275114
2023-12-02,8796.9971244930,5035.7322278280,9751.5220087571,22214.6426729003
2023-12-03,8791.3586740142,5131.0169375089,9880.5301633512,22242.9418355872
2023-12-04,8985.0800516690,5221.1062069324,10379.5564759735,22568.0160933255
2023-12-05,9174.2499734096,5328.3439551773,10894.2493534023,23015.8896917733
2023-12-06,9100.1882095889,5255.2869831697,10817.4663772923,23089.4022929835
2023-12-07,9320.6267038570,5358.5601681044,10696.4571188349,24059.6643081733
2023-12-08,9844.7432005406,5781.5689622978,10918.3918807714,25587.9003531249
2023-12-09,9600.0110513950,5777.7316759313,10805.3320815152,25004.7115609494
2023-12-10,9715.7392718839,5837.0079647523,10824.0958703203,25470.8352064969
2023-12-11,9042.4614024946,5417.0064898669,10197.2083400036,23947.3878206054
2023-12-12,8976.9785370429,5503.3625144941,10256.2830058778,23735.5213889143
2023-12-13,9231.6411627879,5976.1646274451,10596.5673191510,24478.7303645552
2023-12-14,9511.0797590962,5985.8801870184,10634.4434271551,25399.4423090012
2023-12-15,9127.0911367776,5814.0765455296,10366.9994943993,24548.1071832330
2023-12-16,9209.8472671313,5944.6240878034,10450.4811752467,24851.7671487130
2023-12-17,8965.8579945687,5765.7976523154,10227.1794820482,24105.8737518451
2023-12-18,9324.0424888799,5947.6685952155,10544.3544999007,25083.4232003610
2023-12-19,9154.8285980005,5810.5216995939,10449.9769185063,24731.8611630462
2023-12-20,9665.4222013858,6224.9152249697,10794.2903420090,26699.4428273107
2023-12-21,10235.5596964644,6551.0590637153,10841.9648505958,28646.9484614091
2023-12-22,10402.1579735055,6609.5232564845,10868.4729353205,29301.6756750949
2023-12-23,10710.2187301437,6657.1055024823,10802.5042888143,30706.2665955124
2023-12-24,10697.2509449910,6181.9130349476,10626.8400265012,31106.9902033577
2023-12-25,11053.0862346065,6350.9700176977,10771.3516040152,32488.6409510254
2023-12-26,10619.5194450635,6122.1606466286,10507.5561170868,30959.5785562556
2023-12-27,10814.3587590172,6096.3886470950,10734.9462448371,30526.7051361638
2023-12-28,10462.6807905053,5922.7107201907,10521.1092529079,29493.1179058750
2023-12-29,10443.3002908117,5784.8788907962,10398.3054336979,29954.0241473661
2023-12-30,10283.5202757373,5634.0550962920,10416.4314860372,29377.7784588410
2023-12-31,10262.8090668465,5612.7698713834,10451.8530502021,29401.7817086197
2024-01-01,10818.7360011448,5874.7022735949,10920.5077816036,31244.6049892178
2024-01-02,10766.2537311584,5854.7165523276,11110.1874150831,31063.9542910959
2024-01-03,10122.9597473289,5560.7007878172,10590.6843238466,29142.9245296467
2024-01-04,10523.1572825368,5573.8857863496,10913.4753775527,30532.1487845182
2024-01-05,10312.2993010949,5482.2862667648,10911.9947413395,29806.8635435111
2024-01-06,9999.7177186915,5304.0626229617,10868.2949623533,28827.0852721704
2024-01-07,9806.9577206214,5149.2888378671,10858.5806045607,28148.6305814235
2024-01-08,10471.8822442502,5498.4173367436,11605.5776411118,30444.9703353278
2024-01-09,10009.3423846564,5277.1076019560,11397.6854406562,30402.4604426844
2024-01-10,10429.3105476382,5498.6993702198,11532.1514329108,30985.6967759330
2024-01-11,10504.9054962117,5538.5556861492,11454.3302811589,30562.1776796557
2024-01-12,9773.1559795992,5152.7516018067,10575.2352815555,28199.3284920862
2024-01-13,9923.3772384930,5180.5410997230,10591.3665535541,28791.7406365186
2024-01-14,9631.4314728183,4975.0158377770,10315.5974408885,27879.8776189021
2024-01-15,9776.0583609783,5051.5241378343,10508.0925078351,28255.6373211706
2024-01-16,10004.6630370435,5135.5730556566,10663.0402223976,29034.8914955674
2024-01-17,10002.6800817960,5136.8054713307,10573.5964471492,29091.1627935160
2024-01-18,9581.4628860900,4920.5432552872,10215.5247245439,27800.7078747014
2024-01-19,9619.3412440116,4979.1307945233,10297.4738603960,27881.3485808105
2024-01-20,9585.3239737859,4960.2736374157,10306.6221652790,27720.8704089783
2024-01-21,9510.3154048642,4898.2360020801,10278.0204263431,27447.6281700460
2024-01-22,8951.0725045130,4553.5639607625,9780.6082296593,25715.6388671662
2024-01-23,8942.4721929945,4549.1366551579,9862.0753553920,25890.9556644478
2024-01-24,9090.2450495295,4624.3103771212,9908.3681016363,26630.0742001679
2024-01-25,8945.4088225942,4566.4144775539,9877.7691105129,26309.9644437405
2024-01-26,9426.0028468471,4809.3978402313,10338.1307960125,27735.8841717097
2024-01-27,9598.1730479860,4889.2442398631,10411.5743071409,28134.9661976799
2024-01-28,9716.0847567697,4958.8601788224,10389.4339756527,28358.7078907158
2024-01-29,10085.6004516411,5154.8798059399,10703.7638978768,29629.7755378570
2024-01-30,9920.4356012404,5102.6917013111,10614.3819187977,29465.2672348124
2024-01-31,9661.5873944169,4953.1454602576,10525.1235320568,28696.2801077994
2024-02-01,9740.9841578712,4958.8792809840,10649.4425933347,28991.5382905191
2024-02-02,9880.5160650333,5045.5155977024,10678.3780315842,29441.4477888758
2024-02-03,9690.4990658000,4986.7530024036,10631.6823743169,28993.6163856236
2024-02-04,9527.8645424555,4960.2110629166,10525.8354239256,28483.7610663396
2024-02-05,9555.6970820384,4974.7006969928,10556.9361999426,28551.1963662334
2024-02-06,9672.5184448728,4977.2430116136,10653.4000200080,28863.7032649764
2024-02-07,9960.6686111992,5122.2165383743,10962.5415358691,29917.0845826394
2024-02-08,10057.5607685518,5173.8032371596,11194.6603064839,30473.4108932042
2024-02-09,10399.5771481714,5349.8083941027,11650.4985124007,31713.6262931910
2024-02-10,10523.9512318685,5413.7896029049,11803.3377416713,32228.5816022818
2024-02-11,10596.7495745115,5451.2389317573,11939.0174106883,32184.6886357960
2024-02-12,11077.2395974218,5698.4152852978,12338.7842445522,33349.4888794748
2024-02-13,11256.3689962461,5790.5640282522,12284.9770841375,33402.2372570356
2024-02-14,12159.3960081338,6255.1042128642,12802.9723488465,34773.1175664489
2024-02-15,12032.3205145857,6186.1042426687,12823.9410249673,34285.8083356059
2024-02-16,12018.5168319356,6126.4290921214,12884.2812763860,33887.6775177759
2024-02-17,11865.3348818315,6110.0537478687,12765.2692701160,33514.6278233620
2024-02-18,12140.3985334313,6162.6727210624,12887.6331006015,34186.0392739712
2024-02-19,12063.6197364751,6140.7367665137,12797.9198940556,34338.0103541481
2024-02-20,12103.7391178966,6235.6394314349,12917.5795241785,34455.5383327713
2024-02-21,11913.3008477518,6201.0340975002,12816.3747020148,33838.0071161008
2024-02-22,11621.0930419174,6158.8245815017,12677.7115139505,33788.4464374610
2024-02-23,11378.0646841372,6095.9606345363,12543.1763099864,33283.2264806967
2024-02-24,11763.0298555139,6161.1173770797,12746.8737864791,33929.6057701341
2024-02-25,11777.7292767234,6261.6662114767,12786.5790610906,34657.8114623441
2024-02-26,12286.9827469132,6510.3256338140,13465.7486223670,35880.0313784231
2024-02-27,12634.0174199460,6675.8248919577,14098.7564452777,36617.1357798800
2024-02-28,13619.5683598352,7236.1505282768,15432.2584515200,39164.9748338486
2024-02-29,13411.3591782184,6943.5504435845,15110.6415250280,39831.3219842314
2024-03-01,13794.2300854646,7138.4915387906,15421.3328888118,40835.0469981262
2024-03-02,13668.8839564759,7068.4586644305,15322.3057636495,40730.9718192422
2024-03-03,13749.4530803118,7152.4304098685,15600.8062669922,41308.3939700828
2024-03-04,14302.7772430645,7485.9202935266,16869.2937595802,43211.0908339002
2024-03-05,13382.6702941169,6860.7229325634,15751.5988071400,40468.3260424465
2024-03-06,14969.9917591339,7620.1996196660,16332.4902128244,42760.9889599239
2024-03-07,15711.0845401094,7844.3109279377,16517.6636696485,44262.3856686465
2024-03-08,16055.1857309191,7940.1563425364,16839.2558776728,44641.1405542899
2024-03-09,16703.2665754329,7956.7321649052,16885.9935563351,44737.0899165936
2024-03-10,16487.8713375210,7924.4476533056,17044.8369014017,44715.2576009296
2024-03-11,17039.6400356656,8137.9499806092,17816.6018425539,45861.7379854230
2024-03-12,17013.2053284244,8189.5964786436,17661.8419883457,46259.6976710037
2024-03-13,17642.0235235757,8416.7053204087,18062.3800384007,50057.7107344901
2024-03-14,18013.1687650520,8414.7919767398,17646.2520507889,50417.4691500423
2024-03-15,17790.2060453743,8299.7850742016,17179.2979499628,51229.4581540280
2024-03-16,16958.9893161537,7864.1155155134,16141.3151120511,48666.4858745040
2024-03-17,18733.8154602134,8829.1528599433,16905.8202392498,51342.7764033685
2024-03-18,18126.7157684924,8759.3681833028,16712.1535169358,50212.7562329428
2024-03-19,16278.0184654875,7837.5397288402,15309.9761919778,45108.2355170926
2024-03-20,18018.3869598441,8476.0522200068,16769.1345285988,49959.1667426666
2024-03-21,17082.8457132622,8102.4783203735,16190.9102455755,48080.3730654898
2024-03-22,16706.7592586225,7847.3079629158,15769.5518302056,47181.3418484066
2024-03-23,16640.6120897153,7911.0635568943,15817.3499311308,46956.7983510863
2024-03-24,17494.6071551051,8275.2122763428,16613.2796462730,49307.0246840369
2024-03-25,18037.3508646175,8481.3190059311,17273.2676766408,50989.1966109182
2024-03-26,18117.3497732859,8420.8428838191,17299.9611498730,51016.2009315363
2024-03-27,17945.5710014620,8288.3438301644,17171.9170155179,50343.9307066365
2024-03-28,18210.3395645953,8445.4296129180,17495.8797245913,51235.3385501730
2024-03-29,18111.7038431218,8542.2836130448,17265.9831442197,51830.0144084708
2024-03-30,18074.9504028405,8540.2338156151,17199.6486643920,51707.6378421832
2024-03-31,18553.6129954459,8752.6326290930,17619.3262239606,53110.2551627630
2024-04-01,17862.4319253653,8428.9015494520,17216.3632922276,51010.6850592307
2024-04-02,16808.0991003938,7869.9026834786,16181.6952008298,48249.3645162811
2024-04-03,16959.4072349976,7851.2720577777,16305.1120380379,48944.9652929444
2024-04-04,17322.6699171746,8071.4690711085,16929.1322261053,50120.0502822765
2024-04-05,16819.8753371273,7815.6876291568,16764.2180253800,48841.8736855025
2024-04-06,17191.6003927053,7996.9805742764,17030.0354829635,49734.7996001350
2024-04-07,17353.8901031451,7988.6712307509,17144.8255749563,49918.8676813448
2024-04-08,17863.5986764193,8117.5022154247,17703.3665421773,50735.6951792158
2024-04-09,17000.5156464438,7709.0610338244,17091.8316521278,49095.2385916786
2024-04-10,17142.2163897469,8006.9895727203,17458.9206717376,50243.2159728405
2024-04-11,16964.4173934703,8064.1987950607,17304.4673265284,49860.3751133373
2024-04-12,15730.0412684761,7528.9290859721,16590.1752945458,47000.2896359654
2024-04-13,14632.2735554043,7201.6376628793,15801.1593348098,43951.6496929929
2024-04-14,15819.8824293957,7537.7767879385,16230.6006891064,45778.5365472583
2024-04-15,14907.7200560515,7211.3956836655,15676.4497217428,43795.2499431911
2024-04-16,14884.0554955582,7351.9208281186,15768.7484800065,43492.0211102956
2024-04-17,14204.9735113891,7139.7932212525,15146.8268898439,42198.0003056768
2024-04-18,14857.9025829072,7323.9494943136,15688.8312021965,44038.2581891376
2024-04-19,14916.4117332501,7296.0031807715,15774.8341667458,44235.6179986475
2024-04-20,15760.1724669883,7570.5927703077,16052.3187410675,45541.6312288455
2024-04-21,15735.8112116528,7529.4538135451,16052.4571644864,45569.8495413677
2024-04-22,16253.8927545564,7908.1170267629,16516.7120086433,47251.7820572994
2024-04-23,16016.8715143070,7887.4101881420,16416.5231155007,47004.5822196100
2024-04-24,15357.6187808573,7802.5858221188,15891.4015165637,45820.4328350167
2024-04-25,15354.4360844190,7675.1465312447,15943.0013178159,45830.0868222674
2024-04-26,14909.9143951796,7542.2503647047,15762.9693022663,44938.8544646389
2024-04-27,14907.9231367309,7496.5715271592,15686.8290063156,44897.0056352440
2024-04-28,14727.6037781654,7478.1455539089,15601.9556757386,44648.6834113331
2024-04-29,14774.7491453473,7461.2740650382,15786.6965593786,44819.1423029414
2024-04-30,13855.0232397852,7097.8621421999,14997.1887021360,42671.6511237741
2024-05-01,13943.1121088023,6925.4923577464,14426.9262375479,41453.0444117028
2024-05-02,14174.2267585956,7032.9382265687,14598.8777860176,41855.5225180803
2024-05-03,14980.1551403793,7505.5892969733,15543.4693093948,44224.9602764250
2024-05-04,15493.2589491485,7560.3509492722,15793.1332483587,44736.1577255721
2024-05-05,15901.5222088429,7689.3790568208,15822.7855221705,44886.2831065017
2024-05-06,16017.8285436921,7671.6742211359,15613.4670661306,44875.0887618214
2024-05-07,15887.4932546401,7531.7128899080,15402.5913466277,44015.6734400063
2024-05-08,15434.4752440570,7476.3355856255,15125.9793342146,43440.6284890117
2024-05-09,16310.8067893757,7725.8800095103,15590.9287673130,44920.6816340250
2024-05-10,15856.0461658161,7485.2930997662,15028.8258689013,43428.4431420509
2024-05-11,15847.1119675557,7516.2265907021,15035.2526704944,43528.5034680592
2024-05-12,15828.9903426135,7556.9174062254,15197.9001877347,43737.4133418586
2024-05-13,16296.9486732742,7682.4803398854,15557.8233235683,44496.4397859171
2024-05-14,15470.0042067261,7355.8064706455,15221.0119550022,43204.1885471790
2024-05-15,16689.6131101928,7665.3867367710,16365.2322950944,46221.3682501692
2024-05-16,16306.1433134492,7486.0781202605,16125.1442905042,45681.4516989106
2024-05-17,16794.0578934777,7655.5349780418,16567.3057682615,47217.8831977617
2024-05-18,16960.3865135512,7531.1115313841,16540.4120754412,47348.0716188095
2024-05-19,16708.6190681383,7411.7744609969,16381.9197326155,46830.5640831046
2024-05-20,18122.5024326501,7943.0932068887,17660.5096629385,50330.0556673111
2024-05-21,17846.0587469809,7664.9406647383,17339.5947409282,49642.5198603606
2024-05-22,17476.7661557110,7584.9012263298,17096.9286001604,49133.2018171947
2024-05-23,17134.5901359719,7470.0692974696,16801.0559577422,48339.9226065136
2024-05-24,16948.9211502840,7534.1162375400,16944.5071129934,48001.7702099504
2024-05-25,17043.2219159872,7556.6051036089,17127.5671408321,48359.3041858572
2024-05-26,16783.8334625587,7605.4548003704,16934.0462574773,47716.2378797607
2024-05-27,17144.6941982375,7758.9787242725,17163.6214977693,48311.3894461861
2024-05-28,17003.2397349880,7628.1924101579,16907.0339160122,47751.8591866624
2024-05-29,16930.3672085250,7548.3191780814,16722.6415627663,47135.7764624278
2024-05-30,16874.3110863248,7964.2854518474,16895.6090402571,47312.0466274697
2024-05-31,16783.4069132067,8075.0712882550,16694.8555332633,47043.0085987702
2024-06-01,16792.7318954676,8231.3488994366,16750.9269053162,47447.9856005499
2024-06-02,16752.5819681000,8391.6520115219,16750.6253400107,47361.9552880330
2024-06-03,17137.4094158124,8636.0936594503,17008.7528823033,48151.7248771698
2024-06-04,18026.3767343535,8986.9607084700,17435.8731724861,50054.6453708296
2024-06-05,18247.2718721406,9020.4146694012,17576.8079877289,50668.1493104782
2024-06-06,18268.8987306411,9035.8770649907,17500.4427537224,50626.4328929243
2024-06-07,17737.0487410802,8822.8937956386,17143.6415603551,49203.3021154148
2024-06-08,17668.5175907951,8711.7134625223,17132.4836440508,49167.8323745462
2024-06-09,17675.5561654562,8752.4286849935,17215.9529656643,49189.5128135638
2024-06-10,17187.0414946141,8547.8677515956,17189.2224147306,48178.1735033552
2024-06-11,16562.3443094747,8015.4743378053,16639.0486488144,46349.4710541636
2024-06-12,16929.9328268615,8274.9073114386,16873.8122954695,47356.0942088579
2024-06-13,16439.2135788504,7950.3584753289,16505.2648862674,45924.4808073528
2024-06-14,16326.1189045724,7869.6400334223,16325.0623132908,45501.1447698159
2024-06-15,16425.9313718964,7941.5811455766,16370.6085618117,45799.9618339506
2024-06-16,16601.6718886860,8004.7084389319,16481.5005514535,46391.9413724284
2024-06-17,16370.1178928034,7874.7069384614,16438.8513073431,45611.7273025384
2024-06-18,15969.8589565516,7565.6100064213,16110.3404002192,44484.2728981856
2024-06-19,16021.9576191623,7500.8319629470,16060.6686394449,44529.6820763505
2024-06-20,15881.0782710171,7429.9253172904,16034.8675028955,44086.9461985902
2024-06-21,15771.0100826250,7384.6811161147,15855.3051382315,43858.9040100884
2024-06-22,15823.0486812214,7400.3860382080,15884.5841631815,43901.3988012850
2024-06-23,15494.1907312030,7219.4443365832,15624.5458833383,43042.0399688626
2024-06-24,15204.8552049104,7086.1499589440,14903.5798650860,41723.2708641836
2024-06-25,16021.6863679729,7447.4820427535,15277.4985973118,42533.7922438782
2024-06-26,15761.4991033056,7324.8220788135,15044.8928728840,42127.6816362588
2024-06-27,15945.3701619260,7410.3097140847,15252.8938345974,43705.8395263472
2024-06-28,15342.2770952478,7174.4288490998,14936.8360914834,42083.2691574967
2024-06-29,15328.0059444990,7163.5186098887,15074.9727761864,42332.3596841785
2024-06-30,15856.2100004812,7395.3313097352,15516.2789949625,43676.4944923712
2024-07-01,15674.0775751801,7385.2524447820,15547.9136898811,43623.9170031113
2024-07-02,15572.7723024118,7340.5693183130,15358.9360608833,44049.4346357443
2024-07-03,14845.7900907817,7084.8630379676,14882.6383792796,41809.3627090779
2024-07-04,14340.6272906880,6843.7839691774,14378.3425748896,40383.7802434106
2024-07-05,14288.2047924162,6818.7663569053,14325.7822075149,40236.1563907643
2024-07-06,14483.9202813709,6912.1677471428,14522.0124204867,40787.2990385694
2024-07-07,14198.0869327746,6775.7593704849,14235.4273414565,39982.3808922451
2024-07-08,14303.5818932944,6826.1047776277,14341.1997495618,40279.4589221010
2024-07-09,14466.7201843589,6903.9593371609,14504.7670878979,40738.8628771785
2024-07-10,14427.5897071672,6885.2850820477,14465.5336990945,40628.6698877299
2024-07-11,14380.8628033203,6862.9855808477,14418.6839053333,40497.0850568743
2024-07-12,14447.5846080224,6894.8272575163,14485.5811857504,40684.9763285681
2024-07-13,14606.5487025826,6970.6897633867,14644.9633496099,41132.6255792727
2024-07-14,14829.2460575713,7076.9677216068,14868.2463898594,41759.7502414200
2024-07-15,15420.3605068830,7359.0655343556,15825.2010029242,44684.9960539044
2024-07-16,15384.5737795147,7377.5406374299,15903.4050631216,44409.9015215557
2024-07-17,15128.1918823803,7309.7256296053,15669.6608656894,43750.7831493635
2024-07-18,15133.9036718650,7324.3373566557,15645.1935206715,43940.6954188145
2024-07-19,15672.4057546938,7585.8024068660,16298.5232226327,45459.1545008490
2024-07-20,15722.9872935492,7610.2850271605,16415.8745458540,45859.1885262704
2024-07-21,16356.7904339588,7917.0602257644,16666.5823127611,47164.3910744710
2024-07-22,16048.2714240809,7767.7299771525,16511.7316720082,46221.4670457123
2024-07-23,15689.6160455598,7594.1325807984,16121.5060034915,45173.8227656299
2024-07-24,15691.7947288326,7552.0416628094,15984.5822712697,45241.6339114916
2024-07-25,15575.2044608103,7493.6322499401,16088.2390207481,44759.4292923689
2024-07-26,16151.2231752827,7671.1971201645,16603.6596462243,46484.0904136183
2024-07-27,16173.8637588027,7679.4408368571,16600.8503148137,46565.8376542279
2024-07-28,16253.8125027244,7689.1920142841,16687.2525370821,46795.5559992972
2024-07-29,15964.1585700033,7550.1673492557,16329.0102142413,45987.3542556116
2024-07-30,15883.8779119286,7408.4534748977,16183.1181377080,45808.8696726587
2024-07-31,15461.6838516558,7216.1811165937,15801.6945519398,44528.5227377266
2024-08-01,15452.0023197543,7246.2817421976,15979.2081107471,44401.9170417944
2024-08-02,14457.3523006182,6870.8200347753,15036.4830431763,41449.6080564118
2024-08-03,14362.8511562601,6825.9086054580,14938.1963842394,41177.6591346874
2024-08-04,14073.2655073906,6688.2837598664,14637.0105510224,40347.4298849574
2024-08-05,13670.9405622663,6497.0798494981,14218.5693254495,39193.9820582360
2024-08-06,13809.5523313268,6562.9547413949,14362.7335867697,39591.3758706715
2024-08-07,13749.3425303098,6534.3401860797,14300.1119093560,39418.7570336542
2024-08-08,14198.8433302819,6747.9643018843,14767.6187540488,40707.4559500914
2024-08-09,14111.8942445028,6706.6419692639,14677.1866730736,40458.1767660818
2024-08-10,14120.6121664641,6710.7851395781,14686.2538164216,40483.1706628352
2024-08-11,13895.4079768606,6603.7574193103,14452.0284266121,39837.5202098502
2024-08-12,13961.3554863856,6635.0988060502,14520.6176529167,40026.5888034364
2024-08-13,14089.6081956223,6696.0505810235,14654.0078925387,40394.2836494382
2024-08-14,14015.5913978951,6660.8742855194,14189.4449726509,39574.8162970575
2024-08-15,13892.4639131490,6602.3582604940,14064.7901778709,39225.6922815260
2024-08-16,14033.1096251072,6669.1997785973,14207.1805011768,39622.8086931632
2024-08-17,14097.3938732300,6699.7507045717,14272.2621502811,39804.3167504221
2024-08-18,13987.1886582065,6647.3759554769,14160.6899169103,39493.1497839748
2024-08-19,14092.9309841855,6697.6297278657,14267.7439022301,39791.7156802704
2024-08-20,14048.9429276434,6676.7245154938,14223.2102047187,39667.5143880614
2024-08-21,14271.7224118613,6782.5999006731,14448.7531120854,40296.5374000483
2024-08-22,14145.4885409144,6722.6075734797,14260.3565424163,40480.5247339286
2024-08-23,14795.9814066058,7031.7526590483,15125.1539422438,42500.0132170552
2024-08-24,14714.9464559375,6993.2410041484,15153.4427892907,42862.9484290586
2024-08-25,14919.6438982564,7090.5229447490,15168.3205923756,42590.6450908152
2024-08-26,14341.7564618933,6815.8834054304,14840.9569620263,41577.3108469552
2024-08-27,13860.6464195139,6505.2828472884,14033.4127685456,39068.9695107630
2024-08-28,13768.5415036104,6528.1420968919,13943.6357729498,38788.0952931127
2024-08-29,13821.2777615355,6554.5228069690,14020.1883171291,38699.7327417678
2024-08-30,14154.5828727683,6495.8689113794,13964.6782158270,38570.1576328236
2024-08-31,14043.6743486600,6443.0328166887,13929.2492515035,38438.3537593658
2024-09-01,13621.7379482958,6250.4153526152,13534.3036907416,37154.0814278956
2024-09-02,13820.6072047446,6341.6676919561,13731.8964591348,37696.5088755275
2024-09-03,13224.5931701875,6068.1831126674,13346.3571726998,36890.1070867245
2024-09-04,13533.3250793303,6209.8465826353,13458.5299684448,36650.4154059049
2024-09-05,13224.8289346750,6068.2912946027,13042.7544445097,35896.5645040039
2024-09-06,12969.7067128394,5951.2269480261,12791.1446498442,35204.0783223099
2024-09-07,12987.6013459098,5959.4380066808,12808.7929163106,35252.6502814227
2024-09-08,13069.8639564083,5997.1846940387,12889.9229660070,35475.9382436801
2024-09-09,13322.1138772443,6112.9310682440,13138.7000044369,36160.6280494346
2024-09-10,13541.5191404329,6213.6064762341,13272.1495494661,36368.6545892028
2024-09-11,13495.4384299671,6192.4620685786,13203.5297887186,36374.2353115812
2024-09-12,13473.8630746603,6182.5620886671,13386.4421292568,37111.1405249910
2024-09-13,13756.9825551174,6312.4731436287,13668.0294493904,37890.9381796345
2024-09-14,13696.9542501121,6284.9287993886,13608.3892893972,37725.6018651576
2024-09-15,13594.1881618825,6237.7739695103,13506.2876901045,37442.5526223119
2024-09-16,13483.8599817498,6187.1492288535,13396.6728956457,37138.6750651418
2024-09-17,13738.1413243035,6303.8277329778,13649.3100466001,37839.0436664926
2024-09-18,13910.3228480370,6382.8342476727,13820.3782388874,38313.2842527058
2024-09-19,14279.6742080705,6552.3133126807,14082.9258716664,38928.5537011460
2024-09-20,14371.8389889544,6594.6036697258,14139.5412651219,39075.4599629939
2024-09-21,14407.0404056722,6636.6433720721,14172.6321639049,39794.1886996941
2024-09-22,14591.0398707417,6722.4386023467,14224.0437556858,39869.7463371233
2024-09-23,14620.0029049958,6843.5805747662,14170.6253667844,40329.9089525131
2024-09-24,15062.4846375549,6882.2282886924,14377.0570023465,40670.3647224531
2024-09-25,14713.7081172868,6760.3869043073,14128.5698793041,39698.0038392787
2024-09-26,14942.3917040241,6899.2033151577,14580.9337189437,40634.2650180037
2024-09-27,15124.1042791216,6978.6586571555,14714.2637983072,41177.8036751345
2024-09-28,15131.5682012855,6970.9990514810,14733.9626262285,41011.9645470304
2024-09-29,15182.9033116014,6967.9889307377,14676.6917237916,40744.6302878696
2024-09-30,14727.0698930157,6785.2640993120,14167.8511990817,39073.7503033491
2024-10-01,14273.3800964978,6594.5848885597,13603.6637914706,37603.6706192472
2024-10-02,14498.9630531120,6638.5005881145,13568.6511103840,37263.4055653384
2024-10-03,14451.6233798317,6618.0423232744,13591.7908011494,37364.8553769706
2024-10-04,14666.1313388127,6710.3741835512,13890.0787089196,38134.9321413797
2024-10-05,14552.2424879938,6649.5981073843,13883.8144592683,38390.7296577960
2024-10-06,14888.2675054320,6802.6493086119,14054.2714039758,38875.2904967361
2024-10-07,15114.4465233797,6905.9935385233,13920.9525107723,38486.4057296940
2024-10-08,15168.3881257308,6944.5119040768,13906.7438502240,39029.4315728585
2024-10-09,14745.2872826403,6846.9310318892,13565.6845407277,38211.4810523074
2024-10-10,14699.5399681321,6825.8272563497,13524.3212074106,38092.9297750065
2024-10-11,14998.0287852483,6964.4324853571,13798.9460356876,38866.4446995335
2024-10-12,15179.2430176622,7048.5804960793,13942.8607191611,39164.3450913963
2024-10-13,15126.5965350179,7028.6949610087,13868.6972938877,38999.2882932813
2024-10-14,15546.0412650324,7176.9023140029,14577.6771389973,40915.3822946788
2024-10-15,15631.6442537783,7169.9317373819,14796.0974707475,41165.6985081316
2024-10-16,15762.5764512128,7215.2980148310,14916.5126669223,41423.6555553262
2024-10-17,15691.5541167976,7181.5405584401,14872.7844819374,41076.8382363097
2024-10-18,15870.7393750194,7263.5481269585,15094.7497460021,41601.5947484949
2024-10-19,15949.3956154602,7317.9447746909,15083.7200872762,41550.3958723016
2024-10-20,16064.5545867147,7369.2646749816,15227.9858174800,42717.7405613803
2024-10-21,15741.1698448045,7285.3692209301,14863.0166161697,42048.8944901269
2024-10-22,15505.8108796676,7253.2970997007,14873.7153851339,42243.6920983953
2024-10-23,15489.7592365247,7251.3731816187,14706.6491444117,42417.3119974510
2024-10-24,15665.4280340167,7426.6151634849,15044.0750819516,43690.9414650061
2024-10-25,14852.6294547312,7072.6526277144,14713.1963498315,41882.2328250695
2024-10-26,15149.2110747465,7219.4730312036,14800.2049156571,42660.3167632881
2024-10-27,15394.2799100106,7287.8566073690,15005.1227391950,43505.0312941810
2024-10-28,16166.7395904026,7302.7633087034,15433.1860002813,44319.1406188897
2024-10-29,17439.0127632849,7604.9204160927,16045.1577909643,45338.2806866634
2024-10-30,17187.0389561534,7457.7068537888,15958.7558563686,44641.3312417019
2024-10-31,16546.5439711589,7365.7959148645,15505.9376292377,43219.1740507334
2024-11-01,16407.1778877497,7388.7154246018,15330.3454623204,42642.6778938978
2024-11-02,16270.1241331136,7495.1555125637,15303.5941280465,42614.4578354270
2024-11-03,16015.7160007527,7227.3316959387,15171.5139648031,41963.8215566333
2024-11-04,15964.7186141987,7124.6703133682,14967.2490970618,41090.0692598744
2024-11-05,16775.4415941263,7144.1765270617,15302.9919086800,42678.6651623295
2024-11-06,18801.7095774842,8336.2283584074,16670.6651788358,47143.4188592783
2024-11-07,18769.0263794226,8421.1816134880,16733.7327674309,48465.5641804271
2024-11-08,19054.2346826565,8591.4670767457,16877.5352519682,49105.7671615807
2024-11-09,20319.5918973111,8785.9185083164,16914.5243154716,49164.4918978811
2024-11-10,22870.2740041534,9712.3127777880,17729.0756420426,51600.2219285189
2024-11-11,26070.5993689483,11007.8464695499,19555.1415288493,55738.7610871386
2024-11-12,26416.9350361593,11145.3679225003,19401.6130912474,54203.8368262565
2024-11-13,27304.8780756672,11518.5775054031,19936.1522658107,55670.1197134779
2024-11-14,26283.0114747726,11094.3101613768,19263.4291148651,53791.5938150077
2024-11-15,27679.9256861198,11685.4661012063,20081.0533043571,56074.7443398819
2024-11-16,27553.6572184707,11637.7968011958,19982.8562527199,55800.5368826320
2024-11-17,27537.1734837865,11589.7261289070,19821.6180836685,55350.2921185576
2024-11-18,27540.4839733012,11615.9537337070,19955.7585871619,55780.2819487541
2024-11-19,28213.1425454995,11709.9238584715,20363.1302084784,56098.3928749219
2024-11-20,27897.0491168875,11615.9556052718,20798.9715848982,56444.9625071365
2024-11-21,28857.6521233855,12306.4430107621,21688.0856103885,60155.1011080725
2024-11-22,29277.5740551463,12820.6628766121,21814.9002145561,60393.1506625226
2024-11-23,29110.2801722831,12612.2382178018,21545.8647789124,59784.4872991718
2024-11-24,29054.1905213066,12497.9807866583,21596.0806091600,59600.8414418735
2024-11-25,27270.1161885208,11939.7717962483,20517.3733679657,55925.0280270321
2024-11-26,27704.4445101705,12096.6315145107,20286.8865895693,55268.8184508578
2024-11-27,28398.6591657266,12608.1114702523,21146.7477541865,57611.3913434676
2024-11-28,28400.0937458977,12781.9815955443,21098.4091718541,57479.6995572832
2024-11-29,29175.0645097670,13457.2899556733,21499.0107886445,58571.0832908963
2024-11-30,28918.9601526090,13674.1638904918,21266.9445631186,57938.8509357469
2024-12-01,29342.3898341581,14366.8991516879,21438.3873724232,58405.9231727965
2024-12-02,28695.9465455163,15180.8492527205,21141.7866136916,56606.2739677597
2024-12-03,29087.6337628827,18534.9003824698,21143.7873937845,56583.3278381167
2024-12-04,29905.9109348031,18746.7460077345,21747.6898861436,56786.1822423058
2024-12-05,30747.9439466625,18988.3258079357,21385.5442774671,55812.1776108225
2024-12-06,31305.2097386790,19017.3839828182,22002.1485248150,57421.3966852620
2024-12-07,31710.2370965069,19076.5153921921,22022.2555926724,57473.8722841025
2024-12-08,32084.9903760849,19175.2914089034,22304.0854324382,58209.3942268202
2024-12-09,29837.8410508630,17990.0529558542,21458.5253233250,56002.6441727580
2024-12-10,29135.4328668963,18050.4783722420,21307.7565063364,55609.1664158785
2024-12-11,31533.6033418504,19708.7839267681,22307.4847732575,58218.2658557630
2024-12-12,31622.2287139442,19759.5147861674,22060.2637966421,57573.0664221193
2024-12-13,32135.0282203846,20079.9434795877,22373.4972807324,58390.5458662187
2024-12-14,31428.5959012004,19638.5210870481,22372.5597597407,58388.0991158614
2024-12-15,32613.3131078611,20378.8053147728,23044.0431770455,60140.5423206305
2024-12-16,32514.6066521190,20317.1274460379,23395.8164946561,61058.6033541258
2024-12-17,32380.2424945612,20233.1684505473,23412.3786301990,61101.8273580858
2024-12-18,30195.3420776511,18867.9081937584,22104.3206654571,57688.0464177358
2024-12-19,28377.0212656246,18413.8381354481,21499.4210919492,56109.3743018754
2024-12-20,29483.2528988670,18815.5689607721,21575.2124948505,56307.1753578232
2024-12-21,29063.3753765910,18348.9834388120,21461.9489293936,56011.5791293571
2024-12-22,28523.6585466992,18133.2714909580,20997.4414699449,54799.3035617151
2024-12-23,29446.5306048177,19387.3651397291,20930.2046703515,54623.8283831456
2024-12-24,30082.8875376596,19816.5184100292,21764.5123216324,56801.2116758600
2024-12-25,29948.6757952037,19903.4197565451,21933.4911051776,57242.2139602687
2024-12-26,28423.8801881218,18885.6784619737,21130.9731362767,55147.7956543773
2024-12-27,27982.3286173334,18592.2983557005,20801.7223817845,54288.5142000551
2024-12-28,28631.7866403743,19023.8177442048,21022.5295316830,54864.7786012777
2024-12-29,27969.8224063892,18583.9888540734,20678.0071117189,53965.6410228992
2024-12-30,27973.0505947595,18586.1337592438,20469.2928796475,53420.9368227565
2024-12-31,28037.7665464590,18629.1329784590,20642.2268988119,53872.2615151434
2025-01-01,28668.6981317259,19462.2204249234,20866.3032395567,54457.0578787886
2025-01-02,29447.9551521953,20048.4199277197,21394.1827061813,55834.7222564682
2025-01-03,31587.7757436895,20831.5551265233,21656.5540220227,56519.4611758866
2025-01-04,32391.5103341504,20937.2682227838,21666.7718978664,56546.1278762519
2025-01-05,32088.9983311443,20754.9864088307,21698.3409870719,56628.5171571084
2025-01-06,32598.2280421261,21279.6132786696,22552.4755528786,58857.6449020860
2025-01-07,30433.6413619925,19880.7802439083,21387.5252041743,55817.3474504011
2025-01-08,30189.9261617258,20031.6767455536,20969.7217316349,54726.9603499728
2025-01-09,29099.2071671236,19313.5288769593,20416.4475787597,53283.0207014373
2025-01-10,30304.6227358361,19884.2758370130,20895.9333147582,54534.3867042002
2025-01-11,30127.5953330961,20219.3050382381,20868.1121035878,54461.7786677134
2025-01-12,29583.7932624095,19842.4639310274,20855.9949205115,54430.1551389771
2025-01-13,29649.2931259015,19898.3154691433,20854.0184056678,54424.9968135179
2025-01-14,29946.7007811841,20298.6901599832,21300.6666417073,55590.6632261173
2025-01-15,31534.5432247631,21996.6998224731,22169.0294672706,57856.9240059299
2025-01-16,31132.8554238370,22066.1220229943,22056.5159186070,57563.2851777496
2025-01-17,32668.2148542857,22796.8625215805,22958.7817091621,59918.0262075437
2025-01-18,32701.2332542640,22679.9927923145,23064.3906914632,60193.6454389745
2025-01-19,30599.1667560823,21222.6774062380,22353.0527053180,58138.1543102007
2025-01-20,30493.2830480522,21531.7963611957,22557.8602322686,57226.3941106053
2025-01-21,31864.3108526538,22015.2294395261,23414.6022093982,59274.8051452308
2025-01-22,30965.7918687899,21582.7634253326,22876.9813481869,59426.6081661917
2025-01-23,30454.0615888639,21311.9026190836,22921.9117659730,58994.2845952461
2025-01-24,30346.4934527539,21352.4526614523,23133.7165084194,59297.1463634034
2025-01-25,30203.0512214211,21427.1667519854,23106.4401623901,59617.9199149639
2025-01-26,29018.4168613648,20915.4390602002,22637.2715691638,57163.0408773659
2025-01-27,29136.6551442100,20880.8476960363,22518.7755336073,56835.2362944823
2025-01-28,28057.1732191248,20642.5499539858,22353.9240483573,56419.1669081298
2025-01-29,28585.3867425041,21054.3252100267,22882.8447147656,57754.1120969339
2025-01-30,29788.2323196233,22261.7607598966,23101.1657795873,58305.1335895850
2025-01-31,29351.6196998742,21569.6138383956,22595.2618050084,57028.2803301971
2025-02-01,27949.4644242332,20972.3809235665,22199.5375033066,54194.8411224817
2025-02-02,25863.5151981270,19816.6837246249,21552.0833005021,52587.1397073623
2025-02-03,28730.8092721662,21538.6508986603,22352.3798961357,54539.8654970278
2025-02-04,27693.6177365649,20576.5783727190,21565.8791976366,52620.8017325077
2025-02-05,27274.8427061709,20189.4051404490,21312.0426317173,52001.4398467580
2025-02-06,27256.0504296004,20163.3494177260,21299.2305801412,51970.1784073521
2025-02-07,27637.1686094785,20449.2058203421,21288.7413746928,51944.5847185823
2025-02-08,27475.7082294183,20329.8191387935,21275.0513622822,51911.1810524403
2025-02-09,27810.9409282422,20577.8644331893,21279.0242453553,51920.8748975453
2025-02-10,27922.4072641673,20660.3405764974,21492.5738798121,52441.9365649979
2025-02-11,27302.8587844103,20201.9244208153,21128.0171877381,51552.4172814073
2025-02-12,27741.1951716438,20526.2581704678,21589.4517842657,52678.3189056295
2025-02-13,27836.8979012954,20597.0705101776,21311.0962869986,51999.1307631655
2025-02-14,30020.7978828050,22212.9812365030,21507.9404003491,52479.4309153597
2025-02-15,30591.4048390841,22635.1845924139,21523.2010361623,52516.6669067182
2025-02-16,30138.0956005345,22299.7721343726,21203.0012196207,51735.3785156161
2025-02-17,29701.0061592997,21976.3610246904,21128.4142554523,51553.3861276699
2025-02-18,29720.1278714243,21990.5095571276,21104.5328383788,51495.1154074550
2025-02-19,30442.6804313451,22525.1404659582,21319.0883777114,52018.6314854395
2025-02-20,30925.2030605892,22882.1684887120,21685.4120211133,52912.4621348986
2025-02-21,29823.9618876761,22067.3383963781,21217.0882997455,51769.7510280207
2025-02-22,30489.0372981218,22559.4408271917,21298.4937989383,51968.3806592871
2025-02-23,30658.5494012199,22684.8661799813,21233.8577928724,51810.6686351769
2025-02-24,28551.5107651408,21125.8266810805,20195.9404355785,49278.1475646296
2025-02-25,28037.0710029356,20745.1825413149,19562.2909536355,47732.0411688893
2025-02-26,26403.9690489211,19536.8181532852,18584.9948066312,45347.4360102416
2025-02-27,26735.8331675720,19782.3709686846,18686.1345712165,45594.2173007581
2025-02-28,26592.4170682387,19676.2545644525,18607.0210351069,45401.1800654185
2025-03-01,27063.7229512630,20024.9830951578,18985.2478862059,46324.0545728380
2025-03-02,31039.6273348195,22966.8332689887,20795.3185619282,50740.6317629509
2025-03-03,27131.8202175135,20618.2272172696,19019.6780688848,46408.0643087621
2025-03-04,27155.7098045029,20860.0469799049,19253.8090465243,46979.3445074918
2025-03-05,27891.4426206783,21205.8621980282,19987.0673764215,48768.4967531585
2025-03-06,28126.3516174916,20815.7160567344,19838.3611056146,48405.6530628642
2025-03-07,26777.2780030920,20275.4226473418,19147.8735863249,46720.8617071149
2025-03-08,26405.8927305835,20112.0794514511,19020.0839603259,46409.0546849416
2025-03-09,24522.2618531835,18698.4544630703,17809.4509711104,43455.1070200895
2025-03-10,24206.6554463174,18457.8016202629,17580.2397807683,42895.8311152525
2025-03-11,24774.8132387441,18891.0272612390,17992.8680451861,43902.6451612820
2025-03-12,24869.8463304276,18963.4908842101,18061.8864414949,44071.0502290641
2025-03-13,24545.3408533469,18716.0524169700,17826.2122439625,43496.0045697536
2025-03-14,24914.7865786306,18997.7582446034,18094.5245868582,44150.6873892438
2025-03-15,24959.6592816681,19031.9741011751,18127.1136771090,44230.2048548207
2025-03-16,24737.3870917540,18862.4894734357,17965.6870643350,43836.3234968067
2025-03-17,24920.4947584063,19002.1107851742,18098.6701892686,44160.8026699845
2025-03-18,24756.9295595381,18877.3907882550,17979.8799077170,43870.9540718359
2025-03-19,25283.3754011697,19278.8106758639,18362.2145986038,44803.8517190981
2025-03-20,25000.1710816319,19062.8647282867,18156.5356333513,44301.9945051205
2025-03-21,24985.3880643054,19051.5925390425,18145.7993715881,44275.7979982955
2025-03-22,24961.2245858602,19033.1676602902,18128.2504893831,44232.9786797473
2025-03-23,25174.1541605394,19195.5284563626,18282.8919675327,44610.3042915046
2025-03-24,25306.2244798113,19296.2333124486,18378.8088894665,44844.3418322706
2025-03-25,25296.5099494039,19288.8258919774,18371.7536490472,44827.1270271669
2025-03-26,25251.8449900041,19254.7684418762,18339.3154339544,44747.9776973707
2025-03-27,25291.4279331552,19284.9508069638,18368.0628019403,44818.1213505581
2025-03-28,24934.8878458497,19013.0856492285,18109.1232619371,44186.3081946766
2025-03-29,24705.1596006702,18837.9157094780,17942.2816408951,43779.2142023044
2025-03-30,24671.3088704390,18812.1042104588,17917.6973295457,43719.2284182150
2025-03-31,24692.2964825107,18828.1074613401,17932.9397182956,43756.4198866911
2025-04-01,25034.0223944052,19088.6766714996,18181.1203677756,44361.9813215138
2025-04-02,24693.8371254545,18829.2822160222,17934.0586201789,43759.1500102173
2025-04-03,24785.1701941412,18898.9245367851,18000.3898509012,43920.9983869297
2025-04-04,24873.4616736090,18966.2476172656,18064.5121078187,44077.4568617720
2025-04-05,24827.7641869616,18931.4028554623,18031.3240131470,43996.4778238392
2025-04-06,24162.8361423580,18424.3889903597,17548.4157283980,42818.1803441081
2025-04-07,24238.8969212934,18482.3860470694,17603.6553601002,42952.9651901577
2025-04-08,23941.5492729723,18255.6556787567,17387.7047110184,42426.0450407308
2025-04-09,24616.3500085949,18770.1975632790,17877.7831013517,43621.8375968693
2025-04-10,24223.5627390932,18470.6935894440,17592.5188112896,42925.7919818883
2025-04-11,24650.7170330457,18796.4027414787,17902.7423747109,43682.7382892447
2025-04-12,24891.5754615190,18980.0595502926,18077.6673632195,44109.5557194092
2025-04-13,24696.0829660891,18830.9946905520,17935.6896764375,43763.1297917608
2025-04-14,24804.3378754491,18913.5400734042,18014.3105031855,43954.9648149675
2025-04-15,24681.6580558064,18819.9955612845,17925.2134922266,43737.5678748445
2025-04-16,24731.9985675436,18858.3806732290,17961.7736138422,43826.7746673533
2025-04-17,24851.2312504739,18949.2967113020,18048.3671195113,44038.0630480113
2025-04-18,24790.1074341808,18902.6892285825,18003.9755533517,43929.7475103013
2025-04-19,24868.1499470186,18962.1973759638,18060.6544320933,44068.0441228971
2025-04-20,24881.3435003811,18972.2575840405,18070.2363353921,44091.4239920452
2025-04-21,25182.7475466762,19202.0809938212,18289.1329696881,44625.5323531115
2025-04-22,25838.9033680840,19702.4059565318,19522.5996392116,47635.1942577265
2025-04-23,25815.5304500520,19684.5838875029,19574.4319034028,47761.6651181239
2025-04-24,25933.8107398359,19774.7737168769,19634.8927802389,47909.1898159770
2025-04-25,26309.4069713553,20063.6540979371,19772.4094661725,48244.7308898701
2025-04-26,26333.8567003681,20052.2523011391,19770.1781445491,48239.2864592641
2025-04-27,26447.4726569139,20138.7887468759,19586.5955312040,47791.3444018207
2025-04-28,26712.4524187729,20341.0596082083,19850.2341201739,48434.6232494896
2025-04-29,26430.4575008962,19825.9852815150,19692.6292718719,48050.0670067981
2025-04-30,26218.9474222842,19665.4443399684,19674.9082325366,48006.8276244010
2025-05-01,26689.5927967152,20017.8084463648,20159.1781486612,49188.4474882552
2025-05-02,26664.5483917926,19998.6084999222,20242.1695239873,49390.9466614408
2025-05-03,26287.8029983388,19716.0466684924,20026.8260947998,48865.5081301468
2025-05-04,25592.1383522126,19194.2930388905,19696.9749169813,48060.6703922480
2025-05-05,26074.3105422808,19555.9257474981,19792.2573645085,48293.1598137999
2025-05-06,26071.0107530815,19553.4508811940,20231.0714149388,49363.8672462918
2025-05-07,25991.5106529050,19493.8252180936,20272.1210472024,49464.0284565416
2025-05-08,28516.4753168972,21387.5673902603,21573.9551453182,52640.5070660052
2025-05-09,28316.4322400177,21264.6383159033,21513.4483049280,52492.8702169598
2025-05-10,29561.4712299158,22053.9276821895,21897.3568008038,53429.6079525175
2025-05-11,29173.1845926389,21494.7332756313,21752.8787256854,53077.0810707788
2025-05-12,28514.7003364644,20892.7731204796,21475.7017807980,52400.7685992083
2025-05-13,28904.9792113837,21050.9680571455,21749.8952731777,53069.8014388449
2025-05-14,28814.9219407384,21038.8163890575,21625.3967193000,51864.6399400714
2025-05-15,28758.6385307217,20873.9426060782,21678.8586004072,51966.9263644848
2025-05-16,28604.4908275520,20748.9771714524,21616.2207225114,51816.7755632718
2025-05-17,28491.2180233108,20575.0965321993,21545.7606834189,51647.8740666269
2025-05-18,29038.7668589008,20969.1247857809,22240.9824200675,53314.4072297118
2025-05-19,28425.5733117392,20526.4968505279,22057.0195627754,52873.4253295614
2025-05-20,28582.8174964653,20893.2938679188,22323.6604075251,53512.5966715718
2025-05-21,29342.0004758000,21230.4126268689,22907.3975438470,54911.8873509660
2025-05-22,30384.1482799343,22018.8535615821,23336.1581114571,55939.6798771172
2025-05-23,28353.8849216740,20748.2678207479,22421.5021893114,53747.1356186251
2025-05-24,28482.9624866851,20658.3164528286,22514.1835175304,53969.3043152200
2025-05-25,28514.7461521052,20857.3188681344,22773.7271716857,54591.4628067010
2025-05-26,28587.1055497425,20837.2762005526,22863.6903824589,54807.1158369613
2025-05-27,28681.9284815632,20896.9823496283,22759.9339269685,54558.3986797670
2025-05-28,28333.7383361685,20693.5639677896,22518.3348621613,53979.2556057710
2025-05-29,27339.7275030599,20024.4134490959,22060.3644559581,52881.4434554659
2025-05-30,26400.2850794191,19428.4220034389,21725.1919521330,52077.9931840872
2025-05-31,25803.3272374000,18984.0779007823,21851.8842210900,52381.6903451412
2025-06-01,25933.8195398492,19080.0839705561,22071.4751005213,52908.0770554409
2025-06-02,26000.1371456628,19128.8752982549,22116.4065638489,53015.7833738054
2025-06-03,26746.6258986189,19678.0835653824,22015.8926281709,52774.8389407859
2025-06-04,26652.8131249861,19320.2598750878,21873.8171933774,52434.2664136891
2025-06-05,26171.7921234589,18971.5743269132,21207.7259037286,50837.5625632126
2025-06-06,26525.3343008066,19115.8499010982,21788.4879445525,52229.7215678486
2025-06-07,27082.8860553986,19516.1071670610,22052.5088667220,52862.6126288570
2025-06-08,26925.4135369490,19402.6314267118,22090.5019226418,52953.6867197832
2025-06-09,27888.5353201573,20096.6633662021,23036.7285386564,55221.9098668090
2025-06-10,28488.4213128169,20636.7916761844,23039.1040186993,55227.6041885788
2025-06-11,28018.4708569390,20031.9623864261,22698.7083837333,54352.8549543687
2025-06-12,27117.6737036578,19380.8426472925,22077.4921475958,52344.6032753113
2025-06-13,26587.8094009049,19002.1517319768,22159.9883700897,52514.0252925070
2025-06-14,25873.0947530901,18491.3493571718,22023.7795561938,52191.2420410661
2025-06-15,25890.3686535443,18503.6949127039,22061.2544775045,52280.0489001978
2025-06-16,26087.9526193898,18644.9070164236,22312.0734134019,52874.4315200611
2025-06-17,25631.3821967892,18318.5988081853,21843.3788743399,51763.7343270977
2025-06-18,25478.8412572114,18209.5786916541,21913.4962760296,51929.8962827938
2025-06-19,25316.8088810953,18093.7751009926,21865.8216242267,51816.9184315072
2025-06-20,24604.7217946005,17584.8506288811,21581.5579350071,51143.2795145496
2025-06-21,24156.0641441484,17401.5112761700,21335.4481741465,50560.0565457140
2025-06-22,23684.3077362599,17584.6615531485,21093.9013406507,49987.6466548928
2025-06-23,24876.4321168481,18183.6266889873,22006.9171996181,52151.2821726348
2025-06-24,25105.6153360143,18171.3962612398,22163.4168333707,52522.1499541469
2025-06-25,25269.5064893530,18287.1770220099,22426.1570437843,53144.7832256356
2025-06-26,25083.8636494106,18330.4708829479,22343.9407811195,52949.9497796550
2025-06-27,25498.4653242708,18636.8686985921,22364.9440360639,52999.7226154053
2025-06-28,25293.8895436577,18487.3439364657,22417.0082072777,53123.1026081334
2025-06-29,25531.2435453812,18660.8263523268,22638.4982171919,53647.9824857046
2025-06-30,25204.4626633831,18421.9816880085,22385.6088321102,53048.6933821819
2025-07-01,24730.3760153242,18216.2534700728,22079.4581341572,52323.1873382653
2025-07-02,25515.0959745819,18677.0083364170,22741.4294179620,53891.9055234949
2025-07-03,25717.3582218581,18827.3127238988,22895.0270800526,54255.8963062149
2025-07-04,25216.2151062479,18510.8658023412,22560.6338673938,53463.4620623907
2025-07-05,25341.4346254718,18433.7537176207,22605.3187989316,53569.3549710772
2025-07-06,25492.6947765324,18545.1558531713,22815.4390969780,54067.2912723873
2025-07-07,25314.0034812598,18415.1190467187,22618.8613333541,53601.4476321070
2025-07-08,25545.4195150120,18583.4667288236,22756.7603524872,53928.2362773729
2025-07-09,26008.6935107139,18920.4835815082,23239.5886844168,55072.4272765484
2025-07-10,26784.6808344736,19484.9892692932,24237.4177468523,57437.0503867781
2025-07-11,27139.2312275292,19742.9132164481,24554.4952351523,57851.4665691841
2025-07-12,27260.4008097889,19580.3816282076,24532.0023432066,57678.8848261210
2025-07-13,27764.3623718816,19936.7644673561,24880.2055146023,58468.7299059921
2025-07-14,28357.0128429043,20361.8932964943,25037.8479694485,58839.1912395495
2025-07-15,28253.8193802295,20287.7591325050,24602.6378795055,59511.5476432460
2025-07-16,28594.8045101567,20532.6047617146,24784.8917282882,61945.8143043337
2025-07-17,29785.6577073129,21319.9910442230,24899.2009979360,63058.0851277929
2025-07-18,29525.2936130707,21373.9790800525,24637.4761642162,63361.9007684304
2025-07-19,29433.9690126077,21198.6002839287,24619.7509463760,63741.8502966143
2025-07-20,29538.1715923105,21090.8082608876,24499.6440011617,65047.5293781032
2025-07-21,29735.1141013263,21158.7754686748,24523.7205464694,65128.3201026748
2025-07-22,29823.7204533003,21541.1837213351,25061.5066642649,66009.5646265001
2025-07-23,28348.6125231987,21252.6387644394,24811.1243821310,64855.7243231422
2025-07-24,28112.5163464053,21249.2283881775,24724.4204051898,65429.1240783604
2025-07-25,28167.5998663252,21337.8514695818,24572.5986076872,65630.1847892717
2025-07-26,28284.4452930120,21470.9931488419,24636.4628767748,65954.5419845459
2025-07-27,28548.5646934808,21947.0125991077,24948.9231171462,68058.6079781019
2025-07-28,28306.2124568412,21735.9304258987,24666.1992069869,66931.0111443691
2025-07-29,28786.9414506221,21871.8297332813,24642.8915065832,66490.2002595939
2025-07-30,28402.9500291548,21584.9650961353,24619.8136239496,66315.5707068155
2025-07-31,27975.4492876592,21290.1663703627,24186.0388504442,64967.3074009885
2025-08-01,27508.3489132337,20576.0981034588,23670.7978559058,62412.9202667883
2025-08-02,27070.6031393154,20357.6215824840,23513.7738197867,61362.6296034239
2025-08-03,27640.1422654535,20738.5762927463,23861.1015944031,62745.1458445893
2025-08-04,28037.9364438494,21199.7473787944,24037.9004050222,64989.5604569117
2025-08-05,27795.3016383589,20997.2648281709,23844.5860537352,63776.4439801336
2025-08-06,28039.7650460803,21222.2880196372,24024.7882566057,64646.9888803454
2025-08-07,28764.8521753578,21564.8719422038,24542.8685452324,67336.1017805931
2025-08-08,28608.2862561272,21503.4754831521,24376.2987146399,67861.8410733950
2025-08-09,28440.4278402438,21457.3780361216,24331.9041891936,69463.3636934501
2025-08-10,28856.7602252989,21822.5727418449,24923.5303427909,70243.0738218589
2025-08-11,28915.9713543504,21863.1056958954,24796.5017041885,69889.3890474355
2025-08-12,29445.8574959948,22518.9144293613,25099.0421738969,73166.7963228006
2025-08-13,30169.5174798569,23081.3461015814,25761.8261769072,75167.9140186383
2025-08-14,29169.9005174382,22483.1977643388,24714.8307364149,72655.3157641279
2025-08-15,28895.4297112050,22232.6575840259,24515.7166203089,71541.3026928459
2025-08-16,28785.4062378504,22205.1863870775,24523.7832240431,71685.7810680276
2025-08-17,28936.7986177503,22403.1752366684,24528.8705537744,72338.4078085446
2025-08-18,28663.1760550347,22187.8385955126,24282.7649714188,70957.4534520855
2025-08-19,27960.4933055828,21697.5919567507,23582.0067157607,68352.5725081460
2025-08-20,28423.2392687827,22197.3596942956,23874.1468867410,71032.7176492533
2025-08-21,28070.0482923512,21857.9686090155,23504.0901346512,69376.9976802650
2025-08-22,29243.7582771020,22847.5797542342,24430.8804350637,74966.7173301124
2025-08-23,28891.2728413343,22519.9715869120,24117.9229526077,73874.8019823859
2025-08-24,28570.4047408419,22291.5902078162,23711.6761694680,73261.2278693121
2025-08-25,27409.2518451366,21406.3000509987,23005.1724695547,69580.4618027539
2025-08-26,28051.5706383881,21880.9619667743,23350.1581921676,71666.2052953829
2025-08-27,27747.1894816333,21664.0908773426,23245.4427697997,70887.7082418401
2025-08-28,27915.7736383546,21884.6684553665,23518.0672335846,71649.9474068691
2025-08-29,27010.9634419496,21296.1437125651,22642.7749169702,69492.9818550458
2025-08-30,27085.8107313872,21347.1506582441,22734.4784750395,69679.6195927713
2025-08-31,27030.4415154772,21307.0404378453,22615.3952635289,69500.3869172052
2025-09-01,27059.1274208115,21275.6237229156,22822.4548067266,69216.1837691250
2025-09-02,27441.0277217074,21572.8531685061,23240.8464143955,70025.7815804159
2025-09-03,27557.6626590422,21697.6351743845,23338.1429012907,70728.3156453813
2025-09-04,27207.4671518921,21426.4355762929,23134.4742148297,69588.7698802176
2025-09-05,27123.4189411221,21399.4079891675,23119.6655934187,69740.0497215340
2025-09-06,26573.6323330073,21118.6752074887,23021.0486989710,69673.0555304798
2025-09-07,27270.1465089905,21570.1120251833,23219.3960594255,70496.6437616128
2025-09-08,27505.0029072649,21646.6812784499,23413.2557056037,70754.4276289205
2025-09-09,27510.3054789615,21659.4303670336,23304.8569311551,70643.3308674339
2025-09-10,27956.5297249176,21940.2419323225,23809.1209932875,71847.8474549343
2025-09-11,28449.4574956213,22253.7181581256,24127.2493755732,72957.7350026734
2025-09-12,28760.3569815490,22546.2992460134,24241.4750751226,74597.5152751804
2025-09-13,28677.4294993748,22557.2573108694,24218.2572125745,74562.7294614233
2025-09-14,28473.4882328533,22428.3242065158,24082.3973038389,73964.7806812084
2025-09-15,28351.0127871828,22337.6910790751,24099.4664964078,73535.4878180027
2025-09-16,28795.2555785655,22687.4485661693,24400.1621561971,74626.8730827448
2025-09-17,29068.7457885857,22898.0920148688,24328.8413450925,75505.3162712240
2025-09-18,29200.6761795262,23006.4542333537,24459.6160133492,75539.4970230841
2025-09-19,28926.9593799493,22787.4532280488,24158.5233955932,74674.0597467539
2025-09-20,29492.0159804491,23224.9411255239,24169.6486649236,75867.7539983557
2025-09-21,29393.0023168707,23144.6146179538,24074.9344940646,75651.2991758084
2025-09-22,28534.5693688977,22468.5185252326,23535.6357574906,72761.8216433729
2025-09-23,28600.6657720313,22497.8360322826,23399.3768015357,72826.2326553916
2025-09-24,28824.5633149188,22600.3356253523,23672.6928078837,73276.4311393116
2025-09-25,27529.0518411483,21937.4068553046,22771.7005968030,69408.5649888786
2025-09-26,27615.7769938137,22006.8709721435,22845.2056604956,69629.2023095167
2025-09-27,27613.8662258401,22005.3482909507,22843.6249739432,69624.3845834092
2025-09-28,28014.1960353884,22324.3690618312,23174.7985937623,70633.7585114291
2025-09-29,28573.3485401740,22769.9548235255,23614.3082162253,72254.3847382455
2025-09-30,28319.1370391893,22731.8159043205,23559.9720689830,71507.6207686800
2025-10-01,29174.4561378282,23244.4505633151,24499.0869438347,74137.2633055368
2025-10-02,29976.2177490738,23618.2535045919,24898.6826925310,76495.2047309491
2025-10-03,31067.1899870054,24107.9739485977,25250.4123093126,78885.2999602510
2025-10-04,30735.7463383804,23846.4351512789,25283.2581725659,78172.6028134680
2025-10-05,31045.5559286235,24086.8019939006,25508.6985438048,78904.6802946671
2025-10-06,31874.9162591754,24730.2640761879,25751.6814981096,81102.3903822526
2025-10-07,31687.6229584181,24621.7107120911,25064.6885775019,80224.7175180608
2025-10-08,32068.4339300964,24905.9030888881,25472.2768195898,81274.4768827507
2025-10-09,31245.5145538783,24537.6621054997,25132.7456193183,79168.7459575642
2025-10-10,28193.2591701188,23184.2396033868,23296.7031790085,71319.3126602336
2025-10-11,28128.5562588534,22997.6459536023,22856.6719002921,70796.9259647295
2025-10-12,30423.2599258982,23849.5373205139,23747.9309721170,75958.7258783555
2025-10-13,30476.1508085887,24081.1412698533,23790.7338832245,76255.4848102985
2025-10-14,29361.0328345699,23779.0064403263,23349.0995611191,73755.9207010650
2025-10-15,28529.5513262077,23561.5427112540,22881.2298639623,71690.4648405112
2025-10-16,27942.9819526666,23605.6431519860,22350.5316080013,70175.9901163179
2025-10-17,27018.1457046123,22905.8076026063,21986.4176547288,68189.2763124750
2025-10-18,27115.9860717585,22989.9129816276,22067.1472243757,68438.1810934590
2025-10-19,27319.0089348772,23162.0431023626,22232.3684115565,68950.5915746956
2025-10-20,27824.5938966726,23590.6963051536,22613.9951428962,69341.5422194417
2025-10-21,26813.4264517375,22733.3920010655,22156.8504075783,67491.8258172317
2025-10-22,26709.8796887544,22645.6013131587,22071.2861794579,67227.3408628005
2025-10-23,27045.6007555012,22930.2377667319,22348.7039674444,68072.3328602189
2025-10-24,27086.8706391421,22965.2278656041,22531.6929882881,68344.2366229276
2025-10-25,27191.6376199620,23054.0530982924,22661.8798408567,68736.8266507955
2025-10-26,28487.4753421929,24152.7111516474,23253.1848797156,70810.4348307176
2025-10-27,28667.8500978815,23957.2513193221,23161.4889885935,70514.8085163084
2025-10-28,27865.7365835518,23670.2598881956,22916.0464395180,68982.8892462508
2025-10-29,28050.1582189520,23354.4369474364,22332.0425654708,67841.8072425830
2025-10-30,27509.8883957543,23245.6646900506,21987.3005213299,66451.3977510598
2025-10-31,28507.5266400648,23346.8703853322,22248.1552873681,67184.3717720891
2025-11-01,28715.8503099986,23433.9651491987,22347.6334042026,67537.7268960684
2025-11-02,28762.5895385048,23474.9283072978,22437.4679752991,67640.9937363360
2025-11-03,27692.0826315787,22652.7532208829,21634.1490454918,63782.9596216644
2025-11-04,26925.8254157585,22025.9373961352,21037.1169059898,62019.5286602898
2025-11-05,27241.9721713027,22284.5526303234,21284.1220080856,62747.7244523808
2025-11-06,26853.9603908786,21967.1501718055,20980.9688434325,61853.9985455620
2025-11-07,27112.1485236923,22178.3539348089,21182.6909392225,62448.6954974858
2025-11-08,26979.9122472906,22070.1816540877,21079.3748862168,62144.1094204541
2025-11-09,27292.0708192303,22325.5344634091,21323.2640249787,62863.1190404021
2025-11-10,27456.9676889682,22460.4238520754,21452.0977625724,63242.9338085956
2025-11-11,27081.4047677979,22153.2048434739,21158.6708775570,62377.8819487691
2025-11-12,26900.1085246966,22004.9003945277,21017.0243281254,61960.2937273716
2025-11-13,26683.5748692344,21827.7709410858,20847.8468283199,61461.5415055365
2025-11-14,26117.2750870846,21364.5248434647,20405.3974498154,60157.1564021256
2025-11-15,26196.1640474216,21429.0578066997,20467.0333051912,60338.8650799861
2025-11-16,26089.7443026556,21342.0040358409,20383.8876791174,60093.7434427244
2025-11-17,25924.9606287292,21207.2072439222,20255.1423812830,59714.1894038036
2025-11-18,25985.9540955652,21257.1012865879,20302.7965078518,59854.6785441037
2025-11-19,25871.6154713285,21163.5696922724,20213.4638702150,59591.3169767856
2025-11-20,25467.3045471700,20832.8341635900,19897.5762030197,58660.0484804133
2025-11-21,25376.3828037031,20758.4581101682,19826.5391478107,58450.6241233984
2025-11-22,25352.8481425781,20739.2062222660,19808.1515437248,58396.4156240261
2025-11-23,25479.5487316928,20842.8501849227,19907.1425705218,58688.2510904059
2025-11-24,25566.9425906560,20914.3403486079,19975.4232935633,58889.5495039927
2025-11-25,25493.2616711686,20854.0676812018,19917.8564746055,58719.8367532299
2025-11-26,25738.9489314823,21055.0454462708,20109.8116528675,59285.7398535886
2025-11-27,25804.3213382728,21108.5215613822,20160.8870402638,59436.3152136353
2025-11-28,25770.4602166292,21080.8223939855,20134.4313842687,59358.3212887763
2025-11-29,25763.6937951897,21075.2873074015,20129.1447868604,59342.7358698740
2025-11-30,25729.7502352614,21047.5207036136,20102.6247219268,59264.5520610102
2025-12-01,25416.0811615732,20790.9322695180,19857.5554298594,58542.0632308603
2025-12-02,25813.6605515300,21116.1612501700,20168.1837570058,59457.8266657571
2025-12-03,25978.2237948419,21250.7777248342,20296.7568326507,59836.8729764058
2025-12-04,25876.5855662095,21167.6353428889,20217.3469997173,59602.7648316668
2025-12-05,25569.2709497764,20916.2449993077,19977.2424379073,58894.9125238061
2025-12-06,25560.0170795895,20908.6751230918,19970.0123996095,58873.5976464192
2025-12-07,25660.0750673200,20990.5248320499,20048.1875921158,59104.0659474620
2025-12-08,25680.5345884439,21007.2611855124,20064.1725928011,59151.1913312571
2025-12-09,25855.2056382216,21150.1460756845,20200.6428861914,59553.5194311590
2025-12-10,25780.6325634640,21089.1436049826,20142.3790273313,59381.7517369175
2025-12-11,25835.9288985062,21134.3772643067,20185.5819912812,59509.1184037887
2025-12-12,25587.4707573544,20931.1328557112,19991.4619269582,58936.8330023900
2025-12-13,25584.2793088285,20928.5221782538,19988.9684518390,58929.4819878801
2025-12-14,25351.9435394442,20738.4662363347,19807.4447783207,58394.3320087933
2025-12-15,25184.3826956338,20601.3976563070,19676.5296808008,58008.3811829753
2025-12-16,25323.3925964806,20715.1109158346,19785.1379589149,58328.5692699332
2025-12-17,25167.7498119929,20587.7915793109,19663.5344276476,57970.0698744921
2025-12-18,25111.2158487789,20541.5455120027,19619.3645062088,57839.8525200493
2025-12-19,25269.8677526390,20671.3263765906,19743.3190590341,58205.2829626274
2025-12-20,25285.9613211407,20684.4912815406,19755.8929458798,58242.3520410132
2025-12-21,25308.2415638752,20702.7170266779,19773.3004742976,58293.6711791080
2025-12-22,25305.4019105766,20700.3941257152,19771.0818563911,58287.1304712033
2025-12-23,25220.7307064421,20631.1311555842,19704.9283404842,58092.1032774056
2025-12-24,25234.5497961016,20642.4354851271,19715.7251795862,58123.9334409740
2025-12-25,25201.1419179794,20615.1070812361,19689.6236422410,58046.9834933795
2025-12-26,25212.0351497705,20624.0179925181,19698.1345119037,58072.0743899757
2025-12-27,25250.2985557793,20655.3183286192,19728.0296676881,58160.2083048681
2025-12-28,25255.9822373584,20659.9677093794,19732.4703216696,58173.2997977806
2025-12-29,25202.2894629202,20616.0457990892,19690.5202178038,58049.6266879798
2025-12-30,25275.4747591433,20675.9130353962,19747.6998068664,58218.1978462093
2025-12-31,25226.4703251288,20635.8262941703,19709.4126980645,58105.3236129068
2026-01-01,25296.6969980178,20693.2733093206,19764.2807180666,58267.0800339154
2026-01-02,25386.8609086943,20767.0294382892,19834.7256793746,58474.7588387794
2026-01-03,25444.7713170091,20814.4014689857,19879.9710158121,58608.1466243997
2026-01-04,25527.8168787659,20882.3346266899,19944.8544191702,58799.4293991321
2026-01-05,25793.3288520211,21099.5294576948,20152.2986232034,59410.9956995402
2026-01-06,25778.4933421415,21087.3936733019,20140.7076561346,59376.8243671500
2026-01-07,25475.9446094315,20839.9019309670,19904.3266738805,58679.9495449407
2026-01-08,25441.9456231039,20812.0899871242,19877.7633043639,58601.6380698270
2026-01-09,25394.8884031112,20773.5961112415,19840.9975516721,58493.2489467845
2026-01-10,25381.2298755115,20762.4231251142,19830.3261595256,58461.7886134111
2026-01-11,25432.1762337852,20804.0984045373,19870.1304915522,58579.1357728133
2026-01-12,25460.3580385401,20827.1517615897,19892.1489036935,58644.0482581578
2026-01-13,25870.2539174192,21162.4559102172,20212.4000896875,59588.1808451945
2026-01-14,26092.9423959227,21344.6201488477,20386.3863457654,60101.1097623813
2026-01-15,25897.2693546217,21184.5551520924,20233.5072201811,59650.4067809267
2026-01-16,25889.3944880333,21178.1133321741,20227.3545958332,59632.2682278262
2026-01-17,25830.4317398578,21129.8804635447,20181.2870674543,59496.4565379747
2026-01-18,25614.3496878606,20953.1204320051,20012.4624049245,58998.7445157846
2026-01-19,25460.5353215061,20827.2967830867,19892.2874146741,58644.4566024081
2026-01-20,24836.9322032448,20317.1752536342,19405.0670045572,57208.0820115286
2026-01-21,24959.0699736164,20417.0867268154,19500.4931062373,57489.4077214412
2026-01-22,24971.6073066353,20427.3425502832,19510.2885103274,57518.2855542458
2026-01-23,24976.4534033365,20431.3067675694,19514.0747601923,57529.4477982482
2026-01-24,24931.7027767386,20394.6997375279,19479.1111463078,57426.3715609926
2026-01-25,24626.0064313578,20144.6331764619,19240.2709378385,56722.2466934745
2026-01-26,24752.0820984772,20247.7659387178,19338.7737137883,57012.6427474316
2026-01-27,24820.0691980326,20303.3809319605,19391.8919576809,57169.2406531336
2026-01-28,24823.9187687677,20306.5299683486,19394.8996229370,57178.1075516911
2026-01-29,24378.3542374592,19942.0480510442,19046.7805591918,56151.8176685469
2026-01-30,24353.7873574650,19921.9517846377,19027.5864836724,56095.2316105760
2026-01-31,24029.0110915208,19656.2774147351,18773.8391548732,55347.1590585597
2026-02-01,23918.8663667831,19566.1765255654,18687.7832061658,55093.4574985454
2026-02-02,24030.8747407157,19657.8019221499,18775.2952218788,55351.4516899970
2026-02-03,23846.4351522451,19506.9261452222,18631.1927802698,54926.6232523681
2026-02-04,23679.5647890944,19370.4223940734,18500.8171545075,54542.2628433490
2026-02-05,23003.8054755715,18817.6359110340,17972.8471680954,52985.7544182458
2026-02-06,23574.8222491271,19284.7406148741,18418.9819266436,54301.0043913185
2026-02-07,23487.0411668840,19212.9336937418,18350.3986664921,54098.8140680157
2026-02-08,23558.8804928470,19271.6998957731,18406.5266505147,54264.2849892112
2026-02-09,23545.7608657463,19260.9677425069,18396.2763007178,54234.0659308752
2026-02-10,23457.1367128710,19188.4711704288,18327.0343504362,54029.9337230647
2026-02-11,23335.1296607852,19088.6666277775,18231.7103788047,53748.9091027696
2026-02-12,23277.7413592318,19041.7216922827,18186.8729637887,53616.7239103753
2026-02-13,23462.3620821238,19192.7456412856,18331.1169255160,54041.9695634940
2026-02-14,23529.5841689773,19247.7348367442,18383.6374658511,54196.8053792152
2026-02-15,23461.6382431905,19192.1535245804,18330.5513909771,54040.3023110040
2026-02-16,23465.7913999747,19195.5509012592,18333.7962476695,54049.8684736836
2026-02-17,23369.4777830448,19116.7641727509,18258.5465278297,53828.0247592078
2026-02-18,23295.9998605133,19056.6575614702,18201.1383101636,53658.7795809457
2026-02-19,23334.7299229832,19088.3396331667,18231.3980641127,53747.9883677620
2026-02-20,23406.7854109121,19147.2826606009,18287.6949352344,53913.9571850492
2026-02-21,23403.6972739486,19144.7564943506,18285.2821773220,53906.8441329532
2026-02-22,23380.3890043984,19125.6897999040,18267.0714527172,53853.1570920151
2026-02-23,23170.1725732201,18953.7279795594,18102.8295930908,53368.9556320034
2026-02-24,23126.5534483011,18918.0465436181,18068.7500201867,53268.4856361432
2026-02-25,23415.3997442087,19154.3293810996,18294.4253040841,53933.7989868336
2026-02-26,23380.1410656279,19125.4869803523,18266.8777384365,53852.5860029045
2026-02-27,23266.3666774351,19032.4169439496,18177.9859377819,53590.5240671839
2026-02-28,23345.5488424446,19097.1897552733,18239.8508736363,53772.9080972504
2026-03-01,23260.6170115079,19027.7135864924,18173.4937303040,53577.2805893981
2026-03-02,23480.4593213016,19207.5495944056,18345.2562779919,54083.6537914249
2026-03-03,23446.2852762142,19179.5944485170,18318.5561352646,54004.9390951804
2026-03-04,23748.6465575866,19426.9328513957,18554.7906620009,54701.3821518476
2026-03-05,23630.4763274454,19330.2669163319,18462.4643950099,54429.1950652170
2026-03-06,23442.0411701127,19176.1226732288,18315.2402199736,53995.1634446318
2026-03-07,23382.4070946288,19127.3406435972,18268.6481843288,53857.8054548023
2026-03-08,23290.9897773122,19052.5591994986,18197.2239378322,53647.2396190733
2026-03-09,23467.8735535916,19197.2541502593,18335.4230319326,54054.6643967027
2026-03-10,23573.7494743086,19283.8630606812,18418.1437688927,54298.5334182813
2026-03-11,23590.4379425428,19297.5146071385,18431.1824502258,54336.9727573905
2026-03-12,23614.3502488520,19317.0754173878,18449.8651080664,54392.0511047978
2026-03-13,23640.8384232521,19338.7433463023,18470.5602887294,54453.0625711501
2026-03-14,23659.9701821644,19354.3935600868,18485.5079103024,54497.1296573717
2026-03-15,23768.4186159248,19443.1068446689,18570.2385487903,54746.9240700561
2026-03-16,23943.5998477454,19586.4090753519,18707.1074468330,55150.4272964152
2026-03-17,23862.4165542785,19519.9992954508,18643.6790315808,54963.4339724162
2026-03-18,23638.6040974817,19336.9156170209,18468.8146125352,54447.9161428045
2026-03-19,23552.9153357250,19266.8202616190,18401.8660800103,54250.5451603526
2026-03-20,23590.9359077954,19297.9219540372,18431.5715099137,54338.1197443362
2026-03-21,23487.3590717297,19213.1937471337,18350.6470451880,54099.5463133000
2026-03-22,23417.1959058278,19155.7986821429,18295.8286431231,53937.9361709420
2026-03-23,23621.6177326969,19323.0203844119,18455.5431849645,54408.7906444645
2026-03-24,23598.9715405305,19304.4952843188,18437.8497406699,54356.6285977148
2026-03-25,23649.6700830121,19345.9678447893,18477.4604544987,54473.4049512683
2026-03-26,23487.5170938788,19213.3230128446,18350.7705077142,54099.9102931985
2026-03-27,23327.4336390369,19082.3711070048,18225.6974857279,53731.1824914580
2026-03-28,23325.3680691576,19080.6814238791,18224.0836583203,53726.4247665469
2026-03-29,23300.3603743450,19060.2245609285,18204.5451746824,53668.8233589315
2026-03-30,23354.3208319187,19104.3654421098,18246.7044190789,53793.1130359736
2026-03-31,23455.3889584066,19187.0414675387,18325.6688318523,54025.9080374479
2026-04-01,23444.0006016769,19177.7255327994,18316.7711216358,53999.6766961356
2026-04-02,23362.9163286098,19111.3967538369,18253.4200709099,53812.9114505125
2026-04-03,23367.1460232151,19114.8567401935,18256.7247265153,53822.6539063796
2026-04-04,23389.9452404451,19133.5070182680,18274.5377291188,53875.1684230042
2026-04-05,23507.0740291654,19229.3210305704,18366.0503191069,54144.9567082958
2026-04-06,23495.1252654863,19219.5466702047,18356.7147635754,54117.4345551210
2026-04-07,23816.2422932631,19482.2277000871,18607.6031337382,54857.0786105956
2026-04-08,23729.1868834975,19411.0143955409,18539.5868406716,54656.5597630719
2026-04-09,23802.9667677354,19471.3680183630,18597.2309806768,54826.5004640306
2026-04-10,23922.8365839970,19569.4242535163,18690.8851323791,55102.6022878503
2026-04-11,23932.2017949655,19577.0852090231,18698.2021611034,55124.1736217314
2026-04-12,23634.8620774682,19333.8545595684,18465.8909765362,54439.2969709169
2026-04-13,24119.1318439349,19729.9982392638,18844.2503966798,55554.7384549544
2026-04-14,24074.2716254551,19693.3015605713,18809.2011587822,55451.4097895280
2026-04-15,24178.4813030862,19778.5474462640,18890.6200619062,55691.4408745078
2026-04-16,24231.1136790883,19821.6019265235,18931.7416776747,55812.6715183792
2026-04-17,24523.5619534986,20060.8312643175,19160.2311832972,56486.2814767141
2026-04-18,24279.6416652705,19861.2989225898,18969.6565383249,55924.4483268293
2026-04-19,23944.2895850164,19586.9732961219,18707.6463377817,55152.0160009316
2026-04-20,24266.9153470934,19850.8885049656,18959.7134803446,55895.1351955606
2026-04-21,24344.3647365994,19914.2438665298,19020.2246006604,56073.5280417604
2026-04-22,24631.5227155053,20149.1456223169,19244.5808043961,56734.9526119560
2026-04-23,24644.7788974433,20159.9894805449,19254.9378443327,56765.4862035148
2026-04-24,24497.0411223900,20039.1366214728,19139.5104879848,56425.1947906186
2026-04-25,24531.0283016740,20066.9389068856,19166.0646326717,56503.4790700100
2026-04-26,24717.6312648377,20219.5843735003,19311.8573164785,56933.2905110086
2026-04-27,24486.4895273742,20030.5051768409,19131.2665387478,56400.8908021842
2026-04-28,24300.3385870713,19878.2294752038,18985.8270198902,55972.1205268449
2026-04-29,24197.8988031487,19794.4314028062,18905.7909327163,55736.1661218510
2026-04-30,24289.4764471251,19869.3439977579,18977.3404422508,55947.1012455674
2026-05-01,24595.4396773716,20119.6288767122,19216.3891675634,56651.8408416340
2026-05-02,24668.5542121472,20179.4382285463,19273.5134707872,56820.2490116709
2026-05-03,24647.0042873352,20161.8099000746,19256.6765389352,56770.6120494286
2026-05-04,24852.8229774935,20330.1742682743,19417.4824484827,57244.6839843088
2026-05-05,25018.3692016904,20465.5948436523,19546.8235259799,57625.9944413756
2026-05-06,25114.2477205532,20544.0256520490,19621.7333041927,57846.8359738711
2026-05-07,24981.4571739820,20435.3999657269,19270.4306387349,56811.1605138658
2026-05-08,25012.1125593300,20460.4767679457,19294.8490697120,56883.1484952320
2026-05-09,25106.3012332339,20537.5252447445,19367.5081161138,57097.3546448141
2026-05-10,25402.9405486026,20780.1829493331,19596.3416784370,57771.9789167788
2026-05-11,25179.5026354028,20597.4056560813,19481.9380616166,57434.7055905935
2026-05-12,24924.1598350337,20388.5294397113,19286.2733979090,56857.8665554326
2026-05-13,24705.0565276708,20209.2979525891,19116.7316233355,56358.0404150794
2026-05-14,24992.9123170190,20444.7705331840,19339.4739540412,57014.7071258649
2026-05-15,24674.9899202527,20184.7027841037,19093.4661325565,56289.4514169478
2026-05-16,24517.9100770365,20056.2079008661,18971.9180113112,55931.1153758035
2026-05-17,24422.6022723411,19978.2439496345,18898.1689906631,55713.6958729223
2026-05-18,24360.0696407838,19927.0908352313,18849.7813444400,55571.0442431794
2026-05-19,24333.0144522718,19904.9590758810,18828.8460845986,55509.3249993520
2026-05-20,24445.8793698561,19997.2851446477,18916.1807699791,55766.7964032138
2026-05-21,24456.2752247686,20005.7891903341,18924.2250652080,55790.5117916263
2026-05-22,24089.9064192831,19706.0911774072,18640.7294932880,54954.7384379710
2026-05-23,24248.2947314898,19835.6564180294,18763.2901056605,55316.0594044144
2026-05-24,24294.4309973488,19873.3969324913,18798.9902713955,55421.3070703315
2026-05-25,24332.8384887739,19904.8151337390,18828.7099243368,55508.9235852563
2026-05-26,24125.2145463940,19734.9740281763,18668.0508632815,55035.2845744458
2026-05-27,23902.2292143682,19552.5669566151,18495.5051844848,54526.6026234370
2026-05-28,23775.6565149224,19449.0276106153,18397.5634403145,54237.8605473838
2026-05-29,23754.2002364581,19431.4758869853,18380.9606077495,54188.9137332976
2026-05-30,23810.1566843464,19477.2495336262,18424.2596139945,54316.5635424789
2026-05-31,23782.5116240102,19454.6352457121,18402.8679123173,54253.4986623819
2026-06-01,23483.7583818696,19210.2483009601,18171.6931507778,53571.9723005282
2026-06-02,22859.3090162884,18699.4345219591,17688.4952709913,52147.4565321398
2026-06-03,22609.2426347813,18494.8745361868,17494.9943211782,51576.9963423546
2026-06-04,22590.0998976375,18479.2153419594,17480.1817030365,51533.3272597764
2026-06-05,22387.8687137890,18313.7856354892,17323.6955495573,51071.9903986459
2026-06-06,22375.1321161278,18303.3668090134,17313.8399914852,51042.9352258745
2026-06-07,22556.9279906466,18452.0799678191,17454.5133366165,51457.6543434750
2026-06-08,22539.2167114385,18437.5917387298,17440.8083782430,51417.2507528864
2026-06-09,22441.2935971358,18357.4884047757,17365.0356353735,51193.8651141098
2026-06-10,22425.2005460574,18344.3239230898,17352.5828592335,51157.1530822204
2026-06-11,22581.0541410115,18471.8157073681,17473.1821116146,51512.6917628714
2026-06-12,22577.7557551517,18469.1175527402,17470.6298261259,51505.1673694995
2026-06-13,22640.7756288524,18520.6692422951,17519.3944995086,51648.9305130890
2026-06-14,22732.2504229090,18595.4977036739,17590.1775429039,51857.6060178235
2026-06-15,22772.9446017537,18628.7864672226,17621.6666307646,51950.4390041967
2026-06-16,22727.5777448543,18591.6753467836,17586.5618324021,51846.9465409524
2026-06-17,22646.0455557658,18524.9801623313,17523.4723601832,51660.9524549791
2026-06-18,22535.9643454993,18434.9312294432,17438.2917028923,51409.8313417695
2026-06-19,22578.3551331888,18469.6078576024,17471.0936238535,51506.5346916750
2026-06-20,22632.5140712238,18513.9111003138,17513.0017199657,51630.0839584090
2026-06-21,22562.3614625622,18456.5246713856,17458.7177481416,51470.0493699535
2026-06-22,22613.3610834683,18498.2435208530,17498.1811699177,51586.3914917763
2026-06-23,22521.5861615318,18423.1695480445,17427.1658880685,51377.0313248082
2026-06-24,22401.3798431312,18324.8380464905,17334.1504389551,51102.8124602215
2026-06-25,22306.1935292796,18246.9734775315,17260.4954277197,50885.6701065092
2026-06-26,22329.0611059508,18265.6796751831,17278.1903204883,50937.8364235054
2026-06-27,22323.9340453008,18261.4856229987,17274.2230094906,50926.1403931402
2026-06-28,22289.9589031577,18233.6931842410,17247.9331010467,50848.6351086708
2026-06-29,22341.6244768209,18275.9567982052,17287.9118359578,50966.4964252526
2026-06-30,22219.0620111541,18175.6979146164,17193.0732040113,50686.9026349820
2026-07-01,22326.2572701671,18263.3860737619,17276.0207170255,50931.4402150920
2026-07-02,22441.7368090477,18357.8509621968,17365.3785920133,51194.8761846498
2026-07-03,22517.1359998649,18419.5292146187,17423.7223603773,51366.8794601162
2026-07-04,22557.9159870506,18452.8881713414,17455.2778465895,51459.9081954831
2026-07-05,22594.4528775854,18482.7761785294,17483.5500316753,51543.2574301265
2026-07-06,22622.5805943107,18505.7852903438,17505.3152120631,51607.4233628865
2026-07-07,22554.1390042020,18449.7985134948,17452.3552235475,51451.2920098941
2026-07-08,22446.3416598836,18361.6178348800,17368.9418179261,51205.3809316933
2026-07-09,22518.2061532734,18420.4046244387,17424.5504433037,51369.3207315612
2026-07-10,22589.3463870243,18478.5989531454,17479.5986377781,51531.6083249687
2026-07-11,22563.4769857568,18457.4371947222,17459.5809381330,51472.5941405440
2026-07-12,22560.5207443379,18455.0189220261,17457.2934034432,51465.8502590565
2026-07-13,22450.8991907103,18365.3459987198,17372.4684276945,51215.7777306740
2026-07-14,22660.1210826374,18536.4942633442,17534.3639794499,51693.0620399707
2026-07-15,22627.1619020214,18509.5329042153,17508.8602203448,51617.8744025280
2026-07-16,22524.5139456240,18425.5645420002,17429.4314025262,51383.7102884451
2026-07-17,22535.8724328413,18434.8560427991,17438.2205810305,51409.6216673940
2026-07-18,22636.7938191051,18517.4120313883,17516.3133817533,51639.8470692033
2026-07-19,22620.3399591906,18503.9523998708,17503.5814123363,51602.3119475569
2026-07-20,22694.5512008240,18564.6588828502,17561.0059475990,51771.6052317291
2026-07-21,22899.4769310975,18732.2927895611,17719.5771366172,52239.0889865591
2026-07-22,22830.4191956769,18675.8019918379,17666.1403758848,52081.5520612965
2026-07-23,22671.0579041711,18545.4408320267,17542.8268737500,51718.0115003907
2026-07-24,22548.9671620321,18445.5678290089,17448.3532606841,51439.4938223568
2026-07-25,22578.9128651456,18470.0640950241,17471.5251959134,51507.8070093532
2026-07-26,22709.2162867011,18576.6552565342,17572.3537666430,51805.0597393773
2026-07-27,22472.0505362503,18382.6482802846,17388.8353036701,51264.0289210908
2026-07-28,22491.8481786523,18398.8432019037,17404.1546864107,51309.1919964866
2026-07-29,22500.7029820926,18406.0866324474,17411.0065185753,51329.3918842949
2026-07-30,22602.3378401965,18489.2262572237,17489.6514026204,51561.2448830598
2026-07-31,22362.5571272236,18293.0801821753,17304.1094860003,51014.2487206611
2026-08-01,22354.8699424619,18286.7918902586,17298.1611552258,50996.7124454863
2026-08-02,22437.4477068829,18354.3423791057,17362.0596918967,51185.0917345362
