date,breadth_acceleration_10d,breadth_contraction_from_10d_max,btc_4h_rsi14,btc_4h_rsi28,btc_distance_from_90d_high,btc_kama_gap,btc_log_return_20d,btc_log_return_40d,btc_price_rsi_rank_divergence_20d,btc_rsi14_failure_from_14d_max,btc_rv20_ann,btc_rv20_to_rv60,eth_btc_log_return_20d,eth_btc_log_return_40d
2020-10-01,,,,,,,,,,,,,,
2020-10-02,,,,,,,,,,,,,,
2020-10-03,,,,,,,,,,,,,,
2020-10-04,,,,,,,,,,,,,,
2020-10-05,,,,,,,,,,,,,,
2020-10-06,,,,,,,,,,,,,,
2020-10-07,,,,,,,,,,,,,,
2020-10-08,,,,,,,,,,,,,,
2020-10-09,,,,,,,,,,,,,,
2020-10-10,,,,,,,,,,,,,,
2020-10-11,,,,,,,,,,,,,,
2020-10-12,,,,,,,,,,,,,,
2020-10-13,,,,,,,,,,,,,,
2020-10-14,,,,,,,,,,,,,,
2020-10-15,,,,,,,,,,,,,,
2020-10-16,,,,,,,,,,,,,,
2020-10-17,,,,,,,,,,,,,,
2020-10-18,,,,,,,,,,,,,,
2020-10-19,,,,,,,,,,,,,,
2020-10-20,,,,,,0.842105263158,,,,,,,,
2020-10-21,,,0.894736842105,0.526315789474,,1,,,,,,,,
2020-10-22,,,0.9,0.8,,0.952380952381,,,,,,,,
2020-10-23,,,0.857142857143,0.761904761905,,0.772727272727,,,,,,,,
2020-10-24,,,0.772727272727,0.727272727273,,0.739130434783,,,,,,,,
2020-10-25,,,0.826086956522,0.739130434783,,0.5,,,,,,,,
2020-10-26,,,0.333333333333,0.375,,0.36,,,,,,,,
2020-10-27,,,0.24,0.32,,0.692307692308,,,,,,,,
2020-10-28,,,0.807692307692,0.692307692308,,0.222222222222,,,,,,,,
2020-10-29,0.5,0.5,0.148148148148,0.148148148148,,0.357142857143,,,,,,,,
2020-10-30,0.5,0.5,0.285714285714,0.214285714286,,0.413793103448,,,,,,,,
2020-10-31,0.5,0.5,0.344827586207,0.241379310345,,0.6,,,,,,,,
2020-11-01,0.5,0.5,0.5,0.333333333333,,0.451612903226,,,,,,,,
2020-11-02,0.5,0.5,0.290322580645,0.193548387097,,0.21875,,,,0.315789473684,,,,
2020-11-03,0.5,0.5,0.0625,0.03125,,0.757575757576,,,,0.2,,,,
2020-11-04,0.5,0.5,0.545454545455,0.363636363636,,0.794117647059,,,,0.142857142857,,,,
2020-11-05,0.5,0.5,0.529411764706,0.323529411765,,1,,,,0.0227272727273,,,,
2020-11-06,0.5,0.5,0.914285714286,0.828571428571,,0.972222222222,,,,0.0869565217391,,,,
2020-11-07,0.5,0.5,0.805555555556,0.694444444444,,0.540540540541,,,,0.5,,,,
2020-11-08,0.5,0.5,0.0810810810811,0.108108108108,,0.894736842105,,,0.868421052632,0.36,,,,
2020-11-09,0.5,0.5,0.5,0.447368421053,,0.769230769231,0.789473684211,,0.925,0.423076923077,1,,0.789473684211,
2020-11-10,1,0.5,0.205128205128,0.128205128205,,0.675,0.1,,0.809523809524,0.481481481481,0.85,,0.9,
2020-11-11,0,1,0.175,0.125,,0.853658536585,0.285714285714,,0.909090909091,0.357142857143,0.857142857143,,0.666666666667,
2020-11-12,0.0151515151515,0.984848484848,0.390243902439,0.268292682927,,0.928571428571,0.727272727273,,0.108695652174,0.172413793103,0.863636363636,,0.409090909091,
2020-11-13,0.0294117647059,0.970588235294,0.666666666667,0.547619047619,,0.883720930233,0.695652173913,,0.0833333333333,0.166666666667,0.869565217391,,0.695652173913,
2020-11-14,0.0428571428571,0.957142857143,0.558139534884,0.488372093023,,0.704545454545,0.666666666667,,0.78,0.451612903226,0.875,,0.583333333333,
2020-11-15,0.0555555555556,0.944444444444,0.227272727273,0.159090909091,,0.555555555556,0.4,,0.961538461538,0.5625,0.88,,0.72,
2020-11-16,0.972972972973,0.432432432432,0.133333333333,0.0666666666667,,0.934782608696,0.423076923077,,0.222222222222,0.30303030303,0.884615384615,,0.692307692308,
2020-11-17,0.947368421053,0.434210526316,0.673913043478,0.565217391304,,0.978723404255,0.925925925926,,0.0714285714286,0.0882352941176,0.888888888889,,0.703703703704,
2020-11-18,0.923076923077,0.435897435897,0.914893617021,0.787234042553,,0.916666666667,0.892857142857,,0.0862068965517,0.0857142857143,0.892857142857,,0.75,
2020-11-19,0.9,0.4375,0.583333333333,0.604166666667,,0.755102040816,0.827586206897,,0.1,0.0833333333333,0.931034482759,,0.827586206897,
2020-11-20,1,0.439024390244,0.448979591837,0.510204081633,,0.84,0.933333333333,,0.112903225806,0.027027027027,0.966666666667,,0.966666666667,
2020-11-21,1,0.440476190476,0.82,0.74,,0.666666666667,0.935483870968,,0.125,0.0394736842105,0.935483870968,,1,
2020-11-22,0.976744186047,0.441860465116,0.647058823529,0.666666666667,,0.326923076923,0.90625,,0.212121212121,0.205128205128,0.9375,,1,
2020-11-23,0.954545454545,0.443181818182,0.211538461538,0.25,,0.245283018868,0.727272727273,,0.220588235294,0.225,0.848484848485,,1,
2020-11-24,0.911111111111,0.444444444444,0.150943396226,0.150943396226,,0.611111111111,0.882352941176,,0.2,0.121951219512,1,,0.970588235294,
2020-11-25,0.880434782609,0.445652173913,0.537037037037,0.518518518519,,0.2,0.0857142857143,,0.597222222222,0.452380952381,0.428571428571,,0.971428571429,
2020-11-26,0,0.946808510638,0.109090909091,0.0909090909091,,0,0,,0.486486486486,0.860465116279,1,,0.888888888889,
2020-11-27,0,0.9375,0,0,,0.0175438596491,0.027027027027,,0.381578947368,0.863636363636,0.918918918919,,0.864864864865,
2020-11-28,0,0.928571428571,0.0175438596491,0.0175438596491,,0.0344827586207,0.0263157894737,,0.384615384615,0.822222222222,0.763157894737,,0.868421052632,
2020-11-29,0,0.92,0.172413793103,0.0344827586207,,0.0508474576271,0.0769230769231,0.368421052632,0.5125,0.804347826087,0.769230769231,,0.923076923077,1
2020-11-30,0.00980392156863,0.911764705882,0.389830508475,0.0847457627119,,0.833333333333,0.7,0.45,0.914634146341,0.531914893617,1,,0.875,1
2020-12-01,0.0480769230769,0.903846153846,0.9,0.616666666667,,0.27868852459,0.146341463415,0.047619047619,0.904761904762,0.8125,1,,0.853658536585,0.857142857143
2020-12-02,0.0849056603774,0.896226415094,0.245901639344,0.114754098361,,0.58064516129,0.0714285714286,0.136363636364,0.790697674419,0.734693877551,0.97619047619,,0.928571428571,0.863636363636
2020-12-03,0.12037037037,0.888888888889,0.403225806452,0.225806451613,,0.730158730159,0.139534883721,0.0869565217391,0.681818181818,0.72,0.953488372093,,0.883720930233,0.913043478261
2020-12-04,0.190909090909,0.881818181818,0.47619047619,0.285714285714,,0.1875,0.0681818181818,0,0.344444444444,0.843137254902,1,,0.818181818182,0.75
2020-12-05,0.526785714286,0.375,0.03125,0.03125,,0.507692307692,0.244444444444,0.12,0.586956521739,0.769230769231,1,,0.955555555556,1
2020-12-06,0.526315789474,0.377192982456,0.276923076923,0.123076923077,,0.636363636364,0.0652173913043,0,0.585106382979,0.698113207547,0.934782608696,,0.95652173913,1
2020-12-07,0.525862068966,0.379310344828,0.439393939394,0.227272727273,,0.417910447761,0,0.111111111111,0.583333333333,0.777777777778,0.872340425532,,0.957446808511,1
2020-12-08,0.525423728814,0.381355932203,0.164179104478,0.0746268656716,,0.0441176470588,0,0,0.183673469388,0.763636363636,0.9375,,0.916666666667,0.964285714286
2020-12-09,0.525,0.383333333333,0,0,,0.115942028986,0.0204081632653,0.0344827586207,0.23,0.571428571429,0.938775510204,,0.979591836735,1
2020-12-10,0.524590163934,0.385245901639,0.0579710144928,0.0434782608696,,0.0428571428571,0,0,0.147058823529,0.631578947368,0.84,,0.88,0.966666666667
2020-12-11,0.524193548387,0.387096774194,0.0285714285714,0.0428571428571,,0.0422535211268,0,0,0.134615384615,0.724137931034,0.843137254902,,0.607843137255,0.838709677419
2020-12-12,0,0.888888888889,0.056338028169,0.0281690140845,,0.263888888889,0.0384615384615,0.125,0.264150943396,0.491525423729,0.884615384615,,0.596153846154,0.9375
2020-12-13,0,1,0.472222222222,0.111111111111,,0.506849315068,0.0943396226415,0.121212121212,0.314814814815,0.4,0.962264150943,,0.339622641509,1
2020-12-14,0.0153846153846,0.992307692308,0.616438356164,0.287671232877,,0.540540540541,0.037037037037,0.0882352941176,0.318181818182,0.16393442623,0.814814814815,,0.518518518519,0.911764705882
2020-12-15,0.030303030303,0.984848484848,0.621621621622,0.324324324324,,0.68,0.0909090909091,0,0.321428571429,0.129032258065,0.763636363636,,0.618181818182,1
2020-12-16,0.044776119403,0.977611940299,0.56,0.333333333333,,1,0.696428571429,0.194444444444,0.0350877192982,0.031746031746,0.714285714286,,0.589285714286,0.638888888889
2020-12-17,0.0661764705882,0.970588235294,0.960526315789,0.894736842105,,1,0.877192982456,0.675675675676,0.0172413793103,0.0390625,0.824561403509,,0.350877192982,0.459459459459
2020-12-18,0.0869565217391,0.963768115942,0.935064935065,0.909090909091,,0.974358974359,0.793103448276,0.526315789474,0.0254237288136,0.0461538461538,0.810344827586,,0.362068965517,0.5
2020-12-19,0.114285714286,0.957142857143,0.871794871795,0.871794871795,,0.936708860759,0.813559322034,0.74358974359,0.0333333333333,0.0530303030303,0.813559322034,0.0526315789474,0.135593220339,0.435897435897
2020-12-20,0.183098591549,0.950704225352,0.898734177215,0.898734177215,,0.75,0.3,0.65,0.139344262295,0.149253731343,0.65,0,0.116666666667,0.35
2020-12-21,0.277777777778,0.784722222222,0.5625,0.675,,0.259259259259,0.459016393443,0.341463414634,0.0887096774194,0.411764705882,0.639344262295,0,0.0655737704918,0.292682926829
2020-12-22,0.58904109589,0.335616438356,0.111111111111,0.283950617284,,0.682926829268,0.661290322581,0.357142857143,0.214285714286,0.260869565217,0.645161290323,0.0454545454545,0.112903225806,0.428571428571
2020-12-23,0.587837837838,0.337837837838,0.585365853659,0.585365853659,,0.301204819277,0.31746031746,0.232558139535,0.25,0.442857142857,0.68253968254,0.0869565217391,0,0.116279069767
2020-12-24,0.586666666667,0.34,0.192771084337,0.265060240964,,0.47619047619,0.71875,0.409090909091,0.253846153846,0.366197183099,0.609375,0,0.0625,0.272727272727
2020-12-25,0.585526315789,0.342105263158,0.404761904762,0.416666666667,,0.8,0.784615384615,0.755555555556,0.257575757576,0.25,0.630769230769,0.04,0.0153846153846,0.311111111111
2020-12-26,0.584415584416,0.344155844156,0.658823529412,0.576470588235,,0.953488372093,0.969696969697,0.826086956522,0.089552238806,0.123287671233,0.727272727273,0.192307692308,0,0.152173913043
2020-12-27,0.583333333333,0.346153846154,0.895348837209,0.825581395349,,0.896551724138,0.970149253731,0.468085106383,0.220588235294,0.148648648649,0.716417910448,0.222222222222,0.0746268656716,0.531914893617
2020-12-28,0.582278481013,0.348101265823,0.51724137931,0.609195402299,,0.931818181818,1,0.604166666667,0.0942028985507,0.12,0.573529411765,0,0.25,0.6875
2020-12-29,0.58125,0.35,0.647727272727,0.670454545455,,0.910112359551,0.985507246377,0.673469387755,0.1,0.105263157895,0.579710144928,0.0344827586207,0.188405797101,0.714285714286
2020-12-30,0.58024691358,0.351851851852,0.61797752809,0.640449438202,,0.977777777778,1,0.74,0.0352112676056,0.0519480519481,0.542857142857,0,0.114285714286,0.48
2020-12-31,0.579268292683,0.353658536585,0.8,0.755555555556,,0.846153846154,1,0.725490196078,0.0416666666667,0.0576923076923,0.408450704225,0,0.0704225352113,0.0980392156863
2021-01-01,0.578313253012,0.355421686747,0.692307692308,0.714285714286,,0.771739130435,0.972222222222,0.846153846154,0.0479452054795,0.0632911392405,0.402777777778,0,0.0416666666667,0.0384615384615
2021-01-02,0.577380952381,0.357142857143,0.663043478261,0.70652173913,,0.89247311828,1,1,0.0540540540541,0.06875,0.698630136986,0.181818181818,0.013698630137,0
2021-01-03,0.576470588235,0.358823529412,0.881720430108,0.881720430108,,0.755319148936,1,0.981481481481,0.06,0.0740740740741,0.689189189189,0.147058823529,0.648648648649,0.444444444444
2021-01-04,0.93023255814,0.360465116279,0.648936170213,0.765957446809,,0.315789473684,0.973333333333,0.963636363636,0.296052631579,0.378048780488,0.826666666667,0.428571428571,0.826666666667,0.927272727273
2021-01-05,0.902298850575,0.362068965517,0.284210526316,0.410526315789,,0.739583333333,0.947368421053,1,0.233766233766,0.265060240964,0.644736842105,0.194444444444,0.842105263158,0.892857142857
2021-01-06,0.880681818182,0.363636363636,0.604166666667,0.604166666667,,0.896907216495,0.961038961039,1,0.237179487179,0.202380952381,0.701298701299,0.297297297297,0.974025974026,0.929824561404
2021-01-07,0.859550561798,0.365168539326,0.845360824742,0.824742268041,,0.948979591837,0.987179487179,1,0.0632911392405,0.0764705882353,0.820512820513,0.342105263158,0.871794871795,0.724137931034
2021-01-08,0.961111111111,0.366666666667,0.938775510204,0.897959183673,,0.848484848485,0.974683544304,1,0.06875,0.0813953488372,0.810126582278,0.358974358974,0.822784810127,0.474576271186
2021-01-09,0.93956043956,0.368131868132,0.787878787879,0.828282828283,,0.63,0.9875,0.95,0.333333333333,0.241379310345,0.7875,0.325,0.9875,0.7
2021-01-10,0.923913043478,0.369565217391,0.56,0.65,,0.118811881188,0.950617283951,0.934426229508,0.75,0.602272727273,0.975308641975,0.463414634146,1,0.83606557377
2021-01-11,0.870967741935,0.370967741935,0.0891089108911,0.207920792079,,0.0196078431373,0.853658536585,0.903225806452,0.94578313253,0.898876404494,1,0.619047619048,0.939024390244,0.612903225806
2021-01-12,0.81914893617,0.372340425532,0.0588235294118,0.0588235294118,,0,0.819277108434,0.888888888889,0.875,0.944444444444,1,0.627906976744,0.987951807229,0.555555555556
2021-01-13,0.789473684211,0.373684210526,0.0388349514563,0.0485436893204,,0.0769230769231,0.869047619048,0.921875,0.870588235294,0.868131868132,1,0.704545454545,0.964285714286,0.625
2021-01-14,0.78125,0.375,0.307692307692,0.144230769231,,0.4,0.882352941176,0.953846153846,0.866279069767,0.782608695652,1,0.688888888889,1,0.676923076923
2021-01-15,0.773195876289,0.376288659794,0.438095238095,0.295238095238,,0.0471698113208,0.790697674419,0.878787878788,0.712643678161,0.903225806452,1,0.782608695652,1,0.727272727273
2021-01-16,0.765306122449,0.377551020408,0.132075471698,0.0943396226415,,0.0373831775701,0.747126436782,0.865671641791,0.710227272727,0.946808510638,1,0.808510638298,0.988505747126,0.970149253731
2021-01-17,0.5,0.378787878788,0.0841121495327,0.0654205607477,0.105263157895,0.037037037037,0.659090909091,0.882352941176,0.61797752809,0.947368421053,1,0.8125,0.977272727273,1
2021-01-18,0.5,0.38,0.101851851852,0.0648148148148,0.2,0.0733944954128,0.685393258427,0.884057971014,0.511111111111,0.90625,1,0.816326530612,0.977528089888,0.95652173913
2021-01-19,0.905940594059,0.381188118812,0.220183486239,0.119266055046,0.142857142857,0.0545454545455,0.477777777778,0.871428571429,0.549450549451,0.948453608247,0.966666666667,0.76,1,1
2021-01-20,0.867647058824,0.382352941176,0.0909090909091,0.0636363636364,0.0909090909091,0.036036036036,0.395604395604,0.87323943662,0.472826086957,0.959183673469,0.978021978022,0.764705882353,1,1
2021-01-21,0.834951456311,0.383495145631,0.117117117117,0.0630630630631,0,0,0.0869565217391,0.694444444444,0.0645161290323,1,1,1,0.978260869565,0.972222222222
2021-01-22,0.975961538462,0.384615384615,0,0,0.0416666666667,0.00884955752212,0.0430107526882,0.753424657534,0.164893617021,0.96,0.989247311828,0.88679245283,1,0.972602739726
2021-01-23,0.942857142857,0.385714285714,0.0796460176991,0.0530973451327,0.04,0.00877192982456,0.0106382978723,0.716216216216,0.168421052632,0.871287128713,0.989361702128,0.87037037037,0.936170212766,0.986486486486
2021-01-24,0.915094339623,0.38679245283,0.0614035087719,0.0263157894737,0.0769230769231,0.0260869565217,0.0421052631579,0.706666666667,0.0677083333333,0.774509803922,0.968421052632,0.854545454545,0.957894736842,1
2021-01-25,0.878504672897,0.38785046729,0.121739130435,0.0695652173913,0.0740740740741,0.0431034482759,0,0.381578947368,0.0721649484536,0.776699029126,0.958333333333,0.928571428571,0.895833333333,0.986842105263
2021-01-26,0.800925925926,0.388888888889,0.112068965517,0.0775862068966,0.142857142857,0.0512820512821,0,0.142857142857,0.0765306122449,0.730769230769,0.948453608247,0.59649122807,0.907216494845,1
2021-01-27,0.747706422018,0.389908256881,0.188034188034,0.0940170940171,0,0.00847457627119,0,0.025641025641,0.0808080808081,0.828571428571,0.938775510204,0.48275862069,0.938775510204,0.987179487179
2021-01-28,0.722727272727,0.390909090909,0.0254237288136,0.00847457627119,0.233333333333,0.126050420168,0.010101010101,0.126582278481,0.085,0.433962264151,0.949494949495,0.677966101695,0.959595959596,0.987341772152
2021-01-29,0.707207207207,0.391891891892,0.478991596639,0.193277310924,0.290322580645,0.166666666667,0.02,0.2375,0.212871287129,0.327102803738,0.96,0.8,0.87,0.9875
2021-01-30,0.691964285714,0.392857142857,0.358333333333,0.2,0.3125,0.173553719008,0.039603960396,0.395061728395,0.21568627451,0.324074074074,0.930693069307,0.786885245902,0.821782178218,1
2021-01-31,0.446902654867,0.393805309735,0.347107438017,0.198347107438,0.212121212121,0.114754098361,0.0490196078431,0.121951219512,0.0873786407767,0.449541284404,0.921568627451,0.564516129032,0.901960784314,0.975609756098
2021-02-01,0.447368421053,0.394736842105,0.172131147541,0.147540983607,0.264705882353,0.138211382114,0.0970873786408,0.204819277108,0.225961538462,0.309090909091,0.912621359223,0.555555555556,0.95145631068,1
2021-02-02,0.447826086957,0.395652173913,0.243902439024,0.178861788618,0.4,0.362903225806,0.0576923076923,0.380952380952,0,0.0675675675676,0.884615384615,0.40625,0.961538461538,1
2021-02-03,0.448275862069,0.396551724138,0.58064516129,0.33064516129,0.611111111111,0.816,0.0761904761905,0.447058823529,0.0990566037736,0.0714285714286,0.885714285714,0.415384615385,0.952380952381,1
2021-02-04,0.448717948718,0.397435897436,0.816,0.552,0.567567567568,0.650793650794,0.122641509434,0.127906976744,0.242990654206,0.194690265487,0.811320754717,0.348484848485,0.943396226415,1
2021-02-05,0.449152542373,0.398305084746,0.436507936508,0.404761904762,0.657894736842,0.826771653543,0.214953271028,0.252873563218,0.101851851852,0.0745614035088,0.822429906542,0.358208955224,0.897196261682,0.977011494253
2021-02-06,0.449579831933,0.399159663866,0.700787401575,0.535433070866,0.692307692308,0.8203125,0.231481481481,0.238636363636,0.105504587156,0.0782608695652,0.824074074074,0.397058823529,0.805555555556,0.943181818182
2021-02-07,0.45,0.4,0.5234375,0.5078125,0.65,0.697674418605,0.211009174312,0.14606741573,0.109090909091,0.206896551724,0.816513761468,0.391304347826,0.761467889908,0.932584269663
2021-02-08,0.0413223140496,0.867768595041,0.37984496124,0.410852713178,0.878048780488,1,0.654545454545,0.655555555556,0.112612612613,0.0811965811966,1,0.857142857143,0.472727272727,0.877777777778
2021-02-09,0.0573770491803,0.864754098361,0.930769230769,0.876923076923,0.869047619048,0.977099236641,0.666666666667,0.648351648352,0.116071428571,0.0847457627119,0.990990990991,0.845070422535,0.459459459459,0.912087912088
2021-02-10,0.731707317073,0.394308943089,0.809160305344,0.786259541985,0.651162790698,0.757575757576,0.839285714286,0.489130434783,0.119469026549,0.319327731092,0.892857142857,0.305555555556,0.589285714286,0.934782608696
2021-02-11,0.0685483870968,0.862903225806,0.393939393939,0.545454545455,0.863636363636,0.924812030075,0.840707964602,0.376344086022,0.368421052632,0.216666666667,0.893805309735,0.287671232877,0.486725663717,0.913978494624
2021-02-12,0.752,0.392,0.759398496241,0.736842105263,0.688888888889,0.753731343284,0.850877192982,0.191489361702,0.369565217391,0.272727272727,0.868421052632,0.283783783784,0.5,0.797872340426
2021-02-13,0.0793650793651,0.861111111111,0.589552238806,0.641791044776,0.673913043478,0.674074074074,0.834782608696,0.305263157895,0.370689655172,0.286885245902,0.869565217391,0.293333333333,0.2,0.736842105263
2021-02-14,0.0984251968504,0.858267716535,0.422222222222,0.540740740741,0.86170212766,0.735294117647,0.879310344828,0.177083333333,0.440170940171,0.227642276423,0.862068965517,0.342105263158,0.23275862069,0.729166666667
2021-02-15,0.125,0.85546875,0.625,0.647058823529,0.6875,0.532846715328,0.846153846154,0.0103092783505,0.487288135593,0.314516129032,0.888888888889,0.363636363636,0.188034188034,0.701030927835
2021-02-16,0.151162790698,0.852713178295,0.328467153285,0.43795620438,0.857142857143,0.688405797101,0.940677966102,0,0.487394957983,0.256,0.728813559322,0.141025641026,0.194915254237,0.734693877551
2021-02-17,0.176923076923,0.85,0.471014492754,0.514492753623,0.85,0.884892086331,0.882352941176,0.020202020202,0.116666666667,0.0833333333333,0.705882352941,0.0632911392405,0.201680672269,0.747474747475
2021-02-18,0.179389312977,0.847328244275,0.863309352518,0.776978417266,0.686274509804,0.771428571429,0.858333333333,0.03,0.367768595041,0.228346456693,0.725,0.075,0.366666666667,0.73
2021-02-19,0.0265151515152,0.969696969697,0.657142857143,0.671428571429,0.846153846154,0.978723404255,0.942148760331,0.326732673267,0.118852459016,0.0859375,0.735537190083,0.148148148148,0.165289256198,0.574257425743
2021-02-20,0.0488721804511,0.966165413534,0.964539007092,0.921985815603,0.679245283019,0.880281690141,0.967213114754,0.656862745098,0.121951219512,0.193798449612,0.72131147541,0.0731707317073,0.139344262295,0.676470588235
2021-02-21,0.0708955223881,0.962686567164,0.732394366197,0.781690140845,0.842592592593,0.874125874126,1,0.805825242718,0.125,0.0884615384615,0.707317073171,0.0843373493976,0.0325203252033,0.621359223301
2021-02-22,0.1,0.825925925926,0.769230769231,0.818181818182,0.454545454545,0.375,0.846774193548,0.278846153846,0.792,0.564885496183,0.83064516129,0.214285714286,0,0.615384615385
2021-02-23,0.125,0.823529411765,0.145833333333,0.256944444444,0.232142857143,0.0551724137931,0.584,0.0190476190476,0.853174603175,0.840909090909,0.944,0.423529411765,0,0.495238095238
2021-02-24,0.156934306569,0.821167883212,0.0275862068966,0.0620689655172,0.245614035088,0.0890410958904,0.674603174603,0.0849056603774,0.850393700787,0.827067669173,0.928571428571,0.43023255814,0.00793650793651,0.5
2021-02-25,0.188405797101,0.81884057971,0.0753424657534,0.0890410958904,0.137931034483,0.0340136054422,0.464566929134,0.0560747663551,0.53515625,0.89552238806,0.952755905512,0.459770114943,0,0.205607476636
2021-02-26,0.223021582734,0.81654676259,0.0204081632653,0.0136054421769,0.101694915254,0.0202702702703,0.2578125,0.0462962962963,0.372093023256,0.925925925926,0.9609375,0.5,0.015625,0.185185185185
2021-02-27,0.267857142857,0.814285714286,0.0337837837838,0.0202702702703,0.1,0.0335570469799,0.279069767442,0.0275229357798,0.280769230769,0.933823529412,0.953488372093,0.483146067416,0.031007751938,0.201834862385
2021-02-28,0.514184397163,0.351063829787,0.0402684563758,0.0268456375839,0.0327868852459,0.02,0.0846153846154,0.0272727272727,0.282442748092,0.956204379562,0.630769230769,0,0.1,0.0363636363636
2021-03-01,0.514084507042,0.352112676056,0.0666666666667,0.04,0.290322580645,0.152317880795,0.198473282443,0.198198198198,0.606060606061,0.804347826087,0.679389312977,0.010989010989,0.0992366412214,0.027027027027
2021-03-02,0.513986013986,0.353146853147,0.437086092715,0.211920529801,0.238095238095,0.118421052632,0.204545454545,0.660714285714,0.5,0.834532374101,0.651515151515,0.0108695652174,0.0606060606061,0.0714285714286
2021-03-03,0.513888888889,0.354166666667,0.302631578947,0.177631578947,0.375,0.21568627451,0.172932330827,0.557522123894,0.544776119403,0.778571428571,0.639097744361,0.010752688172,0.127819548872,0.0619469026549
2021-03-04,0.513793103448,0.355172413793,0.40522875817,0.248366013072,0.230769230769,0.12987012987,0.134328358209,0.491228070175,0.374074074074,0.843971631206,0.641791044776,0.0212765957447,0.0820895522388,0.0526315789474
2021-03-05,0.513698630137,0.356164383562,0.175324675325,0.142857142857,0.287878787879,0.154838709677,0.155555555556,0.513043478261,0.448529411765,0.838028169014,0.644444444444,0.0421052631579,0.0814814814815,0
2021-03-06,0.513605442177,0.357142857143,0.258064516129,0.187096774194,0.298507462687,0.166666666667,0.117647058824,0.525862068966,0.273722627737,0.818181818182,0.632352941176,0.03125,0.345588235294,0.051724137931
2021-03-07,0.513513513514,0.358108108108,0.294871794872,0.205128205128,0.455882352941,0.286624203822,0.21897810219,0.666666666667,0.275362318841,0.5,0.649635036496,0.0721649484536,0.357664233577,0.017094017094
2021-03-08,0.513422818792,0.359060402685,0.617834394904,0.324840764331,0.507246376812,0.417721518987,0.224637681159,0.85593220339,0.381294964029,0.0827586206897,0.652173913043,0.102040816327,0.514492753623,0.118644067797
2021-03-09,0.513333333333,0.36,0.715189873418,0.462025316456,0.6,0.729559748428,0.201438848921,0.781512605042,0.382142857143,0.0856164383562,0.625899280576,0.0707070707071,0.489208633094,0.117647058824
2021-03-10,0.513245033113,0.360927152318,0.880503144654,0.666666666667,0.661971830986,0.7375,0.25,0.758333333333,0.382978723404,0.0884353741497,0.621428571429,0.08,0.185714285714,0.0166666666667
2021-03-11,0.0460526315789,0.825657894737,0.73125,0.60625,0.875,0.826086956522,0.156028368794,0.826446280992,0.383802816901,0.0912162162162,0.58865248227,0.00990099009901,0.326241134752,0.0165289256198
2021-03-12,0.758169934641,0.359477124183,0.83850931677,0.72049689441,0.72602739726,0.691358024691,0.147887323944,0.860655737705,0.269230769231,0.241610738255,0.591549295775,0.0294117647059,0.316901408451,0.016393442623
2021-03-13,0.0714285714286,0.824675324675,0.685185185185,0.604938271605,0.871621621622,0.907975460123,0.237762237762,0.878048780488,0.111111111111,0.0933333333333,0.608391608392,0.116504854369,0.426573426573,0.0162601626016
2021-03-14,0.00645161290323,0.964516129032,0.920245398773,0.852760736196,0.573333333333,0.579268292683,0.277777777778,0.782258064516,0.479310344828,0.397350993377,0.597222222222,0.0865384615385,0.5,0.0161290322581
2021-03-15,0.0192307692308,0.961538461538,0.390243902439,0.518292682927,0.447368421053,0.230303030303,0.296551724138,0.36,0.479452054795,0.618421052632,0.565517241379,0,0.6,0.016
2021-03-16,0.031847133758,0.958598726115,0.0363636363636,0.157575757576,0.506493506494,0.301204819277,0.308219178082,0.571428571429,0.479591836735,0.56862745098,0.568493150685,0.00943396226415,0.534246575342,0.0238095238095
2021-03-17,0.0506329113924,0.955696202532,0.222891566265,0.240963855422,0.576923076923,0.532934131737,0.578231292517,0.566929133858,0.540540540541,0.480519480519,0.510204081633,0,0.56462585034,0
2021-03-18,0.0974842767296,0.952830188679,0.502994011976,0.40119760479,0.518987341772,0.345238095238,0.574324324324,0.3359375,0.587248322148,0.574193548387,0.540540540541,0.00925925925926,0.574324324324,0.0078125
2021-03-19,0.13125,0.95,0.267857142857,0.244047619048,0.55,0.402366863905,0.58389261745,0.434108527132,0.586666666667,0.557692307692,0.51677852349,0,0.570469798658,0.0542635658915
2021-03-20,0.186335403727,0.947204968944,0.278106508876,0.272189349112,0.555555555556,0.411764705882,0.613333333333,0.0230769230769,0.586092715232,0.554140127389,0.453333333333,0,0.58,0.130769230769
2021-03-21,0.842592592593,0.787037037037,0.223529411765,0.235294117647,0.487804878049,0.304093567251,0.304635761589,0,0.585526315789,0.607594936709,0.245033112583,0,0.549668874172,0.12213740458
2021-03-22,0.98773006135,0.340490797546,0.163742690058,0.19298245614,0.349397590361,0.139534883721,0.282894736842,0,0.624183006536,0.779874213836,0.335526315789,0.0178571428571,0.625,0.0909090909091
2021-03-23,0.835365853659,0.786585365854,0,0.00581395348837,0.392857142857,0.161849710983,0.241830065359,0,0.581168831169,0.76875,0.313725490196,0.00884955752212,0.56862745098,0.15037593985
2021-03-24,0.812121212121,0.784848484848,0.0173410404624,0.028901734104,0.258823529412,0.0919540229885,0.253246753247,0,0.458064516129,0.832298136646,0.311688311688,0.00877192982456,0.454545454545,0.0671641791045
2021-03-25,0.798192771084,0.78313253012,0.0114942528736,0.00574712643678,0.162790697674,0.0685714285714,0.193548387097,0,0.365384615385,0.87037037037,0.329032258065,0.0260869565217,0.574193548387,0.103703703704
2021-03-26,0.997005988024,0.335329341317,0.0228571428571,0.00571428571429,0.413793103448,0.25,0.301282051282,0.0147058823529,0.46178343949,0.687116564417,0.487179487179,0.0862068965517,0.339743589744,0.205882352941
2021-03-27,0.985119047619,0.33630952381,0.369318181818,0.1875,0.465909090909,0.299435028249,0.286624203822,0.029197080292,0.462025316456,0.524390243902,0.420382165605,0.0769230769231,0.305732484076,0.167883211679
2021-03-28,0.96449704142,0.337278106509,0.468926553672,0.242937853107,0.460674157303,0.297752808989,0.221518987342,0.0289855072464,0.361635220126,0.424242424242,0.405063291139,0.0847457627119,0.20253164557,0.217391304348
2021-03-29,0.767647058824,0.785294117647,0.387640449438,0.23595505618,0.544444444444,0.525139664804,0.182389937107,0.00719424460432,0.534375,0.313253012048,0.37106918239,0.100840336134,0.37106918239,0.323741007194
2021-03-30,0.915204678363,0.336257309942,0.653631284916,0.402234636872,0.626373626374,0.705555555556,0.19375,0.0428571428571,0.534161490683,0.251497005988,0.375,0.108333333333,0.53125,0.207142857143
2021-03-31,0.976744186047,0.337209302326,0.65,0.477777777778,0.619565217391,0.690607734807,0.111801242236,0,0.45987654321,0.190476190476,0.335403726708,0.0826446280992,0.670807453416,0.404255319149
2021-04-01,0.956647398844,0.338150289017,0.519337016575,0.419889502762,0.612903225806,0.637362637363,0.141975308642,0.00704225352113,0.355828220859,0.195266272189,0.333333333333,0.0901639344262,0.728395061728,0.514084507042
2021-04-02,0.919540229885,0.33908045977,0.417582417582,0.373626373626,0.648936170213,0.617486338798,0.0552147239264,0,0.243902439024,0.0852941176471,0.147239263804,0.00813008130081,0.803680981595,0.706293706294
2021-04-03,0.877142857143,0.34,0.371584699454,0.349726775956,0.494736842105,0.336956521739,0.0670731707317,0.0208333333333,0.466666666667,0.374269005848,0.134146341463,0.00806451612903,0.768292682927,0.701388888889
2021-04-04,0.798295454545,0.340909090909,0.0434782608696,0.125,0.583333333333,0.437837837838,0.193939393939,0.0827586206897,0.650602409639,0.28488372093,0.109090909091,0,0.745454545455,0.744827586207
2021-04-05,0.771186440678,0.341807909605,0.232432432432,0.237837837838,0.701030927835,0.516129032258,0.180722891566,0.0821917808219,0.709580838323,0.21387283237,0.102409638554,0,0.771084337349,0.719178082192
2021-04-06,0.752808988764,0.342696629213,0.47311827957,0.349462365591,0.551020408163,0.352941176471,0.0898203592814,0.102040816327,0.46130952381,0.350574712644,0.0898203592814,0,0.832335329341,0.802721088435
2021-04-07,0.731843575419,0.343575418994,0.176470588235,0.197860962567,0.444444444444,0.196808510638,0.0714285714286,0.101351351351,0.603550295858,0.531428571429,0.113095238095,0.0078125,0.791666666667,0.77027027027
2021-04-08,0.691666666667,0.344444444444,0.0106382978723,0.0265957446809,0.57,0.365079365079,0.10650887574,0.161073825503,0.458823529412,0.363636363636,0.130177514793,0.0387596899225,0.798816568047,0.778523489933
2021-04-09,0.480662983425,0.345303867403,0.365079365079,0.248677248677,0.584158415842,0.378947368421,0.105882352941,0.18,0.459064327485,0.35593220339,0.129411764706,0.123076923077,0.788235294118,0.773333333333
2021-04-10,0.480769230769,0.346153846154,0.352631578947,0.242105263158,0.735294117647,0.612565445026,0.210526315789,0.0927152317881,0.607558139535,0.230337078652,0.140350877193,0.152671755725,0.789473684211,0.761589403974
2021-04-11,0.48087431694,0.346994535519,0.591623036649,0.455497382199,0.73786407767,0.651041666667,0.354651162791,0.125,0.540462427746,0.201117318436,0.0872093023256,0.0454545454545,0.808139534884,0.815789473684
2021-04-12,0.48097826087,0.347826086957,0.567708333333,0.46875,0.730769230769,0.616580310881,0.352601156069,0.078431372549,0.609195402299,0.233333333333,0.0924855491329,0.0676691729323,0.809248554913,0.797385620915
2021-04-13,0.481081081081,0.348648648649,0.388601036269,0.357512953368,0.904761904762,0.907216494845,0.528735632184,0.233766233766,0.0942857142857,0.0828729281768,0.0977011494253,0.0746268656716,0.83908045977,0.785714285714
2021-04-14,0.481182795699,0.349462365591,0.922680412371,0.814432989691,0.783018867925,0.830769230769,0.565714285714,0.2,0.0965909090909,0.263736263736,0.0971428571429,0.0666666666667,0.88,0.851612903226
2021-04-15,0.48128342246,0.350267379679,0.548717948718,0.584615384615,0.794392523364,0.816326530612,0.386363636364,0.211538461538,0.0988700564972,0.251366120219,0.0852272727273,0,0.909090909091,0.814102564103
2021-04-16,0.481382978723,0.351063829787,0.520408163265,0.561224489796,0.648148148148,0.53807106599,0.338983050847,0.0955414012739,0.724719101124,0.483695652174,0.090395480226,0.021897810219,0.90395480226,0.796178343949
2021-04-17,0.481481481481,0.351851851852,0.142131979695,0.228426395939,0.504587155963,0.348484848485,0.292134831461,0.0696202531646,0.972067039106,0.621621621622,0.0955056179775,0.0507246376812,0.887640449438,0.689873417722
2021-04-18,0.481578947368,0.352631578947,0.0606060606061,0.106060606061,0.281818181818,0.120603015075,0.0837988826816,0,0.241666666667,0.817204301075,0.139664804469,0.129496402878,0.871508379888,0.811320754717
2021-04-19,0.48167539267,0.353403141361,0.0502512562814,0.0150753768844,0.261261261261,0.1,0.0333333333333,0,0.0994475138122,0.839572192513,0.127777777778,0.107142857143,0.844444444444,0.84375
2021-04-20,0.481770833333,0.354166666667,0.07,0.025,0.321428571429,0.1592039801,0.0497237569061,0,0.247252747253,0.792553191489,0.138121546961,0.177304964539,0.872928176796,0.875776397516
2021-04-21,0.481865284974,0.354922279793,0.174129353234,0.10447761194,0.176991150442,0.0594059405941,0.0274725274725,0,0.101092896175,0.883597883598,0.186813186813,0.267605633803,0.923076923077,0.888888888889
2021-04-22,0.481958762887,0.355670103093,0.0594059405941,0.019801980198,0.0877192982456,0.0443349753695,0.016393442623,0,0.103260869565,0.952631578947,0.213114754098,0.272727272727,0.890710382514,0.914110429448
2021-04-23,0.482051282051,0.35641025641,0.0295566502463,0,0.0695652173913,0.0735294117647,0.0271739130435,0.00609756097561,0.105405405405,0.968586387435,0.201086956522,0.277777777778,0.934782608696,0.914634146341
2021-04-24,0.482142857143,0.357142857143,0.093137254902,0.0196078431373,0.0258620689655,0.10243902439,0.0162162162162,0.0121212121212,0.10752688172,0.96875,0.183783783784,0.331034482759,0.827027027027,0.872727272727
2021-04-25,0.482233502538,0.357868020305,0.0878048780488,0.019512195122,0.017094017094,0.121359223301,0.010752688172,0.00602409638554,0.109625668449,0.974093264249,0.172043010753,0.308219178082,0.951612903226,0.927710843373
2021-04-26,0.482323232323,0.358585858586,0.0631067961165,0.0145631067961,0.220338983051,0.541062801932,0.0534759358289,0.0239520958084,0,0.752577319588,0.545454545455,0.619047619048,0.893048128342,0.946107784431
2021-04-27,0.482412060302,0.359296482412,0.589371980676,0.256038647343,0.260504201681,0.692307692308,0.132978723404,0.0357142857143,0.0026455026455,0.65641025641,0.510638297872,0.594594594595,0.968085106383,0.964285714286
2021-04-28,0.4825,0.36,0.673076923077,0.346153846154,0.25,0.665071770335,0.0634920634921,0.0355029585799,0.00526315789474,0.658163265306,0.460317460317,0.543624161074,0.968253968254,0.970414201183
2021-04-29,0.482587064677,0.360696517413,0.478468899522,0.301435406699,0.165289256198,0.442857142857,0.0526315789474,0.0294117647059,0.00785340314136,0.593908629442,0.484210526316,0.553333333333,0.978947368421,0.982352941176
2021-04-30,0.482673267327,0.361386138614,0.247619047619,0.17619047619,0.418032786885,0.938388625592,0.109947643979,0.0643274853801,0.0234375,0.0782828282828,0.659685863874,0.754966887417,0.947643979058,0.929824561404
2021-05-01,0.48275862069,0.362068965517,0.829383886256,0.578199052133,0.430894308943,0.929245283019,0.0989583333333,0.0988372093023,0.0259067357513,0.0804020100503,0.65625,0.756578947368,0.973958333333,0.970930232558
2021-05-02,0.482843137255,0.362745098039,0.754716981132,0.561320754717,0.387096774194,0.802816901408,0.0725388601036,0.0809248554913,0.139175257732,0.29,0.663212435233,0.771241830065,0.984455958549,0.982658959538
2021-05-03,0.0560975609756,0.819512195122,0.380281690141,0.366197183099,0.392,0.822429906542,0.0463917525773,0.114942528736,0.141025641026,0.238805970149,0.530927835052,0.707792207792,1,1
2021-05-04,0.0825242718447,0.817961165049,0.355140186916,0.373831775701,0.142857142857,0.274418604651,0.0153846153846,0.08,0.0102040816327,0.514851485149,0.666666666667,0.741935483871,0.994871794872,0.994285714286
2021-05-05,0.746376811594,0.359903381643,0.0325581395349,0.0837209302326,0.417322834646,0.810185185185,0.0561224489796,0.0909090909091,0.147208121827,0.231527093596,0.69387755102,0.891025641026,0.984693877551,1
2021-05-06,0.745192307692,0.360576923077,0.449074074074,0.37962962963,0.359375,0.658986175115,0.0659898477157,0.0677966101695,0.0328282828283,0.313725490196,0.690355329949,0.898089171975,0.989847715736,1
2021-05-07,0.744019138756,0.361244019139,0.271889400922,0.258064516129,0.410852713178,0.766055045872,0.111111111111,0.0842696629213,0.309045226131,0.248780487805,0.691919191919,0.898734177215,0.989898989899,0.994382022472
2021-05-08,0.742857142857,0.361904761905,0.408256880734,0.357798165138,0.507692307692,0.89497716895,0.29648241206,0.072625698324,0.1525,0.0800970873786,0.668341708543,0.786163522013,1,1
2021-05-09,0.741706161137,0.362559241706,0.584474885845,0.479452054795,0.496183206107,0.831818181818,0.295,0.0555555555556,0.415422885572,0.227053140097,0.67,0.79375,1,1
2021-05-10,0.740566037736,0.36320754717,0.436363636364,0.381818181818,0.310606060606,0.466063348416,0.189054726368,0.0441988950276,0.153465346535,0.4375,0.671641791045,0.826086956522,0.995024875622,1
2021-05-11,0.739436619718,0.363849765258,0.0950226244344,0.140271493213,0.390977443609,0.603603603604,0.336633663366,0.0549450549451,0.418719211823,0.373205741627,0.658415841584,0.728395061728,0.990099009901,1
2021-05-12,0.738317757009,0.364485981308,0.22972972973,0.207207207207,0.0223880597015,0.0582959641256,0.113300492611,0,0.0245098039216,0.680952380952,0.827586206897,0.993865030675,0.980295566502,0.983606557377
2021-05-13,0.702325581395,0.36511627907,0,0,0.0296296296296,0.0758928571429,0.156862745098,0.0217391304348,0.0390243902439,0.677725118483,0.81862745098,1,0.970588235294,0.978260869565
2021-05-14,0.467592592593,0.365740740741,0.0178571428571,0.00446428571429,0.0367647058824,0.0844444444444,0.2,0.0108108108108,0.162621359223,0.669811320755,0.809756097561,1,1,1
2021-05-15,0.0552995391705,0.824884792627,0.0533333333333,0.0311111111111,0,0.0353982300885,0.106796116505,0,0.164251207729,0.784037558685,0.878640776699,1,0.966019417476,0.989247311828
2021-05-16,0.704128440367,0.364678899083,0.00442477876106,0.00442477876106,0,0.057268722467,0.024154589372,0.00534759358289,0.165865384615,0.794392523364,0.719806763285,0.880239520958,0.961352657005,0.96256684492
2021-05-17,0.703196347032,0.365296803653,0.0484581497797,0.0132158590308,0,0.0175438596491,0.00480769230769,0,0.167464114833,0.841860465116,0.759615384615,0.892857142857,0.9375,0.973404255319
2021-05-18,0.702272727273,0.365909090909,0.0482456140351,0.00877192982456,0,0.0655021834061,0.00478468899522,0,0.169047619048,0.865740740741,0.751196172249,0.881656804734,0.947368421053,0.994708994709
2021-05-19,0.0837104072398,0.825791855204,0.056768558952,0.0174672489083,0,0.00434782608696,0,0,0.170616113744,0.963133640553,0.957142857143,0.988235294118,0.804761904762,0.915789473684
2021-05-20,0.103603603604,0.824324324324,0.00869565217391,0,0.00704225352113,0.160173160173,0.00473933649289,0.00523560209424,0.0259433962264,0.798165137615,0.985781990521,0.970760233918,0.895734597156,0.916230366492
2021-05-21,0.0112107623318,0.959641255605,0.17316017316,0.0649350649351,0.00699300699301,0.0603448275862,0,0,0.0446009389671,0.858447488584,0.990566037736,0.988372093023,0.77358490566,0.90625
2021-05-22,0.0245535714286,0.957589285714,0.0991379310345,0.0344827586207,0.0138888888889,0.0858369098712,0.00469483568075,0.00518134715026,0.0467289719626,0.822727272727,0.990610328638,0.994219653179,0.680751173709,0.886010362694
2021-05-23,0,1,0.145922746781,0.0600858369099,0,0.0213675213675,0,0,0.0488372093023,0.800904977376,0.990654205607,0.98275862069,0.476635514019,0.876288659794
2021-05-24,0.0973451327434,0.951327433628,0.0854700854701,0.0299145299145,0.027397260274,0.263829787234,0.0232558139535,0.00512820512821,0,0.608108108108,1,1,0.595348837209,0.897435897436
2021-05-25,0.011013215859,0.997797356828,0.404255319149,0.182978723404,0.0272108843537,0.241525423729,0.0138888888889,0.00510204081633,0.00230414746544,0.27802690583,0.99537037037,0.988636363636,0.648148148148,0.897959183673
2021-05-26,0.177631578947,0.945175438596,0.347457627119,0.190677966102,0.0405405405405,0.303797468354,0.0230414746544,0.0304568527919,0.0045871559633,0.174107142857,0.995391705069,0.988700564972,0.691244239631,0.908629441624
2021-05-27,0.224890829694,0.943231441048,0.392405063291,0.2194092827,0.0335570469799,0.247899159664,0.0183486238532,0.0353535353535,0,0.235555555556,0.990825688073,0.983146067416,0.678899082569,0.90404040404
2021-05-28,0.484782608696,0.797826086957,0.302521008403,0.214285714286,0.00666666666667,0.0794979079498,0,0.0301507537688,0.00227272727273,0.327433628319,0.990867579909,0.960893854749,0.479452054795,0.86432160804
2021-05-29,0.101731601732,0.941558441558,0.146443514644,0.117154811715,0,0.0416666666667,0,0.02,0.00452488687783,0.383259911894,0.986363636364,0.955555555556,0.4,0.855
2021-05-30,0.790948275862,0.349137931034,0.1125,0.104166666667,0.0131578947368,0.0912863070539,0.0135746606335,0.0348258706468,0,0.293859649123,0.995475113122,0.983425414365,0.334841628959,0.825870646766
2021-05-31,0.789699570815,0.349785407725,0.219917012448,0.157676348548,0.0392156862745,0.214876033058,0.0225225225225,0.0594059405941,0,0.0742358078603,0.995495495495,0.989010989011,0.436936936937,0.846534653465
2021-06-01,0.138888888889,0.794871794872,0.442148760331,0.256198347107,0.0324675324675,0.16049382716,0.0582959641256,0.064039408867,0.00446428571429,0.173913043478,0.95067264574,0.852459016393,0.291479820628,0.793103448276
2021-06-02,0.140425531915,0.793617021277,0.358024691358,0.22633744856,0.058064516129,0.241803278689,0.0625,0.0686274509804,0.00666666666667,0.0757575757576,0.955357142857,0.875,0.361607142857,0.799019607843
2021-06-03,0.16313559322,0.792372881356,0.495901639344,0.311475409836,0.0897435897436,0.387755102041,0.0755555555556,0.0829268292683,0.037610619469,0.0775862068966,0.964444444444,0.897297297297,0.182222222222,0.834146341463
2021-06-04,0.164556962025,0.791139240506,0.783673469388,0.469387755102,0.0382165605096,0.186991869919,0.0796460176991,0.0776699029126,0.00440528634361,0.334763948498,0.96017699115,0.876344086022,0.327433628319,0.771844660194
2021-06-05,0.193277310924,0.789915966387,0.231707317073,0.223577235772,0.0126582278481,0.101214574899,0.0660792951542,0.0531400966184,0.00219298245614,0.41452991453,0.964757709251,0.877005347594,0.361233480176,0.806763285024
2021-06-06,0.849372384937,0.34309623431,0.105263157895,0.145748987854,0.0314465408805,0.125,0.0964912280702,0.0528846153846,0.0174672489083,0.387234042553,0.94298245614,0.824468085106,0.482456140351,0.793269230769
2021-06-07,0.0395833333333,0.941666666667,0.173387096774,0.181451612903,0,0.0160642570281,0.0786026200873,0.00956937799043,0.0304347826087,0.487288135593,0.965065502183,0.883597883598,0.414847161572,0.760765550239
2021-06-08,0.977178423237,0.342323651452,0.0120481927711,0.0481927710843,0,0.012,0.152173913043,0.0285714285714,0.034632034632,0.497890295359,0.847826086957,0.531578947368,0.630434782609,0.714285714286
2021-06-09,0.962809917355,0.342975206612,0.104,0.092,0.0802469135802,0.274900398406,0.168831168831,0.0616113744076,0.0366379310345,0.077731092437,0.852813852814,0.497382198953,0.502164502165,0.710900473934
2021-06-10,0.946502057613,0.343621399177,0.717131474104,0.466135458167,0.0490797546012,0.22619047619,0.280172413793,0.0471698113208,0.0278969957082,0.205020920502,0.810344827586,0.401041666667,0.51724137931,0.674528301887
2021-06-11,0.928278688525,0.344262295082,0.5,0.361111111111,0.0853658536585,0.276679841897,0.296137339056,0.0798122065728,0.042735042735,0.0791666666667,0.815450643777,0.40414507772,0.510729613734,0.638497652582
2021-06-12,0.991836734694,0.344897959184,0.573122529644,0.430830039526,0.030303030303,0.133858267717,0.346153846154,0.0233644859813,0.0106382978723,0.315352697095,0.782051282051,0.376288659794,0.589743589744,0.523364485981
2021-06-13,0.239837398374,0.941056910569,0.232283464567,0.232283464567,0.132530120482,0.478431372549,0.310638297872,0.102325581395,0.110169491525,0.0805785123967,0.706382978723,0.302564102564,0.327659574468,0.446511627907
2021-06-14,0.216599190283,0.939271255061,0.83137254902,0.639215686275,0.149700598802,0.7578125,0.432203389831,0.0972222222222,0.259493670886,0.082304526749,0.724576271186,0.30612244898,0.203389830508,0.421296296296
2021-06-15,0.0322580645161,0.995967741935,0.8203125,0.71484375,0.14880952381,0.649805447471,0.337552742616,0.10599078341,0.260504201681,0.19262295082,0.717299578059,0.304568527919,0.130801687764,0.391705069124
2021-06-16,0.0441767068273,0.993975903614,0.739299610895,0.642023346304,0.118343195266,0.348837209302,0.285714285714,0.0871559633028,0.133891213389,0.375510204082,0.773109243697,0.318181818182,0.151260504202,0.380733944954
2021-06-17,0.198,0.93,0.259689922481,0.348837209302,0.111764705882,0.328185328185,0.464435146444,0.0684931506849,0.135416666667,0.394308943089,0.652719665272,0.246231155779,0.259414225941,0.269406392694
2021-06-18,0.227091633466,0.92828685259,0.196911196911,0.30888030888,0.0526315789474,0.15,0.370833333333,0.0136363636364,0.0829875518672,0.538461538462,0.695833333333,0.285,0.345833333333,0.259090909091
2021-06-19,0.255952380952,0.926587301587,0.0384615384615,0.107692307692,0.0232558139535,0.122605363985,0.286307053942,0.0633484162896,0.047520661157,0.552419354839,0.692946058091,0.273631840796,0.240663900415,0.171945701357
2021-06-20,0.288537549407,0.924901185771,0.0536398467433,0.107279693487,0.0404624277457,0.141221374046,0.202479338843,0.045045045045,0.0884773662551,0.542168674699,0.665289256198,0.247524752475,0.148760330579,0.157657657658
2021-06-21,0.00393700787402,1,0.190839694656,0.160305343511,0,0.00380228136882,0.119341563786,0.0717488789238,0.120901639344,0.704,0.843621399177,0.389162561576,0.0699588477366,0.0403587443946
2021-06-22,0.0294117647059,0.919607843137,0.00380228136882,0.00380228136882,0.00571428571429,0.0113636363636,0.122950819672,0.0982142857143,0.104081632653,0.657370517928,0.848360655738,0.382352941176,0.0409836065574,0.0401785714286
2021-06-23,0.052734375,0.91796875,0.136363636364,0.0719696969697,0.0227272727273,0.0867924528302,0.110204081633,0.115555555556,0.105691056911,0.587301587302,0.836734693878,0.360975609756,0.0448979591837,0.00444444444444
2021-06-24,0.0719844357977,0.916342412451,0.301886792453,0.196226415094,0.0395480225989,0.176691729323,0.182926829268,0.154867256637,0.0485829959514,0.494071146245,0.792682926829,0.330097087379,0.0325203252033,0.0353982300885
2021-06-25,0.0910852713178,0.914728682171,0.488721804511,0.293233082707,0,0.0374531835206,0.137651821862,0.123348017621,0.0927419354839,0.657480314961,0.854251012146,0.434782608696,0.0242914979757,0.0396475770925
2021-06-26,0.123552123552,0.913127413127,0.0786516853933,0.0749063670412,0.0111731843575,0.0932835820896,0.153225806452,0.162280701754,0.114457831325,0.61568627451,0.862903225806,0.442307692308,0.0120967741935,0.0482456140351
2021-06-27,0.163461538462,0.911538461538,0.246268656716,0.167910447761,0.0555555555556,0.301115241636,0.389558232932,0.187772925764,0.05,0.4453125,0.883534136546,0.430622009569,0.0120481927711,0.0131004366812
2021-06-28,0.218390804598,0.909961685824,0.665427509294,0.416356877323,0.0386740331492,0.288888888889,0.38,0.234782608696,0.0378486055777,0.420233463035,0.884,0.433333333333,0.064,0.265217391304
2021-06-29,0.278625954198,0.908396946565,0.522222222222,0.37037037037,0.10989010989,0.420664206642,0.227091633466,0.21645021645,0.10119047619,0.0794573643411,0.768924302789,0.308056872038,0.159362549801,0.229437229437
2021-06-30,0.51711026616,0.32319391635,0.70110701107,0.527675276753,0.0655737704918,0.341911764706,0.218253968254,0.241379310345,0.0869565217391,0.258687258687,0.77380952381,0.316037735849,0.40873015873,0.387931034483
2021-07-01,0.897727272727,0.323863636364,0.444852941176,0.400735294118,0.0271739130435,0.194139194139,0.142292490119,0.218884120172,0.0728346456693,0.396153846154,0.778656126482,0.323943661972,0.505928853755,0.450643776824
2021-07-02,0.311320754717,0.741509433962,0.208791208791,0.234432234432,0.0432432432432,0.237226277372,0.212598425197,0.264957264957,0.109803921569,0.360153256705,0.755905511811,0.294392523364,0.389763779528,0.478632478632
2021-07-03,0.875939849624,0.323308270677,0.328467153285,0.277372262774,0.0698924731183,0.312727272727,0.133333333333,0.217021276596,0.111328125,0.267175572519,0.603921568627,0.190697674419,0.509803921569,0.314893617021
2021-07-04,0.857677902622,0.323970037453,0.512727272727,0.396363636364,0.0855614973262,0.373188405797,0.125,0.233050847458,0.091439688716,0.178707224335,0.578125,0.194444444444,0.5625,0.292372881356
2021-07-05,0.833955223881,0.324626865672,0.590579710145,0.474637681159,0.0425531914894,0.231046931408,0.0972762645914,0.198312236287,0.093023255814,0.356060606061,0.607003891051,0.202764976959,0.544747081712,0.236286919831
2021-07-06,0.946096654275,0.325278810409,0.198555956679,0.238267148014,0.0529100529101,0.280575539568,0.147286821705,0.218487394958,0.0733590733591,0.301886792453,0.593023255814,0.197247706422,0.624031007752,0.344537815126
2021-07-07,0.996296296296,0.325925925926,0.330935251799,0.309352517986,0.0526315789474,0.258064516129,0.142857142857,0.26359832636,0.123076923077,0.330827067669,0.594594594595,0.205479452055,0.621621621622,0.418410041841
2021-07-08,0.891143911439,0.745387453875,0.207885304659,0.247311827957,0.020942408377,0.157142857143,0.184615384615,0.266666666667,0.153256704981,0.464419475655,0.561538461538,0.177272727273,0.55,0.375
2021-07-09,0.270220588235,0.909926470588,0.107142857143,0.153571428571,0.0572916666667,0.270462633452,0.233716475096,0.261410788382,0.124045801527,0.313432835821,0.567049808429,0.180995475113,0.570881226054,0.331950207469
2021-07-10,0.0512820512821,0.989010989011,0.4128113879,0.309608540925,0.0310880829016,0.241134751773,0.206106870229,0.227272727273,0.0969581749049,0.345724907063,0.568702290076,0.184684684685,0.503816793893,0.202479338843
2021-07-11,0.970802919708,0.32299270073,0.297872340426,0.258865248227,0.0773195876289,0.314487632509,0.536121673004,0.246913580247,0.0984848484848,0.22962962963,0.403041825095,0.0493273542601,0.574144486692,0.205761316872
2021-07-12,1,0.323636363636,0.646643109541,0.434628975265,0.025641025641,0.179577464789,0.375,0.209016393443,0.164150943396,0.39852398524,0.439393939394,0.0580357142857,0.583333333333,0.168032786885
2021-07-13,0.699275362319,0.905797101449,0.165492957746,0.193661971831,0.0255102040816,0.175438596491,0.294339622642,0.179591836735,0.218045112782,0.430147058824,0.384905660377,0.04,0.516981132075,0.0979591836735
2021-07-14,0.884476534296,0.738267148014,0.147368421053,0.150877192982,0.0812182741117,0.181818181818,0.218045112782,0.223577235772,0.219101123596,0.406593406593,0.353383458647,0.0398230088496,0.578947368421,0.150406504065
2021-07-15,0.269784172662,0.904676258993,0.283216783217,0.20979020979,0.0656565656566,0.104529616725,0.374531835206,0.234817813765,0.220149253731,0.507299270073,0.153558052434,0,0.573033707865,0.0971659919028
2021-07-16,0.270609318996,0.903225806452,0.104529616725,0.101045296167,0.0854271356784,0.100694444444,0.30223880597,0.209677419355,0.343866171004,0.552727272727,0.149253731343,0.00438596491228,0.574626865672,0.0766129032258
2021-07-17,0.310714285714,0.901785714286,0.121527777778,0.0902777777778,0.095,0.131487889273,0.167286245353,0.265060240964,0.344444444444,0.528985507246,0.0669144981413,0,0.576208178439,0.0722891566265
2021-07-18,0.0711743772242,0.987544483986,0.193771626298,0.131487889273,0.109452736318,0.18275862069,0.192592592593,0.3,0.219557195572,0.476534296029,0.0703703703704,0.00434782608696,0.437037037037,0.084
2021-07-19,0.072695035461,0.985815602837,0.313793103448,0.21724137931,0.0346534653465,0.120274914089,0.107011070111,0.175298804781,0.347426470588,0.557553956835,0.0590405904059,0.004329004329,0.420664206642,0.179282868526
2021-07-20,0.0636042402827,0.984098939929,0.103092783505,0.085910652921,0.00985221674877,0.0856164383562,0.0992647058824,0.174603174603,0.347985347985,0.648745519713,0.0625,0.0129310344828,0.272058823529,0.269841269841
2021-07-21,0.0985915492958,0.982394366197,0.0376712328767,0.0205479452055,0.151960784314,0.354948805461,0.263736263736,0.201581027668,0.036496350365,0.246428571429,0.131868131868,0.0300429184549,0.465201465201,0.415019762846
2021-07-22,0.168421052632,0.887719298246,0.713310580205,0.460750853242,0.156097560976,0.377551020408,0.262773722628,0.255905511811,0.0381818181818,0.199288256228,0.131386861314,0.0384615384615,0.43795620438,0.342519685039
2021-07-23,0.194055944056,0.886363636364,0.656462585034,0.486394557823,0.21359223301,0.566101694915,0.301818181818,0.203921568627,0.0778985507246,0.0744680851064,0.149090909091,0.0723404255319,0.432727272727,0.41568627451
2021-07-24,0.252613240418,0.714285714286,0.891525423729,0.722033898305,0.236714975845,0.668918918919,0.307971014493,0.19140625,0.227436823105,0.0759717314488,0.152173913043,0.0720338983051,0.394927536232,0.4375
2021-07-25,0.0642361111111,0.885416666667,0.939189189189,0.807432432432,0.274038461538,0.838383838384,0.487364620939,0.229571984436,0.357913669065,0.0774647887324,0.129963898917,0.0675105485232,0.346570397112,0.396887159533
2021-07-26,0.102076124567,0.884083044983,0.949494949495,0.868686868687,0.315789473684,0.953020134228,0.564748201439,0.329457364341,0.358422939068,0.0789473684211,0.187050359712,0.0882352941176,0.18345323741,0.387596899225
2021-07-27,0.156896551724,0.708620689655,0.785234899329,0.828859060403,0.328571428571,0.983277591973,0.627240143369,0.370656370656,0.358928571429,0.0804195804196,0.254480286738,0.150627615063,0.121863799283,0.324324324324
2021-07-28,0.176975945017,0.707903780069,0.896321070234,0.913043478261,0.336492890995,0.963333333333,0.703571428571,0.415384615385,0.359430604982,0.081881533101,0.214285714286,0.125,0.210714285714,0.3
2021-07-29,0.205479452055,0.707191780822,0.806666666667,0.853333333333,0.334905660377,0.85049833887,0.633451957295,0.417624521073,0.359929078014,0.166666666667,0.20640569395,0.124481327801,0.338078291815,0.39846743295
2021-07-30,0.237201365188,0.706484641638,0.750830564784,0.823920265781,0.347417840376,0.811258278146,0.776595744681,0.442748091603,0.360424028269,0.083044982699,0.244680851064,0.157024793388,0.287234042553,0.309160305344
2021-07-31,0.268707482993,0.705782312925,0.880794701987,0.887417218543,0.345794392523,0.584158415842,0.685512367491,0.543726235741,0.360915492958,0.341379310345,0.286219081272,0.172839506173,0.427561837456,0.48288973384
2021-08-01,0.849152542373,0.303389830508,0.742574257426,0.808580858086,0.33023255814,0.394736842105,0.676056338028,0.469696969697,0.584210526316,0.611683848797,0.302816901408,0.184426229508,0.584507042254,0.609848484848
2021-08-02,0.847972972973,0.304054054054,0.253289473684,0.506578947368,0.319444444444,0.334426229508,0.649122807018,0.433962264151,0.506993006993,0.684931506849,0.312280701754,0.195918367347,0.684210526316,0.656603773585
2021-08-03,0.846801346801,0.304713804714,0.167213114754,0.373770491803,0.31797235023,0.264705882353,0.611888111888,0.398496240602,0.585365853659,0.747440273038,0.321678321678,0.243902439024,0.625874125874,0.657894736842
2021-08-04,0.954697986577,0.305369127517,0.062091503268,0.251633986928,0.334862385321,0.407166123779,0.770034843206,0.505617977528,0.585069444444,0.666666666667,0.317073170732,0.230769230769,0.710801393728,0.704119850187
2021-08-05,0.928093645485,0.30602006689,0.501628664495,0.517915309446,0.356164383562,0.542207792208,0.815972222222,0.514925373134,0.712802768166,0.583050847458,0.305555555556,0.209677419355,0.736111111111,0.716417910448
2021-08-06,0.908333333333,0.306666666667,0.698051948052,0.633116883117,0.372727272727,0.812297734628,0.865051903114,0.475836431227,0.756896551724,0.466216216216,0.325259515571,0.261044176707,0.671280276817,0.684014869888
2021-08-07,0.882059800664,0.3073089701,0.864077669903,0.773462783172,0.411764705882,0.948387096774,0.893103448276,0.540740740741,0.5,0.313131313131,0.341379310345,0.264,0.768965517241,0.677777777778
2021-08-08,0.834437086093,0.307947019868,0.903225806452,0.838709677419,0.391891891892,0.87459807074,0.893470790378,0.464944649446,0.789383561644,0.469798657718,0.312714776632,0.306772908367,0.742268041237,0.645756457565
2021-08-09,0.785478547855,0.308580858086,0.684887459807,0.72347266881,0.717488789238,0.983974358974,0.934931506849,0.566176470588,0.498293515358,0.270903010033,0.246575342466,0.242063492063,0.705479452055,0.514705882353
2021-08-10,0.917763157895,0.309210526316,0.923076923077,0.871794871795,0.696428571429,0.958466453674,0.887372013652,0.575091575092,0.755102040816,0.393333333333,0.18771331058,0.177865612648,0.658703071672,0.582417582418
2021-08-11,0.898360655738,0.309836065574,0.725239616613,0.753993610224,0.688888888889,0.891719745223,0.884353741497,0.569343065693,0.754237288136,0.405315614618,0.19387755102,0.196850393701,0.649659863946,0.565693430657
2021-08-12,0.851307189542,0.31045751634,0.515923566879,0.665605095541,0.774336283186,0.752380952381,0.820338983051,0.512727272727,0.8125,0.569536423841,0.227118644068,0.290196078431,0.623728813559,0.534545454545
2021-08-13,0.798045602606,0.311074918567,0.247619047619,0.466666666667,0.953744493392,0.958860759494,0.878378378378,0.576086956522,0.649831649832,0.211221122112,0.347972972973,0.3671875,0.625,0.525362318841
2021-08-14,0.938311688312,0.311688311688,0.879746835443,0.832278481013,0.868421052632,0.84858044164,0.828282828283,0.610108303249,0.870805369128,0.355263157895,0.367003367003,0.385214007782,0.670033670034,0.530685920578
2021-08-15,0.914239482201,0.312297734628,0.643533123028,0.706624605678,0.860262008734,0.776729559748,0.758389261745,0.597122302158,0.901337792642,0.380327868852,0.328859060403,0.368217054264,0.765100671141,0.492805755396
2021-08-16,0.891935483871,0.312903225806,0.566037735849,0.638364779874,0.8,0.605015673981,0.585284280936,0.573476702509,0.9,0.535947712418,0.290969899666,0.320463320463,0.76254180602,0.426523297491
2021-08-17,0.842443729904,0.313504823151,0.241379310345,0.41065830721,0.714285714286,0.434375,0.553333333333,0.575,0.898671096346,0.677524429967,0.33,0.384615384615,0.753333333333,0.5
2021-08-18,0.786858974359,0.314102564103,0.1,0.221875,0.715517241379,0.436137071651,0.554817275748,0.555160142349,0.860927152318,0.675324675325,0.328903654485,0.386973180077,0.691029900332,0.533807829181
2021-08-19,0.749201277955,0.314696485623,0.17445482866,0.233644859813,0.849785407725,0.751552795031,0.543046357616,0.613475177305,0.816831683168,0.514563106796,0.304635761589,0.339694656489,0.741721854305,0.567375886525
2021-08-20,0.730891719745,0.315286624204,0.55900621118,0.518633540373,0.952991452991,0.959752321981,0.617161716172,0.650176678445,0.736842105263,0.312903225806,0.359735973597,0.524714828897,0.613861386139,0.540636042403
2021-08-21,0.7,0.315873015873,0.876160990712,0.764705882353,0.885106382979,0.895061728395,0.690789473684,0.700704225352,0.834426229508,0.411575562701,0.282894736842,0.458333333333,0.519736842105,0.566901408451
2021-08-22,0.125,0.724683544304,0.712962962963,0.654320987654,0.898305084746,0.883076923077,0.750819672131,0.743859649123,0.813725490196,0.358974358974,0.232786885246,0.445283018868,0.452459016393,0.610526315789
2021-08-23,0.667192429022,0.315457413249,0.72,0.683076923077,0.951476793249,0.901840490798,0.790849673203,0.751748251748,0.768729641694,0.284345047923,0.199346405229,0.402255639098,0.506535947712,0.601398601399
2021-08-24,0.125786163522,0.724842767296,0.573619631902,0.625766871166,0.789915966387,0.697247706422,0.638436482085,0.735191637631,0.933441558442,0.592356687898,0.260586319218,0.539325842697,0.377850162866,0.602787456446
2021-08-25,0.150470219436,0.724137931034,0.162079510703,0.302752293578,0.874476987448,0.853658536585,0.633116883117,0.833333333333,0.932038834951,0.501587301587,0.253246753247,0.537313432836,0.340909090909,0.59375
2021-08-26,0.171875,0.7234375,0.442073170732,0.503048780488,0.725,0.547112462006,0.514563106796,0.709342560554,0.856451612903,0.71835443038,0.31067961165,0.613382899628,0.407766990291,0.584775086505
2021-08-27,0.200934579439,0.722741433022,0.109422492401,0.200607902736,0.887966804979,0.827272727273,0.529032258065,0.813793103448,0.930868167203,0.511041009464,0.332258064516,0.611111111111,0.316129032258,0.634482758621
2021-08-28,0.232919254658,0.722049689441,0.654545454545,0.545454545455,0.863636363636,0.770392749245,0.540192926045,0.855670103093,0.852564102564,0.518867924528,0.315112540193,0.605166051661,0.372990353698,0.639175257732
2021-08-29,0.264705882353,0.721362229102,0.537764350453,0.507552870091,0.847736625514,0.746987951807,0.451923076923,0.88698630137,0.821086261981,0.53605015674,0.198717948718,0.507352941176,0.378205128205,0.592465753425
2021-08-30,0.299382716049,0.720679012346,0.478915662651,0.460843373494,0.729508196721,0.483483483483,0.380191693291,0.665529010239,0.797770700637,0.725,0.23642172524,0.575091575092,0.482428115016,0.610921501706
2021-08-31,0.847692307692,0.309230769231,0.0930930930931,0.165165165165,0.74693877551,0.5,0.398089171975,0.656462585034,0.796825396825,0.713395638629,0.235668789809,0.57299270073,0.566878980892,0.687074829932
2021-09-01,0.820552147239,0.30981595092,0.164670658683,0.197604790419,0.857723577236,0.746268656716,0.526984126984,0.650847457627,0.772151898734,0.577639751553,0.269841269841,0.589090909091,0.714285714286,0.745762711864
2021-09-02,0.819571865443,0.310397553517,0.623880597015,0.50447761194,0.894736842105,0.785714285714,0.376582278481,0.621621621622,0.892744479495,0.532507739938,0.110759493671,0.355072463768,0.648734177215,0.726351351351
2021-09-03,0.262195121951,0.72256097561,0.580357142857,0.526785714286,0.951612903226,0.86350148368,0.463722397476,0.59595959596,0.794025157233,0.441358024691,0.10094637224,0.393501805054,0.700315457413,0.754208754209
2021-09-04,0.262917933131,0.72188449848,0.652818991098,0.614243323442,0.895582329317,0.855029585799,0.465408805031,0.530201342282,0.766457680251,0.476923076923,0.0974842767296,0.395683453237,0.641509433962,0.758389261745
2021-09-05,0.263636363636,0.721212121212,0.538461538462,0.565088757396,0.95,0.923303834808,0.564263322884,0.508361204013,0.6546875,0.242331288344,0.119122257053,0.401433691756,0.66144200627,0.76254180602
2021-09-06,0.788519637462,0.308157099698,0.929203539823,0.83185840708,0.948207171315,0.947058823529,0.6,0.52,0.456386292835,0.0749235474006,0.08125,0.342857142857,0.646875,0.753333333333
2021-09-07,0.227409638554,0.721385542169,0.941176470588,0.873529411765,0.555555555556,0.316715542522,0.420560747664,0.392026578073,0.534161490683,0.80487804878,0.573208722741,0.722419928826,0.610591900312,0.730897009967
2021-09-08,0.0315315315315,0.897897897898,0.0117302052786,0.0439882697947,0.505928853755,0.266081871345,0.301242236025,0.347682119205,0.318885448916,0.841945288754,0.537267080745,0.68085106383,0.664596273292,0.758278145695
2021-09-09,0.0464071856287,0.896706586826,0.0438596491228,0.0497076023392,0.51968503937,0.285714285714,0.179566563467,0.366336633663,0.319444444444,0.818181818182,0.439628482972,0.60777385159,0.650154798762,0.716171617162
2021-09-10,0.0746268656716,0.89552238806,0.104956268222,0.0932944606414,0.470588235294,0.168604651163,0.16049382716,0.368421052632,0.32,0.882175226586,0.466049382716,0.633802816901,0.58950617284,0.608552631579
2021-09-11,0.129464285714,0.894345238095,0.031976744186,0.0261627906977,0.4765625,0.211594202899,0.156923076923,0.390163934426,0.320552147239,0.867469879518,0.461538461538,0.635087719298,0.630769230769,0.537704918033
2021-09-12,0.176557863501,0.893175074184,0.0869565217391,0.063768115942,0.501945525292,0.28612716763,0.177914110429,0.418300653595,0.194189602446,0.816816816817,0.475460122699,0.65034965035,0.631901840491,0.624183006536
2021-09-13,0.207100591716,0.89201183432,0.309248554913,0.164739884393,0.468992248062,0.21613832853,0.195718654434,0.371335504886,0.323170731707,0.868263473054,0.455657492355,0.623693379791,0.626911314985,0.498371335505
2021-09-14,0.241887905605,0.890855457227,0.201729106628,0.112391930836,0.57528957529,0.385057471264,0.253048780488,0.38961038961,0.612462006079,0.740298507463,0.515243902439,0.659722222222,0.646341463415,0.470779220779
2021-09-15,0.792647058824,0.705882352941,0.709770114943,0.419540229885,0.630769230769,0.478510028653,0.382978723404,0.362459546926,0.540909090909,0.699404761905,0.455927051672,0.615916955017,0.711246200608,0.605177993528
2021-09-16,0.318181818182,0.705278592375,0.828080229226,0.593123209169,0.597701149425,0.42,0.290909090909,0.335483870968,0.540785498489,0.724035608309,0.393939393939,0.510344827586,0.678787878788,0.477419354839
2021-09-17,0.355263157895,0.704678362573,0.542857142857,0.468571428571,0.572519083969,0.401709401709,0.26586102719,0.337620578778,0.540662650602,0.736686390533,0.395770392749,0.529209621993,0.577039274924,0.450160771704
2021-09-18,0.355685131195,0.704081632653,0.381766381766,0.358974358974,0.6463878327,0.494318181818,0.322289156627,0.320512820513,0.31981981982,0.684365781711,0.409638554217,0.585616438356,0.569277108434,0.448717948718
2021-09-19,0.356104651163,0.703488372093,0.619318181818,0.542613636364,0.568181818182,0.385269121813,0.345345345345,0.309904153355,0.541916167665,0.75,0.381381381381,0.600682593857,0.495495495495,0.408945686901
2021-09-20,0.0739130434783,0.891304347826,0.246458923513,0.297450424929,0.392452830189,0.0762711864407,0.149700598802,0.248407643312,0.319402985075,0.695014662757,0.610778443114,0.734693877551,0.311377245509,0.372611464968
2021-09-21,0.0982658959538,0.890173410405,0,0.00282485875706,0.330827067669,0.0112676056338,0.0746268656716,0.222222222222,0.31994047619,0.771929824561,0.611940298507,0.725423728814,0.134328358209,0.365079365079
2021-09-22,0.132564841499,0.889048991354,0,0,0.408239700375,0.140449438202,0.116071428571,0.21835443038,0.189910979228,0.577259475219,0.630952380952,0.793918918919,0.223214285714,0.405063291139
2021-09-23,0.159482758621,0.887931034483,0.247191011236,0.137640449438,0.462686567164,0.257703081232,0.13353115727,0.271293375394,0.139053254438,0.470930232558,0.646884272997,0.79797979798,0.178041543027,0.400630914826
2021-09-24,0.183381088825,0.886819484241,0.495798319328,0.299719887955,0.382899628253,0.0949720670391,0.0887573964497,0.220125786164,0.193215339233,0.611594202899,0.653846153846,0.838926174497,0.156804733728,0.327044025157
2021-09-25,0.25,0.692857142857,0.22905027933,0.156424581006,0.377777777778,0.114206128134,0.070796460177,0.235109717868,0.194117647059,0.618497109827,0.637168141593,0.819397993311,0.191740412979,0.376175548589
2021-09-26,0.289173789174,0.692307692308,0.228412256267,0.155988857939,0.39852398524,0.172222222222,0.0647058823529,0.284375,0.161290322581,0.57060518732,0.632352941176,0.816666666667,0.320588235294,0.475
2021-09-27,0.0596590909091,0.886363636364,0.375,0.241666666667,0.363970588235,0.0941828254848,0.152492668622,0.252336448598,0.197368421053,0.637931034483,0.457478005865,0.501661129568,0.310850439883,0.448598130841
2021-09-28,0.100566572238,0.885269121813,0.18836565097,0.15512465374,0.326007326007,0.0662983425414,0.134502923977,0.180124223602,0.332361516035,0.707736389685,0.470760233918,0.543046357616,0.19298245614,0.388198757764
2021-09-29,0.16384180791,0.687853107345,0.0801104972376,0.0801104972376,0.350364963504,0.121212121212,0.139941690962,0.145510835913,0.197674418605,0.651428571429,0.475218658892,0.547854785479,0.262390670554,0.452012383901
2021-09-30,0.19014084507,0.687323943662,0.214876033058,0.165289256198,0.421818181818,0.313186813187,0.31976744186,0.206790123457,0.110144927536,0.413105413105,0.572674418605,0.634868421053,0.345930232558,0.456790123457
2021-10-01,0.223314606742,0.686797752809,0.604395604396,0.431318681319,0.648550724638,0.755494505495,0.510144927536,0.304615384615,0.200867052023,0.0710227272727,0.623188405797,0.740983606557,0.324637681159,0.470769230769
2021-10-02,0.260504201681,0.686274509804,0.964285714286,0.843406593407,0.606498194946,0.67032967033,0.433526011561,0.288343558282,0.13976945245,0.189801699717,0.621387283237,0.741830065359,0.35549132948,0.51226993865
2021-10-03,0.801675977654,0.286312849162,0.826923076923,0.752747252747,0.658273381295,0.739010989011,0.524495677233,0.321100917431,0.340517241379,0.146892655367,0.616714697406,0.739413680782,0.386167146974,0.529051987768
2021-10-04,0.800835654596,0.286908077994,0.81043956044,0.766483516484,0.688172043011,0.782967032967,0.451149425287,0.314024390244,0.340974212034,0.0718309859155,0.612068965517,0.717532467532,0.307471264368,0.463414634146
2021-10-05,0.3,0.6875,0.835164835165,0.804945054945,0.821428571429,0.903846153846,0.52435530086,0.382978723404,0.341428571429,0.0730337078652,0.616045845272,0.741100323625,0.209169054441,0.446808510638
2021-10-06,0.340720221607,0.686980609418,0.975274725275,0.942307692308,0.951957295374,0.983516483516,0.62,0.406060606061,0.34188034188,0.0742296918768,0.668571428571,0.793548387097,0.125714285714,0.312121212121
2021-10-07,0.341160220994,0.686464088398,1,0.997252747253,0.808510638298,0.832417582418,0.598290598291,0.383685800604,0.342329545455,0.360335195531,0.680911680912,0.810289389068,0.25641025641,0.383685800604
2021-10-08,0.341597796143,0.685950413223,0.876373626374,0.928571428571,0.812720848057,0.711538461538,0.590909090909,0.394578313253,0.342776203966,0.33426183844,0.676136363636,0.842948717949,0.258522727273,0.370481927711
2021-10-09,0.342032967033,0.68543956044,0.673076923077,0.835164835165,0.883802816901,0.692307692308,0.626062322946,0.444444444444,0.343220338983,0.277777777778,0.665722379603,0.821086261981,0.243626062323,0.285285285285
2021-10-10,0.343406593407,0.684065934066,0.777472527473,0.868131868132,0.859649122807,0.576923076923,0.793785310734,0.437125748503,0.343661971831,0.315789473684,0.570621468927,0.585987261146,0.197740112994,0.155688622754
2021-10-11,0.34478021978,0.682692307692,0.513736263736,0.763736263736,0.951048951049,0.782967032967,0.904225352113,0.450746268657,0.344101123596,0.0745856353591,0.478873239437,0.438095238095,0.211267605634,0.0597014925373
2021-10-12,0.346153846154,0.681318681319,0.879120879121,0.934065934066,0.801393728223,0.571428571429,0.797752808989,0.422619047619,0.641456582633,0.37741046832,0.432584269663,0.443037974684,0.157303370787,0.0833333333333
2021-10-13,0.395604395604,0.679945054945,0.428571428571,0.673076923077,0.888888888889,0.67032967033,0.795518207283,0.430267062315,0.491620111732,0.271978021978,0.428571428571,0.438485804416,0.18487394958,0.0712166172107
2021-10-14,0.546703296703,0.277472527473,0.64010989011,0.747252747253,0.885813148789,0.604395604396,0.860335195531,0.431952662722,0.491643454039,0.274725274725,0.315642458101,0.327044025157,0.393854748603,0.144970414201
2021-10-15,0.546703296703,0.277472527473,0.532967032967,0.675824175824,0.95,0.914835164835,0.910863509749,0.469026548673,0.341666666667,0.0741758241758,0.398328690808,0.398119122257,0.236768802228,0.106194690265
2021-10-16,0.546703296703,0.277472527473,0.928571428571,0.936813186813,0.838487972509,0.818681318681,0.9,0.438235294118,0.342105263158,0.271978021978,0.441666666667,0.41875,0.161111111111,0.144117647059
2021-10-17,0.546703296703,0.277472527473,0.802197802198,0.851648351648,0.880136986301,0.774725274725,0.916897506925,0.568914956012,0.342541436464,0.233516483516,0.382271468144,0.373831775701,0.196675900277,0.161290322581
2021-10-18,0.546703296703,0.277472527473,0.788461538462,0.835164835165,0.948805460751,0.733516483516,0.941988950276,0.590643274854,0.495867768595,0.186813186813,0.312154696133,0.301242236025,0.160220994475,0.0672514619883
2021-10-19,0.546703296703,0.277472527473,0.692307692308,0.771978021978,0.947278911565,0.854395604396,0.944903581267,0.626822157434,0.342032967033,0.0755494505495,0.31955922865,0.325077399381,0.148760330579,0.104956268222
2021-10-20,0.546703296703,0.277472527473,0.895604395604,0.906593406593,0.945762711864,0.857142857143,0.934065934066,0.723837209302,0.343406593407,0.0769230769231,0.263736263736,0.274691358025,0.255494505495,0.212209302326
2021-10-21,0.546703296703,0.277472527473,0.873626373626,0.912087912088,0.675675675676,0.456043956044,0.796703296703,0.623188405797,0.968406593407,0.667582417582,0.260989010989,0.249230769231,0.343406593407,0.234782608696
2021-10-22,0.546703296703,0.277472527473,0.233516483516,0.461538461538,0.626262626263,0.379120879121,0.771978021978,0.57225433526,0.875,0.760989010989,0.299450549451,0.263803680982,0.25,0.219653179191
2021-10-23,0.546703296703,0.277472527473,0.107142857143,0.288461538462,0.640939597315,0.414835164835,0.766483516484,0.610951008646,0.913461538462,0.758241758242,0.299450549451,0.269113149847,0.379120879121,0.276657060519
2021-10-24,0.546703296703,0.277472527473,0.233516483516,0.348901098901,0.628762541806,0.387362637363,0.728021978022,0.537356321839,0.913461538462,0.766483516484,0.31043956044,0.292682926829,0.425824175824,0.255747126437
2021-10-25,0.887362637363,0.277472527473,0.236263736264,0.302197802198,0.72,0.549450549451,0.703296703297,0.553008595989,0.986263736264,0.681318681319,0.274725274725,0.285714285714,0.43956043956,0.232091690544
2021-10-26,1,0.277472527473,0.552197802198,0.557692307692,0.598006644518,0.362637362637,0.532967032967,0.514285714286,0.824175824176,0.835164835165,0.195054945055,0.230303030303,0.590659340659,0.257142857143
2021-10-27,0.943681318681,0.678571428571,0.104395604396,0.21978021978,0.503311258278,0.25,0.527472527473,0.48433048433,0.798076923077,0.912087912088,0.197802197802,0.232628398792,0.508241758242,0.287749287749
2021-10-28,0.990384615385,0.276098901099,0.0384615384615,0.0851648351648,0.620462046205,0.381868131868,0.57967032967,0.502840909091,0.799450549451,0.843406593407,0.263736263736,0.259036144578,0.598901098901,0.392045454545
2021-10-29,0.978021978022,0.276098901099,0.354395604396,0.304945054945,0.680921052632,0.489010989011,0.587912087912,0.57507082153,0.964285714286,0.791208791209,0.274725274725,0.273273273273,0.64010989011,0.42209631728
2021-10-30,0.953296703297,0.276098901099,0.557692307692,0.497252747253,0.659016393443,0.450549450549,0.587912087912,0.680790960452,0.880494505495,0.799450549451,0.274725274725,0.27245508982,0.697802197802,0.429378531073
2021-10-31,0.912087912088,0.276098901099,0.475274725275,0.436813186813,0.640522875817,0.431318681319,0.497252747253,0.780281690141,0.800824175824,0.824175824176,0.17032967033,0.217910447761,0.733516483516,0.481690140845
2021-11-01,0.869505494505,0.276098901099,0.401098901099,0.379120879121,0.625407166124,0.398351648352,0.532967032967,0.648876404494,0.802197802198,0.854395604396,0.14010989011,0.202380952381,0.739010989011,0.412921348315
2021-11-02,0.78021978022,0.276098901099,0.332417582418,0.318681318681,0.733766233766,0.565934065934,0.565934065934,0.652661064426,0.857142857143,0.75,0.164835164835,0.213649851632,0.771978021978,0.487394957983
2021-11-03,0.722527472527,0.276098901099,0.642857142857,0.590659340659,0.721682847896,0.543956043956,0.552197802198,0.72625698324,0.833791208791,0.414835164835,0.164835164835,0.215976331361,0.667582417582,0.581005586592
2021-11-04,0.89010989011,0.276098901099,0.524725274725,0.519230769231,0.641935483871,0.436813186813,0.32967032967,0.679665738162,0.835164835165,0.546703296703,0.0384615384615,0.0973451327434,0.81043956044,0.593314763231
2021-11-05,0.865384615385,0.276098901099,0.263736263736,0.307692307692,0.620578778135,0.398351648352,0.346153846154,0.65,0.740384615385,0.596153846154,0.0384615384615,0.0911764705882,0.78021978022,0.488888888889
2021-11-06,0.809065934066,0.276098901099,0.217032967033,0.258241758242,0.644230769231,0.442307692308,0.340659340659,0.709141274238,0.800824175824,0.541208791209,0.0384615384615,0.178885630499,0.799450549451,0.548476454294
2021-11-07,0.770604395604,0.276098901099,0.395604395604,0.362637362637,0.738019169329,0.568681318681,0.376373626374,0.842541436464,0.836538461538,0.398351648352,0.0741758241758,0.213450292398,0.821428571429,0.569060773481
2021-11-08,0.740384615385,0.276098901099,0.804945054945,0.648351648352,0.947452229299,0.884615384615,0.464285714286,0.903581267218,0.495879120879,0.0769230769231,0.137362637363,0.288629737609,0.807692307692,0.493112947658
2021-11-09,0.725274725275,0.276098901099,0.983516483516,0.928571428571,0.860317460317,0.818681318681,0.370879120879,0.815934065934,0.342032967033,0.241758241758,0.123626373626,0.28488372093,0.686813186813,0.478021978022
2021-11-10,0.707417582418,0.276098901099,0.82967032967,0.799450549451,0.746835443038,0.598901098901,0.442307692308,0.57967032967,0.843406593407,0.519230769231,0.0659340659341,0.168115942029,0.612637362637,0.497252747253
2021-11-11,0.675824175824,0.277472527473,0.332417582418,0.458791208791,0.731861198738,0.582417582418,0.519230769231,0.593406593407,0.807692307692,0.524725274725,0.0357142857143,0.14450867052,0.664835164835,0.453296703297
2021-11-12,0.642857142857,0.278846153846,0.321428571429,0.425824175824,0.701257861635,0.53021978022,0.450549450549,0.571428571429,0.84478021978,0.598901098901,0.0384615384615,0.149855907781,0.557692307692,0.461538461538
2021-11-13,0.517857142857,0.28021978022,0.263736263736,0.354395604396,0.71473354232,0.552197802198,0.494505494505,0.535714285714,0.777472527473,0.571428571429,0.0384615384615,0.166666666667,0.563186813187,0.516483516484
2021-11-14,0.516483516484,0.281593406593,0.379120879121,0.403846153846,0.78125,0.631868131868,0.434065934066,0.505494505495,0.5,0.508241758242,0.0274725274725,0.126074498567,0.535714285714,0.475274725275
2021-11-15,0.51510989011,0.282967032967,0.593406593407,0.576923076923,0.654205607477,0.456043956044,0.491758241758,0.403846153846,0.902472527473,0.678571428571,0.0192307692308,0.0828571428571,0.521978021978,0.656593406593
2021-11-16,0.516483516484,0.282967032967,0.18956043956,0.255494505495,0.490683229814,0.244505494505,0.403846153846,0.362637362637,0.343406593407,0.865384615385,0.0549450549451,0.148148148148,0.513736263736,0.516483516484
2021-11-17,0.517857142857,0.282967032967,0.00824175824176,0.0164835164835,0.501547987616,0.277472527473,0.337912087912,0.368131868132,0.34478021978,0.843406593407,0.0302197802198,0.102272727273,0.447802197802,0.593406593407
2021-11-18,0.0989010989011,0.684065934066,0.126373626374,0.0989010989011,0.373456790123,0.137362637363,0.164835164835,0.304945054945,0.346153846154,0.958791208791,0.104395604396,0.164305949008,0.42032967033,0.596153846154
2021-11-19,0.652472527473,0.281593406593,0.00824175824176,0.00549450549451,0.418461538462,0.260989010989,0.197802197802,0.332417582418,0.347527472527,0.906593406593,0.10989010989,0.279661016949,0.538461538462,0.75
2021-11-20,0.653846153846,0.281593406593,0.162087912088,0.0631868131868,0.469325153374,0.379120879121,0.304945054945,0.315934065934,0.157967032967,0.815934065934,0.134615384615,0.36338028169,0.535714285714,0.755494505495
2021-11-21,0.65521978022,0.281593406593,0.475274725275,0.260989010989,0.43119266055,0.318681318681,0.263736263736,0.326923076923,0.351648351648,0.873626373626,0.142857142857,0.429775280899,0.472527472527,0.717032967033
2021-11-22,0.656593406593,0.281593406593,0.335164835165,0.18956043956,0.356707317073,0.184065934066,0.126373626374,0.277472527473,0.197802197802,0.925824175824,0.134615384615,0.389355742297,0.442307692308,0.708791208791
2021-11-23,0.00686813186813,0.887362637363,0.0989010989011,0.0604395604396,0.407294832827,0.296703296703,0.17032967033,0.285714285714,0.199175824176,0.739010989011,0.156593406593,0.463687150838,0.491758241758,0.697802197802
2021-11-24,0.0192307692308,0.885989010989,0.379120879121,0.214285714286,0.387878787879,0.293956043956,0.197802197802,0.214285714286,0.200549450549,0.760989010989,0.148351648352,0.448467966574,0.458791208791,0.747252747253
2021-11-25,0.0357142857143,0.884615384615,0.362637362637,0.200549450549,0.441087613293,0.42032967033,0.291208791209,0.269230769231,0.134615384615,0.645604395604,0.184065934066,0.480555555556,0.521978021978,0.769230769231
2021-11-26,0.0673076923077,0.883241758242,0.686813186813,0.453296703297,0.301204819277,0.0851648351648,0.10989010989,0.159340659341,0.364010989011,0.865384615385,0.505494505495,0.670360110803,0.478021978022,0.752747252747
2021-11-27,0.111263736264,0.881868131868,0.032967032967,0.0247252747253,0.321321321321,0.159340659341,0.104395604396,0.173076923077,0.162087912088,0.793956043956,0.467032967033,0.651933701657,0.486263736264,0.777472527473
2021-11-28,0.149725274725,0.880494505495,0.17032967033,0.101648351648,0.392215568862,0.340659340659,0.0824175824176,0.181318681319,0.081043956044,0.494505494505,0.376373626374,0.531680440771,0.532967032967,0.782967032967
2021-11-29,0.206043956044,0.879120879121,0.725274725275,0.456043956044,0.420895522388,0.381868131868,0.107142857143,0.162087912088,0.0604395604396,0.0755494505495,0.384615384615,0.568681318681,0.607142857143,0.763736263736
2021-11-30,0.767857142857,0.67032967033,0.741758241758,0.527472527473,0.375,0.326923076923,0.123626373626,0.214285714286,0.0851648351648,0.228021978022,0.362637362637,0.678571428571,0.733516483516,0.782967032967
2021-12-01,0.79532967033,0.67032967033,0.46978021978,0.398351648352,0.391691394659,0.343406593407,0.126373626374,0.247252747253,0.0618131868132,0.186813186813,0.370879120879,0.684065934066,0.631868131868,0.763736263736
2021-12-02,0.831043956044,0.278846153846,0.458791208791,0.42032967033,0.355029585799,0.299450549451,0.126373626374,0.225274725275,0.0892857142857,0.282967032967,0.373626373626,0.684065934066,0.615384615385,0.708791208791
2021-12-03,0.791208791209,0.28021978022,0.362637362637,0.326923076923,0.289085545723,0.0989010989011,0.0741758241758,0.173076923077,0.177197802198,0.513736263736,0.43956043956,0.711538461538,0.604395604396,0.703296703297
2021-12-04,0.758241758242,0.281593406593,0.032967032967,0.0659340659341,0.238235294118,0.00824175824176,0.0384615384615,0.10989010989,0.384615384615,0.71978021978,0.582417582418,0.766483516484,0.81043956044,0.782967032967
2021-12-05,0.740384615385,0.281593406593,0.032967032967,0.0192307692308,0.243401759531,0.0302197802198,0.0494505494505,0.126373626374,0.385989010989,0.700549450549,0.582417582418,0.824175824176,0.807692307692,0.769230769231
2021-12-06,0.717032967033,0.281593406593,0.101648351648,0.0467032967033,0.251461988304,0.0604395604396,0.0879120879121,0.159340659341,0.387362637363,0.623626373626,0.571428571429,0.791208791209,0.832417582418,0.788461538462
2021-12-07,0.682692307692,0.281593406593,0.365384615385,0.159340659341,0.256559766764,0.0796703296703,0.0851648351648,0.134615384615,0.388736263736,0.612637362637,0.568681318681,0.791208791209,0.815934065934,0.730769230769
2021-12-08,0.641483516484,0.281593406593,0.370879120879,0.195054945055,0.252906976744,0.126373626374,0.151098901099,0.123626373626,0.39010989011,0.623626373626,0.486263736264,0.741758241758,0.846153846154,0.760989010989
2021-12-09,0.509615384615,0.281593406593,0.401098901099,0.222527472527,0.228985507246,0.0659340659341,0.0659340659341,0.107142857143,0.391483516484,0.744505494505,0.554945054945,0.75,0.763736263736,0.758241758242
2021-12-10,0.112637362637,0.673076923077,0.0686813186813,0.0494505494505,0.228323699422,0.112637362637,0.0631868131868,0.10989010989,0.392857142857,0.747252747253,0.505494505495,0.747252747253,0.673076923077,0.703296703297
2021-12-11,0.153846153846,0.671703296703,0.104395604396,0.0714285714286,0.244956772334,0.335164835165,0.0989010989011,0.131868131868,0.0906593406593,0.543956043956,0.574175824176,0.799450549451,0.722527472527,0.673076923077
2021-12-12,0.182692307692,0.671703296703,0.486263736264,0.302197802198,0.255747126437,0.401098901099,0.173076923077,0.123626373626,0.0631868131868,0.5,0.568681318681,0.782967032967,0.700549450549,0.637362637363
2021-12-13,0.210164835165,0.673076923077,0.590659340659,0.392857142857,0.223495702006,0.153846153846,0.0686813186813,0.104395604396,0.125,0.653846153846,0.604395604396,0.813186813187,0.554945054945,0.582417582418
2021-12-14,0.241758241758,0.674450549451,0.0714285714286,0.0906593406593,0.237142857143,0.291208791209,0.107142857143,0.123626373626,0.0302197802198,0.494505494505,0.612637362637,0.903846153846,0.546703296703,0.538461538462
2021-12-15,0.756868131868,0.28021978022,0.456043956044,0.288461538462,0.242165242165,0.343406593407,0.0851648351648,0.134615384615,0.0151098901099,0.346153846154,0.601648351648,0.868131868132,0.552197802198,0.60989010989
2021-12-16,0.755494505495,0.281593406593,0.527472527473,0.395604395604,0.235795454545,0.239010989011,0.167582417582,0.115384615385,0.0700549450549,0.271978021978,0.453296703297,0.695054945055,0.629120879121,0.629120879121
2021-12-17,0.754120879121,0.282967032967,0.296703296703,0.252747252747,0.218130311615,0.131868131868,0.107142857143,0.0906593406593,0.103021978022,0.392857142857,0.450549450549,0.68956043956,0.681318681319,0.656593406593
2021-12-18,0.943681318681,0.284340659341,0.0934065934066,0.126373626374,0.225988700565,0.211538461538,0.0714285714286,0.0824175824176,0.0494505494505,0.285714285714,0.35989010989,0.607142857143,0.68956043956,0.708791208791
2021-12-19,0.931318681319,0.285714285714,0.288461538462,0.222527472527,0.222535211268,0.197802197802,0.0686813186813,0.0851648351648,0.0343406593407,0.304945054945,0.343406593407,0.612637362637,0.593406593407,0.708791208791
2021-12-20,0.906593406593,0.287087912088,0.260989010989,0.222527472527,0.233146067416,0.21978021978,0.0879120879121,0.0961538461538,0.0247252747253,0.260989010989,0.357142857143,0.662087912088,0.483516483516,0.684065934066
2021-12-21,0.100274725275,0.888736263736,0.436813186813,0.291208791209,0.254901960784,0.414835164835,0.131868131868,0.120879120879,0.0260989010989,0.0714285714286,0.445054945055,0.725274725275,0.453296703297,0.607142857143
2021-12-22,0.495879120879,0.688186813187,0.815934065934,0.648351648352,0.251396648045,0.387362637363,0.148351648352,0.123626373626,0.0274725274725,0.164835164835,0.43956043956,0.725274725275,0.456043956044,0.601648351648
2021-12-23,0.0741758241758,0.887362637363,0.615384615385,0.557692307692,0.289693593315,0.571428571429,0.304945054945,0.145604395604,0.423076923077,0.0728021978022,0.464285714286,0.708791208791,0.458791208791,0.593406593407
2021-12-24,0.00274725274725,0.98489010989,0.931318681319,0.818681318681,0.288888888889,0.563186813187,0.510989010989,0.134615384615,0.424450549451,0.151098901099,0.156593406593,0.423076923077,0.263736263736,0.60989010989
2021-12-25,0.00961538461538,0.983516483516,0.870879120879,0.791208791209,0.277008310249,0.53021978022,0.472527472527,0.156593406593,0.182692307692,0.197802197802,0.164835164835,0.450549450549,0.28021978022,0.618131868132
2021-12-26,0.208791208791,0.880494505495,0.626373626374,0.714285714286,0.290055248619,0.56043956044,0.458791208791,0.195054945055,0.428571428571,0.153846153846,0.151098901099,0.450549450549,0.217032967033,0.637362637363
2021-12-27,0.244505494505,0.879120879121,0.725274725275,0.739010989011,0.289256198347,0.535714285714,0.447802197802,0.186813186813,0.429945054945,0.17032967033,0.151098901099,0.46978021978,0.228021978022,0.57967032967
2021-12-28,0.0494505494505,0.982142857143,0.532967032967,0.684065934066,0.233516483516,0.255494505495,0.291208791209,0.186813186813,0.0851648351648,0.568681318681,0.315934065934,0.582417582418,0.164835164835,0.618131868132
2021-12-29,0.00686813186813,0.998626373626,0.0164835164835,0.0934065934066,0.217032967033,0.162087912088,0.403846153846,0.159340659341,0.0618131868132,0.653846153846,0.195054945055,0.475274725275,0.156593406593,0.442307692308
2021-12-30,0.722527472527,0.667582417582,0.0164835164835,0.0302197802198,0.233516483516,0.222527472527,0.445054945055,0.148351648352,0.123626373626,0.571428571429,0.206043956044,0.475274725275,0.269230769231,0.458791208791
2021-12-31,0.721153846154,0.666208791209,0.159340659341,0.167582417582,0.214285714286,0.159340659341,0.28021978022,0.148351648352,0.0892857142857,0.651098901099,0.126373626374,0.365384615385,0.291208791209,0.519230769231
2022-01-01,0.744505494505,0.273351648352,0.123626373626,0.107142857143,0.252747252747,0.31043956044,0.326923076923,0.214285714286,0.195054945055,0.461538461538,0.164835164835,0.428571428571,0.274725274725,0.505494505495
2022-01-02,0.942307692308,0.273351648352,0.480769230769,0.370879120879,0.241758241758,0.291208791209,0.483516483516,0.186813186813,0.162087912088,0.5,0.0247252747253,0.184065934066,0.406593406593,0.478021978022
2022-01-03,0.990384615385,0.273351648352,0.417582417582,0.31043956044,0.21978021978,0.236263736264,0.351648351648,0.184065934066,0.0906593406593,0.571428571429,0.0192307692308,0.131868131868,0.431318681319,0.497252747253
2022-01-04,0.868131868132,0.664835164835,0.247252747253,0.208791208791,0.206043956044,0.222527472527,0.282967032967,0.137362637363,0.0631868131868,0.634615384615,0.0192307692308,0.129120879121,0.409340659341,0.483516483516
2022-01-05,0.0865384615385,0.978021978022,0.137362637363,0.151098901099,0.18956043956,0.0934065934066,0.239010989011,0.175824175824,0.446428571429,0.769230769231,0.0467032967033,0.214285714286,0.340659340659,0.494505494505
2022-01-06,0.118131868132,0.976648351648,0.0164835164835,0.0137362637363,0.18956043956,0.120879120879,0.28021978022,0.148351648352,0.447802197802,0.788461538462,0.0357142857143,0.195054945055,0.228021978022,0.434065934066
2022-01-07,0.119505494505,0.975274725275,0.0467032967033,0.0247252747253,0.173076923077,0.0769230769231,0.18956043956,0.0989010989011,0.447802197802,0.824175824176,0.0494505494505,0.269230769231,0.162087912088,0.348901098901
2022-01-08,0.00412087912088,0.997252747253,0.0384615384615,0.010989010989,0.175824175824,0.123626373626,0.211538461538,0.0961538461538,0.447802197802,0.81043956044,0.0521978021978,0.271978021978,0.0934065934066,0.239010989011
2022-01-09,0.0164835164835,0.995879120879,0.145604395604,0.0412087912088,0.184065934066,0.225274725275,0.211538461538,0.112637362637,0.449175824176,0.793956043956,0.0521978021978,0.282967032967,0.129120879121,0.208791208791
2022-01-10,0.0302197802198,0.994505494505,0.274725274725,0.115384615385,0.184065934066,0.263736263736,0.134615384615,0.107142857143,0.450549450549,0.664835164835,0.0164835164835,0.156593406593,0.134615384615,0.192307692308
2022-01-11,0.0467032967033,0.993131868132,0.343406593407,0.173076923077,0.195054945055,0.417582417582,0.175824175824,0.134615384615,0.236263736264,0.505494505495,0.0302197802198,0.197802197802,0.206043956044,0.241758241758
2022-01-12,0.417582417582,0.962912087912,0.557692307692,0.351648351648,0.211538461538,0.541208791209,0.159340659341,0.211538461538,0.0947802197802,0.28021978022,0.010989010989,0.0989010989011,0.263736263736,0.260989010989
2022-01-13,0.90521978022,0.641483516484,0.843406593407,0.593406593407,0.18956043956,0.414835164835,0.104395604396,0.263736263736,0.207417582418,0.464285714286,0.0137362637363,0.118131868132,0.293956043956,0.186813186813
2022-01-14,0.708791208791,0.64010989011,0.387362637363,0.315934065934,0.206043956044,0.480769230769,0.131868131868,0.271978021978,0.135989010989,0.346153846154,0.0247252747253,0.142857142857,0.25,0.184065934066
2022-01-15,0.707417582418,0.638736263736,0.538461538462,0.442307692308,0.211538461538,0.489010989011,0.129120879121,0.247252747253,0.174450549451,0.299450549451,0.0192307692308,0.17032967033,0.324175824176,0.181318681319
2022-01-16,0.706043956044,0.637362637363,0.516483516484,0.447802197802,0.208791208791,0.480769230769,0.131868131868,0.247252747253,0.137362637363,0.203296703297,0.021978021978,0.173076923077,0.354395604396,0.197802197802
2022-01-17,0.916208791209,0.255494505495,0.5,0.453296703297,0.18956043956,0.381868131868,0.211538461538,0.228021978022,0.217032967033,0.357142857143,0,0.0494505494505,0.288461538462,0.156593406593
2022-01-18,0.89010989011,0.255494505495,0.211538461538,0.255494505495,0.192307692308,0.395604395604,0.269230769231,0.31043956044,0.178571428571,0.321428571429,0,0.0494505494505,0.293956043956,0.156593406593
2022-01-19,0.418956043956,0.635989010989,0.428571428571,0.340659340659,0.175824175824,0.318681318681,0.200549450549,0.304945054945,0.138736263736,0.436813186813,0,0.0494505494505,0.239010989011,0.186813186813
2022-01-20,0.081043956044,0.850274725275,0.260989010989,0.233516483516,0.159340659341,0.206043956044,0.192307692308,0.217032967033,0.182692307692,0.546703296703,0.00274725274725,0.0549450549451,0.211538461538,0.186813186813
2022-01-21,0.0824175824176,0.848901098901,0.10989010989,0.129120879121,0.0659340659341,0.00824175824176,0.043956043956,0.104395604396,0.478021978022,0.815934065934,0.164835164835,0.39010989011,0.123626373626,0.142857142857
2022-01-22,0.104395604396,0.847527472527,0.00549450549451,0.00274725274725,0.0192307692308,0.043956043956,0.0384615384615,0.134615384615,0.479395604396,0.837912087912,0.18956043956,0.431318681319,0.0576923076923,0.134615384615
2022-01-23,0.182692307692,0.846153846154,0.00824175824176,0.00274725274725,0.0631868131868,0.178571428571,0.0576923076923,0.131868131868,0.309065934066,0.722527472527,0.28021978022,0.527472527473,0.0741758241758,0.173076923077
2022-01-24,0.215659340659,0.84478021978,0.230769230769,0.0521978021978,0.0796703296703,0.288461538462,0.0769230769231,0.134615384615,0.482142857143,0.664835164835,0.291208791209,0.557692307692,0.0384615384615,0.0769230769231
2022-01-25,0.248626373626,0.843406593407,0.467032967033,0.230769230769,0.0989010989011,0.381868131868,0.148351648352,0.162087912088,0.262362637363,0.60989010989,0.239010989011,0.576923076923,0.043956043956,0.0714285714286
2022-01-26,0.287087912088,0.842032967033,0.519230769231,0.299450549451,0.0879120879121,0.387362637363,0.153846153846,0.197802197802,0.263736263736,0.563186813187,0.241758241758,0.582417582418,0.0631868131868,0.0631868131868
2022-01-27,0.357142857143,0.840659340659,0.447802197802,0.296703296703,0.107142857143,0.456043956044,0.255494505495,0.197802197802,0.184065934066,0.502747252747,0.208791208791,0.593406593407,0.0659340659341,0.0357142857143
2022-01-28,0.442307692308,0.612637362637,0.532967032967,0.392857142857,0.118131868132,0.521978021978,0.277472527473,0.211538461538,0.18543956044,0.346153846154,0.228021978022,0.607142857143,0.200549450549,0.0796703296703
2022-01-29,0.546703296703,0.241758241758,0.642857142857,0.502747252747,0.142857142857,0.565934065934,0.288461538462,0.230769230769,0.0645604395604,0.211538461538,0.244505494505,0.60989010989,0.175824175824,0.0906593406593
2022-01-30,0.548076923077,0.241758241758,0.741758241758,0.571428571429,0.134615384615,0.541208791209,0.274725274725,0.156593406593,0.18956043956,0.164835164835,0.244505494505,0.615384615385,0.25,0.142857142857
2022-01-31,0.548076923077,0.241758241758,0.57967032967,0.527472527473,0.148351648352,0.601648351648,0.269230769231,0.195054945055,0.043956043956,0.0645604395604,0.228021978022,0.590659340659,0.222527472527,0.162087912088
2022-02-01,0.548076923077,0.241758241758,0.75,0.645604395604,0.153846153846,0.598901098901,0.206043956044,0.151098901099,0.0453296703297,0.0659340659341,0.184065934066,0.57967032967,0.271978021978,0.214285714286
2022-02-02,0.548076923077,0.241758241758,0.769230769231,0.67032967033,0.101648351648,0.373626373626,0.186813186813,0.104395604396,0.243131868132,0.475274725275,0.239010989011,0.736263736264,0.332417582418,0.241758241758
2022-02-03,0.548076923077,0.241758241758,0.17032967033,0.28021978022,0.115384615385,0.434065934066,0.186813186813,0.126373626374,0.104395604396,0.343406593407,0.239010989011,0.725274725275,0.277472527473,0.211538461538
2022-02-04,0.548076923077,0.241758241758,0.401098901099,0.409340659341,0.217032967033,0.901098901099,0.428571428571,0.25,0.199175824176,0.0645604395604,0.653846153846,0.923076923077,0.260989010989,0.230769230769
2022-02-05,0.548076923077,0.241758241758,0.986263736264,0.936813186813,0.211538461538,0.815934065934,0.417582417582,0.247252747253,0.25,0.156593406593,0.656593406593,0.923076923077,0.271978021978,0.252747252747
2022-02-06,0.548076923077,0.241758241758,0.950549450549,0.898351648352,0.255494505495,0.881868131868,0.527472527473,0.368131868132,0.502747252747,0.0631868131868,0.662087912088,0.912087912088,0.307692307692,0.236263736264
2022-02-07,0.877747252747,0.241758241758,0.983516483516,0.956043956044,0.285714285714,0.928571428571,0.607142857143,0.436813186813,0.502747252747,0.0645604395604,0.675824175824,0.950549450549,0.368131868132,0.260989010989
2022-02-08,0.857142857143,0.243131868132,0.986263736264,0.991758241758,0.291208791209,0.909340659341,0.667582417582,0.42032967033,0.502747252747,0.0645604395604,0.675824175824,0.93956043956,0.348901098901,0.230769230769
2022-02-09,0.836538461538,0.244505494505,0.857142857143,0.917582417582,0.302197802198,0.848901098901,0.739010989011,0.467032967033,0.502747252747,0.0645604395604,0.662087912088,0.950549450549,0.478021978022,0.266483516484
2022-02-10,0.957417582418,0.244505494505,0.843406593407,0.901098901099,0.282967032967,0.728021978022,0.837912087912,0.395604395604,0.502747252747,0.362637362637,0.244505494505,0.576923076923,0.502747252747,0.225274725275
2022-02-11,0.928571428571,0.245879120879,0.491758241758,0.75,0.277472527473,0.604395604396,0.851648351648,0.376373626374,0.711538461538,0.576923076923,0.18956043956,0.587912087912,0.508241758242,0.167582417582
2022-02-12,0.682692307692,0.615384615385,0.252747252747,0.53021978022,0.285714285714,0.571428571429,0.821428571429,0.392857142857,0.711538461538,0.601648351648,0.164835164835,0.587912087912,0.467032967033,0.162087912088
2022-02-13,0.891483516484,0.245879120879,0.285714285714,0.494505494505,0.348901098901,0.563186813187,0.804945054945,0.412087912088,0.711538461538,0.634615384615,0.175824175824,0.598901098901,0.552197802198,0.126373626374
2022-02-14,0.847527472527,0.247252747253,0.260989010989,0.43956043956,0.368131868132,0.618131868132,0.81043956044,0.502747252747,0.76510989011,0.538461538462,0.178571428571,0.615384615385,0.582417582418,0.153846153846
2022-02-15,0.789835164835,0.248626373626,0.478021978022,0.557692307692,0.409340659341,0.804945054945,0.862637362637,0.538461538462,0.766483516484,0.225274725275,0.244505494505,0.664835164835,0.629120879121,0.255494505495
2022-02-16,0.729395604396,0.25,0.881868131868,0.846153846154,0.401098901099,0.728021978022,0.835164835165,0.574175824176,0.712912087912,0.401098901099,0.296703296703,0.695054945055,0.673076923077,0.299450549451
2022-02-17,0.701923076923,0.251373626374,0.60989010989,0.722527472527,0.313186813187,0.351648351648,0.708791208791,0.494505494505,0.502747252747,0.82967032967,0.576923076923,0.837912087912,0.612637362637,0.346153846154
2022-02-18,0.667582417582,0.252747252747,0.0384615384615,0.112637362637,0.313186813187,0.31043956044,0.631868131868,0.478021978022,0.504120879121,0.843406593407,0.590659340659,0.840659340659,0.519230769231,0.299450549451
2022-02-19,0.89010989011,0.254120879121,0.0467032967033,0.0824175824176,0.321428571429,0.351648351648,0.675824175824,0.480769230769,0.504120879121,0.837912087912,0.587912087912,0.857142857143,0.486263736264,0.326923076923
2022-02-20,0.517857142857,0.627747252747,0.0934065934066,0.131868131868,0.285714285714,0.178571428571,0.510989010989,0.384615384615,0.504120879121,0.936813186813,0.634615384615,0.876373626374,0.403846153846,0.25
2022-02-21,0.134615384615,0.843406593407,0.0164835164835,0.0164835164835,0.244505494505,0.0851648351648,0.403846153846,0.285714285714,0.504120879121,0.978021978022,0.659340659341,0.92032967033,0.35989010989,0.258241758242
2022-02-22,0.135989010989,0.842032967033,0.0576923076923,0.032967032967,0.282967032967,0.252747252747,0.615384615385,0.387362637363,0.342032967033,0.912087912088,0.637362637363,0.873626373626,0.285714285714,0.266483516484
2022-02-23,0.178571428571,0.840659340659,0.348901098901,0.200549450549,0.28021978022,0.167582417582,0.516483516484,0.321428571429,0.508241758242,0.923076923077,0.653846153846,0.879120879121,0.337912087912,0.255494505495
2022-02-24,0.210164835165,0.839285714286,0.222527472527,0.123626373626,0.296703296703,0.326923076923,0.332417582418,0.365384615385,0.343406593407,0.82967032967,0.203296703297,0.508241758242,0.247252747253,0.206043956044
2022-02-25,0.241758241758,0.837912087912,0.576923076923,0.412087912088,0.335164835165,0.46978021978,0.381868131868,0.409340659341,0.251373626374,0.760989010989,0.236263736264,0.535714285714,0.381868131868,0.277472527473
2022-02-26,0.277472527473,0.836538461538,0.673076923077,0.552197802198,0.324175824176,0.461538461538,0.337912087912,0.442307692308,0.252747252747,0.766483516484,0.200549450549,0.549450549451,0.431318681319,0.332417582418
2022-02-27,0.309065934066,0.835164835165,0.623626373626,0.532967032967,0.296703296703,0.269230769231,0.17032967033,0.368131868132,0.298076923077,0.873626373626,0.164835164835,0.508241758242,0.373626373626,0.324175824176
2022-02-28,0.0645604395604,0.961538461538,0.31043956044,0.31043956044,0.467032967033,0.931318681319,0.489010989011,0.576923076923,0.520604395604,0.318681318681,0.752747252747,0.862637362637,0.324175824176,0.285714285714
2022-03-01,0.14010989011,0.831043956044,0.964285714286,0.901098901099,0.489010989011,0.989010989011,0.543956043956,0.626373626374,0.521978021978,0.0618131868132,0.760989010989,0.870879120879,0.167582417582,0.269230769231
2022-03-02,0.217032967033,0.612637362637,0.994505494505,0.953296703297,0.524725274725,0.931318681319,0.563186813187,0.739010989011,0.523351648352,0.222527472527,0.760989010989,0.876373626374,0.282967032967,0.357142857143
2022-03-03,0.697802197802,0.25,0.917582417582,0.895604395604,0.538461538462,0.75,0.546703296703,0.752747252747,0.524725274725,0.461538461538,0.774725274725,0.873626373626,0.362637362637,0.370879120879
2022-03-04,0.251373626374,0.611263736264,0.532967032967,0.739010989011,0.46978021978,0.357142857143,0.343406593407,0.620879120879,0.299450549451,0.763736263736,0.854395604396,0.928571428571,0.368131868132,0.357142857143
2022-03-05,0.927197802198,0.248626373626,0.0412087912088,0.203296703297,0.480769230769,0.39010989011,0.35989010989,0.618131868132,0.254120879121,0.744505494505,0.857142857143,0.928571428571,0.458791208791,0.436813186813
2022-03-06,0.912087912088,0.248626373626,0.0961538461538,0.247252747253,0.46978021978,0.260989010989,0.285714285714,0.587912087912,0.358516483516,0.799450549451,0.85989010989,0.947802197802,0.346153846154,0.401098901099
2022-03-07,0.65521978022,0.60989010989,0.0631868131868,0.145604395604,0.450549450549,0.214285714286,0.145604395604,0.568681318681,0.255494505495,0.835164835165,0.821428571429,0.903846153846,0.153846153846,0.381868131868
2022-03-08,0.653846153846,0.608516483516,0.203296703297,0.206043956044,0.475274725275,0.31043956044,0.21978021978,0.596153846154,0.306318681319,0.766483516484,0.82967032967,0.917582417582,0.208791208791,0.43956043956
2022-03-09,0.218406593407,0.82967032967,0.395604395604,0.337912087912,0.543956043956,0.708791208791,0.642857142857,0.662087912088,0.539835164835,0.464285714286,0.840659340659,0.876373626374,0.14010989011,0.348901098901
2022-03-10,0.21978021978,0.828296703297,0.857142857143,0.796703296703,0.491758241758,0.412087912088,0.516483516484,0.571428571429,0.365384615385,0.700549450549,0.870879120879,0.909340659341,0.285714285714,0.357142857143
2022-03-11,0.652472527473,0.603021978022,0.392857142857,0.414835164835,0.475274725275,0.332417582418,0.464285714286,0.56043956044,0.200549450549,0.747252747253,0.870879120879,0.909340659341,0.321428571429,0.343406593407
2022-03-12,0.611263736264,0.601648351648,0.315934065934,0.337912087912,0.480769230769,0.370879120879,0.587912087912,0.552197802198,0.259615384615,0.736263736264,0.865384615385,0.876373626374,0.368131868132,0.324175824176
2022-03-13,0.60989010989,0.601648351648,0.324175824176,0.351648351648,0.442307692308,0.239010989011,0.607142857143,0.527472527473,0.260989010989,0.81043956044,0.851648351648,0.865384615385,0.326923076923,0.277472527473
2022-03-14,0.512362637363,0.603021978022,0.112637362637,0.206043956044,0.505494505495,0.516483516484,0.653846153846,0.64010989011,0.550824175824,0.637362637363,0.865384615385,0.873626373626,0.239010989011,0.206043956044
2022-03-15,0.608516483516,0.604395604396,0.673076923077,0.57967032967,0.491758241758,0.472527472527,0.708791208791,0.623626373626,0.315934065934,0.615384615385,0.862637362637,0.854395604396,0.337912087912,0.271978021978
2022-03-16,0.651098901099,0.243131868132,0.557692307692,0.521978021978,0.541208791209,0.692307692308,0.747252747253,0.541208791209,0.554945054945,0.156593406593,0.865384615385,0.85989010989,0.464285714286,0.31043956044
2022-03-17,0.649725274725,0.244505494505,0.89010989011,0.81043956044,0.541208791209,0.667582417582,0.667582417582,0.541208791209,0.556318681319,0.18956043956,0.862637362637,0.846153846154,0.384615384615,0.318681318681
2022-03-18,0.201923076923,0.611263736264,0.832417582418,0.777472527473,0.565934065934,0.747252747253,0.741758241758,0.541208791209,0.317307692308,0.0563186813187,0.862637362637,0.854395604396,0.456043956044,0.368131868132
2022-03-19,0.896978021978,0.245879120879,0.884615384615,0.832417582418,0.574175824176,0.793956043956,0.824175824176,0.510989010989,0.380494505495,0.0576923076923,0.837912087912,0.807692307692,0.5,0.362637362637
2022-03-20,0.978021978022,0.247252747253,0.914835164835,0.865384615385,0.552197802198,0.686813186813,0.428571428571,0.456043956044,0.721153846154,0.299450549451,0.618131868132,0.434065934066,0.532967032967,0.376373626374
2022-03-21,0.965659340659,0.248626373626,0.541208791209,0.692307692308,0.543956043956,0.656593406593,0.351648351648,0.442307692308,0.722527472527,0.335164835165,0.56043956044,0.409340659341,0.596153846154,0.337912087912
2022-03-22,0.936813186813,0.248626373626,0.43956043956,0.60989010989,0.587912087912,0.774725274725,0.467032967033,0.532967032967,0.563186813187,0.118131868132,0.626373626374,0.552197802198,0.574175824176,0.387362637363
2022-03-23,0.90521978022,0.25,0.782967032967,0.813186813187,0.60989010989,0.78021978022,0.596153846154,0.582417582418,0.56456043956,0.0590659340659,0.57967032967,0.53021978022,0.620879120879,0.450549450549
2022-03-24,0.872252747253,0.251373626374,0.826923076923,0.846153846154,0.651098901099,0.840659340659,0.832417582418,0.629120879121,0.565934065934,0.0604395604396,0.32967032967,0.293956043956,0.604395604396,0.43956043956
2022-03-25,0.0961538461538,0.836538461538,0.925824175824,0.914835164835,0.653846153846,0.807692307692,0.832417582418,0.651098901099,0.567307692308,0.0618131868132,0.332417582418,0.293956043956,0.56043956044,0.450549450549
2022-03-26,0.412087912088,0.618131868132,0.898351648352,0.906593406593,0.667582417582,0.788461538462,0.854395604396,0.64010989011,0.568681318681,0.0631868131868,0.258241758242,0.244505494505,0.623626373626,0.450549450549
2022-03-27,0.376373626374,0.616758241758,0.887362637363,0.903846153846,0.906593406593,0.914835164835,0.917582417582,0.648351648352,0.570054945055,0.0645604395604,0.351648351648,0.282967032967,0.637362637363,0.370879120879
2022-03-28,0.309065934066,0.615384615385,0.997252747253,0.997252747253,0.92032967033,0.837912087912,0.903846153846,0.673076923077,0.571428571429,0.0659340659341,0.346153846154,0.274725274725,0.618131868132,0.376373626374
2022-03-29,0.31043956044,0.615384615385,0.945054945055,0.991758241758,0.945054945055,0.793956043956,0.82967032967,0.766483516484,0.572802197802,0.0673076923077,0.0879120879121,0.0879120879121,0.706043956044,0.403846153846
2022-03-30,0.34478021978,0.614010989011,0.879120879121,0.958791208791,0.909340659341,0.692307692308,0.879120879121,0.771978021978,0.745879120879,0.258241758242,0.010989010989,0.0164835164835,0.659340659341,0.478021978022
2022-03-31,0.385989010989,0.612637362637,0.728021978022,0.909340659341,0.840659340659,0.535714285714,0.862637362637,0.730769230769,0.822802197802,0.590659340659,0.0192307692308,0.0247252747253,0.675824175824,0.505494505495
2022-04-01,0.840659340659,0.244505494505,0.10989010989,0.541208791209,0.881868131868,0.604395604396,0.873626373626,0.796703296703,0.747252747253,0.510989010989,0.021978021978,0.0274725274725,0.774725274725,0.612637362637
2022-04-02,0.427197802198,0.611263736264,0.508241758242,0.711538461538,0.865384615385,0.563186813187,0.898351648352,0.815934065934,0.821428571429,0.585164835165,0.0137362637363,0.0192307692308,0.777472527473,0.596153846154
2022-04-03,0.866758241758,0.243131868132,0.332417582418,0.56043956044,0.892857142857,0.60989010989,0.854395604396,0.799450549451,0.821428571429,0.513736263736,0,0.010989010989,0.832417582418,0.620879120879
2022-04-04,0.818681318681,0.243131868132,0.554945054945,0.708791208791,0.898351648352,0.634615384615,0.865384615385,0.818681318681,0.747252747253,0.502747252747,0,0.010989010989,0.78021978022,0.60989010989
2022-04-05,0.784340659341,0.243131868132,0.634615384615,0.722527472527,0.846153846154,0.513736263736,0.78021978022,0.769230769231,0.84478021978,0.68956043956,0,0.0164835164835,0.728021978022,0.637362637363
2022-04-06,0.752747252747,0.243131868132,0.252747252747,0.395604395604,0.730769230769,0.269230769231,0.697802197802,0.68956043956,0.875,0.925824175824,0.0274725274725,0.0494505494505,0.615384615385,0.491758241758
2022-04-07,0.730769230769,0.243131868132,0.00824175824176,0.0384615384615,0.75,0.335164835165,0.653846153846,0.697802197802,0.858516483516,0.906593406593,0.0274725274725,0.0467032967033,0.587912087912,0.502747252747
2022-04-08,0.70467032967,0.243131868132,0.0714285714286,0.0879120879121,0.697802197802,0.241758241758,0.56043956044,0.714285714286,0.791208791209,0.96978021978,0.0412087912088,0.0576923076923,0.645604395604,0.60989010989
2022-04-09,0.662087912088,0.243131868132,0.032967032967,0.032967032967,0.717032967033,0.351648351648,0.645604395604,0.56043956044,0.792582417582,0.93956043956,0.032967032967,0.0521978021978,0.695054945055,0.686813186813
2022-04-10,0.614010989011,0.243131868132,0.173076923077,0.10989010989,0.68956043956,0.293956043956,0.615384615385,0.489010989011,0.381868131868,0.967032967033,0.0384615384615,0.0604395604396,0.645604395604,0.703296703297
2022-04-11,0.612637362637,0.243131868132,0.120879120879,0.0824175824176,0.590659340659,0.0879120879121,0.365384615385,0.406593406593,0.576923076923,0.994505494505,0.0961538461538,0.115384615385,0.642857142857,0.681318681319
2022-04-12,0.516483516484,0.243131868132,0.00274725274725,0,0.612637362637,0.225274725275,0.370879120879,0.483516483516,0.578296703297,0.983516483516,0.0961538461538,0.120879120879,0.618131868132,0.703296703297
2022-04-13,0.516483516484,0.243131868132,0.134615384615,0.0494505494505,0.656593406593,0.409340659341,0.373626373626,0.653846153846,0.578296703297,0.840659340659,0.101648351648,0.118131868132,0.634615384615,0.703296703297
2022-04-14,0.516483516484,0.243131868132,0.505494505495,0.277472527473,0.601648351648,0.282967032967,0.288461538462,0.596153846154,0.383241758242,0.912087912088,0.10989010989,0.129120879121,0.662087912088,0.67032967033
2022-04-15,0.865384615385,0.243131868132,0.236263736264,0.107142857143,0.642857142857,0.409340659341,0.31043956044,0.667582417582,0.57967032967,0.848901098901,0.126373626374,0.129120879121,0.60989010989,0.703296703297
2022-04-16,0.839285714286,0.243131868132,0.464285714286,0.255494505495,0.631868131868,0.398351648352,0.181318681319,0.675824175824,0.581043956044,0.862637362637,0.0521978021978,0.0576923076923,0.656593406593,0.744505494505
2022-04-17,0.811813186813,0.243131868132,0.431318681319,0.247252747253,0.598901098901,0.321428571429,0.120879120879,0.607142857143,0.384615384615,0.914835164835,0.0494505494505,0.0549450549451,0.620879120879,0.711538461538
2022-04-18,0.774725274725,0.243131868132,0.14010989011,0.118131868132,0.659340659341,0.505494505495,0.178571428571,0.541208791209,0.262362637363,0.645604395604,0.0769230769231,0.0989010989011,0.56043956044,0.739010989011
2022-04-19,0.740384615385,0.243131868132,0.68956043956,0.510989010989,0.686813186813,0.57967032967,0.228021978022,0.662087912088,0.201923076923,0.151098901099,0.0906593406593,0.126373626374,0.549450549451,0.703296703297
2022-04-20,0.278846153846,0.60989010989,0.843406593407,0.681318681319,0.675824175824,0.554945054945,0.315934065934,0.678571428571,0.203296703297,0.17032967033,0.0714285714286,0.0934065934066,0.532967032967,0.695054945055
2022-04-21,0.0343406593407,0.835164835165,0.681318681319,0.615384615385,0.645604395604,0.447802197802,0.211538461538,0.64010989011,0.326923076923,0.318681318681,0.0604395604396,0.0934065934066,0.417582417582,0.664835164835
2022-04-22,0.0453296703297,0.833791208791,0.324175824176,0.368131868132,0.601648351648,0.324175824176,0.203296703297,0.653846153846,0.328296703297,0.458791208791,0.0631868131868,0.107142857143,0.436813186813,0.675824175824
2022-04-23,0,0.960164835165,0.18956043956,0.239010989011,0.576923076923,0.291208791209,0.142857142857,0.565934065934,0.20467032967,0.494505494505,0.0576923076923,0.0989010989011,0.395604395604,0.736263736264
2022-04-24,0.00824175824176,0.958791208791,0.167582417582,0.214285714286,0.576923076923,0.293956043956,0.134615384615,0.568681318681,0.206043956044,0.491758241758,0.0576923076923,0.101648351648,0.398351648352,0.659340659341
2022-04-25,0.0288461538462,0.957417582418,0.228021978022,0.230769230769,0.64010989011,0.464285714286,0.258241758242,0.546703296703,0.105769230769,0.247252747253,0.0906593406593,0.145604395604,0.445054945055,0.634615384615
2022-04-26,0.328296703297,0.824175824176,0.684065934066,0.568681318681,0.532967032967,0.14010989011,0.239010989011,0.442307692308,0.40521978022,0.620879120879,0.104395604396,0.148351648352,0.478021978022,0.574175824176
2022-04-27,0.00412087912088,0.991758241758,0.0961538461538,0.0989010989011,0.571428571429,0.293956043956,0.31043956044,0.456043956044,0.0288461538462,0.387362637363,0.131868131868,0.184065934066,0.442307692308,0.510989010989
2022-04-28,0.222527472527,0.953296703297,0.467032967033,0.373626373626,0.607142857143,0.39010989011,0.409340659341,0.464285714286,0.0494505494505,0.260989010989,0.115384615385,0.184065934066,0.39010989011,0.546703296703
2022-04-29,0.335164835165,0.817307692308,0.590659340659,0.513736263736,0.554945054945,0.230769230769,0.31043956044,0.447802197802,0.0769230769231,0.467032967033,0.137362637363,0.414835164835,0.304945054945,0.527472527473
2022-04-30,0.414835164835,0.583791208791,0.302197802198,0.285714285714,0.524725274725,0.151098901099,0.282967032967,0.423076923077,0.335164835165,0.576923076923,0.148351648352,0.436813186813,0.277472527473,0.453296703297
2022-05-01,0.458791208791,0.582417582418,0.0851648351648,0.0989010989011,0.552197802198,0.271978021978,0.516483516484,0.398351648352,0.0508241758242,0.417582417582,0.0521978021978,0.241758241758,0.379120879121,0.519230769231
2022-05-02,0.148351648352,0.815934065934,0.46978021978,0.365384615385,0.557692307692,0.288461538462,0.478021978022,0.392857142857,0.0521978021978,0.403846153846,0.0467032967033,0.239010989011,0.417582417582,0.519230769231
2022-05-03,0.188186813187,0.81456043956,0.480769230769,0.392857142857,0.53021978022,0.18956043956,0.354395604396,0.304945054945,0.342032967033,0.5,0.0274725274725,0.291208791209,0.376373626374,0.5
2022-05-04,0.223901098901,0.813186813187,0.17032967033,0.200549450549,0.615384615385,0.524725274725,0.541208791209,0.381868131868,0.0302197802198,0.0631868131868,0.10989010989,0.39010989011,0.406593406593,0.563186813187
2022-05-05,0.918956043956,0.225274725275,0.82967032967,0.736263736264,0.489010989011,0.0741758241758,0.304945054945,0.258241758242,0.343406593407,0.593406593407,0.337912087912,0.653846153846,0.491758241758,0.576923076923
2022-05-06,0.686813186813,0.575549450549,0.0879120879121,0.0934065934066,0.478021978022,0.0467032967033,0.274725274725,0.164835164835,0.416208791209,0.653846153846,0.346153846154,0.656593406593,0.43956043956,0.574175824176
2022-05-07,0.645604395604,0.574175824176,0.0604395604396,0.0521978021978,0.458791208791,0.0412087912088,0.291208791209,0.148351648352,0.603021978022,0.686813186813,0.346153846154,0.659340659341,0.43956043956,0.53021978022
2022-05-08,0.645604395604,0.572802197802,0.043956043956,0.0412087912088,0.412087912088,0.0192307692308,0.104395604396,0.0961538461538,0.603021978022,0.782967032967,0.337912087912,0.736263736264,0.456043956044,0.467032967033
2022-05-09,0.225274725275,0.811813186813,0.0247252747253,0.010989010989,0.260989010989,0,0.032967032967,0.0467032967033,0.604395604396,0.942307692308,0.700549450549,0.914835164835,0.46978021978,0.461538461538
2022-05-10,0.917582417582,0.21978021978,0,0,0.299450549451,0.00549450549451,0.043956043956,0.0824175824176,0.604395604396,0.854395604396,0.730769230769,0.942307692308,0.535714285714,0.527472527473
2022-05-11,0.226648351648,0.81043956044,0.0384615384615,0.010989010989,0.214285714286,0.00274725274725,0.032967032967,0.0302197802198,0.417582417582,0.92032967033,0.741758241758,0.950549450549,0.376373626374,0.302197802198
2022-05-12,0.228021978022,0.809065934066,0.0302197802198,0.00274725274725,0.211538461538,0.0137362637363,0.0412087912088,0.0384615384615,0.416208791209,0.92032967033,0.744505494505,0.956043956044,0.112637362637,0.162087912088
2022-05-13,0.229395604396,0.807692307692,0.118131868132,0.021978021978,0.239010989011,0.043956043956,0.0494505494505,0.0357142857143,0.416208791209,0.895604395604,0.75,0.961538461538,0.159340659341,0.192307692308
2022-05-14,0.230769230769,0.806318681319,0.263736263736,0.0659340659341,0.271978021978,0.175824175824,0.0604395604396,0.0631868131868,0.417582417582,0.807692307692,0.760989010989,0.980769230769,0.162087912088,0.195054945055
2022-05-15,0.313186813187,0.804945054945,0.510989010989,0.25,0.315934065934,0.442307692308,0.0686813186813,0.0961538461538,0.343406593407,0.659340659341,0.785714285714,0.997252747253,0.151098901099,0.222527472527
2022-05-16,0.353021978022,0.803571428571,0.736263736264,0.5,0.255494505495,0.197802197802,0.0824175824176,0.0989010989011,0.226648351648,0.760989010989,0.771978021978,0.975274725275,0.145604395604,0.244505494505
2022-05-17,0.767857142857,0.553571428571,0.480769230769,0.304945054945,0.293956043956,0.343406593407,0.0714285714286,0.10989010989,0.347527472527,0.681318681319,0.758241758242,0.956043956044,0.200549450549,0.25
2022-05-18,0.392857142857,0.802197802198,0.596153846154,0.425824175824,0.206043956044,0.0851648351648,0.0357142857143,0.0906593406593,0.123626373626,0.436813186813,0.788461538462,0.953296703297,0.10989010989,0.134615384615
2022-05-19,0.391483516484,0.800824175824,0.181318681319,0.162087912088,0.293956043956,0.384615384615,0.0851648351648,0.115384615385,0.0865384615385,0.0631868131868,0.82967032967,0.994505494505,0.137362637363,0.123626373626
2022-05-20,0.832417582418,0.211538461538,0.631868131868,0.5,0.225274725275,0.167582417582,0.0714285714286,0.101648351648,0.0563186813187,0.244505494505,0.840659340659,0.989010989011,0.186813186813,0.14010989011
2022-05-21,0.802197802198,0.212912087912,0.340659340659,0.299450549451,0.247252747253,0.208791208791,0.0631868131868,0.162087912088,0.0576923076923,0.195054945055,0.826923076923,0.991758241758,0.142857142857,0.153846153846
2022-05-22,0.760989010989,0.214285714286,0.431318681319,0.362637362637,0.291208791209,0.398351648352,0.0851648351648,0.178571428571,0.0315934065934,0.0645604395604,0.846153846154,0.997252747253,0.129120879121,0.164835164835
2022-05-23,0.722527472527,0.215659340659,0.736263736264,0.598901098901,0.211538461538,0.148351648352,0.0604395604396,0.107142857143,0.00274725274725,0.285714285714,0.865384615385,0.997252747253,0.162087912088,0.167582417582
2022-05-24,0.696428571429,0.217032967033,0.258241758242,0.288461538462,0.247252747253,0.258241758242,0.0384615384615,0.153846153846,0.010989010989,0.156593406593,0.81043956044,0.958791208791,0.104395604396,0.134615384615
2022-05-25,0.666208791209,0.218406593407,0.524725274725,0.467032967033,0.241758241758,0.241758241758,0.0989010989011,0.129120879121,0.021978021978,0.175824175824,0.752747252747,0.906593406593,0.0576923076923,0.126373626374
2022-05-26,0.211538461538,0.565934065934,0.483516483516,0.445054945055,0.217032967033,0.186813186813,0.0989010989011,0.118131868132,0.0233516483516,0.239010989011,0.752747252747,0.950549450549,0.0247252747253,0.0494505494505
2022-05-27,0.664835164835,0.21978021978,0.351648351648,0.370879120879,0.192307692308,0.0989010989011,0.0906593406593,0.112637362637,0.00412087912088,0.31043956044,0.758241758242,0.953296703297,0.021978021978,0.043956043956
2022-05-28,0.625,0.221153846154,0.142857142857,0.217032967033,0.197802197802,0.173076923077,0.173076923077,0.101648351648,0,0.214285714286,0.752747252747,0.93956043956,0.032967032967,0.0714285714286
2022-05-29,0.586538461538,0.222527472527,0.42032967033,0.373626373626,0.239010989011,0.277472527473,0.535714285714,0.0989010989011,0.0494505494505,0.0659340659341,0.478021978022,0.582417582418,0.0302197802198,0.0714285714286
2022-05-30,0.17032967033,0.571428571429,0.714285714286,0.571428571429,0.335164835165,0.706043956044,0.631868131868,0.186813186813,0.614010989011,0.0673076923077,0.634615384615,0.686813186813,0.0384615384615,0.0934065934066
2022-05-31,0.629120879121,0.221153846154,0.997252747253,0.956043956044,0.340659340659,0.706043956044,0.774725274725,0.214285714286,0.612637362637,0.0673076923077,0.483516483516,0.521978021978,0.0521978021978,0.0796703296703
2022-06-01,0.898351648352,0.222527472527,0.953296703297,0.912087912088,0.247252747253,0.32967032967,0.631868131868,0.162087912088,0.142857142857,0.494505494505,0.645604395604,0.659340659341,0.134615384615,0.0686813186813
2022-06-02,0.585164835165,0.572802197802,0.228021978022,0.403846153846,0.291208791209,0.489010989011,0.678571428571,0.192307692308,0.428571428571,0.368131868132,0.659340659341,0.67032967033,0.0769230769231,0.0521978021978
2022-06-03,0.583791208791,0.572802197802,0.527472527473,0.618131868132,0.236263736264,0.302197802198,0.535714285714,0.167582417582,0.141483516484,0.486263736264,0.659340659341,0.667582417582,0.0741758241758,0.0494505494505
2022-06-04,0.582417582418,0.572802197802,0.266483516484,0.384615384615,0.244505494505,0.362637362637,0.445054945055,0.134615384615,0.233516483516,0.445054945055,0.576923076923,0.596153846154,0.0961538461538,0.0659340659341
2022-06-05,0.512362637363,0.572802197802,0.417582417582,0.478021978022,0.25,0.376373626374,0.574175824176,0.211538461538,0.29532967033,0.428571428571,0.521978021978,0.53021978022,0.104395604396,0.0796703296703
2022-06-06,0.135989010989,0.813186813187,0.5,0.494505494505,0.318681318681,0.645604395604,0.64010989011,0.241758241758,0.353021978022,0.0659340659341,0.574175824176,0.568681318681,0.0576923076923,0.0494505494505
2022-06-07,0.171703296703,0.813186813187,0.89010989011,0.824175824176,0.31043956044,0.607142857143,0.758241758242,0.206043956044,0.611263736264,0.175824175824,0.442307692308,0.434065934066,0.0769230769231,0.0274725274725
2022-06-08,0.215659340659,0.811813186813,0.725274725275,0.760989010989,0.260989010989,0.434065934066,0.543956043956,0.203296703297,0.424450549451,0.384615384615,0.379120879121,0.348901098901,0.10989010989,0.0741758241758
2022-06-09,0.217032967033,0.81043956044,0.480769230769,0.521978021978,0.258241758242,0.428571428571,0.64010989011,0.241758241758,0.423076923077,0.409340659341,0.269230769231,0.277472527473,0.107142857143,0.0906593406593
2022-06-10,0.26510989011,0.809065934066,0.425824175824,0.483516483516,0.17032967033,0.222527472527,0.521978021978,0.159340659341,0.123626373626,0.574175824176,0.368131868132,0.368131868132,0.0521978021978,0.021978021978
2022-06-11,0.335164835165,0.56043956044,0.120879120879,0.222527472527,0.145604395604,0.118131868132,0.398351648352,0.115384615385,0.218406593407,0.675824175824,0.335164835165,0.351648351648,0.010989010989,0.00549450549451
2022-06-12,0.376373626374,0.559065934066,0.0851648351648,0.112637362637,0.118131868132,0.032967032967,0.340659340659,0.0604395604396,0.60989010989,0.837912087912,0.467032967033,0.447802197802,0.010989010989,0.00824175824176
2022-06-13,0.811813186813,0.215659340659,0.0302197802198,0.0274725274725,0,0,0.0247252747253,0,0.608516483516,0.989010989011,0.942307692308,0.826923076923,0.0274725274725,0.00549450549451
2022-06-14,0.81043956044,0.217032967033,0.00274725274725,0.00274725274725,0,0.00549450549451,0.0192307692308,0.00274725274725,0.608516483516,0.989010989011,0.93956043956,0.826923076923,0.0384615384615,0.00824175824176
2022-06-15,0.978021978022,0.218406593407,0.0247252747253,0.00549450549451,0.00549450549451,0.0274725274725,0.0412087912088,0.00824175824176,0.608516483516,0.964285714286,0.958791208791,0.832417582418,0.131868131868,0.0164835164835
2022-06-16,0.956043956044,0.21978021978,0.244505494505,0.0549450549451,0,0.021978021978,0,0.00274725274725,0.607142857143,0.989010989011,0.978021978022,0.903846153846,0.0851648351648,0
2022-06-17,0.668956043956,0.571428571429,0.0549450549451,0.0192307692308,0.00274725274725,0.0714285714286,0,0.00549450549451,0.605769230769,0.986263736264,0.972527472527,0.903846153846,0.0686813186813,0.00549450549451
2022-06-18,0.986263736264,0.221153846154,0.107142857143,0.0302197802198,0,0.0549450549451,0,0.0192307692308,0.604395604396,0.997252747253,0.980769230769,0.903846153846,0.0659340659341,0.00274725274725
2022-06-19,0.978021978022,0.222527472527,0.0906593406593,0.0274725274725,0.00824175824176,0.513736263736,0.00274725274725,0.0384615384615,0.277472527473,0.914835164835,0.980769230769,0.840659340659,0.0934065934066,0.0192307692308
2022-06-20,0.949175824176,0.223901098901,0.549450549451,0.208791208791,0.00824175824176,0.549450549451,0.00274725274725,0.0686813186813,0.276098901099,0.89010989011,0.978021978022,0.837912087912,0.156593406593,0.0384615384615
2022-06-21,0.896978021978,0.225274725275,0.549450549451,0.271978021978,0.0137362637363,0.582417582418,0.00824175824176,0.0796703296703,0.277472527473,0.777472527473,0.978021978022,0.821428571429,0.129120879121,0.0796703296703
2022-06-22,0.825549450549,0.226648351648,0.546703296703,0.326923076923,0.00274725274725,0.406593406593,0.00824175824176,0.043956043956,0.159340659341,0.807692307692,0.972527472527,0.802197802198,0.0879120879121,0.0412087912088
2022-06-23,0.747252747253,0.228021978022,0.368131868132,0.247252747253,0.0192307692308,0.711538461538,0.0164835164835,0.0604395604396,0.214285714286,0.478021978022,0.989010989011,0.843406593407,0.181318681319,0.0604395604396
2022-06-24,0.681318681319,0.229395604396,0.68956043956,0.497252747253,0.021978021978,0.739010989011,0.0192307692308,0.032967032967,0.212912087912,0.321428571429,0.989010989011,0.851648351648,0.357142857143,0.14010989011
2022-06-25,0.648351648352,0.230769230769,0.695054945055,0.549450549451,0.0247252747253,0.78021978022,0.0247252747253,0.0851648351648,0.212912087912,0.0618131868132,0.991758241758,0.892857142857,0.381868131868,0.17032967033
2022-06-26,0.605769230769,0.232142857143,0.728021978022,0.60989010989,0.0192307692308,0.675824175824,0.010989010989,0.0467032967033,0.157967032967,0.186813186813,0.980769230769,0.807692307692,0.395604395604,0.129120879121
2022-06-27,0.489010989011,0.233516483516,0.508241758242,0.483516483516,0.0192307692308,0.607142857143,0.010989010989,0.0961538461538,0.214285714286,0.247252747253,0.980769230769,0.813186813187,0.505494505495,0.175824175824
2022-06-28,0.487637362637,0.23489010989,0.354395604396,0.395604395604,0.0164835164835,0.494505494505,0.0164835164835,0.032967032967,0.0535714285714,0.307692307692,0.975274725275,0.813186813187,0.32967032967,0.148351648352
2022-06-29,0.486263736264,0.236263736264,0.195054945055,0.271978021978,0.010989010989,0.450549450549,0.0137362637363,0.0494505494505,0.0549450549451,0.332417582418,0.972527472527,0.807692307692,0.208791208791,0.101648351648
2022-06-30,0.486263736264,0.236263736264,0.184065934066,0.25,0.00549450549451,0.387362637363,0.021978021978,0.0357142857143,0.0288461538462,0.365384615385,0.96978021978,0.813186813187,0.277472527473,0.0631868131868
2022-07-01,0.854395604396,0.236263736264,0.409340659341,0.32967032967,0.00274725274725,0.18956043956,0.021978021978,0.0247252747253,0.0590659340659,0.461538461538,0.972527472527,0.813186813187,0.598901098901,0.107142857143
2022-07-02,0.824175824176,0.237637362637,0.21978021978,0.184065934066,0.00274725274725,0.195054945055,0.0494505494505,0.032967032967,0.0604395604396,0.464285714286,0.956043956044,0.774725274725,0.623626373626,0.112637362637
2022-07-03,0.789835164835,0.237637362637,0.271978021978,0.195054945055,0.010989010989,0.288461538462,0.21978021978,0.032967032967,0.0906593406593,0.431318681319,0.733516483516,0.357142857143,0.645604395604,0.142857142857
2022-07-04,0.745879120879,0.237637362637,0.398351648352,0.271978021978,0.0494505494505,0.601648351648,0.384615384615,0.0576923076923,0.00549450549451,0.0618131868132,0.766483516484,0.445054945055,0.659340659341,0.197802197802
2022-07-05,0.707417582418,0.237637362637,0.854395604396,0.684065934066,0.0494505494505,0.585164835165,0.321428571429,0.0659340659341,0.0123626373626,0.14010989011,0.763736263736,0.428571428571,0.607142857143,0.324175824176
2022-07-06,0.679945054945,0.237637362637,0.706043956044,0.645604395604,0.0631868131868,0.675824175824,0.601648351648,0.10989010989,0.0673076923077,0.0631868131868,0.513736263736,0.162087912088,0.840659340659,0.406593406593
2022-07-07,0.646978021978,0.237637362637,0.813186813187,0.744505494505,0.0659340659341,0.862637362637,0.717032967033,0.164835164835,0.603021978022,0.0645604395604,0.593406593407,0.21978021978,0.774725274725,0.365384615385
2022-07-08,0.196428571429,0.605769230769,0.947802197802,0.862637362637,0.0714285714286,0.835164835165,0.82967032967,0.145604395604,0.601648351648,0.142857142857,0.271978021978,0.104395604396,0.755494505495,0.315934065934
2022-07-09,0.604395604396,0.239010989011,0.793956043956,0.807692307692,0.0796703296703,0.813186813187,0.695054945055,0.0521978021978,0.600274725275,0.148351648352,0.0769230769231,0.0247252747253,0.629120879121,0.255494505495
2022-07-10,0.149725274725,0.60989010989,0.755494505495,0.796703296703,0.0659340659341,0.667582417582,0.607142857143,0.0357142857143,0.214285714286,0.35989010989,0.126373626374,0.0412087912088,0.596153846154,0.335164835165
2022-07-11,0.0260989010989,0.839285714286,0.376373626374,0.590659340659,0.0659340659341,0.447802197802,0.486263736264,0.0467032967033,0.0206043956044,0.563186813187,0.197802197802,0.0631868131868,0.57967032967,0.271978021978
2022-07-12,0.0370879120879,0.837912087912,0.0714285714286,0.252747252747,0.0549450549451,0.230769230769,0.497252747253,0.0247252747253,0.103021978022,0.67032967033,0.186813186813,0.0549450549451,0.604395604396,0.241758241758
2022-07-13,0.353021978022,0.605769230769,0.0357142857143,0.107142857143,0.0714285714286,0.527472527473,0.46978021978,0.0631868131868,0.104395604396,0.398351648352,0.151098901099,0.0467032967033,0.590659340659,0.346153846154
2022-07-14,0.0686813186813,0.837912087912,0.563186813187,0.510989010989,0.0741758241758,0.618131868132,0.505494505495,0.0796703296703,0.221153846154,0.28021978022,0.159340659341,0.0521978021978,0.574175824176,0.412087912088
2022-07-15,0.122252747253,0.837912087912,0.667582417582,0.648351648352,0.0769230769231,0.664835164835,0.505494505495,0.0961538461538,0.337912087912,0.186813186813,0.159340659341,0.0521978021978,0.607142857143,0.456043956044
2022-07-16,0.208791208791,0.837912087912,0.700549450549,0.692307692308,0.0879120879121,0.75,0.596153846154,0.0521978021978,0.282967032967,0.0659340659341,0.159340659341,0.0494505494505,0.903846153846,0.717032967033
2022-07-17,0.292582417582,0.837912087912,0.81043956044,0.769230769231,0.0769230769231,0.648351648352,0.585164835165,0.0467032967033,0.412087912088,0.263736263736,0.164835164835,0.0631868131868,0.884615384615,0.774725274725
2022-07-18,0.722527472527,0.605769230769,0.516483516484,0.615384615385,0.10989010989,0.945054945055,0.785714285714,0.18956043956,0.601648351648,0.0673076923077,0.39010989011,0.167582417582,0.997252747253,0.925824175824
2022-07-19,0.762362637363,0.237637362637,0.821428571429,0.82967032967,0.151098901099,0.997252747253,0.840659340659,0.255494505495,0.601648351648,0.0686813186813,0.434065934066,0.197802197802,0.989010989011,0.785714285714
2022-07-20,0.760989010989,0.239010989011,0.901098901099,0.887362637363,0.148351648352,0.989010989011,0.848901098901,0.302197802198,0.601648351648,0.195054945055,0.431318681319,0.192307692308,0.991758241758,0.881868131868
2022-07-21,0.715659340659,0.240384615385,0.722527472527,0.815934065934,0.142857142857,0.936813186813,0.89010989011,0.332417582418,0.600274725275,0.230769230769,0.332417582418,0.142857142857,0.994505494505,0.983516483516
2022-07-22,0.681318681319,0.241758241758,0.667582417582,0.78021978022,0.131868131868,0.81043956044,0.857142857143,0.381868131868,0.769230769231,0.401098901099,0.392857142857,0.164835164835,0.989010989011,0.980769230769
2022-07-23,0.679945054945,0.243131868132,0.502747252747,0.659340659341,0.123626373626,0.763736263736,0.82967032967,0.587912087912,0.767857142857,0.467032967033,0.409340659341,0.186813186813,0.994505494505,0.986263736264
2022-07-24,0.247252747253,0.619505494505,0.434065934066,0.612637362637,0.14010989011,0.769230769231,0.777472527473,0.607142857143,0.766483516484,0.42032967033,0.271978021978,0.123626373626,0.994505494505,0.989010989011
2022-07-25,0.245879120879,0.620879120879,0.5,0.629120879121,0.0989010989011,0.480769230769,0.695054945055,0.513736263736,0.837912087912,0.739010989011,0.510989010989,0.241758241758,0.972527472527,0.950549450549
2022-07-26,0.244505494505,0.622252747253,0.118131868132,0.260989010989,0.0989010989011,0.472527472527,0.631868131868,0.637362637363,0.836538461538,0.752747252747,0.486263736264,0.236263736264,0.958791208791,0.994505494505
2022-07-27,0.243131868132,0.622252747253,0.236263736264,0.315934065934,0.162087912088,0.815934065934,0.711538461538,0.739010989011,0.759615384615,0.357142857143,0.612637362637,0.277472527473,0.994505494505,1
2022-07-28,0.678571428571,0.244505494505,0.865384615385,0.782967032967,0.167582417582,0.947802197802,0.771978021978,0.835164835165,0.758241758242,0.145604395604,0.659340659341,0.304945054945,1,1
2022-07-29,0.677197802198,0.245879120879,0.947802197802,0.870879120879,0.164835164835,0.936813186813,0.769230769231,0.769230769231,0.756868131868,0.159340659341,0.662087912088,0.343406593407,0.997252747253,0.994505494505
2022-07-30,0.942307692308,0.247252747253,0.862637362637,0.840659340659,0.164835164835,0.909340659341,0.821428571429,0.760989010989,0.835164835165,0.225274725275,0.604395604396,0.302197802198,0.994505494505,0.989010989011
2022-07-31,0.923076923077,0.248626373626,0.645604395604,0.766483516484,0.164835164835,0.848901098901,0.85989010989,0.741758241758,0.799450549451,0.348901098901,0.53021978022,0.255494505495,1,0.994505494505
2022-08-01,0.901098901099,0.248626373626,0.434065934066,0.651098901099,0.164835164835,0.840659340659,0.901098901099,0.785714285714,0.853021978022,0.365384615385,0.450549450549,0.214285714286,0.997252747253,0.994505494505
2022-08-02,0.880494505495,0.248626373626,0.472527472527,0.629120879121,0.255494505495,0.785714285714,0.824175824176,0.700549450549,0.865384615385,0.450549450549,0.406593406593,0.184065934066,0.994505494505,0.980769230769
2022-08-03,0.0824175824176,0.853021978022,0.365384615385,0.541208791209,0.274725274725,0.755494505495,0.785714285714,0.68956043956,0.848901098901,0.521978021978,0.414835164835,0.186813186813,0.964285714286,0.923076923077
2022-08-04,0.406593406593,0.623626373626,0.307692307692,0.458791208791,0.291208791209,0.717032967033,0.747252747253,0.664835164835,0.825549450549,0.574175824176,0.423076923077,0.192307692308,0.947802197802,0.923076923077
2022-08-05,0.0673076923077,0.851648351648,0.288461538462,0.403846153846,0.387362637363,0.802197802198,0.769230769231,0.725274725275,0.879120879121,0.351648351648,0.43956043956,0.222527472527,0.903846153846,0.980769230769
2022-08-06,0.0686813186813,0.850274725275,0.620879120879,0.659340659341,0.43956043956,0.744505494505,0.78021978022,0.725274725275,0.862637362637,0.508241758242,0.431318681319,0.208791208791,0.895604395604,0.956043956044
2022-08-07,0.0892857142857,0.848901098901,0.42032967033,0.510989010989,0.450549450549,0.78021978022,0.631868131868,0.769230769231,0.846153846154,0.414835164835,0.192307692308,0.0714285714286,0.629120879121,0.967032967033
2022-08-08,0.120879120879,0.847527472527,0.596153846154,0.615384615385,0.483516483516,0.892857142857,0.598901098901,0.813186813187,0.847527472527,0.200549450549,0.137362637363,0.0384615384615,0.868131868132,0.997252747253
2022-08-09,0.603021978022,0.611263736264,0.807692307692,0.785714285714,0.450549450549,0.771978021978,0.538461538462,0.796703296703,0.864010989011,0.497252747253,0.181318681319,0.0631868131868,0.857142857143,0.997252747253
2022-08-10,0.651098901099,0.60989010989,0.379120879121,0.516483516484,0.502747252747,0.906593406593,0.645604395604,0.843406593407,0.846153846154,0.239010989011,0.230769230769,0.0824175824176,0.884615384615,1
2022-08-11,0.695054945055,0.608516483516,0.769230769231,0.78021978022,0.5,0.898351648352,0.708791208791,0.846153846154,0.847527472527,0.222527472527,0.217032967033,0.0851648351648,0.903846153846,1
2022-08-12,0.73489010989,0.236263736264,0.629120879121,0.717032967033,0.524725274725,0.945054945055,0.763736263736,0.857142857143,0.583791208791,0.0604395604396,0.21978021978,0.274725274725,0.906593406593,1
2022-08-13,0.696428571429,0.236263736264,0.807692307692,0.815934065934,0.527472527473,0.923076923077,0.755494505495,0.832417582418,0.585164835165,0.0618131868132,0.222527472527,0.28021978022,0.895604395604,0.997252747253
2022-08-14,0.697802197802,0.236263736264,0.728021978022,0.788461538462,0.524725274725,0.873626373626,0.862637362637,0.82967032967,0.793956043956,0.197802197802,0.0576923076923,0.101648351648,0.931318681319,0.994505494505
2022-08-15,0.652472527473,0.236263736264,0.576923076923,0.708791208791,0.513736263736,0.821428571429,0.854395604396,0.81043956044,0.887362637363,0.31043956044,0.0659340659341,0.241758241758,0.898351648352,0.980769230769
2022-08-16,0.914835164835,0.236263736264,0.475274725275,0.607142857143,0.491758241758,0.774725274725,0.67032967033,0.722527472527,0.906593406593,0.425824175824,0,0.00824175824176,0.796703296703,0.983516483516
2022-08-17,0.48489010989,0.607142857143,0.335164835165,0.494505494505,0.461538461538,0.673076923077,0.508241758242,0.706043956044,0.95467032967,0.64010989011,0,0.00824175824176,0.747252747253,0.986263736264
2022-08-18,0.418956043956,0.605769230769,0.153846153846,0.313186813187,0.456043956044,0.623626373626,0.502747252747,0.692307692308,0.888736263736,0.686813186813,0.00274725274725,0.021978021978,0.785714285714,0.989010989011
2022-08-19,0.0906593406593,0.846153846154,0.137362637363,0.255494505495,0.332417582418,0.0906593406593,0.258241758242,0.585164835165,0.586538461538,0.983516483516,0.260989010989,0.480769230769,0.725274725275,0.980769230769
2022-08-20,0.125,0.84478021978,0.00549450549451,0.00549450549451,0.354395604396,0.233516483516,0.351648351648,0.681318681319,0.587912087912,0.964285714286,0.263736263736,0.497252747253,0.620879120879,0.964285714286
2022-08-21,0.164835164835,0.843406593407,0.0549450549451,0.043956043956,0.368131868132,0.39010989011,0.398351648352,0.75,0.589285714286,0.906593406593,0.282967032967,0.519230769231,0.717032967033,0.983516483516
2022-08-22,0.211538461538,0.842032967033,0.239010989011,0.112637362637,0.368131868132,0.42032967033,0.409340659341,0.681318681319,0.590659340659,0.92032967033,0.277472527473,0.576923076923,0.700549450549,0.972527472527
2022-08-23,0.26510989011,0.840659340659,0.337912087912,0.175824175824,0.373626373626,0.489010989011,0.447802197802,0.651098901099,0.592032967033,0.89010989011,0.288461538462,0.582417582418,0.763736263736,0.953296703297
2022-08-24,0.299450549451,0.839285714286,0.464285714286,0.255494505495,0.365384615385,0.483516483516,0.450549450549,0.615384615385,0.402472527473,0.914835164835,0.285714285714,0.585164835165,0.760989010989,0.942307692308
2022-08-25,0.747252747253,0.592032967033,0.395604395604,0.255494505495,0.384615384615,0.541208791209,0.401098901099,0.607142857143,0.596153846154,0.854395604396,0.258241758242,0.516483516484,0.645604395604,0.862637362637
2022-08-26,0.789835164835,0.229395604396,0.541208791209,0.376373626374,0.285714285714,0.222527472527,0.266483516484,0.552197802198,0.597527472527,0.986263736264,0.43956043956,0.642857142857,0.535714285714,0.804945054945
2022-08-27,0.357142857143,0.593406593407,0.032967032967,0.0494505494505,0.263736263736,0.247252747253,0.230769230769,0.428571428571,0.598901098901,0.978021978022,0.42032967033,0.634615384615,0.538461538462,0.598901098901
2022-08-28,0.39010989011,0.593406593407,0.0384615384615,0.0412087912088,0.206043956044,0.195054945055,0.14010989011,0.35989010989,0.600274725275,0.978021978022,0.340659340659,0.574175824176,0.425824175824,0.700549450549
2022-08-29,0.828296703297,0.230769230769,0.010989010989,0.021978021978,0.326923076923,0.461538461538,0.252747252747,0.403846153846,0.333791208791,0.793956043956,0.46978021978,0.631868131868,0.615384615385,0.81043956044
2022-08-30,0.354395604396,0.59478021978,0.489010989011,0.241758241758,0.274725274725,0.299450549451,0.148351648352,0.387362637363,0.276098901099,0.728021978022,0.346153846154,0.56043956044,0.489010989011,0.758241758242
2022-08-31,0.355769230769,0.593406593407,0.271978021978,0.137362637363,0.315934065934,0.414835164835,0.164835164835,0.423076923077,0.277472527473,0.629120879121,0.392857142857,0.593406593407,0.453296703297,0.788461538462
2022-09-01,0.357142857143,0.592032967033,0.414835164835,0.293956043956,0.321428571429,0.46978021978,0.148351648352,0.447802197802,0.214285714286,0.299450549451,0.32967032967,0.538461538462,0.447802197802,0.788461538462
2022-09-02,0.358516483516,0.590659340659,0.557692307692,0.401098901099,0.293956043956,0.42032967033,0.131868131868,0.42032967033,0.215659340659,0.337912087912,0.315934065934,0.585164835165,0.412087912088,0.717032967033
2022-09-03,0.358516483516,0.590659340659,0.42032967033,0.35989010989,0.277472527473,0.392857142857,0.131868131868,0.508241758242,0.284340659341,0.39010989011,0.313186813187,0.582417582418,0.456043956044,0.813186813187
2022-09-04,0.832417582418,0.228021978022,0.384615384615,0.321428571429,0.335164835165,0.491758241758,0.162087912088,0.524725274725,0.100274725275,0.291208791209,0.343406593407,0.598901098901,0.510989010989,0.813186813187
2022-09-05,0.831043956044,0.229395604396,0.615384615385,0.472527472527,0.362637362637,0.409340659341,0.162087912088,0.392857142857,0.134615384615,0.351648351648,0.343406593407,0.651098901099,0.626373626374,0.799450549451
2022-09-06,0.789835164835,0.229395604396,0.458791208791,0.398351648352,0.241758241758,0.123626373626,0.118131868132,0.28021978022,0.425824175824,0.598901098901,0.478021978022,0.678571428571,0.67032967033,0.802197802198
2022-09-07,0.743131868132,0.230769230769,0.0549450549451,0.0686813186813,0.379120879121,0.266483516484,0.17032967033,0.32967032967,0.101648351648,0.373626373626,0.513736263736,0.714285714286,0.686813186813,0.826923076923
2022-09-08,0.961538461538,0.232142857143,0.428571428571,0.31043956044,0.434065934066,0.299450549451,0.442307692308,0.343406593407,0.138736263736,0.197802197802,0.0494505494505,0.228021978022,0.796703296703,0.843406593407
2022-09-09,0.649725274725,0.598901098901,0.508241758242,0.373626373626,0.645604395604,0.846153846154,0.648351648352,0.497252747253,0.177197802198,0.0618131868132,0.521978021978,0.60989010989,0.755494505495,0.71978021978
2022-09-10,0.200549450549,0.842032967033,0.991758241758,0.958791208791,0.813186813187,0.884615384615,0.631868131868,0.521978021978,0.630494505495,0.0631868131868,0.513736263736,0.620879120879,0.774725274725,0.835164835165
2022-09-11,0.199175824176,0.842032967033,0.989010989011,0.972527472527,0.821428571429,0.895604395604,0.662087912088,0.565934065934,0.630494505495,0.0645604395604,0.516483516484,0.662087912088,0.700549450549,0.782967032967
2022-09-12,0.0274725274725,0.967032967033,0.986263736264,0.978021978022,0.857142857143,0.93956043956,0.725274725275,0.612637362637,0.629120879121,0.0659340659341,0.543956043956,0.675824175824,0.483516483516,0.656593406593
2022-09-13,0.648351648352,0.600274725275,0.964285714286,0.989010989011,0.68956043956,0.450549450549,0.478021978022,0.453296703297,0.299450549451,0.755494505495,0.796703296703,0.815934065934,0.541208791209,0.681318681319
2022-09-14,0.646978021978,0.601648351648,0.134615384615,0.293956043956,0.697802197802,0.478021978022,0.464285714286,0.412087912088,0.365384615385,0.744505494505,0.791208791209,0.815934065934,0.612637362637,0.667582417582
2022-09-15,0.255494505495,0.842032967033,0.211538461538,0.373626373626,0.651098901099,0.266483516484,0.546703296703,0.401098901099,0.0384615384615,0.824175824176,0.736263736264,0.730769230769,0.521978021978,0.475274725275
2022-09-16,0.697802197802,0.600274725275,0.134615384615,0.200549450549,0.659340659341,0.313186813187,0.574175824176,0.395604395604,0.105769230769,0.799450549451,0.733516483516,0.78021978022,0.414835164835,0.434065934066
2022-09-17,0.696428571429,0.600274725275,0.258241758242,0.28021978022,0.692307692308,0.450549450549,0.681318681319,0.381868131868,0.236263736264,0.733516483516,0.725274725275,0.802197802198,0.516483516484,0.423076923077
2022-09-18,0.31456043956,0.600274725275,0.546703296703,0.489010989011,0.634615384615,0.192307692308,0.502747252747,0.373626373626,0.107142857143,0.840659340659,0.717032967033,0.771978021978,0.131868131868,0.35989010989
2022-09-19,0.348901098901,0.600274725275,0.129120879121,0.164835164835,0.642857142857,0.260989010989,0.565934065934,0.340659340659,0.148351648352,0.821428571429,0.711538461538,0.758241758242,0.186813186813,0.288461538462
2022-09-20,0.787087912088,0.233516483516,0.472527472527,0.403846153846,0.607142857143,0.126373626374,0.472527472527,0.285714285714,0.108516483516,0.909340659341,0.728021978022,0.774725274725,0.151098901099,0.222527472527
2022-09-21,0.739010989011,0.23489010989,0.173076923077,0.153846153846,0.576923076923,0.104395604396,0.414835164835,0.222527472527,0.317307692308,0.942307692308,0.75,0.774725274725,0.0467032967033,0.131868131868
2022-09-22,0.637362637363,0.236263736264,0.123626373626,0.0961538461538,0.637362637363,0.475274725275,0.538461538462,0.307692307692,0.10989010989,0.766483516484,0.788461538462,0.851648351648,0.0604395604396,0.137362637363
2022-09-23,0.635989010989,0.237637362637,0.662087912088,0.53021978022,0.631868131868,0.425824175824,0.538461538462,0.307692307692,0.0714285714286,0.782967032967,0.785714285714,0.906593406593,0.0796703296703,0.181318681319
2022-09-24,0.634615384615,0.239010989011,0.637362637363,0.53021978022,0.615384615385,0.291208791209,0.478021978022,0.274725274725,0.322802197802,0.835164835165,0.796703296703,0.912087912088,0.0906593406593,0.211538461538
2022-09-25,0.578296703297,0.240384615385,0.409340659341,0.39010989011,0.604395604396,0.269230769231,0.483516483516,0.291208791209,0.324175824176,0.851648351648,0.796703296703,0.967032967033,0.0302197802198,0.192307692308
2022-09-26,0.576923076923,0.241758241758,0.324175824176,0.346153846154,0.634615384615,0.458791208791,0.67032967033,0.381868131868,0.0728021978022,0.197802197802,0.755494505495,0.936813186813,0.0302197802198,0.217032967033
2022-09-27,0.190934065934,0.618131868132,0.700549450549,0.601648351648,0.631868131868,0.392857142857,0.574175824176,0.379120879121,0.200549450549,0.271978021978,0.75,0.928571428571,0.0192307692308,0.192307692308
2022-09-28,0.0288461538462,0.850274725275,0.414835164835,0.489010989011,0.651098901099,0.546703296703,0.620879120879,0.557692307692,0.116758241758,0.0673076923077,0.75,0.931318681319,0.0137362637363,0.239010989011
2022-09-29,0.633241758242,0.243131868132,0.656593406593,0.645604395604,0.662087912088,0.57967032967,0.395604395604,0.543956043956,0.20467032967,0.0686813186813,0.445054945055,0.587912087912,0.043956043956,0.332417582418
2022-09-30,0.631868131868,0.244505494505,0.708791208791,0.722527472527,0.653846153846,0.552197802198,0.340659340659,0.510989010989,0.163461538462,0.214285714286,0.423076923077,0.582417582418,0.0357142857143,0.313186813187
2022-10-01,0.630494505495,0.245879120879,0.582417582418,0.626373626374,0.64010989011,0.516483516484,0.302197802198,0.510989010989,0.118131868132,0.28021978022,0.42032967033,0.56043956044,0.0412087912088,0.252747252747
2022-10-02,0.629120879121,0.247252747253,0.524725274725,0.574175824176,0.626373626374,0.401098901099,0.211538461538,0.472527472527,0.211538461538,0.384615384615,0.307692307692,0.497252747253,0.0934065934066,0.18956043956
2022-10-03,0.630494505495,0.247252747253,0.304945054945,0.436813186813,0.673076923077,0.612637362637,0.541208791209,0.541208791209,0.269230769231,0.0686813186813,0.0247252747253,0.0796703296703,0.0741758241758,0.192307692308
2022-10-04,0.240384615385,0.622252747253,0.82967032967,0.760989010989,0.736263736264,0.766483516484,0.631868131868,0.587912087912,0.651098901099,0.0686813186813,0.0357142857143,0.120879120879,0.0247252747253,0.156593406593
2022-10-05,0.695054945055,0.247252747253,0.964285714286,0.901098901099,0.717032967033,0.71978021978,0.681318681319,0.656593406593,0.651098901099,0.236263736264,0.0302197802198,0.0989010989011,0.153846153846,0.285714285714
2022-10-06,0.693681318681,0.248626373626,0.862637362637,0.851648351648,0.708791208791,0.664835164835,0.642857142857,0.659340659341,0.472527472527,0.332417582418,0.032967032967,0.101648351648,0.28021978022,0.332417582418
2022-10-07,0.626373626374,0.25,0.637362637363,0.758241758242,0.667582417582,0.565934065934,0.535714285714,0.667582417582,0.473901098901,0.532967032967,0.0384615384615,0.104395604396,0.271978021978,0.406593406593
2022-10-08,0.512362637363,0.251373626374,0.271978021978,0.486263736264,0.659340659341,0.527472527473,0.60989010989,0.607142857143,0.409340659341,0.552197802198,0.021978021978,0.0769230769231,0.458791208791,0.233516483516
2022-10-09,0.510989010989,0.252747252747,0.181318681319,0.401098901099,0.664835164835,0.538461538462,0.587912087912,0.64010989011,0.65521978022,0.549450549451,0.021978021978,0.0934065934066,0.395604395604,0.230769230769
2022-10-10,0.509615384615,0.254120879121,0.296703296703,0.43956043956,0.634615384615,0.392857142857,0.67032967033,0.604395604396,0.478021978022,0.64010989011,0.010989010989,0.0357142857143,0.376373626374,0.195054945055
2022-10-11,0.0206043956044,0.848901098901,0.0741758241758,0.195054945055,0.629120879121,0.362637362637,0.717032967033,0.598901098901,0.818681318681,0.664835164835,0.00824175824176,0.0274725274725,0.510989010989,0.156593406593
2022-10-12,0.0412087912088,0.847527472527,0.14010989011,0.197802197802,0.64010989011,0.423076923077,0.576923076923,0.618131868132,0.410714285714,0.620879120879,0,0,0.478021978022,0.173076923077
2022-10-13,0,0.965659340659,0.31043956044,0.315934065934,0.653846153846,0.532967032967,0.64010989011,0.642857142857,0.270604395604,0.53021978022,0.00274725274725,0.00274725274725,0.381868131868,0.137362637363
2022-10-14,0.00686813186813,0.964285714286,0.755494505495,0.662087912088,0.642857142857,0.502747252747,0.675824175824,0.618131868132,0.48489010989,0.598901098901,0,0,0.401098901099,0.173076923077
2022-10-15,0.0274725274725,0.962912087912,0.450549450549,0.472527472527,0.631868131868,0.505494505495,0.681318681319,0.629120879121,0.486263736264,0.637362637363,0,0,0.401098901099,0.0961538461538
2022-10-16,0.285714285714,0.837912087912,0.340659340659,0.381868131868,0.653846153846,0.607142857143,0.629120879121,0.717032967033,0.271978021978,0.535714285714,0,0,0.42032967033,0.0906593406593
2022-10-17,0.339285714286,0.836538461538,0.648351648352,0.596153846154,0.697802197802,0.67032967033,0.714285714286,0.703296703297,0.417582417582,0.379120879121,0.00274725274725,0.00274725274725,0.431318681319,0.0631868131868
2022-10-18,0.381868131868,0.835164835165,0.865384615385,0.813186813187,0.662087912088,0.612637362637,0.596153846154,0.692307692308,0.273351648352,0.417582417582,0,0.0164835164835,0.450549450549,0.0521978021978
2022-10-19,0.160714285714,0.961538461538,0.574175824176,0.623626373626,0.64010989011,0.549450549451,0.557692307692,0.494505494505,0.351648351648,0.447802197802,0,0.0192307692308,0.450549450549,0.123626373626
2022-10-20,0.289835164835,0.608516483516,0.31043956044,0.417582417582,0.626373626374,0.519230769231,0.571428571429,0.458791208791,0.274725274725,0.431318681319,0,0.0192307692308,0.447802197802,0.107142857143
2022-10-21,0.315934065934,0.607142857143,0.304945054945,0.365384615385,0.651098901099,0.582417582418,0.593406593407,0.458791208791,0.501373626374,0.348901098901,0.00274725274725,0.0247252747253,0.513736263736,0.131868131868
2022-10-22,0.972527472527,0.243131868132,0.565934065934,0.538461538462,0.656593406593,0.593406593407,0.67032967033,0.428571428571,0.427197802198,0.31043956044,0,0.0164835164835,0.582417582418,0.260989010989
2022-10-23,0.942307692308,0.243131868132,0.637362637363,0.598901098901,0.714285714286,0.695054945055,0.615384615385,0.645604395604,0.505494505495,0.0618131868132,0,0.00549450549451,0.631868131868,0.266483516484
2022-10-24,0.553571428571,0.605769230769,0.947802197802,0.89010989011,0.675824175824,0.634615384615,0.486263736264,0.623626373626,0.276098901099,0.304945054945,0,0,0.642857142857,0.181318681319
2022-10-25,0.502747252747,0.604395604396,0.686813186813,0.714285714286,0.766483516484,0.807692307692,0.60989010989,0.730769230769,0.68543956044,0.0631868131868,0.00549450549451,0.021978021978,0.78021978022,0.464285714286
2022-10-26,0.504120879121,0.603021978022,0.947802197802,0.950549450549,0.843406593407,0.898351648352,0.796703296703,0.785714285714,0.686813186813,0.0645604395604,0.032967032967,0.0467032967033,0.846153846154,0.571428571429
2022-10-27,0.505494505495,0.603021978022,0.980769230769,0.997252747253,0.788461538462,0.81043956044,0.785714285714,0.71978021978,0.843406593407,0.475274725275,0.0384615384615,0.0494505494505,0.807692307692,0.516483516484
2022-10-28,0.895604395604,0.239010989011,0.739010989011,0.89010989011,0.826923076923,0.843406593407,0.843406593407,0.821428571429,0.688186813187,0.335164835165,0.043956043956,0.0549450549451,0.846153846154,0.684065934066
2022-10-29,0.858516483516,0.239010989011,0.854395604396,0.917582417582,0.854395604396,0.862637362637,0.857142857143,0.82967032967,0.847527472527,0.258241758242,0.0467032967033,0.0631868131868,0.895604395604,0.692307692308
2022-10-30,0.793956043956,0.239010989011,0.870879120879,0.928571428571,0.837912087912,0.804945054945,0.865384615385,0.85989010989,0.848901098901,0.395604395604,0.032967032967,0.0549450549451,0.895604395604,0.681318681319
2022-10-31,0.697802197802,0.239010989011,0.706043956044,0.870879120879,0.824175824176,0.774725274725,0.862637362637,0.873626373626,0.884615384615,0.486263736264,0.0384615384615,0.0576923076923,0.89010989011,0.777472527473
2022-11-01,0.699175824176,0.239010989011,0.557692307692,0.777472527473,0.824175824176,0.769230769231,0.854395604396,0.815934065934,0.885989010989,0.494505494505,0.0412087912088,0.0604395604396,0.887362637363,0.741758241758
2022-11-02,0.700549450549,0.239010989011,0.546703296703,0.758241758242,0.771978021978,0.675824175824,0.793956043956,0.78021978022,0.850274725275,0.684065934066,0.0576923076923,0.0796703296703,0.876373626374,0.667582417582
2022-11-03,0.629120879121,0.239010989011,0.17032967033,0.464285714286,0.782967032967,0.692307692308,0.821428571429,0.840659340659,0.851648351648,0.656593406593,0.0549450549451,0.0686813186813,0.848901098901,0.653846153846
2022-11-04,0.921703296703,0.239010989011,0.32967032967,0.532967032967,0.89010989011,0.870879120879,0.909340659341,0.906593406593,0.853021978022,0.197802197802,0.0714285714286,0.14010989011,0.914835164835,0.747252747253
2022-11-05,0.885989010989,0.239010989011,0.956043956044,0.936813186813,0.901098901099,0.898351648352,0.898351648352,0.879120879121,0.854395604396,0.14010989011,0.0714285714286,0.17032967033,0.862637362637,0.67032967033
2022-11-06,0.373626373626,0.601648351648,0.928571428571,0.931318681319,0.881868131868,0.81043956044,0.854395604396,0.870879120879,0.946428571429,0.442307692308,0.0769230769231,0.184065934066,0.821428571429,0.620879120879
2022-11-07,0.375,0.600274725275,0.538461538462,0.769230769231,0.837912087912,0.752747252747,0.843406593407,0.82967032967,0.947802197802,0.623626373626,0.0796703296703,0.197802197802,0.862637362637,0.686813186813
2022-11-08,0.376373626374,0.598901098901,0.288461538462,0.527472527473,0.585164835165,0.126373626374,0.538461538462,0.60989010989,0.68956043956,0.991758241758,0.431318681319,0.739010989011,0.730769230769,0.582417582418
2022-11-09,0.377747252747,0.597527472527,0.010989010989,0.0274725274725,0.35989010989,0.010989010989,0.173076923077,0.373626373626,0.68956043956,1,0.884615384615,0.997252747253,0.60989010989,0.497252747253
2022-11-10,0.379120879121,0.596153846154,0,0,0.5,0.123626373626,0.409340659341,0.543956043956,0.509615384615,0.961538461538,0.953296703297,1,0.788461538462,0.64010989011
2022-11-11,0.380494505495,0.59478021978,0.313186813187,0.118131868132,0.478021978022,0.0604395604396,0.324175824176,0.510989010989,0.693681318681,0.986263736264,0.953296703297,1,0.837912087912,0.739010989011
2022-11-12,0.381868131868,0.593406593407,0.260989010989,0.107142857143,0.46978021978,0.0549450549451,0.236263736264,0.431318681319,0.695054945055,0.991758241758,0.950549450549,1,0.741758241758,0.68956043956
2022-11-13,0.383241758242,0.592032967033,0.206043956044,0.0934065934066,0.447802197802,0.043956043956,0.195054945055,0.335164835165,0.696428571429,0.994505494505,0.950549450549,0.997252747253,0.758241758242,0.706043956044
2022-11-14,0.413461538462,0.590659340659,0.107142857143,0.0604395604396,0.5,0.0879120879121,0.156593406593,0.392857142857,0.510989010989,0.986263736264,0.942307692308,0.994505494505,0.615384615385,0.697802197802
2022-11-15,0.461538461538,0.226648351648,0.392857142857,0.192307692308,0.53021978022,0.206043956044,0.134615384615,0.42032967033,0.431318681319,0.953296703297,0.93956043956,0.991758241758,0.431318681319,0.645604395604
2022-11-16,0.129120879121,0.589285714286,0.585164835165,0.315934065934,0.552197802198,0.175824175824,0.148351648352,0.428571428571,0.358516483516,0.964285714286,0.936813186813,0.991758241758,0.412087912088,0.590659340659
2022-11-17,0.164835164835,0.587912087912,0.436813186813,0.277472527473,0.554945054945,0.233516483516,0.129120879121,0.453296703297,0.35989010989,0.953296703297,0.934065934066,0.991758241758,0.293956043956,0.582417582418
2022-11-18,0.575549450549,0.225274725275,0.532967032967,0.326923076923,0.557692307692,0.266483516484,0.118131868132,0.453296703297,0.361263736264,0.950549450549,0.931318681319,0.989010989011,0.233516483516,0.593406593407
2022-11-19,0.574175824176,0.225274725275,0.543956043956,0.357142857143,0.56043956044,0.277472527473,0.131868131868,0.475274725275,0.362637362637,0.873626373626,0.931318681319,0.991758241758,0.271978021978,0.618131868132
2022-11-20,0.210164835165,0.587912087912,0.590659340659,0.39010989011,0.521978021978,0.178571428571,0.115384615385,0.436813186813,0.523351648352,0.835164835165,0.931318681319,0.991758241758,0.18956043956,0.543956043956
2022-11-21,0.64010989011,0.223901098901,0.159340659341,0.173076923077,0.491758241758,0.0961538461538,0.0851648351648,0.392857142857,0.524725274725,0.453296703297,0.934065934066,0.994505494505,0.178571428571,0.535714285714
2022-11-22,0.638736263736,0.223901098901,0.0659340659341,0.0851648351648,0.524725274725,0.266483516484,0.129120879121,0.409340659341,0.167582417582,0.228021978022,0.93956043956,1,0.236263736264,0.585164835165
2022-11-23,0.637362637363,0.225274725275,0.557692307692,0.370879120879,0.557692307692,0.458791208791,0.17032967033,0.475274725275,0.021978021978,0.0645604395604,0.942307692308,1,0.277472527473,0.571428571429
2022-11-24,0.635989010989,0.226648351648,0.796703296703,0.651098901099,0.554945054945,0.456043956044,0.10989010989,0.483516483516,0.0233516483516,0.134615384615,0.914835164835,0.983516483516,0.239010989011,0.637362637363
2022-11-25,0.634615384615,0.228021978022,0.747252747253,0.645604395604,0.554945054945,0.409340659341,0.0961538461538,0.458791208791,0.0247252747253,0.162087912088,0.912087912088,0.983516483516,0.299450549451,0.607142857143
2022-11-26,0.559065934066,0.229395604396,0.684065934066,0.574175824176,0.554945054945,0.381868131868,0.120879120879,0.417582417582,0.0260989010989,0.181318681319,0.912087912088,0.983516483516,0.428571428571,0.618131868132
2022-11-27,0.505494505495,0.230769230769,0.494505494505,0.524725274725,0.549450549451,0.373626373626,0.129120879121,0.434065934066,0.0274725274725,0.200549450549,0.912087912088,0.986263736264,0.326923076923,0.612637362637
2022-11-28,0.901098901099,0.232142857143,0.395604395604,0.486263736264,0.521978021978,0.296703296703,0.304945054945,0.431318681319,0.0288461538462,0.318681318681,0.832417582418,0.947802197802,0.541208791209,0.615384615385
2022-11-29,0.881868131868,0.233516483516,0.236263736264,0.291208791209,0.557692307692,0.409340659341,0.763736263736,0.480769230769,0.00137362637363,0.0645604395604,0.315934065934,0.401098901099,0.725274725275,0.686813186813
2022-11-30,0.833791208791,0.23489010989,0.67032967033,0.604395604396,0.659340659341,0.708791208791,0.57967032967,0.546703296703,0.708791208791,0.0659340659341,0.0906593406593,0.0851648351648,0.604395604396,0.725274725275
2022-12-01,0.335164835165,0.608516483516,0.972527472527,0.931318681319,0.642857142857,0.659340659341,0.623626373626,0.524725274725,0.707417582418,0.258241758242,0.0851648351648,0.0576923076923,0.532967032967,0.68956043956
2022-12-02,0.799450549451,0.23489010989,0.851648351648,0.857142857143,0.656593406593,0.695054945055,0.722527472527,0.505494505495,0.706043956044,0.164835164835,0.0796703296703,0.0549450549451,0.585164835165,0.662087912088
2022-12-03,0.303571428571,0.607142857143,0.892857142857,0.884615384615,0.631868131868,0.634615384615,0.771978021978,0.510989010989,0.521978021978,0.304945054945,0.0686813186813,0.0412087912088,0.464285714286,0.587912087912
2022-12-04,0.304945054945,0.605769230769,0.607142857143,0.752747252747,0.662087912088,0.695054945055,0.75,0.43956043956,0.706043956044,0.142857142857,0.0686813186813,0.0412087912088,0.546703296703,0.527472527473
2022-12-05,0.306318681319,0.604395604396,0.848901098901,0.868131868132,0.637362637363,0.648351648352,0.662087912088,0.362637362637,0.523351648352,0.244505494505,0.0686813186813,0.0384615384615,0.554945054945,0.480769230769
2022-12-06,0.760989010989,0.230769230769,0.527472527473,0.728021978022,0.653846153846,0.68956043956,0.739010989011,0.417582417582,0.524725274725,0.151098901099,0.0686813186813,0.0384615384615,0.60989010989,0.494505494505
2022-12-07,0.277472527473,0.603021978022,0.736263736264,0.807692307692,0.607142857143,0.618131868132,0.686813186813,0.368131868132,0.708791208791,0.335164835165,0.0741758241758,0.043956043956,0.607142857143,0.453296703297
2022-12-08,0.759615384615,0.229395604396,0.354395604396,0.554945054945,0.673076923077,0.722527472527,0.755494505495,0.395604395604,0.708791208791,0.0673076923077,0.0851648351648,0.0604395604396,0.631868131868,0.428571428571
2022-12-09,0.758241758242,0.229395604396,0.892857142857,0.873626373626,0.662087912088,0.695054945055,0.736263736264,0.395604395604,0.526098901099,0.206043956044,0.0906593406593,0.0631868131868,0.590659340659,0.436813186813
2022-12-10,0.96978021978,0.230769230769,0.739010989011,0.791208791209,0.659340659341,0.692307692308,0.815934065934,0.401098901099,0.527472527473,0.211538461538,0.0714285714286,0.0357142857143,0.711538461538,0.450549450549
2022-12-11,0.629120879121,0.604395604396,0.68956043956,0.774725274725,0.785714285714,0.667582417582,0.870879120879,0.392857142857,0.368131868132,0.277472527473,0.032967032967,0.00274725274725,0.711538461538,0.442307692308
2022-12-12,0.237637362637,0.840659340659,0.478021978022,0.700549450549,0.802197802198,0.714285714286,0.837912087912,0.447802197802,0.526098901099,0.0686813186813,0.010989010989,0.00274725274725,0.717032967033,0.494505494505
2022-12-13,0.0467032967033,0.960164835165,0.804945054945,0.813186813187,0.870879120879,0.832417582418,0.854395604396,0.513736263736,0.710164835165,0.0700549450549,0.0302197802198,0.00549450549451,0.700549450549,0.494505494505
2022-12-14,0.0549450549451,0.958791208791,0.980769230769,0.986263736264,0.873626373626,0.82967032967,0.854395604396,0.406593406593,0.708791208791,0.0714285714286,0.0302197802198,0.00549450549451,0.596153846154,0.42032967033
2022-12-15,0.0631868131868,0.957417582418,0.903846153846,0.956043956044,0.813186813187,0.706043956044,0.802197802198,0.335164835165,0.707417582418,0.549450549451,0.0741758241758,0.0274725274725,0.582417582418,0.434065934066
2022-12-16,0.00824175824176,0.991758241758,0.368131868132,0.648351648352,0.697802197802,0.409340659341,0.673076923077,0.299450549451,0.706043956044,0.774725274725,0.120879120879,0.0906593406593,0.357142857143,0.412087912088
2022-12-17,0.0233516483516,0.990384615385,0.0521978021978,0.101648351648,0.71978021978,0.505494505495,0.703296703297,0.332417582418,0.70467032967,0.730769230769,0.129120879121,0.0961538461538,0.425824175824,0.401098901099
2022-12-18,0.0535714285714,0.989010989011,0.164835164835,0.208791208791,0.711538461538,0.489010989011,0.739010989011,0.576923076923,0.703296703297,0.730769230769,0.118131868132,0.0851648351648,0.464285714286,0.508241758242
2022-12-19,0.0796703296703,0.987637362637,0.192307692308,0.208791208791,0.659340659341,0.32967032967,0.601648351648,0.788461538462,0.701923076923,0.807692307692,0.131868131868,0.0961538461538,0.368131868132,0.557692307692
2022-12-20,0.163461538462,0.945054945055,0.0576923076923,0.0879120879121,0.736263736264,0.590659340659,0.546703296703,0.675824175824,0.42032967033,0.662087912088,0.0934065934066,0.0412087912088,0.335164835165,0.486263736264
2022-12-21,0.288461538462,0.818681318681,0.659340659341,0.532967032967,0.722527472527,0.56043956044,0.565934065934,0.71978021978,0.418956043956,0.695054945055,0.0906593406593,0.0412087912088,0.365384615385,0.43956043956
2022-12-22,0.358516483516,0.583791208791,0.557692307692,0.480769230769,0.71978021978,0.565934065934,0.541208791209,0.747252747253,0.417582417582,0.695054945055,0.0906593406593,0.0412087912088,0.337912087912,0.478021978022
2022-12-23,0.395604395604,0.585164835165,0.598901098901,0.513736263736,0.711538461538,0.554945054945,0.568681318681,0.782967032967,0.508241758242,0.711538461538,0.0879120879121,0.0384615384615,0.527472527473,0.489010989011
2022-12-24,0.425824175824,0.586538461538,0.458791208791,0.461538461538,0.725274725275,0.598901098901,0.541208791209,0.755494505495,0.509615384615,0.67032967033,0.0824175824176,0.0384615384615,0.409340659341,0.483516483516
2022-12-25,0.468406593407,0.223901098901,0.618131868132,0.552197802198,0.722527472527,0.601648351648,0.568681318681,0.725274725275,0.508241758242,0.67032967033,0.0824175824176,0.0467032967033,0.43956043956,0.5
2022-12-26,0.467032967033,0.225274725275,0.634615384615,0.554945054945,0.744505494505,0.626373626374,0.565934065934,0.760989010989,0.70467032967,0.618131868132,0.0824175824176,0.0494505494505,0.442307692308,0.543956043956
2022-12-27,0.465659340659,0.226648351648,0.796703296703,0.717032967033,0.684065934066,0.541208791209,0.574175824176,0.739010989011,0.416208791209,0.71978021978,0.0769230769231,0.043956043956,0.543956043956,0.554945054945
2022-12-28,0.464285714286,0.228021978022,0.241758241758,0.340659340659,0.651098901099,0.464285714286,0.467032967033,0.711538461538,0.70467032967,0.57967032967,0.0714285714286,0.021978021978,0.392857142857,0.538461538462
2022-12-29,0.462912087912,0.229395604396,0.0961538461538,0.151098901099,0.67032967033,0.508241758242,0.502747252747,0.71978021978,0.703296703297,0.376373626374,0.0741758241758,0.0302197802198,0.458791208791,0.538461538462
2022-12-30,0.464285714286,0.230769230769,0.346153846154,0.326923076923,0.653846153846,0.513736263736,0.497252747253,0.769230769231,0.504120879121,0.412087912088,0.0741758241758,0.0302197802198,0.442307692308,0.598901098901
2022-12-31,0.465659340659,0.232142857143,0.458791208791,0.387362637363,0.642857142857,0.497252747253,0.489010989011,0.818681318681,0.502747252747,0.453296703297,0.0796703296703,0.0357142857143,0.450549450549,0.604395604396
2023-01-01,0.467032967033,0.232142857143,0.326923076923,0.266483516484,0.656593406593,0.554945054945,0.480769230769,0.769230769231,0.325549450549,0.35989010989,0.0714285714286,0.021978021978,0.423076923077,0.596153846154
2023-01-02,0.468406593407,0.232142857143,0.675824175824,0.5,0.675824175824,0.587912087912,0.417582417582,0.730769230769,0.324175824176,0.302197802198,0.00824175824176,0.00274725274725,0.46978021978,0.574175824176
2023-01-03,0.891483516484,0.232142857143,0.71978021978,0.626373626374,0.675824175824,0.593406593407,0.412087912088,0.733516483516,0.322802197802,0.302197802198,0.00824175824176,0.00549450549451,0.549450549451,0.56043956044
2023-01-04,0.993131868132,0.233516483516,0.667582417582,0.623626373626,0.728021978022,0.645604395604,0.502747252747,0.758241758242,0.403846153846,0.0700549450549,0.00274725274725,0.00274725274725,0.653846153846,0.598901098901
2023-01-05,1,0.23489010989,0.898351648352,0.846153846154,0.714285714286,0.634615384615,0.678571428571,0.766483516484,0.236263736264,0.167582417582,0,0,0.75,0.568681318681
2023-01-06,0.997252747253,0.236263736264,0.81043956044,0.813186813187,0.758241758242,0.686813186813,0.667582417582,0.78021978022,0.70467032967,0.0714285714286,0,0,0.747252747253,0.618131868132
2023-01-07,0.990384615385,0.237637362637,0.917582417582,0.898351648352,0.755494505495,0.67032967033,0.678571428571,0.81043956044,0.70467032967,0.164835164835,0,0.00549450549451,0.736263736264,0.626373626374
2023-01-08,0.972527472527,0.239010989011,0.870879120879,0.881868131868,0.782967032967,0.725274725275,0.791208791209,0.793956043956,0.70467032967,0.0728021978022,0,0.010989010989,0.75,0.574175824176
2023-01-09,0.934065934066,0.240384615385,0.942307692308,0.961538461538,0.791208791209,0.71978021978,0.68956043956,0.711538461538,0.70467032967,0.0741758241758,0,0.00824175824176,0.771978021978,0.574175824176
2023-01-10,0.875,0.241758241758,0.870879120879,0.914835164835,0.815934065934,0.755494505495,0.766483516484,0.769230769231,0.70467032967,0.0755494505495,0.00274725274725,0.0192307692308,0.755494505495,0.571428571429
2023-01-11,0.971153846154,0.243131868132,0.975274725275,0.997252747253,0.892857142857,0.791208791209,0.837912087912,0.821428571429,0.703296703297,0.0769230769231,0.00824175824176,0.129120879121,0.78021978022,0.57967032967
2023-01-12,0.561813186813,0.625,0.997252747253,1,0.950549450549,0.862637362637,0.914835164835,0.925824175824,0.701923076923,0.0782967032967,0.021978021978,0.428571428571,0.667582417582,0.582417582418
2023-01-13,0.447802197802,0.625,1,1,0.972527472527,0.909340659341,0.96978021978,0.953296703297,0.700549450549,0.0796703296703,0.142857142857,0.549450549451,0.576923076923,0.483516483516
2023-01-14,0.392857142857,0.625,1,1,0.991758241758,0.92032967033,1,0.983516483516,0.699175824176,0.081043956044,0.206043956044,0.675824175824,0.629120879121,0.535714285714
2023-01-15,0.394230769231,0.625,0.997252747253,0.997252747253,0.983516483516,0.807692307692,0.997252747253,0.980769230769,0.697802197802,0.269230769231,0.211538461538,0.692307692308,0.645604395604,0.541208791209
2023-01-16,0.0837912087912,0.854395604396,0.983516483516,0.994505494505,1,0.793956043956,1,0.997252747253,0.869505494505,0.208791208791,0.184065934066,0.634615384615,0.648351648352,0.56043956044
2023-01-17,0.105769230769,0.853021978022,0.942307692308,0.986263736264,0.994505494505,0.739010989011,1,0.978021978022,0.909340659341,0.302197802198,0.181318681319,0.607142857143,0.659340659341,0.53021978022
2023-01-18,0.134615384615,0.851648351648,0.876373626374,0.980769230769,0.96978021978,0.598901098901,0.991758241758,0.964285714286,0.907967032967,0.659340659341,0.222527472527,0.68956043956,0.587912087912,0.516483516484
2023-01-19,0.182692307692,0.850274725275,0.480769230769,0.876373626374,0.991758241758,0.703296703297,0.997252747253,0.978021978022,0.960164835165,0.601648351648,0.21978021978,0.692307692308,0.601648351648,0.524725274725
2023-01-20,0.230769230769,0.850274725275,0.758241758242,0.934065934066,1,0.912087912088,1,1,0.978021978022,0.365384615385,0.274725274725,0.747252747253,0.57967032967,0.505494505495
2023-01-21,0.0549450549451,0.850274725275,0.983516483516,0.986263736264,0.998626373626,0.854395604396,1,0.997252747253,0.976648351648,0.362637362637,0.274725274725,0.771978021978,0.475274725275,0.434065934066
2023-01-22,0.0700549450549,0.850274725275,0.914835164835,0.972527472527,0.994505494505,0.793956043956,0.994505494505,0.994505494505,0.989010989011,0.423076923077,0.291208791209,0.81043956044,0.43956043956,0.43956043956
2023-01-23,0.104395604396,0.850274725275,0.868131868132,0.956043956044,0.997252747253,0.793956043956,1,0.994505494505,0.995879120879,0.387362637363,0.277472527473,0.782967032967,0.376373626374,0.442307692308
2023-01-24,0.179945054945,0.850274725275,0.89010989011,0.958791208791,0.978021978022,0.725274725275,0.989010989011,0.994505494505,0.98489010989,0.604395604396,0.318681318681,0.848901098901,0.18956043956,0.384615384615
2023-01-25,0.260989010989,0.618131868132,0.612637362637,0.862637362637,0.995879120879,0.785714285714,0.991758241758,1,0.998626373626,0.557692307692,0.304945054945,0.821428571429,0.233516483516,0.524725274725
2023-01-26,0.291208791209,0.619505494505,0.821428571429,0.925824175824,0.989010989011,0.758241758242,0.986263736264,0.997252747253,0.997252747253,0.598901098901,0.321428571429,0.832417582418,0.195054945055,0.489010989011
2023-01-27,0.331043956044,0.620879120879,0.744505494505,0.868131868132,0.994505494505,0.755494505495,0.986263736264,0.997252747253,1,0.590659340659,0.313186813187,0.851648351648,0.192307692308,0.475274725275
2023-01-28,0.372252747253,0.620879120879,0.68956043956,0.840659340659,0.983516483516,0.714285714286,0.980769230769,1,1,0.596153846154,0.32967032967,0.865384615385,0.137362637363,0.412087912088
2023-01-29,0.406593406593,0.619505494505,0.653846153846,0.81043956044,0.993131868132,0.807692307692,1,1,0.990384615385,0.453296703297,0.335164835165,0.898351648352,0.123626373626,0.414835164835
2023-01-30,0.462912087912,0.239010989011,0.901098901099,0.928571428571,0.934065934066,0.571428571429,0.972527472527,0.986263736264,1,0.826923076923,0.409340659341,0.936813186813,0.112637362637,0.379120879121
2023-01-31,0.462912087912,0.239010989011,0.291208791209,0.582417582418,0.93956043956,0.659340659341,0.96978021978,0.989010989011,1,0.755494505495,0.403846153846,0.925824175824,0.0989010989011,0.373626373626
2023-02-01,0.462912087912,0.239010989011,0.563186813187,0.700549450549,0.983516483516,0.796703296703,0.958791208791,1,0.997252747253,0.692307692308,0.362637362637,0.906593406593,0.184065934066,0.379120879121
2023-02-02,0.462912087912,0.239010989011,0.85989010989,0.854395604396,0.964285714286,0.744505494505,0.912087912088,0.991758241758,0.995879120879,0.763736263736,0.32967032967,0.785714285714,0.313186813187,0.428571428571
2023-02-03,0.105769230769,0.618131868132,0.648351648352,0.744505494505,0.953296703297,0.725274725275,0.851648351648,0.989010989011,0.991758241758,0.777472527473,0.255494505495,0.659340659341,0.302197802198,0.480769230769
2023-02-04,0.137362637363,0.616758241758,0.563186813187,0.695054945055,0.945054945055,0.684065934066,0.848901098901,0.983516483516,0.990384615385,0.793956043956,0.258241758242,0.659340659341,0.307692307692,0.491758241758
2023-02-05,0.576923076923,0.236263736264,0.434065934066,0.648351648352,0.923076923077,0.576923076923,0.802197802198,0.975274725275,0.972527472527,0.898351648352,0.266483516484,0.667582417582,0.263736263736,0.467032967033
2023-02-06,0.575549450549,0.236263736264,0.151098901099,0.365384615385,0.912087912088,0.541208791209,0.793956043956,0.978021978022,0.934065934066,0.909340659341,0.271978021978,0.67032967033,0.277472527473,0.497252747253
2023-02-07,0.914835164835,0.236263736264,0.129120879121,0.263736263736,0.934065934066,0.667582417582,0.85989010989,0.991758241758,0.983516483516,0.826923076923,0.260989010989,0.659340659341,0.436813186813,0.521978021978
2023-02-08,0.521978021978,0.615384615385,0.684065934066,0.667582417582,0.92032967033,0.596153846154,0.81043956044,0.980769230769,0.958791208791,0.903846153846,0.266483516484,0.659340659341,0.384615384615,0.516483516484
2023-02-09,0.523351648352,0.614010989011,0.370879120879,0.453296703297,0.898351648352,0.211538461538,0.387362637363,0.953296703297,0.64010989011,0.997252747253,0.222527472527,0.483516483516,0.335164835165,0.467032967033
2023-02-10,0.524725274725,0.612637362637,0.021978021978,0.0521978021978,0.89010989011,0.18956043956,0.362637362637,0.947802197802,0.64010989011,0.997252747253,0.21978021978,0.480769230769,0.425824175824,0.417582417582
2023-02-11,0.526098901099,0.611263736264,0.0467032967033,0.0549450549451,0.898351648352,0.318681318681,0.392857142857,0.950549450549,0.641483516484,0.991758241758,0.233516483516,0.502747252747,0.436813186813,0.412087912088
2023-02-12,0.527472527473,0.611263736264,0.228021978022,0.131868131868,0.892857142857,0.343406593407,0.370879120879,0.947802197802,0.445054945055,0.923076923077,0.230769230769,0.497252747253,0.42032967033,0.354395604396
2023-02-13,0.885989010989,0.230769230769,0.247252747253,0.145604395604,0.89010989011,0.406593406593,0.395604395604,0.93956043956,0.446428571429,0.925824175824,0.21978021978,0.505494505495,0.565934065934,0.304945054945
2023-02-14,0.843406593407,0.230769230769,0.343406593407,0.197802197802,0.898351648352,0.565934065934,0.398351648352,0.953296703297,0.648351648352,0.846153846154,0.222527472527,0.538461538462,0.546703296703,0.332417582418
2023-02-15,0.0631868131868,0.853021978022,0.785714285714,0.585164835165,0.991758241758,0.972527472527,0.763736263736,1,0.961538461538,0.285714285714,0.472527472527,0.843406593407,0.491758241758,0.28021978022
2023-02-16,0.381868131868,0.607142857143,0.994505494505,0.978021978022,0.914835164835,0.870879120879,0.634615384615,0.980769230769,0.968406593407,0.585164835165,0.5,0.870879120879,0.574175824176,0.31043956044
2023-02-17,0.418956043956,0.605769230769,0.686813186813,0.774725274725,0.990384615385,0.983516483516,0.785714285714,0.997252747253,0.957417582418,0.296703296703,0.568681318681,0.903846153846,0.582417582418,0.277472527473
2023-02-18,0.0865384615385,0.851648351648,0.868131868132,0.887362637363,0.989010989011,0.978021978022,0.711538461538,0.994505494505,0.949175824176,0.28021978022,0.541208791209,0.887362637363,0.510989010989,0.214285714286
2023-02-19,0.475274725275,0.601648351648,0.85989010989,0.881868131868,0.93956043956,0.928571428571,0.777472527473,0.975274725275,0.934065934066,0.453296703297,0.486263736264,0.81043956044,0.582417582418,0.244505494505
2023-02-20,0.887362637363,0.225274725275,0.631868131868,0.777472527473,0.987637362637,0.950549450549,0.804945054945,0.967032967033,0.947802197802,0.307692307692,0.491758241758,0.818681318681,0.538461538462,0.192307692308
2023-02-21,0.0879120879121,0.851648351648,0.793956043956,0.854395604396,0.934065934066,0.868131868132,0.667582417582,0.92032967033,0.946428571429,0.475274725275,0.491758241758,0.796703296703,0.425824175824,0.241758241758
2023-02-22,0.112637362637,0.851648351648,0.535714285714,0.736263736264,0.906593406593,0.807692307692,0.667582417582,0.876373626374,0.945054945055,0.585164835165,0.494505494505,0.774725274725,0.348901098901,0.313186813187
2023-02-23,0.18956043956,0.851648351648,0.434065934066,0.637362637363,0.89010989011,0.747252747253,0.637362637363,0.826923076923,0.924450549451,0.64010989011,0.497252747253,0.774725274725,0.343406593407,0.31043956044
2023-02-24,0.269230769231,0.851648351648,0.335164835165,0.532967032967,0.870879120879,0.535714285714,0.513736263736,0.802197802198,0.879120879121,0.791208791209,0.538461538462,0.807692307692,0.337912087912,0.31043956044
2023-02-25,0.267857142857,0.851648351648,0.101648351648,0.206043956044,0.868131868132,0.53021978022,0.585164835165,0.777472527473,0.853021978022,0.796703296703,0.519230769231,0.793956043956,0.335164835165,0.293956043956
2023-02-26,0.300824175824,0.851648351648,0.175824175824,0.241758241758,0.876373626374,0.645604395604,0.697802197802,0.807692307692,0.851648351648,0.725274725275,0.53021978022,0.815934065934,0.442307692308,0.32967032967
2023-02-27,0.340659340659,0.851648351648,0.571428571429,0.497252747253,0.873626373626,0.623626373626,0.593406593407,0.824175824176,0.788461538462,0.736263736264,0.513736263736,0.769230769231,0.318681318681,0.348901098901
2023-02-28,0.339285714286,0.853021978022,0.546703296703,0.480769230769,0.85989010989,0.53021978022,0.565934065934,0.774725274725,0.787087912088,0.813186813187,0.516483516484,0.755494505495,0.307692307692,0.32967032967
2023-03-01,0.842032967033,0.604395604396,0.282967032967,0.326923076923,0.876373626374,0.67032967033,0.824175824176,0.673076923077,0.785714285714,0.667582417582,0.458791208791,0.645604395604,0.519230769231,0.39010989011
2023-03-02,0.983516483516,0.226648351648,0.653846153846,0.590659340659,0.868131868132,0.618131868132,0.824175824176,0.648351648352,0.623626373626,0.714285714286,0.458791208791,0.645604395604,0.557692307692,0.480769230769
2023-03-03,0.803571428571,0.604395604396,0.554945054945,0.527472527473,0.826923076923,0.277472527473,0.629120879121,0.535714285714,0.850274725275,0.887362637363,0.519230769231,0.673076923077,0.527472527473,0.456043956044
2023-03-04,0.76510989011,0.604395604396,0.0769230769231,0.0989010989011,0.824175824176,0.313186813187,0.645604395604,0.521978021978,0.824175824176,0.873626373626,0.519230769231,0.673076923077,0.57967032967,0.494505494505
2023-03-05,0.722527472527,0.603021978022,0.118131868132,0.118131868132,0.82967032967,0.392857142857,0.659340659341,0.557692307692,0.778846153846,0.857142857143,0.521978021978,0.675824175824,0.582417582418,0.552197802198
2023-03-06,0.228021978022,0.853021978022,0.208791208791,0.164835164835,0.826923076923,0.401098901099,0.563186813187,0.513736263736,0.615384615385,0.796703296703,0.516483516484,0.667582417582,0.519230769231,0.535714285714
2023-03-07,0.938186813187,0.223901098901,0.288461538462,0.186813186813,0.815934065934,0.324175824176,0.274725274725,0.510989010989,0.614010989011,0.777472527473,0.25,0.401098901099,0.634615384615,0.546703296703
2023-03-08,0.991758241758,0.225274725275,0.162087912088,0.129120879121,0.793956043956,0.241758241758,0.291208791209,0.464285714286,0.612637362637,0.818681318681,0.241758241758,0.362637362637,0.601648351648,0.571428571429
2023-03-09,0.972527472527,0.226648351648,0.0521978021978,0.0576923076923,0.667582417582,0.0714285714286,0.162087912088,0.39010989011,0.612637362637,0.912087912088,0.258241758242,0.357142857143,0.645604395604,0.620879120879
2023-03-10,0.942307692308,0.228021978022,0.00549450549451,0.00824175824176,0.648351648352,0.107142857143,0.145604395604,0.307692307692,0.611263736264,0.917582417582,0.258241758242,0.351648351648,0.673076923077,0.576923076923
2023-03-11,0.910714285714,0.229395604396,0.0274725274725,0.010989010989,0.675824175824,0.28021978022,0.186813186813,0.414835164835,0.60989010989,0.848901098901,0.271978021978,0.384615384615,0.697802197802,0.656593406593
2023-03-12,0.892857142857,0.230769230769,0.291208791209,0.0989010989011,0.802197802198,0.815934065934,0.241758241758,0.5,0.164835164835,0.478021978022,0.456043956044,0.519230769231,0.714285714286,0.653846153846
2023-03-13,0.412087912088,0.611263736264,0.917582417582,0.758241758242,0.901098901099,0.997252747253,0.467032967033,0.634615384615,0.417582417582,0.0714285714286,0.725274725275,0.684065934066,0.626373626374,0.524725274725
2023-03-14,0.0714285714286,0.854395604396,0.958791208791,0.945054945055,0.956043956044,1,0.620879120879,0.711538461538,0.60989010989,0.0728021978022,0.728021978022,0.714285714286,0.587912087912,0.467032967033
2023-03-15,0.00961538461538,0.968406593407,0.898351648352,0.912087912088,0.909340659341,0.991758241758,0.607142857143,0.678571428571,0.777472527473,0.326923076923,0.730769230769,0.769230769231,0.42032967033,0.357142857143
2023-03-16,0.0755494505495,0.850274725275,0.785714285714,0.846153846154,0.986263736264,0.997252747253,0.807692307692,0.758241758242,0.607142857143,0.0741758241758,0.728021978022,0.725274725275,0.282967032967,0.31043956044
2023-03-17,0.0178571428571,0.967032967033,0.898351648352,0.912087912088,0.98489010989,1,0.923076923077,0.862637362637,0.607142857143,0.0755494505495,0.81043956044,0.873626373626,0.222527472527,0.269230769231
2023-03-18,0.0357142857143,0.965659340659,0.961538461538,0.975274725275,0.917582417582,0.997252747253,0.895604395604,0.854395604396,0.605769230769,0.348901098901,0.815934065934,0.873626373626,0.211538461538,0.274725274725
2023-03-19,0.0645604395604,0.964285714286,0.876373626374,0.934065934066,0.983516483516,0.989010989011,0.928571428571,0.862637362637,0.776098901099,0.173076923077,0.835164835165,0.879120879121,0.164835164835,0.18956043956
2023-03-20,0.103021978022,0.962912087912,0.92032967033,0.953296703297,0.942307692308,0.964285714286,0.934065934066,0.868131868132,0.776098901099,0.282967032967,0.818681318681,0.873626373626,0.131868131868,0.159340659341
2023-03-21,0.589285714286,0.837912087912,0.782967032967,0.873626373626,0.982142857143,0.936813186813,0.923076923077,0.914835164835,0.822802197802,0.197802197802,0.813186813187,0.906593406593,0.151098901099,0.244505494505
2023-03-22,0.270604395604,0.836538461538,0.813186813187,0.898351648352,0.876373626374,0.793956043956,0.89010989011,0.903846153846,0.773351648352,0.524725274725,0.840659340659,0.914835164835,0.145604395604,0.252747252747
2023-03-23,0.348901098901,0.589285714286,0.458791208791,0.717032967033,0.980769230769,0.909340659341,0.958791208791,0.917582417582,0.902472527473,0.348901098901,0.799450549451,0.862637362637,0.164835164835,0.263736263736
2023-03-24,0.396978021978,0.587912087912,0.736263736264,0.813186813187,0.873626373626,0.766483516484,0.942307692308,0.901098901099,0.901098901099,0.593406593407,0.821428571429,0.89010989011,0.153846153846,0.28021978022
2023-03-25,0.395604395604,0.589285714286,0.387362637363,0.675824175824,0.873626373626,0.758241758242,0.93956043956,0.901098901099,0.899725274725,0.590659340659,0.826923076923,0.892857142857,0.156593406593,0.285714285714
2023-03-26,0.436813186813,0.589285714286,0.428571428571,0.673076923077,0.928571428571,0.843406593407,0.953296703297,0.892857142857,0.840659340659,0.513736263736,0.815934065934,0.887362637363,0.153846153846,0.252747252747
2023-03-27,0.868131868132,0.221153846154,0.692307692308,0.758241758242,0.843406593407,0.664835164835,0.936813186813,0.782967032967,0.898351648352,0.695054945055,0.840659340659,0.901098901099,0.126373626374,0.291208791209
2023-03-28,0.840659340659,0.222527472527,0.302197802198,0.538461538462,0.854395604396,0.697802197802,0.953296703297,0.813186813187,0.923076923077,0.678571428571,0.832417582418,0.873626373626,0.203296703297,0.332417582418
2023-03-29,0.802197802198,0.223901098901,0.417582417582,0.585164835165,0.979395604396,0.89010989011,1,0.81043956044,0.956043956044,0.535714285714,0.75,0.675824175824,0.118131868132,0.288461538462
2023-03-30,0.760989010989,0.225274725275,0.840659340659,0.804945054945,0.928571428571,0.848901098901,0.997252747253,0.802197802198,0.976648351648,0.604395604396,0.75,0.681318681319,0.145604395604,0.324175824176
2023-03-31,0.759615384615,0.226648351648,0.620879120879,0.697802197802,0.978021978022,0.901098901099,0.997252747253,0.82967032967,0.964285714286,0.538461538462,0.747252747253,0.706043956044,0.104395604396,0.313186813187
2023-04-01,0.712912087912,0.226648351648,0.760989010989,0.785714285714,0.950549450549,0.892857142857,0.961538461538,0.807692307692,0.962912087912,0.549450549451,0.706043956044,0.629120879121,0.112637362637,0.337912087912
2023-04-02,0.645604395604,0.228021978022,0.741758241758,0.763736263736,0.928571428571,0.851648351648,0.89010989011,0.813186813187,0.982142857143,0.598901098901,0.535714285714,0.494505494505,0.200549450549,0.357142857143
2023-04-03,0.582417582418,0.228021978022,0.543956043956,0.67032967033,0.884615384615,0.777472527473,0.85989010989,0.813186813187,0.972527472527,0.681318681319,0.541208791209,0.497252747253,0.263736263736,0.403846153846
2023-04-04,0.532967032967,0.228021978022,0.324175824176,0.5,0.925824175824,0.840659340659,0.879120879121,0.840659340659,0.976648351648,0.546703296703,0.516483516484,0.486263736264,0.403846153846,0.423076923077
2023-04-05,0.89010989011,0.228021978022,0.607142857143,0.648351648352,0.925824175824,0.837912087912,0.857142857143,0.868131868132,0.968406593407,0.538461538462,0.489010989011,0.472527472527,0.620879120879,0.467032967033
2023-04-06,0.868131868132,0.228021978022,0.549450549451,0.620879120879,0.901098901099,0.799450549451,0.631868131868,0.862637362637,0.950549450549,0.428571428571,0.266483516484,0.255494505495,0.678571428571,0.453296703297
2023-04-07,0.840659340659,0.228021978022,0.442307692308,0.576923076923,0.887362637363,0.763736263736,0.700549450549,0.843406593407,0.918956043956,0.46978021978,0.260989010989,0.236263736264,0.664835164835,0.403846153846
2023-04-08,0.802197802198,0.228021978022,0.368131868132,0.5,0.887362637363,0.763736263736,0.516483516484,0.843406593407,0.917582417582,0.464285714286,0.211538461538,0.186813186813,0.741758241758,0.384615384615
2023-04-09,0.759615384615,0.228021978022,0.395604395604,0.524725274725,0.93956043956,0.840659340659,0.620879120879,0.870879120879,0.932692307692,0.321428571429,0.214285714286,0.195054945055,0.763736263736,0.373626373626
2023-04-10,0.710164835165,0.228021978022,0.807692307692,0.728021978022,0.976648351648,0.953296703297,0.733516483516,0.884615384615,0.590659340659,0.0645604395604,0.277472527473,0.260989010989,0.593406593407,0.277472527473
2023-04-11,0.237637362637,0.596153846154,0.986263736264,0.961538461538,0.975274725275,0.96978021978,0.835164835165,0.906593406593,0.590659340659,0.0659340659341,0.252747252747,0.21978021978,0.458791208791,0.203296703297
2023-04-12,0.938186813187,0.226648351648,0.989010989011,0.975274725275,0.917582417582,0.923076923077,0.736263736264,0.942307692308,0.748626373626,0.332417582418,0.197802197802,0.195054945055,0.56043956044,0.274725274725
2023-04-13,0.903846153846,0.226648351648,0.903846153846,0.92032967033,0.973901098901,0.917582417582,0.832417582418,0.945054945055,0.747252747253,0.184065934066,0.164835164835,0.14010989011,0.75,0.381868131868
2023-04-14,0.861263736264,0.226648351648,0.93956043956,0.942307692308,0.972527472527,0.862637362637,0.840659340659,0.942307692308,0.745879120879,0.17032967033,0.164835164835,0.137362637363,0.857142857143,0.541208791209
2023-04-15,0.833791208791,0.226648351648,0.82967032967,0.909340659341,0.923076923077,0.802197802198,0.791208791209,0.936813186813,0.791208791209,0.299450549451,0.159340659341,0.137362637363,0.857142857143,0.538461538462
2023-04-16,0.79532967033,0.226648351648,0.700549450549,0.843406593407,0.925824175824,0.755494505495,0.843406593407,0.945054945055,0.741758241758,0.299450549451,0.0906593406593,0.123626373626,0.887362637363,0.557692307692
2023-04-17,0.752747252747,0.226648351648,0.681318681319,0.82967032967,0.824175824176,0.563186813187,0.777472527473,0.934065934066,0.949175824176,0.714285714286,0.156593406593,0.197802197802,0.843406593407,0.582417582418
2023-04-18,0.703296703297,0.226648351648,0.112637362637,0.362637362637,0.931318681319,0.739010989011,0.758241758242,1,0.887362637363,0.494505494505,0.123626373626,0.184065934066,0.868131868132,0.513736263736
2023-04-19,0.239010989011,0.59478021978,0.766483516484,0.782967032967,0.793956043956,0.370879120879,0.626373626374,0.989010989011,0.967032967033,0.848901098901,0.28021978022,0.288461538462,0.769230769231,0.39010989011
2023-04-20,0.637362637363,0.226648351648,0.0741758241758,0.145604395604,0.774725274725,0.236263736264,0.456043956044,0.956043956044,0.907967032967,0.912087912088,0.285714285714,0.291208791209,0.826923076923,0.414835164835
2023-04-21,0.523351648352,0.228021978022,0.0604395604396,0.0796703296703,0.744505494505,0.115384615385,0.337912087912,0.848901098901,0.570054945055,0.972527472527,0.313186813187,0.332417582418,0.791208791209,0.379120879121
2023-04-22,0.521978021978,0.229395604396,0.0137362637363,0.032967032967,0.758241758242,0.233516483516,0.436813186813,0.771978021978,0.729395604396,0.923076923077,0.32967032967,0.346153846154,0.782967032967,0.483516483516
2023-04-23,0.520604395604,0.230769230769,0.18956043956,0.115384615385,0.752747252747,0.21978021978,0.461538461538,0.739010989011,0.565934065934,0.934065934066,0.32967032967,0.343406593407,0.730769230769,0.516483516484
2023-04-24,0.519230769231,0.232142857143,0.192307692308,0.107142857143,0.75,0.236263736264,0.403846153846,0.747252747253,0.56456043956,0.93956043956,0.318681318681,0.332417582418,0.596153846154,0.549450549451
2023-04-25,0.14010989011,0.608516483516,0.282967032967,0.159340659341,0.774725274725,0.472527472527,0.510989010989,0.744505494505,0.802197802198,0.843406593407,0.348901098901,0.384615384615,0.376373626374,0.549450549451
2023-04-26,0.184065934066,0.60989010989,0.802197802198,0.587912087912,0.78021978022,0.508241758242,0.56043956044,0.629120879121,0.800824175824,0.835164835165,0.348901098901,0.381868131868,0.456043956044,0.618131868132
2023-04-27,0.229395604396,0.611263736264,0.653846153846,0.585164835165,0.826923076923,0.722527472527,0.714285714286,0.697802197802,0.799450549451,0.71978021978,0.395604395604,0.406593406593,0.351648351648,0.576923076923
2023-04-28,0.043956043956,0.854395604396,0.804945054945,0.769230769231,0.807692307692,0.700549450549,0.695054945055,0.642857142857,0.71978021978,0.68956043956,0.401098901099,0.409340659341,0.392857142857,0.631868131868
2023-04-29,0.0535714285714,0.854395604396,0.741758241758,0.722527472527,0.802197802198,0.686813186813,0.642857142857,0.656593406593,0.552197802198,0.714285714286,0.395604395604,0.406593406593,0.527472527473,0.711538461538
2023-04-30,0.376373626374,0.611263736264,0.695054945055,0.697802197802,0.802197802198,0.673076923077,0.412087912088,0.620879120879,0.550824175824,0.590659340659,0.315934065934,0.326923076923,0.521978021978,0.607142857143
2023-05-01,0.864010989011,0.233516483516,0.634615384615,0.664835164835,0.755494505495,0.384615384615,0.269230769231,0.607142857143,0.549450549451,0.802197802198,0.357142857143,0.365384615385,0.755494505495,0.673076923077
2023-05-02,0.410714285714,0.614010989011,0.173076923077,0.277472527473,0.777472527473,0.543956043956,0.321428571429,0.563186813187,0.548076923077,0.475274725275,0.376373626374,0.401098901099,0.64010989011,0.645604395604
2023-05-03,0.114010989011,0.855769230769,0.552197802198,0.538461538462,0.791208791209,0.626373626374,0.31043956044,0.659340659341,0.546703296703,0.365384615385,0.370879120879,0.401098901099,0.502747252747,0.692307692308
2023-05-04,0.182692307692,0.855769230769,0.730769230769,0.662087912088,0.782967032967,0.576923076923,0.296703296703,0.645604395604,0.54532967033,0.43956043956,0.370879120879,0.401098901099,0.263736263736,0.681318681319
2023-05-05,0.230769230769,0.854395604396,0.593406593407,0.587912087912,0.826923076923,0.711538461538,0.379120879121,0.653846153846,0.770604395604,0.181318681319,0.403846153846,0.425824175824,0.42032967033,0.755494505495
2023-05-06,0.0453296703297,0.96978021978,0.837912087912,0.769230769231,0.78021978022,0.56043956044,0.304945054945,0.67032967033,0.769230769231,0.458791208791,0.417582417582,0.434065934066,0.258241758242,0.717032967033
2023-05-07,0.0659340659341,0.968406593407,0.409340659341,0.524725274725,0.755494505495,0.467032967033,0.340659340659,0.618131868132,0.767857142857,0.601648351648,0.395604395604,0.412087912088,0.25,0.631868131868
2023-05-08,0.383241758242,0.847527472527,0.203296703297,0.332417582418,0.717032967033,0.247252747253,0.228021978022,0.486263736264,0.766483516484,0.725274725275,0.368131868132,0.428571428571,0.32967032967,0.741758241758
2023-05-09,0.381868131868,0.847527472527,0.10989010989,0.148351648352,0.714285714286,0.255494505495,0.318681318681,0.5,0.76510989011,0.730769230769,0.282967032967,0.31043956044,0.53021978022,0.722527472527
2023-05-10,0.423076923077,0.846153846154,0.167582417582,0.167582417582,0.711538461538,0.274725274725,0.39010989011,0.46978021978,0.763736263736,0.736263736264,0.274725274725,0.302197802198,0.357142857143,0.71978021978
2023-05-11,0.148351648352,0.846153846154,0.255494505495,0.214285714286,0.678571428571,0.148351648352,0.431318681319,0.43956043956,0.532967032967,0.799450549451,0.239010989011,0.299450549451,0.43956043956,0.714285714286
2023-05-12,0.64010989011,0.232142857143,0.115384615385,0.104395604396,0.673076923077,0.151098901099,0.326923076923,0.442307692308,0.531593406593,0.82967032967,0.214285714286,0.357142857143,0.56043956044,0.75
2023-05-13,0.638736263736,0.233516483516,0.225274725275,0.134615384615,0.67032967033,0.197802197802,0.351648351648,0.461538461538,0.53021978022,0.832417582418,0.211538461538,0.370879120879,0.516483516484,0.686813186813
2023-05-14,0.637362637363,0.23489010989,0.230769230769,0.137362637363,0.673076923077,0.293956043956,0.387362637363,0.447802197802,0.353021978022,0.785714285714,0.217032967033,0.379120879121,0.538461538462,0.615384615385
2023-05-15,0.635989010989,0.236263736264,0.381868131868,0.222527472527,0.684065934066,0.428571428571,0.304945054945,0.464285714286,0.528846153846,0.733516483516,0.184065934066,0.321428571429,0.631868131868,0.543956043956
2023-05-16,0.993131868132,0.237637362637,0.552197802198,0.373626373626,0.681318681319,0.428571428571,0.28021978022,0.464285714286,0.527472527473,0.760989010989,0.184065934066,0.467032967033,0.697802197802,0.618131868132
2023-05-17,1,0.239010989011,0.423076923077,0.335164835165,0.692307692308,0.527472527473,0.236263736264,0.491758241758,0.23489010989,0.645604395604,0.104395604396,0.346153846154,0.695054945055,0.574175824176
2023-05-18,0.953296703297,0.620879120879,0.736263736264,0.590659340659,0.662087912088,0.368131868132,0.211538461538,0.447802197802,0.282967032967,0.769230769231,0.126373626374,0.417582417582,0.744505494505,0.629120879121
2023-05-19,0.931318681319,0.622252747253,0.291208791209,0.291208791209,0.662087912088,0.398351648352,0.21978021978,0.42032967033,0.230769230769,0.620879120879,0.129120879121,0.423076923077,0.711538461538,0.675824175824
2023-05-20,0.512362637363,0.854395604396,0.348901098901,0.332417582418,0.678571428571,0.472527472527,0.228021978022,0.381868131868,0.173076923077,0.395604395604,0.131868131868,0.431318681319,0.760989010989,0.714285714286
2023-05-21,0.40521978022,0.853021978022,0.662087912088,0.505494505495,0.648351648352,0.348901098901,0.282967032967,0.348901098901,0.135989010989,0.39010989011,0.043956043956,0.31043956044,0.717032967033,0.774725274725
2023-05-22,0.832417582418,0.615384615385,0.244505494505,0.266483516484,0.656593406593,0.392857142857,0.236263736264,0.368131868132,0.171703296703,0.326923076923,0.0302197802198,0.274725274725,0.722527472527,0.728021978022
2023-05-23,0.756868131868,0.614010989011,0.392857142857,0.368131868132,0.684065934066,0.5,0.239010989011,0.35989010989,0.17032967033,0.0631868131868,0.032967032967,0.293956043956,0.722527472527,0.67032967033
2023-05-24,0.634615384615,0.612637362637,0.714285714286,0.631868131868,0.631868131868,0.206043956044,0.192307692308,0.299450549451,0.281593406593,0.549450549451,0.0686813186813,0.368131868132,0.763736263736,0.546703296703
2023-05-25,0.516483516484,0.611263736264,0.120879120879,0.134615384615,0.634615384615,0.28021978022,0.178571428571,0.318681318681,0.126373626374,0.442307692308,0.043956043956,0.299450549451,0.574175824176,0.53021978022
2023-05-26,0.51510989011,0.611263736264,0.315934065934,0.282967032967,0.64010989011,0.368131868132,0.217032967033,0.326923076923,0.00824175824176,0.31043956044,0.0357142857143,0.299450549451,0.741758241758,0.461538461538
2023-05-27,0.571428571429,0.230769230769,0.601648351648,0.445054945055,0.653846153846,0.42032967033,0.258241758242,0.379120879121,0.0370879120879,0.203296703297,0.0357142857143,0.296703296703,0.708791208791,0.423076923077
2023-05-28,0.184065934066,0.60989010989,0.730769230769,0.57967032967,0.736263736264,0.717032967033,0.56043956044,0.387362637363,0.526098901099,0.0645604395604,0.129120879121,0.461538461538,0.612637362637,0.489010989011
2023-05-29,0.226648351648,0.608516483516,0.975274725275,0.936813186813,0.714285714286,0.645604395604,0.491758241758,0.453296703297,0.524725274725,0.324175824176,0.145604395604,0.489010989011,0.620879120879,0.623626373626
2023-05-30,0.635989010989,0.229395604396,0.876373626374,0.837912087912,0.711538461538,0.629120879121,0.489010989011,0.483516483516,0.524725274725,0.337912087912,0.148351648352,0.494505494505,0.678571428571,0.571428571429
2023-05-31,0.570054945055,0.229395604396,0.692307692308,0.755494505495,0.673076923077,0.497252747253,0.527472527473,0.516483516484,0.277472527473,0.571428571429,0.120879120879,0.456043956044,0.706043956044,0.620879120879
2023-06-01,0.182692307692,0.608516483516,0.387362637363,0.535714285714,0.634615384615,0.370879120879,0.480769230769,0.450549450549,0.0728021978022,0.673076923077,0.148351648352,0.46978021978,0.678571428571,0.686813186813
2023-06-02,0.637362637363,0.229395604396,0.21978021978,0.332417582418,0.678571428571,0.513736263736,0.57967032967,0.497252747253,0.34478021978,0.546703296703,0.164835164835,0.510989010989,0.75,0.695054945055
2023-06-03,0.635989010989,0.230769230769,0.623626373626,0.596153846154,0.659340659341,0.464285714286,0.508241758242,0.486263736264,0.160714285714,0.598901098901,0.167582417582,0.516483516484,0.75,0.714285714286
2023-06-04,0.634615384615,0.232142857143,0.398351648352,0.464285714286,0.662087912088,0.480769230769,0.467032967033,0.423076923077,0.276098901099,0.574175824176,0.162087912088,0.510989010989,0.744505494505,0.741758241758
2023-06-05,0.633241758242,0.233516483516,0.461538461538,0.5,0.590659340659,0.0934065934066,0.277472527473,0.351648351648,0.524725274725,0.848901098901,0.337912087912,0.596153846154,0.744505494505,0.763736263736
2023-06-06,0.225274725275,0.615384615385,0.0192307692308,0.0357142857143,0.675824175824,0.53021978022,0.445054945055,0.368131868132,0.340659340659,0.46978021978,0.447802197802,0.678571428571,0.728021978022,0.752747252747
2023-06-07,0.223901098901,0.616758241758,0.802197802198,0.697802197802,0.598901098901,0.244505494505,0.392857142857,0.337912087912,0.0989010989011,0.692307692308,0.480769230769,0.678571428571,0.695054945055,0.771978021978
2023-06-08,0.222527472527,0.618131868132,0.324175824176,0.321428571429,0.604395604396,0.302197802198,0.403846153846,0.348901098901,0.100274725275,0.631868131868,0.486263736264,0.678571428571,0.673076923077,0.747252747253
2023-06-09,0.260989010989,0.619505494505,0.456043956044,0.395604395604,0.601648351648,0.302197802198,0.381868131868,0.346153846154,0.125,0.637362637363,0.478021978022,0.711538461538,0.68956043956,0.785714285714
2023-06-10,0.285714285714,0.620879120879,0.445054945055,0.401098901099,0.57967032967,0.142857142857,0.32967032967,0.362637362637,0.278846153846,0.758241758242,0.510989010989,0.736263736264,0.5,0.678571428571
2023-06-11,0.0576923076923,0.858516483516,0.192307692308,0.186813186813,0.582417582418,0.159340659341,0.324175824176,0.337912087912,0.277472527473,0.642857142857,0.510989010989,0.736263736264,0.467032967033,0.67032967033
2023-06-12,0.0824175824176,0.857142857143,0.318681318681,0.271978021978,0.57967032967,0.162087912088,0.274725274725,0.302197802198,0.278846153846,0.626373626374,0.491758241758,0.71978021978,0.406593406593,0.626373626374
2023-06-13,0.125,0.855769230769,0.373626373626,0.31043956044,0.582417582418,0.175824175824,0.406593406593,0.326923076923,0.350274725275,0.549450549451,0.431318681319,0.675824175824,0.357142857143,0.662087912088
2023-06-14,0.184065934066,0.854395604396,0.431318681319,0.354395604396,0.53021978022,0.0659340659341,0.255494505495,0.200549450549,0.528846153846,0.717032967033,0.478021978022,0.697802197802,0.236263736264,0.398351648352
2023-06-15,0.270604395604,0.611263736264,0.0631868131868,0.0686813186813,0.554945054945,0.14010989011,0.285714285714,0.293956043956,0.28021978022,0.565934065934,0.513736263736,0.703296703297,0.18956043956,0.494505494505
2023-06-16,0.299450549451,0.60989010989,0.461538461538,0.337912087912,0.593406593407,0.403846153846,0.392857142857,0.368131868132,0.100274725275,0.239010989011,0.53021978022,0.758241758242,0.206043956044,0.497252747253
2023-06-17,0.333791208791,0.60989010989,0.848901098901,0.706043956044,0.604395604396,0.461538461538,0.239010989011,0.423076923077,0.126373626374,0.151098901099,0.431318681319,0.664835164835,0.214285714286,0.398351648352
2023-06-18,0.380494505495,0.608516483516,0.840659340659,0.739010989011,0.587912087912,0.403846153846,0.25,0.406593406593,0.101648351648,0.244505494505,0.425824175824,0.71978021978,0.206043956044,0.403846153846
2023-06-19,0.103021978022,0.853021978022,0.648351648352,0.64010989011,0.626373626374,0.565934065934,0.332417582418,0.461538461538,0.130494505495,0.0604395604396,0.461538461538,0.760989010989,0.162087912088,0.376373626374
2023-06-20,0.15521978022,0.604395604396,0.901098901099,0.815934065934,0.744505494505,0.848901098901,0.692307692308,0.634615384615,0.532967032967,0.0618131868132,0.546703296703,0.892857142857,0.112637362637,0.293956043956
2023-06-21,0.190934065934,0.603021978022,0.991758241758,0.978021978022,0.873626373626,0.950549450549,0.848901098901,0.733516483516,0.531593406593,0.0631868131868,0.60989010989,0.934065934066,0.0796703296703,0.239010989011
2023-06-22,0.239010989011,0.601648351648,0.997252747253,0.989010989011,0.857142857143,0.909340659341,0.804945054945,0.725274725275,0.53021978022,0.181318681319,0.607142857143,0.934065934066,0.0467032967033,0.244505494505
2023-06-23,0.282967032967,0.600274725275,0.934065934066,0.967032967033,0.971153846154,0.92032967033,0.865384615385,0.752747252747,0.528846153846,0.0645604395604,0.618131868132,0.928571428571,0.0384615384615,0.203296703297
2023-06-24,0.31456043956,0.598901098901,0.917582417582,0.958791208791,0.92032967033,0.81043956044,0.851648351648,0.733516483516,0.527472527473,0.225274725275,0.623626373626,0.936813186813,0.0357142857143,0.18956043956
2023-06-25,0.351648351648,0.597527472527,0.824175824176,0.92032967033,0.906593406593,0.703296703297,0.906593406593,0.739010989011,0.701923076923,0.271978021978,0.541208791209,0.760989010989,0.0467032967033,0.203296703297
2023-06-26,0.401098901099,0.596153846154,0.739010989011,0.898351648352,0.870879120879,0.648351648352,0.826923076923,0.692307692308,0.762362637363,0.370879120879,0.43956043956,0.662087912088,0.0494505494505,0.203296703297
2023-06-27,0.447802197802,0.59478021978,0.607142857143,0.826923076923,0.96978021978,0.684065934066,0.887362637363,0.758241758242,0.826923076923,0.271978021978,0.384615384615,0.615384615385,0.043956043956,0.17032967033
2023-06-28,0.495879120879,0.214285714286,0.760989010989,0.865384615385,0.837912087912,0.524725274725,0.85989010989,0.71978021978,0.758241758242,0.571428571429,0.412087912088,0.642857142857,0.0302197802198,0.123626373626
2023-06-29,0.495879120879,0.214285714286,0.318681318681,0.664835164835,0.898351648352,0.615384615385,0.870879120879,0.725274725275,0.79532967033,0.480769230769,0.412087912088,0.64010989011,0.0357142857143,0.134615384615
2023-06-30,0.898351648352,0.214285714286,0.57967032967,0.739010989011,0.903846153846,0.604395604396,0.898351648352,0.747252747253,0.825549450549,0.467032967033,0.379120879121,0.623626373626,0.162087912088,0.255494505495
2023-07-01,0.879120879121,0.214285714286,0.541208791209,0.673076923077,0.92032967033,0.623626373626,0.898351648352,0.744505494505,0.854395604396,0.43956043956,0.379120879121,0.631868131868,0.145604395604,0.214285714286
2023-07-02,0.855769230769,0.214285714286,0.612637362637,0.695054945055,0.925824175824,0.631868131868,0.898351648352,0.728021978022,0.853021978022,0.43956043956,0.376373626374,0.634615384615,0.175824175824,0.208791208791
2023-07-03,0.824175824176,0.214285714286,0.634615384615,0.700549450549,0.968406593407,0.747252747253,0.917582417582,0.802197802198,0.851648351648,0.288461538462,0.379120879121,0.623626373626,0.162087912088,0.17032967033
2023-07-04,0.785714285714,0.214285714286,0.857142857143,0.826923076923,0.857142857143,0.659340659341,0.923076923077,0.78021978022,0.975274725275,0.521978021978,0.32967032967,0.554945054945,0.228021978022,0.18956043956
2023-07-05,0.737637362637,0.214285714286,0.510989010989,0.642857142857,0.815934065934,0.576923076923,0.906593406593,0.744505494505,0.923076923077,0.626373626374,0.346153846154,0.571428571429,0.247252747253,0.148351648352
2023-07-06,0.664835164835,0.214285714286,0.318681318681,0.505494505495,0.758241758242,0.423076923077,0.837912087912,0.684065934066,0.737637362637,0.802197802198,0.354395604396,0.57967032967,0.195054945055,0.123626373626
2023-07-07,0.597527472527,0.214285714286,0.107142857143,0.203296703297,0.802197802198,0.552197802198,0.851648351648,0.642857142857,0.84478021978,0.675824175824,0.35989010989,0.612637362637,0.195054945055,0.126373626374
2023-07-08,0.546703296703,0.215659340659,0.398351648352,0.453296703297,0.796703296703,0.516483516484,0.851648351648,0.645604395604,0.843406593407,0.673076923077,0.354395604396,0.601648351648,0.184065934066,0.10989010989
2023-07-09,0.493131868132,0.215659340659,0.409340659341,0.431318681319,0.777472527473,0.5,0.813186813187,0.642857142857,0.804945054945,0.730769230769,0.354395604396,0.582417582418,0.21978021978,0.0989010989011
2023-07-10,0.491758241758,0.217032967033,0.277472527473,0.357142857143,0.804945054945,0.571428571429,0.71978021978,0.695054945055,0.803571428571,0.634615384615,0.206043956044,0.505494505495,0.346153846154,0.0989010989011
2023-07-11,0.490384615385,0.218406593407,0.563186813187,0.527472527473,0.835164835165,0.626373626374,0.549450549451,0.741758241758,0.962912087912,0.587912087912,0.021978021978,0.18956043956,0.324175824176,0.0631868131868
2023-07-12,0.489010989011,0.21978021978,0.695054945055,0.618131868132,0.799450549451,0.56043956044,0.527472527473,0.684065934066,0.799450549451,0.692307692308,0.0247252747253,0.197802197802,0.412087912088,0.0604395604396
2023-07-13,1,0.221153846154,0.406593406593,0.467032967033,0.967032967033,0.804945054945,0.571428571429,0.777472527473,0.918956043956,0.351648351648,0.0274725274725,0.222527472527,0.686813186813,0.148351648352
2023-07-14,0.993131868132,0.222527472527,0.903846153846,0.840659340659,0.747252747253,0.516483516484,0.398351648352,0.68956043956,0.836538461538,0.785714285714,0.10989010989,0.321428571429,0.733516483516,0.17032967033
2023-07-15,0.987637362637,0.223901098901,0.269230769231,0.365384615385,0.741758241758,0.505494505495,0.406593406593,0.793956043956,0.835164835165,0.788461538462,0.10989010989,0.321428571429,0.637362637363,0.129120879121
2023-07-16,0.976648351648,0.225274725275,0.263736263736,0.351648351648,0.733516483516,0.5,0.431318681319,0.659340659341,0.752747252747,0.796703296703,0.104395604396,0.315934065934,0.697802197802,0.18956043956
2023-07-17,0.960164835165,0.226648351648,0.263736263736,0.343406593407,0.717032967033,0.483516483516,0.337912087912,0.744505494505,0.708791208791,0.725274725275,0.0934065934066,0.296703296703,0.67032967033,0.151098901099
2023-07-18,0.929945054945,0.228021978022,0.282967032967,0.321428571429,0.708791208791,0.398351648352,0.398351648352,0.708791208791,0.468406593407,0.791208791209,0.0796703296703,0.255494505495,0.763736263736,0.156593406593
2023-07-19,0.881868131868,0.228021978022,0.18956043956,0.214285714286,0.708791208791,0.425824175824,0.343406593407,0.711538461538,0.64010989011,0.774725274725,0.0659340659341,0.244505494505,0.71978021978,0.137362637363
2023-07-20,0.807692307692,0.228021978022,0.258241758242,0.274725274725,0.700549450549,0.387362637363,0.326923076923,0.758241758242,0.467032967033,0.802197802198,0.0686813186813,0.252747252747,0.508241758242,0.269230769231
2023-07-21,0.653846153846,0.228021978022,0.25,0.252747252747,0.706043956044,0.434065934066,0.326923076923,0.758241758242,0.467032967033,0.769230769231,0.0686813186813,0.252747252747,0.543956043956,0.269230769231
2023-07-22,0.119505494505,0.615384615385,0.381868131868,0.337912087912,0.695054945055,0.398351648352,0.304945054945,0.75,0.468406593407,0.802197802198,0.0714285714286,0.260989010989,0.453296703297,0.236263736264
2023-07-23,0.539835164835,0.226648351648,0.258241758242,0.271978021978,0.714285714286,0.502747252747,0.266483516484,0.769230769231,0.641483516484,0.711538461538,0.0576923076923,0.244505494505,0.513736263736,0.271978021978
2023-07-24,0.538461538462,0.228021978022,0.71978021978,0.538461538462,0.648351648352,0.252747252747,0.197802197802,0.771978021978,0.46978021978,0.923076923077,0.10989010989,0.32967032967,0.563186813187,0.379120879121
2023-07-25,0.537087912088,0.229395604396,0.0686813186813,0.0714285714286,0.653846153846,0.302197802198,0.236263736264,0.717032967033,0.471153846154,0.906593406593,0.107142857143,0.326923076923,0.612637362637,0.425824175824
2023-07-26,0.535714285714,0.230769230769,0.134615384615,0.10989010989,0.664835164835,0.368131868132,0.354395604396,0.642857142857,0.472527472527,0.876373626374,0.0851648351648,0.28021978022,0.695054945055,0.436813186813
2023-07-27,0.534340659341,0.232142857143,0.343406593407,0.208791208791,0.645604395604,0.343406593407,0.266483516484,0.615384615385,0.29532967033,0.593406593407,0.0631868131868,0.288461538462,0.700549450549,0.434065934066
2023-07-28,0.535714285714,0.232142857143,0.236263736264,0.167582417582,0.653846153846,0.39010989011,0.285714285714,0.64010989011,0.476648351648,0.554945054945,0.0659340659341,0.293956043956,0.741758241758,0.445054945055
2023-07-29,0.537087912088,0.232142857143,0.461538461538,0.302197802198,0.664835164835,0.417582417582,0.321428571429,0.607142857143,0.478021978022,0.502747252747,0.0686813186813,0.296703296703,0.736263736264,0.524725274725
2023-07-30,0.538461538462,0.232142857143,0.543956043956,0.35989010989,0.645604395604,0.395604395604,0.266483516484,0.502747252747,0.479395604396,0.5,0.0631868131868,0.291208791209,0.675824175824,0.590659340659
2023-07-31,0.539835164835,0.232142857143,0.417582417582,0.326923076923,0.642857142857,0.392857142857,0.230769230769,0.373626373626,0.480769230769,0.521978021978,0.0521978021978,0.282967032967,0.725274725275,0.598901098901
2023-08-01,0.468406593407,0.232142857143,0.354395604396,0.31043956044,0.675824175824,0.546703296703,0.354395604396,0.414835164835,0.0961538461538,0.156593406593,0.0824175824176,0.343406593407,0.656593406593,0.598901098901
2023-08-02,0,0.967032967033,0.835164835165,0.725274725275,0.626373626374,0.39010989011,0.153846153846,0.304945054945,0.175824175824,0.502747252747,0.0247252747253,0.203296703297,0.447802197802,0.664835164835
2023-08-03,0.00274725274725,0.965659340659,0.379120879121,0.379120879121,0.626373626374,0.398351648352,0.277472527473,0.324175824176,0.131868131868,0.491758241758,0.0192307692308,0.0357142857143,0.414835164835,0.67032967033
2023-08-04,0.00824175824176,0.964285714286,0.434065934066,0.414835164835,0.615384615385,0.368131868132,0.260989010989,0.324175824176,0.179945054945,0.538461538462,0.0192307692308,0.0686813186813,0.436813186813,0.607142857143
2023-08-05,0.0233516483516,0.962912087912,0.35989010989,0.362637362637,0.612637362637,0.354395604396,0.266483516484,0.348901098901,0.307692307692,0.574175824176,0.021978021978,0.126373626374,0.483516483516,0.695054945055
2023-08-06,0.0453296703297,0.961538461538,0.324175824176,0.340659340659,0.612637362637,0.370879120879,0.288461538462,0.296703296703,0.309065934066,0.505494505495,0.0274725274725,0.142857142857,0.478021978022,0.667582417582
2023-08-07,0.0782967032967,0.960164835165,0.406593406593,0.381868131868,0.626373626374,0.431318681319,0.373626373626,0.379120879121,0.0453296703297,0.384615384615,0.0192307692308,0.142857142857,0.431318681319,0.714285714286
2023-08-08,0.125,0.958791208791,0.664835164835,0.549450549451,0.684065934066,0.629120879121,0.475274725275,0.401098901099,0.135989010989,0.0563186813187,0.032967032967,0.222527472527,0.447802197802,0.684065934066
2023-08-09,0.223901098901,0.957417582418,0.909340659341,0.818681318681,0.667582417582,0.554945054945,0.453296703297,0.379120879121,0.186813186813,0.282967032967,0.0357142857143,0.241758241758,0.453296703297,0.516483516484
2023-08-10,0.32967032967,0.956043956044,0.681318681319,0.678571428571,0.664835164835,0.516483516484,0.409340659341,0.354395604396,0.318681318681,0.373626373626,0.0357142857143,0.241758241758,0.5,0.582417582418
2023-08-11,0.975274725275,0.232142857143,0.546703296703,0.598901098901,0.659340659341,0.505494505495,0.428571428571,0.354395604396,0.509615384615,0.39010989011,0.0357142857143,0.239010989011,0.56043956044,0.546703296703
2023-08-12,0.962912087912,0.232142857143,0.521978021978,0.582417582418,0.659340659341,0.513736263736,0.373626373626,0.291208791209,0.509615384615,0.384615384615,0.032967032967,0.21978021978,0.554945054945,0.593406593407
2023-08-13,0.778846153846,0.614010989011,0.535714285714,0.585164835165,0.631868131868,0.489010989011,0.524725274725,0.318681318681,0.188186813187,0.5,0.00549450549451,0.0357142857143,0.472527472527,0.57967032967
2023-08-14,0.741758241758,0.612637362637,0.214285714286,0.425824175824,0.659340659341,0.521978021978,0.543956043956,0.384615384615,0.512362637363,0.368131868132,0.00824175824176,0.0412087912088,0.445054945055,0.596153846154
2023-08-15,0.0467032967033,0.95467032967,0.546703296703,0.576923076923,0.604395604396,0.442307692308,0.483516483516,0.414835164835,0.137362637363,0.574175824176,0.010989010989,0.0549450549451,0.398351648352,0.64010989011
2023-08-16,0.0590659340659,0.953296703297,0.162087912088,0.288461538462,0.563186813187,0.255494505495,0.401098901099,0.299450549451,0.516483516484,0.788461538462,0.0164835164835,0.131868131868,0.458791208791,0.675824175824
2023-08-17,0.0728021978022,0.951923076923,0.0192307692308,0.0412087912088,0.398351648352,0.0192307692308,0.115384615385,0.167582417582,0.517857142857,0.989010989011,0.357142857143,0.585164835165,0.458791208791,0.708791208791
2023-08-18,0.339285714286,0.833791208791,0,0,0.362637362637,0.0549450549451,0.104395604396,0.14010989011,0.519230769231,0.991758241758,0.35989010989,0.618131868132,0.53021978022,0.755494505495
2023-08-19,0.953296703297,0.228021978022,0.00274725274725,0.00274725274725,0.362637362637,0.151098901099,0.107142857143,0.126373626374,0.519230769231,0.989010989011,0.368131868132,0.681318681319,0.607142857143,0.760989010989
2023-08-20,0.934065934066,0.229395604396,0.0164835164835,0.00824175824176,0.368131868132,0.299450549451,0.10989010989,0.115384615385,0.325549450549,0.980769230769,0.384615384615,0.857142857143,0.648351648352,0.807692307692
2023-08-21,0.737637362637,0.611263736264,0.0494505494505,0.0137362637363,0.362637362637,0.370879120879,0.0934065934066,0.14010989011,0.520604395604,0.983516483516,0.351648351648,0.799450549451,0.642857142857,0.766483516484
2023-08-22,0.0741758241758,0.950549450549,0.0879120879121,0.0192307692308,0.354395604396,0.436813186813,0.112637362637,0.0604395604396,0.326923076923,0.972527472527,0.340659340659,0.832417582418,0.527472527473,0.491758241758
2023-08-23,0.839285714286,0.612637362637,0.18956043956,0.0302197802198,0.381868131868,0.585164835165,0.123626373626,0.164835164835,0.328296703297,0.876373626374,0.362637362637,0.865384615385,0.634615384615,0.554945054945
2023-08-24,0.961538461538,0.230769230769,0.653846153846,0.186813186813,0.362637362637,0.510989010989,0.123626373626,0.156593406593,0.25,0.901098901099,0.365384615385,0.862637362637,0.629120879121,0.563186813187
2023-08-25,0.929945054945,0.232142857143,0.392857142857,0.151098901099,0.348901098901,0.505494505495,0.118131868132,0.145604395604,0.138736263736,0.912087912088,0.362637362637,0.85989010989,0.596153846154,0.590659340659
2023-08-26,0.156593406593,0.837912087912,0.35989010989,0.156593406593,0.337912087912,0.505494505495,0.112637362637,0.151098901099,0.0728021978022,0.914835164835,0.362637362637,0.865384615385,0.612637362637,0.598901098901
2023-08-27,0.877747252747,0.232142857143,0.313186813187,0.145604395604,0.351648351648,0.552197802198,0.10989010989,0.18956043956,0.142857142857,0.884615384615,0.362637362637,0.879120879121,0.675824175824,0.60989010989
2023-08-28,0.376373626374,0.615384615385,0.502747252747,0.186813186813,0.354395604396,0.56043956044,0.0879120879121,0.175824175824,0.144230769231,0.802197802198,0.332417582418,0.81043956044,0.678571428571,0.618131868132
2023-08-29,0.0206043956044,0.949175824176,0.582417582418,0.293956043956,0.467032967033,0.895604395604,0.178571428571,0.299450549451,0.0467032967033,0.0549450549451,0.587912087912,0.945054945055,0.519230769231,0.478021978022
2023-08-30,0.0398351648352,0.947802197802,0.961538461538,0.92032967033,0.428571428571,0.813186813187,0.156593406593,0.274725274725,0.20467032967,0.335164835165,0.593406593407,0.945054945055,0.502747252747,0.513736263736
2023-08-31,0.733516483516,0.611263736264,0.848901098901,0.804945054945,0.313186813187,0.293956043956,0.0851648351648,0.167582417582,0.00412087912088,0.75,0.703296703297,0.950549450549,0.64010989011,0.662087912088
2023-09-01,0.601648351648,0.611263736264,0.10989010989,0.167582417582,0.299450549451,0.244505494505,0.0769230769231,0.126373626374,0.00549450549451,0.777472527473,0.703296703297,0.950549450549,0.585164835165,0.637362637363
2023-09-02,0.600274725275,0.611263736264,0.129120879121,0.167582417582,0.302197802198,0.271978021978,0.0851648351648,0.217032967033,0.00686813186813,0.752747252747,0.708791208791,0.950549450549,0.615384615385,0.593406593407
2023-09-03,0.666208791209,0.611263736264,0.18956043956,0.195054945055,0.321428571429,0.31043956044,0.0824175824176,0.222527472527,0.00137362637363,0.714285714286,0.708791208791,0.947802197802,0.585164835165,0.546703296703
2023-09-04,0.73489010989,0.60989010989,0.321428571429,0.293956043956,0.293956043956,0.252747252747,0.0851648351648,0.203296703297,0,0.741758241758,0.708791208791,0.950549450549,0.618131868132,0.535714285714
2023-09-05,0.667582417582,0.608516483516,0.217032967033,0.208791208791,0.288461538462,0.244505494505,0.118131868132,0.206043956044,0.00549450549451,0.758241758242,0.703296703297,0.953296703297,0.612637362637,0.574175824176
2023-09-06,0.928571428571,0.228021978022,0.293956043956,0.239010989011,0.282967032967,0.230769230769,0.307692307692,0.18956043956,0.0164835164835,0.766483516484,0.425824175824,0.64010989011,0.576923076923,0.557692307692
2023-09-07,0.0535714285714,0.946428571429,0.343406593407,0.263736263736,0.362637362637,0.486263736264,0.549450549451,0.230769230769,0.340659340659,0.527472527473,0.414835164835,0.623626373626,0.417582417582,0.461538461538
2023-09-08,0.0549450549451,0.945054945055,0.873626373626,0.692307692308,0.302197802198,0.335164835165,0.461538461538,0.208791208791,0.0247252747253,0.659340659341,0.43956043956,0.629120879121,0.442307692308,0.568681318681
2023-09-09,0.0563186813187,0.943681318681,0.527472527473,0.436813186813,0.299450549451,0.376373626374,0.436813186813,0.217032967033,0.0357142857143,0.662087912088,0.434065934066,0.634615384615,0.384615384615,0.576923076923
2023-09-10,0.302197802198,0.824175824176,0.53021978022,0.43956043956,0.291208791209,0.340659340659,0.43956043956,0.156593406593,0.0370879120879,0.675824175824,0.434065934066,0.637362637363,0.376373626374,0.565934065934
2023-09-11,0.332417582418,0.824175824176,0.456043956044,0.403846153846,0.239010989011,0.123626373626,0.296703296703,0.137362637363,0.0961538461538,0.846153846154,0.489010989011,0.741758241758,0.403846153846,0.442307692308
2023-09-12,0.112637362637,0.943681318681,0.0521978021978,0.0576923076923,0.291208791209,0.401098901099,0.365384615385,0.217032967033,0.0260989010989,0.332417582418,0.521978021978,0.807692307692,0.299450549451,0.467032967033
2023-09-13,0.146978021978,0.942307692308,0.582417582418,0.519230769231,0.365384615385,0.582417582418,0.524725274725,0.263736263736,0.347527472527,0.0508241758242,0.532967032967,0.807692307692,0.277472527473,0.42032967033
2023-09-14,0.201923076923,0.940934065934,0.777472527473,0.711538461538,0.392857142857,0.706043956044,0.618131868132,0.285714285714,0.346153846154,0.0521978021978,0.541208791209,0.807692307692,0.28021978022,0.406593406593
2023-09-15,0.273351648352,0.93956043956,0.818681318681,0.785714285714,0.398351648352,0.714285714286,0.634615384615,0.291208791209,0.34478021978,0.0535714285714,0.541208791209,0.799450549451,0.335164835165,0.478021978022
2023-09-16,0.383241758242,0.598901098901,0.796703296703,0.777472527473,0.392857142857,0.703296703297,0.612637362637,0.277472527473,0.343406593407,0.131868131868,0.543956043956,0.807692307692,0.291208791209,0.494505494505
2023-09-17,0.384615384615,0.598901098901,0.755494505495,0.758241758242,0.387362637363,0.684065934066,0.601648351648,0.225274725275,0.531593406593,0.148351648352,0.549450549451,0.807692307692,0.282967032967,0.483516483516
2023-09-18,0.383241758242,0.598901098901,0.700549450549,0.717032967033,0.409340659341,0.75,0.285714285714,0.266483516484,0.339285714286,0.0549450549451,0.260989010989,0.527472527473,0.387362637363,0.42032967033
2023-09-19,0.381868131868,0.598901098901,0.684065934066,0.744505494505,0.431318681319,0.835164835165,0.494505494505,0.299450549451,0.53021978022,0.0563186813187,0.277472527473,0.53021978022,0.282967032967,0.351648351648
2023-09-20,0.432692307692,0.597527472527,0.813186813187,0.837912087912,0.417582417582,0.774725274725,0.717032967033,0.296703296703,0.528846153846,0.175824175824,0.0604395604396,0.263736263736,0.178571428571,0.321428571429
2023-09-21,0.48489010989,0.223901098901,0.714285714286,0.769230769231,0.387362637363,0.612637362637,0.667582417582,0.255494505495,0.79532967033,0.549450549451,0.0714285714286,0.351648351648,0.184065934066,0.302197802198
2023-09-22,0.486263736264,0.223901098901,0.203296703297,0.434065934066,0.387362637363,0.612637362637,0.659340659341,0.269230769231,0.793956043956,0.538461538462,0.0714285714286,0.39010989011,0.195054945055,0.321428571429
2023-09-23,0.487637362637,0.223901098901,0.247252747253,0.453296703297,0.384615384615,0.607142857143,0.637362637363,0.252747252747,0.792582417582,0.546703296703,0.0714285714286,0.39010989011,0.203296703297,0.337912087912
2023-09-24,0.489010989011,0.223901098901,0.28021978022,0.453296703297,0.337912087912,0.456043956044,0.590659340659,0.233516483516,0.519230769231,0.708791208791,0.0796703296703,0.398351648352,0.206043956044,0.354395604396
2023-09-25,0.490384615385,0.223901098901,0.0521978021978,0.164835164835,0.346153846154,0.475274725275,0.60989010989,0.288461538462,0.692307692308,0.692307692308,0.0796703296703,0.398351648352,0.203296703297,0.346153846154
2023-09-26,0.491758241758,0.223901098901,0.211538461538,0.269230769231,0.32967032967,0.442307692308,0.607142857143,0.464285714286,0.318681318681,0.71978021978,0.0851648351648,0.406593406593,0.236263736264,0.357142857143
2023-09-27,0.490384615385,0.225274725275,0.208791208791,0.236263736264,0.351648351648,0.516483516484,0.516483516484,0.516483516484,0.51510989011,0.60989010989,0.0714285714286,0.337912087912,0.269230769231,0.291208791209
2023-09-28,0.489010989011,0.226648351648,0.5,0.436813186813,0.414835164835,0.752747252747,0.714285714286,0.565934065934,0.513736263736,0.200549450549,0.0906593406593,0.398351648352,0.291208791209,0.324175824176
2023-09-29,0.876373626374,0.226648351648,0.870879120879,0.796703296703,0.412087912088,0.728021978022,0.697802197802,0.546703296703,0.512362637363,0.291208791209,0.0934065934066,0.401098901099,0.401098901099,0.357142857143
2023-09-30,0.851648351648,0.226648351648,0.722527472527,0.697802197802,0.412087912088,0.741758241758,0.714285714286,0.557692307692,0.510989010989,0.255494505495,0.0934065934066,0.406593406593,0.494505494505,0.406593406593
2023-10-01,0.960164835165,0.226648351648,0.730769230769,0.711538461538,0.502747252747,0.903846153846,0.826923076923,0.634615384615,0.509615384615,0.0549450549451,0.10989010989,0.406593406593,0.596153846154,0.527472527473
2023-10-02,0.936813186813,0.226648351648,0.96978021978,0.950549450549,0.450549450549,0.78021978022,0.744505494505,0.571428571429,0.508241758242,0.458791208791,0.10989010989,0.401098901099,0.381868131868,0.291208791209
2023-10-03,0.910714285714,0.226648351648,0.637362637363,0.739010989011,0.445054945055,0.763736263736,0.711538461538,0.585164835165,0.690934065934,0.513736263736,0.0989010989011,0.376373626374,0.43956043956,0.296703296703
2023-10-04,0.887362637363,0.228021978022,0.565934065934,0.667582417582,0.480769230769,0.832417582418,0.711538461538,0.626373626374,0.505494505495,0.346153846154,0.104395604396,0.376373626374,0.263736263736,0.217032967033
2023-10-05,0.839285714286,0.228021978022,0.771978021978,0.796703296703,0.436813186813,0.71978021978,0.653846153846,0.601648351648,0.791208791209,0.593406593407,0.129120879121,0.412087912088,0.178571428571,0.181318681319
2023-10-06,0.326923076923,0.601648351648,0.423076923077,0.596153846154,0.494505494505,0.835164835165,0.717032967033,0.629120879121,0.686813186813,0.354395604396,0.153846153846,0.442307692308,0.197802197802,0.178571428571
2023-10-07,0.76510989011,0.226648351648,0.793956043956,0.807692307692,0.497252747253,0.804945054945,0.722527472527,0.629120879121,0.68543956044,0.343406593407,0.153846153846,0.447802197802,0.192307692308,0.164835164835
2023-10-08,0.232142857143,0.600274725275,0.782967032967,0.796703296703,0.489010989011,0.771978021978,0.695054945055,0.483516483516,0.684065934066,0.376373626374,0.153846153846,0.445054945055,0.195054945055,0.236263736264
2023-10-09,0.233516483516,0.598901098901,0.686813186813,0.747252747253,0.442307692308,0.678571428571,0.549450549451,0.486263736264,0.851648351648,0.598901098901,0.148351648352,0.428571428571,0.156593406593,0.123626373626
2023-10-10,0.23489010989,0.597527472527,0.293956043956,0.516483516484,0.423076923077,0.612637362637,0.521978021978,0.604395604396,0.787087912088,0.722527472527,0.156593406593,0.436813186813,0.203296703297,0.0659340659341
2023-10-11,0.271978021978,0.598901098901,0.131868131868,0.332417582418,0.483516483516,0.379120879121,0.535714285714,0.554945054945,0.785714285714,0.873626373626,0.14010989011,0.409340659341,0.354395604396,0.162087912088
2023-10-12,0.302197802198,0.600274725275,0.0741758241758,0.120879120879,0.46978021978,0.315934065934,0.5,0.538461538462,0.850274725275,0.887362637363,0.151098901099,0.412087912088,0.230769230769,0.0906593406593
2023-10-13,0.333791208791,0.601648351648,0.0796703296703,0.0989010989011,0.494505494505,0.39010989011,0.53021978022,0.532967032967,0.487637362637,0.865384615385,0.159340659341,0.412087912088,0.247252747253,0.126373626374
2023-10-14,0.383241758242,0.603021978022,0.244505494505,0.18956043956,0.505494505495,0.401098901099,0.607142857143,0.546703296703,0.486263736264,0.868131868132,0.131868131868,0.376373626374,0.241758241758,0.123626373626
2023-10-15,0.434065934066,0.604395604396,0.269230769231,0.214285714286,0.535714285714,0.53021978022,0.653846153846,0.590659340659,0.781593406593,0.590659340659,0.137362637363,0.401098901099,0.162087912088,0.0686813186813
2023-10-16,0.432692307692,0.605769230769,0.769230769231,0.549450549451,0.692307692308,0.914835164835,0.802197802198,0.664835164835,0.67032967033,0.0535714285714,0.35989010989,0.620879120879,0.0906593406593,0.0247252747253
2023-10-17,0.495879120879,0.223901098901,0.983516483516,0.950549450549,0.667582417582,0.892857142857,0.774725274725,0.634615384615,0.668956043956,0.181318681319,0.365384615385,0.629120879121,0.0604395604396,0.0164835164835
2023-10-18,0.494505494505,0.225274725275,0.934065934066,0.912087912088,0.664835164835,0.865384615385,0.700549450549,0.642857142857,0.667582417582,0.241758241758,0.332417582418,0.598901098901,0.043956043956,0.0137362637363
2023-10-19,0.493131868132,0.226648351648,0.832417582418,0.851648351648,0.711538461538,0.914835164835,0.744505494505,0.667582417582,0.666208791209,0.0549450549451,0.335164835165,0.598901098901,0.00549450549451,0.00824175824176
2023-10-20,0.491758241758,0.228021978022,0.925824175824,0.914835164835,0.846153846154,0.956043956044,0.807692307692,0.769230769231,0.471153846154,0.0563186813187,0.406593406593,0.629120879121,0,0.00549450549451
2023-10-21,0.490384615385,0.229395604396,0.945054945055,0.96978021978,0.965659340659,0.914835164835,0.744505494505,0.821428571429,0.46978021978,0.0576923076923,0.302197802198,0.56043956044,0.00824175824176,0.0192307692308
2023-10-22,0.491758241758,0.229395604396,0.931318681319,0.945054945055,0.964285714286,0.840659340659,0.802197802198,0.791208791209,0.468406593407,0.0590659340659,0.241758241758,0.524725274725,0.0906593406593,0.043956043956
2023-10-23,0.493131868132,0.229395604396,0.906593406593,0.93956043956,0.962912087912,0.961538461538,0.917582417582,0.873626373626,0.467032967033,0.0590659340659,0.791208791209,0.826923076923,0.0192307692308,0.010989010989
2023-10-24,0.494505494505,0.230769230769,0.994505494505,0.994505494505,0.961538461538,0.93956043956,0.917582417582,0.879120879121,0.465659340659,0.0604395604396,0.793956043956,0.82967032967,0.032967032967,0
2023-10-25,0.495879120879,0.232142857143,0.956043956044,0.983516483516,0.960164835165,0.884615384615,0.942307692308,0.892857142857,0.465659340659,0.0604395604396,0.782967032967,0.763736263736,0.0137362637363,0
2023-10-26,0.497252747253,0.233516483516,0.934065934066,0.972527472527,0.865384615385,0.736263736264,0.917582417582,0.876373626374,0.73489010989,0.31043956044,0.788461538462,0.788461538462,0.0521978021978,0.00549450549451
2023-10-27,0.498626373626,0.23489010989,0.840659340659,0.934065934066,0.807692307692,0.645604395604,0.909340659341,0.870879120879,0.663461538462,0.428571428571,0.793956043956,0.807692307692,0.0549450549451,0.00824175824176
2023-10-28,0.5,0.23489010989,0.700549450549,0.89010989011,0.840659340659,0.648351648352,0.909340659341,0.865384615385,0.733516483516,0.412087912088,0.788461538462,0.892857142857,0.043956043956,0.00274725274725
2023-10-29,0.501373626374,0.23489010989,0.733516483516,0.895604395604,0.958791208791,0.695054945055,0.936813186813,0.862637362637,0.81456043956,0.348901098901,0.769230769231,0.876373626374,0.0851648351648,0.0137362637363
2023-10-30,0.502747252747,0.23489010989,0.868131868132,0.912087912088,0.909340659341,0.64010989011,0.942307692308,0.862637362637,0.777472527473,0.384615384615,0.752747252747,0.92032967033,0.10989010989,0.0302197802198
2023-10-31,0.504120879121,0.23489010989,0.728021978022,0.862637362637,0.957417582418,0.651098901099,0.958791208791,0.898351648352,0.848901098901,0.357142857143,0.695054945055,0.906593406593,0.0604395604396,0.0357142857143
2023-11-01,0.505494505495,0.23489010989,0.741758241758,0.82967032967,0.956043956044,0.747252747253,0.964285714286,0.917582417582,0.773351648352,0.288461538462,0.686813186813,0.884615384615,0.0796703296703,0.0247252747253
2023-11-02,0.506868131868,0.23489010989,0.901098901099,0.901098901099,0.818681318681,0.60989010989,0.958791208791,0.903846153846,0.940934065934,0.568681318681,0.739010989011,0.906593406593,0.0467032967033,0.0137362637363
2023-11-03,0.508241758242,0.23489010989,0.626373626374,0.758241758242,0.777472527473,0.538461538462,0.953296703297,0.909340659341,0.93956043956,0.651098901099,0.747252747253,0.912087912088,0.10989010989,0.0357142857143
2023-11-04,0.509615384615,0.23489010989,0.543956043956,0.659340659341,0.851648351648,0.656593406593,0.950549450549,0.917582417582,0.961538461538,0.593406593407,0.747252747253,0.912087912088,0.14010989011,0.0357142857143
2023-11-05,0.876373626374,0.23489010989,0.692307692308,0.744505494505,0.82967032967,0.626373626374,0.903846153846,0.917582417582,0.960164835165,0.623626373626,0.659340659341,0.843406593407,0.304945054945,0.0659340659341
2023-11-06,0.850274725275,0.236263736264,0.620879120879,0.703296703297,0.837912087912,0.623626373626,0.909340659341,0.909340659341,0.958791208791,0.618131868132,0.645604395604,0.840659340659,0.489010989011,0.0741758241758
2023-11-07,0.825549450549,0.237637362637,0.607142857143,0.692307692308,0.903846153846,0.725274725275,0.917582417582,0.887362637363,0.957417582418,0.568681318681,0.626373626374,0.835164835165,0.315934065934,0.0302197802198
2023-11-08,0.800824175824,0.239010989011,0.758241758242,0.75,0.95467032967,0.741758241758,0.906593406593,0.903846153846,0.956043956044,0.370879120879,0.629120879121,0.840659340659,0.376373626374,0.00549450549451
2023-11-09,0.938186813187,0.240384615385,0.793956043956,0.782967032967,0.953296703297,0.876373626374,0.903846153846,0.934065934066,0.828296703297,0.200549450549,0.626373626374,0.815934065934,0.96978021978,0.244505494505
2023-11-10,0.912087912088,0.241758241758,0.873626373626,0.851648351648,0.951923076923,0.898351648352,0.912087912088,0.906593406593,0.791208791209,0.126373626374,0.629120879121,0.854395604396,0.791208791209,0.0851648351648
2023-11-11,0.596153846154,0.629120879121,0.912087912088,0.895604395604,0.873626373626,0.846153846154,0.901098901099,0.917582417582,0.901098901099,0.25,0.645604395604,0.879120879121,0.598901098901,0.148351648352
2023-11-12,0.869505494505,0.243131868132,0.835164835165,0.843406593407,0.857142857143,0.774725274725,0.782967032967,0.917582417582,0.924450549451,0.302197802198,0.0604395604396,0.192307692308,0.854395604396,0.145604395604
2023-11-13,0.815934065934,0.244505494505,0.747252747253,0.815934065934,0.736263736264,0.598901098901,0.717032967033,0.876373626374,0.989010989011,0.653846153846,0.0631868131868,0.192307692308,0.983516483516,0.326923076923
2023-11-14,0.936813186813,0.245879120879,0.21978021978,0.565934065934,0.64010989011,0.277472527473,0.601648351648,0.854395604396,0.982142857143,0.914835164835,0.107142857143,0.236263736264,0.983516483516,0.318681318681
2023-11-15,0.907967032967,0.245879120879,0.0686813186813,0.211538461538,0.950549450549,0.870879120879,0.760989010989,0.92032967033,0.998626373626,0.637362637363,0.401098901099,0.494505494505,0.824175824176,0.208791208791
2023-11-16,0.884615384615,0.247252747253,0.887362637363,0.824175824176,0.64010989011,0.447802197802,0.68956043956,0.843406593407,0.978021978022,0.950549450549,0.593406593407,0.571428571429,0.843406593407,0.233516483516
2023-11-17,0.832417582418,0.248626373626,0.291208791209,0.409340659341,0.686813186813,0.576923076923,0.711538461538,0.870879120879,0.976648351648,0.923076923077,0.596153846154,0.57967032967,0.81043956044,0.162087912088
2023-11-18,0.777472527473,0.248626373626,0.516483516484,0.53021978022,0.678571428571,0.571428571429,0.673076923077,0.89010989011,0.967032967033,0.936813186813,0.596153846154,0.574175824176,0.82967032967,0.293956043956
2023-11-19,0.0700549450549,0.835164835165,0.497252747253,0.519230769231,0.791208791209,0.78021978022,0.733516483516,0.934065934066,0.980769230769,0.870879120879,0.604395604396,0.593406593407,0.796703296703,0.31043956044
2023-11-20,0.311813186813,0.633241758242,0.793956043956,0.706043956044,0.81043956044,0.81043956044,0.722527472527,0.972527472527,0.972527472527,0.865384615385,0.607142857143,0.604395604396,0.824175824176,0.230769230769
2023-11-21,0.0714285714286,0.833791208791,0.752747252747,0.703296703297,0.576923076923,0.258241758242,0.453296703297,0.901098901099,0.875,0.978021978022,0.722527472527,0.629120879121,0.873626373626,0.307692307692
2023-11-22,0.0906593406593,0.832417582418,0.0604395604396,0.148351648352,0.799450549451,0.793956043956,0.692307692308,0.96978021978,0.98489010989,0.942307692308,0.824175824176,0.686813186813,0.978021978022,0.379120879121
2023-11-23,0.105769230769,0.831043956044,0.695054945055,0.631868131868,0.771978021978,0.75,0.697802197802,0.961538461538,0.957417582418,0.950549450549,0.824175824176,0.68956043956,0.923076923077,0.384615384615
2023-11-24,0.141483516484,0.82967032967,0.612637362637,0.574175824176,0.870879120879,0.837912087912,0.708791208791,0.961538461538,0.946428571429,0.870879120879,0.826923076923,0.697802197802,0.909340659341,0.431318681319
2023-11-25,0.18956043956,0.828296703297,0.662087912088,0.656593406593,0.887362637363,0.846153846154,0.717032967033,0.873626373626,0.924450549451,0.843406593407,0.824175824176,0.700549450549,0.741758241758,0.574175824176
2023-11-26,0.26510989011,0.826923076923,0.659340659341,0.662087912088,0.802197802198,0.758241758242,0.678571428571,0.857142857143,0.968406593407,0.684065934066,0.843406593407,0.706043956044,0.725274725275,0.730769230769
2023-11-27,0.32967032967,0.825549450549,0.428571428571,0.535714285714,0.75,0.706043956044,0.637362637363,0.851648351648,0.887362637363,0.730769230769,0.846153846154,0.708791208791,0.758241758242,0.60989010989
2023-11-28,0.414835164835,0.612637362637,0.395604395604,0.453296703297,0.89010989011,0.832417582418,0.656593406593,0.851648351648,0.942307692308,0.612637362637,0.851648351648,0.725274725275,0.75,0.67032967033
2023-11-29,0.122252747253,0.824175824176,0.673076923077,0.620879120879,0.898351648352,0.835164835165,0.571428571429,0.785714285714,0.917582417582,0.285714285714,0.802197802198,0.673076923077,0.14010989011,0.662087912088
2023-11-30,0.168956043956,0.608516483516,0.623626373626,0.598901098901,0.862637362637,0.81043956044,0.453296703297,0.771978021978,0.916208791209,0.321428571429,0.788461538462,0.673076923077,0.381868131868,0.739010989011
2023-12-01,0.196428571429,0.608516483516,0.502747252747,0.538461538462,0.949175824176,0.89010989011,0.598901098901,0.804945054945,0.697802197802,0.0563186813187,0.818681318681,0.728021978022,0.379120879121,0.497252747253
2023-12-02,0.236263736264,0.607142857143,0.840659340659,0.785714285714,0.947802197802,0.92032967033,0.662087912088,0.714285714286,0.646978021978,0.0576923076923,0.846153846154,0.739010989011,0.557692307692,0.884615384615
2023-12-03,0.277472527473,0.607142857143,0.936813186813,0.887362637363,0.946428571429,0.912087912088,0.747252747253,0.697802197802,0.582417582418,0.0590659340659,0.813186813187,0.714285714286,0.362637362637,0.953296703297
2023-12-04,0.0728021978022,0.822802197802,0.93956043956,0.912087912088,0.945054945055,0.958791208791,0.837912087912,0.733516483516,0.402472527473,0.0604395604396,0.85989010989,0.733516483516,0.258241758242,0.917582417582
2023-12-05,0.10989010989,0.821428571429,0.96978021978,0.972527472527,0.943681318681,0.96978021978,0.821428571429,0.804945054945,0.401098901099,0.0618131868132,0.774725274725,0.601648351648,0.239010989011,0.604395604396
2023-12-06,0.151098901099,0.820054945055,0.986263736264,0.983516483516,0.821428571429,0.898351648352,0.865384615385,0.804945054945,0.399725274725,0.21978021978,0.590659340659,0.491758241758,0.167582417582,0.491758241758
2023-12-07,0.659340659341,0.601648351648,0.931318681319,0.964285714286,0.711538461538,0.75,0.835164835165,0.769230769231,0.581043956044,0.39010989011,0.60989010989,0.508241758242,0.730769230769,0.961538461538
2023-12-08,0.699175824176,0.230769230769,0.736263736264,0.873626373626,0.942307692308,0.81043956044,0.862637362637,0.785714285714,0.645604395604,0.296703296703,0.612637362637,0.508241758242,0.571428571429,0.873626373626
2023-12-09,0.700549450549,0.230769230769,0.881868131868,0.92032967033,0.791208791209,0.659340659341,0.818681318681,0.760989010989,0.644230769231,0.434065934066,0.620879120879,0.508241758242,0.563186813187,0.832417582418
2023-12-10,0.701923076923,0.230769230769,0.634615384615,0.821428571429,0.804945054945,0.634615384615,0.815934065934,0.758241758242,0.696428571429,0.428571428571,0.620879120879,0.519230769231,0.576923076923,0.862637362637
2023-12-11,0.701923076923,0.232142857143,0.612637362637,0.796703296703,0.494505494505,0.0549450549451,0.799450549451,0.664835164835,0.953296703297,0.945054945055,0.736263736264,0.521978021978,0.593406593407,0.92032967033
2023-12-12,0.700549450549,0.233516483516,0.0659340659341,0.18956043956,0.510989010989,0.0879120879121,0.739010989011,0.686813186813,0.912087912088,0.925824175824,0.618131868132,0.458791208791,0.291208791209,0.903846153846
2023-12-13,0.699175824176,0.23489010989,0.162087912088,0.282967032967,0.645604395604,0.436813186813,0.791208791209,0.728021978022,0.729395604396,0.824175824176,0.667582417582,0.475274725275,0.217032967033,0.722527472527
2023-12-14,0.652472527473,0.236263736264,0.631868131868,0.57967032967,0.662087912088,0.472527472527,0.782967032967,0.71978021978,0.728021978022,0.813186813187,0.662087912088,0.472527472527,0.392857142857,0.804945054945
2023-12-15,0.601648351648,0.237637362637,0.607142857143,0.571428571429,0.552197802198,0.17032967033,0.736263736264,0.692307692308,0.872252747253,0.93956043956,0.741758241758,0.521978021978,0.28021978022,0.535714285714
2023-12-16,0.498626373626,0.239010989011,0.282967032967,0.357142857143,0.574175824176,0.28021978022,0.771978021978,0.695054945055,0.817307692308,0.898351648352,0.711538461538,0.513736263736,0.25,0.472527472527
2023-12-17,0.497252747253,0.240384615385,0.414835164835,0.442307692308,0.497252747253,0.0934065934066,0.733516483516,0.653846153846,0.815934065934,0.96978021978,0.769230769231,0.532967032967,0.39010989011,0.697802197802
2023-12-18,0.495879120879,0.241758241758,0.145604395604,0.236263736264,0.60989010989,0.417582417582,0.769230769231,0.686813186813,0.791208791209,0.887362637363,0.804945054945,0.554945054945,0.288461538462,0.552197802198
2023-12-19,0.494505494505,0.243131868132,0.695054945055,0.552197802198,0.568681318681,0.307692307692,0.736263736264,0.612637362637,0.840659340659,0.881868131868,0.815934065934,0.574175824176,0.288461538462,0.0769230769231
2023-12-20,0.493131868132,0.244505494505,0.475274725275,0.458791208791,0.763736263736,0.667582417582,0.799450549451,0.651098901099,0.811813186813,0.722527472527,0.854395604396,0.585164835165,0.14010989011,0.118131868132
2023-12-21,0.866758241758,0.245879120879,0.796703296703,0.706043956044,0.818681318681,0.692307692308,0.771978021978,0.662087912088,0.870879120879,0.703296703297,0.843406593407,0.571428571429,0.195054945055,0.222527472527
2023-12-22,0.836538461538,0.247252747253,0.774725274725,0.717032967033,0.840659340659,0.692307692308,0.728021978022,0.67032967033,0.807692307692,0.557692307692,0.818681318681,0.733516483516,0.302197802198,0.398351648352
2023-12-23,0.807692307692,0.248626373626,0.752747252747,0.700549450549,0.771978021978,0.634615384615,0.692307692308,0.68956043956,0.744505494505,0.637362637363,0.824175824176,0.75,0.293956043956,0.307692307692
2023-12-24,0.78021978022,0.25,0.593406593407,0.60989010989,0.642857142857,0.445054945055,0.5,0.700549450549,0.778846153846,0.401098901099,0.67032967033,0.598901098901,0.502747252747,0.337912087912
2023-12-25,0.989010989011,0.25,0.164835164835,0.373626373626,0.730769230769,0.596153846154,0.313186813187,0.596153846154,0.656593406593,0.274725274725,0.527472527473,0.486263736264,0.629120879121,0.412087912088
2023-12-26,0.979395604396,0.25,0.524725274725,0.538461538462,0.57967032967,0.302197802198,0.241758241758,0.642857142857,0.777472527473,0.557692307692,0.541208791209,0.5,0.81043956044,0.461538461538
2023-12-27,0.82967032967,0.633241758242,0.142857142857,0.25,0.700549450549,0.538461538462,0.376373626374,0.662087912088,0.737637362637,0.373626373626,0.571428571429,0.519230769231,0.664835164835,0.843406593407
2023-12-28,0.770604395604,0.631868131868,0.601648351648,0.527472527473,0.582417582418,0.313186813187,0.195054945055,0.623626373626,0.806318681319,0.565934065934,0.554945054945,0.497252747253,0.82967032967,0.862637362637
2023-12-29,0.718406593407,0.630494505495,0.222527472527,0.288461538462,0.527472527473,0.167582417582,0.178571428571,0.53021978022,0.690934065934,0.673076923077,0.56043956044,0.491758241758,0.75,0.793956043956
2023-12-30,0.626373626374,0.629120879121,0.145604395604,0.178571428571,0.532967032967,0.178571428571,0.181318681319,0.527472527473,0.68956043956,0.659340659341,0.56043956044,0.489010989011,0.708791208791,0.763736263736
2023-12-31,0.572802197802,0.627747252747,0.239010989011,0.236263736264,0.546703296703,0.236263736264,0.502747252747,0.653846153846,0.733516483516,0.615384615385,0.324175824176,0.335164835165,0.604395604396,0.700549450549
2024-01-01,0.472527472527,0.626373626374,0.313186813187,0.296703296703,0.940934065934,0.760989010989,0.612637362637,0.645604395604,0.773351648352,0.225274725275,0.43956043956,0.395604395604,0.615384615385,0.453296703297
2024-01-02,0.10989010989,0.843406593407,0.925824175824,0.796703296703,0.93956043956,0.870879120879,0.574175824176,0.68956043956,0.57967032967,0.115384615385,0.392857142857,0.384615384615,0.543956043956,0.348901098901
2024-01-03,0.111263736264,0.842032967033,0.903846153846,0.826923076923,0.521978021978,0.398351648352,0.346153846154,0.535714285714,0.804945054945,0.587912087912,0.546703296703,0.414835164835,0.263736263736,0.291208791209
2024-01-04,0.163461538462,0.840659340659,0.195054945055,0.307692307692,0.684065934066,0.717032967033,0.582417582418,0.620879120879,0.869505494505,0.365384615385,0.568681318681,0.412087912088,0.35989010989,0.258241758242
2024-01-05,0.230769230769,0.616758241758,0.596153846154,0.57967032967,0.678571428571,0.703296703297,0.557692307692,0.64010989011,0.833791208791,0.365384615385,0.565934065934,0.409340659341,0.39010989011,0.277472527473
2024-01-06,0.270604395604,0.615384615385,0.587912087912,0.552197802198,0.651098901099,0.664835164835,0.601648351648,0.64010989011,0.832417582418,0.403846153846,0.516483516484,0.387362637363,0.277472527473,0.304945054945
2024-01-07,0.298076923077,0.614010989011,0.543956043956,0.516483516484,0.642857142857,0.642857142857,0.502747252747,0.598901098901,0.79532967033,0.409340659341,0.461538461538,0.381868131868,0.379120879121,0.288461538462
2024-01-08,0.328296703297,0.612637362637,0.494505494505,0.502747252747,0.938186813187,0.956043956044,0.717032967033,0.733516483516,0.331043956044,0.0535714285714,0.766483516484,0.494505494505,0.315934065934,0.241758241758
2024-01-09,0.817307692308,0.232142857143,0.942307692308,0.898351648352,0.673076923077,0.901098901099,0.582417582418,0.711538461538,0.622252747253,0.274725274725,0.747252747253,0.467032967033,0.692307692308,0.302197802198
2024-01-10,0.818681318681,0.232142857143,0.741758241758,0.755494505495,0.813186813187,0.917582417582,0.601648351648,0.684065934066,0.32967032967,0.203296703297,0.752747252747,0.46978021978,0.989010989011,0.881868131868
2024-01-11,0.369505494505,0.611263736264,0.813186813187,0.799450549451,0.725274725275,0.881868131868,0.576923076923,0.615384615385,0.561813186813,0.28021978022,0.758241758242,0.472527472527,0.96978021978,0.898351648352
2024-01-12,0.370879120879,0.611263736264,0.576923076923,0.68956043956,0.318681318681,0.107142857143,0.266483516484,0.401098901099,0.715659340659,0.854395604396,0.942307692308,0.653846153846,1,0.991758241758
2024-01-13,0.372252747253,0.611263736264,0.0247252747253,0.0659340659341,0.321428571429,0.112637362637,0.348901098901,0.318681318681,0.758241758242,0.846153846154,0.93956043956,0.653846153846,1,1
2024-01-14,0.373626373626,0.611263736264,0.0906593406593,0.112637362637,0.25,0.0247252747253,0.145604395604,0.184065934066,0.325549450549,0.931318681319,0.945054945055,0.755494505495,0.997252747253,1
2024-01-15,0.375,0.611263736264,0.0384615384615,0.0467032967033,0.302197802198,0.0934065934066,0.365384615385,0.260989010989,0.615384615385,0.851648351648,0.936813186813,0.769230769231,0.994505494505,1
2024-01-16,0.092032967033,0.840659340659,0.192307692308,0.159340659341,0.343406593407,0.186813186813,0.335164835165,0.307692307692,0.711538461538,0.793956043956,0.931318681319,0.763736263736,0.986263736264,0.991758241758
2024-01-17,0.114010989011,0.840659340659,0.423076923077,0.31043956044,0.324175824176,0.129120879121,0.392857142857,0.252747252747,0.482142857143,0.824175824176,0.928571428571,0.752747252747,0.964285714286,0.991758241758
2024-01-18,0.495879120879,0.612637362637,0.32967032967,0.25,0.197802197802,0.032967032967,0.285714285714,0.181318681319,0.325549450549,0.947802197802,0.945054945055,0.766483516484,0.980769230769,0.991758241758
2024-01-19,0.593406593407,0.614010989011,0.0989010989011,0.0769230769231,0.236263736264,0.0796703296703,0.31043956044,0.206043956044,0.179945054945,0.903846153846,0.945054945055,0.766483516484,0.986263736264,0.989010989011
2024-01-20,0.645604395604,0.232142857143,0.271978021978,0.181318681319,0.247252747253,0.120879120879,0.299450549451,0.326923076923,0.181318681319,0.89010989011,0.942307692308,0.865384615385,0.983516483516,0.980769230769
2024-01-21,0.644230769231,0.233516483516,0.304945054945,0.195054945055,0.233516483516,0.134615384615,0.104395604396,0.321428571429,0.182692307692,0.914835164835,0.887362637363,0.758241758242,0.989010989011,0.986263736264
2024-01-22,0.642857142857,0.23489010989,0.263736263736,0.173076923077,0.0934065934066,0.00824175824176,0.0164835164835,0.162087912088,0.335164835165,0.96978021978,0.925824175824,0.782967032967,0.989010989011,0.983516483516
2024-01-23,0.641483516484,0.236263736264,0.0137362637363,0.0247252747253,0.123626373626,0.021978021978,0.0989010989011,0.175824175824,0.336538461538,0.953296703297,0.876373626374,0.692307692308,0.967032967033,0.928571428571
2024-01-24,0.178571428571,0.626373626374,0.178571428571,0.0879120879121,0.137362637363,0.0412087912088,0.0631868131868,0.225274725275,0.337912087912,0.892857142857,0.843406593407,0.631868131868,0.958791208791,0.93956043956
2024-01-25,0.692307692308,0.237637362637,0.335164835165,0.153846153846,0.134615384615,0.0576923076923,0.0604395604396,0.186813186813,0.339285714286,0.508241758242,0.840659340659,0.634615384615,0.950549450549,0.936813186813
2024-01-26,0.909340659341,0.239010989011,0.307692307692,0.153846153846,0.282967032967,0.467032967033,0.14010989011,0.343406593407,0.0934065934066,0.0989010989011,0.917582417582,0.730769230769,0.928571428571,0.804945054945
2024-01-27,0.975274725275,0.240384615385,0.870879120879,0.64010989011,0.307692307692,0.538461538462,0.173076923077,0.321428571429,0.0700549450549,0.0467032967033,0.917582417582,0.75,0.928571428571,0.887362637363
2024-01-28,0.961538461538,0.241758241758,0.895604395604,0.722527472527,0.307692307692,0.524725274725,0.0467032967033,0.32967032967,0.0714285714286,0.107142857143,0.81043956044,0.508241758242,0.950549450549,0.906593406593
2024-01-29,0.942307692308,0.243131868132,0.744505494505,0.629120879121,0.387362637363,0.807692307692,0.118131868132,0.326923076923,0.348901098901,0.0480769230769,0.818681318681,0.557692307692,0.914835164835,0.950549450549
2024-01-30,0.217032967033,0.848901098901,0.934065934066,0.846153846154,0.368131868132,0.708791208791,0.0879120879121,0.302197802198,0.192307692308,0.153846153846,0.815934065934,0.552197802198,0.464285714286,0.956043956044
2024-01-31,0.218406593407,0.847527472527,0.695054945055,0.733516483516,0.343406593407,0.629120879121,0.0851648351648,0.269230769231,0.100274725275,0.244505494505,0.818681318681,0.565934065934,0.186813186813,0.760989010989
2024-02-01,0.21978021978,0.846153846154,0.456043956044,0.554945054945,0.379120879121,0.68956043956,0.442307692308,0.324175824176,0.196428571429,0.14010989011,0.414835164835,0.291208791209,0.0769230769231,0.752747252747
2024-02-02,0.0315934065934,0.960164835165,0.631868131868,0.653846153846,0.387362637363,0.664835164835,0.450549450549,0.351648351648,0.358516483516,0.120879120879,0.417582417582,0.318681318681,0.0357142857143,0.769230769231
2024-02-03,0.032967032967,0.958791208791,0.659340659341,0.675824175824,0.373626373626,0.604395604396,0.574175824176,0.326923076923,0.35989010989,0.164835164835,0.370879120879,0.31043956044,0.0659340659341,0.807692307692
2024-02-04,0.0480769230769,0.957417582418,0.546703296703,0.587912087912,0.346153846154,0.494505494505,0.414835164835,0.351648351648,0.197802197802,0.282967032967,0.357142857143,0.299450549451,0.104395604396,0.807692307692
2024-02-05,0.00686813186813,1,0.263736263736,0.445054945055,0.354395604396,0.519230769231,0.357142857143,0.313186813187,0.364010989011,0.255494505495,0.346153846154,0.291208791209,0.0631868131868,0.56043956044
2024-02-06,0.021978021978,0.998626373626,0.373626373626,0.46978021978,0.39010989011,0.618131868132,0.450549450549,0.376373626374,0.535714285714,0.148351648352,0.354395604396,0.293956043956,0.145604395604,0.695054945055
2024-02-07,0.0714285714286,0.997252747253,0.574175824176,0.576923076923,0.519230769231,0.82967032967,0.706043956044,0.450549450549,0.365384615385,0.0494505494505,0.293956043956,0.21978021978,0.115384615385,0.700549450549
2024-02-08,0.483516483516,0.611263736264,0.934065934066,0.862637362637,0.626373626374,0.906593406593,0.752747252747,0.483516483516,0.366758241758,0.0508241758242,0.321428571429,0.25,0.0494505494505,0.549450549451
2024-02-09,0.578296703297,0.611263736264,0.956043956044,0.934065934066,0.945054945055,0.950549450549,0.824175824176,0.538461538462,0.366758241758,0.0521978021978,0.406593406593,0.379120879121,0.0412087912088,0.508241758242
2024-02-10,0.631868131868,0.611263736264,0.96978021978,0.980769230769,0.943681318681,0.92032967033,0.843406593407,0.486263736264,0.366758241758,0.0535714285714,0.401098901099,0.370879120879,0.0302197802198,0.557692307692
2024-02-11,0.682692307692,0.23489010989,0.972527472527,0.983516483516,0.942307692308,0.884615384615,0.92032967033,0.483516483516,0.366758241758,0.0549450549451,0.203296703297,0.0769230769231,0.0357142857143,0.607142857143
2024-02-12,0.681318681319,0.236263736264,0.934065934066,0.96978021978,0.940934065934,0.909340659341,0.961538461538,0.684065934066,0.365384615385,0.0563186813187,0.236263736264,0.0906593406593,0.208791208791,0.868131868132
2024-02-13,0.682692307692,0.236263736264,0.945054945055,0.978021978022,0.848901098901,0.785714285714,0.947802197802,0.57967032967,0.364010989011,0.173076923077,0.255494505495,0.120879120879,0.228021978022,0.873626373626
2024-02-14,0.684065934066,0.236263736264,0.824175824176,0.903846153846,0.93956043956,0.851648351648,0.986263736264,0.700549450549,0.364010989011,0.0576923076923,0.277472527473,0.175824175824,0.324175824176,0.903846153846
2024-02-15,0.625,0.237637362637,0.936813186813,0.96978021978,0.93956043956,0.714285714286,0.945054945055,0.71978021978,0.365384615385,0.0590659340659,0.217032967033,0.0851648351648,0.612637362637,0.953296703297
2024-02-16,0.164835164835,0.616758241758,0.865384615385,0.931318681319,0.938186813187,0.64010989011,0.936813186813,0.747252747253,0.366758241758,0.0604395604396,0.222527472527,0.0934065934066,0.57967032967,0.945054945055
2024-02-17,0.570054945055,0.239010989011,0.796703296703,0.884615384615,0.799450549451,0.513736263736,0.928571428571,0.516483516484,0.548076923077,0.28021978022,0.25,0.115384615385,0.637362637363,0.972527472527
2024-02-18,0.568681318681,0.240384615385,0.598901098901,0.804945054945,0.93956043956,0.557692307692,0.89010989011,0.596153846154,0.679945054945,0.228021978022,0.211538461538,0.0906593406593,0.799450549451,0.972527472527
2024-02-19,0.567307692308,0.241758241758,0.747252747253,0.835164835165,0.818681318681,0.486263736264,0.89010989011,0.53021978022,0.681318681319,0.357142857143,0.208791208791,0.0879120879121,0.879120879121,0.81043956044
2024-02-20,0.568681318681,0.241758241758,0.524725274725,0.755494505495,0.93956043956,0.546703296703,0.92032967033,0.596153846154,0.815934065934,0.299450549451,0.192307692308,0.0741758241758,0.945054945055,0.763736263736
2024-02-21,0.892857142857,0.243131868132,0.653846153846,0.777472527473,0.804945054945,0.458791208791,0.881868131868,0.802197802198,0.817307692308,0.464285714286,0.211538461538,0.0879120879121,0.931318681319,0.43956043956
2024-02-22,0.873626373626,0.244505494505,0.527472527473,0.648351648352,0.68956043956,0.354395604396,0.865384615385,0.774725274725,0.777472527473,0.653846153846,0.244505494505,0.129120879121,0.953296703297,0.409340659341
2024-02-23,0.84478021978,0.245879120879,0.313186813187,0.5,0.642857142857,0.206043956044,0.848901098901,0.807692307692,0.820054945055,0.766483516484,0.271978021978,0.156593406593,0.942307692308,0.447802197802
2024-02-24,0.81043956044,0.247252747253,0.167582417582,0.354395604396,0.736263736264,0.412087912088,0.895604395604,0.802197802198,0.818681318681,0.684065934066,0.236263736264,0.126373626374,0.942307692308,0.513736263736
2024-02-25,0.777472527473,0.248626373626,0.563186813187,0.56043956044,0.788461538462,0.43956043956,0.895604395604,0.777472527473,0.846153846154,0.667582417582,0.236263736264,0.134615384615,0.991758241758,0.684065934066
2024-02-26,0.722527472527,0.25,0.626373626374,0.601648351648,0.938186813187,0.895604395604,0.96978021978,0.862637362637,0.872252747253,0.321428571429,0.346153846154,0.332417582418,0.901098901099,0.546703296703
2024-02-27,0.221153846154,0.64010989011,0.961538461538,0.925824175824,0.936813186813,0.967032967033,0.972527472527,0.980769230769,0.548076923077,0.131868131868,0.414835164835,0.370879120879,0.840659340659,0.337912087912
2024-02-28,0.222527472527,0.641483516484,0.980769230769,0.983516483516,0.93543956044,0.986263736264,0.991758241758,1,0.368131868132,0.0618131868132,0.840659340659,0.510989010989,0.678571428571,0.10989010989
2024-02-29,0.223901098901,0.641483516484,1,1,0.662087912088,0.967032967033,0.983516483516,0.994505494505,0.723901098901,0.417582417582,0.854395604396,0.532967032967,0.807692307692,0.195054945055
2024-03-01,0.225274725275,0.64010989011,0.881868131868,0.947802197802,0.85989010989,0.964285714286,0.986263736264,1,0.368131868132,0.332417582418,0.857142857143,0.571428571429,0.892857142857,0.25
2024-03-02,0.270604395604,0.64010989011,0.898351648352,0.958791208791,0.799450549451,0.923076923077,0.961538461538,1,0.767857142857,0.43956043956,0.868131868132,0.607142857143,0.903846153846,0.315934065934
2024-03-03,0.758241758242,0.25,0.826923076923,0.92032967033,0.934065934066,0.917582417582,0.956043956044,1,0.673076923077,0.376373626374,0.857142857143,0.64010989011,0.81043956044,0.527472527473
2024-03-04,0.293956043956,0.641483516484,0.895604395604,0.93956043956,0.932692307692,0.978021978022,0.989010989011,1,0.548076923077,0.17032967033,0.912087912088,0.697802197802,0.565934065934,0.362637362637
2024-03-05,0.317307692308,0.642857142857,0.991758241758,0.994505494505,0.445054945055,0.634615384615,0.906593406593,0.997252747253,0.990384615385,0.813186813187,0.956043956044,0.835164835165,0.843406593407,0.692307692308
2024-03-06,0.35989010989,0.641483516484,0.431318681319,0.659340659341,0.596153846154,0.857142857143,0.956043956044,0.991758241758,0.979395604396,0.744505494505,0.958791208791,0.837912087912,0.901098901099,0.942307692308
2024-03-07,0.972527472527,0.248626373626,0.576923076923,0.744505494505,0.648351648352,0.879120879121,0.956043956044,0.994505494505,0.964285714286,0.717032967033,0.956043956044,0.832417582418,0.934065934066,0.958791208791
2024-03-08,0.956043956044,0.248626373626,0.618131868132,0.755494505495,0.846153846154,0.925824175824,0.983516483516,0.997252747253,0.925824175824,0.656593406593,0.950549450549,0.887362637363,0.887362637363,0.931318681319
2024-03-09,0.736263736264,0.64010989011,0.722527472527,0.785714285714,0.931318681319,0.917582417582,0.980769230769,0.983516483516,0.924450549451,0.645604395604,0.950549450549,0.89010989011,0.771978021978,0.945054945055
2024-03-10,0.225274725275,0.843406593407,0.733516483516,0.793956043956,0.929945054945,0.925824175824,0.986263736264,0.994505494505,0.885989010989,0.60989010989,0.936813186813,0.881868131868,0.483516483516,0.835164835165
2024-03-11,0.226648351648,0.842032967033,0.71978021978,0.793956043956,0.928571428571,0.978021978022,0.991758241758,0.997252747253,0.825549450549,0.483516483516,0.956043956044,0.884615384615,0.401098901099,0.906593406593
2024-03-12,0.688186813187,0.634615384615,0.917582417582,0.909340659341,0.766483516484,0.945054945055,0.986263736264,0.994505494505,0.824175824176,0.571428571429,0.958791208791,0.975274725275,0.368131868132,0.873626373626
2024-03-13,0.686813186813,0.635989010989,0.788461538462,0.843406593407,0.927197802198,0.96978021978,1,0.994505494505,0.854395604396,0.445054945055,0.934065934066,0.972527472527,0.197802197802,0.782967032967
2024-03-14,0.623626373626,0.637362637363,0.85989010989,0.873626373626,0.620879120879,0.901098901099,0.997252747253,0.991758241758,0.962912087912,0.711538461538,0.958791208791,0.978021978022,0.18956043956,0.744505494505
2024-03-15,0.561813186813,0.638736263736,0.43956043956,0.64010989011,0.5,0.692307692308,0.975274725275,0.986263736264,0.994505494505,0.857142857143,0.958791208791,0.983516483516,0.156593406593,0.67032967033
2024-03-16,0.464285714286,0.64010989011,0.296703296703,0.425824175824,0.282967032967,0.0796703296703,0.92032967033,0.961538461538,0.847527472527,0.983516483516,0.980769230769,0.997252747253,0.0686813186813,0.664835164835
2024-03-17,0.56043956044,0.641483516484,0.0384615384615,0.0824175824176,0.445054945055,0.532967032967,0.909340659341,0.975274725275,0.958791208791,0.961538461538,0.972527472527,0.983516483516,0.129120879121,0.417582417582
2024-03-18,0.622252747253,0.245879120879,0.401098901099,0.373626373626,0.379120879121,0.403846153846,0.802197802198,0.956043956044,0.843406593407,0.879120879121,0.972527472527,0.983516483516,0.134615384615,0.351648351648
2024-03-19,0.910714285714,0.247252747253,0.299450549451,0.321428571429,0.112637362637,0,0.324175824176,0.923076923077,0.512362637363,0.986263736264,0.978021978022,0.947802197802,0.184065934066,0.35989010989
2024-03-20,0.457417582418,0.648351648352,0.0357142857143,0.032967032967,0.401098901099,0.5,0.686813186813,0.942307692308,0.806318681319,0.895604395604,1,0.972527472527,0.222527472527,0.513736263736
2024-03-21,0.854395604396,0.248626373626,0.653846153846,0.475274725275,0.299450549451,0.129120879121,0.56043956044,0.92032967033,0.678571428571,0.964285714286,1,0.972527472527,0.354395604396,0.744505494505
2024-03-22,0.342032967033,0.651098901099,0.365384615385,0.299450549451,0.184065934066,0.032967032967,0.5,0.857142857143,0.574175824176,0.975274725275,1,0.978021978022,0.211538461538,0.692307692308
2024-03-23,0.342032967033,0.651098901099,0.151098901099,0.159340659341,0.18956043956,0.0521978021978,0.442307692308,0.81043956044,0.512362637363,0.96978021978,0.997252747253,0.975274725275,0.175824175824,0.450549450549
2024-03-24,0.342032967033,0.651098901099,0.211538461538,0.200549450549,0.373626373626,0.489010989011,0.288461538462,0.895604395604,0.635989010989,0.931318681319,0.989010989011,0.945054945055,0.346153846154,0.403846153846
2024-03-25,0.343406593407,0.651098901099,0.769230769231,0.532967032967,0.546703296703,0.846153846154,0.678571428571,0.884615384615,0.804945054945,0.824175824176,0.986263736264,0.884615384615,0.131868131868,0.368131868132
2024-03-26,0.34478021978,0.649725274725,0.857142857143,0.736263736264,0.56043956044,0.846153846154,0.598901098901,0.881868131868,0.767857142857,0.818681318681,0.983516483516,0.879120879121,0.032967032967,0.282967032967
2024-03-27,0.346153846154,0.648351648352,0.782967032967,0.700549450549,0.521978021978,0.796703296703,0.535714285714,0.868131868132,0.728021978022,0.706043956044,0.983516483516,0.879120879121,0,0.266483516484
2024-03-28,0.347527472527,0.646978021978,0.598901098901,0.596153846154,0.618131868132,0.909340659341,0.535714285714,0.917582417582,0.68543956044,0.365384615385,0.978021978022,0.876373626374,0.0247252747253,0.222527472527
2024-03-29,0.392857142857,0.645604395604,0.733516483516,0.697802197802,0.549450549451,0.802197802198,0.483516483516,0.876373626374,0.732142857143,0.197802197802,0.983516483516,0.884615384615,0.010989010989,0.118131868132
2024-03-30,0.854395604396,0.243131868132,0.505494505495,0.541208791209,0.53021978022,0.774725274725,0.431318681319,0.876373626374,0.686813186813,0.222527472527,0.980769230769,0.884615384615,0.0714285714286,0.0631868131868
2024-03-31,0.394230769231,0.644230769231,0.423076923077,0.505494505495,0.645604395604,0.887362637363,0.315934065934,0.906593406593,0.578296703297,0.0576923076923,0.961538461538,0.832417582418,0.0934065934066,0.0659340659341
2024-04-01,0.395604395604,0.642857142857,0.813186813187,0.725274725275,0.541208791209,0.678571428571,0.239010989011,0.870879120879,0.781593406593,0.271978021978,0.961538461538,0.826923076923,0.0906593406593,0.0521978021978
2024-04-02,0.103021978022,0.85989010989,0.403846153846,0.467032967033,0.304945054945,0.0769230769231,0.0384615384615,0.774725274725,0.638736263736,0.651098901099,0.986263736264,0.837912087912,0.115384615385,0.0274725274725
2024-04-03,0.475274725275,0.638736263736,0.0659340659341,0.0906593406593,0.318681318681,0.118131868132,0.0824175824176,0.807692307692,0.693681318681,0.601648351648,0.983516483516,0.832417582418,0.14010989011,0.0384615384615
2024-04-04,0.122252747253,0.858516483516,0.10989010989,0.129120879121,0.478021978022,0.519230769231,0.304945054945,0.843406593407,0.744505494505,0.42032967033,0.986263736264,0.862637362637,0.0879120879121,0
2024-04-05,0.0178571428571,0.95467032967,0.667582417582,0.483516483516,0.412087912088,0.401098901099,0.549450549451,0.81043956044,0.64010989011,0.46978021978,0.950549450549,0.739010989011,0.0989010989011,0
2024-04-06,0.217032967033,0.854395604396,0.489010989011,0.412087912088,0.494505494505,0.596153846154,0.431318681319,0.744505494505,0.641483516484,0.373626373626,0.942307692308,0.684065934066,0.120879120879,0.00274725274725
2024-04-07,0.26510989011,0.853021978022,0.68956043956,0.527472527473,0.527472527473,0.662087912088,0.516483516484,0.711538461538,0.57967032967,0.318681318681,0.93956043956,0.684065934066,0.263736263736,0.0521978021978
2024-04-08,0.289835164835,0.851648351648,0.708791208791,0.574175824176,0.695054945055,0.892857142857,0.799450549451,0.576923076923,0.581043956044,0.142857142857,0.906593406593,0.467032967033,0.667582417582,0.340659340659
2024-04-09,0.365384615385,0.623626373626,0.865384615385,0.774725274725,0.510989010989,0.620879120879,0.489010989011,0.546703296703,0.645604395604,0.417582417582,0.846153846154,0.35989010989,0.425824175824,0.222527472527
2024-04-10,0.413461538462,0.623626373626,0.332417582418,0.417582417582,0.631868131868,0.818681318681,0.675824175824,0.552197802198,0.754120879121,0.266483516484,0.840659340659,0.318681318681,0.186813186813,0.148351648352
2024-04-11,0.126373626374,0.850274725275,0.667582417582,0.620879120879,0.593406593407,0.744505494505,0.708791208791,0.541208791209,0.866758241758,0.332417582418,0.821428571429,0.285714285714,0.269230769231,0.131868131868
2024-04-12,0.596153846154,0.619505494505,0.46978021978,0.494505494505,0.376373626374,0.255494505495,0.590659340659,0.423076923077,0.505494505495,0.601648351648,0.846153846154,0.348901098901,0.153846153846,0.0494505494505
2024-04-13,0.659340659341,0.226648351648,0.0906593406593,0.134615384615,0.18956043956,0.0164835164835,0.134615384615,0.173076923077,0.347527472527,0.796703296703,0.843406593407,0.326923076923,0.131868131868,0.0824175824176
2024-04-14,0.660714285714,0.226648351648,0.0192307692308,0.0274725274725,0.315934065934,0.0989010989011,0.115384615385,0.365384615385,0.508241758242,0.662087912088,0.837912087912,0.302197802198,0.175824175824,0.0302197802198
2024-04-15,0.597527472527,0.226648351648,0.200549450549,0.151098901099,0.162087912088,0.010989010989,0.0604395604396,0.228021978022,0.348901098901,0.769230769231,0.843406593407,0.324175824176,0.266483516484,0.010989010989
2024-04-16,0.598901098901,0.226648351648,0.0934065934066,0.0576923076923,0.186813186813,0.0247252747253,0.0769230769231,0.211538461538,0.192307692308,0.744505494505,0.846153846154,0.32967032967,0.31043956044,0.00549450549451
2024-04-17,0.600274725275,0.226648351648,0.247252747253,0.134615384615,0.0796703296703,0,0,0.104395604396,0.353021978022,0.846153846154,0.85989010989,0.332417582418,0.381868131868,0.0192307692308
2024-04-18,0.149725274725,0.619505494505,0.0961538461538,0.0549450549451,0.17032967033,0.0467032967033,0.0714285714286,0.173076923077,0.146978021978,0.717032967033,0.870879120879,0.387362637363,0.326923076923,0.0137362637363
2024-04-19,0.67032967033,0.226648351648,0.428571428571,0.277472527473,0.197802197802,0.0851648351648,0.0824175824176,0.167582417582,0.196428571429,0.697802197802,0.873626373626,0.39010989011,0.247252747253,0.0192307692308
2024-04-20,0.668956043956,0.226648351648,0.458791208791,0.348901098901,0.28021978022,0.197802197802,0.0769230769231,0.10989010989,0.148351648352,0.590659340659,0.865384615385,0.373626373626,0.247252747253,0.0467032967033
2024-04-21,0.598901098901,0.226648351648,0.620879120879,0.43956043956,0.282967032967,0.200549450549,0.120879120879,0.134615384615,0.149725274725,0.590659340659,0.85989010989,0.357142857143,0.362637362637,0.0604395604396
2024-04-22,0.598901098901,0.226648351648,0.56043956044,0.431318681319,0.381868131868,0.543956043956,0.508241758242,0.148351648352,0.203296703297,0.274725274725,0.815934065934,0.233516483516,0.28021978022,0.0741758241758
2024-04-23,0.598901098901,0.226648351648,0.85989010989,0.673076923077,0.35989010989,0.486263736264,0.434065934066,0.18956043956,0.20467032967,0.315934065934,0.813186813187,0.236263736264,0.379120879121,0.123626373626
2024-04-24,0.90521978022,0.228021978022,0.741758241758,0.57967032967,0.222527472527,0.131868131868,0.131868131868,0.175824175824,0.366758241758,0.478021978022,0.796703296703,0.195054945055,0.662087912088,0.17032967033
2024-04-25,0.887362637363,0.229395604396,0.123626373626,0.266483516484,0.247252747253,0.156593406593,0.159340659341,0.343406593407,0.206043956044,0.324175824176,0.793956043956,0.195054945055,0.60989010989,0.17032967033
2024-04-26,0.858516483516,0.230769230769,0.260989010989,0.335164835165,0.192307692308,0.0906593406593,0.101648351648,0.195054945055,0.151098901099,0.417582417582,0.782967032967,0.206043956044,0.686813186813,0.228021978022
2024-04-27,0.828296703297,0.232142857143,0.120879120879,0.208791208791,0.17032967033,0.0741758241758,0.0824175824176,0.200549450549,0.152472527473,0.447802197802,0.78021978022,0.217032967033,0.78021978022,0.549450549451
2024-04-28,0.787087912088,0.233516483516,0.175824175824,0.200549450549,0.151098901099,0.0549450549451,0.0137362637363,0.392857142857,0.125,0.483516483516,0.67032967033,0.225274725275,0.623626373626,0.717032967033
2024-04-29,0.252747252747,0.629120879121,0.134615384615,0.159340659341,0.208791208791,0.120879120879,0.104395604396,0.203296703297,0.215659340659,0.379120879121,0.623626373626,0.181318681319,0.552197802198,0.456043956044
2024-04-30,0.254120879121,0.627747252747,0.532967032967,0.392857142857,0.0521978021978,0.00824175824176,0,0.181318681319,0.377747252747,0.695054945055,0.741758241758,0.258241758242,0.535714285714,0.285714285714
2024-05-01,0.932692307692,0.233516483516,0.0934065934066,0.0521978021978,0,0,0,0.156593406593,0.377747252747,0.818681318681,0.782967032967,0.291208791209,0.728021978022,0.475274725275
2024-05-02,0.983516483516,0.23489010989,0.0879120879121,0.0384615384615,0.00549450549451,0.0192307692308,0.0164835164835,0.167582417582,0.377747252747,0.736263736264,0.755494505495,0.247252747253,0.895604395604,0.461538461538
2024-05-03,0.968406593407,0.236263736264,0.244505494505,0.101648351648,0.156593406593,0.417582417582,0.32967032967,0.206043956044,0.0247252747253,0.277472527473,0.821428571429,0.370879120879,0.895604395604,0.414835164835
2024-05-04,0.798076923077,0.635989010989,0.796703296703,0.56043956044,0.225274725275,0.612637362637,0.271978021978,0.148351648352,0.101648351648,0.184065934066,0.815934065934,0.395604395604,0.717032967033,0.35989010989
2024-05-05,0.938186813187,0.237637362637,0.851648351648,0.681318681319,0.233516483516,0.64010989011,0.46978021978,0.159340659341,0.103021978022,0.167582417582,0.774725274725,0.35989010989,0.615384615385,0.401098901099
2024-05-06,0.910714285714,0.239010989011,0.769230769231,0.659340659341,0.167582417582,0.464285714286,0.365384615385,0.14010989011,0.0370879120879,0.217032967033,0.782967032967,0.362637362637,0.620879120879,0.431318681319
2024-05-07,0.570054945055,0.642857142857,0.508241758242,0.497252747253,0.145604395604,0.318681318681,0.497252747253,0.0576923076923,0.0576923076923,0.28021978022,0.681318681319,0.307692307692,0.527472527473,0.414835164835
2024-05-08,0.872252747253,0.240384615385,0.255494505495,0.370879120879,0.0851648351648,0.142857142857,0.230769230769,0.0494505494505,0.391483516484,0.423076923077,0.598901098901,0.241758241758,0.659340659341,0.453296703297
2024-05-09,0.788461538462,0.241758241758,0.0906593406593,0.203296703297,0.167582417582,0.453296703297,0.340659340659,0.134615384615,0.0384615384615,0.156593406593,0.678571428571,0.296703296703,0.642857142857,0.401098901099
2024-05-10,0.193681318681,0.649725274725,0.574175824176,0.502747252747,0.0659340659341,0.104395604396,0.137362637363,0.00549450549451,0.233516483516,0.42032967033,0.75,0.343406593407,0.478021978022,0.318681318681
2024-05-11,0.195054945055,0.648351648352,0.104395604396,0.186813186813,0.0714285714286,0.107142857143,0.142857142857,0.0467032967033,0.173076923077,0.42032967033,0.75,0.343406593407,0.508241758242,0.379120879121
2024-05-12,0.00549450549451,0.956043956044,0.167582417582,0.214285714286,0.104395604396,0.184065934066,0.107142857143,0.236263736264,0.142857142857,0.307692307692,0.673076923077,0.302197802198,0.557692307692,0.373626373626
2024-05-13,0.0837912087912,0.864010989011,0.409340659341,0.351648351648,0.173076923077,0.453296703297,0.17032967033,0.271978021978,0.043956043956,0.126373626374,0.741758241758,0.32967032967,0.387362637363,0.304945054945
2024-05-14,0.0151098901099,0.95467032967,0.752747252747,0.568681318681,0.107142857143,0.206043956044,0.206043956044,0.112637362637,0.0851648351648,0.277472527473,0.678571428571,0.304945054945,0.302197802198,0.458791208791
2024-05-15,0.0288461538462,0.953296703297,0.304945054945,0.346153846154,0.387362637363,0.909340659341,0.541208791209,0.335164835165,0.399725274725,0.0563186813187,0.865384615385,0.431318681319,0.178571428571,0.326923076923
2024-05-16,0.0673076923077,0.951923076923,0.961538461538,0.884615384615,0.348901098901,0.807692307692,0.521978021978,0.255494505495,0.398351648352,0.214285714286,0.868131868132,0.445054945055,0.142857142857,0.263736263736
2024-05-17,0.0934065934066,0.950549450549,0.78021978022,0.769230769231,0.423076923077,0.942307692308,0.629120879121,0.315934065934,0.396978021978,0.0576923076923,0.887362637363,0.456043956044,0.0851648351648,0.260989010989
2024-05-18,0.151098901099,0.949175824176,0.898351648352,0.85989010989,0.417582417582,0.912087912088,0.634615384615,0.230769230769,0.395604395604,0.129120879121,0.881868131868,0.571428571429,0.0961538461538,0.148351648352
2024-05-19,0.263736263736,0.850274725275,0.846153846154,0.840659340659,0.387362637363,0.835164835165,0.56043956044,0.293956043956,0.546703296703,0.208791208791,0.887362637363,0.656593406593,0.153846153846,0.200549450549
2024-05-20,0.798076923077,0.633241758242,0.510989010989,0.697802197802,0.697802197802,0.997252747253,0.813186813187,0.403846153846,0.391483516484,0.0590659340659,0.903846153846,0.656593406593,0.793956043956,0.791208791209
2024-05-21,0.825549450549,0.23489010989,0.980769230769,0.972527472527,0.626373626374,0.953296703297,0.843406593407,0.384615384615,0.39010989011,0.266483516484,0.892857142857,0.60989010989,0.912087912088,0.964285714286
2024-05-22,0.796703296703,0.236263736264,0.796703296703,0.848901098901,0.546703296703,0.848901098901,0.807692307692,0.42032967033,0.388736263736,0.423076923077,0.901098901099,0.612637362637,0.925824175824,0.991758241758
2024-05-23,0.79532967033,0.237637362637,0.513736263736,0.711538461538,0.478021978022,0.711538461538,0.681318681319,0.458791208791,0.708791208791,0.557692307692,0.82967032967,0.565934065934,0.994505494505,1
2024-05-24,0.770604395604,0.239010989011,0.288461538462,0.461538461538,0.516483516484,0.766483516484,0.653846153846,0.43956043956,0.597527472527,0.508241758242,0.826923076923,0.587912087912,0.980769230769,0.991758241758
2024-05-25,0.75,0.240384615385,0.425824175824,0.508241758242,0.554945054945,0.821428571429,0.684065934066,0.494505494505,0.539835164835,0.442307692308,0.826923076923,0.587912087912,0.975274725275,0.96978021978
2024-05-26,0.215659340659,0.638736263736,0.56043956044,0.623626373626,0.510989010989,0.725274725275,0.686813186813,0.46978021978,0.651098901099,0.546703296703,0.821428571429,0.582417582418,1,0.994505494505
2024-05-27,0.706043956044,0.240384615385,0.340659340659,0.458791208791,0.563186813187,0.815934065934,0.733516483516,0.585164835165,0.593406593407,0.453296703297,0.813186813187,0.56043956044,1,0.991758241758
2024-05-28,0.646978021978,0.241758241758,0.53021978022,0.557692307692,0.497252747253,0.686813186813,0.739010989011,0.475274725275,0.760989010989,0.57967032967,0.807692307692,0.552197802198,0.997252747253,0.997252747253
2024-05-29,0.581043956044,0.241758241758,0.348901098901,0.403846153846,0.431318681319,0.576923076923,0.64010989011,0.445054945055,0.759615384615,0.684065934066,0.791208791209,0.510989010989,0.997252747253,0.994505494505
2024-05-30,0.582417582418,0.241758241758,0.230769230769,0.32967032967,0.483516483516,0.662087912088,0.747252747253,0.431318681319,0.758241758242,0.587912087912,0.75,0.425824175824,0.989010989011,0.978021978022
2024-05-31,0.581043956044,0.243131868132,0.436813186813,0.425824175824,0.417582417582,0.513736263736,0.714285714286,0.414835164835,0.756868131868,0.708791208791,0.760989010989,0.434065934066,1,0.983516483516
2024-06-01,0.582417582418,0.243131868132,0.247252747253,0.318681318681,0.428571428571,0.563186813187,0.700549450549,0.381868131868,0.806318681319,0.681318681319,0.752747252747,0.524725274725,1,0.997252747253
2024-06-02,0.583791208791,0.243131868132,0.332417582418,0.354395604396,0.425824175824,0.56043956044,0.651098901099,0.384615384615,0.804945054945,0.681318681319,0.736263736264,0.491758241758,1,0.980769230769
2024-06-03,0.585164835165,0.243131868132,0.337912087912,0.357142857143,0.519230769231,0.717032967033,0.733516483516,0.458791208791,0.75,0.373626373626,0.697802197802,0.467032967033,0.994505494505,0.964285714286
2024-06-04,0.901098901099,0.243131868132,0.582417582418,0.505494505495,0.642857142857,0.89010989011,0.60989010989,0.497252747253,0.513736263736,0.0576923076923,0.403846153846,0.326923076923,0.994505494505,0.942307692308
2024-06-05,0.399725274725,0.642857142857,0.884615384615,0.788461538462,0.67032967033,0.917582417582,0.675824175824,0.527472527473,0.357142857143,0.0590659340659,0.384615384615,0.313186813187,1,0.945054945055
2024-06-06,0.398351648352,0.642857142857,0.846153846154,0.791208791209,0.659340659341,0.873626373626,0.57967032967,0.53021978022,0.512362637363,0.164835164835,0.35989010989,0.274725274725,0.986263736264,0.884615384615
2024-06-07,0.396978021978,0.642857142857,0.664835164835,0.700549450549,0.543956043956,0.714285714286,0.508241758242,0.491758241758,0.870879120879,0.458791208791,0.395604395604,0.326923076923,0.961538461538,0.807692307692
2024-06-08,0.395604395604,0.642857142857,0.162087912088,0.351648351648,0.541208791209,0.68956043956,0.541208791209,0.472527472527,0.835164835165,0.46978021978,0.381868131868,0.337912087912,0.96978021978,0.898351648352
2024-06-09,0.394230769231,0.642857142857,0.17032967033,0.335164835165,0.574175824176,0.736263736264,0.241758241758,0.612637362637,0.798076923077,0.409340659341,0.0796703296703,0.0137362637363,0.824175824176,0.917582417582
2024-06-10,0.10989010989,0.851648351648,0.348901098901,0.395604395604,0.563186813187,0.686813186813,0.318681318681,0.708791208791,0.833791208791,0.434065934066,0.0576923076923,0.00824175824176,0.450549450549,0.85989010989
2024-06-11,0.129120879121,0.851648351648,0.337912087912,0.376373626374,0.491758241758,0.318681318681,0.233516483516,0.587912087912,0.342032967033,0.771978021978,0.123626373626,0.0247252747253,0.348901098901,0.818681318681
2024-06-12,0.149725274725,0.851648351648,0.0769230769231,0.0769230769231,0.574175824176,0.472527472527,0.365384615385,0.464285714286,0.677197802198,0.653846153846,0.10989010989,0.0274725274725,0.195054945055,0.895604395604
2024-06-13,0.168956043956,0.851648351648,0.376373626374,0.302197802198,0.442307692308,0.230769230769,0.233516483516,0.395604395604,0.339285714286,0.813186813187,0.17032967033,0.0357142857143,0.285714285714,0.903846153846
2024-06-14,0.248626373626,0.642857142857,0.151098901099,0.118131868132,0.373626373626,0.162087912088,0.159340659341,0.365384615385,0.337912087912,0.854395604396,0.17032967033,0.0384615384615,0.43956043956,0.923076923077
2024-06-15,0.274725274725,0.642857142857,0.107142857143,0.0824175824176,0.381868131868,0.21978021978,0.211538461538,0.398351648352,0.336538461538,0.82967032967,0.156593406593,0.0357142857143,0.379120879121,0.950549450549
2024-06-16,0.299450549451,0.642857142857,0.181318681319,0.112637362637,0.434065934066,0.315934065934,0.173076923077,0.425824175824,0.174450549451,0.796703296703,0.134615384615,0.0412087912088,0.417582417582,0.967032967033
2024-06-17,0.34478021978,0.642857142857,0.381868131868,0.233516483516,0.412087912088,0.302197802198,0.222527472527,0.464285714286,0.335164835165,0.813186813187,0.107142857143,0.0357142857143,0.197802197802,0.92032967033
2024-06-18,0.392857142857,0.644230769231,0.406593406593,0.252747252747,0.321428571429,0.142857142857,0.192307692308,0.35989010989,0.333791208791,0.898351648352,0.151098901099,0.0549450549451,0.326923076923,0.945054945055
2024-06-19,0.879120879121,0.244505494505,0.184065934066,0.0989010989011,0.315934065934,0.153846153846,0.145604395604,0.42032967033,0.333791208791,0.881868131868,0.118131868132,0.0494505494505,0.601648351648,0.975274725275
2024-06-20,0.388736263736,0.645604395604,0.156593406593,0.0961538461538,0.304945054945,0.175824175824,0.175824175824,0.42032967033,0.333791208791,0.793956043956,0.112637362637,0.0357142857143,0.425824175824,0.967032967033
2024-06-21,0.387362637363,0.645604395604,0.211538461538,0.14010989011,0.285714285714,0.134615384615,0.14010989011,0.384615384615,0.333791208791,0.843406593407,0.115384615385,0.0576923076923,0.434065934066,0.983516483516
2024-06-22,0.385989010989,0.645604395604,0.134615384615,0.0824175824176,0.296703296703,0.192307692308,0.145604395604,0.346153846154,0.333791208791,0.818681318681,0.118131868132,0.0604395604396,0.442307692308,0.989010989011
2024-06-23,0.847527472527,0.245879120879,0.197802197802,0.104395604396,0.230769230769,0.137362637363,0.0934065934066,0.348901098901,0.333791208791,0.887362637363,0.104395604396,0.0467032967033,0.532967032967,0.983516483516
2024-06-24,0.815934065934,0.247252747253,0.0357142857143,0.0357142857143,0.101648351648,0.0357142857143,0.00274725274725,0.118131868132,0.335164835165,0.950549450549,0.206043956044,0.0824175824176,0.760989010989,1
2024-06-25,0.782967032967,0.248626373626,0.0164835164835,0.0137362637363,0.164835164835,0.156593406593,0.010989010989,0.208791208791,0.17032967033,0.741758241758,0.241758241758,0.120879120879,0.692307692308,1
2024-06-26,0.755494505495,0.25,0.236263736264,0.0796703296703,0.137362637363,0.101648351648,0.00824175824176,0.10989010989,0.339285714286,0.678571428571,0.255494505495,0.123626373626,0.755494505495,0.994505494505
2024-06-27,0.931318681319,0.25,0.0906593406593,0.0412087912088,0.164835164835,0.241758241758,0.0467032967033,0.148351648352,0.122252747253,0.510989010989,0.271978021978,0.151098901099,0.854395604396,0.991758241758
2024-06-28,0.906593406593,0.25,0.406593406593,0.164835164835,0.115384615385,0.101648351648,0.0164835164835,0.123626373626,0.174450549451,0.634615384615,0.288461538462,0.17032967033,0.851648351648,0.994505494505
2024-06-29,0.567307692308,0.649725274725,0.107142857143,0.0576923076923,0.148351648352,0.192307692308,0.0192307692308,0.00549450549451,0.123626373626,0.521978021978,0.291208791209,0.222527472527,0.826923076923,0.887362637363
2024-06-30,0.979395604396,0.248626373626,0.302197802198,0.131868131868,0.236263736264,0.513736263736,0.0824175824176,0.0851648351648,0.0398351648352,0.14010989011,0.343406593407,0.392857142857,0.815934065934,0.695054945055
2024-07-01,0.951923076923,0.248626373626,0.846153846154,0.541208791209,0.241758241758,0.546703296703,0.142857142857,0.126373626374,0.0412087912088,0.0549450549451,0.302197802198,0.318681318681,0.851648351648,0.686813186813
2024-07-02,0.910714285714,0.248626373626,0.706043956044,0.53021978022,0.18956043956,0.403846153846,0.101648351648,0.14010989011,0.0563186813187,0.197802197802,0.296703296703,0.373626373626,0.854395604396,0.568681318681
2024-07-03,0.885989010989,0.248626373626,0.43956043956,0.395604395604,0.0989010989011,0.101648351648,0.0824175824176,0.0521978021978,0.0576923076923,0.46978021978,0.313186813187,0.412087912088,0.848901098901,0.667582417582
2024-07-04,0.377747252747,0.648351648352,0.0989010989011,0.0934065934066,0,0.010989010989,0.010989010989,0,0.18956043956,0.717032967033,0.425824175824,0.456043956044,0.703296703297,0.576923076923
2024-07-05,0.0906593406593,0.851648351648,0.0137362637363,0.0164835164835,0,0.0137362637363,0.00549450549451,0.00274725274725,0.190934065934,0.741758241758,0.412087912088,0.453296703297,0.425824175824,0.321428571429
2024-07-06,0.092032967033,0.850274725275,0.0989010989011,0.0357142857143,0.0137362637363,0.0494505494505,0.0247252747253,0.00824175824176,0.0714285714286,0.486263736264,0.472527472527,0.497252747253,0.365384615385,0.31043956044
2024-07-07,0.0164835164835,0.947802197802,0.467032967033,0.239010989011,0,0.00824175824176,0.00274725274725,0,0.116758241758,0.681318681319,0.521978021978,0.541208791209,0.532967032967,0.266483516484
2024-07-08,0.15521978022,0.846153846154,0.0824175824176,0.0494505494505,0.00549450549451,0.032967032967,0.0247252747253,0.010989010989,0.0728021978022,0.53021978022,0.541208791209,0.612637362637,0.56043956044,0.381868131868
2024-07-09,0.0274725274725,0.946428571429,0.35989010989,0.214285714286,0.0192307692308,0.0824175824176,0.0741758241758,0.0164835164835,0.0137362637363,0.299450549451,0.565934065934,0.664835164835,0.318681318681,0.428571428571
2024-07-10,0.730769230769,0.633241758242,0.590659340659,0.414835164835,0.0164835164835,0.0741758241758,0.0686813186813,0.0247252747253,0.0260989010989,0.348901098901,0.56043956044,0.659340659341,0.516483516484,0.428571428571
2024-07-11,0.75,0.631868131868,0.494505494505,0.368131868132,0.0164835164835,0.0714285714286,0.0824175824176,0.0164835164835,0.0357142857143,0.398351648352,0.554945054945,0.662087912088,0.464285714286,0.401098901099
2024-07-12,0.777472527473,0.630494505495,0.384615384615,0.326923076923,0.0247252747253,0.134615384615,0.104395604396,0.0274725274725,0.0370879120879,0.269230769231,0.571428571429,0.675824175824,0.552197802198,0.445054945055
2024-07-13,0.339285714286,0.629120879121,0.519230769231,0.425824175824,0.0741758241758,0.362637362637,0.178571428571,0.043956043956,0.0384615384615,0.0563186813187,0.598901098901,0.700549450549,0.516483516484,0.5
2024-07-14,0.395604395604,0.627747252747,0.771978021978,0.596153846154,0.175824175824,0.626373626374,0.461538461538,0.0467032967033,0.0631868131868,0.0576923076923,0.53021978022,0.725274725275,0.277472527473,0.557692307692
2024-07-15,0.396978021978,0.626373626374,0.914835164835,0.793956043956,0.373626373626,0.958791208791,0.598901098901,0.162087912088,0.39010989011,0.0590659340659,0.760989010989,0.799450549451,0.431318681319,0.563186813187
2024-07-16,0.398351648352,0.625,0.983516483516,0.947802197802,0.398351648352,0.947802197802,0.673076923077,0.195054945055,0.391483516484,0.0604395604396,0.730769230769,0.802197802198,0.239010989011,0.524725274725
2024-07-17,0.340659340659,0.623626373626,0.917582417582,0.895604395604,0.354395604396,0.785714285714,0.563186813187,0.211538461538,0.391483516484,0.239010989011,0.752747252747,0.81043956044,0.184065934066,0.604395604396
2024-07-18,0.342032967033,0.622252747253,0.695054945055,0.796703296703,0.346153846154,0.703296703297,0.631868131868,0.208791208791,0.392857142857,0.252747252747,0.711538461538,0.771978021978,0.266483516484,0.675824175824
2024-07-19,0.296703296703,0.620879120879,0.56043956044,0.736263736264,0.524725274725,0.89010989011,0.730769230769,0.299450549451,0.392857142857,0.0618131868132,0.782967032967,0.947802197802,0.203296703297,0.546703296703
2024-07-20,0.346153846154,0.619505494505,0.851648351648,0.85989010989,0.571428571429,0.824175824176,0.67032967033,0.318681318681,0.392857142857,0.0631868131868,0.758241758242,0.934065934066,0.255494505495,0.585164835165
2024-07-21,0.407967032967,0.619505494505,0.865384615385,0.868131868132,0.656593406593,0.81043956044,0.714285714286,0.409340659341,0.392857142857,0.0645604395604,0.771978021978,0.93956043956,0.197802197802,0.618131868132
2024-07-22,0.493131868132,0.225274725275,0.914835164835,0.903846153846,0.598901098901,0.645604395604,0.717032967033,0.368131868132,0.561813186813,0.222527472527,0.760989010989,0.93956043956,0.14010989011,0.458791208791
2024-07-23,0.494505494505,0.225274725275,0.67032967033,0.788461538462,0.453296703297,0.406593406593,0.733516483516,0.365384615385,0.614010989011,0.524725274725,0.711538461538,0.914835164835,0.351648351648,0.706043956044
2024-07-24,0.495879120879,0.225274725275,0.31043956044,0.521978021978,0.423076923077,0.332417582418,0.802197802198,0.373626373626,0.712912087912,0.593406593407,0.483516483516,0.686813186813,0.225274725275,0.412087912088
2024-07-25,0.497252747253,0.225274725275,0.181318681319,0.417582417582,0.450549450549,0.392857142857,0.815934065934,0.379120879121,0.711538461538,0.554945054945,0.467032967033,0.675824175824,0.118131868132,0.123626373626
2024-07-26,0.498626373626,0.225274725275,0.461538461538,0.5,0.626373626374,0.71978021978,0.818681318681,0.425824175824,0.657967032967,0.291208791209,0.478021978022,0.667582417582,0.115384615385,0.112637362637
2024-07-27,0.5,0.225274725275,0.807692307692,0.766483516484,0.623626373626,0.675824175824,0.870879120879,0.436813186813,0.656593406593,0.299450549451,0.346153846154,0.46978021978,0.101648351648,0.148351648352
2024-07-28,0.501373626374,0.225274725275,0.67032967033,0.700549450549,0.664835164835,0.703296703297,0.843406593407,0.491758241758,0.710164835165,0.252747252747,0.343406593407,0.46978021978,0.0659340659341,0.129120879121
2024-07-29,0.502747252747,0.225274725275,0.717032967033,0.733516483516,0.527472527473,0.464285714286,0.796703296703,0.447802197802,0.843406593407,0.557692307692,0.387362637363,0.535714285714,0.178571428571,0.156593406593
2024-07-30,0.504120879121,0.225274725275,0.217032967033,0.39010989011,0.480769230769,0.365384615385,0.788461538462,0.428571428571,0.842032967033,0.642857142857,0.39010989011,0.552197802198,0.142857142857,0.181318681319
2024-07-31,0.504120879121,0.225274725275,0.148351648352,0.315934065934,0.373626373626,0.178571428571,0.769230769231,0.398351648352,0.646978021978,0.81043956044,0.423076923077,0.60989010989,0.156593406593,0.17032967033
2024-08-01,0.502747252747,0.226648351648,0.043956043956,0.104395604396,0.425824175824,0.285714285714,0.771978021978,0.42032967033,0.703296703297,0.744505494505,0.423076923077,0.604395604396,0.0824175824176,0.137362637363
2024-08-02,0.501373626374,0.228021978022,0.354395604396,0.304945054945,0.200549450549,0.0247252747253,0.521978021978,0.332417582418,0.532967032967,0.964285714286,0.684065934066,0.736263736264,0.0851648351648,0.131868131868
2024-08-03,0.127747252747,0.626373626374,0.043956043956,0.032967032967,0.167582417582,0.021978021978,0.362637362637,0.39010989011,0.370879120879,0.96978021978,0.637362637363,0.722527472527,0.0494505494505,0.0412087912088
2024-08-04,0.148351648352,0.627747252747,0.0521978021978,0.032967032967,0.032967032967,0,0.101648351648,0.252747252747,0.369505494505,0.983516483516,0.456043956044,0.519230769231,0,0.0137362637363
2024-08-05,0.166208791209,0.629120879121,0.021978021978,0.0247252747253,0,0,0,0.10989010989,0.368131868132,1,0.771978021978,0.662087912088,0,0
2024-08-06,0.199175824176,0.630494505495,0.0521978021978,0.0274725274725,0.00549450549451,0.0467032967033,0.0357142857143,0.151098901099,0.199175824176,0.96978021978,0.818681318681,0.725274725275,0,0
2024-08-07,0.745879120879,0.229395604396,0.228021978022,0.0851648351648,0.00274725274725,0.0521978021978,0.0192307692308,0.178571428571,0.366758241758,0.980769230769,0.818681318681,0.722527472527,0,0
2024-08-08,0.744505494505,0.230769230769,0.162087912088,0.0714285714286,0.230769230769,0.876373626374,0.17032967033,0.403846153846,0.365384615385,0.717032967033,0.936813186813,0.917582417582,0.00274725274725,0.00274725274725
2024-08-09,0.237637362637,0.637362637363,0.840659340659,0.590659340659,0.195054945055,0.769230769231,0.129120879121,0.324175824176,0.193681318681,0.755494505495,0.934065934066,0.914835164835,0.00274725274725,0.00274725274725
2024-08-10,0.263736263736,0.635989010989,0.706043956044,0.497252747253,0.200549450549,0.771978021978,0.0906593406593,0.321428571429,0.195054945055,0.75,0.931318681319,0.917582417582,0.00549450549451,0.00549450549451
2024-08-11,0.288461538462,0.634615384615,0.67032967033,0.497252747253,0.0604395604396,0.392857142857,0.0302197802198,0.266483516484,0.141483516484,0.697802197802,0.936813186813,0.923076923077,0.0164835164835,0.0137362637363
2024-08-12,0.339285714286,0.634615384615,0.244505494505,0.282967032967,0.104395604396,0.483516483516,0.120879120879,0.343406593407,0.14010989011,0.543956043956,0.934065934066,0.923076923077,0.021978021978,0.0302197802198
2024-08-13,0.340659340659,0.634615384615,0.392857142857,0.35989010989,0.184065934066,0.728021978022,0.186813186813,0.513736263736,0.104395604396,0.28021978022,0.942307692308,0.934065934066,0.0302197802198,0.021978021978
2024-08-14,0.82967032967,0.229395604396,0.604395604396,0.480769230769,0.0549450549451,0.370879120879,0.0851648351648,0.467032967033,0.120879120879,0.475274725275,0.942307692308,0.936813186813,0.21978021978,0.0741758241758
2024-08-15,0.796703296703,0.230769230769,0.236263736264,0.285714285714,0.0274725274725,0.217032967033,0.00824175824176,0.351648351648,0.122252747253,0.456043956044,0.925824175824,0.898351648352,0.195054945055,0.0467032967033
2024-08-16,0.769230769231,0.232142857143,0.175824175824,0.230769230769,0.0769230769231,0.412087912088,0.0302197802198,0.502747252747,0.123626373626,0.269230769231,0.93956043956,0.906593406593,0.175824175824,0.0357142857143
2024-08-17,0.767857142857,0.233516483516,0.417582417582,0.376373626374,0.123626373626,0.516483516484,0.0412087912088,0.491758241758,0.149725274725,0.206043956044,0.93956043956,0.909340659341,0.167582417582,0.021978021978
2024-08-18,0.769230769231,0.233516483516,0.505494505495,0.423076923077,0.0659340659341,0.337912087912,0.0521978021978,0.373626373626,0.104395604396,0.324175824176,0.936813186813,0.903846153846,0.0961538461538,0.0494505494505
2024-08-19,0.744505494505,0.233516483516,0.25,0.291208791209,0.134615384615,0.508241758242,0.120879120879,0.436813186813,0.127747252747,0.197802197802,0.942307692308,0.912087912088,0.0741758241758,0.0247252747253
2024-08-20,0.708791208791,0.23489010989,0.510989010989,0.43956043956,0.101648351648,0.431318681319,0.159340659341,0.434065934066,0.129120879121,0.244505494505,0.936813186813,0.901098901099,0.0274725274725,0.0164835164835
2024-08-21,0.659340659341,0.236263736264,0.365384615385,0.373626373626,0.228021978022,0.799450549451,0.203296703297,0.508241758242,0.159340659341,0.0645604395604,0.950549450549,0.92032967033,0.0357142857143,0.0164835164835
2024-08-22,0.598901098901,0.237637362637,0.711538461538,0.620879120879,0.186813186813,0.653846153846,0.31043956044,0.406593406593,0.0865384615385,0.206043956044,0.898351648352,0.840659340659,0.0796703296703,0.0247252747253
2024-08-23,0.894230769231,0.237637362637,0.494505494505,0.472527472527,0.403846153846,0.978021978022,0.582417582418,0.494505494505,0.375,0.0659340659341,0.945054945055,0.884615384615,0.115384615385,0.021978021978
2024-08-24,0.866758241758,0.237637362637,0.912087912088,0.832417582418,0.403846153846,0.964285714286,0.722527472527,0.335164835165,0.373626373626,0.0673076923077,0.912087912088,0.85989010989,0.233516483516,0.0192307692308
2024-08-25,0.835164835165,0.239010989011,0.873626373626,0.815934065934,0.409340659341,0.936813186813,0.837912087912,0.315934065934,0.372252747253,0.0686813186813,0.85989010989,0.631868131868,0.332417582418,0.0247252747253
2024-08-26,0.274725274725,0.652472527473,0.854395604396,0.813186813187,0.326923076923,0.763736263736,0.758241758242,0.299450549451,0.370879120879,0.313186813187,0.857142857143,0.626373626374,0.491758241758,0.0247252747253
2024-08-27,0.0590659340659,0.880494505495,0.370879120879,0.543956043956,0.118131868132,0.217032967033,0.656593406593,0.203296703297,0.531593406593,0.68956043956,0.887362637363,0.697802197802,0.505494505495,0.00274725274725
2024-08-28,0.0714285714286,0.881868131868,0.010989010989,0.0714285714286,0.0934065934066,0.162087912088,0.230769230769,0.0714285714286,0.587912087912,0.725274725275,0.604395604396,0.324175824176,0.574175824176,0.043956043956
2024-08-29,0.0906593406593,0.883241758242,0.0631868131868,0.0961538461538,0.120879120879,0.217032967033,0.288461538462,0.0659340659341,0.364010989011,0.684065934066,0.593406593407,0.32967032967,0.642857142857,0.0412087912088
2024-08-30,0.111263736264,0.881868131868,0.148351648352,0.186813186813,0.0989010989011,0.186813186813,0.266483516484,0.0412087912088,0.527472527473,0.706043956044,0.590659340659,0.32967032967,0.648351648352,0.0494505494505
2024-08-31,0.603021978022,0.649725274725,0.239010989011,0.214285714286,0.0851648351648,0.164835164835,0.368131868132,0.043956043956,0.526098901099,0.730769230769,0.467032967033,0.255494505495,0.549450549451,0.0659340659341
2024-09-01,0.134615384615,0.880494505495,0.21978021978,0.200549450549,0.0302197802198,0.0576923076923,0.25,0.0412087912088,0.357142857143,0.82967032967,0.510989010989,0.31043956044,0.206043956044,0.021978021978
2024-09-02,0.714285714286,0.648351648352,0.0412087912088,0.0467032967033,0.0989010989011,0.25,0.285714285714,0.112637362637,0.134615384615,0.64010989011,0.576923076923,0.354395604396,0.414835164835,0.0824175824176
2024-09-03,0.75,0.648351648352,0.483516483516,0.315934065934,0.0412087912088,0.107142857143,0.291208791209,0.0521978021978,0.18956043956,0.788461538462,0.541208791209,0.340659340659,0.233516483516,0.164835164835
2024-09-04,0.0453296703297,0.879120879121,0.10989010989,0.10989010989,0.101648351648,0.195054945055,0.384615384615,0.0247252747253,0.355769230769,0.752747252747,0.516483516484,0.332417582418,0.285714285714,0.175824175824
2024-09-05,0.839285714286,0.237637362637,0.357142857143,0.241758241758,0.032967032967,0.0741758241758,0.211538461538,0.00824175824176,0.354395604396,0.837912087912,0.546703296703,0.362637362637,0.379120879121,0.18956043956
2024-09-06,0.284340659341,0.648351648352,0.0796703296703,0.0686813186813,0.00549450549451,0.021978021978,0.112637362637,0,0.353021978022,0.934065934066,0.664835164835,0.368131868132,0.25,0.123626373626
2024-09-07,0.803571428571,0.239010989011,0.0247252747253,0.0137362637363,0.00824175824176,0.0412087912088,0.162087912088,0.00274725274725,0.351648351648,0.92032967033,0.642857142857,0.370879120879,0.252747252747,0.0906593406593
2024-09-08,0.0384615384615,0.885989010989,0.0824175824176,0.0412087912088,0.032967032967,0.0851648351648,0.148351648352,0.0164835164835,0.350274725275,0.771978021978,0.634615384615,0.368131868132,0.277472527473,0.0934065934066
2024-09-09,0.0521978021978,0.885989010989,0.32967032967,0.14010989011,0.123626373626,0.326923076923,0.260989010989,0.0741758241758,0.0288461538462,0.159340659341,0.728021978022,0.384615384615,0.315934065934,0.0604395604396
2024-09-10,0.398351648352,0.652472527473,0.793956043956,0.483516483516,0.162087912088,0.42032967033,0.197802197802,0.0714285714286,0.0370879120879,0.0686813186813,0.675824175824,0.370879120879,0.445054945055,0.0989010989011
2024-09-11,0.0892857142857,0.888736263736,0.752747252747,0.554945054945,0.134615384615,0.365384615385,0.208791208791,0.211538461538,0.0274725274725,0.17032967033,0.662087912088,0.373626373626,0.258241758242,0.0851648351648
2024-09-12,0.92032967033,0.240384615385,0.626373626374,0.494505494505,0.203296703297,0.521978021978,0.115384615385,0.263736263736,0.0453296703297,0.0686813186813,0.376373626374,0.200549450549,0.277472527473,0.112637362637
2024-09-13,0.601648351648,0.656593406593,0.681318681319,0.593406593407,0.32967032967,0.865384615385,0.203296703297,0.464285714286,0.178571428571,0.0686813186813,0.480769230769,0.351648351648,0.241758241758,0.175824175824
2024-09-14,0.896978021978,0.241758241758,0.912087912088,0.824175824176,0.304945054945,0.802197802198,0.175824175824,0.590659340659,0.178571428571,0.197802197802,0.480769230769,0.354395604396,0.282967032967,0.252747252747
2024-09-15,0.895604395604,0.243131868132,0.804945054945,0.75,0.247252747253,0.631868131868,0.200549450549,0.5,0.0961538461538,0.337912087912,0.456043956044,0.337912087912,0.18956043956,0.236263736264
2024-09-16,0.862637362637,0.244505494505,0.43956043956,0.538461538462,0.200549450549,0.456043956044,0.313186813187,0.5,0.0769230769231,0.489010989011,0.313186813187,0.131868131868,0.35989010989,0.354395604396
2024-09-17,0.383241758242,0.662087912088,0.277472527473,0.379120879121,0.324175824176,0.777472527473,0.447802197802,0.282967032967,0.350274725275,0.17032967033,0.384615384615,0.244505494505,0.137362637363,0.241758241758
2024-09-18,0.826923076923,0.245879120879,0.664835164835,0.673076923077,0.412087912088,0.873626373626,0.516483516484,0.381868131868,0.350274725275,0.0659340659341,0.403846153846,0.269230769231,0.126373626374,0.263736263736
2024-09-19,0.0398351648352,0.895604395604,0.81043956044,0.782967032967,0.497252747253,0.928571428571,0.604395604396,0.431318681319,0.350274725275,0.0673076923077,0.412087912088,0.277472527473,0.186813186813,0.313186813187
2024-09-20,0.276098901099,0.660714285714,0.870879120879,0.846153846154,0.510989010989,0.901098901099,0.629120879121,0.549450549451,0.351648351648,0.0686813186813,0.406593406593,0.271978021978,0.346153846154,0.373626373626
2024-09-21,0.756868131868,0.244505494505,0.796703296703,0.815934065934,0.521978021978,0.837912087912,0.717032967033,0.519230769231,0.353021978022,0.0700549450549,0.346153846154,0.208791208791,0.541208791209,0.255494505495
2024-09-22,0.252747252747,0.659340659341,0.799450549451,0.815934065934,0.532967032967,0.804945054945,0.642857142857,0.472527472527,0.354395604396,0.0714285714286,0.299450549451,0.14010989011,0.304945054945,0.304945054945
2024-09-23,0.755494505495,0.243131868132,0.78021978022,0.804945054945,0.513736263736,0.75,0.708791208791,0.552197802198,0.532967032967,0.178571428571,0.252747252747,0.0989010989011,0.623626373626,0.340659340659
2024-09-24,0.754120879121,0.243131868132,0.543956043956,0.706043956044,0.576923076923,0.807692307692,0.71978021978,0.598901098901,0.354395604396,0.0728021978022,0.252747252747,0.104395604396,0.563186813187,0.357142857143
2024-09-25,0.752747252747,0.243131868132,0.744505494505,0.777472527473,0.494505494505,0.604395604396,0.758241758242,0.53021978022,0.532967032967,0.379120879121,0.21978021978,0.0659340659341,0.502747252747,0.370879120879
2024-09-26,0.751373626374,0.243131868132,0.357142857143,0.524725274725,0.659340659341,0.791208791209,0.854395604396,0.571428571429,0.351648351648,0.0741758241758,0.173076923077,0.0274725274725,0.576923076923,0.337912087912
2024-09-27,0.718406593407,0.243131868132,0.799450549451,0.802197802198,0.692307692308,0.777472527473,0.868131868132,0.604395604396,0.351648351648,0.0755494505495,0.17032967033,0.0302197802198,0.552197802198,0.32967032967
2024-09-28,0.229395604396,0.657967032967,0.826923076923,0.840659340659,0.695054945055,0.714285714286,0.832417582418,0.576923076923,0.351648351648,0.0769230769231,0.175824175824,0.0384615384615,0.510989010989,0.32967032967
2024-09-29,0.686813186813,0.241758241758,0.771978021978,0.815934065934,0.681318681319,0.634615384615,0.782967032967,0.585164835165,0.351648351648,0.197802197802,0.134615384615,0.00824175824176,0.57967032967,0.395604395604
2024-09-30,0.641483516484,0.241758241758,0.574175824176,0.71978021978,0.497252747253,0.304945054945,0.68956043956,0.417582417582,0.799450549451,0.634615384615,0.197802197802,0.0549450549451,0.629120879121,0.513736263736
2024-10-01,0.642857142857,0.241758241758,0.032967032967,0.225274725275,0.326923076923,0.0769230769231,0.563186813187,0.332417582418,0.798076923077,0.879120879121,0.260989010989,0.126373626374,0.607142857143,0.376373626374
2024-10-02,0.0151098901099,0.894230769231,0.00274725274725,0.0137362637363,0.31043956044,0.0824175824176,0.502747252747,0.214285714286,0.747252747253,0.881868131868,0.252747252747,0.123626373626,0.414835164835,0.274725274725
2024-10-03,0.0274725274725,0.892857142857,0.0686813186813,0.0549450549451,0.321428571429,0.101648351648,0.370879120879,0.214285714286,0.693681318681,0.879120879121,0.195054945055,0.0769230769231,0.414835164835,0.25
2024-10-04,0.262362637363,0.651098901099,0.118131868132,0.0961538461538,0.406593406593,0.236263736264,0.475274725275,0.25,0.637362637363,0.752747252747,0.206043956044,0.134615384615,0.483516483516,0.31043956044
2024-10-05,0.289835164835,0.651098901099,0.42032967033,0.296703296703,0.401098901099,0.236263736264,0.524725274725,0.299450549451,0.583791208791,0.755494505495,0.197802197802,0.129120879121,0.634615384615,0.318681318681
2024-10-06,0.337912087912,0.649725274725,0.42032967033,0.31043956044,0.456043956044,0.324175824176,0.64010989011,0.491758241758,0.582417582418,0.659340659341,0.186813186813,0.123626373626,0.593406593407,0.458791208791
2024-10-07,0.983516483516,0.237637362637,0.648351648352,0.442307692308,0.414835164835,0.271978021978,0.472527472527,0.475274725275,0.520604395604,0.744505494505,0.159340659341,0.230769230769,0.695054945055,0.304945054945
2024-10-08,0.972527472527,0.239010989011,0.326923076923,0.324175824176,0.406593406593,0.285714285714,0.381868131868,0.453296703297,0.521978021978,0.75,0.131868131868,0.178571428571,0.75,0.365384615385
2024-10-09,0.76510989011,0.652472527473,0.321428571429,0.313186813187,0.291208791209,0.145604395604,0.260989010989,0.395604395604,0.348901098901,0.884615384615,0.137362637363,0.200549450549,0.664835164835,0.337912087912
2024-10-10,0.252747252747,0.891483516484,0.0604395604396,0.0934065934066,0.277472527473,0.137362637363,0.239010989011,0.395604395604,0.350274725275,0.917582417582,0.134615384615,0.214285714286,0.546703296703,0.398351648352
2024-10-11,0.0618131868132,0.975274725275,0.115384615385,0.115384615385,0.434065934066,0.398351648352,0.335164835165,0.552197802198,0.351648351648,0.686813186813,0.186813186813,0.365384615385,0.307692307692,0.35989010989
2024-10-12,0.281593406593,0.887362637363,0.601648351648,0.475274725275,0.486263736264,0.502747252747,0.362637362637,0.508241758242,0.351648351648,0.552197802198,0.18956043956,0.381868131868,0.472527472527,0.321428571429
2024-10-13,0.255494505495,0.885989010989,0.728021978022,0.604395604396,0.456043956044,0.43956043956,0.35989010989,0.557692307692,0.351648351648,0.203296703297,0.18956043956,0.384615384615,0.274725274725,0.403846153846
2024-10-14,0.256868131868,0.884615384615,0.571428571429,0.502747252747,0.711538461538,0.865384615385,0.458791208791,0.629120879121,0.697802197802,0.0769230769231,0.296703296703,0.456043956044,0.453296703297,0.464285714286
2024-10-15,0.0467032967033,0.973901098901,0.956043956044,0.881868131868,0.774725274725,0.914835164835,0.565934065934,0.711538461538,0.592032967033,0.0769230769231,0.28021978022,0.450549450549,0.348901098901,0.357142857143
2024-10-16,0.0659340659341,0.972527472527,0.942307692308,0.909340659341,0.835164835165,0.92032967033,0.483516483516,0.760989010989,0.353021978022,0.0782967032967,0.236263736264,0.409340659341,0.368131868132,0.442307692308
2024-10-17,0.127747252747,0.971153846154,0.928571428571,0.912087912088,0.796703296703,0.826923076923,0.453296703297,0.758241758242,0.53021978022,0.18956043956,0.228021978022,0.42032967033,0.291208791209,0.340659340659
2024-10-18,0.200549450549,0.875,0.739010989011,0.815934065934,0.946428571429,0.879120879121,0.502747252747,0.758241758242,0.354395604396,0.0782967032967,0.241758241758,0.428571428571,0.335164835165,0.357142857143
2024-10-19,0.269230769231,0.634615384615,0.818681318681,0.865384615385,0.881868131868,0.733516483516,0.513736263736,0.714285714286,0.354395604396,0.167582417582,0.236263736264,0.428571428571,0.365384615385,0.436813186813
2024-10-20,0.802197802198,0.233516483516,0.760989010989,0.843406593407,0.946428571429,0.692307692308,0.67032967033,0.706043956044,0.354395604396,0.0769230769231,0.162087912088,0.379120879121,0.480769230769,0.538461538462
2024-10-21,0.760989010989,0.233516483516,0.870879120879,0.879120879121,0.725274725275,0.431318681319,0.703296703297,0.656593406593,0.590659340659,0.532967032967,0.118131868132,0.214285714286,0.574175824176,0.571428571429
2024-10-22,0.759615384615,0.233516483516,0.269230769231,0.497252747253,0.728021978022,0.434065934066,0.728021978022,0.631868131868,0.642857142857,0.527472527473,0.118131868132,0.324175824176,0.662087912088,0.516483516484
2024-10-23,0.758241758242,0.233516483516,0.299450549451,0.513736263736,0.68956043956,0.346153846154,0.68956043956,0.563186813187,0.524725274725,0.648351648352,0.14010989011,0.351648351648,0.557692307692,0.447802197802
2024-10-24,0.756868131868,0.233516483516,0.153846153846,0.346153846154,0.802197802198,0.563186813187,0.692307692308,0.618131868132,0.696428571429,0.494505494505,0.142857142857,0.335164835165,0.357142857143,0.343406593407
2024-10-25,0.717032967033,0.233516483516,0.725274725275,0.684065934066,0.695054945055,0.343406593407,0.623626373626,0.601648351648,0.585164835165,0.728021978022,0.162087912088,0.406593406593,0.252747252747,0.412087912088
2024-10-26,0.677197802198,0.233516483516,0.195054945055,0.302197802198,0.71978021978,0.39010989011,0.596153846154,0.64010989011,0.638736263736,0.681318681319,0.159340659341,0.453296703297,0.32967032967,0.43956043956
2024-10-27,0.625,0.233516483516,0.346153846154,0.39010989011,0.788461538462,0.546703296703,0.681318681319,0.601648351648,0.796703296703,0.552197802198,0.153846153846,0.43956043956,0.291208791209,0.472527472527
2024-10-28,0.556318681319,0.233516483516,0.684065934066,0.637362637363,0.951923076923,0.799450549451,0.769230769231,0.618131868132,0.79532967033,0.348901098901,0.184065934066,0.472527472527,0.217032967033,0.494505494505
2024-10-29,0.475274725275,0.233516483516,0.934065934066,0.89010989011,0.950549450549,0.967032967033,0.851648351648,0.648351648352,0.350274725275,0.0728021978022,0.178571428571,0.436813186813,0.203296703297,0.348901098901
2024-10-30,0.475274725275,0.233516483516,0.991758241758,0.978021978022,0.868131868132,0.953296703297,0.851648351648,0.634615384615,0.524725274725,0.222527472527,0.181318681319,0.436813186813,0.203296703297,0.252747252747
2024-10-31,0.475274725275,0.233516483516,0.931318681319,0.950549450549,0.697802197802,0.71978021978,0.763736263736,0.568681318681,0.947802197802,0.574175824176,0.217032967033,0.480769230769,0.156593406593,0.14010989011
2024-11-01,0.475274725275,0.233516483516,0.324175824176,0.56043956044,0.645604395604,0.596153846154,0.706043956044,0.549450549451,0.958791208791,0.706043956044,0.228021978022,0.519230769231,0.17032967033,0.18956043956
2024-11-02,0.475274725275,0.233516483516,0.230769230769,0.39010989011,0.631868131868,0.574175824176,0.717032967033,0.557692307692,0.957417582418,0.71978021978,0.228021978022,0.546703296703,0.134615384615,0.123626373626
2024-11-03,0.129120879121,0.633241758242,0.21978021978,0.373626373626,0.576923076923,0.494505494505,0.510989010989,0.508241758242,0.956043956044,0.785714285714,0.118131868132,0.39010989011,0.0714285714286,0.14010989011
2024-11-04,0.557692307692,0.232142857143,0.206043956044,0.277472527473,0.521978021978,0.354395604396,0.428571428571,0.521978021978,0.840659340659,0.868131868132,0.120879120879,0.403846153846,0.118131868132,0.14010989011
2024-11-05,0.559065934066,0.232142857143,0.0769230769231,0.134615384615,0.637362637363,0.568681318681,0.461538461538,0.494505494505,0.923076923077,0.741758241758,0.153846153846,0.472527472527,0.101648351648,0.14010989011
2024-11-06,0.56043956044,0.232142857143,0.519230769231,0.445054945055,0.951923076923,0.997252747253,0.774725274725,0.659340659341,0.587912087912,0.222527472527,0.541208791209,0.81043956044,0.217032967033,0.175824175824
2024-11-07,0.561813186813,0.232142857143,0.947802197802,0.93956043956,0.951923076923,0.986263736264,0.739010989011,0.664835164835,0.589285714286,0.200549450549,0.532967032967,0.81043956044,0.596153846154,0.442307692308
2024-11-08,0.563186813187,0.232142857143,0.887362637363,0.895604395604,0.951923076923,0.989010989011,0.774725274725,0.68956043956,0.526098901099,0.164835164835,0.524725274725,0.832417582418,0.673076923077,0.508241758242
2024-11-09,0.928571428571,0.232142857143,0.876373626374,0.898351648352,0.951923076923,0.980769230769,0.755494505495,0.78021978022,0.527472527473,0.151098901099,0.521978021978,0.835164835165,0.760989010989,0.664835164835
2024-11-10,0.90521978022,0.233516483516,0.848901098901,0.89010989011,0.950549450549,0.997252747253,0.879120879121,0.879120879121,0.351648351648,0.0741758241758,0.601648351648,0.824175824176,0.678571428571,0.629120879121
2024-11-11,0.410714285714,0.633241758242,0.978021978022,0.975274725275,0.949175824176,1,0.975274725275,0.945054945055,0.353021978022,0.0755494505495,0.848901098901,0.931318681319,0.554945054945,0.590659340659
2024-11-12,0.412087912088,0.631868131868,0.997252747253,0.997252747253,0.848901098901,0.972527472527,0.978021978022,0.942307692308,0.354395604396,0.255494505495,0.846153846154,0.945054945055,0.510989010989,0.480769230769
2024-11-13,0.0851648351648,0.873626373626,0.917582417582,0.961538461538,0.947802197802,0.93956043956,0.978021978022,0.942307692308,0.537087912088,0.178571428571,0.846153846154,0.942307692308,0.31043956044,0.244505494505
2024-11-14,0.416208791209,0.627747252747,0.873626373626,0.945054945055,0.708791208791,0.673076923077,0.964285714286,0.934065934066,0.538461538462,0.552197802198,0.851648351648,0.958791208791,0.384615384615,0.222527472527
2024-11-15,0.417582417582,0.626373626374,0.486263736264,0.736263736264,0.947802197802,0.862637362637,0.983516483516,0.93956043956,0.664835164835,0.442307692308,0.857142857143,0.96978021978,0.159340659341,0.162087912088
2024-11-16,0.418956043956,0.625,0.700549450549,0.82967032967,0.865384615385,0.752747252747,0.975274725275,0.942307692308,0.71978021978,0.508241758242,0.857142857143,0.975274725275,0.239010989011,0.192307692308
2024-11-17,0.888736263736,0.225274725275,0.618131868132,0.774725274725,0.804945054945,0.604395604396,0.945054945055,0.931318681319,0.721153846154,0.563186813187,0.857142857143,0.978021978022,0.222527472527,0.153846153846
2024-11-18,0.858516483516,0.226648351648,0.505494505495,0.722527472527,0.85989010989,0.623626373626,0.92032967033,0.947802197802,0.722527472527,0.543956043956,0.848901098901,0.967032967033,0.568681318681,0.263736263736
2024-11-19,0.857142857143,0.228021978022,0.480769230769,0.681318681319,0.946428571429,0.752747252747,0.936813186813,0.958791208791,0.776098901099,0.497252747253,0.840659340659,0.961538461538,0.148351648352,0.112637362637
2024-11-20,0.855769230769,0.229395604396,0.634615384615,0.736263736264,0.945054945055,0.815934065934,0.978021978022,0.950549450549,0.666208791209,0.406593406593,0.821428571429,0.884615384615,0.120879120879,0.0686813186813
2024-11-21,0.817307692308,0.230769230769,0.758241758242,0.81043956044,0.943681318681,0.953296703297,0.997252747253,0.958791208791,0.667582417582,0.274725274725,0.818681318681,0.879120879121,0.296703296703,0.156593406593
2024-11-22,0.771978021978,0.232142857143,0.887362637363,0.906593406593,0.942307692308,0.931318681319,1,0.961538461538,0.60989010989,0.258241758242,0.815934065934,0.873626373626,0.241758241758,0.123626373626
2024-11-23,0.68956043956,0.233516483516,0.879120879121,0.901098901099,0.799450549451,0.85989010989,0.994505494505,0.934065934066,0.732142857143,0.431318681319,0.815934065934,0.876373626374,0.53021978022,0.173076923077
2024-11-24,0.634615384615,0.23489010989,0.645604395604,0.796703296703,0.821428571429,0.771978021978,1,0.925824175824,0.733516483516,0.42032967033,0.81043956044,0.846153846154,0.524725274725,0.197802197802
2024-11-25,0.934065934066,0.236263736264,0.593406593407,0.736263736264,0.563186813187,0.313186813187,0.964285714286,0.901098901099,0.995879120879,0.865384615385,0.870879120879,0.956043956044,0.848901098901,0.475274725275
2024-11-26,0.884615384615,0.237637362637,0.0549450549451,0.25,0.510989010989,0.255494505495,0.879120879121,0.89010989011,0.979395604396,0.906593406593,0.802197802198,0.774725274725,0.741758241758,0.42032967033
2024-11-27,0.0769230769231,0.883241758242,0.0741758241758,0.211538461538,0.725274725275,0.571428571429,0.909340659341,0.903846153846,0.990384615385,0.755494505495,0.81043956044,0.785714285714,0.706043956044,0.648351648352
2024-11-28,0.100274725275,0.883241758242,0.521978021978,0.53021978022,0.714285714286,0.549450549451,0.898351648352,0.901098901099,0.975274725275,0.771978021978,0.815934065934,0.799450549451,0.491758241758,0.557692307692
2024-11-29,0.123626373626,0.881868131868,0.497252747253,0.502747252747,0.796703296703,0.700549450549,0.914835164835,0.906593406593,0.960164835165,0.68956043956,0.81043956044,0.824175824176,0.101648351648,0.35989010989
2024-11-30,0.148351648352,0.880494505495,0.651098901099,0.64010989011,0.747252747253,0.598901098901,0.82967032967,0.906593406593,0.973901098901,0.791208791209,0.796703296703,0.826923076923,0.521978021978,0.582417582418
2024-12-01,0.627747252747,0.644230769231,0.467032967033,0.502747252747,0.791208791209,0.68956043956,0.648351648352,0.909340659341,0.936813186813,0.747252747253,0.398351648352,0.456043956044,0.739010989011,0.620879120879
2024-12-02,0.626373626374,0.644230769231,0.598901098901,0.607142857143,0.728021978022,0.543956043956,0.629120879121,0.903846153846,0.947802197802,0.843406593407,0.409340659341,0.461538461538,0.804945054945,0.708791208791
2024-12-03,0.994505494505,0.239010989011,0.357142857143,0.406593406593,0.730769230769,0.543956043956,0.56043956044,0.892857142857,0.932692307692,0.840659340659,0.39010989011,0.423076923077,0.89010989011,0.736263736264
2024-12-04,0.907967032967,0.648351648352,0.409340659341,0.412087912088,0.887362637363,0.793956043956,0.755494505495,0.934065934066,0.946428571429,0.725274725275,0.332417582418,0.39010989011,0.93956043956,0.857142857143
2024-12-05,0.986263736264,0.240384615385,0.785714285714,0.692307692308,0.782967032967,0.642857142857,0.576923076923,0.906593406593,0.956043956044,0.851648351648,0.296703296703,0.31043956044,0.96978021978,0.843406593407
2024-12-06,0.875,0.651098901099,0.340659340659,0.406593406593,0.947802197802,0.818681318681,0.673076923077,0.928571428571,0.942307692308,0.590659340659,0.318681318681,0.368131868132,0.978021978022,0.895604395604
2024-12-07,0.799450549451,0.649725274725,0.546703296703,0.620879120879,0.947802197802,0.804945054945,0.717032967033,0.89010989011,0.923076923077,0.587912087912,0.307692307692,0.340659340659,0.986263736264,0.895604395604
2024-12-08,0.710164835165,0.648351648352,0.546703296703,0.618131868132,0.946428571429,0.870879120879,0.733516483516,0.873626373626,0.815934065934,0.0700549450549,0.313186813187,0.381868131868,0.942307692308,0.895604395604
2024-12-09,0.618131868132,0.646978021978,0.739010989011,0.700549450549,0.681318681319,0.53021978022,0.535714285714,0.843406593407,0.940934065934,0.574175824176,0.395604395604,0.428571428571,0.947802197802,0.807692307692
2024-12-10,0.456043956044,0.645604395604,0.18956043956,0.313186813187,0.651098901099,0.453296703297,0.447802197802,0.865384615385,0.864010989011,0.623626373626,0.384615384615,0.428571428571,0.967032967033,0.818681318681
2024-12-11,0.383241758242,0.644230769231,0.211538461538,0.266483516484,0.945054945055,0.846153846154,0.467032967033,0.912087912088,0.989010989011,0.35989010989,0.398351648352,0.428571428571,0.92032967033,0.818681318681
2024-12-12,0.318681318681,0.642857142857,0.793956043956,0.68956043956,0.82967032967,0.747252747253,0.423076923077,0.898351648352,0.998626373626,0.486263736264,0.403846153846,0.434065934066,0.964285714286,0.873626373626
2024-12-13,0.387362637363,0.641483516484,0.538461538462,0.538461538462,0.943681318681,0.824175824176,0.494505494505,0.928571428571,0.968406593407,0.384615384615,0.398351648352,0.442307692308,0.912087912088,0.870879120879
2024-12-14,0.388736263736,0.64010989011,0.686813186813,0.664835164835,0.884615384615,0.81043956044,0.486263736264,0.936813186813,0.949175824176,0.387362637363,0.401098901099,0.445054945055,0.92032967033,0.873626373626
2024-12-15,0.467032967033,0.229395604396,0.629120879121,0.642857142857,0.942307692308,0.936813186813,0.758241758242,0.942307692308,0.593406593407,0.186813186813,0.282967032967,0.258241758242,0.777472527473,0.879120879121
2024-12-16,0.467032967033,0.229395604396,0.93956043956,0.868131868132,0.940934065934,0.958791208791,0.799450549451,0.865384615385,0.351648351648,0.0714285714286,0.263736263736,0.239010989011,0.796703296703,0.799450549451
2024-12-17,0.118131868132,0.638736263736,0.892857142857,0.876373626374,0.93956043956,0.945054945055,0.706043956044,0.85989010989,0.353021978022,0.0728021978022,0.203296703297,0.14010989011,0.436813186813,0.543956043956
2024-12-18,0.144230769231,0.637362637363,0.815934065934,0.846153846154,0.568681318681,0.519230769231,0.535714285714,0.796703296703,0.967032967033,0.760989010989,0.401098901099,0.403846153846,0.480769230769,0.42032967033
2024-12-19,0.163461538462,0.635989010989,0.0494505494505,0.195054945055,0.436813186813,0.291208791209,0.376373626374,0.782967032967,0.861263736264,0.895604395604,0.434065934066,0.412087912088,0.348901098901,0.126373626374
2024-12-20,0.192307692308,0.634615384615,0.032967032967,0.0769230769231,0.458791208791,0.31043956044,0.434065934066,0.763736263736,0.815934065934,0.879120879121,0.434065934066,0.42032967033,0.197802197802,0.230769230769
2024-12-21,0.0343406593407,0.883241758242,0.225274725275,0.206043956044,0.428571428571,0.288461538462,0.381868131868,0.571428571429,0.766483516484,0.906593406593,0.434065934066,0.42032967033,0.0796703296703,0.255494505495
2024-12-22,0.0604395604396,0.881868131868,0.21978021978,0.200549450549,0.32967032967,0.142857142857,0.362637362637,0.543956043956,0.354395604396,0.961538461538,0.445054945055,0.436813186813,0.123626373626,0.423076923077
2024-12-23,0.00824175824176,0.96978021978,0.120879120879,0.10989010989,0.315934065934,0.148351648352,0.348901098901,0.458791208791,0.355769230769,0.961538461538,0.445054945055,0.445054945055,0.398351648352,0.747252747253
2024-12-24,0.0260989010989,0.968406593407,0.225274725275,0.162087912088,0.524725274725,0.436813186813,0.384615384615,0.634615384615,0.659340659341,0.818681318681,0.480769230769,0.464285714286,0.134615384615,0.703296703297
2024-12-25,0.0521978021978,0.967032967033,0.623626373626,0.450549450549,0.56043956044,0.505494505495,0.467032967033,0.56043956044,0.605769230769,0.777472527473,0.461538461538,0.461538461538,0.0879120879121,0.785714285714
2024-12-26,0.10989010989,0.872252747253,0.684065934066,0.5,0.351648351648,0.233516483516,0.255494505495,0.486263736264,0.357142857143,0.93956043956,0.5,0.464285714286,0.021978021978,0.692307692308
2024-12-27,0.162087912088,0.870879120879,0.271978021978,0.247252747253,0.291208791209,0.159340659341,0.211538461538,0.458791208791,0.358516483516,0.964285714286,0.513736263736,0.46978021978,0.043956043956,0.771978021978
2024-12-28,0.699175824176,0.618131868132,0.17032967033,0.18956043956,0.346153846154,0.260989010989,0.208791208791,0.46978021978,0.35989010989,0.93956043956,0.5,0.486263736264,0.101648351648,0.695054945055
2024-12-29,0.732142857143,0.618131868132,0.357142857143,0.266483516484,0.269230769231,0.137362637363,0.271978021978,0.370879120879,0.361263736264,0.967032967033,0.431318681319,0.412087912088,0.274725274725,0.835164835165
2024-12-30,0.773351648352,0.218406593407,0.137362637363,0.167582417582,0.239010989011,0.107142857143,0.266483516484,0.282967032967,0.362637362637,0.975274725275,0.43956043956,0.43956043956,0.475274725275,0.92032967033
2024-12-31,0.771978021978,0.21978021978,0.167582417582,0.142857142857,0.266483516484,0.162087912088,0.159340659341,0.225274725275,0.181318681319,0.587912087912,0.321428571429,0.239010989011,0.299450549451,0.796703296703
2025-01-01,0.964285714286,0.221153846154,0.335164835165,0.258241758242,0.321428571429,0.252747252747,0.21978021978,0.236263736264,0.130494505495,0.491758241758,0.335164835165,0.258241758242,0.167582417582,0.818681318681
2025-01-02,0.950549450549,0.222527472527,0.483516483516,0.357142857143,0.434065934066,0.425824175824,0.252747252747,0.326923076923,0.100274725275,0.258241758242,0.346153846154,0.302197802198,0.225274725275,0.741758241758
2025-01-03,0.994505494505,0.223901098901,0.747252747253,0.593406593407,0.508241758242,0.549450549451,0.296703296703,0.346153846154,0.134615384615,0.0741758241758,0.348901098901,0.337912087912,0.467032967033,0.848901098901
2025-01-04,0.973901098901,0.225274725275,0.804945054945,0.675824175824,0.516483516484,0.554945054945,0.203296703297,0.502747252747,0.135989010989,0.0755494505495,0.302197802198,0.230769230769,0.607142857143,0.700549450549
2025-01-05,0.950549450549,0.226648351648,0.752747252747,0.667582417582,0.53021978022,0.56043956044,0.173076923077,0.538461538462,0.137362637363,0.0769230769231,0.296703296703,0.351648351648,0.60989010989,0.725274725275
2025-01-06,0.554945054945,0.631868131868,0.730769230769,0.667582417582,0.711538461538,0.788461538462,0.282967032967,0.527472527473,0.380494505495,0.0782967032967,0.365384615385,0.480769230769,0.607142857143,0.458791208791
2025-01-07,0.896978021978,0.228021978022,0.96978021978,0.903846153846,0.434065934066,0.337912087912,0.304945054945,0.379120879121,0.138736263736,0.629120879121,0.343406593407,0.384615384615,0.472527472527,0.395604395604
2025-01-08,0.837912087912,0.228021978022,0.178571428571,0.332417582418,0.340659340659,0.197802197802,0.32967032967,0.274725274725,0.199175824176,0.766483516484,0.337912087912,0.332417582418,0.686813186813,0.464285714286
2025-01-09,0.756868131868,0.228021978022,0.118131868132,0.200549450549,0.225274725275,0.0604395604396,0.228021978022,0.25,0.200549450549,0.870879120879,0.35989010989,0.42032967033,0.598901098901,0.263736263736
2025-01-10,0.940934065934,0.229395604396,0.0714285714286,0.0851648351648,0.326923076923,0.18956043956,0.324175824176,0.277472527473,0.0782967032967,0.75,0.395604395604,0.593406593407,0.730769230769,0.260989010989
2025-01-11,0.916208791209,0.230769230769,0.368131868132,0.296703296703,0.326923076923,0.17032967033,0.398351648352,0.307692307692,0.104395604396,0.760989010989,0.370879120879,0.576923076923,0.739010989011,0.315934065934
2025-01-12,0.108516483516,0.873626373626,0.384615384615,0.299450549451,0.321428571429,0.175824175824,0.403846153846,0.304945054945,0.145604395604,0.766483516484,0.370879120879,0.590659340659,0.43956043956,0.335164835165
2025-01-13,0.133241758242,0.872252747253,0.39010989011,0.302197802198,0.315934065934,0.192307692308,0.269230769231,0.244505494505,0.210164835165,0.771978021978,0.296703296703,0.527472527473,0.274725274725,0.120879120879
2025-01-14,0.162087912088,0.870879120879,0.483516483516,0.387362637363,0.425824175824,0.332417582418,0.315934065934,0.346153846154,0.211538461538,0.585164835165,0.315934065934,0.571428571429,0.370879120879,0.126373626374
2025-01-15,0.181318681319,0.870879120879,0.706043956044,0.568681318681,0.642857142857,0.686813186813,0.571428571429,0.373626373626,0.399725274725,0.299450549451,0.335164835165,0.554945054945,0.64010989011,0.129120879121
2025-01-16,0.179945054945,0.870879120879,0.942307692308,0.837912087912,0.620879120879,0.626373626374,0.596153846154,0.346153846154,0.401098901099,0.35989010989,0.304945054945,0.546703296703,0.266483516484,0.0604395604396
2025-01-17,0.211538461538,0.869505494505,0.81043956044,0.747252747253,0.804945054945,0.906593406593,0.673076923077,0.436813186813,0.401098901099,0.0782967032967,0.379120879121,0.590659340659,0.258241758242,0.0961538461538
2025-01-18,0.247252747253,0.868131868132,0.892857142857,0.881868131868,0.813186813187,0.862637362637,0.744505494505,0.576923076923,0.399725274725,0.0796703296703,0.354395604396,0.574175824176,0.0467032967033,0.0659340659341
2025-01-19,0.274725274725,0.866758241758,0.851648351648,0.862637362637,0.684065934066,0.563186813187,0.667582417582,0.480769230769,0.651098901099,0.505494505495,0.434065934066,0.623626373626,0.0357142857143,0.104395604396
2025-01-20,0.340659340659,0.865384615385,0.32967032967,0.486263736264,0.717032967033,0.601648351648,0.67032967033,0.370879120879,0.649725274725,0.434065934066,0.436813186813,0.656593406593,0.0989010989011,0.120879120879
2025-01-21,0.478021978022,0.228021978022,0.387362637363,0.467032967033,0.942307692308,0.82967032967,0.760989010989,0.524725274725,0.582417582418,0.184065934066,0.494505494505,0.68956043956,0.0467032967033,0.0357142857143
2025-01-22,0.479395604396,0.228021978022,0.60989010989,0.684065934066,0.782967032967,0.598901098901,0.604395604396,0.412087912088,0.648351648352,0.428571428571,0.513736263736,0.695054945055,0.0384615384615,0.0467032967033
2025-01-23,0.478021978022,0.229395604396,0.414835164835,0.486263736264,0.785714285714,0.590659340659,0.568681318681,0.414835164835,0.578296703297,0.414835164835,0.510989010989,0.695054945055,0.032967032967,0.104395604396
2025-01-24,0.479395604396,0.229395604396,0.442307692308,0.478021978022,0.82967032967,0.67032967033,0.596153846154,0.340659340659,0.701923076923,0.337912087912,0.516483516484,0.717032967033,0.0164835164835,0.0769230769231
2025-01-25,0.480769230769,0.229395604396,0.489010989011,0.546703296703,0.815934065934,0.637362637363,0.587912087912,0.299450549451,0.700549450549,0.362637362637,0.519230769231,0.71978021978,0.021978021978,0.112637362637
2025-01-26,0.482142857143,0.229395604396,0.461538461538,0.519230769231,0.728021978022,0.431318681319,0.392857142857,0.244505494505,0.754120879121,0.571428571429,0.461538461538,0.714285714286,0.0384615384615,0.162087912088
2025-01-27,0.483516483516,0.229395604396,0.131868131868,0.302197802198,0.692307692308,0.381868131868,0.549450549451,0.39010989011,0.696428571429,0.60989010989,0.271978021978,0.552197802198,0.0879120879121,0.178571428571
2025-01-28,0.48489010989,0.229395604396,0.321428571429,0.332417582418,0.659340659341,0.337912087912,0.593406593407,0.450549450549,0.695054945055,0.675824175824,0.239010989011,0.519230769231,0.0274725274725,0.197802197802
2025-01-29,0.483516483516,0.230769230769,0.244505494505,0.255494505495,0.774725274725,0.541208791209,0.752747252747,0.521978021978,0.799450549451,0.510989010989,0.217032967033,0.456043956044,0.0274725274725,0.129120879121
2025-01-30,0.482142857143,0.232142857143,0.552197802198,0.464285714286,0.81043956044,0.626373626374,0.708791208791,0.576923076923,0.75,0.417582417582,0.206043956044,0.423076923077,0.112637362637,0.304945054945
2025-01-31,0.480769230769,0.233516483516,0.585164835165,0.552197802198,0.703296703297,0.406593406593,0.634615384615,0.574175824176,0.798076923077,0.626373626374,0.233516483516,0.483516483516,0.274725274725,0.46978021978
2025-02-01,0.479395604396,0.23489010989,0.255494505495,0.299450549451,0.601648351648,0.285714285714,0.571428571429,0.516483516484,0.68543956044,0.766483516484,0.263736263736,0.505494505495,0.101648351648,0.167582417582
2025-02-02,0.123626373626,0.637362637363,0.0659340659341,0.162087912088,0.445054945055,0.107142857143,0.46978021978,0.304945054945,0.552197802198,0.917582417582,0.343406593407,0.590659340659,0.0741758241758,0.0741758241758
2025-02-03,0.152472527473,0.638736263736,0.0164835164835,0.043956043956,0.648351648352,0.35989010989,0.527472527473,0.379120879121,0.622252747253,0.684065934066,0.379120879121,0.618131868132,0.0192307692308,0.0384615384615
2025-02-04,0.174450549451,0.64010989011,0.538461538462,0.401098901099,0.445054945055,0.120879120879,0.291208791209,0.387362637363,0.365384615385,0.81043956044,0.362637362637,0.590659340659,0.00274725274725,0.0274725274725
2025-02-05,0.0260989010989,0.881868131868,0.236263736264,0.178571428571,0.392857142857,0.0851648351648,0.271978021978,0.398351648352,0.366758241758,0.848901098901,0.368131868132,0.596153846154,0.0494505494505,0.0631868131868
2025-02-06,0.0412087912088,0.883241758242,0.129120879121,0.120879120879,0.384615384615,0.0961538461538,0.159340659341,0.351648351648,0.366758241758,0.851648351648,0.239010989011,0.458791208791,0.0164835164835,0.00549450549451
2025-02-07,0.0755494505495,0.881868131868,0.208791208791,0.167582417582,0.381868131868,0.101648351648,0.134615384615,0.42032967033,0.366758241758,0.843406593407,0.230769230769,0.480769230769,0.032967032967,0
2025-02-08,0.122252747253,0.880494505495,0.271978021978,0.203296703297,0.379120879121,0.123626373626,0.230769230769,0.445054945055,0.366758241758,0.81043956044,0.197802197802,0.395604395604,0.0384615384615,0
2025-02-09,0.181318681319,0.879120879121,0.302197802198,0.222527472527,0.381868131868,0.164835164835,0.203296703297,0.431318681319,0.366758241758,0.807692307692,0.195054945055,0.450549450549,0.0247252747253,0.00824175824176
2025-02-10,0.243131868132,0.877747252747,0.315934065934,0.241758241758,0.43956043956,0.269230769231,0.126373626374,0.425824175824,0.135989010989,0.681318681319,0.115384615385,0.21978021978,0.0576923076923,0.010989010989
2025-02-11,0.300824175824,0.631868131868,0.5,0.357142857143,0.351648351648,0.148351648352,0.142857142857,0.285714285714,0.368131868132,0.826923076923,0.0961538461538,0.18956043956,0.0549450549451,0.00824175824176
2025-02-12,0.843406593407,0.232142857143,0.208791208791,0.203296703297,0.46978021978,0.318681318681,0.200549450549,0.318681318681,0.368131868132,0.57967032967,0.145604395604,0.266483516484,0.0604395604396,0.00824175824176
2025-02-13,0.842032967033,0.232142857143,0.623626373626,0.467032967033,0.406593406593,0.236263736264,0.137362637363,0.269230769231,0.0947802197802,0.486263736264,0.14010989011,0.277472527473,0.0851648351648,0
2025-02-14,0.840659340659,0.232142857143,0.450549450549,0.348901098901,0.453296703297,0.318681318681,0.173076923077,0.31043956044,0.14010989011,0.269230769231,0.145604395604,0.313186813187,0.0934065934066,0.00549450549451
2025-02-15,0.800824175824,0.233516483516,0.576923076923,0.461538461538,0.456043956044,0.326923076923,0.241758241758,0.214285714286,0.141483516484,0.258241758242,0.123626373626,0.260989010989,0.0824175824176,0.021978021978
2025-02-16,0.75,0.233516483516,0.574175824176,0.472527472527,0.368131868132,0.203296703297,0.206043956044,0.318681318681,0.0467032967033,0.436813186813,0.137362637363,0.401098901099,0.115384615385,0.0467032967033
2025-02-17,0.700549450549,0.233516483516,0.156593406593,0.247252747253,0.354395604396,0.186813186813,0.225274725275,0.354395604396,0.0604395604396,0.313186813187,0.131868131868,0.417582417582,0.379120879121,0.0961538461538
2025-02-18,0.668956043956,0.233516483516,0.137362637363,0.214285714286,0.348901098901,0.184065934066,0.14010989011,0.464285714286,0.0769230769231,0.326923076923,0.0741758241758,0.293956043956,0.302197802198,0.0604395604396
2025-02-19,0.633241758242,0.233516483516,0.335164835165,0.269230769231,0.423076923077,0.271978021978,0.142857142857,0.401098901099,0.104395604396,0.192307692308,0.0741758241758,0.291208791209,0.184065934066,0.0934065934066
2025-02-20,0.575549450549,0.233516483516,0.57967032967,0.447802197802,0.524725274725,0.392857142857,0.282967032967,0.475274725275,0.153846153846,0.0659340659341,0.0741758241758,0.315934065934,0.0467032967033,0.0604395604396
2025-02-21,0.490384615385,0.233516483516,0.815934065934,0.695054945055,0.384615384615,0.233516483516,0.271978021978,0.387362637363,0.0288461538462,0.379120879121,0.0824175824176,0.315934065934,0.123626373626,0.0521978021978
2025-02-22,0.90521978022,0.233516483516,0.321428571429,0.332417582418,0.406593406593,0.271978021978,0.384615384615,0.42032967033,0.0508241758242,0.326923076923,0.043956043956,0.214285714286,0.629120879121,0.247252747253
2025-02-23,0.982142857143,0.233516483516,0.431318681319,0.414835164835,0.387362637363,0.241758241758,0.25,0.32967032967,0.0302197802198,0.362637362637,0.00824175824176,0.0604395604396,0.840659340659,0.299450549451
2025-02-24,0.299450549451,0.876373626374,0.417582417582,0.376373626374,0.186813186813,0.0384615384615,0.195054945055,0.120879120879,0.395604395604,0.804945054945,0.0467032967033,0.14010989011,0.678571428571,0.0521978021978
2025-02-25,0.806318681319,0.629120879121,0.00274725274725,0.010989010989,0.107142857143,0.021978021978,0.126373626374,0.0824175824176,0.396978021978,0.912087912088,0.0631868131868,0.222527472527,0.634615384615,0.203296703297
2025-02-26,0.754120879121,0.629120879121,0.0192307692308,0.00824175824176,0.0192307692308,0.00274725274725,0.0467032967033,0.00274725274725,0.398351648352,0.967032967033,0.200549450549,0.480769230769,0.752747252747,0.131868131868
2025-02-27,0.95467032967,0.232142857143,0,0,0.0274725274725,0.021978021978,0.0604395604396,0.00549450549451,0.398351648352,0.953296703297,0.206043956044,0.489010989011,0.791208791209,0.244505494505
2025-02-28,0.634615384615,0.630494505495,0.0549450549451,0.0164835164835,0.0247252747253,0.0384615384615,0.0549450549451,0.0247252747253,0.399725274725,0.956043956044,0.203296703297,0.489010989011,0.607142857143,0.148351648352
2025-03-01,0.571428571429,0.630494505495,0.263736263736,0.0714285714286,0.0576923076923,0.118131868132,0.0796703296703,0.032967032967,0.226648351648,0.868131868132,0.236263736264,0.56043956044,0.414835164835,0.0631868131868
2025-03-02,0.480769230769,0.630494505495,0.480769230769,0.197802197802,0.293956043956,0.843406593407,0.343406593407,0.0989010989011,0,0.0659340659341,0.758241758242,0.785714285714,0.664835164835,0.21978021978
2025-03-03,0.0975274725275,0.875,0.961538461538,0.813186813187,0.0631868131868,0.14010989011,0.101648351648,0.0247252747253,0.166208791209,0.585164835165,0.868131868132,0.887362637363,0.25,0.0521978021978
2025-03-04,0.126373626374,0.873626373626,0.326923076923,0.266483516484,0.0824175824176,0.260989010989,0.0769230769231,0.0357142857143,0.167582417582,0.519230769231,0.85989010989,0.879120879121,0.120879120879,0.0302197802198
2025-03-05,0.18543956044,0.872252747253,0.508241758242,0.409340659341,0.192307692308,0.563186813187,0.222527472527,0.0659340659341,0.021978021978,0.28021978022,0.884615384615,0.909340659341,0.123626373626,0.0412087912088
2025-03-06,0.186813186813,0.870879120879,0.684065934066,0.612637362637,0.159340659341,0.5,0.162087912088,0.0604395604396,0.0494505494505,0.337912087912,0.881868131868,0.892857142857,0.0851648351648,0.0302197802198
2025-03-07,0.214285714286,0.869505494505,0.590659340659,0.527472527473,0.0741758241758,0.222527472527,0.0714285714286,0.0412087912088,0.122252747253,0.508241758242,0.887362637363,0.958791208791,0.134615384615,0.043956043956
2025-03-08,0.0315934065934,0.978021978022,0.32967032967,0.32967032967,0.0659340659341,0.151098901099,0.0989010989011,0.0412087912088,0.177197802198,0.546703296703,0.884615384615,0.978021978022,0.291208791209,0.129120879121
2025-03-09,0.0796703296703,0.865384615385,0.31043956044,0.304945054945,0.00274725274725,0.00549450549451,0.00824175824176,0.00274725274725,0.0782967032967,0.799450549451,0.92032967033,0.986263736264,0.0769230769231,0.134615384615
2025-03-10,0.133241758242,0.865384615385,0.021978021978,0.0521978021978,0,0,0,0,0.0796703296703,0.846153846154,0.925824175824,0.986263736264,0.0274725274725,0.0576923076923
2025-03-11,0.196428571429,0.865384615385,0.0302197802198,0.0302197802198,0.0164835164835,0.0467032967033,0.021978021978,0.00549450549451,0.0508241758242,0.554945054945,0.978021978022,1,0.00824175824176,0.00274725274725
2025-03-12,0.710164835165,0.229395604396,0.467032967033,0.293956043956,0.0247252747253,0.0769230769231,0.0164835164835,0.021978021978,0.0151098901099,0.505494505495,0.972527472527,0.994505494505,0.00824175824176,0
2025-03-13,0.958791208791,0.230769230769,0.557692307692,0.409340659341,0.00824175824176,0.021978021978,0.0137362637363,0.010989010989,0.0686813186813,0.612637362637,0.978021978022,0.991758241758,0.0192307692308,0.00274725274725
2025-03-14,0.945054945055,0.232142857143,0.299450549451,0.222527472527,0.032967032967,0.107142857143,0.0521978021978,0.0824175824176,0.0164835164835,0.43956043956,0.983516483516,1,0.00274725274725,0.043956043956
2025-03-15,0.934065934066,0.233516483516,0.623626373626,0.486263736264,0.0412087912088,0.134615384615,0.0796703296703,0.0412087912088,0.0288461538462,0.417582417582,0.986263736264,1,0,0.115384615385
2025-03-16,0.918956043956,0.23489010989,0.648351648352,0.527472527473,0.0164835164835,0.0769230769231,0.137362637363,0.0604395604396,0.00824175824176,0.335164835165,0.972527472527,0.991758241758,0.0302197802198,0.142857142857
2025-03-17,0.892857142857,0.236263736264,0.343406593407,0.321428571429,0.0384615384615,0.145604395604,0.296703296703,0.104395604396,0.032967032967,0.228021978022,0.961538461538,0.983516483516,0.010989010989,0.0741758241758
2025-03-18,0.832417582418,0.236263736264,0.587912087912,0.5,0.021978021978,0.0851648351648,0.436813186813,0.0851648351648,0.0343406593407,0.293956043956,0.925824175824,0.975274725275,0.0384615384615,0.203296703297
2025-03-19,0.274725274725,0.623626373626,0.387362637363,0.348901098901,0.107142857143,0.442307692308,0.554945054945,0.153846153846,0.151098901099,0.0673076923077,0.961538461538,0.980769230769,0.0824175824176,0.335164835165
2025-03-20,0.695054945055,0.236263736264,0.928571428571,0.799450549451,0.043956043956,0.192307692308,0.483516483516,0.112637362637,0.0837912087912,0.277472527473,0.978021978022,0.989010989011,0.151098901099,0.313186813187
2025-03-21,0.635989010989,0.236263736264,0.505494505495,0.513736263736,0.043956043956,0.181318681319,0.428571428571,0.10989010989,0.105769230769,0.288461538462,0.975274725275,0.980769230769,0.247252747253,0.28021978022
2025-03-22,0.168956043956,0.625,0.489010989011,0.486263736264,0.0357142857143,0.159340659341,0.0906593406593,0.0961538461538,0.0686813186813,0.318681318681,0.85989010989,0.843406593407,0.145604395604,0.324175824176
2025-03-23,0.634615384615,0.237637362637,0.39010989011,0.456043956044,0.0961538461538,0.398351648352,0.489010989011,0.156593406593,0.10989010989,0.148351648352,0.766483516484,0.695054945055,0.373626373626,0.28021978022
2025-03-24,0.200549450549,0.626373626374,0.884615384615,0.763736263736,0.134615384615,0.521978021978,0.5,0.153846153846,0.21978021978,0.0686813186813,0.774725274725,0.695054945055,0.510989010989,0.255494505495
2025-03-25,0.943681318681,0.239010989011,0.895604395604,0.837912087912,0.131868131868,0.510989010989,0.376373626374,0.175824175824,0.291208791209,0.142857142857,0.752747252747,0.667582417582,0.502747252747,0.271978021978
2025-03-26,0.201923076923,0.864010989011,0.741758241758,0.769230769231,0.120879120879,0.478021978022,0.384615384615,0.153846153846,0.468406593407,0.186813186813,0.75,0.667582417582,0.434065934066,0.17032967033
2025-03-27,0.232142857143,0.862637362637,0.565934065934,0.684065934066,0.131868131868,0.502747252747,0.519230769231,0.159340659341,0.46978021978,0.162087912088,0.714285714286,0.626373626374,0.348901098901,0.184065934066
2025-03-28,0.259615384615,0.861263736264,0.612637362637,0.703296703297,0.0631868131868,0.244505494505,0.43956043956,0.131868131868,0.712912087912,0.423076923077,0.744505494505,0.653846153846,0.129120879121,0.129120879121
2025-03-29,0.260989010989,0.85989010989,0.129120879121,0.260989010989,0.0192307692308,0.101648351648,0.565934065934,0.101648351648,0.221153846154,0.546703296703,0.557692307692,0.453296703297,0.14010989011,0.0357142857143
2025-03-30,0.967032967033,0.239010989011,0.0494505494505,0.0934065934066,0.0164835164835,0.0961538461538,0.642857142857,0.0989010989011,0.163461538462,0.568681318681,0.508241758242,0.39010989011,0.318681318681,0.0659340659341
2025-03-31,0.262362637363,0.858516483516,0.0604395604396,0.0906593406593,0.0192307692308,0.118131868132,0.486263736264,0.0796703296703,0.225274725275,0.543956043956,0.31043956044,0.131868131868,0.486263736264,0.0686813186813
2025-04-01,0.263736263736,0.857142857143,0.233516483516,0.181318681319,0.0824175824176,0.381868131868,0.549450549451,0.112637362637,0.479395604396,0.258241758242,0.368131868132,0.175824175824,0.706043956044,0.112637362637
2025-04-02,0.29532967033,0.857142857143,0.766483516484,0.642857142857,0.0192307692308,0.129120879121,0.546703296703,0.0906593406593,0.133241758242,0.508241758242,0.370879120879,0.17032967033,0.442307692308,0.0741758241758
2025-04-03,0.296703296703,0.855769230769,0.230769230769,0.252747252747,0.0412087912088,0.217032967033,0.464285714286,0.107142857143,0.229395604396,0.434065934066,0.296703296703,0.115384615385,0.546703296703,0.0274725274725
2025-04-04,0.081043956044,0.976648351648,0.42032967033,0.343406593407,0.0521978021978,0.307692307692,0.478021978022,0.129120879121,0.134615384615,0.362637362637,0.299450549451,0.129120879121,0.412087912088,0.00274725274725
2025-04-05,0.103021978022,0.976648351648,0.532967032967,0.475274725275,0.0467032967033,0.282967032967,0.541208791209,0.236263736264,0.111263736264,0.398351648352,0.260989010989,0.120879120879,0.436813186813,0.0824175824176
2025-04-06,0.133241758242,0.975274725275,0.508241758242,0.464285714286,0,0.0357142857143,0.230769230769,0.164835164835,0.491758241758,0.760989010989,0.53021978022,0.387362637363,0.126373626374,0.00274725274725
2025-04-07,0.17032967033,0.973901098901,0.021978021978,0.0302197802198,0.00549450549451,0.0714285714286,0.340659340659,0.304945054945,0.493131868132,0.684065934066,0.53021978022,0.387362637363,0.0384615384615,0
2025-04-08,0.630494505495,0.851648351648,0.277472527473,0.159340659341,0,0.0164835164835,0.0851648351648,0.203296703297,0.494505494505,0.846153846154,0.39010989011,0.164835164835,0.0164835164835,0.00549450549451
2025-04-09,0.263736263736,0.618131868132,0.0851648351648,0.0631868131868,0.0357142857143,0.428571428571,0.447802197802,0.39010989011,0.0700549450549,0.258241758242,0.763736263736,0.552197802198,0.0659340659341,0.0357142857143
2025-04-10,0.299450549451,0.618131868132,0.736263736264,0.629120879121,0.010989010989,0.123626373626,0.299450549451,0.271978021978,0.175824175824,0.370879120879,0.799450549451,0.590659340659,0.0192307692308,0.0164835164835
2025-04-11,0.32967032967,0.619505494505,0.486263736264,0.392857142857,0.0604395604396,0.516483516484,0.494505494505,0.167582417582,0.115384615385,0.0686813186813,0.840659340659,0.648351648352,0.00549450549451,0
2025-04-12,0.833791208791,0.240384615385,0.758241758242,0.697802197802,0.115384615385,0.678571428571,0.475274725275,0.434065934066,0.144230769231,0.0700549450549,0.837912087912,0.642857142857,0.032967032967,0.0659340659341
2025-04-13,0.35989010989,0.619505494505,0.857142857143,0.774725274725,0.0686813186813,0.543956043956,0.346153846154,0.357142857143,0.182692307692,0.247252747253,0.832417582418,0.642857142857,0.010989010989,0.0549450549451
2025-04-14,0.361263736264,0.618131868132,0.645604395604,0.662087912088,0.107142857143,0.626373626374,0.401098901099,0.299450549451,0.184065934066,0.192307692308,0.837912087912,0.645604395604,0.0137362637363,0.0769230769231
2025-04-15,0.362637362637,0.616758241758,0.684065934066,0.703296703297,0.0659340659341,0.524725274725,0.362637362637,0.291208791209,0.252747252747,0.263736263736,0.837912087912,0.645604395604,0.032967032967,0.0769230769231
2025-04-16,0.364010989011,0.615384615385,0.447802197802,0.554945054945,0.0879120879121,0.568681318681,0.368131868132,0.376373626374,0.254120879121,0.230769230769,0.837912087912,0.642857142857,0.0274725274725,0.0384615384615
2025-04-17,0.832417582418,0.23489010989,0.5,0.571428571429,0.120879120879,0.648351648352,0.535714285714,0.406593406593,0.332417582418,0.162087912088,0.81043956044,0.601648351648,0.0494505494505,0.0137362637363
2025-04-18,0.831043956044,0.236263736264,0.681318681319,0.700549450549,0.10989010989,0.585164835165,0.574175824176,0.634615384615,0.331043956044,0.214285714286,0.799450549451,0.582417582418,0.0796703296703,0.0302197802198
2025-04-19,0.785714285714,0.236263736264,0.535714285714,0.604395604396,0.126373626374,0.648351648352,0.604395604396,0.758241758242,0.331043956044,0.148351648352,0.799450549451,0.57967032967,0.104395604396,0.137362637363
2025-04-20,0.732142857143,0.236263736264,0.684065934066,0.700549450549,0.131868131868,0.629120879121,0.601648351648,0.568681318681,0.510989010989,0.145604395604,0.799450549451,0.582417582418,0.0686813186813,0.164835164835
2025-04-21,0.679945054945,0.236263736264,0.678571428571,0.697802197802,0.244505494505,0.813186813187,0.590659340659,0.629120879121,0.509615384615,0.0714285714286,0.791208791209,0.56043956044,0.0137362637363,0.126373626374
2025-04-22,0.678571428571,0.236263736264,0.881868131868,0.854395604396,0.428571428571,0.980769230769,0.892857142857,0.851648351648,0.508241758242,0.0728021978022,0.870879120879,0.620879120879,0.10989010989,0.211538461538
2025-04-23,0.645604395604,0.236263736264,0.997252747253,0.997252747253,0.442307692308,0.942307692308,0.881868131868,0.807692307692,0.506868131868,0.0741758241758,0.870879120879,0.620879120879,0.162087912088,0.282967032967
2025-04-24,0.615384615385,0.236263736264,0.980769230769,0.983516483516,0.458791208791,0.85989010989,0.854395604396,0.802197802198,0.506868131868,0.0755494505495,0.870879120879,0.620879120879,0.131868131868,0.222527472527
2025-04-25,0.568681318681,0.236263736264,0.947802197802,0.975274725275,0.483516483516,0.766483516484,0.892857142857,0.840659340659,0.505494505495,0.0769230769231,0.857142857143,0.659340659341,0.142857142857,0.230769230769
2025-04-26,0.494505494505,0.236263736264,0.892857142857,0.967032967033,0.480769230769,0.656593406593,0.93956043956,0.813186813187,0.504120879121,0.156593406593,0.725274725275,0.392857142857,0.527472527473,0.274725274725
2025-04-27,0.892857142857,0.236263736264,0.843406593407,0.93956043956,0.436813186813,0.554945054945,0.914835164835,0.826923076923,0.745879120879,0.296703296703,0.728021978022,0.461538461538,0.662087912088,0.217032967033
2025-04-28,0.868131868132,0.236263736264,0.596153846154,0.824175824176,0.510989010989,0.60989010989,0.953296703297,0.766483516484,0.744505494505,0.200549450549,0.667582417582,0.307692307692,0.722527472527,0.145604395604
2025-04-29,0.35989010989,0.616758241758,0.71978021978,0.846153846154,0.456043956044,0.53021978022,0.884615384615,0.804945054945,0.837912087912,0.318681318681,0.332417582418,0.0714285714286,0.458791208791,0.195054945055
2025-04-30,0.358516483516,0.616758241758,0.502747252747,0.733516483516,0.585164835165,0.505494505495,0.909340659341,0.804945054945,0.836538461538,0.32967032967,0.200549450549,0.0521978021978,0.793956043956,0.211538461538
2025-05-01,0.836538461538,0.236263736264,0.458791208791,0.684065934066,0.75,0.656593406593,0.895604395604,0.846153846154,0.494505494505,0.0782967032967,0.131868131868,0.0494505494505,0.854395604396,0.173076923077
2025-05-02,0.0590659340659,0.851648351648,0.785714285714,0.843406593407,0.782967032967,0.667582417582,0.876373626374,0.802197802198,0.494505494505,0.0796703296703,0.10989010989,0.0631868131868,0.752747252747,0.21978021978
2025-05-03,0.362637362637,0.612637362637,0.747252747253,0.821428571429,0.717032967033,0.565934065934,0.879120879121,0.760989010989,0.899725274725,0.346153846154,0.0824175824176,0.0576923076923,0.832417582418,0.173076923077
2025-05-04,0.0824175824176,0.850274725275,0.475274725275,0.695054945055,0.782967032967,0.425824175824,0.813186813187,0.717032967033,0.898351648352,0.574175824176,0.134615384615,0.0686813186813,0.824175824176,0.208791208791
2025-05-05,0.877747252747,0.233516483516,0.115384615385,0.379120879121,0.802197802198,0.461538461538,0.868131868132,0.733516483516,0.932692307692,0.543956043956,0.104395604396,0.0686813186813,0.85989010989,0.277472527473
2025-05-06,0.0837912087912,0.848901098901,0.340659340659,0.480769230769,0.876373626374,0.648351648352,0.89010989011,0.774725274725,0.938186813187,0.351648351648,0.129120879121,0.0741758241758,0.826923076923,0.230769230769
2025-05-07,0.506868131868,0.608516483516,0.796703296703,0.769230769231,0.89010989011,0.648351648352,0.873626373626,0.843406593407,0.928571428571,0.32967032967,0.131868131868,0.0769230769231,0.82967032967,0.277472527473
2025-05-08,0.929945054945,0.232142857143,0.75,0.741758241758,0.965659340659,0.956043956044,0.947802197802,0.887362637363,0.480769230769,0.081043956044,0.313186813187,0.239010989011,0.950549450549,0.739010989011
2025-05-09,0.903846153846,0.232142857143,0.986263736264,0.983516483516,0.923076923077,0.917582417582,0.936813186813,0.887362637363,0.479395604396,0.217032967033,0.335164835165,0.269230769231,0.997252747253,0.848901098901
2025-05-10,0.876373626374,0.233516483516,0.942307692308,0.964285714286,0.964285714286,0.923076923077,0.947802197802,0.89010989011,0.478021978022,0.0824175824176,0.332417582418,0.337912087912,1,0.936813186813
2025-05-11,0.875,0.23489010989,0.96978021978,0.978021978022,0.906593406593,0.832417582418,0.906593406593,0.873626373626,0.723901098901,0.285714285714,0.326923076923,0.318681318681,1,0.895604395604
2025-05-12,0.978021978022,0.236263736264,0.791208791209,0.903846153846,0.854395604396,0.728021978022,0.747252747253,0.876373626374,0.722527472527,0.497252747253,0.101648351648,0.0989010989011,0.994505494505,0.934065934066
2025-05-13,0.961538461538,0.237637362637,0.521978021978,0.728021978022,0.903846153846,0.774725274725,0.785714285714,0.884615384615,0.721153846154,0.42032967033,0.10989010989,0.107142857143,1,0.983516483516
2025-05-14,0.923076923077,0.239010989011,0.659340659341,0.777472527473,0.879120879121,0.673076923077,0.747252747253,0.868131868132,0.85989010989,0.510989010989,0.123626373626,0.10989010989,0.997252747253,0.975274725275
2025-05-15,0.491758241758,0.620879120879,0.541208791209,0.703296703297,0.895604395604,0.648351648352,0.728021978022,0.868131868132,0.771978021978,0.483516483516,0.123626373626,0.118131868132,0.989010989011,0.947802197802
2025-05-16,0.350274725275,0.622252747253,0.604395604396,0.692307692308,0.873626373626,0.601648351648,0.71978021978,0.895604395604,0.858516483516,0.532967032967,0.131868131868,0.120879120879,0.983516483516,0.997252747253
2025-05-17,0.309065934066,0.623626373626,0.5,0.64010989011,0.848901098901,0.552197802198,0.739010989011,0.89010989011,0.857142857143,0.582417582418,0.115384615385,0.118131868132,0.980769230769,1
2025-05-18,0.307692307692,0.625,0.431318681319,0.568681318681,0.962912087912,0.821428571429,0.81043956044,0.912087912088,0.813186813187,0.326923076923,0.186813186813,0.17032967033,0.978021978022,0.991758241758
2025-05-19,0.306318681319,0.626373626374,0.85989010989,0.840659340659,0.895604395604,0.755494505495,0.804945054945,0.884615384615,0.936813186813,0.489010989011,0.18956043956,0.186813186813,0.978021978022,0.978021978022
2025-05-20,0.307692307692,0.626373626374,0.68956043956,0.71978021978,0.961538461538,0.826923076923,0.857142857143,0.895604395604,0.853021978022,0.403846153846,0.186813186813,0.186813186813,0.975274725275,1
2025-05-21,0.309065934066,0.625,0.782967032967,0.788461538462,0.960164835165,0.93956043956,0.862637362637,0.887362637363,0.700549450549,0.222527472527,0.195054945055,0.186813186813,0.96978021978,1
2025-05-22,0.357142857143,0.623626373626,0.931318681319,0.923076923077,0.958791208791,0.93956043956,0.887362637363,0.884615384615,0.458791208791,0.0796703296703,0.200549450549,0.211538461538,0.975274725275,0.997252747253
2025-05-23,0.417582417582,0.622252747253,0.956043956044,0.956043956044,0.739010989011,0.631868131868,0.802197802198,0.876373626374,0.998626373626,0.744505494505,0.324175824176,0.398351648352,0.967032967033,0.991758241758
2025-05-24,0.504120879121,0.23489010989,0.293956043956,0.524725274725,0.758241758242,0.667582417582,0.868131868132,0.870879120879,0.997252747253,0.722527472527,0.28021978022,0.324175824176,0.964285714286,0.986263736264
2025-05-25,0.505494505495,0.23489010989,0.348901098901,0.53021978022,0.804945054945,0.758241758242,0.881868131868,0.879120879121,0.990384615385,0.642857142857,0.285714285714,0.32967032967,0.958791208791,0.989010989011
2025-05-26,0.504120879121,0.236263736264,0.596153846154,0.684065934066,0.818681318681,0.763736263736,0.840659340659,0.873626373626,0.983516483516,0.629120879121,0.277472527473,0.304945054945,0.972527472527,1
2025-05-27,0.894230769231,0.236263736264,0.593406593407,0.686813186813,0.799450549451,0.725274725275,0.813186813187,0.870879120879,0.982142857143,0.673076923077,0.282967032967,0.373626373626,0.989010989011,1
2025-05-28,0.862637362637,0.236263736264,0.456043956044,0.574175824176,0.752747252747,0.596153846154,0.574175824176,0.862637362637,0.989010989011,0.837912087912,0.0494505494505,0.0769230769231,0.928571428571,1
2025-05-29,0.0714285714286,0.866758241758,0.288461538462,0.425824175824,0.656593406593,0.414835164835,0.516483516484,0.82967032967,0.918956043956,0.953296703297,0.0604395604396,0.0989010989011,0.884615384615,0.997252747253
2025-05-30,0.00274725274725,0.980769230769,0.0934065934066,0.173076923077,0.612637362637,0.318681318681,0.417582417582,0.821428571429,0.836538461538,0.983516483516,0.0604395604396,0.0961538461538,0.739010989011,0.991758241758
2025-05-31,0.589285714286,0.616758241758,0.0659340659341,0.0934065934066,0.629120879121,0.35989010989,0.472527472527,0.807692307692,0.866758241758,0.972527472527,0.0604395604396,0.104395604396,0.804945054945,1
2025-06-01,0.010989010989,0.979395604396,0.153846153846,0.173076923077,0.659340659341,0.442307692308,0.532967032967,0.75,0.891483516484,0.947802197802,0.0576923076923,0.112637362637,0.747252747253,0.986263736264
2025-06-02,0.021978021978,0.978021978022,0.494505494505,0.354395604396,0.664835164835,0.464285714286,0.5,0.747252747253,0.836538461538,0.934065934066,0.0521978021978,0.0989010989011,0.543956043956,0.986263736264
2025-06-03,0.0412087912088,0.976648351648,0.57967032967,0.428571428571,0.642857142857,0.423076923077,0.508241758242,0.728021978022,0.75,0.953296703297,0.0521978021978,0.0989010989011,0.67032967033,0.989010989011
2025-06-04,0.825549450549,0.607142857143,0.453296703297,0.376373626374,0.629120879121,0.379120879121,0.489010989011,0.692307692308,0.748626373626,0.975274725275,0.0604395604396,0.107142857143,0.843406593407,0.994505494505
2025-06-05,0.0837912087912,0.975274725275,0.304945054945,0.271978021978,0.467032967033,0.206043956044,0.395604395604,0.626373626374,0.458791208791,0.947802197802,0.142857142857,0.241758241758,0.623626373626,0.967032967033
2025-06-06,0.174450549451,0.973901098901,0.0302197802198,0.0384615384615,0.623626373626,0.434065934066,0.497252747253,0.711538461538,0.460164835165,0.791208791209,0.222527472527,0.326923076923,0.755494505495,0.972527472527
2025-06-07,0.960164835165,0.228021978022,0.450549450549,0.335164835165,0.656593406593,0.546703296703,0.42032967033,0.706043956044,0.461538461538,0.664835164835,0.115384615385,0.247252747253,0.857142857143,0.975274725275
2025-06-08,0.659340659341,0.605769230769,0.645604395604,0.513736263736,0.673076923077,0.557692307692,0.464285714286,0.728021978022,0.696428571429,0.648351648352,0.10989010989,0.489010989011,0.766483516484,0.96978021978
2025-06-09,0.626373626374,0.605769230769,0.634615384615,0.519230769231,0.85989010989,0.85989010989,0.563186813187,0.796703296703,0.84478021978,0.236263736264,0.269230769231,0.706043956044,0.870879120879,0.975274725275
2025-06-10,0.657967032967,0.607142857143,0.980769230769,0.925824175824,0.85989010989,0.837912087912,0.480769230769,0.766483516484,0.804945054945,0.0782967032967,0.225274725275,0.703296703297,0.912087912088,1
2025-06-11,0.622252747253,0.608516483516,0.917582417582,0.881868131868,0.788461538462,0.725274725275,0.35989010989,0.728021978022,0.752747252747,0.39010989011,0.208791208791,0.68956043956,0.903846153846,1
2025-06-12,0.92032967033,0.229395604396,0.604395604396,0.695054945055,0.67032967033,0.464285714286,0.401098901099,0.686813186813,0.875,0.653846153846,0.0961538461538,0.543956043956,0.901098901099,0.980769230769
2025-06-13,0.417582417582,0.612637362637,0.104395604396,0.252747252747,0.681318681319,0.489010989011,0.398351648352,0.730769230769,0.895604395604,0.629120879121,0.0934065934066,0.543956043956,0.873626373626,0.964285714286
2025-06-14,0.5,0.612637362637,0.313186813187,0.373626373626,0.645604395604,0.428571428571,0.337912087912,0.706043956044,0.840659340659,0.686813186813,0.0796703296703,0.510989010989,0.854395604396,0.958791208791
2025-06-15,0.413461538462,0.612637362637,0.291208791209,0.296703296703,0.656593406593,0.453296703297,0.324175824176,0.651098901099,0.870879120879,0.67032967033,0.0769230769231,0.508241758242,0.862637362637,0.972527472527
2025-06-16,0.0851648351648,0.854395604396,0.381868131868,0.357142857143,0.717032967033,0.552197802198,0.384615384615,0.675824175824,0.836538461538,0.565934065934,0.0906593406593,0.549450549451,0.653846153846,0.964285714286
2025-06-17,0.14010989011,0.853021978022,0.549450549451,0.502747252747,0.615384615385,0.35989010989,0.348901098901,0.414835164835,0.681318681319,0.782967032967,0.151098901099,0.571428571429,0.585164835165,0.876373626374
2025-06-18,0.174450549451,0.851648351648,0.192307692308,0.233516483516,0.623626373626,0.381868131868,0.425824175824,0.43956043956,0.791208791209,0.741758241758,0.0824175824176,0.494505494505,0.593406593407,0.832417582418
2025-06-19,0.620879120879,0.607142857143,0.326923076923,0.293956043956,0.618131868132,0.376373626374,0.483516483516,0.384615384615,0.677197802198,0.777472527473,0.0576923076923,0.458791208791,0.741758241758,0.728021978022
2025-06-20,0.207417582418,0.850274725275,0.326923076923,0.274725274725,0.554945054945,0.318681318681,0.398351648352,0.370879120879,0.449175824176,0.879120879121,0.0659340659341,0.486263736264,0.574175824176,0.706043956044
2025-06-21,0.233516483516,0.848901098901,0.151098901099,0.151098901099,0.502747252747,0.266483516484,0.324175824176,0.376373626374,0.614010989011,0.923076923077,0.0576923076923,0.697802197802,0.39010989011,0.596153846154
2025-06-22,0.285714285714,0.604395604396,0.0879120879121,0.0906593406593,0.434065934066,0.228021978022,0.260989010989,0.302197802198,0.447802197802,0.956043956044,0.0741758241758,0.700549450549,0.228021978022,0.381868131868
2025-06-23,0.325549450549,0.603021978022,0.159340659341,0.104395604396,0.634615384615,0.582417582418,0.447802197802,0.447802197802,0.160714285714,0.637362637363,0.285714285714,0.766483516484,0.368131868132,0.538461538462
2025-06-24,0.373626373626,0.601648351648,0.760989010989,0.615384615385,0.678571428571,0.645604395604,0.505494505495,0.475274725275,0.675824175824,0.401098901099,0.282967032967,0.760989010989,0.357142857143,0.667582417582
2025-06-25,0.425824175824,0.600274725275,0.815934065934,0.695054945055,0.725274725275,0.752747252747,0.626373626374,0.521978021978,0.446428571429,0.0796703296703,0.203296703297,0.722527472527,0.483516483516,0.576923076923
2025-06-26,0.427197802198,0.598901098901,0.868131868132,0.769230769231,0.717032967033,0.728021978022,0.535714285714,0.519230769231,0.446428571429,0.217032967033,0.129120879121,0.651098901099,0.510989010989,0.673076923077
2025-06-27,0.428571428571,0.597527472527,0.700549450549,0.692307692308,0.717032967033,0.71978021978,0.5,0.392857142857,0.445054945055,0.203296703297,0.0989010989011,0.623626373626,0.475274725275,0.725274725275
2025-06-28,0.429945054945,0.596153846154,0.642857142857,0.673076923077,0.71978021978,0.736263736264,0.502747252747,0.431318681319,0.443681318681,0.173076923077,0.0989010989011,0.634615384615,0.549450549451,0.684065934066
2025-06-29,0.896978021978,0.221153846154,0.662087912088,0.68956043956,0.782967032967,0.791208791209,0.370879120879,0.423076923077,0.277472527473,0.081043956044,0.00274725274725,0.247252747253,0.5,0.752747252747
2025-06-30,0.868131868132,0.221153846154,0.766483516484,0.763736263736,0.714285714286,0.662087912088,0.326923076923,0.293956043956,0.674450549451,0.368131868132,0.00549450549451,0.304945054945,0.285714285714,0.793956043956
2025-07-01,0.375,0.596153846154,0.406593406593,0.516483516484,0.645604395604,0.524725274725,0.32967032967,0.236263736264,0.789835164835,0.546703296703,0.00549450549451,0.269230769231,0.211538461538,0.697802197802
2025-07-02,0.376373626374,0.59478021978,0.126373626374,0.244505494505,0.788461538462,0.755494505495,0.552197802198,0.423076923077,0.604395604396,0.195054945055,0.010989010989,0.260989010989,0.464285714286,0.799450549451
2025-07-03,0.836538461538,0.218406593407,0.752747252747,0.744505494505,0.821428571429,0.78021978022,0.563186813187,0.431318681319,0.434065934066,0.081043956044,0.0137362637363,0.285714285714,0.664835164835,0.807692307692
2025-07-04,0.798076923077,0.21978021978,0.769230769231,0.774725274725,0.758241758242,0.623626373626,0.516483516484,0.340659340659,0.788461538462,0.417582417582,0.0164835164835,0.337912087912,0.637362637363,0.785714285714
2025-07-05,0.284340659341,0.597527472527,0.409340659341,0.486263736264,0.766483516484,0.64010989011,0.519230769231,0.326923076923,0.732142857143,0.384615384615,0.0192307692308,0.362637362637,0.612637362637,0.785714285714
2025-07-06,0.282967032967,0.598901098901,0.464285714286,0.521978021978,0.804945054945,0.739010989011,0.508241758242,0.373626373626,0.664835164835,0.266483516484,0.0164835164835,0.354395604396,0.763736263736,0.71978021978
2025-07-07,0.754120879121,0.221153846154,0.728021978022,0.703296703297,0.769230769231,0.626373626374,0.568681318681,0.379120879121,0.869505494505,0.431318681319,0.00274725274725,0.491758241758,0.708791208791,0.673076923077
2025-07-08,0.703296703297,0.222527472527,0.401098901099,0.472527472527,0.785714285714,0.700549450549,0.576923076923,0.505494505495,0.660714285714,0.313186813187,0.00549450549451,0.497252747253,0.81043956044,0.717032967033
2025-07-09,1,0.223901098901,0.596153846154,0.604395604396,0.903846153846,0.854395604396,0.642857142857,0.60989010989,0.418956043956,0.0824175824176,0.021978021978,0.576923076923,0.89010989011,0.826923076923
2025-07-10,0.995879120879,0.225274725275,0.887362637363,0.846153846154,0.957417582418,0.96978021978,0.815934065934,0.686813186813,0.417582417582,0.0837912087912,0.0741758241758,0.700549450549,0.906593406593,0.854395604396
2025-07-11,0.983516483516,0.226648351648,0.991758241758,0.989010989011,0.956043956044,0.947802197802,0.881868131868,0.703296703297,0.416208791209,0.0851648351648,0.0604395604396,0.648351648352,0.925824175824,0.846153846154
2025-07-12,0.967032967033,0.228021978022,0.96978021978,0.978021978022,0.903846153846,0.906593406593,0.895604395604,0.684065934066,0.414835164835,0.197802197802,0.0467032967033,0.604395604396,0.928571428571,0.815934065934
2025-07-13,0.664835164835,0.611263736264,0.909340659341,0.964285714286,0.95467032967,0.906593406593,0.835164835165,0.75,0.413461538462,0.0851648351648,0.00274725274725,0.258241758242,0.898351648352,0.804945054945
2025-07-14,0.625,0.611263736264,0.972527472527,0.980769230769,0.953296703297,0.804945054945,0.82967032967,0.766483516484,0.412087912088,0.0851648351648,0.00274725274725,0.255494505495,0.895604395604,0.799450549451
2025-07-15,0.895604395604,0.229395604396,0.78021978022,0.925824175824,0.804945054945,0.587912087912,0.708791208791,0.793956043956,0.728021978022,0.524725274725,0.021978021978,0.392857142857,0.947802197802,0.901098901099
2025-07-16,0.784340659341,0.230769230769,0.489010989011,0.708791208791,0.85989010989,0.618131868132,0.755494505495,0.755494505495,0.726648351648,0.480769230769,0.0164835164835,0.381868131868,0.978021978022,0.914835164835
2025-07-17,0.95467032967,0.232142857143,0.57967032967,0.755494505495,0.881868131868,0.598901098901,0.766483516484,0.733516483516,0.784340659341,0.447802197802,0.0164835164835,0.456043956044,0.980769230769,0.92032967033
2025-07-18,0.92032967033,0.233516483516,0.662087912088,0.777472527473,0.807692307692,0.489010989011,0.711538461538,0.695054945055,0.782967032967,0.607142857143,0.0357142857143,0.505494505495,0.991758241758,0.956043956044
2025-07-19,0.888736263736,0.23489010989,0.376373626374,0.56043956044,0.802197802198,0.480769230769,0.67032967033,0.576923076923,0.781593406593,0.612637362637,0.0357142857143,0.516483516484,0.986263736264,0.950549450549
2025-07-20,0.853021978022,0.236263736264,0.335164835165,0.521978021978,0.774725274725,0.428571428571,0.68956043956,0.565934065934,0.575549450549,0.681318681319,0.0247252747253,0.516483516484,1,0.950549450549
2025-07-21,0.81043956044,0.237637362637,0.222527472527,0.403846153846,0.777472527473,0.436813186813,0.752747252747,0.612637362637,0.574175824176,0.667582417582,0.00824175824176,0.450549450549,1,0.950549450549
2025-07-22,0.769230769231,0.237637362637,0.299450549451,0.398351648352,0.951923076923,0.662087912088,0.725274725275,0.75,0.894230769231,0.478021978022,0.00274725274725,0.456043956044,0.980769230769,0.93956043956
2025-07-23,0.675824175824,0.237637362637,0.733516483516,0.722527472527,0.857142857143,0.541208791209,0.662087912088,0.700549450549,0.892857142857,0.637362637363,0.010989010989,0.502747252747,0.96978021978,0.950549450549
2025-07-24,0.598901098901,0.237637362637,0.513736263736,0.557692307692,0.813186813187,0.505494505495,0.68956043956,0.711538461538,0.917582417582,0.706043956044,0,0.392857142857,0.994505494505,0.972527472527
2025-07-25,0.552197802198,0.237637362637,0.398351648352,0.450549450549,0.774725274725,0.434065934066,0.664835164835,0.681318681319,0.85989010989,0.821428571429,0.00824175824176,0.450549450549,0.994505494505,0.983516483516
2025-07-26,0.480769230769,0.237637362637,0.425824175824,0.395604395604,0.791208791209,0.475274725275,0.659340659341,0.645604395604,0.903846153846,0.766483516484,0.00549450549451,0.434065934066,0.989010989011,0.991758241758
2025-07-27,0.480769230769,0.237637362637,0.478021978022,0.445054945055,0.884615384615,0.601648351648,0.736263736264,0.758241758242,0.916208791209,0.623626373626,0,0.39010989011,0.994505494505,1
2025-07-28,0.480769230769,0.237637362637,0.766483516484,0.675824175824,0.796703296703,0.491758241758,0.667582417582,0.714285714286,0.945054945055,0.620879120879,0.0164835164835,0.53021978022,0.980769230769,0.989010989011
2025-07-29,0.480769230769,0.237637362637,0.392857142857,0.42032967033,0.785714285714,0.475274725275,0.612637362637,0.71978021978,0.929945054945,0.642857142857,0,0.458791208791,0.956043956044,0.986263736264
2025-07-30,0.480769230769,0.237637362637,0.373626373626,0.387362637363,0.771978021978,0.458791208791,0.46978021978,0.755494505495,0.880494505495,0.656593406593,0,0.0274725274725,0.942307692308,1
2025-07-31,0.480769230769,0.237637362637,0.395604395604,0.379120879121,0.673076923077,0.293956043956,0.346153846154,0.741758241758,0.403846153846,0.873626373626,0.00274725274725,0.0384615384615,0.93956043956,1
2025-08-01,0.480769230769,0.237637362637,0.0851648351648,0.104395604396,0.552197802198,0.200549450549,0.252747252747,0.695054945055,0.40521978022,0.972527472527,0.00549450549451,0.0934065934066,0.914835164835,0.997252747253
2025-08-02,0.480769230769,0.237637362637,0.00824175824176,0.021978021978,0.527472527473,0.206043956044,0.178571428571,0.541208791209,0.406593406593,0.986263736264,0.00549450549451,0.0521978021978,0.903846153846,0.967032967033
2025-08-03,0.479395604396,0.239010989011,0.0274725274725,0.021978021978,0.590659340659,0.307692307692,0.206043956044,0.574175824176,0.406593406593,0.923076923077,0.00824175824176,0.0851648351648,0.903846153846,0.972527472527
2025-08-04,0.478021978022,0.240384615385,0.247252747253,0.118131868132,0.629120879121,0.365384615385,0.321428571429,0.552197802198,0.406593406593,0.887362637363,0.00824175824176,0.0879120879121,0.901098901099,1
2025-08-05,0.129120879121,0.623626373626,0.505494505495,0.266483516484,0.585164835165,0.307692307692,0.236263736264,0.53021978022,0.406593406593,0.851648351648,0.00824175824176,0.107142857143,0.85989010989,0.994505494505
2025-08-06,0.00824175824176,0.857142857143,0.337912087912,0.200549450549,0.623626373626,0.373626373626,0.252747252747,0.557692307692,0.239010989011,0.747252747253,0.0137362637363,0.123626373626,0.846153846154,0.994505494505
2025-08-07,0.0206043956044,0.855769230769,0.541208791209,0.368131868132,0.75,0.60989010989,0.398351648352,0.607142857143,0.646978021978,0.486263736264,0.021978021978,0.175824175824,0.846153846154,1
2025-08-08,0.273351648352,0.618131868132,0.873626373626,0.741758241758,0.711538461538,0.532967032967,0.362637362637,0.571428571429,0.40521978022,0.582417582418,0.0247252747253,0.299450549451,0.865384615385,1
2025-08-09,0.0604395604396,0.854395604396,0.684065934066,0.596153846154,0.706043956044,0.513736263736,0.376373626374,0.585164835165,0.403846153846,0.604395604396,0.0247252747253,0.296703296703,0.873626373626,1
2025-08-10,0.111263736264,0.853021978022,0.565934065934,0.513736263736,0.876373626374,0.758241758242,0.478021978022,0.71978021978,0.645604395604,0.0796703296703,0.0302197802198,0.554945054945,0.851648351648,0.997252747253
2025-08-11,0.173076923077,0.851648351648,0.89010989011,0.826923076923,0.843406593407,0.684065934066,0.351648351648,0.585164835165,0.712912087912,0.271978021978,0.0302197802198,0.442307692308,0.870879120879,0.994505494505
2025-08-12,0.93956043956,0.239010989011,0.543956043956,0.645604395604,0.950549450549,0.744505494505,0.458791208791,0.612637362637,0.641483516484,0.081043956044,0.032967032967,0.461538461538,0.925824175824,1
2025-08-13,0.641483516484,0.615384615385,0.736263736264,0.774725274725,0.949175824176,0.846153846154,0.57967032967,0.755494505495,0.394230769231,0.0824175824176,0.0384615384615,0.67032967033,0.912087912088,1
2025-08-14,0.677197802198,0.614010989011,0.93956043956,0.934065934066,0.612637362637,0.423076923077,0.431318681319,0.590659340659,0.850274725275,0.760989010989,0.142857142857,0.824175824176,0.892857142857,0.997252747253
2025-08-15,0.678571428571,0.612637362637,0.214285714286,0.354395604396,0.56043956044,0.346153846154,0.381868131868,0.538461538462,0.637362637363,0.848901098901,0.151098901099,0.82967032967,0.884615384615,0.991758241758
2025-08-16,0.642857142857,0.611263736264,0.145604395604,0.228021978022,0.56043956044,0.351648351648,0.321428571429,0.568681318681,0.635989010989,0.843406593407,0.14010989011,0.832417582418,0.873626373626,0.989010989011
2025-08-17,0.600274725275,0.60989010989,0.162087912088,0.252747252747,0.563186813187,0.354395604396,0.373626373626,0.552197802198,0.634615384615,0.840659340659,0.126373626374,0.824175824176,0.881868131868,0.986263736264
2025-08-18,0.601648351648,0.608516483516,0.18956043956,0.263736263736,0.497252747253,0.269230769231,0.326923076923,0.434065934066,0.708791208791,0.903846153846,0.142857142857,0.82967032967,0.865384615385,0.975274725275
2025-08-19,0.553571428571,0.607142857143,0.159340659341,0.178571428571,0.381868131868,0.0879120879121,0.186813186813,0.214285714286,0.379120879121,0.994505494505,0.228021978022,0.857142857143,0.832417582418,0.961538461538
2025-08-20,0.479395604396,0.605769230769,0.0274725274725,0.0247252747253,0.43956043956,0.184065934066,0.326923076923,0.214285714286,0.630494505495,0.953296703297,0.211538461538,0.857142857143,0.881868131868,0.978021978022
2025-08-21,0.402472527473,0.604395604396,0.186813186813,0.101648351648,0.368131868132,0.0989010989011,0.357142857143,0.195054945055,0.159340659341,0.991758241758,0.175824175824,0.840659340659,0.901098901099,0.972527472527
2025-08-22,0.884615384615,0.228021978022,0.0659340659341,0.043956043956,0.543956043956,0.39010989011,0.568681318681,0.239010989011,0.207417582418,0.824175824176,0.370879120879,0.898351648352,0.991758241758,0.997252747253
2025-08-23,0.848901098901,0.228021978022,0.799450549451,0.601648351648,0.467032967033,0.285714285714,0.445054945055,0.206043956044,0.550824175824,0.887362637363,0.373626373626,0.898351648352,0.986263736264,0.991758241758
2025-08-24,0.358516483516,0.603021978022,0.546703296703,0.392857142857,0.392857142857,0.186813186813,0.321428571429,0.208791208791,0.208791208791,0.947802197802,0.381868131868,0.903846153846,0.950549450549,0.978021978022
2025-08-25,0.809065934066,0.226648351648,0.236263736264,0.186813186813,0.263736263736,0.0467032967033,0.214285714286,0.162087912088,0.376373626374,1,0.458791208791,0.917582417582,0.923076923077,0.93956043956
2025-08-26,0.769230769231,0.228021978022,0.0604395604396,0.0357142857143,0.313186813187,0.123626373626,0.263736263736,0.175824175824,0.157967032967,0.967032967033,0.472527472527,0.917582417582,0.936813186813,0.942307692308
2025-08-27,0.276098901099,0.605769230769,0.324175824176,0.178571428571,0.285714285714,0.10989010989,0.142857142857,0.178571428571,0.159340659341,0.596153846154,0.43956043956,0.89010989011,0.879120879121,0.925824175824
2025-08-28,0.274725274725,0.607142857143,0.282967032967,0.153846153846,0.35989010989,0.214285714286,0.214285714286,0.192307692308,0.112637362637,0.43956043956,0.450549450549,0.898351648352,0.851648351648,0.895604395604
2025-08-29,0.273351648352,0.608516483516,0.505494505495,0.354395604396,0.203296703297,0.0357142857143,0.0906593406593,0.153846153846,0.383241758242,0.692307692308,0.546703296703,0.917582417582,0.785714285714,0.846153846154
2025-08-30,0.271978021978,0.60989010989,0.0714285714286,0.0494505494505,0.208791208791,0.043956043956,0.0549450549451,0.156593406593,0.218406593407,0.648351648352,0.483516483516,0.887362637363,0.815934065934,0.837912087912
2025-08-31,0.273351648352,0.60989010989,0.118131868132,0.0714285714286,0.197802197802,0.0412087912088,0.0549450549451,0.137362637363,0.21978021978,0.686813186813,0.486263736264,0.912087912088,0.826923076923,0.873626373626
2025-09-01,0.317307692308,0.611263736264,0.104395604396,0.0631868131868,0.217032967033,0.0934065934066,0.0549450549451,0.148351648352,0.114010989011,0.576923076923,0.480769230769,0.906593406593,0.744505494505,0.870879120879
2025-09-02,0.35989010989,0.611263736264,0.395604395604,0.197802197802,0.28021978022,0.230769230769,0.0494505494505,0.173076923077,0.0398351648352,0.409340659341,0.450549450549,0.868131868132,0.706043956044,0.815934065934
2025-09-03,0.361263736264,0.611263736264,0.752747252747,0.497252747253,0.304945054945,0.266483516484,0.14010989011,0.184065934066,0.0563186813187,0.357142857143,0.335164835165,0.835164835165,0.747252747253,0.846153846154
2025-09-04,0.409340659341,0.612637362637,0.75,0.574175824176,0.269230769231,0.206043956044,0.14010989011,0.164835164835,0.0576923076923,0.447802197802,0.337912087912,0.835164835165,0.722527472527,0.791208791209
2025-09-05,0.491758241758,0.228021978022,0.5,0.409340659341,0.263736263736,0.200549450549,0.134615384615,0.145604395604,0.0590659340659,0.304945054945,0.337912087912,0.835164835165,0.736263736264,0.777472527473
2025-09-06,0.490384615385,0.229395604396,0.409340659341,0.373626373626,0.247252747253,0.159340659341,0.115384615385,0.156593406593,0.0989010989011,0.296703296703,0.335164835165,0.832417582418,0.706043956044,0.777472527473
2025-09-07,0.491758241758,0.229395604396,0.304945054945,0.315934065934,0.271978021978,0.236263736264,0.18956043956,0.17032967033,0.0274725274725,0.184065934066,0.348901098901,0.840659340659,0.75,0.774725274725
2025-09-08,0.884615384615,0.230769230769,0.519230769231,0.453296703297,0.324175824176,0.296703296703,0.368131868132,0.184065934066,0.0837912087912,0.0782967032967,0.230769230769,0.840659340659,0.755494505495,0.766483516484
2025-09-09,0.846153846154,0.232142857143,0.678571428571,0.596153846154,0.293956043956,0.274725274725,0.291208791209,0.211538461538,0.0824175824176,0.241758241758,0.203296703297,0.835164835165,0.700549450549,0.777472527473
2025-09-10,0.803571428571,0.233516483516,0.461538461538,0.456043956044,0.412087912088,0.472527472527,0.46978021978,0.321428571429,0.181318681319,0.0782967032967,0.258241758242,0.835164835165,0.695054945055,0.81043956044
2025-09-11,0.306318681319,0.622252747253,0.821428571429,0.774725274725,0.46978021978,0.571428571429,0.335164835165,0.395604395604,0.395604395604,0.0796703296703,0.115384615385,0.747252747253,0.304945054945,0.862637362637
2025-09-12,0.307692307692,0.620879120879,0.92032967033,0.870879120879,0.486263736264,0.604395604396,0.434065934066,0.348901098901,0.394230769231,0.0796703296703,0.104395604396,0.711538461538,0.571428571429,0.903846153846
2025-09-13,0.309065934066,0.620879120879,0.873626373626,0.857142857143,0.480769230769,0.568681318681,0.497252747253,0.321428571429,0.392857142857,0.184065934066,0.0741758241758,0.653846153846,0.42032967033,0.813186813187
2025-09-14,0.769230769231,0.232142857143,0.821428571429,0.824175824176,0.453296703297,0.508241758242,0.601648351648,0.32967032967,0.391483516484,0.285714285714,0.0357142857143,0.318681318681,0.678571428571,0.840659340659
2025-09-15,0.0398351648352,0.862637362637,0.565934065934,0.703296703297,0.453296703297,0.505494505495,0.552197802198,0.307692307692,0.39010989011,0.28021978022,0.0357142857143,0.244505494505,0.406593406593,0.78021978022
2025-09-16,0.0563186813187,0.861263736264,0.541208791209,0.673076923077,0.535714285714,0.574175824176,0.615384615385,0.288461538462,0.388736263736,0.0796703296703,0.0384615384615,0.263736263736,0.398351648352,0.736263736264
2025-09-17,0.362637362637,0.615384615385,0.826923076923,0.815934065934,0.502747252747,0.532967032967,0.557692307692,0.296703296703,0.388736263736,0.241758241758,0.0357142857143,0.236263736264,0.585164835165,0.733516483516
2025-09-18,0.413461538462,0.614010989011,0.626373626374,0.708791208791,0.543956043956,0.554945054945,0.678571428571,0.318681318681,0.388736263736,0.0796703296703,0,0,0.516483516484,0.692307692308
2025-09-19,0.123626373626,0.861263736264,0.656593406593,0.736263736264,0.464285714286,0.423076923077,0.64010989011,0.217032967033,0.707417582418,0.431318681319,0.00274725274725,0.010989010989,0.445054945055,0.703296703297
2025-09-20,0.618131868132,0.614010989011,0.260989010989,0.43956043956,0.464285714286,0.428571428571,0.662087912088,0.230769230769,0.706043956044,0.42032967033,0.00274725274725,0.00549450549451,0.401098901099,0.708791208791
2025-09-21,0.619505494505,0.612637362637,0.288461538462,0.442307692308,0.434065934066,0.392857142857,0.620879120879,0.195054945055,0.550824175824,0.491758241758,0.00549450549451,0.0164835164835,0.538461538462,0.612637362637
2025-09-22,0.18543956044,0.85989010989,0.151098901099,0.337912087912,0.340659340659,0.233516483516,0.458791208791,0.123626373626,0.848901098901,0.821428571429,0.010989010989,0.0357142857143,0.434065934066,0.563186813187
2025-09-23,0.211538461538,0.858516483516,0.032967032967,0.0494505494505,0.291208791209,0.21978021978,0.412087912088,0.17032967033,0.807692307692,0.854395604396,0.0164835164835,0.0412087912088,0.293956043956,0.56043956044
2025-09-24,0.740384615385,0.225274725275,0.0631868131868,0.0494505494505,0.368131868132,0.304945054945,0.502747252747,0.217032967033,0.619505494505,0.706043956044,0.0192307692308,0.0467032967033,0.348901098901,0.563186813187
2025-09-25,0.0302197802198,0.857142857143,0.354395604396,0.214285714286,0.175824175824,0.0741758241758,0.307692307692,0.142857142857,0.383241758242,0.953296703297,0.0714285714286,0.288461538462,0.239010989011,0.5
2025-09-26,0.273351648352,0.604395604396,0.00824175824176,0.00274725274725,0.192307692308,0.153846153846,0.381868131868,0.153846153846,0.383241758242,0.92032967033,0.0741758241758,0.302197802198,0.376373626374,0.549450549451
2025-09-27,0.0576923076923,0.855769230769,0.0989010989011,0.0302197802198,0.192307692308,0.208791208791,0.318681318681,0.17032967033,0.383241758242,0.92032967033,0.0686813186813,0.260989010989,0.35989010989,0.585164835165
2025-09-28,0.104395604396,0.854395604396,0.120879120879,0.043956043956,0.321428571429,0.395604395604,0.412087912088,0.31043956044,0.383241758242,0.703296703297,0.10989010989,0.387362637363,0.458791208791,0.634615384615
2025-09-29,0.133241758242,0.853021978022,0.854395604396,0.510989010989,0.428571428571,0.60989010989,0.527472527473,0.32967032967,0.543956043956,0.475274725275,0.123626373626,0.483516483516,0.412087912088,0.563186813187
2025-09-30,0.197802197802,0.851648351648,0.967032967033,0.832417582418,0.412087912088,0.57967032967,0.412087912088,0.381868131868,0.383241758242,0.5,0.0989010989011,0.370879120879,0.406593406593,0.549450549451
2025-10-01,0.245879120879,0.850274725275,0.843406593407,0.744505494505,0.631868131868,0.901098901099,0.549450549451,0.384615384615,0.384615384615,0.0700549450549,0.197802197802,0.651098901099,0.387362637363,0.354395604396
2025-10-02,0.282967032967,0.850274725275,0.986263736264,0.972527472527,0.728021978022,0.936813186813,0.604395604396,0.472527472527,0.385989010989,0.0714285714286,0.217032967033,0.68956043956,0.25,0.368131868132
2025-10-03,0.331043956044,0.850274725275,0.986263736264,0.986263736264,0.851648351648,0.945054945055,0.645604395604,0.568681318681,0.387362637363,0.0728021978022,0.228021978022,0.711538461538,0.252747252747,0.346153846154
2025-10-04,0.428571428571,0.592032967033,0.96978021978,0.975274725275,0.857142857143,0.92032967033,0.662087912088,0.653846153846,0.388736263736,0.0741758241758,0.228021978022,0.700549450549,0.260989010989,0.428571428571
2025-10-05,0.427197802198,0.592032967033,0.947802197802,0.967032967033,0.947802197802,0.826923076923,0.692307692308,0.634615384615,0.39010989011,0.0755494505495,0.230769230769,0.703296703297,0.302197802198,0.35989010989
2025-10-06,0.512362637363,0.218406593407,0.857142857143,0.942307692308,0.946428571429,0.758241758242,0.681318681319,0.681318681319,0.391483516484,0.0769230769231,0.222527472527,0.725274725275,0.543956043956,0.442307692308
2025-10-07,0.513736263736,0.218406593407,0.846153846154,0.936813186813,0.68956043956,0.428571428571,0.607142857143,0.563186813187,0.634615384615,0.612637362637,0.368131868132,0.769230769231,0.291208791209,0.403846153846
2025-10-08,0.51510989011,0.218406593407,0.247252747253,0.585164835165,0.824175824176,0.585164835165,0.634615384615,0.747252747253,0.711538461538,0.5,0.398351648352,0.771978021978,0.332417582418,0.398351648352
2025-10-09,0.516483516484,0.21978021978,0.607142857143,0.763736263736,0.700549450549,0.423076923077,0.629120879121,0.667582417582,0.710164835165,0.667582417582,0.398351648352,0.777472527473,0.288461538462,0.368131868132
2025-10-10,0.51510989011,0.221153846154,0.343406593407,0.502747252747,0.269230769231,0.021978021978,0.266483516484,0.458791208791,0.708791208791,1,0.771978021978,0.914835164835,0.137362637363,0.236263736264
2025-10-11,0.513736263736,0.222527472527,0.00274725274725,0.010989010989,0.178571428571,0.010989010989,0.186813186813,0.362637362637,0.388736263736,1,0.78021978022,0.923076923077,0.148351648352,0.291208791209
2025-10-12,0.512362637363,0.223901098901,0.010989010989,0.010989010989,0.381868131868,0.0631868131868,0.497252747253,0.445054945055,0.767857142857,0.956043956044,0.813186813187,0.934065934066,0.524725274725,0.445054945055
2025-10-13,0.510989010989,0.225274725275,0.321428571429,0.175824175824,0.381868131868,0.0879120879121,0.546703296703,0.442307692308,0.622252747253,0.945054945055,0.81043956044,0.958791208791,0.629120879121,0.434065934066
2025-10-14,0.509615384615,0.226648351648,0.395604395604,0.217032967033,0.285714285714,0.0467032967033,0.39010989011,0.412087912088,0.550824175824,0.989010989011,0.815934065934,0.958791208791,0.631868131868,0.483516483516
2025-10-15,0.894230769231,0.228021978022,0.241758241758,0.131868131868,0.186813186813,0.0274725274725,0.483516483516,0.321428571429,0.387362637363,0.997252747253,0.782967032967,0.917582417582,0.68956043956,0.434065934066
2025-10-16,0.406593406593,0.612637362637,0.120879120879,0.0769230769231,0.153846153846,0.021978021978,0.321428571429,0.252747252747,0.387362637363,1,0.804945054945,0.925824175824,0.568681318681,0.447802197802
2025-10-17,0.40521978022,0.614010989011,0.0604395604396,0.0302197802198,0.151098901099,0.0164835164835,0.25,0.197802197802,0.388736263736,1,0.804945054945,0.934065934066,0.582417582418,0.450549450549
2025-10-18,0.403846153846,0.615384615385,0.0741758241758,0.0302197802198,0.153846153846,0.0494505494505,0.164835164835,0.195054945055,0.388736263736,0.997252747253,0.782967032967,0.923076923077,0.585164835165,0.491758241758
2025-10-19,0.402472527473,0.615384615385,0.145604395604,0.0714285714286,0.162087912088,0.118131868132,0.153846153846,0.244505494505,0.225274725275,0.989010989011,0.774725274725,0.909340659341,0.626373626374,0.497252747253
2025-10-20,0.403846153846,0.614010989011,0.458791208791,0.175824175824,0.18956043956,0.260989010989,0.252747252747,0.239010989011,0.0961538461538,0.873626373626,0.796703296703,0.928571428571,0.620879120879,0.483516483516
2025-10-21,0.40521978022,0.612637362637,0.692307692308,0.381868131868,0.162087912088,0.104395604396,0.0604395604396,0.156593406593,0.174450549451,0.914835164835,0.717032967033,0.884615384615,0.541208791209,0.434065934066
2025-10-22,0.406593406593,0.611263736264,0.299450549451,0.228021978022,0.159340659341,0.0961538461538,0.0412087912088,0.14010989011,0.175824175824,0.85989010989,0.684065934066,0.862637362637,0.409340659341,0.337912087912
2025-10-23,0.407967032967,0.60989010989,0.252747252747,0.192307692308,0.186813186813,0.296703296703,0.0494505494505,0.186813186813,0.0755494505495,0.247252747253,0.714285714286,0.876373626374,0.401098901099,0.337912087912
2025-10-24,0.409340659341,0.608516483516,0.598901098901,0.434065934066,0.217032967033,0.354395604396,0.0576923076923,0.225274725275,0.179945054945,0.17032967033,0.71978021978,0.903846153846,0.5,0.370879120879
2025-10-25,0.521978021978,0.221153846154,0.692307692308,0.524725274725,0.25,0.392857142857,0.0576923076923,0.241758241758,0.100274725275,0.0714285714286,0.714285714286,0.906593406593,0.505494505495,0.395604395604
2025-10-26,0.523351648352,0.221153846154,0.755494505495,0.607142857143,0.392857142857,0.673076923077,0.0796703296703,0.277472527473,0.184065934066,0.0728021978022,0.75,0.934065934066,0.491758241758,0.486263736264
2025-10-27,0.119505494505,0.607142857143,0.942307692308,0.843406593407,0.376373626374,0.593406593407,0.126373626374,0.277472527473,0.18543956044,0.200549450549,0.728021978022,0.89010989011,0.596153846154,0.425824175824
2025-10-28,0.153846153846,0.605769230769,0.771978021978,0.766483516484,0.307692307692,0.472527472527,0.0741758241758,0.236263736264,0.130494505495,0.299450549451,0.692307692308,0.931318681319,0.458791208791,0.39010989011
2025-10-29,0.660714285714,0.218406593407,0.392857142857,0.535714285714,0.186813186813,0.263736263736,0.0604395604396,0.195054945055,0.0769230769231,0.519230769231,0.728021978022,0.923076923077,0.607142857143,0.434065934066
2025-10-30,1,0.218406593407,0.0741758241758,0.151098901099,0.167582417582,0.142857142857,0.222527472527,0.159340659341,0.134615384615,0.631868131868,0.423076923077,0.653846153846,0.736263736264,0.412087912088
2025-10-31,0.980769230769,0.604395604396,0.10989010989,0.10989010989,0.184065934066,0.247252747253,0.381868131868,0.197802197802,0.104395604396,0.516483516484,0.406593406593,0.598901098901,0.741758241758,0.417582417582
2025-11-01,0.307692307692,0.980769230769,0.260989010989,0.244505494505,0.197802197802,0.291208791209,0.208791208791,0.285714285714,0.138736263736,0.5,0.18956043956,0.315934065934,0.521978021978,0.5
2025-11-02,0.309065934066,0.979395604396,0.335164835165,0.31043956044,0.211538461538,0.318681318681,0.21978021978,0.313186813187,0.200549450549,0.453296703297,0.200549450549,0.32967032967,0.445054945055,0.513736263736
2025-11-03,0.0480769230769,1,0.458791208791,0.381868131868,0.153846153846,0.0741758241758,0.145604395604,0.175824175824,0.201923076923,0.708791208791,0.32967032967,0.478021978022,0.274725274725,0.434065934066
2025-11-04,0.0714285714286,0.998626373626,0.107142857143,0.0989010989011,0.120879120879,0.0137362637363,0.0796703296703,0.151098901099,0.429945054945,0.879120879121,0.480769230769,0.645604395604,0.208791208791,0.409340659341
2025-11-05,0.424450549451,0.972527472527,0.0247252747253,0.0137362637363,0.142857142857,0.0714285714286,0.228021978022,0.195054945055,0.203296703297,0.752747252747,0.494505494505,0.667582417582,0.244505494505,0.368131868132
2025-11-06,0.35989010989,0.971153846154,0.184065934066,0.104395604396,0.120879120879,0.043956043956,0.192307692308,0.131868131868,0.270604395604,0.837912087912,0.516483516484,0.68956043956,0.233516483516,0.362637362637
2025-11-07,0.313186813187,0.96978021978,0.0549450549451,0.0274725274725,0.145604395604,0.129120879121,0.258241758242,0.129120879121,0.271978021978,0.708791208791,0.543956043956,0.700549450549,0.255494505495,0.381868131868
2025-11-08,0.31456043956,0.968406593407,0.42032967033,0.173076923077,0.134615384615,0.0961538461538,0.14010989011,0.104395604396,0.43956043956,0.769230769231,0.532967032967,0.692307692308,0.225274725275,0.384615384615
2025-11-09,0.542582417582,0.84478021978,0.293956043956,0.123626373626,0.159340659341,0.291208791209,0.184065934066,0.129120879121,0.105769230769,0.543956043956,0.549450549451,0.706043956044,0.395604395604,0.489010989011
2025-11-10,0.659340659341,0.206043956044,0.747252747253,0.447802197802,0.164835164835,0.395604395604,0.346153846154,0.0989010989011,0.0535714285714,0.335164835165,0.543956043956,0.700549450549,0.340659340659,0.431318681319
2025-11-11,0.657967032967,0.207417582418,0.791208791209,0.596153846154,0.148351648352,0.17032967033,0.228021978022,0.043956043956,0.145604395604,0.401098901099,0.590659340659,0.722527472527,0.332417582418,0.362637362637
2025-11-12,0.656593406593,0.208791208791,0.25,0.241758241758,0.126373626374,0.101648351648,0.104395604396,0.021978021978,0.212912087912,0.486263736264,0.552197802198,0.692307692308,0.456043956044,0.414835164835
2025-11-13,0.614010989011,0.210164835165,0.173076923077,0.159340659341,0.0961538461538,0.0549450549451,0.0467032967033,0.0164835164835,0.214285714286,0.565934065934,0.557692307692,0.686813186813,0.247252747253,0.351648351648
2025-11-14,0.532967032967,0.211538461538,0.14010989011,0.112637362637,0.0137362637363,0.00274725274725,0.00824175824176,0.00274725274725,0.450549450549,0.78021978022,0.673076923077,0.744505494505,0.296703296703,0.384615384615
2025-11-15,0.531593406593,0.212912087912,0.021978021978,0.021978021978,0.021978021978,0.0137362637363,0.00274725274725,0.00549450549451,0.287087912088,0.692307692308,0.629120879121,0.711538461538,0.244505494505,0.346153846154
2025-11-16,0.53021978022,0.214285714286,0.10989010989,0.0576923076923,0.0137362637363,0.010989010989,0.00274725274725,0.00824175824176,0.288461538462,0.692307692308,0.629120879121,0.711538461538,0.241758241758,0.370879120879
2025-11-17,0.891483516484,0.214285714286,0.0741758241758,0.0357142857143,0.00549450549451,0.00824175824176,0,0,0.457417582418,0.78021978022,0.64010989011,0.717032967033,0.315934065934,0.368131868132
2025-11-18,0.424450549451,0.589285714286,0.0494505494505,0.0247252747253,0.010989010989,0.0302197802198,0.0164835164835,0.00549450549451,0.289835164835,0.697802197802,0.645604395604,0.722527472527,0.387362637363,0.486263736264
2025-11-19,0.425824175824,0.587912087912,0.206043956044,0.0906593406593,0.00274725274725,0.0467032967033,0.0192307692308,0.0302197802198,0.291208791209,0.766483516484,0.645604395604,0.714285714286,0.346153846154,0.571428571429
2025-11-20,0.855769230769,0.211538461538,0.244505494505,0.112637362637,0,0.0192307692308,0,0.0164835164835,0.464285714286,0.870879120879,0.75,0.747252747253,0.307692307692,0.546703296703
2025-11-21,0.364010989011,0.586538461538,0.043956043956,0.0137362637363,0,0.0549450549451,0,0,0.465659340659,0.884615384615,0.728021978022,0.744505494505,0.274725274725,0.376373626374
2025-11-22,0.818681318681,0.210164835165,0.120879120879,0.032967032967,0,0.107142857143,0,0,0.467032967033,0.892857142857,0.711538461538,0.741758241758,0.282967032967,0.346153846154
2025-11-23,0.784340659341,0.210164835165,0.129120879121,0.0384615384615,0.00824175824176,0.321428571429,0.00824175824176,0.0192307692308,0.468406593407,0.782967032967,0.78021978022,0.758241758242,0.431318681319,0.337912087912
2025-11-24,0.997252747253,0.210164835165,0.431318681319,0.148351648352,0.010989010989,0.456043956044,0.043956043956,0.032967032967,0.081043956044,0.472527472527,0.695054945055,0.728021978022,0.722527472527,0.464285714286
2025-11-25,0.989010989011,0.210164835165,0.678571428571,0.326923076923,0.010989010989,0.384615384615,0.021978021978,0.0384615384615,0.0824175824176,0.436813186813,0.634615384615,0.587912087912,0.708791208791,0.489010989011
2025-11-26,0.973901098901,0.210164835165,0.524725274725,0.266483516484,0.0192307692308,0.755494505495,0.0769230769231,0.0796703296703,0.0164835164835,0.0700549450549,0.739010989011,0.733516483516,0.700549450549,0.461538461538
2025-11-27,0.31043956044,0.846153846154,0.884615384615,0.662087912088,0.021978021978,0.840659340659,0.0631868131868,0.0824175824176,0.00824175824176,0.0714285714286,0.703296703297,0.706043956044,0.629120879121,0.403846153846
2025-11-28,0.755494505495,0.587912087912,0.887362637363,0.722527472527,0.021978021978,0.802197802198,0.0659340659341,0.0659340659341,0.0315934065934,0.184065934066,0.703296703297,0.71978021978,0.664835164835,0.403846153846
2025-11-29,0.206043956044,0.847527472527,0.717032967033,0.623626373626,0.021978021978,0.785714285714,0.043956043956,0.0549450549451,0.032967032967,0.186813186813,0.656593406593,0.598901098901,0.475274725275,0.423076923077
2025-11-30,0.20467032967,0.847527472527,0.67032967033,0.601648351648,0.0192307692308,0.71978021978,0.0412087912088,0.0686813186813,0.0206043956044,0.228021978022,0.629120879121,0.642857142857,0.587912087912,0.453296703297
2025-12-01,0.177197802198,0.846153846154,0.472527472527,0.510989010989,0.00549450549451,0.269230769231,0.021978021978,0.0357142857143,0.00961538461538,0.486263736264,0.697802197802,0.725274725275,0.557692307692,0.434065934066
2025-12-02,0.662087912088,0.586538461538,0.123626373626,0.142857142857,0.032967032967,0.81043956044,0.0961538461538,0.0604395604396,0.0398351648352,0.0728021978022,0.873626373626,0.843406593407,0.552197802198,0.494505494505
2025-12-03,0.914835164835,0.210164835165,0.788461538462,0.711538461538,0.0549450549451,0.912087912088,0.184065934066,0.0851648351648,0.171703296703,0.0741758241758,0.873626373626,0.851648351648,0.752747252747,0.546703296703
2025-12-04,0.623626373626,0.586538461538,0.887362637363,0.85989010989,0.0412087912088,0.843406593407,0.392857142857,0.0604395604396,0.134615384615,0.25,0.843406593407,0.766483516484,0.736263736264,0.543956043956
2025-12-05,0.666208791209,0.585164835165,0.667582417582,0.695054945055,0.0192307692308,0.513736263736,0.181318681319,0.0247252747253,0.0247252747253,0.43956043956,0.85989010989,0.782967032967,0.703296703297,0.480769230769
2025-12-06,0.708791208791,0.585164835165,0.156593406593,0.307692307692,0.0192307692308,0.502747252747,0.239010989011,0.0274725274725,0.043956043956,0.447802197802,0.851648351648,0.791208791209,0.752747252747,0.516483516484
2025-12-07,0.667582417582,0.585164835165,0.162087912088,0.293956043956,0.0302197802198,0.648351648352,0.423076923077,0.0412087912088,0.0796703296703,0.32967032967,0.848901098901,0.777472527473,0.71978021978,0.549450549451
2025-12-08,0.0123626373626,0.967032967033,0.519230769231,0.5,0.0357142857143,0.675824175824,0.406593406593,0.0686813186813,0.111263736264,0.302197802198,0.843406593407,0.774725274725,0.714285714286,0.590659340659
2025-12-09,0.0206043956044,0.965659340659,0.535714285714,0.519230769231,0.0631868131868,0.887362637363,0.60989010989,0.120879120879,0.333791208791,0.0741758241758,0.854395604396,0.854395604396,0.777472527473,0.642857142857
2025-12-10,0.0315934065934,0.964285714286,0.752747252747,0.739010989011,0.0521978021978,0.840659340659,0.788461538462,0.0934065934066,0.335164835165,0.222527472527,0.659340659341,0.678571428571,0.799450549451,0.659340659341
2025-12-11,0.043956043956,0.962912087912,0.590659340659,0.620879120879,0.0659340659341,0.862637362637,0.82967032967,0.0989010989011,0.336538461538,0.162087912088,0.620879120879,0.68956043956,0.777472527473,0.612637362637
2025-12-12,0.081043956044,0.961538461538,0.695054945055,0.686813186813,0.0274725274725,0.587912087912,0.796703296703,0.0631868131868,0.081043956044,0.370879120879,0.678571428571,0.744505494505,0.766483516484,0.57967032967
2025-12-13,0.627747252747,0.578296703297,0.313186813187,0.398351648352,0.0274725274725,0.585164835165,0.728021978022,0.118131868132,0.115384615385,0.379120879121,0.64010989011,0.722527472527,0.78021978022,0.651098901099
2025-12-14,0.67032967033,0.578296703297,0.321428571429,0.398351648352,0.0164835164835,0.373626373626,0.546703296703,0.162087912088,0.152472527473,0.532967032967,0.675824175824,0.736263736264,0.760989010989,0.703296703297
2025-12-15,0.712912087912,0.576923076923,0.0521978021978,0.145604395604,0.00824175824176,0.211538461538,0.478021978022,0.0851648351648,0.527472527473,0.64010989011,0.686813186813,0.758241758242,0.686813186813,0.678571428571
2025-12-16,0.739010989011,0.575549450549,0.0521978021978,0.0879120879121,0.0192307692308,0.373626373626,0.381868131868,0.164835164835,0.116758241758,0.508241758242,0.60989010989,0.64010989011,0.678571428571,0.67032967033
2025-12-17,0.0453296703297,0.831043956044,0.332417582418,0.263736263736,0.00549450549451,0.214285714286,0.222527472527,0.0961538461538,0.267857142857,0.596153846154,0.618131868132,0.656593406593,0.634615384615,0.607142857143
2025-12-18,0.0631868131868,0.82967032967,0.156593406593,0.14010989011,0.00549450549451,0.184065934066,0.200549450549,0.0989010989011,0.351648351648,0.653846153846,0.620879120879,0.67032967033,0.626373626374,0.615384615385
2025-12-19,0.822802197802,0.207417582418,0.211538461538,0.159340659341,0.0274725274725,0.461538461538,0.384615384615,0.112637362637,0.156593406593,0.384615384615,0.708791208791,0.752747252747,0.71978021978,0.601648351648
2025-12-20,0.320054945055,0.574175824176,0.607142857143,0.46978021978,0.0357142857143,0.475274725275,0.431318681319,0.0934065934066,0.0824175824176,0.351648351648,0.711538461538,0.758241758242,0.697802197802,0.618131868132
2025-12-21,0.787087912088,0.208791208791,0.642857142857,0.502747252747,0.0384615384615,0.524725274725,0.695054945055,0.159340659341,0.0618131868132,0.307692307692,0.549450549451,0.486263736264,0.763736263736,0.651098901099
2025-12-22,0.759615384615,0.210164835165,0.692307692308,0.557692307692,0.0384615384615,0.513736263736,0.39010989011,0.192307692308,0.0865384615385,0.315934065934,0.252747252747,0.120879120879,0.747252747253,0.634615384615
2025-12-23,0.0412087912088,0.833791208791,0.56043956044,0.524725274725,0.0247252747253,0.392857142857,0.184065934066,0.197802197802,0.166208791209,0.442307692308,0.195054945055,0.104395604396,0.618131868132,0.684065934066
2025-12-24,0.0796703296703,0.835164835165,0.302197802198,0.348901098901,0.0274725274725,0.423076923077,0.271978021978,0.269230769231,0.167582417582,0.423076923077,0.181318681319,0.0961538461538,0.590659340659,0.651098901099
2025-12-25,0.125,0.836538461538,0.436813186813,0.417582417582,0.021978021978,0.381868131868,0.434065934066,0.244505494505,0.214285714286,0.282967032967,0.118131868132,0.0494505494505,0.574175824176,0.618131868132
2025-12-26,0.182692307692,0.836538461538,0.293956043956,0.321428571429,0.0247252747253,0.387362637363,0.445054945055,0.274725274725,0.288461538462,0.263736263736,0.120879120879,0.0521978021978,0.574175824176,0.645604395604
2025-12-27,0.181318681319,0.836538461538,0.35989010989,0.370879120879,0.0384615384615,0.447802197802,0.403846153846,0.354395604396,0.168956043956,0.200549450549,0.118131868132,0.0357142857143,0.60989010989,0.651098901099
2025-12-28,0.182692307692,0.835164835165,0.549450549451,0.472527472527,0.0412087912088,0.461538461538,0.381868131868,0.32967032967,0.126373626374,0.186813186813,0.118131868132,0.0384615384615,0.491758241758,0.612637362637
2025-12-29,0.730769230769,0.578296703297,0.582417582418,0.508241758242,0.0247252747253,0.387362637363,0.206043956044,0.357142857143,0.29532967033,0.277472527473,0.0686813186813,0.0137362637363,0.321428571429,0.642857142857
2025-12-30,0.732142857143,0.576923076923,0.299450549451,0.351648351648,0.0576923076923,0.541208791209,0.321428571429,0.620879120879,0.173076923077,0.0728021978022,0.101648351648,0.021978021978,0.28021978022,0.673076923077
2025-12-31,0.760989010989,0.575549450549,0.637362637363,0.582417582418,0.0357142857143,0.436813186813,0.252747252747,0.642857142857,0.0631868131868,0.271978021978,0.0989010989011,0.021978021978,0.478021978022,0.686813186813
2026-01-01,0.318681318681,0.574175824176,0.370879120879,0.423076923077,0.0686813186813,0.596153846154,0.467032967033,0.686813186813,0.384615384615,0.0741758241758,0.0686813186813,0.0137362637363,0.593406593407,0.681318681319
2026-01-02,0.791208791209,0.206043956044,0.744505494505,0.67032967033,0.0796703296703,0.717032967033,0.557692307692,0.656593406593,0.554945054945,0.0755494505495,0.0906593406593,0.0247252747253,0.662087912088,0.708791208791
2026-01-03,0.76510989011,0.206043956044,0.895604395604,0.840659340659,0.0961538461538,0.774725274725,0.700549450549,0.626373626374,0.553571428571,0.0755494505495,0.0549450549451,0.0164835164835,0.612637362637,0.678571428571
2026-01-04,0.958791208791,0.206043956044,0.912087912088,0.876373626374,0.131868131868,0.82967032967,0.78021978022,0.686813186813,0.552197802198,0.0755494505495,0.0412087912088,0.00274725274725,0.645604395604,0.637362637363
2026-01-05,0.938186813187,0.206043956044,0.931318681319,0.917582417582,0.156593406593,0.917582417582,0.813186813187,0.662087912088,0.550824175824,0.0755494505495,0.0576923076923,0.0137362637363,0.695054945055,0.667582417582
2026-01-06,0.997252747253,0.207417582418,0.961538461538,0.958791208791,0.164835164835,0.879120879121,0.837912087912,0.629120879121,0.550824175824,0.184065934066,0.0384615384615,0.00274725274725,0.782967032967,0.700549450549
2026-01-07,0.993131868132,0.207417582418,0.82967032967,0.912087912088,0.222527472527,0.593406593407,0.81043956044,0.532967032967,0.70467032967,0.604395604396,0.0741758241758,0.032967032967,0.766483516484,0.681318681319
2026-01-08,0.983516483516,0.207417582418,0.335164835165,0.568681318681,0.211538461538,0.557692307692,0.711538461538,0.524725274725,0.758241758242,0.634615384615,0.0357142857143,0.00274725274725,0.659340659341,0.675824175824
2026-01-09,0.972527472527,0.207417582418,0.362637362637,0.541208791209,0.197802197802,0.494505494505,0.673076923077,0.521978021978,0.756868131868,0.708791208791,0.0467032967033,0.00824175824176,0.662087912088,0.664835164835
2026-01-10,0.958791208791,0.207417582418,0.307692307692,0.436813186813,0.192307692308,0.46978021978,0.64010989011,0.695054945055,0.697802197802,0.736263736264,0.0494505494505,0.010989010989,0.651098901099,0.692307692308
2026-01-11,0.914835164835,0.207417582418,0.252747252747,0.414835164835,0.239010989011,0.552197802198,0.675824175824,0.497252747253,0.755494505495,0.653846153846,0.0521978021978,0.0164835164835,0.659340659341,0.686813186813
2026-01-12,0.822802197802,0.208791208791,0.535714285714,0.546703296703,0.252747252747,0.587912087912,0.733516483516,0.425824175824,0.693681318681,0.615384615385,0.032967032967,0,0.623626373626,0.585164835165
2026-01-13,0.728021978022,0.210164835165,0.554945054945,0.571428571429,0.324175824176,0.931318681319,0.843406593407,0.653846153846,0.532967032967,0.0755494505495,0.156593406593,0.164835164835,0.752747252747,0.648351648352
2026-01-14,0.652472527473,0.211538461538,0.978021978022,0.947802197802,0.337912087912,0.958791208791,0.892857142857,0.763736263736,0.531593406593,0.0769230769231,0.159340659341,0.167582417582,0.755494505495,0.645604395604
2026-01-15,0.524725274725,0.212912087912,0.961538461538,0.961538461538,0.332417582418,0.909340659341,0.851648351648,0.717032967033,0.822802197802,0.43956043956,0.200549450549,0.186813186813,0.739010989011,0.623626373626
2026-01-16,0.523351648352,0.214285714286,0.758241758242,0.865384615385,0.32967032967,0.903846153846,0.832417582418,0.692307692308,0.821428571429,0.456043956044,0.208791208791,0.192307692308,0.703296703297,0.618131868132
2026-01-17,0.521978021978,0.215659340659,0.703296703297,0.824175824176,0.324175824176,0.854395604396,0.815934065934,0.68956043956,0.748626373626,0.524725274725,0.214285714286,0.211538461538,0.75,0.596153846154
2026-01-18,0.520604395604,0.217032967033,0.571428571429,0.747252747253,0.296703296703,0.678571428571,0.81043956044,0.541208791209,0.747252747253,0.747252747253,0.241758241758,0.233516483516,0.755494505495,0.554945054945
2026-01-19,0.519230769231,0.218406593407,0.159340659341,0.406593406593,0.277472527473,0.552197802198,0.736263736264,0.532967032967,0.960164835165,0.848901098901,0.244505494505,0.373626373626,0.681318681319,0.494505494505
2026-01-20,0.119505494505,0.598901098901,0.0961538461538,0.236263736264,0.167582417582,0.137362637363,0.576923076923,0.365384615385,0.527472527473,0.980769230769,0.516483516484,0.645604395604,0.502747252747,0.489010989011
2026-01-21,0.146978021978,0.597527472527,0,0.00274725274725,0.18956043956,0.230769230769,0.576923076923,0.472527472527,0.528846153846,0.958791208791,0.516483516484,0.631868131868,0.532967032967,0.546703296703
2026-01-22,0,0.964285714286,0.115384615385,0.0961538461538,0.195054945055,0.244505494505,0.519230769231,0.483516483516,0.53021978022,0.950549450549,0.502747252747,0.637362637363,0.348901098901,0.494505494505
2026-01-23,0.00274725274725,0.962912087912,0.186813186813,0.142857142857,0.197802197802,0.288461538462,0.472527472527,0.576923076923,0.531593406593,0.947802197802,0.494505494505,0.645604395604,0.39010989011,0.480769230769
2026-01-24,0.00686813186813,0.961538461538,0.244505494505,0.173076923077,0.197802197802,0.32967032967,0.39010989011,0.642857142857,0.532967032967,0.961538461538,0.483516483516,0.631868131868,0.417582417582,0.513736263736
2026-01-25,0.0178571428571,0.960164835165,0.195054945055,0.153846153846,0.164835164835,0.206043956044,0.159340659341,0.453296703297,0.534340659341,0.991758241758,0.46978021978,0.645604395604,0.313186813187,0.505494505495
2026-01-26,0.0494505494505,0.958791208791,0.0137362637363,0.0192307692308,0.277472527473,0.39010989011,0.211538461538,0.60989010989,0.358516483516,0.958791208791,0.532967032967,0.741758241758,0.296703296703,0.598901098901
2026-01-27,0.112637362637,0.957417582418,0.351648351648,0.186813186813,0.296703296703,0.508241758242,0.409340659341,0.673076923077,0.221153846154,0.912087912088,0.489010989011,0.634615384615,0.486263736264,0.648351648352
2026-01-28,0.195054945055,0.956043956044,0.681318681319,0.409340659341,0.299450549451,0.516483516484,0.428571428571,0.557692307692,0.222527472527,0.832417582418,0.489010989011,0.631868131868,0.546703296703,0.574175824176
2026-01-29,0.273351648352,0.826923076923,0.620879120879,0.434065934066,0.162087912088,0.112637362637,0.178571428571,0.373626373626,0.543956043956,0.972527472527,0.675824175824,0.818681318681,0.491758241758,0.554945054945
2026-01-30,0.379120879121,0.825549450549,0.0521978021978,0.032967032967,0.159340659341,0.112637362637,0.175824175824,0.346153846154,0.54532967033,0.964285714286,0.673076923077,0.854395604396,0.282967032967,0.461538461538
2026-01-31,0.137362637363,0.571428571429,0.159340659341,0.0851648351648,0.120879120879,0.0164835164835,0.0494505494505,0.214285714286,0.546703296703,0.978021978022,0.835164835165,0.956043956044,0.178571428571,0.368131868132
2026-02-01,0.167582417582,0.570054945055,0.0164835164835,0.00274725274725,0.0961538461538,0.0274725274725,0.0302197802198,0.203296703297,0.548076923077,0.961538461538,0.835164835165,0.956043956044,0.0961538461538,0.263736263736
2026-02-02,0.199175824176,0.570054945055,0.00824175824176,0.00274725274725,0.14010989011,0.0961538461538,0.0164835164835,0.233516483516,0.365384615385,0.752747252747,0.769230769231,0.870879120879,0.0714285714286,0.285714285714
2026-02-03,0.696428571429,0.203296703297,0.200549450549,0.0686813186813,0.0714285714286,0.0521978021978,0.00549450549451,0.181318681319,0.291208791209,0.843406593407,0.769230769231,0.854395604396,0.0686813186813,0.282967032967
2026-02-04,0.225274725275,0.571428571429,0.0796703296703,0.0164835164835,0.00824175824176,0.0164835164835,0,0.107142857143,0.553571428571,0.870879120879,0.791208791209,0.848901098901,0.0576923076923,0.266483516484
2026-02-05,0.243131868132,0.572802197802,0.0274725274725,0.00824175824176,0,0,0,0,0.553571428571,0.96978021978,0.964285714286,0.972527472527,0.0521978021978,0.252747252747
2026-02-06,0.274725274725,0.574175824176,0,0,0.00274725274725,0.126373626374,0.00274725274725,0.0494505494505,0.130494505495,0.673076923077,1,1,0.0494505494505,0.260989010989
2026-02-07,0.325549450549,0.575549450549,0.35989010989,0.129120879121,0.00274725274725,0.0961538461538,0.00274725274725,0.0384615384615,0.131868131868,0.711538461538,1,1,0.0796703296703,0.304945054945
2026-02-08,0.380494505495,0.576923076923,0.291208791209,0.118131868132,0.010989010989,0.197802197802,0.00824175824176,0.0412087912088,0.0906593406593,0.637362637363,1,1,0.0824175824176,0.271978021978
2026-02-09,0.43956043956,0.578296703297,0.434065934066,0.195054945055,0.0192307692308,0.206043956044,0.0247252747253,0.0494505494505,0.092032967033,0.642857142857,0.991758241758,0.994505494505,0.167582417582,0.277472527473
2026-02-10,0.438186813187,0.57967032967,0.43956043956,0.230769230769,0.0247252747253,0.123626373626,0.0164835164835,0.0247252747253,0.0934065934066,0.697802197802,0.989010989011,0.989010989011,0.131868131868,0.241758241758
2026-02-11,0.436813186813,0.57967032967,0.293956043956,0.184065934066,0.0302197802198,0.0686813186813,0.00824175824176,0.00824175824176,0.141483516484,0.335164835165,0.986263736264,0.986263736264,0.120879120879,0.18956043956
2026-02-12,0.438186813187,0.578296703297,0.195054945055,0.14010989011,0.0164835164835,0.0549450549451,0.00274725274725,0.00274725274725,0.142857142857,0.340659340659,0.983516483516,0.983516483516,0.148351648352,0.208791208791
2026-02-13,0.537087912088,0.201923076923,0.195054945055,0.142857142857,0.0879120879121,0.217032967033,0.0247252747253,0.0164835164835,0.00412087912088,0.0755494505495,1,0.997252747253,0.162087912088,0.239010989011
2026-02-14,0.887362637363,0.201923076923,0.648351648352,0.373626373626,0.10989010989,0.326923076923,0.0384615384615,0.010989010989,0.0137362637363,0.0769230769231,1,1,0.211538461538,0.241758241758
2026-02-15,0.43956043956,0.576923076923,0.747252747253,0.489010989011,0.0879120879121,0.236263736264,0.0302197802198,0.00549450549451,0.00137362637363,0.230769230769,0.994505494505,0.989010989011,0.0796703296703,0.131868131868
2026-02-16,0.854395604396,0.200549450549,0.494505494505,0.376373626374,0.0934065934066,0.252747252747,0.0274725274725,0.0247252747253,0.00824175824176,0.21978021978,0.989010989011,0.980769230769,0.0741758241758,0.184065934066
2026-02-17,0.820054945055,0.200549450549,0.546703296703,0.414835164835,0.043956043956,0.134615384615,0.0137362637363,0.0137362637363,0.00549450549451,0.296703296703,0.986263736264,0.991758241758,0.10989010989,0.230769230769
2026-02-18,0.785714285714,0.200549450549,0.266483516484,0.277472527473,0.0192307692308,0.0906593406593,0.0412087912088,0.00549450549451,0.0398351648352,0.365384615385,0.967032967033,0.967032967033,0.134615384615,0.225274725275
2026-02-19,0.758241758242,0.200549450549,0.192307692308,0.214285714286,0.032967032967,0.14010989011,0.0494505494505,0.0137362637363,0.00686813186813,0.288461538462,0.972527472527,0.967032967033,0.173076923077,0.200549450549
2026-02-20,0.728021978022,0.200549450549,0.351648351648,0.296703296703,0.0659340659341,0.239010989011,0.101648351648,0.0274725274725,0.00824175824176,0.159340659341,0.961538461538,0.961538461538,0.239010989011,0.186813186813
2026-02-21,0.696428571429,0.200549450549,0.642857142857,0.458791208791,0.0659340659341,0.239010989011,0.129120879121,0.0247252747253,0.0178571428571,0.162087912088,0.958791208791,0.958791208791,0.521978021978,0.203296703297
2026-02-22,0.652472527473,0.200549450549,0.571428571429,0.450549450549,0.0549450549451,0.206043956044,0.101648351648,0,0.0315934065934,0.206043956044,0.956043956044,0.956043956044,0.43956043956,0.153846153846
2026-02-23,0.60989010989,0.200549450549,0.43956043956,0.395604395604,0.00824175824176,0.0631868131868,0.0989010989011,0,0.207417582418,0.428571428571,0.956043956044,0.950549450549,0.450549450549,0.153846153846
2026-02-24,0.608516483516,0.201923076923,0.123626373626,0.142857142857,0.00549450549451,0.0824175824176,0.126373626374,0.00274725274725,0.31456043956,0.461538461538,0.950549450549,0.936813186813,0.527472527473,0.167582417582
2026-02-25,0.978021978022,0.203296703297,0.173076923077,0.162087912088,0.0769230769231,0.450549450549,0.832417582418,0.00824175824176,0.032967032967,0.0769230769231,0.89010989011,0.678571428571,0.755494505495,0.263736263736
2026-02-26,0.821428571429,0.581043956044,0.78021978022,0.667582417582,0.0549450549451,0.387362637363,0.302197802198,0.00824175824176,0.00961538461538,0.21978021978,0.67032967033,0.123626373626,0.695054945055,0.222527472527
2026-02-27,0.315934065934,0.833791208791,0.675824175824,0.57967032967,0.0137362637363,0.214285714286,0.285714285714,0.00549450549451,0,0.343406593407,0.673076923077,0.131868131868,0.447802197802,0.17032967033
2026-02-28,0.962912087912,0.203296703297,0.332417582418,0.340659340659,0.0412087912088,0.354395604396,0.291208791209,0.0192307692308,0.00549450549451,0.211538461538,0.675824175824,0.134615384615,0.535714285714,0.195054945055
